0,44
220,76
94,108
681,140
541,172
774,204
990,236
1226,268
1481,300
1690,332
1886,364
1705,396
1420,428
1238,460
928,492
780,524
989,556
262,588
492,620
221,652
320,684
571,716
808,748
677,780
1248,812
1452,844
1801,876
1916,908
2121,940
2255,972
1935,1004
1338,1036
1550,1068
879,1100
662,1132
823,1164
204,1196
349,1228
87,1260
39,1292
299,1324
432,1356
746,1388
889,1420
1166,1452
1805,1484
1624,1516
1867,1548
2173,1580
1561,1612
1374,1644
1111,1676
921,1708
1039,1740
736,1772
575,1804
314,1836
233,1868
430,1900
667,1932
522,1964
1116,1996
1312,2028
1580,2060
1776,2092
1630,2124
2248,2156
1688,2188
1481,2220
1216,2252
1018,2284
842,2316
572,2348
391,2380
445,2412
0,2444
0,2476
93,2508
391,2540
1039,2572
1193,2604
1469,2636
1671,2668
1528,2700
2137,2732
2268,2764
1703,2796
1791,2828
1563,2860
1447,2892
1065,2924
840,2956
683,2988
379,3020
0,3052
301,3084
154,3116
750,3148
955,3180
880,3212
1147,3244
1646,3276
1610,3308
2110,3340
1802,3372
1661,3404
1337,3436
1162,3468
1336,3500
710,3532
521,3564
260,3596
71,3628
0,3660
349,3692
297,3724
874,3756
1097,3788
1324,3820
1526,3852
1344,3884
1996,3916
2188,3948
2167,3980
1888,4012
1278,4044
1421,4076
827,4108
591,4140
366,4172
140,4204
0,4236
0,4268
62,4300
622,4332
510,4364
793,4396
1429,4428
1239,4460
1919,4492
2063,4524
2363,4556
2141,4588
1481,4620
1659,4652
1430,4684
840,4716
968,4748
698,4780
583,4812
234,4844
216,4876
521,4908
666,4940
551,4972
1208,5004
1004,5036
1659,5068
1855,5100
1690,5132
1915,5164
1996,5196
1447,5228
1517,5260
939,5292
807,5324
488,5356
314,5388
461,5420
0,5452
0,5484
557,5516
429,5548
1101,5580
1241,5612
1147,5644
1741,5676
1611,5708
2213,5740
2236,5772
1577,5804
1754,5836
1516,5868
1288,5900
1055,5932
795,5964
592,5996
333,6028
0,6060
333,6092
206,6124
463,6156
655,6188
911,6220
1182,6252
1360,6284
1651,6316
1883,6348
1821,6380
1590,6412
1759,6444
1127,6476
1325,6508
622,6540
844,6572
571,6604
0,6636
221,6668
416,6700
333,6732
874,6764
1102,6796
1449,6828
1529,6860
1769,6892
2089,6924
2234,6956
2123,6988
1852,7020
1223,7052
1050,7084
1120,7116
590,7148
666,7180
440,7212
0,7244
206,7276
102,7308
409,7340
550,7372
827,7404
1450,7436
1274,7468
1549,7500
2123,7532
1959,7564
1722,7596
1495,7628
1259,7660
1386,7692
716,7724
922,7756
664,7788
462,7820
198,7852
281,7884
543,7916
736,7948
605,7980
1193,8012
1054,8044
1288,8076
1514,8108
1756,8140
1832,8172
1574,8204
1358,8236
1178,8268
905,8300
728,8332
893,8364
267,8396
461,8428
0,8460
443,8492
633,8524
467,8556
1087,8588
1321,8620
1182,8652
1785,8684
1980,8716
2331,8748
2142,8780
1884,8812
1726,8844
1407,8876
827,8908
1024,8940
366,8972
152,9004
300,9036
0,9068
411,9100
618,9132
540,9164
1068,9196
943,9228
1260,9260
1400,9292
1690,9324
2341,9356
1738,9388
1511,9420
1642,9452
1038,9484
859,9516
588,9548
407,9580
521,9612
223,9644
295,9676
492,9708
759,9740
954,9772
1178,9804
1405,9836
1644,9868
1835,9900
2111,9932
2239,9964
1628,9996
1769,10028
1164,10060
966,10092
704,10124
510,10156
341,10188
58,10220
0,10252
4,10284
221,10316
445,10348
601,10380
904,10412
1567,10444
1310,10476
2009,10508
2201,10540
1880,10572
2015,10604
1739,10636
1179,10668
1262,10700
1040,10732
923,10764
553,10796
320,10828
153,10860
331,10892
217,10924
824,10956
656,10988
1272,11020
1478,11052
1390,11084
1944,11116
2176,11148
1838,11180
1870,11212
1276,11244
1145,11276
824,11308
650,11340
813,11372
200,11404
18,11436
0,11468
123,11500
363,11532
860,11564
811,11596
1392,11628
1623,11660
1852,11692
2060,11724
2330,11756
2108,11788
1834,11820
1631,11852
1360,11884
764,11916
906,11948
313,11980
90,12012
0,12044
0,12076
121,12108
316,12140
572,12172
845,12204
1021,12236
1301,12268
1947,12300
1768,12332
2379,12364
1624,12396
1883,12428
1609,12460
957,12492
1135,12524
909,12556
337,12588
448,12620
171,12652
265,12684
525,12716
729,12748
1036,12780
1181,12812
1064,12844
1728,12876
1516,12908
2186,12940
2205,12972
1574,13004
1727,13036
1466,13068
925,13100
1003,13132
430,13164
295,13196
0,13228
0,13260
413,13292
264,13324
489,13356
1072,13388
938,13420
1209,13452
1769,13484
1673,13516
2269,13548
1837,13580
1965,13612
1694,13644
1497,13676
1228,13708
1002,13740
778,13772
539,13804
280,13836
202,13868
395,13900
267,13932
848,13964
717,13996
970,14028
1168,14060
1424,14092
1708,14124
1894,14156
1756,14188
1517,14220
1290,14252
1067,14284
764,14316
615,14348
811,14380
110,14412
319,14444
285,14476
164,14508
745,14540
936,14572
1160,14604
1386,14636
1627,14668
1991,14700
2060,14732
2232,14764
2080,14796
1754,14828
1593,14860
1325,14892
711,14924
539,14956
616,14988
90,15020
138,15052
279,15084
237,15116
718,15148
614,15180
921,15212
1054,15244
1340,15276
1982,15308
1803,15340
1897,15372
1996,15404
1421,15436
1199,15468
971,15500
749,15532
862,15564
206,15596
398,15628
137,15660
408,15692
616,15724
798,15756
1066,15788
1260,15820
1116,15852
1721,15884
1576,15916
1806,15948
1739,15980
1510,16012
1306,16044
1040,16076
845,16108
667,16140
394,16172
216,16204
379,16236
0,16268
526,16300
262,16332
967,16364
1149,16396
978,16428
1611,16460
1848,16492
2027,16524
2314,16556
2088,16588
1965,16620
1615,16652
1352,16684
1199,16716
889,16748
315,16780
506,16812
0,16844
0,16876
476,16908
328,16940
937,16972
1130,17004
1054,17036
1583,17068
1463,17100
1787,17132
2329,17164
1678,17196
1855,17228
1213,17260
988,17292
1120,17324
537,17356
347,17388
87,17420
0,17452
361,17484
512,17516
815,17548
1008,17580
1288,17612
1468,17644
1708,17676
1932,17708
2174,17740
2184,17772
1983,17804
1710,17836
1113,17868
1241,17900
649,17932
456,17964
190,17996
5,18028
0,18060
11,18092
281,18124
507,18156
744,18188
964,18220
1114,18252
1416,18284
2103,18316
1837,18348
2235,18380
1961,18412
1673,18444
1480,18476
1212,18508
667,18540
750,18572
524,18604
412,18636
151,18668
384,18700
697,18732
843,18764
719,18796
1338,18828
1167,18860
1800,18892
1999,18924
1928,18956
2044,18988
1818,19020
1306,19052
1085,19084
763,19116
634,19148
314,19180
148,19212
282,19244
0,19276
187,19308
376,19340
636,19372
873,19404
1374,19436
1323,19468
1928,19500
2155,19532
2318,19564
2046,19596
1852,19628
1578,19660
1307,19692
1113,19724
844,19756
254,19788
381,19820
0,19852
0,19884
151,19916
378,19948
631,19980
826,20012
1082,20044
1362,20076
1545,20108
1820,20140
2299,20172
1640,20204
1851,20236
1101,20268
1353,20300
1083,20332
841,20364
623,20396
394,20428
0,20460
396,20492
590,20524
939,20556
1050,20588
1244,20620
1551,20652
1705,20684
1579,20716
2264,20748
1738,20780
1945,20812
1674,20844
1050,20876
1199,20908
944,20940
424,20972
235,21004
0,21036
0,21068
43,21100
326,21132
942,21164
774,21196
999,21228
1598,21260
1451,21292
1735,21324
2298,21356
1785,21388
1902,21420
1309,21452
1435,21484
1176,21516
973,21548
714,21580
480,21612
0,21644
267,21676
460,21708
717,21740
909,21772
781,21804
1360,21836
1229,21868
1484,21900
1691,21932
1882,21964
1703,21996
1416,22028
1237,22060
1004,22092
780,22124
555,22156
252,22188
95,22220
281,22252
335,22284
621,22316
809,22348
680,22380
1259,22412
1450,22444
1357,22476
1918,22508
2155,22540
2327,22572
1918,22604
1704,22636
1549,22668
1228,22700
1071,22732
812,22764
201,22796
28,22828
85,22860
42,22892
301,22924
792,22956
759,22988
1241,23020
1114,23052
1437,23084
1577,23116
1867,23148
2204,23180
1558,23212
1368,23244
1464,23276
910,23308
685,23340
459,23372
237,23404
344,23436
0,23468
472,23500
670,23532
494,23564
1128,23596
1312,23628
1582,23660
1784,23692
1632,23724
2251,23756
1678,23788
1451,23820
1213,23852
986,23884
793,23916
536,23948
344,23980
167,24012
0,24044
0,24076
95,24108
395,24140
1051,24172
1193,24204
1483,24236
1675,24268
1483,24300
2137,24332
2318,24364
1703,24396
1834,24428
1562,24460
1435,24492
1087,24524
831,24556
684,24588
376,24620
0,24652
348,24684
154,24716
388,24748
991,24780
837,24812
1115,24844
1657,24876
1575,24908
2112,24940
1801,24972
1655,25004
1326,25036
1162,25068
1323,25100
697,25132
476,25164
606,25196
24,25228
0,25260
40,25292
301,25324
877,25356
1024,25388
1335,25420
1530,25452
1353,25484
1998,25516
2238,25548
2168,25580
1920,25612
1656,25644
1455,25676
1184,25708
591,25740
731,25772
143,25804
0,25836
0,25868
63,25900
345,25932
522,25964
795,25996
1310,26028
1243,26060
1470,26092
2127,26124
1944,26156
2205,26188
1478,26220
1705,26252
1421,26284
840,26316
967,26348
696,26380
157,26412
232,26444
252,26476
587,26508
671,26540
906,26572
1213,26604
1356,26636
1231,26668
1866,26700
1689,26732
1912,26764
1994,26796
1436,26828
1513,26860
1291,26892
796,26924
828,26956
254,26988
121,27020
0,27052
0,27084
592,27116
426,27148
701,27180
888,27212
1149,27244
1385,27276
1903,27308
1849,27340
2266,27372
1564,27404
1788,27436
1516,27468
1322,27500
1050,27532
793,27564
589,27596
333,27628
0,27660
343,27692
207,27724
440,27756
656,27788
889,27820
1144,27852
1340,27884
1606,27916
2199,27948
1764,27980
1588,28012
1766,28044
1116,28076
1323,28108
590,28140
839,28172
571,28204
0,28236
223,28268
460,28300
343,28332
922,28364
1112,28396
1451,28428
1562,28460
1771,28492
2089,28524
2238,28556
1678,28588
1898,28620
1213,28652
1000,28684
1152,28716
536,28748
696,28780
428,28812
0,28844
208,28876
107,28908
412,28940
552,28972
827,29004
1453,29036
1286,29068
1524,29100
2124,29132
1912,29164
1721,29196
1817,29228
1257,29260
1385,29292
1081,29324
919,29356
664,29388
457,29420
188,29452
318,29484
550,29516
782,29548
972,29580
1231,29612
1614,29644
1292,29676
1897,29708
1755,29740
1830,29772
1562,29804
1353,29836
1178,29868
904,29900
725,29932
493,29964
266,29996
43,30028
0,30060
60,30092
704,30124
462,30156
1133,30188
1323,30220
1189,30252
1789,30284
1980,30316
1883,30348
2138,30380
1916,30412
1789,30444
1400,30476
1177,30508
1023,30540
714,30572
142,30604
288,30636
0,30668
102,30700
620,30732
550,30764
1070,30796
1305,30828
1271,30860
1758,30892
1638,30924
1961,30956
1676,30988
1501,31020
1676,31052
1037,31084
856,31116
944,31148
407,31180
173,31212
218,31244
0,31276
538,31308
332,31340
988,31372
1182,31404
1466,31436
1646,31468
1847,31500
2108,31532
2237,31564
1625,31596
1771,31628
1164,31660
927,31692
1179,31724
476,31756
282,31788
25,31820
0,31852
5,31884
172,31916
455,31948
605,31980
914,32012
1566,32044
1290,32076
2011,32108
2205,32140
1821,32172
2011,32204
1774,32236
1177,32268
1304,32300
1036,32332
923,32364
573,32396
319,32428
165,32460
330,32492
208,32524
863,32556
664,32588
891,32620
1513,32652
1348,32684
1978,32716
2187,32748
1788,32780
1869,32812
1276,32844
1143,32876
816,32908
648,32940
809,32972
194,33004
0,33036
217,33068
91,33100
360,33132
896,33164
813,33196
1399,33228
1552,33260
1865,33292
2060,33324
2333,33356
2106,33388
1878,33420
1628,33452
1402,33484
1132,33516
937,33548
670,33580
78,33612
0,33644
0,33676
124,33708
320,33740
584,33772
853,33804
1023,33836
1306,33868
1839,33900
1768,33932
1931,33964
1616,33996
1464,34028
1673,34060
956,34092
1179,34124
906,34156
329,34188
443,34220
170,34252
6,34284
536,34316
765,34348
1113,34380
1181,34412
1420,34444
1735,34476
1884,34508
1757,34540
2204,34572
1563,34604
1724,34636
1456,34668
926,34700
991,34732
778,34764
285,34796
315,34828
0,34860
77,34892
216,34924
494,34956
1104,34988
942,35020
1211,35052
1772,35084
1673,35116
1913,35148
2125,35180
1597,35212
1736,35244
1496,35276
1262,35308
992,35340
798,35372
538,35404
278,35436
205,35468
408,35500
269,35532
570,35564
719,35596
942,35628
1166,35660
1406,35692
1659,35724
1868,35756
1704,35788
1824,35820
1242,35852
1065,35884
1230,35916
603,35948
808,35980
80,36012
315,36044
297,36076
124,36108
748,36140
984,36172
855,36204
1436,36236
1632,36268
1979,36300
2095,36332
2224,36364
2075,36396
1756,36428
1162,36460
1370,36492
704,36524
892,36556
634,36588
29,36620
159,36652
280,36684
215,36716
731,36748
615,36780
922,36812
1517,36844
1342,36876
1983,36908
1814,36940
1851,36972
1994,37004
1375,37036
1196,37068
1280,37100
734,37132
861,37164
287,37196
393,37228
137,37260
421,37292
616,37324
842,37356
1066,37388
1303,37420
1497,37452
1372,37484
1961,37516
1808,37548
2120,37580
1502,37612
1294,37644
1039,37676
842,37708
665,37740
394,37772
212,37804
0,37836
0,37868
110,37900
266,37932
571,37964
1225,37996
970,38028
1659,38060
1852,38092
2032,38124
2317,38156
2079,38188
1518,38220
1608,38252
1384,38284
1264,38316
880,38348
665,38380
507,38412
203,38444
281,38476
488,38508
332,38540
604,38572
1131,38604
1062,38636
1593,38668
1834,38700
1788,38732
1949,38764
1614,38796
1479,38828
1152,38860
984,38892
1150,38924
534,38956
343,38988
430,39020
0,39052
24,39084
247,39116
473,39148
1050,39180
840,39212
1512,39244
1710,39276
1978,39308
2176,39340
2184,39372
1593,39404
1707,39436
1101,39468
1242,39500
639,39532
424,39564
191,39596
0,39628
0,39660
0,39692
235,39724
508,39756
685,39788
958,39820
1115,39852
1418,39884
2105,39916
1808,39948
2231,39980
1951,40012
1696,40044
1479,40076
1248,40108
664,40140
792,40172
524,40204
397,40236
199,40268
396,40300
700,40332
842,40364
718,40396
1385,40428
1180,40460
1402,40492
2044,40524
1868,40556
2078,40588
1817,40620
1263,40652
1080,40684
764,40716
631,40748
316,40780
138,40812
283,40844
0,40876
151,40908
732,40940
603,40972
873,41004
1054,41036
1325,41068
1929,41100
2080,41132
2315,41164
2042,41196
1847,41228
1576,41260
1338,41292
740,41324
887,41356
616,41388
424,41420
151,41452
0,41484
508,41516
379,41548
638,41580
830,41612
1086,41644
1462,41676
1546,41708
1833,41740
2184,41772
1644,41804
1403,41836
1100,41868
942,41900
1149,41932
831,41964
665,41996
395,42028
0,42060
409,42092
600,42124
507,42156
1052,42188
1278,42220
1630,42252
1712,42284
1951,42316
2268,42348
2106,42380
1502,42412
1672,42444
1039,42476
1197,42508
942,42540
420,42572
232,42604
264,42636
0,42668
383,42700
270,42732
589,42764
719,42796
1004,42828
1630,42860
1454,42892
1738,42924
1928,42956
1771,42988
1535,43020
1592,43052
1081,43084
1209,43116
973,43148
744,43180
477,43212
0,43244
266,43276
459,43308
719,43340
912,43372
781,43404
1374,43436
1231,43468
1456,43500
1691,43532
1850,43564
1644,43596
1385,43628
1188,43660
1295,43692
728,43724
552,43756
716,43788
99,43820
279,43852
336,43884
621,43916
809,43948
634,43980
1263,44012
1499,44044
1367,44076
1964,44108
2160,44140
2318,44172
1961,44204
1692,44236
1545,44268
1228,44300
650,44332
857,44364
200,44396
380,44428
120,44460
0,44492
270,44524
795,44556
715,44588
1245,44620
1127,44652
1447,44684
1579,44716
1868,44748
2205,44780
1557,44812
1324,44844
1466,44876
871,44908
685,44940
776,44972
233,45004
345,45036
0,45068
473,45100
670,45132
496,45164
1132,45196
1357,45228
1583,45260
1824,45292
2025,45324
2288,45356
2059,45388
1450,45420
1584,45452
986,45484
794,45516
527,45548
334,45580
155,45612
0,45644
0,45676
173,45708
404,45740
621,45772
1255,45804
1080,45836
1753,45868
1486,45900
2201,45932
2313,45964
1694,45996
1823,46028
1559,46060
1003,46092
1085,46124
861,46156
749,46188
366,46220
137,46252
351,46284
504,46316
796,46348
1000,46380
832,46412
1118,46444
1658,46476
1576,46508
2123,46540
2169,46572
1658,46604
1689,46636
1101,46668
969,46700
648,46732
470,46764
624,46796
24,46828
0,46860
392,46892
311,46924
537,46956
760,46988
985,47020
1580,47052
1360,47084
2042,47116
2238,47148
2201,47180
1928,47212
1645,47244
1451,47276
1181,47308
588,47340
728,47372
139,47404
0,47436
0,47468
44,47500
303,47532
490,47564
747,47596
1021,47628
1198,47660
1480,47692
2135,47724
1947,47756
2188,47788
1446,47820
1703,47852
1419,47884
791,47916
959,47948
731,47980
155,48012
267,48044
253,48076
598,48108
712,48140
908,48172
1215,48204
1358,48236
1240,48268
1914,48300
1692,48332
1862,48364
2026,48396
1384,48428
1549,48460
1290,48492
759,48524
827,48556
254,48588
119,48620
0,48652
0,48684
599,48716
439,48748
669,48780
1246,48812
1115,48844
1390,48876
1578,48908
1853,48940
2265,48972
1949,49004
1785,49036
1516,49068
1325,49100
1050,49132
825,49164
602,49196
364,49228
103,49260
380,49292
574,49324
440,49356
1023,49388
895,49420
1150,49452
1343,49484
1608,49516
1895,49548
1757,49580
1579,49612
1355,49644
1116,49676
891,49708
588,49740
430,49772
634,49804
0,49836
271,49868
463,49900
344,49932
921,49964
1114,49996
1020,50028
1568,50060
1808,50092
2167,50124
2239,50156
2044,50188
1897,50220
1576,50252
988,50284
1146,50316
536,50348
686,50380
428,50412
0,50444
218,50476
447,50508
413,50540
907,50572
779,50604
1099,50636
1232,50668
1526,50700
2170,50732
1901,50764
1719,50796
1436,50828
1245,50860
1021,50892
1072,50924
569,50956
688,50988
457,51020
214,51052
330,51084
590,51116
784,51148
975,51180
1241,51212
1433,51244
1292,51276
1902,51308
1757,51340
1798,51372
1552,51404
1328,51436
1129,51468
868,51500
667,51532
490,51564
217,51596
42,51628
203,51660
60,51692
715,51724
440,51756
1134,51788
1327,51820
1148,51852
1789,51884
2031,51916
1897,51948
2184,51980
1900,52012
1630,52044
1435,52076
1177,52108
1019,52140
704,52172
143,52204
331,52236
0,52268
456,52300
655,52332
493,52364
1112,52396
1307,52428
1227,52460
1773,52492
1642,52524
1966,52556
1674,52588
1498,52620
1669,52652
1036,52684
814,52716
942,52748
359,52780
171,52812
253,52844
0,52876
535,52908
425,52940
989,52972
1184,53004
1453,53036
1656,53068
1887,53100
2122,53132
2272,53164
1995,53196
1802,53228
1520,53260
935,53292
1068,53324
473,53356
280,53388
24,53420
0,53452
16,53484
186,53516
456,53548
683,53580
907,53612
1147,53644
1292,53676
2059,53708
2271,53740
1818,53772
2057,53804
1773,53836
1176,53868
1305,53900
1034,53932
799,53964
572,53996
348,54028
231,54060
333,54092
560,54124
873,54156
1019,54188
1311,54220
1527,54252
1353,54284
1642,54316
2186,54348
1788,54380
1866,54412
1640,54444
1131,54476
1162,54508
588,54540
447,54572
137,54604
0,54636
248,54668
103,54700
363,54732
908,54764
823,54796
1049,54828
1275,54860
1499,54892
2108,54924
1883,54956
2138,54988
1869,55020
1664,55052
1392,55084
1131,55116
927,55148
667,55180
78,55212
204,55244
0,55276
106,55308
320,55340
556,55372
809,55404
1003,55436
1259,55468
1545,55500
1724,55532
1929,55564
2107,55596
1460,55628
1671,55660
926,55692
1175,55724
905,55756
280,55788
443,55820
205,55852
303,55884
576,55916
766,55948
1112,55980
1226,56012
1433,56044
1741,56076
1888,56108
1757,56140
2252,56172
1552,56204
1324,56236
1498,56268
874,56300
1020,56332
777,56364
247,56396
315,56428
0,56460
76,56492
653,56524
502,56556
1117,56588
953,56620
1177,56652
1774,56684
1629,56716
1916,56748
1788,56780
1595,56812
1727,56844
1418,56876
1257,56908
988,56940
798,56972
538,57004
311,57036
206,57068
443,57100
635,57132
895,57164
1086,57196
955,57228
1549,57260
1407,57292
1674,57324
1871,57356
1705,57388
1515,57420
1242,57452
1065,57484
829,57516
602,57548
379,57580
88,57612
0,57644
365,57676
138,57708
795,57740
985,57772
1165,57804
1437,57836
1630,57868
1543,57900
2106,57932
2255,57964
2139,57996
1744,58028
1517,58060
1369,58092
1052,58124
488,58156
632,58188
28,58220
158,58252
284,58284
216,58316
732,58348
967,58380
935,58412
1161,58444
1292,58476
1615,58508
1756,58540
1848,58572
2024,58604
1373,58636
1192,58668
924,58700
733,58732
509,58764
558,58796
61,58828
170,58860
413,58892
652,58924
846,58956
1104,58988
1296,59020
1496,59052
1771,59084
1964,59116
1817,59148
2109,59180
1498,59212
1277,59244
1039,59276
812,59308
614,59340
362,59372
167,59404
0,59436
0,59468
121,59500
736,59532
581,59564
1223,59596
953,59628
1659,59660
1855,59692
2078,59724
2329,59756
2126,59788
1513,59820
1647,59852
1375,59884
1259,59916
909,59948
654,59980
505,60012
190,60044
0,60076
526,60108
331,60140
972,60172
1174,60204
1006,60236
1630,60268
1835,60300
1755,60332
1945,60364
1616,60396
1479,60428
1150,60460
982,60492
1147,60524
524,60556
311,60588
428,60620
0,60652
24,60684
555,60716
478,60748
1053,60780
927,60812
1515,60844
1712,60876
1981,60908
2186,60940
2216,60972
1583,61004
1728,61036
1470,61068
903,61100
1006,61132
415,61164
553,61196
0,61228
0,61260
0,61292
240,61324
520,61356
696,61388
969,61420
1195,61452
1428,61484
1659,61516
1820,61548
1804,61580
2025,61612
1703,61644
1517,61676
1245,61708
663,61740
781,61772
512,61804
0,61836
188,61868
427,61900
768,61932
845,61964
1081,61996
1391,62028
1534,62060
1839,62092
2043,62124
1880,62156
1734,62188
1807,62220
1272,62252
1079,62284
1114,62316
620,62348
649,62380
78,62412
0,62444
0,62476
157,62508
768,62540
616,62572
875,62604
1423,62636
1325,62668
1565,62700
1797,62732
1947,62764
2078,62796
1390,62828
1608,62860
1338,62892
702,62924
876,62956
608,62988
415,63020
143,63052
0,63084
512,63116
382,63148
616,63180
832,63212
1066,63244
1324,63276
1520,63308
1785,63340
1865,63372
1582,63404
1399,63436
1097,63468
938,63500
1143,63532
831,63564
653,63596
392,63628
0,63660
409,63692
638,63724
520,63756
1097,63788
1289,63820
1638,63852
1753,63884
1951,63916
2269,63948
2096,63980
1500,64012
1712,64044
1038,64076
812,64108
973,64140
362,64172
185,64204
253,64236
0,64268
384,64300
282,64332
595,64364
731,64396
1006,64428
1641,64460
1463,64492
1704,64524
2312,64556
1723,64588
1532,64620
1260,64652
1079,64684
1199,64716
896,64748
733,64780
476,64812
0,64844
280,64876
507,64908
732,64940
960,64972
1149,65004
1419,65036
1614,65068
1468,65100
2079,65132
1849,65164
1639,65196
1375,65228
1180,65260
1000,65292
720,65324
551,65356
607,65388
88,65420
0,65452
397,65484
235,65516
889,65548
646,65580
1311,65612
1517,65644
1370,65676
1967,65708
2379,65740
1867,65772
1960,65804
1724,65836
1608,65868
1225,65900
1000,65932
845,65964
536,65996
0,66028
125,66060
2,66092
279,66124
797,66156
720,66188
1245,66220
1482,66252
1447,66284
1948,66316
1818,66348
1831,66380
1496,66412
1322,66444
1495,66476
858,66508
683,66540
419,66572
220,66604
4,66636
188,66668
136,66700
714,66732
496,66764
1168,66796
1366,66828
1630,66860
1838,66892
2027,66924
2299,66956
2058,66988
1447,67020
1580,67052
975,67084
759,67116
525,67148
302,67180
105,67212
0,67244
0,67276
460,67308
358,67340
633,67372
1259,67404
1082,67436
1755,67468
1466,67500
2199,67532
2301,67564
1642,67596
1823,67628
1593,67660
988,67692
1120,67724
858,67756
743,67788
396,67820
137,67852
351,67884
509,67916
395,67948
1039,67980
840,68012
1068,68044
1694,68076
1532,68108
2167,68140
2169,68172
1609,68204
1679,68236
1100,68268
955,68300
637,68332
474,68364
621,68396
21,68428
0,68460
396,68492
279,68524
535,68556
1083,68588
987,68620
1581,68652
1738,68684
2045,68716
2248,68748
2190,68780
1920,68812
1679,68844
1451,68876
1224,68908
954,68940
752,68972
495,69004
0,69036
173,69068
47,69100
304,69132
495,69164
748,69196
1021,69228
1208,69260
1482,69292
1723,69324
1949,69356
1751,69388
1435,69420
1278,69452
1485,69484
781,69516
1005,69548
729,69580
151,69612
265,69644
264,69676
173,69708
714,69740
941,69772
1279,69804
1360,69836
1600,69868
1917,69900
2062,69932
1849,69964
2016,69996
1382,70028
1209,70060
1279,70092
748,70124
816,70156
602,70188
107,70220
125,70252
0,70284
253,70316
392,70348
670,70380
1292,70412
1128,70444
1388,70476
1952,70508
1853,70540
1895,70572
1947,70604
1417,70636
1550,70668
874,70700
1082,70732
826,70764
620,70796
362,70828
108,70860
392,70892
583,70924
445,70956
1034,70988
895,71020
1130,71052
1847,71084
1584,71116
1847,71148
1726,71180
1518,71212
1338,71244
1065,71276
885,71308
584,71340
430,71372
631,71404
0,71436
279,71468
464,71500
311,71532
927,71564
1152,71596
1031,71628
1614,71660
1817,71692
2167,71724
2282,71756
2042,71788
1888,71820
1567,71852
976,71884
1184,71916
526,71948
312,71980
458,72012
0,72044
250,72076
457,72108
388,72140
908,72172
784,72204
1111,72236
1231,72268
1526,72300
2169,72332
1902,72364
1675,72396
1808,72428
1207,72460
1018,72492
1104,72524
569,72556
685,72588
380,72620
213,72652
334,72684
591,72716
794,72748
1019,72780
1246,72812
1480,72844
1675,72876
1946,72908
2143,72940
1790,72972
1637,73004
1325,73036
1126,73068
864,73100
676,73132
488,73164
217,73196
29,73228
103,73260
68,73292
294,73324
442,73356
747,73388
1403,73420
1148,73452
1847,73484
2041,73516
1897,73548
2175,73580
1902,73612
1339,73644
1432,73676
1198,73708
1085,73740
703,73772
480,73804
331,73836
167,73868
60,73900
666,73932
504,73964
1112,73996
1311,74028
1230,74060
1776,74092
2020,74124
1975,74156
2029,74188
1434,74220
1305,74252
975,74284
812,74316
972,74348
358,74380
172,74412
250,74444
0,74476
201,74508
700,74540
653,74572
1230,74604
1462,74636
1694,74668
1887,74700
2160,74732
2268,74764
1995,74796
1801,74828
1520,74860
922,74892
777,74924
472,74956
247,74988
24,75020
0,75052
0,75084
158,75116
412,75148
983,75180
867,75212
1144,75244
1785,75276
1606,75308
2283,75340
1785,75372
2043,75404
1769,75436
1116,75468
1295,75500
1069,75532
488,75564
620,75596
343,75628
235,75660
365,75692
569,75724
875,75756
1022,75788
895,75820
1564,75852
1352,75884
2016,75916
2222,75948
1732,75980
1901,76012
1630,76044
1095,76076
1161,76108
588,76140
446,76172
569,76204
0,76236
251,76268
106,76300
332,76332
910,76364
778,76396
1048,76428
1598,76460
1501,76492
2109,76524
1979,76556
2133,76588
1856,76620
1659,76652
1388,76684
1164,76716
926,76748
700,76780
438,76812
0,76844
236,76876
106,76908
697,76940
557,76972
811,77004
1016,77036
1262,77068
1547,77100
1720,77132
1926,77164
1691,77196
1462,77228
1223,77260
924,77292
766,77324
969,77356
270,77388
477,77420
203,77452
314,77484
587,77516
778,77548
686,77580
1227,77612
1464,77644
1819,77676
1888,77708
2136,77740
2140,77772
1918,77804
1755,77836
1488,77868
871,77900
698,77932
765,77964
238,77996
303,78028
99,78060
87,78092
317,78124
444,78156
762,78188
895,78220
1178,78252
1819,78284
1642,78316
1912,78348
2156,78380
1591,78412
1357,78444
1128,78476
905,78508
1032,78540
364,78572
560,78604
304,78636
250,78668
446,78700
638,78732
539,78764
1098,78796
957,78828
1551,78860
1417,78892
1644,78924
2379,78956
1662,78988
1466,79020
1209,79052
1003,79084
824,79116
552,79148
375,79180
75,79212
0,79244
364,79276
106,79308
799,79340
989,79372
1199,79404
1449,79436
1680,79468
1547,79500
2153,79532
2254,79564
2141,79596
1776,79628
1503,79660
1355,79692
1050,79724
476,79756
670,79788
25,79820
0,79852
317,79884
166,79916
766,79948
968,79980
893,80012
1162,80044
1296,80076
1624,80108
1768,80140
1846,80172
2015,80204
1372,80236
1147,80268
1276,80300
695,80332
507,80364
247,80396
55,80428
181,80460
361,80492
653,80524
848,80556
1113,80588
1308,80620
1545,80652
1386,80684
2011,80716
2203,80748
2152,80780
1872,80812
1264,80844
1405,80876
809,80908
616,80940
349,80972
164,81004
0,81036
0,81068
121,81100
650,81132
571,81164
811,81196
954,81228
1259,81260
1933,81292
2089,81324
2379,81356
2125,81388
1514,81420
1645,81452
1372,81484
827,81516
908,81548
685,81580
569,81612
189,81644
231,81676
528,81708
684,81740
571,81772
1178,81804
1008,81836
1632,81868
1838,81900
1756,81932
1945,81964
1980,81996
1469,82028
1500,82060
932,82092
793,82124
472,82156
299,82188
448,82220
0,82252
28,82284
216,82316
476,82348
713,82380
1212,82412
1165,82444
1754,82476
1990,82508
2224,82540
2208,82572
1560,82604
1740,82636
1467,82668
1272,82700
1002,82732
424,82764
542,82796
0,82828
0,82860
1,82892
217,82924
474,82956
666,82988
922,83020
1499,83052
1383,83084
1660,83116
2313,83148
1802,83180
2008,83212
1695,83244
1515,83276
1245,83308
615,83340
781,83372
553,83404
0,83436
236,83468
430,83500
777,83532
889,83564
1084,83596
1391,83628
1546,83660
1418,83692
2094,83724
1880,83756
2109,83788
1838,83820
1208,83852
1034,83884
1104,83916
583,83948
650,83980
76,84012
0,84044
0,84076
158,84108
775,84140
614,84172
855,84204
1423,84236
1292,84268
1565,84300
2137,84332
1945,84364
2077,84396
1469,84428
1599,84460
1336,84492
702,84524
874,84556
648,84588
412,84620
172,84652
299,84684
557,84716
752,84748
621,84780
1211,84812
1069,84844
1326,84876
1520,84908
1788,84940
1864,84972
1577,85004
1399,85036
1165,85068
936,85100
712,85132
879,85164
263,85196
447,85228
0,85260
457,85292
649,85324
521,85356
1103,85388
1290,85420
1197,85452
1755,85484
1993,85516
2351,85548
2094,85580
1865,85612
1707,85644
1388,85676
1229,85708
970,85740
360,85772
193,85804
252,85836
0,85868
396,85900
632,85932
599,85964
1082,85996
956,86028
1277,86060
1405,86092
1704,86124
2350,86156
1722,86188
1529,86220
1628,86252
1069,86284
845,86316
617,86348
393,86380
507,86412
0,86444
302,86476
506,86508
774,86540
960,86572
1152,86604
1417,86636
1624,86668
1470,86700
2080,86732
1840,86764
1612,86796
1375,86828
1148,86860
951,86892
694,86924
491,86956
316,86988
43,87020
0,87052
395,87084
235,87116
891,87148
618,87180
1323,87212
1513,87244
1324,87276
1979,87308
2219,87340
1855,87372
1996,87404
1724,87436
1607,87468
1255,87500
989,87532
842,87564
537,87596
0,87628
171,87660
7,87692
233,87724
830,87756
668,87788
1288,87820
1486,87852
1415,87884
1960,87916
1829,87948
1820,87980
1486,88012
1320,88044
1485,88076
858,88108
634,88140
765,88172
184,88204
2,88236
0,88268
141,88300
717,88332
876,88364
1175,88396
1370,88428
1641,88460
1836,88492
2075,88524
2300,88556
2089,88588
1818,88620
1613,88652
1344,88684
749,88716
889,88748
301,88780
105,88812
0,88844
0,88876
184,88908
361,88940
634,88972
861,89004
1085,89036
1319,89068
1470,89100
1783,89132
2365,89164
1639,89196
1867,89228
1591,89260
990,89292
1119,89324
858,89356
315,89388
394,89420
157,89452
430,89484
511,89516
744,89548
1051,89580
1195,89612
1070,89644
1696,89676
1528,89708
2168,89740
2156,89772
1575,89804
1678,89836
1454,89868
955,89900
984,89932
422,89964
281,89996
0,90028
0,90060
432,90092
270,90124
539,90156
728,90188
999,90220
1225,90252
1741,90284
1689,90316
2288,90348
2186,90380
1952,90412
1688,90444
1482,90476
1214,90508
952,90540
759,90572
495,90604
0,90636
175,90668
48,90700
280,90732
495,90764
731,90796
988,90828
1178,90860
1444,90892
1721,90924
1901,90956
1749,90988
1927,91020
1276,91052
1483,91084
745,91116
990,91148
729,91180
94,91212
255,91244
299,91276
180,91308
762,91340
952,91372
1144,91404
1405,91436
1609,91468
1919,91500
2075,91532
1840,91564
2063,91596
1384,91628
1579,91660
1311,91692
696,91724
847,91756
591,91788
71,91820
120,91852
0,91884
263,91916
392,91948
670,91980
1289,92012
1127,92044
1355,92076
1962,92108
1817,92140
1882,92172
1979,92204
1405,92236
1549,92268
955,92300
1079,92332
816,92364
619,92396
352,92428
147,92460
392,92492
623,92524
814,92556
1079,92588
1264,92620
1131,92652
1737,92684
1584,92716
1862,92748
1725,92780
1515,92812
1338,92844
1062,92876
876,92908
655,92940
427,92972
203,93004
0,93036
0,93068
543,93100
304,93132
987,93164
1161,93196
1033,93228
1625,93260
1820,93292
2044,93324
2286,93356
2074,93388
1951,93420
1566,93452
1337,93484
1191,93516
876,93548
704,93580
458,93612
0,93644
0,93676
460,93708
390,93740
910,93772
1147,93804
1111,93836
1599,93868
1468,93900
1801,93932
1838,93964
1670,93996
1839,94028
1195,94060
1015,94092
1112,94124
556,94156
335,94188
106,94220
0,94252
378,94284
170,94316
828,94348
1022,94380
1290,94412
1484,94444
1687,94476
1950,94508
2152,94540
1786,94572
1928,94604
1323,94636
1095,94668
859,94700
636,94732
441,94764
186,94796
0,94828
0,94860
27,94892
297,94924
917,94956
746,94988
1403,95020
1130,95052
1851,95084
2044,95116
1852,95148
2171,95180
1946,95212
1656,95244
1466,95276
1197,95308
1083,95340
732,95372
476,95404
319,95436
171,95468
58,95500
702,95532
507,95564
732,95596
1352,95628
1190,95660
1816,95692
2026,95724
1933,95756
2030,95788
1434,95820
1303,95852
1423,95884
809,95916
967,95948
348,95980
125,96012
240,96044
0,96076
202,96108
392,96140
653,96172
1229,96204
1390,96236
1693,96268
1898,96300
2169,96332
2268,96364
2030,96396
1790,96428
1561,96460
1291,96492
1096,96524
829,96556
240,96588
367,96620
0,96652
0,96684
159,96716
424,96748
695,96780
873,96812
1145,96844
1371,96876
1607,96908
1838,96940
1785,96972
1624,97004
1837,97036
1114,97068
1339,97100
1067,97132
793,97164
607,97196
336,97228
0,97260
374,97292
605,97324
953,97356
1021,97388
1260,97420
1568,97452
1722,97484
1592,97516
2233,97548
1722,97580
1888,97612
1628,97644
1092,97676
1152,97708
935,97740
441,97772
221,97804
0,97836
0,97868
58,97900
334,97932
952,97964
782,97996
1053,98028
1242,98060
1512,98092
1751,98124
2269,98156
1769,98188
1898,98220
1659,98252
1420,98284
1162,98316
960,98348
700,98380
430,98412
235,98444
238,98476
111,98508
697,98540
568,98572
792,98604
1008,98636
1253,98668
1501,98700
1706,98732
1869,98764
1693,98796
1399,98828
1223,98860
1399,98892
764,98924
971,98956
240,98988
476,99020
203,99052
349,99084
589,99116
822,99148
695,99180
1275,99212
1470,99244
1819,99276
1932,99308
2138,99340
2237,99372
1915,99404
1322,99436
1532,99468
860,99500
1053,99532
795,99564
186,99596
331,99628
107,99660
55,99692
315,99724
455,99756
765,99788
896,99820
1180,99852
1829,99884
1644,99916
1882,99948
2154,99980
1536,100012
1356,100044
1449,100076
894,100108
1019,100140
445,100172
557,100204
298,100236
252,100268
448,100300
686,100332
536,100364
1144,100396
1327,100428
1595,100460
1801,100492
1647,100524
2268,100556
1662,100588
1456,100620
1208,100652
1001,100684
823,100716
552,100748
372,100780
139,100812
0,100844
0,100876
108,100908
411,100940
1065,100972
1211,101004
1488,101036
1691,101068
1547,101100
2155,101132
2250,101164
1678,101196
1772,101228
1536,101260
1421,101292
1040,101324
816,101356
667,101388
360,101420
183,101452
320,101484
174,101516
452,101548
972,101580
902,101612
1165,101644
1675,101676
1627,101708
2128,101740
1786,101772
1645,101804
1599,101836
1144,101868
1310,101900
692,101932
504,101964
588,101996
43,102028
0,102060
88,102092
317,102124
890,102156
683,102188
1344,102220
1536,102252
1369,102284
2014,102316
2208,102348
2141,102380
1869,102412
1259,102444
1400,102476
799,102508
583,102540
348,102572
124,102604
0,102636
0,102668
78,102700
358,102732
538,102764
808,102796
958,102828
1257,102860
1933,102892
2089,102924
2379,102956
2112,102988
1461,103020
1643,103052
1406,103084
823,103116
942,103148
680,103180
558,103212
217,103244
232,103276
537,103308
683,103340
568,103372
1226,103404
1017,103436
1244,103468
1880,103500
1705,103532
1900,103564
1978,103596
1432,103628
1499,103660
920,103692
780,103724
460,103756
296,103788
445,103820
0,103852
4,103884
572,103916
443,103948
716,103980
903,104012
1165,104044
1757,104076
1917,104108
2233,104140
2206,104172
1560,104204
1738,104236
1499,104268
1262,104300
1038,104332
778,104364
576,104396
313,104428
0,104460
351,104492
221,104524
477,104556
670,104588
933,104620
1207,104652
1384,104684
1672,104716
2208,104748
1799,104780
1565,104812
1743,104844
1101,104876
1309,104908
604,104940
827,104972
552,105004
0,105036
245,105068
440,105100
359,105132
890,105164
1118,105196
1467,105228
1547,105260
1787,105292
2105,105324
2253,105356
1661,105388
1836,105420
1205,105452
1030,105484
1102,105516
570,105548
640,105580
425,105612
0,105644
231,105676
120,105708
429,105740
568,105772
844,105804
1469,105836
1301,105868
1575,105900
1766,105932
1933,105964
1705,105996
1756,106028
1241,106060
1368,106092
700,106124
904,106156
638,106188
442,106220
174,106252
310,106284
569,106316
752,106348
621,106380
1211,106412
1071,106444
1306,106476
1530,106508
1769,106540
1804,106572
1536,106604
1339,106636
1455,106668
887,106700
709,106732
877,106764
252,106796
445,106828
0,106860
460,106892
652,106924
478,106956
1103,106988
1338,107020
1205,107052
1802,107084
1996,107116
2347,107148
2123,107180
1865,107212
1707,107244
1386,107276
810,107308
1006,107340
350,107372
136,107404
281,107436
0,107468
439,107500
635,107532
565,107564
1085,107596
966,107628
1277,107660
1418,107692
1706,107724
2349,107756
1720,107788
1484,107820
1622,107852
1020,107884
842,107916
923,107948
391,107980
505,108012
201,108044
313,108076
508,108108
777,108140
970,108172
1197,108204
1424,108236
1663,108268
1856,108300
2127,108332
2222,108364
1608,108396
1742,108428
1146,108460
942,108492
686,108524
490,108556
311,108588
42,108620
0,108652
20,108684
235,108716
462,108748
620,108780
919,108812
1584,108844
1328,108876
2029,108908
2221,108940
1852,108972
1993,109004
1720,109036
1161,109068
1248,109100
1018,109132
904,109164
528,109196
303,109228
185,109260
336,109292
233,109324
842,109356
686,109388
964,109420
1496,109452
1417,109484
1961,109516
2200,109548
1819,109580
1852,109612
1258,109644
1125,109676
807,109708
634,109740
794,109772
172,109804
0,109836
224,109868
152,109900
377,109932
877,109964
829,109996
1404,110028
1195,110060
1880,110092
2074,110124
2346,110156
2090,110188
1818,110220
1611,110252
1342,110284
748,110316
879,110348
287,110380
78,110412
307,110444
0,110476
140,110508
334,110540
588,110572
862,110604
1038,110636
1320,110668
1472,110700
1788,110732
2363,110764
1608,110796
1867,110828
1583,110860
948,110892
1117,110924
892,110956
311,110988
430,111020
155,111052
429,111084
553,111116
749,111148
1053,111180
1199,111212
1080,111244
1754,111276
1531,111308
1768,111340
2189,111372
1546,111404
1708,111436
1452,111468
919,111500
976,111532
412,111564
279,111596
0,111628
0,111660
431,111692
279,111724
506,111756
1086,111788
954,111820
1228,111852
1785,111884
1691,111916
2297,111948
2110,111980
1947,112012
1678,112044
1477,112076
1212,112108
985,112140
748,112172
523,112204
264,112236
219,112268
415,112300
282,112332
585,112364
733,112396
988,112428
1184,112460
1448,112492
1727,112524
1912,112556
1737,112588
1807,112620
1274,112652
1040,112684
746,112716
589,112748
793,112780
103,112812
301,112844
304,112876
186,112908
763,112940
952,112972
869,113004
1406,113036
1643,113068
1996,113100
2076,113132
2207,113164
2059,113196
1740,113228
1150,113260
1307,113292
686,113324
844,113356
590,113388
70,113420
121,113452
296,113484
263,113516
745,113548
618,113580
939,113612
1070,113644
1358,113676
1998,113708
1829,113740
1879,113772
1978,113804
1404,113836
1451,113868
1229,113900
729,113932
846,113964
617,113996
382,114028
158,114060
428,114092
632,114124
814,114156
1072,114188
1273,114220
1134,114252
1436,114284
1598,114316
1830,114348
1721,114380
1485,114412
1287,114444
1021,114476
828,114508
941,114540
376,114572
200,114604
363,114636
0,114668
553,114700
281,114732
984,114764
1175,114796
987,114828
1629,114860
1867,114892
1725,114924
2334,114956
2064,114988
1959,115020
1594,115052
1327,115084
1181,115116
872,115148
299,115180
494,115212
0,115244
298,115276
503,115308
344,115340
942,115372
1147,115404
1068,115436
1607,115468
1479,115500
1805,115532
2301,115564
1661,115596
1837,115628
1195,115660
968,115692
1098,115724
512,115756
331,115788
411,115820
0,115852
377,115884
265,115916
837,115948
1024,115980
1289,116012
1486,116044
1723,116076
1952,116108
2201,116140
2169,116172
1576,116204
1691,116236
1086,116268
1226,116300
632,116332
440,116364
176,116396
0,116428
0,116460
23,116492
298,116524
525,116556
755,116588
973,116620
1132,116652
1435,116684
2121,116716
1861,116748
2219,116780
1933,116812
1655,116844
1465,116876
1194,116908
651,116940
730,116972
504,117004
383,117036
172,117068
408,117100
713,117132
860,117164
1150,117196
1356,117228
1192,117260
1468,117292
2026,117324
1943,117356
2027,117388
1800,117420
1291,117452
1065,117484
748,117516
607,117548
302,117580
122,117612
268,117644
0,117676
205,117708
746,117740
663,117772
889,117804
1113,117836
1341,117868
1944,117900
1720,117932
2300,117964
2026,117996
1833,118028
1560,118060
1288,118092
717,118124
827,118156
236,118188
364,118220
0,118252
0,118284
159,118316
396,118348
649,118380
846,118412
1100,118444
1383,118476
1561,118508
1846,118540
1776,118572
1623,118604
1835,118636
1084,118668
1335,118700
1064,118732
828,118764
601,118796
376,118828
0,118860
414,118892
608,118924
955,118956
1065,118988
1262,119020
1577,119052
1724,119084
1596,119116
2272,119148
1722,119180
1484,119212
1658,119244
1030,119276
1184,119308
926,119340
407,119372
219,119404
0,119436
0,119468
63,119500
343,119532
955,119564
792,119596
1016,119628
1614,119660
1470,119692
1751,119724
1943,119756
1755,119788
1887,119820
1578,119852
1419,119884
1150,119916
955,119948
688,119980
459,120012
0,120044
284,120076
477,120108
732,120140
928,120172
795,120204
1387,120236
1247,120268
1502,120300
1707,120332
1866,120364
1676,120396
1400,120428
1223,120460
1288,120492
760,120524
539,120556
237,120588
77,120620
267,120652
351,120684
635,120716
829,120748
698,120780
1279,120812
1472,120844
1383,120876
1936,120908
2173,120940
2303,120972
1912,121004
1676,121036
1527,121068
1212,121100
635,121132
792,121164
183,121196
329,121228
109,121260
56,121292
327,121324
809,121356
775,121388
1258,121420
1132,121452
1453,121484
1594,121516
1882,121548
2186,121580
1542,121612
1351,121644
1082,121676
903,121708
668,121740
716,121772
215,121804
328,121836
253,121868
488,121900
686,121932
520,121964
1144,121996
1337,122028
1599,122060
1802,122092
1657,122124
2266,122156
1659,122188
1437,122220
1194,122252
972,122284
778,122316
509,122348
317,122380
427,122412
0,122444
0,122476
587,122508
424,122540
1067,122572
1213,122604
1499,122636
1691,122668
1500,122700
2157,122732
2286,122764
1683,122796
1817,122828
1535,122860
1416,122892
1070,122924
815,122956
665,122988
352,123020
0,123052
366,123084
172,123116
811,123148
1017,123180
846,123212
1132,123244
1673,123276
1592,123308
2126,123340
1776,123372
1640,123404
1311,123436
1144,123468
1305,123500
682,123532
461,123564
586,123596
16,123628
0,123660
408,123692
317,123724
893,123756
777,123788
1351,123820
1562,123852
1369,123884
2014,123916
2254,123948
2138,123980
1904,124012
1632,124044
1438,124076
1167,124108
573,124140
704,124172
122,124204
0,124236
0,124268
89,124300
359,124332
536,124364
809,124396
1035,124428
1268,124460
1495,124492
2151,124524
1964,124556
2189,124588
1454,124620
1689,124652
1405,124684
824,124716
940,124748
672,124780
141,124812
208,124844
265,124876
607,124908
688,124940
923,124972
1229,125004
1374,125036
1679,125068
1886,125100
1708,125132
1896,125164
1978,125196
1420,125228
1500,125260
1274,125292
780,125324
810,125356
238,125388
95,125420
0,125452
8,125484
606,125516
445,125548
717,125580
1262,125612
1175,125644
1401,125676
1639,125708
1869,125740
2250,125772
1552,125804
1770,125836
1496,125868
1167,125900
1036,125932
768,125964
571,125996
313,126028
0,126060
363,126092
222,126124
456,126156
680,126188
906,126220
1160,126252
1360,126284
1624,126316
1909,126348
1743,126380
1561,126412
1741,126444
1098,126476
1305,126508
572,126540
823,126572
552,126604
0,126636
249,126668
480,126700
360,126732
938,126764
1131,126796
1467,126828
1582,126860
1788,126892
2107,126924
2255,126956
1660,126988
1880,127020
1197,127052
970,127084
1134,127116
522,127148
669,127180
413,127212
0,127244
233,127276
121,127308
439,127340
571,127372
854,127404
1471,127436
1304,127468
1532,127500
2142,127532
1885,127564
1704,127596
1420,127628
1239,127660
1367,127692
1056,127724
903,127756
636,127788
441,127820
168,127852
346,127884
572,127916
799,127948
990,127980
1258,128012
1451,128044
1307,128076
1916,128108
1772,128140
1806,128172
1536,128204
1336,128236
1159,128268
876,128300
708,128332
476,128364
251,128396
28,128428
0,128460
76,128492
729,128524
478,128556
1151,128588
1343,128620
1211,128652
1807,128684
2006,128716
1911,128748
2122,128780
1885,128812
1771,128844
1385,128876
1160,128908
1005,128940
696,128972
128,129004
280,129036
0,129068
432,129100
637,129132
568,129164
1096,129196
1323,129228
1287,129260
1784,129292
1657,129324
1981,129356
1657,129388
1496,129420
1658,129452
1018,129484
844,129516
570,129548
381,129580
155,129612
200,129644
0,129676
552,129708
783,129740
1004,129772
1198,129804
1470,129836
1672,129868
1866,129900
2137,129932
2220,129964
1600,129996
1743,130028
1143,130060
920,130092
686,130124
458,130156
266,130188
8,130220
0,130252
21,130284
201,130316
472,130348
1097,130380
923,130412
1595,130444
1306,130476
2027,130508
2237,130540
1804,130572
1983,130604
1758,130636
1160,130668
1288,130700
1019,130732
749,130764
555,130796
301,130828
185,130860
349,130892
234,130924
880,130956
684,130988
1326,131020
1532,131052
1360,131084
1996,131116
2201,131148
1771,131180
1851,131212
1258,131244
1117,131276
799,131308
632,131340
781,131372
170,131404
0,131436
233,131468
119,131500
379,131532
920,131564
828,131596
1417,131628
1289,131660
1881,131692
2077,131724
2350,131756
2080,131788
1851,131820
1612,131852
1375,131884
1112,131916
912,131948
655,131980
62,132012
189,132044
0,132076
144,132108
342,132140
600,132172
871,132204
1050,132236
1334,132268
1559,132300
1786,132332
1915,132364
1608,132396
1438,132428
1657,132460
939,132492
1163,132524
889,132556
309,132588
427,132620
142,132652
316,132684
553,132716
784,132748
1129,132780
1210,132812
1438,132844
1755,132876
1904,132908
2217,132940
2186,132972
1536,133004
1368,133036
1440,133068
906,133100
973,133132
761,133164
267,133196
297,133228
0,133260
95,133292
234,133324
518,133356
1130,133388
964,133420
1229,133452
1790,133484
1703,133516
1929,133548
1815,133580
1581,133612
1708,133644
1035,133676
1244,133708
982,133740
782,133772
520,133804
254,133836
221,133868
415,133900
283,133932
875,133964
735,133996
967,134028
1192,134060
1421,134092
1687,134124
1882,134156
1677,134188
1502,134220
1222,134252
1047,134284
1214,134316
588,134348
790,134380
70,134412
295,134444
315,134476
151,134508
764,134540
992,134572
1177,134604
1452,134636
1647,134668
1997,134700
2121,134732
2208,134764
2048,134796
1727,134828
1145,134860
1344,134892
685,134924
460,134956
619,134988
17,135020
139,135052
300,135084
231,135116
746,135148
635,135180
947,135212
1533,135244
1366,135276
2009,135308
1831,135340
1837,135372
1976,135404
1367,135436
1175,135468
908,135500
717,135532
841,135564
558,135596
377,135628
156,135660
429,135692
634,135724
860,135756
1084,135788
1323,135820
1512,135852
1784,135884
1980,135916
1834,135948
2093,135980
1483,136012
1286,136044
1022,136076
827,136108
648,136140
375,136172
198,136204
0,136236
0,136268
139,136300
288,136332
587,136364
1245,136396
989,136428
1677,136460
1871,136492
2048,136524
2333,136556
2064,136588
1499,136620
1594,136652
1358,136684
1243,136716
863,136748
640,136780
491,136812
173,136844
0,136876
504,136908
346,136940
952,136972
1150,137004
1070,137036
1611,137068
1853,137100
1818,137132
1933,137164
1608,137196
1465,137228
1132,137260
968,137292
1132,137324
506,137356
327,137388
67,137420
0,137452
41,137484
540,137516
491,137548
1068,137580
1293,137612
1530,137644
1726,137676
2000,137708
2200,137740
2155,137772
1963,137804
1689,137836
1084,137868
1223,137900
958,137932
398,137964
172,137996
0,138028
0,138060
5,138092
253,138124
535,138156
712,138188
984,138220
1625,138252
1436,138284
2120,138316
1833,138348
2215,138380
1933,138412
1688,138444
1463,138476
1229,138508
648,138540
778,138572
505,138604
381,138636
205,138668
411,138700
716,138732
859,138764
745,138796
1402,138828
1195,138860
1864,138892
2062,138924
1895,138956
2060,138988
1790,139020
1253,139052
1066,139084
744,139116
605,139148
296,139180
119,139212
265,139244
0,139276
183,139308
750,139340
620,139372
891,139404
1438,139436
1341,139468
1945,139500
1815,139532
2297,139564
2028,139596
1821,139628
1550,139660
1324,139692
714,139724
859,139756
601,139788
394,139820
123,139852
0,139884
527,139916
399,139948
655,139980
847,140012
1104,140044
1384,140076
1564,140108
1849,140140
1851,140172
1612,140204
1384,140236
1082,140268
924,140300
1131,140332
815,140364
640,140396
377,140428
0,140460
425,140492
620,140524
536,140556
1068,140588
1296,140620
1647,140652
1728,140684
1966,140716
2285,140748
2088,140780
1916,140812
1306,140844
1022,140876
856,140908
927,140940
396,140972
216,141004
240,141036
0,141068
411,141100
296,141132
605,141164
741,141196
1020,141228
1657,141260
1478,141292
1753,141324
2316,141356
1751,141388
1527,141420
1288,141452
1055,141484
1190,141516
511,141548
720,141580
459,141612
0,141644
284,141676
478,141708
744,141740
937,141772
799,141804
1390,141836
1248,141868
1481,141900
1711,141932
1834,141964
1625,141996
1368,142028
1161,142060
983,142092
713,142124
536,142156
233,142188
83,142220
251,142252
363,142284
636,142316
829,142348
661,142380
1287,142412
1518,142444
1384,142476
1982,142508
2185,142540
2299,142572
1945,142604
1676,142636
1519,142668
1209,142700
632,142732
828,142764
185,142796
0,142828
155,142860
9,142892
295,142924
814,142956
743,142988
1260,143020
1136,143052
1463,143084
1598,143116
1886,143148
2185,143180
1532,143212
1307,143244
1438,143276
845,143308
667,143340
396,143372
215,143404
319,143436
190,143468
489,143500
696,143532
512,143564
1148,143596
1376,143628
1610,143660
1840,143692
2042,143724
2315,143756
2040,143788
1424,143820
1565,143852
958,143884
774,143916
511,143948
316,143980
137,144012
0,144044
0,144076
476,144108
414,144140
647,144172
1273,144204
1096,144236
1771,144268
1510,144300
2219,144332
2285,144364
1672,144396
1807,144428
1532,144460
987,144492
1069,144524
842,144556
728,144588
349,144620
116,144652
368,144684
525,144716
408,144748
1019,144780
858,144812
1134,144844
1676,144876
1596,144908
2141,144940
2151,144972
1639,145004
1663,145036
1082,145068
943,145100
622,145132
458,145164
616,145196
6,145228
0,145260
59,145292
327,145324
553,145356
1054,145388
1005,145420
1596,145452
1373,145484
2064,145516
2266,145548
2176,145580
1904,145612
1627,145644
1434,145676
1165,145708
571,145740
702,145772
120,145804
0,145836
0,145868
58,145900
323,145932
509,145964
765,145996
1340,146028
1223,146060
1498,146092
2155,146124
1962,146156
2184,146188
1423,146220
1676,146252
1403,146284
772,146316
939,146348
715,146380
137,146412
248,146444
270,146476
617,146508
727,146540
923,146572
1231,146604
1376,146636
1262,146668
1932,146700
1711,146732
1834,146764
2009,146796
1368,146828
1530,146860
1273,146892
735,146924
808,146956
236,146988
103,147020
0,147052
21,147084
615,147116
455,147148
683,147180
1264,147212
1131,147244
1403,147276
1967,147308
1869,147340
2237,147372
1929,147404
1759,147436
1496,147468
1295,147500
1024,147532
800,147564
572,147596
347,147628
132,147660
396,147692
591,147724
457,147756
1051,147788
910,147820
1165,147852
1360,147884
1626,147916
1912,147948
1740,147980
1560,148012
1323,148044
1097,148076
875,148108
570,148140
422,148172
617,148204
0,148236
299,148268
479,148300
362,148332
939,148364
1130,148396
1037,148428
1594,148460
1824,148492
2191,148524
2263,148556
2029,148588
1879,148620
1550,148652
970,148684
1130,148716
509,148748
346,148780
411,148812
0,148844
235,148876
473,148908
439,148940
922,148972
806,149004
1117,149036
1254,149068
1542,149100
2187,149132
1886,149164
1693,149196
1792,149228
1227,149260
992,149292
1053,149324
553,149356
668,149388
19,149420
196,149452
350,149484
606,149516
808,149548
990,149580
1259,149612
1454,149644
1310,149676
1918,149708
1774,149740
1772,149772
2037,149804
1318,149836
1109,149868
848,149900
652,149932
427,149964
200,149996
24,150028
0,150060
75,150092
731,150124
456,150156
1159,150188
1343,150220
1172,150252
1817,150284
2048,150316
1913,150348
2158,150380
1883,150412
1769,150444
1416,150476
1152,150508
1001,150540
688,150572
124,150604
313,150636
0,150668
70,150700
672,150732
520,150764
1120,150796
1326,150828
1244,150860
1788,150892
1660,150924
1989,150956
1648,150988
1482,151020
1648,151052
1016,151084
794,151116
924,151148
333,151180
153,151212
234,151244
0,151276
557,151308
716,151340
1007,151372
1208,151404
1469,151436
1676,151468
1912,151500
2140,151532
2256,151564
1980,151596
1784,151628
1504,151660
909,151692
763,151724
456,151756
260,151788
7,151820
0,151852
26,151884
202,151916
474,151948
991,151980
924,152012
1163,152044
1311,152076
1613,152108
2303,152140
1800,152172
2039,152204
1755,152236
1149,152268
1279,152300
1016,152332
475,152364
554,152396
330,152428
255,152460
349,152492
587,152524
891,152556
1038,152588
911,152620
1533,152652
1368,152684
1999,152716
2207,152748
1768,152780
1850,152812
1614,152844
1113,152876
1147,152908
572,152940
441,152972
122,153004
0,153036
266,153068
110,153100
381,153132
925,153164
839,153196
1067,153228
1578,153260
1518,153292
2128,153324
2349,153356
2120,153388
1848,153420
1648,153452
1372,153484
1111,153516
912,153548
650,153580
60,153612
0,153644
0,153676
122,153708
347,153740
572,153772
826,153804
1020,153836
1279,153868
1867,153900
1741,153932
1913,153964
2091,153996
1437,154028
1646,154060
908,154092
1148,154124
889,154156
263,154188
425,154220
184,154252
21,154284
600,154316
784,154348
1129,154380
1241,154412
1440,154444
1757,154476
1914,154508
1774,154540
2222,154572
1532,154604
1740,154636
1471,154668
856,154700
1005,154732
751,154764
222,154796
285,154828
0,154860
94,154892
681,154924
521,154956
1130,154988
966,155020
1195,155052
1792,155084
1655,155116
1930,155148
2143,155180
1577,155212
1705,155244
1117,155276
1241,155308
972,155340
777,155372
510,155404
285,155436
224,155468
456,155500
654,155532
551,155564
1112,155596
971,155628
1567,155660
1423,155692
1691,155724
1885,155756
1677,155788
1497,155820
1216,155852
1035,155884
823,155916
583,155948
363,155980
59,156012
0,156044
381,156076
142,156108
815,156140
1002,156172
1182,156204
1465,156236
1658,156268
1563,156300
2122,156332
2238,156364
2121,156396
1726,156428
1497,156460
1343,156492
1024,156524
873,156556
619,156588
9,156620
0,156652
300,156684
230,156716
750,156748
986,156780
952,156812
1179,156844
1318,156876
1641,156908
1786,156940
1832,156972
2008,157004
1368,157036
1175,157068
1261,157100
715,157132
493,157164
266,157196
38,157228
200,157260
19,157292
668,157324
864,157356
1130,157388
1322,157420
1513,157452
1390,157484
1982,157516
1834,157548
2093,157580
1481,157612
1254,157644
1017,157676
796,157708
599,157740
336,157772
140,157804
0,157836
0,157868
143,157900
285,157932
588,157964
1245,157996
969,158028
1687,158060
1871,158092
2096,158124
2335,158156
2106,158188
1496,158220
1628,158252
1356,158284
1239,158316
900,158348
638,158380
488,158412
173,158444
0,158476
543,158508
350,158540
582,158572
1192,158604
1028,158636
1646,158668
1853,158700
1773,158732
1927,158764
1597,158796
1453,158828
1132,158860
958,158892
1129,158924
506,158956
283,158988
408,159020
0,159052
43,159084
232,159116
493,159148
1069,159180
1230,159212
1531,159244
1736,159276
1997,159308
2202,159340
2200,159372
1566,159404
1725,159436
1453,159468
1258,159500
986,159532
397,159564
528,159596
0,159628
0,159660
8,159692
264,159724
537,159756
712,159788
985,159820
1513,159852
1437,159884
1677,159916
1837,159948
1787,159980
1999,160012
1677,160044
1499,160076
1230,160108
637,160140
765,160172
504,160204
0,160236
208,160268
446,160300
783,160332
864,160364
1100,160396
1405,160428
1560,160460
1432,160492
2064,160524
1883,160556
2047,160588
1788,160620
1244,160652
1063,160684
1098,160716
605,160748
632,160780
60,160812
0,160844
0,160876
174,160908
792,160940
630,160972
893,161004
1080,161036
1351,161068
1583,161100
2108,161132
1927,161164
2060,161196
1821,161228
1590,161260
1312,161292
686,161324
860,161356
592,161388
396,161420
119,161452
0,161484
539,161516
399,161548
635,161580
848,161612
1084,161644
1336,161676
1536,161708
1803,161740
2155,161772
1562,161804
1373,161836
1559,161868
922,161900
1128,161932
811,161964
558,161996
367,162028
0,162060
429,162092
666,162124
536,162156
1114,162188
1306,162220
1653,162252
1770,162284
1968,162316
2295,162348
2078,162380
1471,162412
1692,162444
1018,162476
1213,162508
954,162540
344,162572
171,162604
235,162636
0,162668
414,162700
297,162732
606,162764
745,162796
1032,162828
1657,162860
1482,162892
1719,162924
2318,162956
1707,162988
1515,163020
1611,163052
1053,163084
1179,163116
603,163148
717,163180
460,163212
0,163244
296,163276
512,163308
750,163340
976,163372
1164,163404
1436,163436
1629,163468
1486,163500
2105,163532
1824,163564
1624,163596
1357,163628
1160,163660
983,163692
712,163724
530,163756
299,163788
74,163820
0,163852
414,163884
252,163916
909,163948
654,163980
1337,164012
1527,164044
1385,164076
1983,164108
2183,164140
1849,164172
1935,164204
1706,164236
1583,164268
1207,164300
974,164332
825,164364
512,164396
351,164428
153,164460
21,164492
294,164524
813,164556
744,164588
1262,164620
1511,164652
1464,164684
1966,164716
1836,164748
1815,164780
1472,164812
1306,164844
1471,164876
844,164908
663,164940
749,164972
200,165004
0,165036
0,165068
155,165100
732,165132
525,165164
1184,165196
1376,165228
1660,165260
1854,165292
2046,165324
2315,165356
2039,165388
1420,165420
1563,165452
960,165484
744,165516
507,165548
283,165580
88,165612
0,165644
0,165676
199,165708
375,165740
648,165772
1275,165804
1098,165836
1773,165868
1485,165900
2215,165932
2281,165964
1625,165996
1803,166028
1568,166060
982,166092
1112,166124
843,166156
719,166188
378,166220
109,166252
378,166284
524,166316
412,166348
1065,166380
858,166412
1094,166444
1710,166476
1548,166508
2184,166540
2141,166572
1592,166604
1662,166636
1082,166668
939,166700
621,166732
456,166764
605,166796
3,166828
0,166860
413,166892
284,166924
556,166956
744,166988
1005,167020
1597,167052
1754,167084
2061,167116
2266,167148
2170,167180
1902,167212
1663,167244
1424,167276
1198,167308
936,167340
733,167372
472,167404
0,167436
189,167468
63,167500
330,167532
509,167564
764,167596
1047,167628
1226,167660
1501,167692
1739,167724
1963,167756
1725,167788
1424,167820
1259,167852
1467,167884
761,167916
985,167948
715,167980
125,168012
249,168044
280,168076
197,168108
731,168140
967,168172
1304,168204
1386,168236
1624,168268
1935,168300
2088,168332
1832,168364
1998,168396
1358,168428
1519,168460
1260,168492
731,168524
798,168556
582,168588
88,168620
103,168652
0,168684
279,168716
407,168748
684,168780
1308,168812
1143,168844
1404,168876
1606,168908
1879,168940
1871,168972
1919,169004
1399,169036
1530,169068
1292,169100
1066,169132
799,169164
604,169196
336,169228
137,169260
399,169292
601,169324
461,169356
1053,169388
911,169420
1136,169452
1373,169484
1609,169516
1867,169548
1708,169580
1508,169612
1321,169644
1039,169676
861,169708
1037,169740
410,169772
605,169804
0,169836
299,169868
488,169900
317,169932
943,169964
1178,169996
1047,170028
1641,170060
1835,170092
2027,170124
2296,170156
2032,170188
1869,170220
1550,170252
972,170284
1167,170316
508,170348
696,170380
442,170412
0,170444
268,170476
476,170508
407,170540
924,170572
806,170604
1117,170636
1258,170668
1547,170700
2185,170732
1882,170764
1657,170796
1789,170828
1182,170860
999,170892
1088,170924
541,170956
665,170988
89,171020
185,171052
350,171084
615,171116
814,171148
1036,171180
1262,171212
1499,171244
1694,171276
1963,171308
2159,171340
1772,171372
1912,171404
1304,171436
1103,171468
844,171500
650,171532
471,171564
201,171596
19,171628
0,171660
87,171692
315,171724
459,171756
763,171788
1418,171820
1166,171852
1867,171884
2061,171916
1914,171948
2159,171980
1880,172012
1632,172044
1405,172076
1182,172108
1067,172140
686,172172
461,172204
303,172236
184,172268
476,172300
680,172332
524,172364
798,172396
1327,172428
1256,172460
1791,172492
2032,172524
1978,172556
2014,172588
1418,172620
1290,172652
958,172684
794,172716
954,172748
334,172780
151,172812
233,172844
0,172876
219,172908
443,172940
667,172972
1248,173004
1036,173036
1710,173068
1914,173100
2186,173132
2252,173164
1978,173196
1784,173228
1502,173260
906,173292
1038,173324
448,173356
230,173388
3,173420
0,173452
0,173484
176,173516
429,173548
711,173580
887,173612
1161,173644
1800,173676
1624,173708
2311,173740
1769,173772
2027,173804
1752,173836
1107,173868
1275,173900
1053,173932
776,173964
590,173996
347,174028
253,174060
392,174092
590,174124
894,174156
1037,174188
922,174220
1590,174252
1368,174284
1606,174316
2250,174348
1709,174380
1869,174412
1612,174444
1067,174476
1146,174508
568,174540
439,174572
553,174604
0,174636
269,174668
119,174700
348,174732
938,174764
796,174796
1068,174828
1256,174860
1527,174892
2127,174924
2270,174956
2109,174988
1839,175020
1643,175052
1372,175084
1148,175116
910,175148
683,175180
414,175212
217,175244
255,175276
124,175308
714,175340
573,175372
836,175404
1023,175436
1288,175468
1561,175500
1742,175532
1899,175564
1672,175596
1432,175628
1207,175660
905,175692
749,175724
957,175756
250,175788
461,175820
173,175852
329,175884
605,175916
796,175948
711,175980
1246,176012
1482,176044
1836,176076
1914,176108
2154,176140
2221,176172
1900,176204
1304,176236
1468,176268
847,176300
1006,176332
750,176364
218,176396
283,176428
121,176460
104,176492
333,176524
462,176556
782,176588
912,176620
1206,176652
1836,176684
1658,176716
1931,176748
1769,176780
1575,176812
1340,176844
1391,176876
887,176908
1004,176940
776,176972
544,177004
282,177036
266,177068
462,177100
655,177132
924,177164
1115,177196
973,177228
1577,177260
1432,177292
1672,177324
1883,177356
1657,177388
1446,177420
1189,177452
984,177484
809,177516
528,177548
359,177580
523,177612
0,177644
379,177676
124,177708
823,177740
1007,177772
1227,177804
1455,177836
1696,177868
1573,177900
2172,177932
2234,177964
2118,177996
1756,178028
1488,178060
1339,178092
1024,178124
458,178156
654,178188
5,178220
167,178252
332,178284
184,178316
792,178348
990,178380
919,178412
1182,178444
1320,178476
1641,178508
1786,178540
1820,178572
1997,178604
1354,178636
1128,178668
1260,178700
667,178732
487,178764
584,178796
28,178828
205,178860
105,178892
681,178924
864,178956
1131,178988
1328,179020
1563,179052
1404,179084
2024,179116
2232,179148
2125,179180
1852,179212
1244,179244
1386,179276
791,179308
600,179340
333,179372
139,179404
0,179436
0,179468
145,179500
379,179532
599,179564
824,179596
970,179628
1275,179660
1952,179692
2104,179724
2381,179756
2105,179788
1493,179820
1625,179852
1356,179884
807,179916
890,179948
666,179980
544,180012
170,180044
250,180076
553,180108
699,180140
992,180172
1195,180204
1032,180236
1308,180268
1856,180300
1783,180332
1927,180364
1964,180396
1452,180428
1487,180460
904,180492
767,180524
448,180556
282,180588
430,180620
0,180652
43,180684
588,180716
503,180748
727,180780
954,180812
1181,180844
1782,180876
1552,180908
2250,180940
2192,180972
1534,181004
1724,181036
1450,181068
1247,181100
985,181132
395,181164
527,181196
0,181228
0,181260
18,181292
236,181324
491,181356
686,181388
943,181420
1221,181452
1399,181484
1688,181516
1838,181548
1783,181580
1995,181612
1675,181644
1496,181676
1228,181708
596,181740
752,181772
537,181804
0,181836
254,181868
446,181900
791,181932
906,181964
1102,181996
1407,182028
1561,182060
1437,182092
2120,182124
1882,182156
1655,182188
1822,182220
1191,182252
1016,182284
1088,182316
557,182348
623,182380
60,182412
0,182444
0,182476
186,182508
797,182540
631,182572
862,182604
1448,182636
1319,182668
1591,182700
1774,182732
1917,182764
2057,182796
1740,182828
1577,182860
1308,182892
683,182924
858,182956
631,182988
394,183020
151,183052
317,183084
572,183116
768,183148
634,183180
1228,183212
1086,183244
1340,183276
1548,183308
1815,183340
1847,183372
1561,183404
1373,183436
1448,183468
920,183500
685,183532
862,183564
238,183596
439,183628
0,183660
477,183692
669,183724
540,183756
1119,183788
1309,183820
1223,183852
1774,183884
2011,183916
2363,183948
2077,183980
1848,184012
1689,184044
1372,184076
795,184108
952,184140
336,184172
168,184204
231,184236
0,184268
414,184300
650,184332
615,184364
1100,184396
974,184428
1294,184460
1433,184492
1724,184524
2350,184556
1706,184588
1511,184620
1240,184652
1049,184684
827,184716
875,184748
377,184780
490,184812
0,184844
330,184876
526,184908
794,184940
986,184972
1176,185004
1439,185036
1640,185068
1496,185100
2105,185132
1824,185164
1594,185196
1356,185228
1132,185260
934,185292
678,185324
482,185356
589,185388
35,185420
0,185452
413,185484
250,185516
909,185548
635,185580
1339,185612
1527,185644
1340,185676
1995,185708
2235,185740
1847,185772
1980,185804
1705,185836
1581,185868
1229,185900
971,185932
825,185964
512,185996
0,186028
219,186060
22,186092
246,186124
856,186156
696,186188
1309,186220
1502,186252
1421,186284
1968,186316
1838,186348
1801,186380
1472,186412
1302,186444
1465,186476
840,186508
631,186540
748,186572
167,186604
0,186636
239,186668
157,186700
735,186732
890,186764
1193,186796
1390,186828
1657,186860
1854,186892
2092,186924
2300,186956
2073,186988
1803,187020
1596,187052
1326,187084
733,187116
863,187148
281,187180
90,187212
0,187244
0,187276
202,187308
379,187340
650,187372
877,187404
1110,187436
1339,187468
1488,187500
1803,187532
2351,187564
1613,187596
1851,187628
1565,187660
970,187692
1101,187724
831,187756
299,187788
376,187820
137,187852
443,187884
527,187916
763,187948
1070,187980
1213,188012
1096,188044
1722,188076
1549,188108
1839,188140
2140,188172
1592,188204
1663,188236
1448,188268
938,188300
970,188332
396,188364
263,188396
0,188428
0,188460
448,188492
296,188524
556,188556
1103,188588
1005,188620
1245,188652
1759,188684
1705,188716
2312,188748
1711,188780
1934,188812
1664,188844
1466,188876
1196,188908
926,188940
734,188972
472,189004
0,189036
192,189068
72,189100
300,189132
992,189164
746,189196
1002,189228
1198,189260
1456,189292
1740,189324
1903,189356
1722,189388
1417,189420
1256,189452
1467,189484
728,189516
983,189548
702,189580
87,189612
237,189644
318,189676
201,189708
778,189740
968,189772
1307,189804
1424,189836
1626,189868
1945,189900
2094,189932
1823,189964
2040,189996
1356,190028
1130,190060
1292,190092
682,190124
827,190156
573,190188
55,190220
91,190252
0,190284
279,190316
412,190348
696,190380
1309,190412
1145,190444
1372,190476
1978,190508
1836,190540
1863,190572
1952,190604
1399,190636
1519,190668
1213,190700
1053,190732
798,190764
601,190796
336,190828
171,190860
410,190892
649,190924
831,190956
1097,190988
1291,191020
1147,191052
1451,191084
1608,191116
1869,191148
1705,191180
1496,191212
1309,191244
1040,191276
859,191308
926,191340
410,191372
187,191404
0,191436
0,191468
560,191500
330,191532
991,191564
1181,191596
1051,191628
1645,191660
1836,191692
1741,191724
2284,191756
2047,191788
1944,191820
1548,191852
1311,191884
1165,191916
848,191948
283,191980
438,192012
0,192044
269,192076
477,192108
408,192140
926,192172
1161,192204
1127,192236
1623,192268
1484,192300
1819,192332
1820,192364
1654,192396
1821,192428
1181,192460
999,192492
1086,192524
539,192556
317,192588
361,192620
0,192652
384,192684
617,192716
846,192748
1040,192780
1308,192812
1500,192844
1696,192876
1967,192908
2169,192940
1770,192972
1608,193004
1304,193036
1072,193068
842,193100
618,193132
424,193164
167,193196
0,193228
139,193260
42,193292
313,193324
939,193356
763,193388
1420,193420
1147,193452
1867,193484
2063,193516
1867,193548
2154,193580
1917,193612
1318,193644
1449,193676
1180,193708
1063,193740
717,193772
460,193804
300,193836
187,193868
78,193900
726,193932
533,193964
1168,193996
1370,194028
1206,194060
1824,194092
2042,194124
1943,194156
2012,194188
1416,194220
1271,194252
1405,194284
782,194316
943,194348
331,194380
107,194412
220,194444
0,194476
218,194508
763,194540
669,194572
1257,194604
1129,194636
1719,194668
1918,194700
2189,194732
2250,194764
2016,194796
1770,194828
1544,194860
1272,194892
710,194924
813,194956
220,194988
349,195020
0,195052
0,195084
187,195116
441,195148
712,195180
888,195212
1164,195244
1388,195276
1624,195308
1863,195340
1770,195372
1611,195404
1819,195436
1097,195468
1321,195500
1052,195532
766,195564
589,195596
318,195628
0,195660
394,195692
622,195724
969,195756
1048,195788
1276,195820
1593,195852
1741,195884
2045,195916
2252,195948
1703,195980
1529,196012
1608,196044
1070,196076
1136,196108
921,196140
427,196172
203,196204
0,196236
0,196268
74,196300
358,196332
969,196364
798,196396
1068,196428
1626,196460
1529,196492
1769,196524
1977,196556
1739,196588
1880,196620
1192,196652
1404,196684
1134,196716
942,196748
682,196780
412,196812
0,196844
256,196876
125,196908
714,196940
584,196972
809,197004
1024,197036
1260,197068
1517,197100
1720,197132
1848,197164
1662,197196
1384,197228
1197,197260
894,197292
748,197324
951,197356
220,197388
455,197420
174,197452
365,197484
604,197516
840,197548
713,197580
1292,197612
1486,197644
1837,197676
1950,197708
2157,197740
2217,197772
1897,197804
1296,197836
1512,197868
844,197900
632,197932
778,197964
168,197996
315,198028
124,198060
559,198092
333,198124
474,198156
791,198188
920,198220
1209,198252
1838,198284
1668,198316
1899,198348
2136,198380
1516,198412
1337,198444
1065,198476
877,198508
1005,198540
700,198572
541,198604
272,198636
265,198668
474,198700
699,198732
558,198764
1152,198796
1344,198828
1615,198860
1816,198892
1664,198924
2256,198956
1646,198988
1446,199020
1179,199052
975,199084
805,199116
526,199148
348,199180
412,199212
0,199244
0,199276
124,199308
427,199340
1085,199372
1227,199404
1515,199436
1711,199468
1566,199500
2171,199532
2224,199564
1661,199596
1756,199628
1520,199660
1405,199692
1022,199724
796,199756
654,199788
335,199820
0,199852
334,199884
187,199916
793,199948
1003,199980
920,200012
1183,200044
1688,200076
1643,200108
2154,200140
1768,200172
1625,200204
1295,200236
1129,200268
1292,200300
669,200332
487,200364
220,200396
28,200428
0,200460
380,200492
333,200524
910,200556
1133,200588
1370,200620
1564,200652
1386,200684
2032,200716
2224,200748
2127,200780
1852,200812
1243,200844
1374,200876
780,200908
558,200940
335,200972
108,201004
0,201036
0,201068
107,201100
665,201132
553,201164
826,201196
1451,201228
1274,201260
1959,201292
2107,201324
2379,201356
2104,201388
1436,201420
1615,201452
1390,201484
798,201516
928,201548
664,201580
541,201612
199,201644
251,201676
555,201708
702,201740
586,201772
1244,201804
1034,201836
1694,201868
1899,201900
1724,201932
1882,201964
1960,201996
1403,202028
1483,202060
904,202092
764,202124
448,202156
280,202188
427,202220
0,202252
24,202284
592,202316
471,202348
731,202380
1274,202412
1181,202444
1785,202476
1655,202508
2249,202540
2188,202572
1534,202604
1720,202636
1482,202668
1246,202700
1018,202732
749,202764
558,202796
299,202828
0,202860
368,202892
249,202924
493,202956
697,202988
952,203020
1223,203052
1401,203084
1687,203116
1917,203148
1783,203180
1544,203212
1725,203244
1083,203276
1291,203308
588,203340
809,203372
528,203404
0,203436
265,203468
458,203500
375,203532
906,203564
1144,203596
1483,203628
1566,203660
1804,203692
2121,203724
2237,203756
2079,203788
1819,203820
1189,203852
1006,203884
1087,203916
556,203948
622,203980
398,204012
0,204044
250,204076
136,204108
445,204140
582,204172
870,204204
1486,204236
1320,204268
1591,204300
2158,204332
1915,204364
1689,204396
1449,204428
1223,204460
1344,204492
672,204524
878,204556
620,204588
424,204620
150,204652
320,204684
586,204716
778,204748
638,204780
1228,204812
1095,204844
1323,204876
1549,204908
1787,204940
1787,204972
1530,205004
1321,205036
1145,205068
867,205100
693,205132
859,205164
246,205196
427,205228
0,205260
475,205292
681,205324
500,205356
1129,205388
1356,205420
1225,205452
1822,205484
2015,205516
2365,205548
2096,205580
1838,205612
1689,205644
1370,205676
782,205708
990,205740
334,205772
117,205804
265,205836
0,205868
446,205900
651,205932
583,205964
1103,205996
976,206028
1303,206060
1434,206092
1724,206124
2345,206156
1694,206188
1469,206220
1600,206252
1004,206284
824,206316
555,206348
365,206380
489,206412
185,206444
331,206476
528,206508
793,206540
988,206572
1213,206604
1440,206636
1679,206668
1880,206700
2144,206732
2208,206764
1592,206796
1725,206828
1132,206860
923,206892
669,206924
473,206956
287,206988
24,207020
0,207052
30,207084
264,207116
485,207148
638,207180
936,207212
1599,207244
1341,207276
2047,207308
2239,207340
1845,207372
1977,207404
1696,207436
1145,207468
1226,207500
1002,207532
880,207564
509,207596
284,207628
205,207660
362,207692
250,207724
858,207756
696,207788
1309,207820
1516,207852
1435,207884
1979,207916
2217,207948
1800,207980
1834,208012
1240,208044
1102,208076
792,208108
617,208140
777,208172
156,208204
0,208236
0,208268
167,208300
393,208332
904,208364
853,208396
1434,208428
1657,208460
1900,208492
2092,208524
2336,208556
2074,208588
1790,208620
1594,208652
1322,208684
730,208716
862,208748
271,208780
48,208812
0,208844
0,208876
166,208908
358,208940
606,208972
887,209004
1066,209036
1339,209068
1989,209100
1801,209132
2343,209164
1582,209196
1847,209228
1567,209260
920,209292
1103,209324
874,209356
284,209388
414,209420
136,209452
303,209484
573,209516
765,209548
1071,209580
1211,209612
1098,209644
1769,209676
1548,209708
2232,209740
2170,209772
1528,209804
1691,209836
1432,209868
891,209900
969,209932
394,209964
251,209996
0,210028
0,210060
447,210092
330,210124
525,210156
1112,210188
973,210220
1244,210252
1805,210284
1705,210316
2313,210348
1802,210380
1929,210412
1658,210444
1462,210476
1192,210508
956,210540
730,210572
496,210604
238,210636
235,210668
431,210700
300,210732
891,210764
750,210796
1006,210828
1208,210860
1465,210892
1749,210924
1900,210956
1721,210988
1485,211020
1267,211052
1031,211084
728,211116
571,211148
775,211180
78,211212
283,211244
331,211276
210,211308
779,211340
972,211372
1195,211404
1424,211436
1662,211468
2015,211500
2094,211532
2190,211564
2041,211596
1720,211628
1559,211660
1291,211692
670,211724
500,211756
570,211788
46,211820
91,211852
311,211884
280,211916
762,211948
648,211980
957,212012
1086,212044
1383,212076
2024,212108
1838,212140
1854,212172
1961,212204
1387,212236
1165,212268
935,212300
711,212332
826,212364
169,212396
364,212428
176,212460
448,212492
650,212524
840,212556
1100,212588
1305,212620
1149,212652
1756,212684
1624,212716
1848,212748
1696,212780
1467,212812
1262,212844
1003,212876
811,212908
636,212940
360,212972
183,213004
333,213036
0,213068
571,213100
299,213132
999,213164
1193,213196
1012,213228
1647,213260
1886,213292
2072,213324
2329,213356
2046,213388
1931,213420
1568,213452
1310,213484
1160,213516
847,213548
282,213580
472,213612
0,213644
0,213676
509,213708
360,213740
968,213772
1167,213804
1095,213836
1625,213868
1499,213900
1831,213932
2285,213964
1642,213996
1817,214028
1176,214060
953,214092
1084,214124
493,214156
312,214188
44,214220
0,214252
395,214284
555,214316
857,214348
1050,214380
1309,214412
1514,214444
1742,214476
1978,214508
2206,214540
2143,214572
1946,214604
1672,214636
1068,214668
1206,214700
617,214732
424,214764
158,214796
0,214828
0,214860
46,214892
316,214924
551,214956
764,214988
998,215020
1150,215052
1453,215084
2139,215116
1868,215148
2201,215180
1915,215212
1628,215244
1439,215276
1176,215308
633,215340
715,215372
479,215404
367,215436
187,215468
425,215500
729,215532
877,215564
760,215596
1372,215628
1207,215660
1836,215692
2041,215724
1931,215756
2008,215788
1776,215820
1273,215852
1049,215884
728,215916
591,215948
280,215980
106,216012
250,216044
0,216076
222,216108
764,216140
679,216172
909,216204
1418,216236
1358,216268
1962,216300
2187,216332
2282,216364
2008,216396
1816,216428
1536,216460
1273,216492
1071,216524
812,216556
220,216588
347,216620
0,216652
0,216684
191,216716
420,216748
667,216780
872,216812
1125,216844
1399,216876
1575,216908
1865,216940
2261,216972
1597,217004
1815,217036
1068,217068
1309,217100
1048,217132
799,217164
575,217196
352,217228
0,217260
441,217292
635,217324
973,217356
1082,217388
1280,217420
1594,217452
1741,217484
1615,217516
2302,217548
1696,217580
1902,217612
1632,217644
1006,217676
1166,217708
910,217740
391,217772
199,217804
0,217836
0,217868
78,217900
359,217932
973,217964
806,217996
1035,218028
1631,218060
1495,218092
1771,218124
2304,218156
1739,218188
1869,218220
1273,218252
1401,218284
1134,218316
928,218348
668,218380
445,218412
0,218444
302,218476
496,218508
751,218540
952,218572
809,218604
1404,218636
1264,218668
1518,218700
1728,218732
1847,218764
1669,218796
1372,218828
1193,218860
971,218892
743,218924
521,218956
219,218988
62,219020
235,219052
368,219084
654,219116
841,219148
722,219180
1295,219212
1488,219244
1400,219276
1952,219308
2190,219340
2285,219372
1897,219404
1660,219436
1503,219468
1194,219500
1034,219532
776,219564
169,219596
1,219628
135,219660
71,219692
343,219724
825,219756
793,219788
1277,219820
1160,219852
1481,219884
1624,219916
1909,219948
2170,219980
1528,220012
1337,220044
1424,220076
875,220108
651,220140
424,220172
199,220204
316,220236
0,220268
508,220300
712,220332
536,220364
1164,220396
1356,220428
1616,220460
1819,220492
1676,220524
2255,220556
1645,220588
1414,220620
1179,220652
954,220684
749,220716
492,220748
301,220780
120,220812
0,220844
0,220876
136,220908
437,220940
1085,220972
1230,221004
1515,221036
1709,221068
1527,221100
2175,221132
2271,221164
1657,221196
1799,221228
1515,221260
1401,221292
1053,221324
799,221356
651,221388
344,221420
0,221452
380,221484
186,221516
422,221548
1024,221580
860,221612
1147,221644
1693,221676
1611,221708
2157,221740
1756,221772
1623,221804
1293,221836
1117,221868
1289,221900
666,221932
440,221964
568,221996
0,222028
0,222060
75,222092
343,222124
970,222156
1068,222188
1369,222220
1568,222252
1390,222284
2042,222316
2271,222348
2123,222380
1884,222412
1613,222444
1417,222476
1147,222508
555,222540
686,222572
106,222604
0,222636
0,222668
105,222700
377,222732
556,222764
826,222796
1353,222828
1287,222860
1515,222892
2173,222924
1949,222956
2168,222988
1435,223020
1663,223052
1389,223084
796,223116
923,223148
665,223180
123,223212
188,223244
283,223276
623,223308
703,223340
938,223372
1246,223404
1390,223436
1263,223468
1900,223500
1727,223532
1866,223564
1950,223596
1402,223628
1481,223660
1256,223692
762,223724
795,223756
219,223788
85,223820
0,223852
21,223884
632,223916
468,223948
732,223980
922,224012
1193,224044
1421,224076
1943,224108
1885,224140
2220,224172
1530,224204
1754,224236
1482,224268
1280,224300
1018,224332
751,224364
555,224396
296,224428
0,224460
379,224492
248,224524
473,224556
698,224588
922,224620
1190,224652
1383,224684
1642,224716
2234,224748
1723,224780
1544,224812
1723,224844
1081,224876
1286,224908
556,224940
797,224972
526,225004
0,225036
267,225068
505,225100
377,225132
954,225164
1146,225196
1485,225228
1600,225260
1806,225292
2127,225324
2240,225356
1643,225388
1854,225420
1179,225452
954,225484
1117,225516
494,225548
653,225580
396,225612
0,225644
249,225676
140,225708
455,225740
589,225772
872,225804
1495,225836
1321,225868
1549,225900
2156,225932
1867,225964
1677,225996
1774,226028
1213,226060
1353,226092
1040,226124
879,226156
624,226188
413,226220
138,226252
364,226284
588,226316
816,226348
1017,226380
1273,226412
1468,226444
1325,226476
1934,226508
1791,226540
1787,226572
1520,226604
1318,226636
1143,226668
862,226700
682,226732
459,226764
231,226796
12,226828
0,226860
91,226892
749,226924
496,226956
1179,226988
1360,227020
1228,227052
1831,227084
2016,227116
1928,227148
2094,227180
1870,227212
1755,227244
1360,227276
1144,227308
987,227340
679,227372
109,227404
253,227436
0,227468
136,227500
653,227532
586,227564
1112,227596
1352,227628
1305,227660
1804,227692
1676,227724
1975,227756
1640,227788
1467,227820
1632,227852
1000,227884
823,227916
908,227948
361,227980
141,228012
183,228044
4,228076
572,228108
366,228140
1022,228172
1226,228204
1486,228236
1690,228268
1882,228300
2157,228332
2202,228364
1584,228396
1724,228428
1118,228460
893,228492
1143,228524
438,228556
247,228588
2,228620
0,228652
39,228684
219,228716
497,228748
648,228780
940,228812
1611,228844
1323,228876
2055,228908
2238,228940
1784,228972
1963,229004
1738,229036
1141,229068
1262,229100
1001,229132
878,229164
537,229196
282,229228
203,229260
367,229292
252,229324
904,229356
699,229388
933,229420
1550,229452
1384,229484
2014,229516
2223,229548
1753,229580
1822,229612
1240,229644
1100,229676
779,229708
604,229740
767,229772
155,229804
0,229836
252,229868
135,229900
396,229932
937,229964
845,229996
1437,230028
1599,230060
1899,230092
2095,230124
2333,230156
2062,230188
1824,230220
1593,230252
1358,230284
1088,230316
894,230348
636,230380
47,230412
0,230444
0,230476
167,230508
352,230540
617,230572
889,230604
1068,230636
1341,230668
1871,230700
1804,230732
1895,230764
1582,230796
1431,230828
1631,230860
920,230892
1143,230924
873,230956
285,230988
407,231020
120,231052
39,231084
572,231116
799,231148
1147,231180
1216,231212
1456,231244
1771,231276
1928,231308
1792,231340
2170,231372
1518,231404
1691,231436
1424,231468
888,231500
957,231532
742,231564
252,231596
283,231628
0,231660
111,231692
251,231724
534,231756
1145,231788
982,231820
1246,231852
1807,231884
1710,231916
1946,231948
2091,231980
1563,232012
1692,232044
1451,232076
1226,232108
959,232140
764,232172
496,232204
237,232236
239,232268
444,232300
302,232332
603,232364
760,232396
986,232428
1210,232460
1445,232492
1703,232524
1869,232556
1661,232588
1787,232620
1198,232652
1017,232684
1195,232716
582,232748
763,232780
44,232812
279,232844
330,232876
169,232908
783,232940
1018,232972
891,233004
1472,233036
1661,233068
2015,233100
2137,233132
2191,233164
2027,233196
1710,233228
1130,233260
1334,233292
667,233324
856,233356
602,233388
3,233420
119,233452
320,233484
247,233516
764,233548
650,233580
956,233612
1550,233644
1385,233676
2025,233708
1846,233740
1815,233772
1950,233804
1339,233836
1159,233868
1248,233900
701,233932
824,233964
251,233996
359,234028
186,234060
445,234092
652,234124
878,234156
1128,234188
1337,234220
1531,234252
1414,234284
1998,234316
1849,234348
2074,234380
1466,234412
1262,234444
1003,234476
808,234508
631,234540
360,234572
181,234604
0,234636
0,234668
157,234700
302,234732
603,234764
1247,234796
1006,234828
1695,234860
1897,234892
2075,234924
2317,234956
2047,234988
1483,235020
1566,235052
1341,235084
1225,235116
845,235148
624,235180
471,235212
165,235244
319,235276
512,235308
364,235340
646,235372
1166,235404
1096,235436
1630,235468
1868,235500
1831,235532
1913,235564
1580,235596
1446,235628
1126,235660
944,235692
1127,235724
492,235756
311,235788
382,235820
0,235852
57,235884
285,235916
509,235948
1096,235980
876,236012
1552,236044
1752,236076
2014,236108
2218,236140
2143,236172
1550,236204
1673,236236
1067,236268
1208,236300
608,236332
380,236364
158,236396
0,236428
0,236460
25,236492
280,236524
551,236556
730,236588
999,236620
1150,236652
1461,236684
2139,236716
1850,236748
2199,236780
1913,236812
1662,236844
1437,236876
1212,236908
631,236940
748,236972
488,237004
363,237036
223,237068
431,237100
731,237132
880,237164
761,237196
1421,237228
1216,237260
1446,237292
2080,237324
1868,237356
2040,237388
1774,237420
1229,237452
1047,237484
718,237516
587,237548
272,237580
104,237612
237,237644
0,237676
187,237708
768,237740
647,237772
907,237804
1097,237836
1367,237868
1962,237900
2123,237932
2281,237964
2000,237996
1803,238028
1532,238060
1304,238092
698,238124
842,238156
574,238188
381,238220
99,238252
0,238284
553,238316
422,238348
680,238380
864,238412
1129,238444
1402,238476
1592,238508
1866,238540
2142,238572
1594,238604
1367,238636
1056,238668
907,238700
1112,238732
798,238764
623,238796
351,238828
0,238860
439,238892
636,238924
553,238956
1086,238988
1322,239020
1663,239052
1752,239084
1984,239116
2303,239148
2064,239180
1467,239212
1628,239244
1003,239276
1164,239308
908,239340
378,239372
199,239404
228,239436
0,239468
426,239500
313,239532
629,239564
762,239596
1036,239628
1674,239660
1496,239692
1772,239724
1929,239756
1736,239788
1501,239820
1559,239852
1039,239884
1164,239916
935,239948
702,239980
440,240012
0,240044
312,240076
503,240108
763,240140
954,240172
815,240204
1408,240236
1275,240268
1499,240300
1735,240332
1818,240364
1607,240396
1342,240428
1146,240460
1258,240492
696,240524
506,240556
683,240588
57,240620
219,240652
379,240684
664,240716
847,240748
677,240780
1305,240812
1536,240844
1401,240876
2000,240908
2201,240940
2279,240972
1928,241004
1659,241036
1501,241068
1184,241100
616,241132
810,241164
167,241196
334,241228
168,241260
27,241292
311,241324
828,241356
760,241388
1279,241420
1161,241452
1481,241484
1615,241516
1914,241548
2171,241580
1514,241612
1290,241644
1407,241676
829,241708
650,241740
731,241772
201,241804
301,241836
0,241868
509,241900
714,241932
539,241964
1164,241996
1400,242028
1628,242060
1866,242092
2059,242124
2288,242156
2015,242188
1408,242220
1536,242252
953,242284
749,242316
491,242348
298,242380
120,242412
0,242444
0,242476
215,242508
438,242540
664,242572
1291,242604
1115,242636
1789,242668
1532,242700
2233,242732
2267,242764
1655,242796
1789,242828
1516,242860
967,242892
1050,242924
828,242956
713,242988
332,243020
97,243052
392,243084
537,243116
841,243148
1036,243180
875,243212
1148,243244
1696,243276
1611,243308
2156,243340
2124,243372
1623,243404
1656,243436
1066,243468
925,243500
606,243532
440,243564
590,243596
0,243628
0,243660
429,243692
344,243724
573,243756
796,243788
1021,243820
1614,243852
1392,243884
2078,243916
2284,243948
2158,243980
1884,244012
1613,244044
1408,244076
1146,244108
556,244140
687,244172
94,244204
0,244236
0,244268
78,244300
332,244332
527,244364
783,244396
1063,244428
1230,244460
1523,244492
2171,244524
1958,244556
2158,244588
1414,244620
1662,244652
1387,244684
757,244716
923,244748
699,244780
119,244812
222,244844
288,244876
631,244908
745,244940
943,244972
1247,245004
1400,245036
1278,245068
1950,245100
1737,245132
1814,245164
1982,245196
1350,245228
1499,245260
1244,245292
715,245324
783,245356
218,245388
73,245420
0,245452
27,245484
633,245516
471,245548
701,245580
1290,245612
1149,245644
1421,245676
1613,245708
1887,245740
2219,245772
1903,245804
1743,245836
1472,245868
1275,245900
1016,245932
781,245964
552,245996
330,246028
152,246060
415,246092
616,246124
473,246156
1067,246188
1436,246220
1180,246252
1386,246284
1644,246316
1928,246348
1722,246380
1533,246412
1307,246444
1080,246476
855,246508
552,246540
397,246572
591,246604
0,246636
315,246668
508,246700
380,246732
959,246764
1148,246796
1065,246828
1612,246860
1849,246892
2203,246924
2237,246956
2008,246988
1853,247020
1532,247052
952,247084
1114,247116
492,247148
649,247180
397,247212
0,247244
253,247276
489,247308
457,247340
940,247372
814,247404
1141,247436
1264,247468
1558,247500
2204,247532
1864,247564
1675,247596
1401,247628
1210,247660
985,247692
1038,247724
527,247756
650,247788
412,247820
166,247852
364,247884
622,247916
828,247948
1016,247980
1280,248012
1471,248044
1326,248076
1944,248108
1791,248140
1754,248172
1514,248204
1292,248236
1093,248268
831,248300
632,248332
460,248364
185,248396
16,248428
251,248460
94,248492
744,248524
472,248556
1176,248588
1369,248620
1191,248652
1833,248684
2076,248716
1932,248748
2144,248780
1865,248812
1583,248844
1401,248876
1133,248908
985,248940
667,248972
106,249004
288,249036
0,249068
494,249100
697,249132
537,249164
1146,249196
1353,249228
1271,249260
1808,249292
1677,249324
1963,249356
1640,249388
1464,249420
1629,249452
998,249484
779,249516
906,249548
327,249580
136,249612
214,249644
10,249676
575,249708
457,249740
1033,249772
1228,249804
1494,249836
1694,249868
1919,249900
2155,249932
2238,249964
1962,249996
1760,250028
1486,250060
891,250092
1024,250124
432,250156
240,250188
0,250220
0,250252
41,250284
230,250316
502,250348
718,250380
954,250412
1179,250444
1326,250476
1630,250508
2319,250540
1776,250572
2013,250604
1737,250636
1139,250668
1271,250700
991,250732
762,250764
528,250796
311,250828
281,250860
374,250892
604,250924
911,250956
1053,250988
1357,251020
1560,251052
1385,251084
1675,251116
2232,251148
1742,251180
1824,251212
1596,251244
1096,251276
1127,251308
555,251340
410,251372
105,251404
0,251436
285,251468
138,251500
407,251532
944,251564
855,251596
1081,251628
1307,251660
1533,251692
2140,251724
1871,251756
2095,251788
1822,251820
1630,251852
1358,251884
1086,251916
893,251948
634,251980
43,252012
169,252044
0,252076
138,252108
366,252140
590,252172
841,252204
1036,252236
1295,252268
1579,252300
1766,252332
1886,252364
2062,252396
1418,252428
1629,252460
891,252492
1133,252524
863,252556
244,252588
399,252620
163,252652
346,252684
621,252716
808,252748
1147,252780
1260,252812
1466,252844
1775,252876
1928,252908
1800,252940
2202,252972
1517,253004
1288,253036
1454,253068
836,253100
990,253132
731,253164
203,253196
271,253228
0,253260
119,253292
697,253324
536,253356
1149,253388
986,253420
1223,253452
1816,253484
1675,253516
1948,253548
1754,253580
1551,253612
1689,253644
1376,253676
1213,253708
956,253740
761,253772
494,253804
267,253836
240,253868
479,253900
672,253932
939,253964
1131,253996
988,254028
1583,254060
1447,254092
1708,254124
1866,254156
1661,254188
1481,254220
1196,254252
1018,254284
796,254316
567,254348
343,254380
43,254412
0,254444
409,254476
168,254508
841,254540
1023,254572
1197,254604
1479,254636
1676,254668
1582,254700
2142,254732
2219,254764
2103,254796
1696,254828
1482,254860
1326,254892
1016,254924
444,254956
600,254988
0,255020
107,255052
318,255084
260,255116
768,255148
1002,255180
968,255212
1199,255244
1326,255276
1661,255308
1791,255340
1806,255372
1984,255404
1339,255436
1159,255468
888,255500
696,255532
475,255564
512,255596
24,255628
232,255660
448,255692
688,255724
888,255756
1146,255788
1340,255820
1533,255852
1803,255884
1998,255916
1854,255948
2076,255980
1454,256012
1230,256044
1001,256076
777,256108
581,256140
316,256172
133,256204
0,256236
0,256268
155,256300
779,256332
612,256364
1269,256396
987,256428
1705,256460
1897,256492
2112,256524
2317,256556
2089,256588
1480,256620
1612,256652
1338,256684
1223,256716
875,256748
618,256780
461,256812
155,256844
0,256876
568,256908
365,256940
1006,256972
1210,257004
1040,257036
1672,257068
1872,257100
1797,257132
1911,257164
1580,257196
1435,257228
1114,257260
952,257292
1111,257324
487,257356
267,257388
392,257420
0,257452
60,257484
602,257516
521,257548
1097,257580
967,257612
1549,257644
1754,257676
2029,257708
2222,257740
2175,257772
1548,257804
1707,257836
1434,257868
1228,257900
972,257932
382,257964
512,257996
0,258028
0,258060
28,258092
282,258124
553,258156
731,258188
1002,258220
1688,258252
1464,258284
1693,258316
1855,258348
1768,258380
1979,258412
1661,258444
1483,258476
1211,258508
627,258540
751,258572
476,258604
0,258636
234,258668
458,258700
811,258732
891,258764
1120,258796
1423,258828
1578,258860
1883,258892
2091,258924
1869,258956
1690,258988
1769,259020
1225,259052
1036,259084
1070,259116
584,259148
606,259180
44,259212
0,259244
0,259276
198,259308
810,259340
648,259372
909,259404
1456,259436
1369,259468
1597,259500
1834,259532
1902,259564
2044,259596
1353,259628
1566,259660
1294,259692
668,259724
842,259756
573,259788
377,259820
99,259852
0,259884
553,259916
416,259948
652,259980
875,260012
1102,260044
1357,260076
1562,260108
1820,260140
1822,260172
1545,260204
1364,260236
1055,260268
904,260300
1112,260332
793,260364
619,260396
347,260428
0,260460
445,260492
684,260524
562,260556
1142,260588
1325,260620
1673,260652
1786,260684
1992,260716
2313,260748
2060,260780
1465,260812
1664,260844
1000,260876
776,260908
936,260940
329,260972
153,261004
219,261036
0,261068
431,261100
318,261132
633,261164
764,261196
1040,261228
1673,261260
1496,261292
1738,261324
2300,261356
1687,261388
1495,261420
1225,261452
1034,261484
1165,261516
860,261548
699,261580
441,261612
0,261644
312,261676
540,261708
764,261740
992,261772
1184,261804
1455,261836
1648,261868
1502,261900
2120,261932
1808,261964
1607,261996
1340,262028
1144,262060
957,262092
681,262124
506,262156
572,262188
57,262220
0,262252
441,262284
268,262316
927,262348
680,262380
1355,262412
1547,262444
1402,262476
2011,262508
2205,262540
1832,262572
1917,262604
1688,262636
1567,262668
1191,262700
957,262732
813,262764
506,262796
0,262828
172,262860
40,262892
312,262924
830,262956
760,262988
1288,263020
1520,263052
1483,263084
1984,263116
1854,263148
1785,263180
1454,263212
1288,263244
1452,263276
825,263308
639,263340
378,263372
187,263404
0,263436
220,263468
175,263500
748,263532
540,263564
1208,263596
1404,263628
1674,263660
1870,263692
2064,263724
2287,263756
2015,263788
1404,263820
1536,263852
943,263884
718,263916
487,263948
264,263980
71,264012
0,264044
0,264076
495,264108
394,264140
666,264172
1291,264204
1118,264236
1788,264268
1501,264300
2235,264332
2265,264364
1599,264396
1787,264428
1562,264460
957,264492
1086,264524
822,264556
701,264588
363,264620
87,264652
395,264684
544,264716
428,264748
1084,264780
876,264812
1112,264844
1741,264876
1564,264908
2199,264940
2122,264972
1575,265004
1646,265036
1063,265068
922,265100
605,265132
430,265164
585,265196
0,265228
0,265260
430,265292
314,265324
573,265356
1117,265388
1033,265420
1613,265452
1773,265484
2079,265516
2284,265548
2153,265580
1883,265612
1644,265644
1405,265676
1180,265708
918,265740
718,265772
458,265804
0,265836
208,265868
78,265900
344,265932
536,265964
794,265996
1065,266028
1242,266060
1524,266092
1756,266124
1944,266156
1709,266188
1402,266220
1245,266252
1451,266284
746,266316
967,266348
687,266380
119,266412
221,266444
298,266476
216,266508
749,266540
976,266572
1325,266604
1405,266636
1643,266668
1961,266700
2107,266732
1816,266764
1984,266796
1341,266828
1166,266860
1246,266892
714,266924
783,266956
558,266988
72,267020
75,267052
0,267084
295,267116
425,267148
710,267180
1328,267212
1160,267244
1431,267276
1992,267308
1895,267340
1851,267372
1903,267404
1383,267436
1512,267468
841,267500
1040,267532
784,267564
586,267596
328,267628
157,267660
423,267692
618,267724
478,267756
1069,267788
938,267820
1163,267852
1883,267884
1625,267916
1885,267948
1689,267980
1481,268012
1303,268044
1020,268076
852,268108
543,268140
395,268172
588,268204
0,268236
314,268268
507,268300
343,268332
967,268364
1195,268396
1064,268428
1658,268460
1854,268492
2203,268524
2269,268556
2009,268588
1849,268620
1529,268652
944,268684
1150,268716
491,268748
268,268780
416,268812
0,268844
288,268876
493,268908
424,268940
942,268972
824,269004
1133,269036
1277,269068
1564,269100
2205,269132
1863,269164
1627,269196
1770,269228
1163,269260
983,269292
1069,269324
525,269356
640,269388
347,269420
165,269452
368,269484
637,269516
828,269548
1055,269580
1278,269612
1517,269644
1710,269676
1981,269708
2175,269740
1752,269772
1592,269804
1279,269836
1084,269868
828,269900
632,269932
455,269964
174,269996
2,270028
154,270060
103,270092
331,270124
477,270156
780,270188
1437,270220
1190,270252
1882,270284
2077,270316
1939,270348
2139,270380
1864,270412
1303,270444
1388,270476
1163,270508
1049,270540
671,270572
444,270604
285,270636
202,270668
92,270700
699,270732
536,270764
1150,270796
1344,270828
1272,270860
1816,270892
2060,270924
1961,270956
1998,270988
1400,271020
1261,271052
940,271084
766,271116
928,271148
325,271180
126,271212
204,271244
17,271276
237,271308
735,271340
687,271372
1272,271404
1497,271436
1737,271468
1930,271500
2202,271532
2234,271564
1960,271596
1759,271628
1483,271660
891,271692
732,271724
430,271756
206,271788
0,271820
0,271852
7,271884
192,271916
454,271948
1018,271980
905,272012
1178,272044
1821,272076
1642,272108
2327,272140
1752,272172
2008,272204
1728,272236
1085,272268
1259,272300
1034,272332
453,272364
572,272396
302,272428
283,272460
408,272492
608,272524
911,272556
1066,272588
938,272620
1599,272652
1388,272684
2060,272716
2268,272748
1690,272780
1856,272812
1593,272844
1051,272876
1119,272908
552,272940
412,272972
537,273004
0,273036
285,273068
137,273100
375,273132
952,273164
823,273196
1085,273228
1640,273260
1545,273292
2143,273324
1962,273356
2091,273388
1820,273420
1623,273452
1354,273484
1120,273516
892,273548
664,273580
399,273612
0,273644
272,273676
143,273708
727,273740
591,273772
846,273804
1051,273836
1304,273868
1580,273900
1770,273932
1883,273964
1646,273996
1415,274028
1191,274060
880,274092
733,274124
927,274156
236,274188
445,274220
149,274252
349,274284
621,274316
812,274348
727,274380
1263,274412
1501,274444
1855,274476
1933,274508
2171,274540
2203,274572
1880,274604
1720,274636
1448,274668
829,274700
663,274732
730,274764
202,274796
268,274828
150,274860
122,274892
349,274924
488,274956
797,274988
934,275020
1223,275052
1864,275084
1678,275116
1959,275148
2120,275180
1547,275212
1321,275244
1095,275276
861,275308
988,275340
329,275372
526,275404
264,275436
288,275468
488,275500
680,275532
570,275564
1133,275596
991,275628
1595,275660
1451,275692
1680,275724
1856,275756
1636,275788
1422,275820
1164,275852
967,275884
792,275916
508,275948
343,275980
41,276012
0,276044
407,276076
142,276108
843,276140
1021,276172
1243,276204
1483,276236
1724,276268
1588,276300
2189,276332
2218,276364
2093,276396
1740,276428
1471,276460
1323,276492
1008,276524
440,276556
634,276588
0,276620
0,276652
352,276684
204,276716
809,276748
1006,276780
935,276812
1197,276844
1336,276876
1659,276908
1801,276940
1804,276972
1978,277004
1341,277036
1112,277068
1244,277100
653,277132
471,277164
203,277196
18,277228
233,277260
395,277292
685,277324
892,277356
1149,277388
1342,277420
1580,277452
1420,277484
2048,277516
2249,277548
2109,277580
1834,277612
1230,277644
1360,277676
767,277708
580,277740
315,277772
122,277804
0,277836
0,277868
157,277900
671,277932
614,277964
843,277996
998,278028
1292,278060
1967,278092
2112,278124
2363,278156
2087,278188
1468,278220
1611,278252
1338,278284
793,278316
874,278348
648,278380
536,278412
154,278444
268,278476
570,278508
718,278540
603,278572
1213,278604
1051,278636
1673,278668
1872,278700
1800,278732
1902,278764
1948,278796
1434,278828
1467,278860
888,278892
747,278924
432,278956
265,278988
410,279020
0,279052
60,279084
258,279116
523,279148
749,279180
1257,279212
1197,279244
1800,279276
2025,279308
2266,279340
2174,279372
1518,279404
1704,279436
1432,279468
1230,279500
970,279532
377,279564
508,279596
0,279628
0,279660
33,279692
264,279724
517,279756
713,279788
958,279820
1533,279852
1418,279884
1704,279916
2359,279948
1768,279980
1979,280012
1657,280044
1479,280076
1200,280108
570,280140
742,280172
512,280204
0,280236
281,280268
474,280300
811,280332
925,280364
1119,280396
1435,280428
1582,280460
1453,280492
2139,280524
1865,280556
2064,280588
1804,280620
1174,280652
999,280684
1070,280716
541,280748
606,280780
42,280812
0,280844
0,280876
202,280908
811,280940
651,280972
887,281004
1468,281036
1335,281068
1610,281100
2171,281132
1901,281164
2041,281196
1435,281228
1563,281260
1292,281292
666,281324
832,281356
606,281388
376,281420
123,281452
333,281484
601,281516
795,281548
654,281580
1246,281612
1104,281644
1360,281676
1565,281708
1832,281740
1819,281772
1536,281804
1355,281836
1131,281868
903,281900
677,281932
845,281964
220,281996
415,282028
0,282060
495,282092
683,282124
561,282156
1135,282188
1328,282220
1241,282252
1792,282284
2237,282316
2392,282348
2058,282380
1824,282412
1673,282444
1354,282476
1193,282508
936,282540
318,282572
144,282604
208,282636
0,282668
440,282700
676,282732
633,282764
1118,282796
998,282828
1311,282860
1450,282892
1742,282924
2334,282956
1685,282988
1496,283020
1592,283052
1033,283084
813,283116
584,283148
359,283180
474,283212
0,283244
346,283276
544,283308
810,283340
1004,283372
1195,283404
1455,283436
1657,283468
1513,283500
2125,283532
1805,283564
1575,283596
1337,283628
1114,283660
908,283692
654,283724
455,283756
279,283788
9,283820
0,283852
443,283884
268,283916
925,283948
653,283980
1355,284012
1549,284044
1368,284076
2015,284108
2254,284140
1829,284172
1963,284204
1689,284236
1563,284268
1224,284300
955,284332
800,284364
493,284396
0,284428
218,284460
39,284492
266,284524
874,284556
712,284588
1312,284620
1529,284652
1449,284684
1993,284716
1865,284748
1785,284780
1453,284812
1286,284844
1451,284876
824,284908
601,284940
730,284972
143,285004
0,285036
0,285068
185,285100
759,285132
910,285164
1213,285196
1406,285228
1675,285260
1880,285292
2108,285324
2284,285356
2048,285388
1776,285420
1580,285452
1308,285484
716,285516
845,285548
263,285580
71,285612
0,285644
0,285676
218,285708
396,285740
680,285772
901,285804
1129,285836
1355,285868
1502,285900
1821,285932
2333,285964
1596,285996
1835,286028
1551,286060
955,286092
1085,286124
815,286156
283,286188
360,286220
107,286252
464,286284
543,286316
781,286348
1087,286380
1230,286412
1113,286444
1739,286476
1564,286508
2202,286540
2122,286572
1564,286604
1641,286636
1416,286668
920,286700
952,286732
378,286764
239,286796
0,286828
0,286860
464,286892
314,286924
583,286956
764,286988
1032,287020
1261,287052
1783,287084
1725,287116
2331,287148
2151,287180
1918,287212
1644,287244
1439,287276
1168,287308
911,287340
717,287372
446,287404
0,287436
219,287468
95,287500
314,287532
540,287564
772,287596
1016,287628
1216,287660
1479,287692
1757,287724
1893,287756
1705,287788
1883,287820
1240,287852
1447,287884
718,287916
957,287948
687,287980
59,288012
219,288044
335,288076
217,288108
795,288140
987,288172
1179,288204
1438,288236
1642,288268
1961,288300
2110,288332
1804,288364
2016,288396
1336,288428
1532,288460
1274,288492
654,288524
811,288556
556,288588
36,288620
71,288652
0,288684
297,288716
441,288748
712,288780
1326,288812
1160,288844
1399,288876
1997,288908
1852,288940
1847,288972
1944,289004
1373,289036
1501,289068
921,289100
1039,289132
780,289164
576,289196
318,289228
191,289260
426,289292
664,289324
856,289356
1115,289388
1308,289420
1166,289452
1772,289484
1629,289516
1894,289548
1680,289580
1480,289612
1301,289644
1020,289676
843,289708
619,289740
392,289772
169,289804
0,289836
0,289868
587,289900
346,289932
1019,289964
1198,289996
1066,290028
1659,290060
1856,290092
2088,290124
2267,290156
2031,290188
1917,290220
1520,290252
1294,290284
1147,290316
831,290348
671,290380
412,290412
0,290444
0,290476
494,290508
424,290540
944,290572
1180,290604
1145,290636
1643,290668
1513,290700
1847,290732
1800,290764
1628,290796
1803,290828
1160,290860
971,290892
1067,290924
520,290956
297,290988
71,291020
0,291052
408,291084
206,291116
862,291148
1065,291180
1324,291212
1518,291244
1722,291276
1991,291308
2186,291340
1744,291372
1886,291404
1280,291436
1051,291468
823,291500
600,291532
398,291564
143,291596
0,291628
0,291660
60,291692
339,291724
955,291756
788,291788
1448,291820
1166,291852
1885,291884
2078,291916
1885,291948
2137,291980
1903,292012
1613,292044
1432,292076
1161,292108
1037,292140
696,292172
444,292204
283,292236
205,292268
92,292300
747,292332
552,292364
776,292396
1387,292428
1224,292460
1853,292492
2057,292524
1913,292556
1984,292588
1389,292620
1258,292652
1387,292684
774,292716
925,292748
312,292780
89,292812
204,292844
0,292876
236,292908
426,292940
695,292972
1271,293004
1436,293036
1737,293068
1934,293100
2203,293132
2232,293164
1995,293196
1754,293228
1518,293260
1247,293292
1056,293324
794,293356
203,293388
333,293420
0,293452
9,293484
203,293516
458,293548
730,293580
908,293612
1180,293644
1417,293676
1644,293708
1883,293740
1742,293772
1581,293804
1800,293836
1072,293868
1305,293900
1035,293932
749,293964
571,293996
301,294028
0,294060
410,294092
651,294124
987,294156
1067,294188
1295,294220
1611,294252
1754,294284
1628,294316
2232,294348
1688,294380
1850,294412
1584,294444
1048,294476
1116,294508
894,294540
411,294572
187,294604
0,294636
0,294668
100,294700
375,294732
987,294764
822,294796
1085,294828
1276,294860
1547,294892
1785,294924
2240,294956
1725,294988
1854,295020
1613,295052
1386,295084
1116,295116
924,295148
664,295180
393,295212
188,295244
283,295276
143,295308
735,295340
592,295372
828,295404
1051,295436
1287,295468
1533,295500
1739,295532
1830,295564
1643,295596
1359,295628
1180,295660
1355,295692
728,295724
925,295756
202,295788
439,295820
153,295852
382,295884
623,295916
857,295948
731,295980
1309,296012
1513,296044
1854,296076
1968,296108
2174,296140
2199,296172
1872,296204
1279,296236
1485,296268
826,296300
1018,296332
761,296364
144,296396
297,296428
143,296460
88,296492
349,296524
489,296556
799,296588
938,296620
1223,296652
1862,296684
1686,296716
1917,296748
2112,296780
1502,296812
1320,296844
1406,296876
861,296908
983,296940
409,296972
523,297004
268,297036
285,297068
490,297100
729,297132
574,297164
1179,297196
1358,297228
1630,297260
1834,297292
1690,297324
2236,297356
1629,297388
1420,297420
1164,297452
970,297484
791,297516
508,297548
340,297580
107,297612
0,297644
4,297676
144,297708
445,297740
1101,297772
1245,297804
1533,297836
1724,297868
1589,297900
2191,297932
2208,297964
1645,297996
1728,298028
1500,298060
1387,298092
1003,298124
781,298156
633,298188
319,298220
139,298252
361,298284
208,298316
487,298348
1007,298380
938,298412
1207,298444
1708,298476
1661,298508
2170,298540
1742,298572
1607,298604
1274,298636
1114,298668
1275,298700
648,298732
460,298764
554,298796
18,298828
0,298860
124,298892
351,298924
926,298956
718,298988
1386,299020
1582,299052
1404,299084
2056,299116
2250,299148
2106,299180
1835,299212
1226,299244
1358,299276
765,299308
540,299340
315,299372
90,299404
0,299436
0,299468
120,299500
391,299532
571,299564
841,299596
992,299628
1300,299660
1977,299692
2125,299724
2359,299756
2077,299788
1421,299820
1597,299852
1372,299884
791,299916
910,299948
639,299980
523,300012
173,300044
270,300076
575,300108
720,300140
604,300172
1260,300204
1052,300236
1286,300268
1918,300300
1741,300332
1863,300364
1944,300396
1389,300428
1454,300460
879,300492
747,300524
429,300556
254,300588
409,300620
0,300652
39,300684
616,300716
478,300748
755,300780
939,300812
1208,300844
1802,300876
1962,300908
2267,300940
2169,300972
1514,301004
1696,301036
1466,301068
1228,301100
1003,301132
736,301164
541,301196
272,301228
0,301260
395,301292
256,301324
520,301356
714,301388
968,301420
1241,301452
1420,301484
1706,301516
2249,301548
1756,301580
1528,301612
1705,301644
1067,301676
1273,301708
571,301740
783,301772
511,301804
0,301836
283,301868
477,301900
395,301932
928,301964
1162,301996
1503,302028
1584,302060
1822,302092
2141,302124
2234,302156
1626,302188
1792,302220
1164,302252
988,302284
1069,302316
540,302348
603,302380
380,302412
0,302444
264,302476
155,302508
461,302540
604,302572
884,302604
1512,302636
1336,302668
1611,302700
1802,302732
1897,302764
1661,302796
1720,302828
1199,302860
1324,302892
655,302924
862,302956
606,302988
400,303020
134,303052
344,303084
603,303116
796,303148
656,303180
1248,303212
1114,303244
1341,303276
1568,303308
1804,303340
1770,303372
1501,303404
1316,303436
1421,303468
845,303500
679,303532
843,303564
215,303596
411,303628
0,303660
501,303692
687,303724
510,303756
1145,303788
1372,303820
1243,303852
1840,303884
2032,303916
2392,303948
2088,303980
1822,304012
1663,304044
1343,304076
767,304108
972,304140
312,304172
90,304204
246,304236
0,304268
472,304300
667,304332
601,304364
1119,304396
999,304428
1319,304460
1453,304492
1750,304524
2331,304556
1674,304588
1449,304620
1584,304652
987,304684
808,304716
891,304748
349,304780
461,304812
159,304844
349,304876
544,304908
813,304940
1004,304972
1231,305004
1466,305036
1692,305068
1897,305100
2170,305132
2176,305164
1568,305196
1711,305228
1104,305260
908,305292
650,305324
457,305356
277,305388
7,305420
0,305452
59,305484
278,305516
507,305548
656,305580
955,305612
1625,305644
1368,305676
2064,305708
2263,305740
1819,305772
1951,305804
1676,305836
1129,305868
1212,305900
984,305932
873,305964
493,305996
267,306028
223,306060
376,306092
267,306124
875,306156
714,306188
998,306220
1531,306252
1451,306284
1995,306316
2236,306348
2151,306380
1803,306412
1222,306444
1081,306476
764,306508
592,306540
750,306572
142,306604
0,306636
268,306668
186,306700
409,306732
920,306764
863,306796
1452,306828
1231,306860
1916,306892
2112,306924
2320,306956
2048,306988
1773,307020
1577,307052
1306,307084
713,307116
844,307148
254,307180
27,307212
263,307244
0,307276
187,307308
366,307340
632,307372
903,307404
1081,307436
1363,307468
1515,307500
1821,307532
2327,307564
1566,307596
1829,307628
1547,307660
905,307692
1081,307724
857,307756
278,307788
393,307820
113,307852
461,307884
587,307916
784,307948
1087,307980
1241,308012
1114,308044
1786,308076
1576,308108
1804,308140
2144,308172
1508,308204
1664,308236
1406,308268
873,308300
941,308332
375,308364
233,308396
0,308428
0,308460
470,308492
314,308524
542,308556
1130,308588
990,308620
1260,308652
1820,308684
1725,308716
2333,308748
2064,308780
1911,308812
1632,308844
1437,308876
1176,308908
942,308940
714,308972
480,309004
218,309036
252,309068
455,309100
318,309132
619,309164
777,309196
1030,309228
1225,309260
1484,309292
1767,309324
1883,309356
1703,309388
1770,309420
1239,309452
1006,309484
704,309516
555,309548
750,309580
60,309612
255,309644
344,309676
219,309708
799,309740
987,309772
903,309804
1440,309836
1680,309868
2041,309900
2112,309932
2170,309964
2015,309996
1696,310028
1104,310060
1271,310092
651,310124
810,310156
555,310188
27,310220
75,310252
330,310284
299,310316
779,310348
655,310380
981,310412
1116,310444
1401,310476
2043,310508
1862,310540
1847,310572
1934,310604
1369,310636
1147,310668
1195,310700
685,310732
810,310764
573,310796
348,310828
202,310860
460,310892
666,310924
858,310956
1118,310988
1311,311020
1167,311052
1478,311084
1630,311116
1866,311148
1680,311180
1448,311212
1244,311244
986,311276
791,311308
907,311340
343,311372
156,311404
317,311436
0,311468
587,311500
325,311532
1016,311564
1209,311596
1022,311628
1663,311660
1904,311692
1767,311724
2304,311756
2028,311788
1911,311820
1551,311852
1294,311884
1145,311916
830,311948
256,311980
454,312012
0,312044
332,312076
536,312108
378,312140
986,312172
1182,312204
1111,312236
1644,312268
1514,312300
1847,312332
2265,312364
1624,312396
1801,312428
1158,312460
935,312492
1066,312524
474,312556
296,312588
377,312620
0,312652
413,312684
301,312716
873,312748
1068,312780
1326,312812
1528,312844
1760,312876
1994,312908
2233,312940
2127,312972
1543,313004
1648,313036
1050,313068
1182,313100
591,313132
396,313164
141,313196
0,313228
0,313260
62,313292
341,313324
555,313356
792,313388
1015,313420
1166,313452
1469,313484
2157,313516
1895,313548
2175,313580
1899,313612
1610,313644
1423,313676
1151,313708
617,313740
696,313772
464,313804
347,313836
215,313868
440,313900
749,313932
893,313964
1196,313996
1390,314028
1228,314060
1516,314092
2060,314124
1912,314156
1983,314188
1764,314220
1256,314252
1033,314284
712,314316
571,314348
255,314380
88,314412
230,314444
0,314476
237,314508
782,314540
696,314572
925,314604
1147,314636
1373,314668
1980,314700
1755,314732
2264,314764
1996,314796
1800,314828
1518,314860
1246,314892
683,314924
792,314956
203,314988
329,315020
0,315052
0,315084
207,315116
432,315148
685,315180
876,315212
1135,315244
1418,315276
1598,315308
1882,315340
1738,315372
1580,315404
1790,315436
1040,315468
1294,315500
1022,315532
783,315564
568,315596
336,315628
0,315660
457,315692
650,315724
987,315756
1102,315788
1305,315820
1613,315852
1770,315884
1631,315916
2319,315948
1678,315980
1452,316012
1627,316044
988,316076
1145,316108
895,316140
363,316172
183,316204
0,316236
0,316268
103,316300
377,316332
987,316364
826,316396
1051,316428
1648,316460
1511,316492
1787,316524
1913,316556
1721,316588
1853,316620
1544,316652
1373,316684
1114,316716
479,316748
656,316780
427,316812
0,316844
318,316876
512,316908
779,316940
960,316972
830,317004
1421,317036
1288,317068
1545,317100
1742,317132
1821,317164
1641,317196
1356,317228
1177,317260
1243,317292
726,317324
494,317356
202,317388
45,317420
219,317452
395,317484
671,317516
863,317548
732,317580
1319,317612
1514,317644
1417,317676
1976,317708
2217,317740
2268,317772
1870,317804
1640,317836
1483,317868
1167,317900
601,317932
752,317964
155,317996
287,318028
155,318060
90,318092
363,318124
847,318156
812,318188
1295,318220
1168,318252
1497,318284
1629,318316
1926,318348
2144,318380
1358,318412
1308,318444
1038,318476
855,318508
633,318540
684,318572
173,318604
294,318636
298,318668
526,318700
728,318732
554,318764
1180,318796
1373,318828
1643,318860
1838,318892
1692,318924
2236,318956
1624,318988
1391,319020
1160,319052
934,319084
732,319116
474,319148
282,319180
383,319212
0,319244
16,319276
619,319308
455,319340
1101,319372
1257,319404
1534,319436
1737,319468
1545,319500
2201,319532
2264,319564
1642,319596
1771,319628
1500,319660
1371,319692
1035,319724
777,319756
633,319788
319,319820
0,319852
400,319884
208,319916
848,319948
1050,319980
888,320012
1175,320044
1710,320076
1627,320108
2173,320140
1738,320172
1596,320204
1275,320236
1102,320268
1261,320300
649,320332
425,320364
554,320396
0,320428
0,320460
441,320492
361,320524
937,320556
811,320588
1389,320620
1584,320652
1417,320684
2060,320716
2296,320748
2107,320780
1868,320812
1597,320844
1400,320876
1130,320908
537,320940
669,320972
91,321004
0,321036
0,321068
124,321100
403,321132
571,321164
855,321196
1070,321228
1301,321260
1531,321292
2185,321324
1931,321356
2153,321388
1416,321420
1643,321452
1371,321484
786,321516
905,321548
636,321580
103,321612
169,321644
303,321676
649,321708
730,321740
956,321772
1262,321804
1416,321836
1723,321868
1920,321900
1752,321932
1862,321964
1934,321996
1386,322028
1454,322060
1231,322092
744,322124
768,322156
200,322188
61,322220
0,322252
40,322284
652,322316
487,322348
758,322380
1304,322412
1208,322444
1437,322476
1674,322508
1913,322540
2204,322572
1512,322604
1728,322636
1462,322668
1262,322700
992,322732
733,322764
537,322796
272,322828
0,322860
397,322892
265,322924
490,322956
717,322988
942,323020
1197,323052
1392,323084
1658,323116
1945,323148
1704,323180
1524,323212
1704,323244
1065,323276
1269,323308
535,323340
779,323372
507,323404
0,323436
283,323468
512,323500
395,323532
972,323564
1164,323596
1503,323628
1626,323660
1824,323692
2144,323724
2219,323756
1626,323788
1838,323820
1161,323852
938,323884
1099,323916
478,323948
632,323980
368,324012
0,324044
271,324076
164,324108
471,324140
604,324172
888,324204
1513,324236
1335,324268
1578,324300
2184,324332
1850,324364
1661,324396
1384,324428
1195,324460
1323,324492
1019,324524
861,324556
600,324588
397,324620
136,324652
379,324684
606,324716
840,324748
1034,324780
1292,324812
1486,324844
1343,324876
1952,324908
1808,324940
1767,324972
1500,325004
1305,325036
1117,325068
844,325100
664,325132
443,325164
215,325196
0,325228
0,325260
117,325292
763,325324
520,325356
1195,325388
1383,325420
1245,325452
1849,325484
2040,325516
1947,325548
2079,325580
1852,325612
1727,325644
1340,325676
1120,325708
967,325740
656,325772
92,325804
236,325836
0,325868
474,325900
670,325932
602,325964
1130,325996
1360,326028
1321,326060
1821,326092
1692,326124
1949,326156
1624,326188
1446,326220
1614,326252
984,326284
797,326316
536,326348
344,326380
123,326412
155,326444
24,326476
587,326508
814,326540
1040,326572
1240,326604
1504,326636
1708,326668
1901,326700
2173,326732
2175,326764
1564,326796
1706,326828
1102,326860
876,326892
648,326924
425,326956
232,326988
0,327020
0,327052
59,327084
237,327116
520,327148
1131,327180
964,327212
1628,327244
1348,327276
2072,327308
2265,327340
1767,327372
1949,327404
1722,327436
1116,327468
1246,327500
974,327532
714,327564
511,327596
255,327628
231,327660
384,327692
272,327724
922,327756
718,327788
1368,327820
1568,327852
1400,327884
2032,327916
2240,327948
1736,327980
1807,328012
1222,328044
1084,328076
763,328108
598,328140
752,328172
136,328204
0,328236
272,328268
155,328300
413,328332
955,328364
873,328396
1453,328428
1323,328460
1919,328492
2122,328524
2315,328556
2042,328588
1807,328620
1574,328652
1340,328684
1079,328716
877,328748
618,328780
31,328812
142,328844
0,328876
184,328908
379,328940
624,328972
906,329004
1084,329036
1363,329068
1595,329100
1821,329132
1869,329164
1561,329196
1405,329228
1613,329260
906,329292
1119,329324
856,329356
276,329388
393,329420
120,329452
352,329484
588,329516
824,329548
1161,329580
1241,329612
1472,329644
1791,329676
1945,329708
2252,329740
2142,329772
1499,329804
1326,329836
1404,329868
871,329900
941,329932
718,329964
232,329996
252,330028
0,330060
125,330092
268,330124
550,330156
1165,330188
998,330220
1271,330252
1824,330284
1735,330316
1965,330348
1771,330380
1543,330412
1536,330444
990,330476
1208,330508
940,330540
746,330572
480,330604
219,330636
263,330668
459,330700
331,330732
911,330764
778,330796
1002,330828
1226,330860
1464,330892
1721,330924
1853,330956
1646,330988
1465,331020
1176,331052
1002,331084
1179,331116
551,331148
748,331180
27,331212
263,331244
349,331276
183,331308
807,331340
1036,331372
1214,331404
1486,331436
1688,331468
2041,331500
2156,331532
2169,331564
2013,331596
1693,331628
1103,331660
1308,331692
650,331724
430,331756
586,331788
0,331820
107,331852
333,331884
265,331916
782,331948
668,331980
983,332012
1573,332044
1402,332076
2043,332108
1865,332140
1801,332172
1932,332204
1323,332236
1148,332268
873,332300
682,332332
807,332364
505,332396
343,332428
205,332460
477,332492
668,332524
895,332556
1128,332588
1356,332620
1536,332652
1819,332684
2013,332716
1868,332748
2061,332780
1449,332812
1242,332844
987,332876
792,332908
606,332940
335,332972
155,333004
0,333036
0,333068
171,333100
318,333132
621,333164
1277,333196
1032,333228
1719,333260
1915,333292
2093,333324
2301,333356
2016,333388
1463,333420
1549,333452
1325,333484
1208,333516
828,333548
604,333580
448,333612
137,333644
0,333676
538,333708
382,333740
988,333772
1194,333804
1112,333836
1646,333868
1894,333900
1848,333932
1897,333964
1562,333996
1421,334028
1099,334060
934,334092
1098,334124
470,334156
285,334188
24,334220
0,334252
77,334284
575,334316
527,334348
1112,334380
1337,334412
1568,334444
1768,334476
2040,334508
2236,334540
2122,334572
1920,334604
1647,334636
1040,334668
1179,334700
589,334732
365,334764
138,334796
0,334828
0,334860
40,334892
296,334924
569,334956
745,334988
1018,335020
1655,335052
1478,335084
2157,335116
1869,335148
2171,335180
1897,335212
1646,335244
1420,335276
1193,335308
605,335340
730,335372
460,335404
343,335436
238,335468
444,335500
760,335532
906,335564
780,335596
1439,335628
1230,335660
1898,335692
2104,335724
1860,335756
2014,335788
1756,335820
1209,335852
1031,335884
704,335916
570,335948
253,335980
86,336012
219,336044
0,336076
215,336108
784,336140
663,336172
926,336204
1472,336236
1385,336268
1981,336300
1851,336332
2261,336364
1983,336396
1785,336428
1514,336460
1279,336492
682,336524
826,336556
557,336588
363,336620
103,336652
0,336684
571,336716
432,336748
697,336780
889,336812
1146,336844
1419,336876
1606,336908
1884,336940
1816,336972
1576,337004
1341,337036
1040,337068
891,337100
1087,337132
780,337164
605,337196
331,337228
0,337260
459,337292
654,337324
568,337356
1103,337388
1341,337420
1689,337452
1769,337484
2008,337516
2327,337548
2044,337580
1882,337612
1614,337644
986,337676
814,337708
890,337740
362,337772
171,337804
204,337836
0,337868
444,337900
329,337932
639,337964
776,337996
1064,338028
1692,338060
1514,338092
1799,338124
2281,338156
1719,338188
1493,338220
1255,338252
1019,338284
1150,338316
478,338348
684,338380
426,338412
0,338444
330,338476
512,338508
779,338540
973,338572
832,338604
1432,338636
1291,338668
1517,338700
1744,338732
1798,338764
1591,338796
1326,338828
1126,338860
951,338892
676,338924
491,338956
192,338988
40,339020
227,339052
395,339084
683,339116
864,339148
695,339180
1321,339212
1560,339244
1419,339276
2026,339308
2218,339340
2264,339372
1899,339404
1640,339436
1485,339468
1167,339500
590,339532
798,339564
142,339596
0,339628
201,339660
44,339692
327,339724
848,339756
775,339788
1296,339820
1176,339852
1497,339884
1631,339916
1928,339948
2141,339980
1494,340012
1272,340044
1402,340076
813,340108
622,340140
361,340172
173,340204
283,340236
234,340268
525,340300
730,340332
557,340364
1184,340396
1417,340428
1644,340460
1884,340492
2078,340524
2272,340556
1998,340588
1387,340620
1520,340652
928,340684
732,340716
471,340748
282,340780
94,340812
0,340844
16,340876
512,340908
456,340940
683,340972
1306,341004
1132,341036
1807,341068
1549,341100
2251,341132
2251,341164
1641,341196
1771,341228
1496,341260
941,341292
1024,341324
808,341356
687,341388
315,341420
89,341452
411,341484
558,341516
442,341548
1052,341580
890,341612
1176,341644
1719,341676
1628,341708
2175,341740
2106,341772
1596,341804
1629,341836
1040,341868
907,341900
587,341932
424,341964
573,341996
0,342028
0,342060
100,342092
361,342124
589,342156
1087,342188
1037,342220
1630,342252
1416,342284
2104,342316
2298,342348
2140,342380
1866,342412
1593,342444
924,342476
1131,342508
528,342540
667,342572
77,342604
0,342636
0,342668
102,342700
360,342732
553,342764
806,342796
1376,342828
1256,342860
1543,342892
2189,342924
1929,342956
2139,342988
1387,343020
1639,343052
1360,343084
731,343116
905,343148
672,343180
92,343212
203,343244
312,343276
651,343308
759,343340
960,343372
1262,343404
1418,343436
1289,343468
1976,343500
1755,343532
1796,343564
1963,343596
1326,343628
1487,343660
1228,343692
697,343724
768,343756
201,343788
59,343820
0,343852
43,343884
649,343916
490,343948
717,343980
1309,344012
1175,344044
1447,344076
2009,344108
1913,344140
2201,344172
1898,344204
1723,344236
1454,344268
1261,344300
992,344332
764,344364
536,344396
302,344428
171,344460
431,344492
636,344524
490,344556
1086,344588
944,344620
1207,344652
1403,344684
1670,344716
1946,344748
1702,344780
1524,344812
1291,344844
1062,344876
830,344908
528,344940
379,344972
573,345004
0,345036
334,345068
526,345100
403,345132
975,345164
1176,345196
1081,345228
1630,345260
1867,345292
2219,345324
2219,345356
1984,345388
1837,345420
1515,345452
935,345484
1096,345516
476,345548
312,345580
374,345612
0,345644
271,345676
508,345708
475,345740
958,345772
838,345804
1151,345836
1291,345868
1578,345900
2222,345932
1848,345964
1659,345996
1754,346028
1191,346060
967,346092
1016,346124
509,346156
634,346188
0,346220
170,346252
384,346284
648,346316
846,346348
1036,346380
1296,346412
1488,346444
1352,346476
1961,346508
1817,346540
1736,346572
1995,346604
1272,346636
1067,346668
810,346700
617,346732
439,346764
164,346796
0,346828
0,346860
120,346892
765,346924
496,346956
1195,346988
1388,347020
1207,347052
1853,347084
2093,347116
1948,347148
2123,347180
1849,347212
1723,347244
1372,347276
1116,347308
959,347340
655,347372
80,347404
270,347436
0,347468
105,347500
712,347532
553,347564
1165,347596
1360,347628
1287,347660
1832,347692
1703,347724
1946,347756
1613,347788
1444,347820
1613,347852
982,347884
760,347916
889,347948
299,347980
119,348012
186,348044
24,348076
589,348108
758,348140
1049,348172
1242,348204
1511,348236
1710,348268
1952,348300
2176,348332
2219,348364
1945,348396
1741,348428
1469,348460
875,348492
718,348524
414,348556
221,348588
0,348620
0,348652
58,348684
236,348716
509,348748
1024,348780
967,348812
1196,348844
1351,348876
1659,348908
2343,348940
1766,348972
1993,349004
1719,349036
1114,349068
1243,349100
974,349132
440,349164
512,349196
286,349228
300,349260
383,349292
620,349324
928,349356
1072,349388
955,349420
1576,349452
1402,349484
2040,349516
2248,349548
1732,349580
1805,349612
1580,349644
1080,349676
1114,349708
538,349740
397,349772
78,349804
0,349836
304,349868
154,349900
423,349932
960,349964
871,349996
1101,350028
1615,350060
1561,350092
2166,350124
2311,350156
2076,350188
1806,350220
1608,350252
1338,350284
1070,350316
875,350348
616,350380
26,350412
0,350444
0,350476
158,350508
379,350540
614,350572
861,350604
1064,350636
1319,350668
1901,350700
1783,350732
1866,350764
2045,350796
1402,350828
1611,350860
870,350892
1115,350924
845,350956
217,350988
383,351020
167,351052
60,351084
636,351116
825,351148
1165,351180
1279,351212
1484,351244
1801,351276
1947,351308
1816,351340
2188,351372
1498,351404
1696,351436
1437,351468
826,351500
968,351532
718,351564
199,351596
251,351628
0,351660
136,351692
703,351724
556,351756
1177,351788
1000,351820
1236,351852
1836,351884
1692,351916
1976,351948
2105,351980
1534,352012
1663,352044
1081,352076
1197,352108
938,352140
743,352172
476,352204
250,352236
266,352268
495,352300
696,352332
586,352364
1147,352396
1005,352428
1610,352460
1467,352492
1724,352524
1848,352556
1642,352588
1463,352620
1180,352652
999,352684
779,352716
550,352748
326,352780
26,352812
0,352844
425,352876
188,352908
859,352940
1040,352972
1216,353004
1503,353036
1691,353068
1598,353100
2158,353132
2202,353164
2088,353196
1692,353228
1455,353260
1307,353292
991,353324
839,353356
575,353388
0,353420
0,353452
334,353484
268,353516
784,353548
1019,353580
984,353612
1213,353644
1352,353676
1675,353708
1808,353740
1787,353772
1966,353804
1322,353836
1133,353868
1227,353900
682,353932
457,353964
223,353996
4,354028
248,354060
47,354092
710,354124
908,354156
1166,354188
1356,354220
1536,354252
1436,354284
2016,354316
1879,354348
2059,354380
1437,354412
1211,354444
988,354476
1085,354508
557,354540
300,354572
108,354604
0,354636
0,354668
183,354700
330,354732
631,354764
1277,354796
1005,354828
1721,354860
1915,354892
2138,354924
2299,354956
2063,354988
1462,355020
1594,355052
1320,355084
1195,355116
858,355148
601,355180
447,355212
135,355244
0,355276
586,355308
382,355340
618,355372
1228,355404
1065,355436
1694,355468
1897,355500
1815,355532
1895,355564
1560,355596
1416,355628
1097,355660
934,355692
1085,355724
470,355756
248,355788
366,355820
0,355852
76,355884
279,355916
537,355948
1113,355980
1271,356012
1577,356044
1772,356076
2041,356108
2240,356140
2155,356172
1528,356204
1689,356236
1408,356268
1215,356300
954,356332
361,356364
492,356396
0,356428
0,356460
42,356492
302,356524
568,356556
750,356588
1021,356620
1551,356652
1482,356684
1717,356716
1872,356748
1751,356780
1951,356812
1643,356844
1456,356876
1199,356908
605,356940
729,356972
464,357004
0,357036
253,357068
480,357100
828,357132
907,357164
1136,357196
1449,357228
1594,357260
1466,357292
2105,357324
1849,357356
2011,357388
1753,357420
1198,357452
1018,357484
1060,357516
571,357548
589,357580
34,357612
0,357644
0,357676
218,357708
826,357740
665,357772
935,357804
1116,357836
1386,357868
1625,357900
2142,357932
1885,357964
2026,357996
1783,358028
1548,358060
1278,358092
648,358124
826,358156
555,358188
361,358220
116,358252
1,358284
573,358316
446,358348
668,358380
891,358412
1128,358444
1381,358476
1578,358508
1848,358540
2122,358572
1518,358604
1340,358636
1527,358668
887,358700
1085,358732
777,358764
603,358796
331,358828
0,358860
473,358892
699,358924
571,358956
1161,358988
1342,359020
1691,359052
1818,359084
2011,359116
2331,359148
2041,359180
1437,359212
1657,359244
975,359276
1177,359308
920,359340
300,359372
135,359404
201,359436
0,359468
444,359500
333,359532
649,359564
782,359596
1066,359628
1695,359660
1518,359692
1754,359724
2282,359756
1673,359788
1479,359820
1578,359852
1017,359884
1147,359916
569,359948
685,359980
426,360012
0,360044
330,360076
571,360108
782,360140
1017,360172
1209,360204
1470,360236
1674,360268
1520,360300
2141,360332
1788,360364
1581,360396
1327,360428
1126,360460
938,360492
668,360524
489,360556
267,360588
39,360620
0,360652
447,360684
285,360716
943,360748
700,360780
1373,360812
1567,360844
1430,360876
2027,360908
2220,360940
1805,360972
1901,361004
1663,361036
1551,361068
1166,361100
939,361132
783,361164
476,361196
315,361228
201,361260
48,361292
330,361324
858,361356
776,361388
1306,361420
1546,361452
1498,361484
2010,361516
1880,361548
1769,361580
1437,361612
1270,361644
1436,361676
810,361708
621,361740
712,361772
169,361804
0,361836
0,361868
192,361900
766,361932
557,361964
1226,361996
1420,362028
1692,362060
1888,362092
2089,362124
2270,362156
1996,362188
1386,362220
1520,362252
926,362284
698,362316
463,362348
240,362380
47,362412
0,362444
0,362476
234,362508
408,362540
690,362572
1308,362604
1141,362636
1805,362668
1520,362700
2252,362732
2240,362764
1589,362796
1767,362828
1534,362860
947,362892
1070,362924
799,362956
683,362988
344,363020
103,363052
415,363084
568,363116
448,363148
1102,363180
894,363212
1128,363244
1755,363276
1582,363308
2218,363340
2106,363372
1549,363404
1626,363436
1038,363468
903,363500
588,363532
414,363564
571,363596
0,363628
0,363660
447,363692
329,363724
599,363756
777,363788
1047,363820
1639,363852
1790,363884
2105,363916
2301,363948
2137,363980
1862,364012
1629,364044
1388,364076
1151,364108
895,364140
700,364172
431,364204
0,364236
233,364268
103,364300
362,364332
553,364364
811,364396
1083,364428
1259,364460
1543,364492
1782,364524
1928,364556
1691,364588
1383,364620
1226,364652
1435,364684
726,364716
943,364748
671,364780
93,364812
203,364844
315,364876
237,364908
766,364940
1001,364972
1342,365004
1422,365036
1662,365068
1979,365100
2125,365132
1788,365164
1962,365196
1322,365228
1482,365260
1228,365292
696,365324
762,365356
549,365388
56,365420
97,365452
5,365484
313,365516
444,365548
728,365580
1342,365612
1178,365644
1451,365676
1639,365708
1914,365740
1833,365772
1884,365804
1367,365836
1496,365868
1255,365900
1022,365932
767,365964
568,365996
300,366028
172,366060
443,366092
637,366124
494,366156
1097,366188
954,366220
1180,366252
1418,366284
1643,366316
1901,366348
1671,366380
1466,366412
1287,366444
1003,366476
826,366508
894,366540
376,366572
571,366604
0,366636
343,366668
527,366700
362,366732
985,366764
1213,366796
1081,366828
1676,366860
1869,366892
2060,366924
2249,366956
1980,366988
1824,367020
1504,367052
934,367084
1132,367116
474,367148
653,367180
406,367212
0,367244
311,367276
508,367308
440,367340
959,367372
838,367404
1160,367436
1293,367468
1580,367500
2221,367532
1838,367564
1609,367596
1744,367628
1145,367660
959,367692
1050,367724
506,367756
623,367788
57,367820
173,367852
392,367884
651,367916
846,367948
1070,367980
1305,368012
1534,368044
1728,368076
1999,368108
2202,368140
1728,368172
1872,368204
1264,368236
1067,368268
808,368300
616,368332
439,368364
164,368396
0,368428
0,368460
120,368492
361,368524
496,368556
798,368588
1453,368620
1210,368652
1901,368684
2095,368716
1950,368748
2121,368780
1838,368812
1609,368844
1370,368876
1145,368908
1024,368940
652,368972
424,369004
269,369036
219,369068
521,369100
716,369132
569,369164
842,369196
1369,369228
1302,369260
1835,369292
2075,369324
1947,369356
1978,369388
1384,369420
1243,369452
922,369484
757,369516
920,369548
296,369580
107,369612
186,369644
26,369676
253,369708
477,369740
711,369772
1288,369804
1072,369836
1744,369868
1948,369900
2220,369932
2216,369964
1936,369996
1737,370028
1467,370060
872,370092
1003,370124
413,370156
197,370188
0,370220
0,370252
23,370284
216,370316
473,370348
746,370380
919,370412
1206,370444
1837,370476
1658,370508
2347,370540
1732,370572
1982,370604
1709,370636
1077,370668
1243,370700
1016,370732
732,370764
554,370796
286,370828
300,370860
426,370892
624,370924
928,370956
1081,370988
956,371020
1626,371052
1406,371084
1642,371116
2286,371148
1670,371180
1837,371212
1577,371244
1033,371276
1104,371308
528,371340
393,371372
509,371404
0,371436
313,371468
168,371500
382,371532
970,371564
839,371596
1102,371628
1291,371660
1565,371692
2167,371724
2236,371756
2073,371788
1802,371820
1598,371852
1336,371884
1102,371916
872,371948
640,371980
380,372012
171,372044
297,372076
158,372108
747,372140
616,372172
871,372204
1065,372236
1324,372268
1607,372300
1786,372332
1864,372364
1629,372396
1398,372428
1165,372460
872,372492
715,372524
919,372556
217,372588
426,372620
169,372652
365,372684
638,372716
828,372748
744,372780
1288,372812
1518,372844
1871,372876
1949,372908
2199,372940
2185,372972
1856,373004
1264,373036
1434,373068
810,373100
968,373132
713,373164
188,373196
240,373228
169,373260
139,373292
367,373324
506,373356
825,373388
953,373420
1240,373452
1872,373484
1701,373516
1979,373548
1722,373580
1529,373612
1305,373644
1356,373676
847,373708
970,373740
733,373772
506,373804
248,373836
302,373868
504,373900
700,373932
957,373964
1149,373996
1007,374028
1611,374060
1470,374092
1704,374124
1839,374156
1610,374188
1413,374220
1146,374252
950,374284
775,374316
494,374348
325,374380
478,374412
0,374444
427,374476
168,374508
859,374540
1039,374572
1262,374604
1501,374636
1741,374668
1607,374700
2208,374732
2189,374764
2075,374796
1721,374828
1453,374860
1307,374892
990,374924
423,374956
606,374988
0,375020
155,375052
376,375084
220,375116
826,375148
1022,375180
951,375212
1223,375244
1352,375276
1687,375308
1820,375340
1786,375372
1961,375404
1319,375436
1096,375468
1225,375500
633,375532
455,375564
538,375596
2,375628
249,375660
141,375692
715,375724
908,375756
1165,375788
1356,375820
1598,375852
1446,375884
2059,375916
2268,375948
2089,375980
1821,376012
1210,376044
1344,376076
751,376108
554,376140
298,376172
106,376204
0,376236
0,376268
183,376300
408,376332
630,376364
859,376396
1007,376428
1319,376460
1993,376492
2141,376524
2349,376556
2061,376588
1451,376620
1583,376652
1312,376684
774,376716
856,376748
623,376780
504,376812
125,376844
284,376876
589,376908
735,376940
1035,376972
1228,377004
1068,377036
1352,377068
1900,377100
1816,377132
1885,377164
1926,377196
1416,377228
1450,377260
872,377292
733,377324
420,377356
246,377388
396,377420
0,377452
88,377484
624,377516
536,377548
765,377580
988,377612
1225,377644
1818,377676
1596,377708
2285,377740
2153,377772
1499,377804
1688,377836
1405,377868
1212,377900
953,377932
358,377964
489,377996
0,378028
0,378060
47,378092
272,378124
536,378156
728,378188
973,378220
1256,378252
1434,378284
1722,378316
1880,378348
1749,378380
1960,378412
1641,378444
1462,378476
1183,378508
553,378540
652,378572
492,378604
0,378636
297,378668
488,378700
829,378732
941,378764
1149,378796
1451,378828
1599,378860
1480,378892
2157,378924
1840,378956
1612,378988
1785,379020
1157,379052
973,379084
1055,379116
523,379148
590,379180
27,379212
0,379244
0,379276
218,379308
829,379340
668,379372
893,379404
1484,379436
1342,379468
1625,379500
1817,379532
1883,379564
2013,379596
1710,379628
1543,379660
1274,379692
649,379724
814,379756
587,379788
350,379820
151,379852
350,379884
619,379916
809,379948
680,379980
1262,380012
1129,380044
1384,380076
1583,380108
1848,380140
1803,380172
1518,380204
1351,380236
1406,380268
887,380300
652,380332
829,380364
203,380396
397,380428
0,380460
521,380492
703,380524
572,380556
1161,380588
1353,380620
1259,380652
1808,380684
2048,380716
2411,380748
2032,380780
1805,380812
1648,380844
1338,380876
751,380908
910,380940
312,380972
136,381004
192,381036
0,381068
448,381100
688,381132
649,381164
1132,381196
1016,381228
1337,381260
1468,381292
1756,381324
2314,381356
1669,381388
1479,381420
1206,381452
1005,381484
793,381516
841,381548
343,381580
448,381612
0,381644
366,381676
568,381708
816,381740
1022,381772
1212,381804
1479,381836
1677,381868
1531,381900
2141,381932
1787,381964
1560,381996
1320,382028
1095,382060
902,382092
634,382124
441,382156
553,382188
0,382220
0,382252
459,382284
294,382316
951,382348
670,382380
1383,382412
1565,382444
1384,382476
2029,382508
2270,382540
1802,382572
1935,382604
1662,382636
1544,382668
1195,382700
938,382732
783,382764
475,382796
0,382828
239,382860
57,382892
284,382924
890,382956
730,382988
1342,383020
1549,383052
1465,383084
2009,383116
1882,383148
1767,383180
1436,383212
1260,383244
1423,383276
805,383308
585,383340
704,383372
123,383404
0,383436
282,383468
200,383500
777,383532
927,383564
1229,383596
1424,383628
1693,383660
1888,383692
2128,383724
2268,383756
2031,383788
1758,383820
1562,383852
1291,383884
698,383916
829,383948
239,383980
46,384012
0,384044
0,384076
233,384108
420,384140
695,384172
923,384204
1144,384236
1371,384268
1530,384300
1836,384332
2313,384364
1578,384396
1807,384428
1531,384460
945,384492
1066,384524
796,384556
254,384588
334,384620
136,384652
487,384684
570,384716
800,384748
1114,384780
1256,384812
1129,384844
1758,384876
1580,384908
1880,384940
2104,384972
1548,385004
1626,385036
1392,385068
903,385100
933,385132
360,385164
219,385196
0,385228
0,385260
492,385292
331,385324
599,385356
1134,385388
1049,385420
1277,385452
1792,385484
1741,385516
2347,385548
1677,385580
1888,385612
1624,385644
1420,385676
1162,385708
893,385740
698,385772
429,385804
0,385836
238,385868
107,385900
333,385932
1035,385964
780,385996
1035,386028
1240,386060
1496,386092
1784,386124
1868,386156
1687,386188
1383,386220
1223,386252
1431,386284
688,386316
940,386348
667,386380
52,386412
199,386444
362,386476
235,386508
813,386540
1001,386572
1342,386604
1464,386636
1661,386668
1981,386700
2123,386732
1786,386764
1996,386796
1327,386828
1096,386860
1256,386892
646,386924
792,386956
538,386988
20,387020
103,387052
6,387084
314,387116
446,387148
728,387180
1343,387212
1180,387244
1415,387276
2014,387308
1879,387340
1831,387372
1917,387404
1357,387436
1483,387468
1180,387500
1017,387532
760,387564
557,387596
302,387628
219,387660
446,387692
680,387724
874,387756
1131,387788
1323,387820
1183,387852
1495,387884
1645,387916
1903,387948
1663,387980
1464,388012
1286,388044
1004,388076
825,388108
888,388140
374,388172
151,388204
0,388236
0,388268
605,388300
364,388332
1035,388364
1225,388396
1085,388428
1677,388460
1880,388492
1787,388524
2248,388556
2012,388588
1899,388620
1503,388652
1276,388684
1129,388716
816,388748
250,388780
397,388812
0,388844
314,388876
512,388908
451,388940
968,388972
1199,389004
1165,389036
1660,389068
1530,389100
1863,389132
1786,389164
1610,389196
1784,389228
1145,389260
957,389292
1049,389324
505,389356
281,389388
328,389420
0,389452
426,389484
653,389516
880,389548
1084,389580
1340,389612
1536,389644
1738,389676
2009,389708
2205,389740
1725,389772
1578,389804
1261,389836
1036,389868
798,389900
583,389932
391,389964
125,389996
0,390028
175,390060
77,390092
359,390124
974,390156
796,390188
1465,390220
1182,390252
1910,390284
2103,390316
1910,390348
2121,390380
1884,390412
1275,390444
1404,390476
1144,390508
1022,390540
679,390572
412,390604
267,390636
223,390668
111,390700
763,390732
559,390764
1213,390796
1416,390828
1242,390860
1879,390892
2078,390924
1896,390956
1968,390988
1372,391020
1240,391052
1369,391084
748,391116
920,391148
296,391180
72,391212
170,391244
0,391276
253,391308
797,391340
711,391372
1289,391404
1161,391436
1757,391468
1952,391500
2230,391532
2208,391564
1977,391596
1728,391628
1499,391660
1240,391692
669,391724
776,391756
187,391788
315,391820
0,391852
27,391884
219,391916
474,391948
755,391980
922,392012
1207,392044
1435,392076
1660,392108
1899,392140
1722,392172
1565,392204
1783,392236
1064,392268
1279,392300
1014,392332
732,392364
553,392396
282,392428
0,392460
430,392492
666,392524
1005,392556
1083,392588
1312,392620
1631,392652
1785,392684
2089,392716
2286,392748
1661,392780
1494,392812
1566,392844
1032,392876
1102,392908
877,392940
391,392972
167,393004
0,393036
0,393068
110,393100
393,393132
1005,393164
841,393196
1112,393228
1664,393260
1564,393292
1805,393324
1944,393356
1705,393388
1836,393420
1152,393452
1370,393484
1100,393516
906,393548
638,393580
377,393612
0,393644
300,393676
168,393708
751,393740
620,393772
843,393804
1070,393836
1302,393868
1561,393900
1766,393932
1805,393964
1625,393996
1341,394028
1163,394060
860,394092
711,394124
908,394156
186,394188
423,394220
173,394252
408,394284
649,394316
875,394348
753,394380
1328,394412
1528,394444
1879,394476
1993,394508
2192,394540
2175,394572
1856,394604
1260,394636
1469,394668
808,394700
584,394732
736,394764
134,394796
279,394828
172,394860
106,394892
375,394924
507,394956
824,394988
957,395020
1242,395052
1881,395084
1704,395116
1943,395148
2095,395180
1483,395212
1303,395244
1023,395276
841,395308
967,395340
666,395372
505,395404
238,395436
311,395468
508,395500
734,395532
592,395564
1196,395596
1389,395628
1658,395660
1851,395692
1709,395724
2223,395756
1610,395788
1402,395820
1147,395852
942,395884
766,395916
491,395948
315,395980
368,396012
0,396044
20,396076
168,396108
460,396140
1119,396172
1263,396204
1551,396236
1743,396268
1607,396300
2217,396332
2189,396364
1627,396396
1720,396428
1483,396460
1369,396492
987,396524
764,396556
617,396588
300,396620
0,396652
380,396684
224,396716
832,396748
1024,396780
954,396812
1223,396844
1738,396876
1687,396908
2190,396940
1724,396972
1582,397004
1260,397036
1096,397068
1257,397100
632,397132
443,397164
184,397196
0,397228
0,397260
414,397292
375,397324
944,397356
1177,397388
1406,397420
1600,397452
1422,397484
2074,397516
2269,397548
2091,397580
1817,397612
1200,397644
1341,397676
749,397708
522,397740
297,397772
72,397804
0,397836
0,397868
138,397900
699,397932
587,397964
861,397996
1495,398028
1320,398060
1993,398092
2143,398124
2334,398156
2057,398188
1401,398220
1583,398252
1354,398284
762,398316
888,398348
621,398380
509,398412
153,398444
285,398476
600,398508
745,398540
620,398572
1278,398604
1068,398636
1727,398668
1934,398700
1768,398732
1837,398764
1918,398796
1371,398828
1449,398860
870,398892
729,398924
411,398956
246,398988
391,399020
0,399052
56,399084
632,399116
503,399148
765,399180
1311,399212
1225,399244
1819,399276
1687,399308
2285,399340
2154,399372
1496,399404
1676,399436
1440,399468
1210,399500
974,399532
718,399564
512,399596
266,399628
0,399660
410,399692
283,399724
537,399756
728,399788
984,399820
1258,399852
1446,399884
1722,399916
1960,399948
1738,399980
1510,400012
1689,400044
1049,400076
1257,400108
553,400140
765,400172
493,400204
0,400236
299,400268
492,400300
411,400332
942,400364
1180,400396
1519,400428
1609,400460
1840,400492
2159,400524
2206,400556
2044,400588
1775,400620
1146,400652
970,400684
1050,400716
520,400748
589,400780
363,400812
0,400844
282,400876
170,400908
479,400940
619,400972
902,401004
1530,401036
1351,401068
1628,401100
2203,401132
1880,401164
1643,401196
1415,401228
1183,401260
1308,401292
640,401324
844,401356
586,401388
382,401420
154,401452
364,401484
620,401516
812,401548
682,401580
1270,401612
1133,401644
1358,401676
1594,401708
1830,401740
1744,401772
1485,401804
1277,401836
1110,401868
829,401900
658,401932
823,401964
200,401996
389,402028
0,402060
509,402092
713,402124
537,402156
1152,402188
1391,402220
1260,402252
1855,402284
2056,402316
2411,402348
2062,402380
1803,402412
1643,402444
1327,402476
750,402508
953,402540
299,402572
74,402604
0,402636
0,402668
488,402700
687,402732
616,402764
1145,402796
1019,402828
1335,402860
1470,402892
1768,402924
2311,402956
1658,402988
1432,403020
1566,403052
969,403084
783,403116
520,403148
331,403180
445,403212
139,403244
374,403276
570,403308
829,403340
1024,403372
1259,403404
1484,403436
1723,403468
1916,403500
2185,403532
2160,403564
1536,403596
1691,403628
1087,403660
890,403692
633,403724
438,403756
253,403788
0,403820
0,403852
75,403884
297,403916
523,403948
680,403980
971,404012
1645,404044
1384,404076
2089,404108
2281,404140
1799,404172
1933,404204
1658,404236
1110,404268
1192,404300
960,404332
848,404364
473,404396
240,404428
249,404460
398,404492
284,404524
896,404556
731,404588
1351,404620
1548,404652
1467,404684
2014,404716
2253,404748
1768,404780
1792,404812
1198,404844
1069,404876
746,404908
582,404940
734,404972
123,405004
0,405036
0,405068
203,405100
429,405132
936,405164
889,405196
1470,405228
1703,405260
1934,405292
2136,405324
2300,405356
2026,405388
1755,405420
1559,405452
1280,405484
696,405516
830,405548
237,405580
20,405612
0,405644
0,405676
201,405708
391,405740
649,405772
920,405804
1097,405836
1374,405868
2027,405900
1846,405932
2301,405964
1549,405996
1803,406028
1527,406060
888,406092
1067,406124
840,406156
253,406188
379,406220
137,406252
336,406284
617,406316
800,406348
1104,406380
1258,406412
1131,406444
1805,406476
1593,406508
2266,406540
2136,406572
1484,406604
1647,406636
1390,406668
856,406700
923,406732
358,406764
215,406796
0,406828
0,406860
487,406892
331,406924
567,406956
1148,406988
1015,407020
1287,407052
1848,407084
1751,407116
2349,407148
1767,407180
1885,407212
1616,407244
1421,407276
1160,407308
926,407340
700,407372
462,407404
201,407436
278,407468
473,407500
335,407532
927,407564
795,407596
1040,407628
1245,407660
1498,407692
1785,407724
1864,407756
1684,407788
1451,407820
1214,407852
987,407884
688,407916
539,407948
735,407980
40,408012
235,408044
363,408076
245,408108
823,408140
1008,408172
1229,408204
1464,408236
1704,408268
2061,408300
2140,408332
2152,408364
1995,408396
1676,408428
1513,408460
1248,408492
634,408524
460,408556
540,408588
7,408620
104,408652
360,408684
315,408716
798,408748
680,408780
991,408812
1130,408844
1416,408876
2060,408908
1882,408940
1819,408972
1918,409004
1354,409036
1127,409068
892,409100
669,409132
784,409164
127,409196
330,409228
220,409260
488,409292
686,409324
877,409356
1133,409388
1335,409420
1193,409452
1792,409484
1655,409516
1894,409548
1661,409580
1434,409612
1229,409644
970,409676
776,409708
597,409740
317,409772
146,409804
299,409836
0,409868
603,409900
333,409932
1035,409964
1229,409996
1047,410028
1689,410060
1928,410092
2109,410124
2287,410156
2011,410188
1885,410220
1531,410252
1274,410284
1120,410316
813,410348
240,410380
439,410412
0,410444
0,410476
544,410508
395,410540
1000,410572
1208,410604
1128,410636
1661,410668
1534,410700
1864,410732
2249,410764
1608,410796
1775,410828
1142,410860
919,410892
1048,410924
460,410956
268,410988
18,411020
0,411052
429,411084
600,411116
887,411148
1086,411180
1342,411212
1548,411244
1785,411276
2012,411308
2253,411340
2106,411372
1903,411404
1641,411436
1024,411468
1166,411500
574,411532
380,411564
123,411596
0,411628
0,411660
80,411692
359,411724
587,411756
809,411788
1035,411820
1191,411852
1486,411884
2173,411916
1915,411948
2167,411980
1879,412012
1593,412044
1403,412076
1135,412108
591,412140
671,412172
448,412204
329,412236
236,412268
460,412300
767,412332
911,412364
795,412396
1407,412428
1245,412460
1871,412492
2080,412524
1896,412556
1966,412588
1738,412620
1240,412652
1007,412684
695,412716
553,412748
238,412780
72,412812
204,412844
5,412876
263,412908
446,412940
713,412972
941,413004
1451,413036
1401,413068
2000,413100
2231,413132
2238,413164
1976,413196
1772,413228
1500,413260
1228,413292
1035,413324
766,413356
176,413388
314,413420
0,413452
5,413484
222,413516
454,413548
708,413580
906,413612
1160,413644
1435,413676
1613,413708
1908,413740
2215,413772
1561,413804
1771,413836
1034,413868
1273,413900
1005,413932
767,413964
542,413996
316,414028
0,414060
474,414092
670,414124
1013,414156
1126,414188
1320,414220
1631,414252
1784,414284
1654,414316
2336,414348
1661,414380
1866,414412
1598,414444
970,414476
1131,414508
877,414540
346,414572
157,414604
0,414636
440,414668
111,414700
396,414732
1005,414764
845,414796
1079,414828
1664,414860
1528,414892
1804,414924
2268,414956
1695,414988
1837,415020
1241,415052
1357,415084
1100,415116
909,415148
638,415180
411,415212
0,415244
344,415276
536,415308
794,415340
987,415372
845,415404
1449,415436
1304,415468
1563,415500
1769,415532
1806,415564
1625,415596
1338,415628
1162,415660
934,415692
710,415724
486,415756
184,415788
25,415820
249,415852
412,415884
699,415916
887,415948
757,415980
1337,416012
1532,416044
1435,416076
1994,416108
2234,416140
2249,416172
1853,416204
1624,416236
1467,416268
1152,416300
990,416332
731,416364
125,416396
0,416428
173,416460
108,416492
375,416524
860,416556
825,416588
1319,416620
1192,416652
1513,416684
1647,416716
1944,416748
2128,416780
1482,416812
1292,416844
1390,416876
840,416908
607,416940
391,416972
157,417004
268,417036
0,417068
544,417100
746,417132
572,417164
1200,417196
1400,417228
1660,417260
1856,417292
1708,417324
2221,417356
1610,417388
1381,417420
1136,417452
910,417484
716,417516
457,417548
267,417580
87,417612
0,417644
21,417676
169,417708
471,417740
1126,417772
1275,417804
1558,417836
1755,417868
1563,417900
2219,417932
2234,417964
1623,417996
1756,418028
1480,418060
1358,418092
1016,418124
763,418156
608,418188
300,418220
0,418252
416,418284
234,418316
458,418348
1068,418380
904,418412
1191,418444
1728,418476
1655,418508
2200,418540
1723,418572
1580,418604
1260,418636
1084,418668
1247,418700
630,418732
407,418764
534,418796
0,418828
0,418860
108,418892
375,418924
953,418956
1112,418988
1405,419020
1612,419052
1424,419084
2078,419116
2317,419148
2080,419180
1851,419212
1577,419244
1374,419276
1104,419308
512,419340
653,419372
71,419404
0,419436
0,419468
142,419500
411,419532
592,419564
861,419596
1391,419628
1320,419660
1559,419692
2205,419724
1913,419756
2125,419788
1400,419820
1627,419852
1353,419884
762,419916
889,419948
621,419980
87,420012
149,420044
328,420076
669,420108
748,420140
976,420172
1279,420204
1434,420236
1306,420268
1946,420300
1769,420332
1838,420364
1916,420396
1370,420428
1439,420460
1214,420492
717,420524
751,420556
184,420588
43,420620
0,420652
56,420684
667,420716
506,420748
776,420780
956,420812
1227,420844
1455,420876
1983,420908
1929,420940
2190,420972
1497,421004
1712,421036
1438,421068
1244,421100
976,421132
713,421164
512,421196
253,421228
0,421260
413,421292
285,421324
507,421356
734,421388
966,421420
1222,421452
1418,421484
1677,421516
2271,421548
1688,421580
1498,421612
1687,421644
1047,421676
1243,421708
516,421740
759,421772
489,421804
0,421836
301,421868
538,421900
412,421932
990,421964
1181,421996
1528,422028
1643,422060
1850,422092
2169,422124
2206,422156
1608,422188
1820,422220
1144,422252
918,422284
1080,422316
460,422348
619,422380
360,422412
0,422444
283,422476
174,422508
488,422540
622,422572
906,422604
1531,422636
1356,422668
1593,422700
2205,422732
1832,422764
1643,422796
1738,422828
1179,422860
1305,422892
1002,422924
843,422956
586,422988
377,423020
164,423052
397,423084
634,423116
861,423148
1051,423180
1309,423212
1504,423244
1360,423276
1967,423308
1833,423340
1743,423372
1483,423404
1285,423436
1108,423468
826,423500
648,423532
427,423564
189,423596
0,423628
0,423660
126,423692
781,423724
540,423756
1211,423788
1401,423820
1271,423852
1865,423884
2062,423916
1963,423948
2062,423980
1833,424012
1719,424044
1324,424076
1099,424108
943,424140
640,424172
75,424204
217,424236
0,424268
168,424300
697,424332
620,424364
1146,424396
1384,424428
1340,424460
1840,424492
1710,424524
1934,424556
1598,424588
1422,424620
1599,424652
966,424684
781,424716
874,424748
328,424780
105,424812
135,424844
41,424876
606,424908
399,424940
1066,424972
1262,425004
1528,425036
1724,425068
1919,425100
2191,425132
2158,425164
1546,425196
1690,425228
1084,425260
858,425292
1101,425324
408,425356
208,425388
0,425420
0,425452
73,425484
252,425516
533,425548
683,425580
982,425612
1645,425644
1358,425676
2091,425708
2285,425740
1751,425772
1931,425804
1704,425836
1107,425868
1229,425900
968,425932
845,425964
505,425996
238,426028
251,426060
400,426092
296,426124
942,426156
743,426188
967,426220
1593,426252
1418,426284
2057,426316
2264,426348
1719,426380
1790,426412
1200,426444
1064,426476
745,426508
570,426540
731,426572
120,426604
0,426636
296,426668
201,426700
437,426732
973,426764
889,426796
1471,426828
1630,426860
1943,426892
2140,426924
2299,426956
2026,426988
1790,427020
1552,427052
1323,427084
1054,427116
860,427148
591,427180
19,427212
0,427244
0,427276
202,427308
396,427340
650,427372
924,427404
1101,427436
1383,427468
1918,427500
1848,427532
1861,427564
1545,427596
1385,427628
1595,427660
880,427692
1101,427724
831,427756
253,427788
367,427820
139,427852
75,427884
606,427916
843,427948
1183,427980
1260,428012
1499,428044
1817,428076
1963,428108
1833,428140
2126,428172
1481,428204
1644,428236
1389,428268
854,428300
924,428332
698,428364
215,428396
235,428428
0,428460
151,428492
286,428524
568,428556
1182,428588
1018,428620
1288,428652
1852,428684
1751,428716
1991,428748
2045,428780
1519,428812
1658,428844
1417,428876
1182,428908
922,428940
730,428972
460,429004
191,429036
283,429068
475,429100
349,429132
646,429164
793,429196
1022,429228
1244,429260
1481,429292
1741,429324
1834,429356
1636,429388
1753,429420
1162,429452
984,429484
1159,429516
536,429548
731,429580
8,429612
235,429644
364,429676
209,429708
815,429740
1056,429772
924,429804
1514,429836
1706,429868
2059,429900
2172,429932
2153,429964
1995,429996
1676,430028
1085,430060
1292,430092
632,430124
816,430156
558,430188
0,430220
137,430252
349,430284
284,430316
800,430348
685,430380
999,430412
1593,430444
1418,430476
2061,430508
1882,430540
1783,430572
1914,430604
1303,430636
1117,430668
1212,430700
665,430732
793,430764
217,430796
317,430828
230,430860
489,430892
688,430924
920,430956
1146,430988
1374,431020
1566,431052
1449,431084
2042,431116
1894,431148
2041,431180
1424,431212
1226,431244
968,431276
774,431308
597,431340
316,431372
135,431404
0,431436
0,431468
189,431500
346,431532
646,431564
1295,431596
1050,431628
1739,431660
1945,431692
2112,431724
2283,431756
2000,431788
1447,431820
1532,431852
1306,431884
1181,431916
812,431948
588,431980
431,432012
119,432044
360,432076
566,432108
398,432140
682,432172
1211,432204
1130,432236
1663,432268
1903,432300
1867,432332
1879,432364
1546,432396
1403,432428
1082,432460
908,432492
1070,432524
456,432556
269,432588
350,432620
0,432652
103,432684
327,432716
553,432748
1130,432780
911,432812
1590,432844
1790,432876
2061,432908
2264,432940
2104,432972
1513,433004
1628,433036
1022,433068
1163,433100
585,433132
344,433164
120,433196
0,433228
0,433260
59,433292
316,433324
586,433356
763,433388
1037,433420
1193,433452
1497,433484
2183,433516
1886,433548
2152,433580
1881,433612
1625,433644
1401,433676
1178,433708
594,433740
715,433772
444,433804
317,433836
268,433868
464,433900
767,433932
921,433964
797,433996
1464,434028
1245,434060
1480,434092
2120,434124
1832,434156
1998,434188
1737,434220
1192,434252
1004,434284
687,434316
551,434348
235,434380
61,434412
205,434444
5,434476
220,434508
808,434540
679,434572
942,434604
1131,434636
1405,434668
2009,434700
2159,434732
2239,434764
1966,434796
1769,434828
1484,434860
1263,434892
656,434924
800,434956
539,434988
345,435020
122,435052
21,435084
590,435116
458,435148
716,435180
908,435212
1162,435244
1435,435276
1625,435308
1911,435340
2096,435372
1560,435404
1325,435436
1022,435468
873,435500
1071,435532
763,435564
589,435596
315,435628
0,435660
479,435692
672,435724
587,435756
1128,435788
1356,435820
1707,435852
1789,435884
2025,435916
2347,435948
2026,435980
1433,436012
1596,436044
968,436076
1134,436108
874,436140
344,436172
157,436204
186,436236
0,436268
461,436300
346,436332
665,436364
796,436396
1082,436428
1712,436460
1530,436492
1819,436524
1884,436556
1693,436588
1467,436620
1517,436652
1005,436684
1130,436716
893,436748
668,436780
407,436812
0,436844
346,436876
539,436908
797,436940
990,436972
847,437004
1452,437036
1309,437068
1544,437100
1771,437132
1772,437164
1564,437196
1308,437228
1102,437260
1224,437292
652,437324
474,437356
637,437388
27,437420
251,437452
412,437484
701,437516
891,437548
711,437580
1341,437612
1580,437644
1436,437676
2040,437708
2239,437740
2237,437772
1883,437804
1616,437836
1468,437868
1152,437900
572,437932
780,437964
123,437996
300,438028
214,438060
68,438092
345,438124
863,438156
792,438188
1323,438220
1196,438252
1517,438284
1656,438316
1947,438348
2125,438380
1478,438412
1245,438444
1388,438476
795,438508
615,438540
698,438572
157,438604
267,438636
0,438668
551,438700
795,438732
576,438764
1210,438796
1437,438828
1664,438860
1903,438892
2104,438924
2252,438956
1980,438988
1370,439020
1504,439052
907,439084
716,439116
457,439148
265,439180
75,439212
0,439244
29,439276
251,439308
472,439340
699,439372
1325,439404
1159,439436
1824,439468
1566,439500
2279,439532
2223,439564
1621,439596
1744,439628
1478,439660
926,439692
1007,439724
783,439756
671,439788
296,439820
111,439852
429,439884
576,439916
877,439948
1070,439980
909,440012
1194,440044
1737,440076
1656,440108
2200,440140
2089,440172
1581,440204
1612,440236
1022,440268
889,440300
572,440332
398,440364
558,440396
0,440428
0,440460
462,440492
381,440524
607,440556
828,440588
1065,440620
1656,440652
1433,440684
2122,440716
2318,440748
2120,440780
1850,440812
1575,440844
1373,440876
1103,440908
510,440940
650,440972
60,441004
0,441036
0,441068
121,441100
376,441132
560,441164
825,441196
1097,441228
1275,441260
1560,441292
2205,441324
1910,441356
2121,441388
1368,441420
1623,441452
1343,441484
712,441516
879,441548
663,441580
87,441612
185,441644
330,441676
669,441708
782,441740
976,441772
1293,441804
1438,441836
1319,441868
1993,441900
1773,441932
1782,441964
1948,441996
1306,442028
1469,442060
1212,442092
683,442124
749,442156
184,442188
39,442220
0,442252
60,442284
669,442316
517,442348
743,442380
1322,442412
1191,442444
1464,442476
1656,442508
1931,442540
2189,442572
1869,442604
1705,442636
1438,442668
1241,442700
974,442732
748,442764
512,442796
287,442828
192,442860
459,442892
651,442924
508,442956
1104,442988
971,443020
1224,443052
1424,443084
1688,443116
1974,443148
1676,443180
1499,443212
1273,443244
1035,443276
813,443308
508,443340
363,443372
555,443404
0,443436
351,443468
544,443500
415,443532
1001,443564
1193,443596
1099,443628
1646,443660
1886,443692
2239,443724
2201,443756
1966,443788
1817,443820
1496,443852
910,443884
1080,443916
459,443948
607,443980
352,444012
0,444044
296,444076
525,444108
491,444140
974,444172
856,444204
1179,444236
1306,444268
1596,444300
2250,444332
1822,444364
1639,444396
1360,444428
1176,444460
951,444492
1000,444524
493,444556
608,444588
381,444620
200,444652
408,444684
666,444716
860,444748
1051,444780
1312,444812
1512,444844
1371,444876
1978,444908
1835,444940
1720,444972
1483,445004
1254,445036
1051,445068
794,445100
590,445132
414,445164
139,445196
0,445228
297,445260
136,445292
791,445324
521,445356
1213,445388
1405,445420
1225,445452
1867,445484
2109,445516
1962,445548
2106,445580
1823,445612
1551,445644
1355,445676
1098,445708
943,445740
638,445772
72,445804
252,445836
0,445868
536,445900
732,445932
571,445964
1182,445996
1386,446028
1304,446060
1840,446092
1721,446124
1928,446156
1598,446188
1420,446220
1595,446252
964,446284
743,446316
864,446348
283,446380
103,446412
168,446444
41,446476
615,446508
493,446540
1067,446572
1260,446604
1531,446636
1736,446668
1964,446700
2200,446732
2200,446764
1928,446796
1724,446828
1451,446860
857,446892
987,446924
399,446956
206,446988
0,447020
0,447052
83,447084
263,447116
535,447148
763,447180
983,447212
1211,447244
1372,447276
1676,447308
2363,447340
1740,447372
1979,447404
1694,447436
1097,447468
1225,447500
956,447532
720,447564
492,447596
269,447628
317,447660
409,447692
639,447724
952,447756
1085,447788
1392,447820
1596,447852
1420,447884
1720,447916
2264,447948
1708,447980
1787,448012
1560,448044
1054,448076
1088,448108
512,448140
377,448172
60,448204
0,448236
328,448268
168,448300
439,448332
985,448364
888,448396
1119,448428
1351,448460
1581,448492
2184,448524
1837,448556
2061,448588
1788,448620
1592,448652
1322,448684
1052,448716
859,448748
592,448780
10,448812
119,448844
0,448876
176,448908
398,448940
632,448972
886,449004
1084,449036
1336,449068
1620,449100
1800,449132
1850,449164
2027,449196
1388,449228
1591,449260
848,449292
1099,449324
829,449356
210,449388
365,449420
186,449452
379,449484
652,449516
845,449548
1181,449580
1296,449612
1498,449644
1819,449676
1966,449708
1834,449740
2168,449772
1482,449804
1254,449836
1418,449868
795,449900
953,449932
697,449964
171,449996
234,450028
0,450060
153,450092
730,450124
572,450156
1193,450188
1018,450220
1255,450252
1854,450284
1709,450316
1982,450348
1709,450380
1515,450412
1645,450444
1340,450476
1179,450508
920,450540
729,450572
460,450604
232,450636
284,450668
509,450700
712,450732
621,450764
1166,450796
1023,450828
1627,450860
1485,450892
1751,450924
1832,450956
1625,450988
1437,451020
1162,451052
983,451084
759,451116
534,451148
301,451180
8,451212
0,451244
441,451276
203,451308
875,451340
1065,451372
1240,451404
1517,451436
1720,451468
1614,451500
2184,451532
2176,451564
2061,451596
1672,451628
1437,451660
1288,451692
974,451724
408,451756
556,451788
0,451820
149,451852
361,451884
286,451916
810,451948
1038,451980
1004,452012
1229,452044
1369,452076
1693,452108
1834,452140
1770,452172
1944,452204
1304,452236
1115,452268
847,452300
663,452332
439,452364
480,452396
0,452428
266,452460
493,452492
728,452524
926,452556
1184,452588
1376,452620
1565,452652
1847,452684
2043,452716
1895,452748
2031,452780
1420,452812
1193,452844
959,452876
742,452908
539,452940
282,452972
89,453004
0,453036
0,453068
189,453100
813,453132
648,453164
1303,453196
1028,453228
1741,453260
1933,453292
2153,453324
2283,453356
2045,453388
1437,453420
1566,453452
1304,453484
1180,453516
840,453548
585,453580
425,453612
107,453644
0,453676
603,453708
399,453740
1049,453772
1245,453804
1084,453836
1706,453868
1914,453900
1834,453932
1879,453964
1535,453996
1400,454028
1080,454060
910,454092
1072,454124
452,454156
232,454188
350,454220
0,454252
103,454284
636,454316
553,454348
1133,454380
1005,454412
1593,454444
1789,454476
2061,454508
2264,454540
2138,454572
1509,454604
1664,454636
1391,454668
1198,454700
936,454732
347,454764
477,454796
0,454828
0,454860
61,454892
318,454924
595,454956
766,454988
1045,455020
1275,455052
1498,455084
1739,455116
1884,455148
1725,455180
1945,455212
1625,455244
1449,455276
1168,455308
586,455340
703,455372
444,455404
0,455436
268,455468
506,455500
846,455532
925,455564
1151,455596
1469,455628
1612,455660
1918,455692
2124,455724
1831,455756
1656,455788
1728,455820
1190,455852
1003,455884
1036,455916
551,455948
576,455980
9,456012
0,456044
0,456076
234,456108
844,456140
679,456172
951,456204
1502,456236
1404,456268
1643,456300
1879,456332
1869,456364
1998,456396
1322,456428
1530,456460
1260,456492
632,456524
800,456556
538,456588
334,456620
135,456652
18,456684
599,456716
459,456748
684,456780
909,456812
1144,456844
1398,456876
1596,456908
1864,456940
1789,456972
1509,457004
1321,457036
1019,457068
870,457100
1067,457132
760,457164
583,457196
304,457228
0,457260
487,457292
718,457324
595,457356
1168,457388
1369,457420
1708,457452
1821,457484
2031,457516
2345,457548
2025,457580
1420,457612
1640,457644
960,457676
744,457708
896,457740
294,457772
119,457804
183,457836
0,457868
462,457900
359,457932
665,457964
799,457996
1082,458028
1719,458060
1543,458092
1783,458124
2266,458156
1645,458188
1464,458220
1191,458252
1001,458284
1129,458316
827,458348
665,458380
398,458412
0,458444
350,458476
586,458508
808,458540
1036,458572
1227,458604
1488,458636
1690,458668
1551,458700
2155,458732
1771,458764
1564,458796
1306,458828
1102,458860
923,458892
650,458924
471,458956
536,458988
23,459020
0,459052
464,459084
311,459116
959,459148
714,459180
1391,459212
1583,459244
1449,459276
2045,459308
2240,459340
1788,459372
1879,459404
1646,459436
1520,459468
1147,459500
924,459532
767,459564
459,459596
0,459628
216,459660
70,459692
346,459724
864,459756
806,459788
1323,459820
1564,459852
1517,459884
2026,459916
1894,459948
1752,459980
1419,460012
1244,460044
1407,460076
790,460108
601,460140
344,460172
142,460204
0,460236
253,460268
208,460300
792,460332
584,460364
1244,460396
1438,460428
1709,460460
1904,460492
2105,460524
2251,460556
1979,460588
1360,460620
1501,460652
907,460684
682,460716
458,460748
232,460780
37,460812
0,460844
0,460876
543,460908
430,460940
701,460972
1325,461004
1159,461036
1835,461068
1546,461100
2269,461132
2220,461164
1564,461196
1751,461228
1516,461260
923,461292
1052,461324
782,461356
669,461388
317,461420
121,461452
428,461484
587,461516
470,461548
1120,461580
908,461612
1146,461644
1772,461676
1598,461708
2240,461740
2080,461772
1529,461804
1610,461836
1020,461868
887,461900
568,461932
394,461964
543,461996
0,462028
0,462060
464,462092
343,462124
615,462156
1152,462188
1065,462220
1657,462252
1816,462284
2121,462316
2316,462348
2119,462380
1840,462412
1608,462444
1372,462476
1146,462508
876,462540
683,462572
415,462604
0,462636
250,462668
126,462700
380,462732
572,462764
1260,462796
1108,462828
1278,462860
1561,462892
1789,462924
1900,462956
1672,462988
1360,463020
1211,463052
1416,463084
712,463116
925,463148
653,463180
74,463212
183,463244
332,463276
252,463308
790,463340
1021,463372
1358,463404
1439,463436
1678,463468
1995,463500
2144,463532
1770,463564
1945,463596
1306,463628
1130,463660
1208,463692
668,463724
745,463756
526,463788
42,463820
111,463852
19,463884
329,463916
460,463948
747,463980
1369,464012
1193,464044
1465,464076
2028,464108
1930,464140
1805,464172
1865,464204
1341,464236
1470,464268
797,464300
1002,464332
746,464364
542,464396
282,464428
200,464460
457,464492
662,464524
512,464556
1112,464588
971,464620
1198,464652
1918,464684
1662,464716
1915,464748
1646,464780
1446,464812
1259,464844
986,464876
818,464908
506,464940
356,464972
551,465004
0,465036
363,465068
552,465100
376,465132
1003,465164
1230,465196
1107,465228
1696,465260
1897,465292
2247,465324
2236,465356
1964,465388
1807,465420
1487,465452
908,465484
1114,465516
456,465548
234,465580
381,465612
0,465644
329,465676
528,465708
456,465740
976,465772
856,465804
1179,465836
1311,465868
1607,465900
2249,465932
1820,465964
1595,465996
1728,466028
1128,466060
951,466092
1024,466124
491,466156
605,466188
311,466220
199,466252
412,466284
669,466316
864,466348
1097,466380
1322,466412
1559,466444
1753,466476
2016,466508
2221,466540
1710,466572
1550,466604
1247,466636
1049,466668
792,466700
588,466732
412,466764
140,466796
0,466828
191,466860
138,466892
374,466924
512,466956
823,466988
1470,467020
1226,467052
1919,467084
2111,467116
1963,467148
2095,467180
1821,467212
1269,467244
1352,467276
1128,467308
1007,467340
633,467372
400,467404
249,467436
238,467468
127,467500
734,467532
575,467564
1181,467596
1387,467628
1308,467660
1853,467692
2091,467724
1925,467756
1962,467788
1358,467820
1225,467852
904,467884
732,467916
894,467948
280,467980
91,468012
154,468044
42,468076
271,468108
777,468140
729,468172
1305,468204
1531,468236
1772,468268
1966,468300
2240,468332
2188,468364
1918,468396
1711,468428
1454,468460
848,468492
698,468524
395,468556
169,468588
0,468620
0,468652
42,468684
234,468716
491,468748
1053,468780
939,468812
1221,468844
1864,468876
1684,468908
2363,468940
1706,468972
1965,469004
1695,469036
1048,469068
1223,469100
992,469132
420,469164
536,469196
267,469228
331,469260
443,469292
650,469324
953,469356
1098,469388
972,469420
1644,469452
1424,469484
2104,469516
2298,469548
1646,469580
1818,469612
1551,469644
1016,469676
1086,469708
511,469740
376,469772
491,469804
0,469836
331,469868
170,469900
408,469932
986,469964
855,469996
1127,470028
1677,470060
1581,470092
2185,470124
1927,470156
2057,470188
1784,470220
1581,470252
1312,470284
1084,470316
857,470348
624,470380
364,470412
0,470444
315,470476
175,470508
766,470540
635,470572
879,470604
1085,470636
1339,470668
1624,470700
1804,470732
1848,470764
1611,470796
1382,470828
1148,470860
847,470892
693,470924
895,470956
200,470988
409,471020
201,471052
382,471084
665,471116
856,471148
763,471180
1304,471212
1536,471244
1897,471276
1976,471308
2208,471340
2167,471372
1840,471404
1679,471436
1408,471468
795,471500
621,471532
688,471564
169,471596
224,471628
188,471660
156,471692
381,471724
523,471756
841,471788
972,471820
1256,471852
1896,471884
1718,471916
1989,471948
2077,471980
1512,472012
1289,472044
1053,472076
829,472108
954,472140
286,472172
490,472204
222,472236
318,472268
524,472300
717,472332
604,472364
1175,472396
1035,472428
1629,472460
1484,472492
1722,472524
1821,472556
1594,472588
1387,472620
1130,472652
933,472684
747,472716
476,472748
306,472780
6,472812
0,472844
443,472876
183,472908
875,472940
1065,472972
1278,473004
1519,473036
1760,473068
1624,473100
2232,473132
2173,473164
2061,473196
1704,473228
1438,473260
1290,473292
971,473324
397,473356
605,473388
0,473420
0,473452
394,473484
236,473516
847,473548
1040,473580
968,473612
1240,473644
1373,473676
1703,473708
1838,473740
1768,473772
1944,473804
1304,473836
1079,473868
1208,473900
619,473932
429,473964
169,473996
0,474028
269,474060
430,474092
729,474124
926,474156
1193,474188
1388,474220
1615,474252
1464,474284
2090,474316
2268,474348
2064,474380
1801,474412
1192,474444
1326,474476
731,474508
538,474540
280,474572
88,474604
0,474636
0,474668
201,474700
719,474732
649,474764
875,474796
1504,474828
1326,474860
2010,474892
2159,474924
2327,474956
2045,474988
1434,475020
1567,475052
1294,475084
749,475116
832,475148
608,475180
489,475212
103,475244
311,475276
608,475308
752,475340
639,475372
1248,475404
1087,475436
1710,475468
1918,475500
1834,475532
1866,475564
1902,475596
1399,475628
1433,475660
854,475692
715,475724
399,475756
222,475788
378,475820
0,475852
104,475884
296,475916
555,475948
781,475980
1293,476012
1241,476044
1836,476076
2070,476108
2312,476140
2138,476172
1482,476204
1664,476236
1390,476268
1197,476300
927,476332
344,476364
472,476396
0,476428
0,476460
72,476492
295,476524
551,476556
745,476588
998,476620
1579,476652
1452,476684
1747,476716
2379,476748
1723,476780
1933,476812
1613,476844
1435,476876
1168,476908
536,476940
701,476972
476,477004
0,477036
314,477068
511,477100
845,477132
959,477164
1162,477196
1471,477228
1616,477260
1487,477292
2174,477324
1822,477356
2030,477388
1767,477420
1130,477452
963,477484
1036,477516
504,477548
570,477580
9,477612
0,477644
0,477676
236,477708
845,477740
682,477772
919,477804
1504,477836
1371,477868
1645,477900
2208,477932
1865,477964
1995,477996
1401,478028
1517,478060
1258,478092
624,478124
798,478156
569,478188
336,478220
170,478252
375,478284
634,478316
827,478348
688,478380
1292,478412
1145,478444
1402,478476
1612,478508
1866,478540
1785,478572
1496,478604
1331,478636
1095,478668
860,478700
638,478732
808,478764
185,478796
377,478828
0,478860
527,478892
717,478924
596,478956
1177,478988
1370,479020
1275,479052
1836,479084
2064,479116
2411,479148
2016,479180
1787,479212
1628,479244
1311,479276
1151,479308
894,479340
287,479372
108,479404
173,479436
0,479468
474,479500
700,479532
668,479564
1152,479596
1036,479628
1353,479660
1486,479692
1784,479724
2297,479756
1642,479788
1451,479820
1550,479852
990,479884
775,479916
540,479948
315,479980
432,480012
0,480044
394,480076
586,480108
844,480140
1038,480172
1228,480204
1496,480236
1693,480268
1550,480300
2158,480332
1768,480364
1532,480396
1296,480428
1080,480460
879,480492
616,480524
421,480556
247,480588
0,480620
0,480652
475,480684
312,480716
965,480748
686,480780
1388,480812
1584,480844
1400,480876
2056,480908
2297,480940
1784,480972
1917,481004
1644,481036
1527,481068
1177,481100
920,481132
765,481164
459,481196
0,481228
263,481260
73,481292
300,481324
910,481356
745,481388
1360,481420
1565,481452
1483,481484
2016,481516
1884,481548
1749,481580
1422,481612
1242,481644
1406,481676
792,481708
567,481740
686,481772
104,481804
0,481836
0,481868
217,481900
797,481932
944,481964
1245,481996
1452,482028
1717,482060
1914,482092
2154,482124
2248,482156
2011,482188
1738,482220
1536,482252
1274,482284
684,482316
812,482348
221,482380
29,482412
0,482444
0,482476
263,482508
432,482540
711,482572
939,482604
1160,482636
1389,482668
1548,482700
1853,482732
2295,482764
1562,482796
1791,482828
1515,482860
921,482892
1049,482924
780,482956
245,482988
316,483020
153,483052
505,483084
588,483116
826,483148
1129,483180
1275,483212
1146,483244
1776,483276
1608,483308
2246,483340
2077,483372
1528,483404
1608,483436
1383,483468
878,483500
910,483532
344,483564
205,483596
0,483628
0,483660
506,483692
348,483724
616,483756
804,483788
1067,483820
1303,483852
1819,483884
1767,483916
2350,483948
2107,483980
1880,484012
1600,484044
1404,484076
1136,484108
876,484140
679,484172
414,484204
0,484236
251,484268
126,484300
356,484332
574,484364
806,484396
1062,484428
1257,484460
1512,484492
1801,484524
1850,484556
1670,484588
1847,484620
1204,484652
1403,484684
680,484716
923,484748
655,484780
29,484812
169,484844
378,484876
262,484908
830,484940
1022,484972
1211,485004
1481,485036
1678,485068
1997,485100
2153,485132
1768,485164
1980,485196
1296,485228
1500,485260
1240,485292
618,485324
778,485356
512,485388
0,485420
123,485452
23,485484
329,485516
472,485548
747,485580
1369,485612
1198,485644
1433,485676
2040,485708
1897,485740
1803,485772
1898,485804
1338,485836
1469,485868
878,485900
1001,485932
736,485964
537,485996
280,486028
237,486060
464,486092
700,486124
891,486156
1149,486188
1343,486220
1200,486252
1805,486284
1664,486316
1912,486348
1644,486380
1447,486412
1258,486444
976,486476
807,486508
581,486540
349,486572
125,486604
0,486636
0,486668
623,486700
379,486732
1051,486764
1241,486796
1111,486828
1742,486860
1888,486892
2123,486924
2223,486956
1993,486988
1881,487020
1486,487052
1258,487084
1111,487116
798,487148
637,487180
380,487212
0,487244
20,487276
537,487308
470,487340
987,487372
1223,487404
1179,487436
1678,487468
1548,487500
1881,487532
1758,487564
1590,487596
1758,487628
1127,487660
938,487692
1024,487724
487,487756
255,487788
30,487820
0,487852
444,487884
240,487916
906,487948
1098,487980
1366,488012
1566,488044
1755,488076
2028,488108
2222,488140
1709,488172
1851,488204
1243,488236
1008,488268
781,488300
557,488332
366,488364
106,488396
0,488428
0,488460
102,488492
371,488524
989,488556
824,488588
1483,488620
1198,488652
1927,488684
2121,488716
1911,488748
2093,488780
1866,488812
1579,488844
1390,488876
1120,488908
1003,488940
664,488972
398,489004
240,489036
250,489068
139,489100
782,489132
584,489164
809,489196
1423,489228
1258,489260
1884,489292
2095,489324
1881,489356
1952,489388
1356,489420
1224,489452
1353,489484
734,489516
893,489548
276,489580
55,489612
153,489644
20,489676
280,489708
459,489740
729,489772
1308,489804
1467,489836
1773,489868
1978,489900
2237,489932
2190,489964
1951,489996
1712,490028
1482,490060
1214,490092
1019,490124
761,490156
168,490188
298,490220
0,490252
44,490284
236,490316
505,490348
773,490380
942,490412
1234,490444
1451,490476
1685,490508
1916,490540
1707,490572
1547,490604
1757,490636
1040,490668
1259,490700
990,490732
718,490764
527,490796
263,490828
0,490860
448,490892
685,490924
1023,490956
1103,490988
1336,491020
1645,491052
1792,491084
1664,491116
2287,491148
1644,491180
1816,491212
1550,491244
1004,491276
1082,491308
859,491340
375,491372
143,491404
0,491436
0,491468
128,491500
408,491532
1022,491564
858,491596
1128,491628
1318,491660
1591,491692
1831,491724
2206,491756
1689,491788
1820,491820
1579,491852
1354,491884
1084,491916
880,491948
624,491980
352,492012
151,492044
316,492076
187,492108
776,492140
637,492172
862,492204
1087,492236
1322,492268
1578,492300
1784,492332
1787,492364
1608,492396
1322,492428
1145,492460
1309,492492
695,492524
891,492556
166,492588
398,492620
201,492652
428,492684
655,492716
895,492748
763,492780
1352,492812
1536,492844
1895,492876
2009,492908
2217,492940
2159,492972
1836,493004
1243,493036
1451,493068
792,493100
974,493132
717,493164
110,493196
253,493228
190,493260
123,493292
392,493324
526,493356
843,493388
973,493420
1260,493452
1899,493484
1721,493516
1943,493548
2078,493580
1466,493612
1276,493644
1370,493676
825,493708
943,493740
377,493772
479,493804
222,493836
327,493868
528,493900
760,493932
615,493964
1213,493996
1405,494028
1674,494060
1871,494092
1726,494124
2202,494156
1584,494188
1385,494220
1120,494252
932,494284
746,494316
474,494348
298,494380
75,494412
0,494444
28,494476
185,494508
477,494540
1135,494572
1289,494604
1579,494636
1769,494668
1625,494700
2233,494732
2172,494764
1607,494796
1692,494828
1465,494860
1343,494892
970,494924
745,494956
591,494988
285,495020
187,495052
398,495084
239,495116
524,495148
1051,495180
970,495212
1243,495244
1742,495276
1706,495308
2208,495340
1704,495372
1565,495404
1241,495436
1077,495468
1241,495500
616,495532
429,495564
510,495596
0,495628
0,495660
167,495692
393,495724
968,495756
760,495788
1422,495820
1626,495852
1444,495884
2094,495916
2266,495948
2063,495980
1791,496012
1192,496044
1323,496076
730,496108
504,496140
270,496172
56,496204
0,496236
0,496268
163,496300
427,496332
613,496364
884,496396
1034,496428
1338,496460
2013,496492
2171,496524
2317,496556
2041,496588
1383,496620
1561,496652
1336,496684
754,496716
864,496748
602,496780
491,496812
131,496844
312,496876
615,496908
761,496940
639,496972
1304,497004
1088,497036
1322,497068
1952,497100
1784,497132
1820,497164
1902,497196
1352,497228
1420,497260
844,497292
711,497324
396,497356
219,497388
367,497420
0,497452
74,497484
652,497516
521,497548
791,497580
971,497612
1241,497644
1837,497676
1996,497708
2301,497740
2126,497772
1481,497804
1660,497836
1423,497868
1184,497900
960,497932
701,497964
506,497996
237,498028
0,498060
428,498092
298,498124
553,498156
749,498188
1003,498220
1277,498252
1453,498284
1747,498316
2264,498348
1722,498380
1485,498412
1671,498444
1023,498476
1231,498508
528,498540
747,498572
475,498604
0,498636
317,498668
512,498700
429,498732
968,498764
1199,498796
1545,498828
1625,498860
2030,498892
2176,498924
2190,498956
1592,498988
1758,499020
1129,499052
952,499084
1024,499116
504,499148
568,499180
346,499212
0,499244
301,499276
187,499308
505,499340
638,499372
920,499404
1550,499436
1372,499468
1644,499500
1838,499532
1854,499564
1629,499596
1678,499628
1161,499660
1290,499692
623,499724
826,499756
570,499788
366,499820
182,499852
378,499884
637,499916
832,499948
697,499980
1289,500012
1149,500044
1382,500076
1610,500108
1847,500140
1736,500172
1468,500204
1262,500236
1384,500268
810,500300
633,500332
798,500364
183,500396
365,500428
0,500460
539,500492
731,500524
553,500556
1183,500588
1420,500620
1276,500652
1882,500684
2074,500716
2405,500748
2044,500780
1776,500812
1627,500844
1307,500876
731,500908
938,500940
282,500972
58,501004
204,501036
0,501068
508,501100
704,501132
632,501164
1160,501196
1036,501228
1354,501260
1488,501292
1786,501324
2285,501356
1640,501388
1415,501420
1550,501452
952,501484
765,501516
857,501548
313,501580
429,501612
117,501644
383,501676
586,501708
846,501740
1040,501772
1275,501804
1500,501836
1739,501868
1934,501900
2202,501932
2143,501964
1530,501996
1679,502028
1071,502060
873,502092
617,502124
420,502156
244,502188
0,502220
0,502252
91,502284
316,502316
542,502348
688,502380
989,502412
1673,502444
1404,502476
2107,502508
2299,502540
1783,502572
1915,502604
1642,502636
1095,502668
1176,502700
943,502732
831,502764
448,502796
224,502828
265,502860
422,502892
302,502924
910,502956
751,502988
1034,503020
1567,503052
1484,503084
2030,503116
2250,503148
1738,503180
1775,503212
1189,503244
1040,503276
730,503308
566,503340
718,503372
104,503404
0,503436
304,503468
220,503500
446,503532
954,503564
903,503596
1486,503628
1272,503660
1960,503692
2156,503724
2283,503756
2000,503788
1738,503820
1534,503852
1274,503884
672,503916
809,503948
216,503980
3,504012
215,504044
0,504076
219,504108
408,504140
665,504172
938,504204
1123,504236
1399,504268
1552,504300
1865,504332
2285,504364
1528,504396
1787,504428
1503,504460
871,504492
1039,504524
814,504556
234,504588
352,504620
167,504652
507,504684
632,504716
826,504748
1131,504780
1277,504812
1150,504844
1824,504876
1611,504908
1850,504940
2110,504972
1469,505004
1632,505036
1370,505068
841,505100
895,505132
334,505164
201,505196
0,505228
0,505260
505,505292
356,505324
583,505356
1164,505388
1033,505420
1304,505452
1866,505484
1769,505516
2345,505548
2030,505580
1869,505612
1598,505644
1400,505676
1136,505708
907,505740
672,505772
445,505804
182,505836
296,505868
489,505900
360,505932
654,505964
810,505996
1064,506028
1260,506060
1519,506092
1803,506124
1837,506156
1660,506188
1737,506220
1208,506252
971,506284
669,506316
512,506348
717,506380
25,506412
215,506444
384,506476
263,506508
839,506540
1021,506572
937,506604
1484,506636
1712,506668
2077,506700
2156,506732
2136,506764
1979,506796
1659,506828
1070,506860
1231,506892
619,506924
765,506956
510,506988
0,507020
125,507052
367,507084
343,507116
815,507148
698,507180
1007,507212
1147,507244
1435,507276
2078,507308
1898,507340
1800,507372
1898,507404
1336,507436
1103,507468
1152,507500
651,507532
768,507564
537,507596
302,507628
240,507660
506,507692
702,507724
891,507756
1160,507788
1344,507820
1210,507852
1513,507884
1672,507916
1881,507948
1645,507980
1416,508012
1211,508044
953,508076
749,508108
863,508140
301,508172
120,508204
283,508236
0,508268
621,508300
357,508332
1051,508364
1245,508396
1065,508428
1705,508460
1936,508492
1804,508524
2266,508556
1992,508588
1879,508620
1515,508652
1248,508684
1102,508716
797,508748
230,508780
414,508812
0,508844
366,508876
572,508908
412,508940
1022,508972
1225,509004
1145,509036
1680,509068
1551,509100
1882,509132
2231,509164
1582,509196
1755,509228
1126,509260
892,509292
1022,509324
439,509356
252,509388
333,509420
0,509452
447,509484
343,509516
907,509548
1102,509580
1369,509612
1568,509644
1803,509676
2029,509708
2270,509740
2089,509772
1499,509804
1613,509836
1008,509868
1149,509900
554,509932
361,509964
107,509996
0,510028
0,510060
104,510092
375,510124
603,510156
826,510188
1053,510220
1200,510252
1512,510284
2201,510316
1902,510348
2141,510380
1864,510412
1566,510444
1387,510476
1116,510508
573,510540
654,510572
431,510604
303,510636
250,510668
479,510700
784,510732
937,510764
1239,510796
1435,510828
1262,510860
1558,510892
1806,510924
1870,510956
1949,510988
1721,511020
1223,511052
991,511084
680,511116
541,511148
220,511180
54,511212
174,511244
21,511276
280,511308
824,511340
730,511372
959,511404
1181,511436
1419,511468
2014,511500
1791,511532
2222,511564
1948,511596
1756,511628
1482,511660
1212,511692
647,511724
749,511756
159,511788
297,511820
0,511852
25,511884
238,511916
471,511948
719,511980
922,512012
1177,512044
1460,512076
1640,512108
1925,512140
1696,512172
1545,512204
1755,512236
1004,512268
1259,512300
989,512332
747,512364
523,512396
311,512428
0,512460
494,512492
696,512524
1031,512556
1143,512588
1341,512620
1656,512652
1803,512684
1672,512716
2332,512748
1645,512780
1412,512812
1581,512844
952,512876
1111,512908
856,512940
329,512972
139,513004
0,513036
1,513068
128,513100
412,513132
1033,513164
860,513196
1096,513228
1691,513260
1549,513292
1831,513324
1879,513356
1687,513388
1817,513420
1501,513452
1341,513484
1080,513516
879,513548
620,513580
393,513612
0,513644
361,513676
556,513708
812,513740
1003,513772
871,513804
1464,513836
1325,513868
1582,513900
1787,513932
1788,513964
1605,513996
1322,514028
1146,514060
1209,514092
690,514124
459,514156
158,514188
17,514220
269,514252
430,514284
715,514316
907,514348
776,514380
1353,514412
1548,514444
1453,514476
2014,514508
2254,514540
2233,514572
1834,514604
1600,514636
1451,514668
1135,514700
560,514732
716,514764
105,514796
252,514828
199,514860
130,514892
395,514924
880,514956
855,514988
1338,515020
1208,515052
1530,515084
1672,515116
1932,515148
2110,515180
1464,515212
1273,515244
1002,515276
823,515308
591,515340
638,515372
143,515404
250,515436
332,515468
570,515500
762,515532
586,515564
1216,515596
1408,515628
1679,515660
1881,515692
1738,515724
2199,515756
1583,515788
1356,515820
1119,515852
892,515884
699,515916
442,515948
248,515980
348,516012
0,516044
39,516076
653,516108
488,516140
1135,516172
1279,516204
1575,516236
1771,516268
1578,516300
2237,516332
2206,516364
1596,516396
1741,516428
1463,516460
1339,516492
1003,516524
734,516556
586,516588
284,516620
0,516652
442,516684
240,516716
892,516748
1086,516780
923,516812
1211,516844
1753,516876
1671,516908
2218,516940
1704,516972
1564,517004
1240,517036
1064,517068
1227,517100
606,517132
391,517164
506,517196
0,517228
0,517260
479,517292
397,517324
973,517356
845,517388
1423,517420
1628,517452
1449,517484
2094,517516
2303,517548
2062,517580
1834,517612
1560,517644
1359,517676
1096,517708
505,517740
638,517772
46,517804
0,517836
0,517868
167,517900
439,517932
616,517964
887,517996
1115,518028
1336,518060
1574,518092
2224,518124
1896,518156
2105,518188
1383,518220
1611,518252
1327,518284
744,518316
871,518348
602,518380
61,518412
125,518444
347,518476
683,518508
765,518540
991,518572
1305,518604
1450,518636
1755,518668
1962,518700
1787,518732
1818,518764
1900,518796
1350,518828
1420,518860
1196,518892
711,518924
734,518956
168,518988
26,519020
0,519052
78,519084
684,519116
524,519148
795,519180
1340,519212
1244,519244
1481,519276
1719,519308
1946,519340
2171,519372
1470,519404
1694,519436
1421,519468
1224,519500
958,519532
697,519564
505,519596
236,519628
0,519660
428,519692
302,519724
526,519756
749,519788
986,519820
1239,519852
1438,519884
1701,519916
1950,519948
1662,519980
1480,520012
1659,520044
1020,520076
1227,520108
495,520140
734,520172
463,520204
0,520236
329,520268
556,520300
435,520332
1008,520364
1207,520396
1545,520428
1663,520460
1866,520492
2187,520524
2186,520556
1581,520588
1804,520620
1118,520652
900,520684
1056,520716
442,520748
589,520780
335,520812
0,520844
312,520876
190,520908
505,520940
648,520972
922,521004
1549,521036
1374,521068
1611,521100
2218,521132
1805,521164
1625,521196
1351,521228
1161,521260
1289,521292
983,521324
823,521356
568,521388
361,521420
182,521452
415,521484
647,521516
874,521548
1068,521580
1328,521612
1527,521644
1385,521676
1993,521708
1850,521740
1725,521772
1465,521804
1262,521836
1081,521868
808,521900
631,521932
407,521964
180,521996
0,522028
0,522060
153,522092
799,522124
560,522156
1229,522188
1421,522220
1288,522252
1885,522284
2079,522316
1959,522348
2041,522380
1808,522412
1695,522444
1307,522476
1083,522508
937,522540
620,522572
48,522604
200,522636
0,522668
506,522700
716,522732
646,522764
1163,522796
1400,522828
1357,522860
1856,522892
1736,522924
2216,522956
1580,522988
1414,523020
1580,523052
941,523084
761,523116
494,523148
311,523180
89,523212
115,523244
59,523276
632,523308
857,523340
1084,523372
1276,523404
1546,523436
1744,523468
1935,523500
2207,523532
2138,523564
1528,523596
1664,523628
1066,523660
841,523692
607,523724
390,523756
196,523788
0,523820
0,523852
92,523884
271,523916
551,523948
1165,523980
998,524012
1662,524044
1386,524076
2108,524108
2303,524140
1725,524172
1913,524204
1677,524236
1081,524268
1209,524300
940,524332
678,524364
479,524396
223,524428
269,524460
428,524492
304,524524
960,524556
760,524588
1406,524620
1611,524652
1436,524684
2074,524716
2249,524748
1700,524780
1770,524812
1180,524844
1039,524876
728,524908
554,524940
713,524972
93,525004
0,525036
304,525068
187,525100
455,525132
990,525164
907,525196
1485,525228
1357,525260
1961,525292
2157,525324
2279,525356
2008,525388
1772,525420
1530,525452
1306,525484
1036,525516
842,525548
576,525580
0,525612
101,525644
0,525676
218,525708
411,525740
680,525772
940,525804
1126,525836
1400,525868
1630,525900
1864,525932
1833,525964
1519,525996
1368,526028
1577,526060
862,526092
1083,526124
813,526156
242,526188
349,526220
167,526252
395,526284
632,526316
861,526348
1197,526380
1277,526412
1516,526444
1833,526476
1981,526508
2285,526540
2108,526572
1463,526604
1290,526636
1370,526668
836,526700
905,526732
683,526764
200,526796
217,526828
0,526860
169,526892
310,526924
586,526956
1207,526988
1037,527020
1303,527052
1870,527084
1768,527116
1977,527148
1739,527180
1503,527212
1632,527244
958,527276
1164,527308
904,527340
704,527372
444,527404
173,527436
299,527468
495,527500
364,527532
952,527564
814,527596
1039,527628
1263,527660
1498,527692
1766,527724
1816,527756
1609,527788
1429,527820
1146,527852
967,527884
1134,527916
519,527948
711,527980
0,528012
203,528044
393,528076
218,528108
843,528140
1072,528172
1248,528204
1535,528236
1727,528268
2078,528300
2202,528332
2127,528364
1977,528396
1647,528428
1071,528460
1273,528492
607,528524
390,528556
543,528588
0,528620
157,528652
367,528684
299,528716
828,528748
702,528780
1016,528812
1611,528844
1438,528876
2087,528908
1900,528940
1755,528972
1897,529004
1287,529036
1099,529068
839,529100
651,529132
766,529164
464,529196
301,529228
250,529260
505,529292
704,529324
939,529356
1161,529388
1391,529420
1591,529452
1855,529484
2048,529516
1872,529548
2015,529580
1405,529612
1210,529644
944,529676
750,529708
573,529740
298,529772
119,529804
0,529836
0,529868
219,529900
361,529932
663,529964
1321,529996
1070,530028
1755,530060
1949,530092
2128,530124
2265,530156
1993,530188
1422,530220
1516,530252
1289,530284
1167,530316
793,530348
568,530380
411,530412
87,530444
0,530476
571,530508
414,530540
1024,530572
1230,530604
1148,530636
1690,530668
1928,530700
1885,530732
1853,530764
1526,530796
1387,530828
1065,530860
890,530892
1054,530924
436,530956
251,530988
0,531020
0,531052
111,531084
618,531116
569,531148
1146,531180
1371,531212
1610,531244
1806,531276
2076,531308
2272,531340
2080,531372
1883,531404
1614,531436
1006,531468
1147,531500
558,531532
330,531564
96,531596
0,531628
0,531660
76,531692
332,531724
603,531756
782,531788
1063,531820
1694,531852
1512,531884
2199,531916
1869,531948
2136,531980
1853,532012
1600,532044
1383,532076
1152,532108
568,532140
698,532172
429,532204
299,532236
283,532268
480,532300
795,532332
939,532364
815,532396
1482,532428
1264,532460
1936,532492
2139,532524
1816,532556
1983,532588
1720,532620
1176,532652
987,532684
670,532716
535,532748
220,532780
44,532812
169,532844
19,532876
251,532908
828,532940
702,532972
958,533004
1514,533036
1419,533068
2023,533100
1886,533132
2217,533164
1946,533196
1742,533228
1472,533260
1244,533292
638,533324
784,533356
523,533388
329,533420
143,533452
27,533484
608,533516
475,533548
730,533580
923,533612
1180,533644
1463,533676
1641,533708
1929,533740
1772,533772
1542,533804
1307,533836
1003,533868
856,533900
1055,533932
745,533964
571,533996
296,534028
0,534060
494,534092
696,534124
605,534156
1143,534188
1374,534220
1727,534252
1802,534284
2045,534316
2329,534348
2008,534380
1840,534412
1578,534444
952,534476
776,534508
857,534540
328,534572
138,534604
167,534636
2,534668
487,534700
366,534732
681,534764
812,534796
1098,534828
1738,534860
1549,534892
1835,534924
2248,534956
1516,534988
1447,535020
1213,535052
987,535084
1112,535116
443,535148
650,535180
382,535212
0,535244
364,535276
555,535308
816,535340
1006,535372
874,535404
1469,535436
1326,535468
1563,535500
1800,535532
1756,535564
1547,535596
1288,535628
1085,535660
915,535692
631,535724
457,535756
158,535788
16,535820
279,535852
432,535884
717,535916
907,535948
731,535980
1359,536012
1598,536044
1464,536076
2062,536108
2264,536140
2231,536172
1867,536204
1597,536236
1440,536268
1131,536300
556,536332
759,536364
106,536396
0,536428
235,536460
88,536492
361,536524
888,536556
810,536588
1340,536620
1212,536652
1533,536684
1674,536716
1944,536748
2105,536780
1462,536812
1231,536844
1368,536876
775,536908
590,536940
329,536972
137,537004
237,537036
271,537068
569,537100
766,537132
589,537164
1214,537196
1454,537228
1690,537260
1929,537292
2121,537324
2236,537356
1963,537388
1344,537420
1488,537452
891,537484
696,537516
441,537548
238,537580
60,537612
0,537644
41,537676
556,537708
492,537740
717,537772
1343,537804
1165,537836
1849,537868
1582,537900
2287,537932
2205,537964
1595,537996
1727,538028
1464,538060
909,538092
990,538124
766,538156
652,538188
272,538220
137,538252
446,538284
601,538316
477,538348
1097,538380
926,538412
1212,538444
1755,538476
1674,538508
2220,538540
2064,538572
1560,538604
1594,538636
1003,538668
873,538700
555,538732
382,538764
538,538796
0,538828
0,538860
134,538892
397,538924
631,538956
1130,538988
1079,539020
1674,539052
1451,539084
2138,539116
2300,539148
2104,539180
1824,539212
1550,539244
1355,539276
1086,539308
491,539340
624,539372
44,539404
0,539436
0,539468
138,539500
395,539532
586,539564
842,539596
1408,539628
1292,539660
1577,539692
2231,539724
1894,539756
2103,539788
1352,539820
1597,539852
1325,539884
696,539916
863,539948
636,539980
60,540012
155,540044
347,540076
685,540108
799,540140
1002,540172
1308,540204
1454,540236
1327,540268
2010,540300
1789,540332
1766,540364
1930,540396
1289,540428
1451,540460
1194,540492
664,540524
729,540556
168,540588
24,540620
0,540652
74,540684
685,540716
534,540748
760,540780
1341,540812
1211,540844
1481,540876
2046,540908
1947,540940
2159,540972
1848,541004
1691,541036
1418,541068
1222,541100
958,541132
729,541164
496,541196
265,541228
215,541260
475,541292
669,541324
537,541356
1120,541388
986,541420
1242,541452
1437,541484
1704,541516
1946,541548
1662,541580
1479,541612
1246,541644
1019,541676
798,541708
488,541740
347,541772
538,541804
0,541836
368,541868
558,541900
437,541932
1019,541964
1209,541996
1117,542028
1672,542060
1904,542092
2265,542124
2176,542156
1948,542188
1791,542220
1472,542252
893,542284
1052,542316
440,542348
268,542380
334,542412
0,542444
313,542476
550,542508
519,542540
1000,542572
874,542604
1193,542636
1326,542668
1614,542700
2264,542732
1805,542764
1623,542796
1710,542828
1159,542860
925,542892
975,542924
473,542956
598,542988
0,543020
216,543052
424,543084
683,543116
880,543148
1072,543180
1336,543212
1528,543244
1388,543276
1998,543308
1850,543340
1704,543372
1957,543404
1228,543436
1034,543468
775,543500
582,543532
404,543564
122,543596
0,543628
0,543660
153,543692
807,543724
528,543756
1228,543788
1420,543820
1240,543852
1887,543884
2126,543916
1947,543948
2088,543980
1805,544012
1691,544044
1337,544076
1072,544108
925,544140
617,544172
46,544204
234,544236
0,544268
142,544300
749,544332
590,544364
1196,544396
1403,544428
1323,544460
1867,544492
1737,544524
1911,544556
1578,544588
1402,544620
1575,544652
941,544684
716,544716
845,544748
263,544780
75,544812
136,544844
61,544876
633,544908
783,544940
1085,544972
1280,545004
1551,545036
1752,545068
1984,545100
2220,545132
2176,545164
1903,545196
1705,545228
1435,545260
832,545292
683,545324
380,545356
186,545388
0,545420
0,545452
92,545484
280,545516
553,545548
1070,545580
1001,545612
1237,545644
1387,545676
1691,545708
2377,545740
1722,545772
1959,545804
1679,545836
1079,545868
1209,545900
938,545932
397,545964
475,545996
254,546028
345,546060
426,546092
664,546124
967,546156
1116,546188
987,546220
1612,546252
1439,546284
2078,546316
2238,546348
1692,546380
1768,546412
1544,546444
1037,546476
1069,546508
494,546540
361,546572
44,546604
0,546636
346,546668
195,546700
457,546732
1002,546764
908,546796
1143,546828
1655,546860
1595,546892
2203,546924
2269,546956
2040,546988
1674,547020
1568,547052
1304,547084
1024,547116
840,547148
572,547180
2,547212
0,547244
0,547276
200,547308
414,547340
650,547372
904,547404
1098,547436
1357,547468
1945,547500
1821,547532
1834,547564
2012,547596
1366,547628
1576,547660
838,547692
1081,547724
810,547756
186,547788
345,547820
216,547852
103,547884
671,547916
862,547948
1198,547980
1312,548012
1519,548044
1837,548076
1983,548108
1854,548140
2144,548172
1464,548204
1662,548236
1400,548268
778,548300
928,548332
680,548364
153,548396
208,548428
0,548460
172,548492
749,548524
590,548556
1209,548588
1038,548620
1275,548652
1870,548684
1735,548716
1975,548748
2048,548780
1496,548812
1629,548844
1037,548876
1163,548908
895,548940
701,548972
442,549004
204,549036
302,549068
537,549100
730,549132
628,549164
1182,549196
1040,549228
1644,549260
1502,549292
1770,549324
1807,549356
1607,549388
1427,549420
1144,549452
967,549484
741,549516
507,549548
285,549580
0,549612
0,549644
458,549676
220,549708
893,549740
1082,549772
1260,549804
1533,549836
1728,549868
1641,549900
2200,549932
2156,549964
2044,549996
1648,550028
1420,550060
1263,550092
954,550124
799,550156
542,550188
0,550220
0,550252
376,550284
310,550316
828,550348
1063,550380
1019,550412
1255,550444
1386,550476
1719,550508
1851,550540
1752,550572
1928,550604
1286,550636
1097,550668
1193,550700
647,550732
423,550764
186,550796
0,550828
284,550860
80,550892
748,550924
940,550956
1208,550988
1402,551020
1597,551052
1478,551084
2061,551116
1868,551148
2013,551180
1405,551212
1176,551244
941,551276
717,551308
525,551340
266,551372
72,551404
0,551436
0,551468
216,551500
362,551532
665,551564
1320,551596
1038,551628
1755,551660
1951,551692
2174,551724
2255,551756
2029,551788
1419,551820
1560,551852
1278,551884
1163,551916
822,551948
560,551980
409,552012
85,552044
0,552076
620,552108
426,552140
652,552172
1262,552204
1100,552236
1724,552268
1931,552300
1848,552332
1849,552364
1517,552396
1375,552428
1064,552460
888,552492
1051,552524
429,552556
215,552588
332,552620
0,552652
119,552684
311,552716
569,552748
1149,552780
1307,552812
1609,552844
1818,552876
2077,552908
2284,552940
2124,552972
1487,553004
1646,553036
1373,553068
1178,553100
911,553132
319,553164
448,553196
0,553228
0,553260
80,553292
336,553324
604,553356
782,553388
1063,553420
1592,553452
1513,553484
1757,553516
1868,553548
1707,553580
1919,553612
1607,553644
1423,553676
1149,553708
571,553740
687,553772
426,553804
0,553836
294,553868
522,553900
861,553932
942,553964
1177,553996
1485,554028
1631,554060
1502,554092
2142,554124
1808,554156
1978,554188
1710,554220
1166,554252
983,554284
1023,554316
523,554348
556,554380
0,554412
0,554444
0,554476
249,554508
862,554540
700,554572
967,554604
1159,554636
1431,554668
1659,554700
2185,554732
1849,554764
1982,554796
1741,554828
1504,554860
1242,554892
613,554924
780,554956
512,554988
317,555020
153,555052
28,555084
617,555116
477,555148
710,555180
925,555212
1160,555244
1417,555276
1623,555308
1882,555340
2076,555372
1482,555404
1303,555436
1479,555468
851,555500
1049,555532
736,555564
567,555596
287,555628
0,555660
503,555692
734,555724
605,555756
1184,555788
1384,555820
1739,555852
1848,555884
2045,555916
2327,555948
1996,555980
1401,556012
1624,556044
941,556076
1134,556108
878,556140
267,556172
92,556204
159,556236
0,556268
479,556300
367,556332
684,556364
1263,556396
1098,556428
1735,556460
1560,556492
1800,556524
2236,556556
1626,556588
1438,556620
1531,556652
985,556684
1111,556716
537,556748
637,556780
380,556812
0,556844
364,556876
600,556908
824,556940
1053,556972
1244,557004
1503,557036
1709,557068
1565,557100
2174,557132
1755,557164
1549,557196
1279,557228
1084,557260
905,557292
634,557324
455,557356
222,557388
3,557420
0,557452
489,557484
327,557516
975,557548
734,557580
1407,557612
1607,557644
1463,557676
2073,557708
2265,557740
1769,557772
1856,557804
1628,557836
1504,557868
1129,557900
905,557932
749,557964
442,557996
279,558028
236,558060
90,558092
364,558124
891,558156
810,558188
1342,558220
1582,558252
1543,558284
2044,558316
1868,558348
1735,558380
1400,558412
1226,558444
1400,558476
773,558508
588,558540
670,558572
126,558604
0,558636
8,558668
233,558700
810,558732
600,558764
1262,558796
1456,558828
1726,558860
1920,558892
2122,558924
2236,558956
1952,558988
1344,559020
1051,559052
890,559084
666,559116
429,559148
207,559180
20,559212
0,559244
4,559276
275,559308
448,559340
727,559372
1341,559404
1178,559436
1849,559468
1562,559500
2293,559532
2202,559564
1546,559596
1725,559628
1496,559660
906,559692
1034,559724
764,559756
649,559788
300,559820
141,559852
446,559884
604,559916
486,559948
1142,559980
936,560012
1162,560044
1792,560076
1622,560108
2256,560140
2062,560172
1512,560204
1584,560236
1004,560268
871,560300
556,560332
378,560364
537,560396
0,560428
0,560460
490,560492
364,560524
635,560556
823,560588
1083,560620
1675,560652
1834,560684
2139,560716
2296,560748
2093,560780
1822,560812
1591,560844
1352,560876
1118,560908
860,560940
665,560972
399,561004
0,561036
269,561068
139,561100
397,561132
589,561164
844,561196
1117,561228
1295,561260
1590,561292
1819,561324
1882,561356
1645,561388
1340,561420
1191,561452
1389,561484
686,561516
907,561548
633,561580
56,561612
151,561644
352,561676
277,561708
808,561740
1039,561772
1373,561804
1455,561836
1694,561868
2015,561900
2168,561932
1754,561964
1920,561996
1288,562028
1440,562060
1190,562092
652,562124
717,562156
506,562188
21,562220
139,562252
38,562284
349,562316
486,562348
762,562380
1384,562412
1212,562444
1483,562476
1676,562508
1948,562540
1785,562572
1840,562604
1323,562636
1452,562668
1213,562700
988,562732
728,562764
526,562796
264,562828
217,562860
475,562892
671,562924
538,562956
1131,562988
988,563020
1223,563052
1448,563084
1687,563116
1895,563148
1637,563180
1421,563212
1242,563244
969,563276
791,563308
968,563340
341,563372
539,563404
0,563436
379,563468
570,563500
401,563532
1017,563564
1248,563596
1118,563628
1711,563660
1911,563692
2096,563724
2207,563756
1945,563788
1789,563820
1471,563852
892,563884
1088,563916
432,563948
632,563980
363,564012
0,564044
352,564076
544,564108
475,564140
1002,564172
878,564204
1194,564236
1328,564268
1624,564300
2267,564332
1804,564364
1579,564396
1710,564428
1111,564460
923,564492
1007,564524
473,564556
587,564588
286,564620
223,564652
428,564684
685,564716
890,564748
1114,564780
1340,564812
1580,564844
1772,564876
2042,564908
2238,564940
1695,564972
1834,565004
1228,565036
1032,565068
767,565100
582,565132
393,565164
122,565196
0,565228
0,565260
154,565292
395,565324
538,565356
839,565388
1497,565420
1242,565452
1943,565484
2127,565516
1943,565548
2079,565580
1805,565612
1562,565644
1326,565676
1102,565708
991,565740
616,565772
384,565804
231,565836
255,565868
556,565900
750,565932
599,565964
876,565996
1408,566028
1324,566060
1868,566092
2110,566124
1901,566156
1936,566188
1343,566220
1211,566252
888,566284
716,566316
874,566348
263,566380
73,566412
136,566444
60,566476
297,566508
520,566540
745,566572
1324,566604
1113,566636
1790,566668
1992,566700
2264,566732
2174,566764
1900,566796
1703,566828
1432,566860
828,566892
968,566924
376,566956
153,566988
0,567020
0,567052
60,567084
252,567116
506,567148
787,567180
955,567212
1239,567244
1883,567276
1702,567308
2381,567340
1692,567372
1947,567404
1673,567436
1020,567468
1199,567500
974,567532
700,567564
520,567596
247,567628
347,567660
460,567692
656,567724
971,567756
1115,567788
998,567820
1662,567852
1454,567884
1678,567916
2272,567948
1628,567980
1792,568012
1531,568044
997,568076
1066,568108
493,568140
359,568172
473,568204
0,568236
347,568268
188,568300
425,568332
1004,568364
887,568396
1143,568428
1325,568460
1597,568492
2205,568524
2192,568556
2031,568588
1770,568620
1561,568652
1292,568684
1068,568716
830,568748
604,568780
344,568812
129,568844
332,568876
204,568908
791,568940
653,568972
912,569004
1103,569036
1356,569068
1641,569100
1820,569132
1821,569164
1595,569196
1355,569228
1131,569260
828,569292
683,569324
877,569356
184,569388
395,569420
217,569452
408,569484
681,569516
864,569548
781,569580
1324,569612
1562,569644
1912,569676
1991,569708
2233,569740
2143,569772
1820,569804
1226,569836
1398,569868
768,569900
936,569932
671,569964
151,569996
205,570028
206,570060
171,570092
411,570124
549,570156
857,570188
988,570220
1274,570252
1916,570284
1736,570316
1963,570348
1688,570380
1495,570412
1273,570444
1311,570476
809,570508
936,570540
697,570572
464,570604
203,570636
346,570668
540,570700
734,570732
989,570764
1193,570796
1053,570828
1656,570860
1511,570892
1742,570924
1808,570956
1577,570988
1370,571020
1112,571052
1177,571084
732,571116
458,571148
281,571180
445,571212
0,571244
460,571276
200,571308
900,571340
1084,571372
1296,571404
1535,571436
1785,571468
1641,571500
2240,571532
2155,571564
2031,571596
1678,571628
1417,571660
1263,571692
955,571724
380,571756
575,571788
0,571820
203,571852
416,571884
262,571916
863,571948
1066,571980
987,572012
1257,572044
1392,572076
1719,572108
1855,572140
1752,572172
1917,572204
1286,572236
1054,572268
1192,572300
599,572332
413,572364
493,572396
0,572428
285,572460
175,572492
747,572524
944,572556
1209,572588
1400,572620
1640,572652
1480,572684
2106,572716
2253,572748
2047,572780
1775,572812
1176,572844
1308,572876
714,572908
524,572940
255,572972
70,573004
0,573036
0,573068
215,573100
443,573132
667,573164
893,573196
1050,573228
1352,573260
2031,573292
2185,573324
2303,573356
2025,573388
1418,573420
1551,573452
1277,573484
729,573516
826,573548
588,573580
474,573612
71,573644
319,573676
633,573708
777,573740
1071,573772
1272,573804
1100,573836
1388,573868
1934,573900
1862,573932
1849,573964
1886,573996
1383,574028
1402,574060
829,574092
699,574124
376,574156
202,574188
362,574220
0,574252
120,574284
664,574316
573,574348
807,574380
1031,574412
1259,574444
1852,574476
1630,574508
2318,574540
2112,574572
1465,574604
1646,574636
1370,574668
1177,574700
909,574732
319,574764
456,574796
0,574828
0,574860
79,574892
312,574924
569,574956
762,574988
1017,575020
1292,575052
1466,575084
1756,575116
1865,575148
1705,575180
1915,575212
1597,575244
1419,575276
1148,575308
511,575340
686,575372
458,575404
0,575436
332,575468
526,575500
873,575532
975,575564
1181,575596
1485,575628
1641,575660
1513,575692
2200,575724
1804,575756
1580,575788
1742,575820
1114,575852
939,575884
1008,575916
487,575948
553,575980
0,576012
0,576044
0,576076
252,576108
873,576140
709,576172
936,576204
1529,576236
1386,576268
1660,576300
1854,576332
1847,576364
1979,576396
1664,576428
1503,576460
1238,576492
607,576524
780,576556
556,576588
318,576620
189,576652
394,576684
653,576716
847,576748
714,576780
1304,576812
1165,576844
1420,576876
1624,576908
1884,576940
1767,576972
1480,577004
1301,577036
1369,577068
843,577100
619,577132
793,577164
171,577196
352,577228
0,577260
555,577292
745,577324
616,577356
1194,577388
1388,577420
1293,577452
1852,577484
2091,577516
2391,577548
1995,577580
1768,577612
1611,577644
1293,577676
715,577708
878,577740
266,577772
92,577804
153,577836
0,577868
492,577900
728,577932
685,577964
1177,577996
1058,578028
1373,578060
1500,578092
1800,578124
2272,578156
1625,578188
1435,578220
1163,578252
973,578284
751,578316
800,578348
301,578380
414,578412
0,578444
410,578476
602,578508
864,578540
1056,578572
1246,578604
1515,578636
1711,578668
1575,578700
2176,578732
1752,578764
1513,578796
1277,578828
1052,578860
859,578892
600,578924
397,578956
507,578988
0,579020
0,579052
491,579084
329,579116
985,579148
711,579180
1415,579212
1611,579244
1418,579276
2073,579308
2315,579340
1768,579372
1900,579404
1625,579436
1510,579468
1159,579500
895,579532
747,579564
440,579596
0,579628
280,579660
89,579692
325,579724
928,579756
774,579788
1384,579820
1584,579852
1500,579884
2046,579916
1866,579948
1726,579980
1392,580012
1224,580044
1391,580076
763,580108
539,580140
669,580172
89,580204
0,580236
319,580268
237,580300
813,580332
969,580364
1261,580396
1464,580428
1734,580460
1930,580492
2168,580524
2232,580556
1997,580588
1720,580620
1519,580652
1248,580684
665,580716
793,580748
207,580780
16,580812
0,580844
8,580876
281,580908
455,580940
728,580972
955,581004
1179,581036
1415,581068
1565,581100
1879,581132
2271,581164
1543,581196
1773,581228
1488,581260
903,581292
1024,581324
761,581356
219,581388
297,581420
184,581452
524,581484
605,581516
841,581548
1145,581580
1292,581612
1166,581644
1801,581676
1627,581708
1915,581740
2062,581772
1510,581804
1582,581836
1356,581868
860,581900
893,581932
326,581964
187,581996
0,582028
0,582060
524,582092
365,582124
633,582156
1180,582188
1085,582220
1319,582252
1835,582284
1785,582316
2336,582348
1632,582380
1854,582412
1582,582444
1386,582476
1120,582508
858,582540
665,582572
396,582604
0,582636
278,582668
141,582700
375,582732
1070,582764
826,582796
1082,582828
1276,582860
1533,582892
1819,582924
1832,582956
1642,582988
1340,583020
1181,583052
1388,583084
989,583116
903,583148
634,583180
18,583212
141,583244
397,583276
276,583308
856,583340
1049,583372
1384,583404
1497,583436
1706,583468
2025,583500
2171,583532
1742,583564
1965,583596
1278,583628
1054,583660
1214,583692
600,583724
749,583756
496,583788
0,583820
141,583852
42,583884
350,583916
488,583948
764,583980
1387,584012
1222,584044
1451,584076
2048,584108
1915,584140
1786,584172
1883,584204
1319,584236
1449,584268
1146,584300
985,584332
720,584364
525,584396
264,584428
254,584460
480,584492
718,584524
909,584556
1175,584588
1368,584620
1224,584652
1531,584684
1688,584716
1896,584748
1628,584780
1420,584812
1242,584844
968,584876
791,584908
857,584940
339,584972
109,585004
0,585036
0,585068
649,585100
397,585132
1071,585164
1259,585196
1127,585228
1721,585260
1916,585292
1821,585324
2206,585356
1978,585388
1855,585420
1468,585452
1240,585484
1087,585516
780,585548
215,585580
361,585612
0,585644
349,585676
556,585708
478,585740
1004,585772
1240,585804
1197,585836
1703,585868
1573,585900
1901,585932
1740,585964
1566,585996
1742,586028
1102,586060
923,586092
1016,586124
471,586156
249,586188
285,586220
0,586252
464,586284
697,586316
922,586348
1120,586380
1386,586412
1582,586444
1775,586476
2043,586508
2248,586540
1694,586572
1530,586604
1227,586636
998,586668
762,586700
547,586732
346,586764
88,586796
0,586828
219,586860
110,586892
391,586924
1007,586956
841,586988
1499,587020
1224,587052
1947,587084
2139,587116
1885,587148
2075,587180
1840,587212
1242,587244
1371,587276
1101,587308
987,587340
636,587372
383,587404
221,587436
267,587468
154,587500
796,587532
602,587564
1246,587596
1440,587628
1276,587660
1913,587692
2112,587724
1863,587756
1933,587788
1338,587820
1205,587852
1327,587884
714,587916
873,587948
260,587980
43,588012
124,588044
28,588076
301,588108
832,588140
749,588172
1327,588204
1198,588236
1791,588268
1996,588300
2265,588332
2168,588364
1934,588396
1692,588428
1465,588460
1196,588492
631,588524
736,588556
151,588588
280,588620
0,588652
68,588684
255,588716
512,588748
791,588780
958,588812
1241,588844
1467,588876
1704,588908
1933,588940
1689,588972
1528,589004
1741,589036
1020,589068
1245,589100
973,589132
696,589164
507,589196
246,589228
0,589260
462,589292
702,589324
1049,589356
1120,589388
1355,589420
1663,589452
1818,589484
2124,589516
2280,589548
1627,589580
1449,589612
1532,589644
988,589676
1064,589708
842,589740
347,589772
126,589804
0,589836
20,589868
154,589900
428,589932
1040,589964
875,589996
1147,590028
1706,590060
1608,590092
1839,590124
1899,590156
1661,590188
1802,590220
1116,590252
1326,590284
1065,590316
864,590348
604,590380
336,590412
0,590444
334,590476
205,590508
795,590540
653,590572
880,590604
1104,590636
1338,590668
1595,590700
1800,590732
1770,590764
1590,590796
1305,590828
1128,590860
826,590892
668,590924
875,590956
156,590988
379,591020
219,591052
442,591084
683,591116
912,591148
791,591180
1371,591212
1564,591244
1915,591276
2026,591308
2237,591340
2141,591372
1819,591404
1216,591436
1432,591468
766,591500
551,591532
701,591564
102,591596
237,591628
208,591660
151,591692
407,591724
550,591756
859,591788
1000,591820
1276,591852
1915,591884
1738,591916
1917,591948
2060,591980
1448,592012
1260,592044
987,592076
807,592108
925,592140
632,592172
461,592204
200,592236
349,592268
542,592300
778,592332
632,592364
1231,592396
1423,592428
1694,592460
1895,592492
1744,592524
2185,592556
1567,592588
1368,592620
1102,592652
908,592684
730,592716
456,592748
280,592780
335,592812
0,592844
47,592876
203,592908
503,592940
1160,592972
1305,593004
1595,593036
1788,593068
1651,593100
2251,593132
2152,593164
1591,593196
1676,593228
1450,593260
1325,593292
952,593324
728,593356
574,593388
267,593420
0,593452
415,593484
263,593516
864,593548
1069,593580
988,593612
1261,593644
1768,593676
1722,593708
2232,593740
1688,593772
1549,593804
1215,593836
1050,593868
1215,593900
596,593932
409,593964
148,593996
0,594028
0,594060
457,594092
409,594124
986,594156
1213,594188
1440,594220
1642,594252
1455,594284
2112,594316
2250,594348
2047,594380
1771,594412
1165,594444
1305,594476
715,594508
487,594540
252,594572
40,594604
0,594636
0,594668
171,594700
734,594732
621,594764
893,594796
1531,594828
1353,594860
2029,594892
2185,594924
2298,594956
2027,594988
1367,595020
1547,595052
1320,595084
729,595116
745,595148
587,595180
461,595212
103,595244
330,595276
637,595308
781,595340
664,595372
1312,595404
1112,595436
1770,595468
1975,595500
1802,595532
1803,595564
1882,595596
1335,595628
1405,595660
828,595692
684,595724
377,595756
202,595788
349,595820
0,595852
87,595884
668,595916
539,595948
809,595980
1352,596012
1259,596044
1855,596076
1725,596108
2329,596140
2110,596172
1456,596204
1642,596236
1405,596268
1176,596300
952,596332
681,596364
480,596396
220,596428
0,596460
448,596492
317,596524
581,596556
764,596588
1019,596620
1303,596652
1481,596684
1767,596716
1933,596748
1705,596780
1467,596812
1646,596844
1004,596876
1213,596908
518,596940
731,596972
459,597004
0,597036
335,597068
528,597100
445,597132
984,597164
1215,597196
1560,597228
1645,597260
1882,597292
2201,597324
2169,597356
1999,597388
1740,597420
1104,597452
937,597484
1008,597516
476,597548
544,597580
329,597612
0,597644
318,597676
206,597708
524,597740
654,597772
938,597804
1564,597836
1388,597868
1661,597900
2236,597932
1844,597964
1611,597996
1372,598028
1145,598060
1274,598092
603,598124
814,598156
544,598188
346,598220
202,598252
397,598284
655,598316
847,598348
716,598380
1307,598412
1166,598444
1412,598476
1627,598508
1865,598540
1708,598572
1450,598604
1251,598636
1067,598668
792,598700
615,598732
781,598764
158,598796
349,598828
0,598860
555,598892
747,598924
572,598956
1195,598988
1435,599020
1303,599052
1900,599084
2093,599116
2389,599148
2027,599180
1760,599212
1610,599244
1293,599276
714,599308
920,599340
264,599372
42,599404
183,599436
0,599468
526,599500
729,599532
650,599564
1179,599596
1060,599628
1371,599660
1512,599692
1802,599724
2269,599756
1622,599788
1388,599820
1529,599852
935,599884
747,599916
478,599948
296,599980
409,600012
97,600044
409,600076
608,600108
863,600140
1066,600172
1292,600204
1517,600236
1758,600268
1960,600300
2222,600332
2124,600364
1512,600396
1648,600428
1055,600460
856,600492
591,600524
398,600556
220,600588
0,600620
0,600652
109,600684
340,600716
568,600748
713,600780
1014,600812
1679,600844
1423,600876
2125,600908
2315,600940
1766,600972
1897,601004
1624,601036
1067,601068
1148,601100
927,601132
812,601164
431,601196
206,601228
283,601260
440,601292
319,601324
926,601356
778,601388
1385,601420
1594,601452
1512,601484
2048,601516
2234,601548
1722,601580
1755,601612
1164,601644
1023,601676
712,601708
540,601740
700,601772
77,601804
0,601836
0,601868
247,601900
471,601932
970,601964
921,601996
1504,602028
1737,602060
1978,602092
2172,602124
2266,602156
1992,602188
1720,602220
1515,602252
1247,602284
654,602316
795,602348
207,602380
0,602412
0,602444
0,602476
234,602508
428,602540
682,602572
954,602604
1136,602636
1415,602668
2069,602700
1880,602732
2267,602764
1511,602796
1769,602828
1487,602860
855,602892
1024,602924
798,602956
218,602988
334,603020
185,603052
380,603084
639,603116
842,603148
1151,603180
1294,603212
1167,603244
1849,603276
1627,603308
2302,603340
2091,603372
1448,603404
1614,603436
1356,603468
823,603500
888,603532
316,603564
183,603596
0,603628
0,603660
525,603692
374,603724
603,603756
1184,603788
1053,603820
1319,603852
1883,603884
1785,603916
2326,603948
1721,603980
1851,604012
1580,604044
1385,604076
1116,604108
888,604140
656,604172
428,604204
157,604236
315,604268
508,604300
377,604332
970,604364
827,604396
1083,604428
1288,604460
1534,604492
1822,604524
1820,604556
1643,604588
1413,604620
1181,604652
955,604684
652,604716
504,604748
699,604780
9,604812
187,604844
399,604876
280,604908
859,604940
1050,604972
1272,605004
1500,605036
1741,605068
2095,605100
2174,605132
2110,605164
1963,605196
1643,605228
1480,605260
1215,605292
599,605324
424,605356
496,605388
0,605420
144,605452
383,605484
360,605516
831,605548
714,605580
1035,605612
1168,605644
1463,605676
2106,605708
1926,605740
1784,605772
1882,605804
1309,605836
1087,605868
859,605900
634,605932
750,605964
94,605996
284,606028
262,606060
526,606092
728,606124
910,606156
1178,606188
1369,606220
1229,606252
1836,606284
1691,606316
1862,606348
1625,606380
1392,606412
1192,606444
936,606476
739,606508
561,606540
284,606572
105,606604
262,606636
2,606668
647,606700
376,606732
1071,606764
1261,606796
1083,606828
1725,606860
1965,606892
2144,606924
2252,606956
1975,606988
1861,607020
1499,607052
1239,607084
1087,607116
777,607148
494,607180
394,607212
0,607244
0,607276
589,607308
429,607340
1038,607372
1242,607404
1164,607436
1706,607468
1576,607500
1901,607532
2207,607564
1562,607596
1739,607628
1098,607660
877,607692
1004,607724
425,607756
235,607788
0,607820
0,607852
463,607884
634,607916
925,607948
1118,607980
1387,608012
1584,608044
1820,608076
2048,608108
2296,608140
2073,608172
1866,608204
1595,608236
988,608268
1130,608300
539,608332
346,608364
88,608396
0,608428
0,608460
121,608492
393,608524
621,608556
842,608588
1069,608620
1226,608652
1531,608684
2221,608716
1893,608748
2123,608780
1837,608812
1552,608844
1371,608876
1099,608908
559,608940
637,608972
414,609004
285,609036
270,609068
504,609100
799,609132
953,609164
832,609196
1452,609228
1288,609260
1914,609292
2121,609324
1852,609356
1930,609388
1702,609420
1198,609452
973,609484
652,609516
512,609548
206,609580
28,609612
167,609644
29,609676
299,609708
488,609740
748,609772
983,609804
1495,609836
1433,609868
2040,609900
2267,609932
2204,609964
1932,609996
1728,610028
1456,610060
1184,610092
1000,610124
733,610156
142,610188
270,610220
0,610252
42,610284
255,610316
490,610348
746,610380
938,610412
1194,610444
1470,610476
1658,610508
1944,610540
2171,610572
1526,610604
1735,610636
988,610668
1243,610700
970,610732
731,610764
507,610796
279,610828
0,610860
510,610892
702,610924
1037,610956
1161,610988
1368,611020
1673,611052
1823,611084
1695,611116
2313,611148
1628,611180
1822,611212
1560,611244
938,611276
1095,611308
840,611340
312,611372
123,611404
0,611436
20,611468
153,611500
438,611532
1051,611564
886,611596
1113,611628
1708,611660
1565,611692
1848,611724
2221,611756
1660,611788
1801,611820
1195,611852
1321,611884
1066,611916
859,611948
604,611980
366,612012
0,612044
379,612076
572,612108
830,612140
1022,612172
887,612204
1482,612236
1341,612268
1609,612300
1804,612332
1770,612364
1579,612396
1304,612428
1125,612460
893,612492
667,612524
443,612556
142,612588
0,612620
295,612652
448,612684
735,612716
911,612748
791,612780
1373,612812
1565,612844
1478,612876
2029,612908
2270,612940
2205,612972
1808,613004
1582,613036
1431,613068
1117,613100
955,613132
700,613164
100,613196
0,613228
217,613260
152,613292
412,613324
906,613356
861,613388
1354,613420
1231,613452
1552,613484
1689,613516
1916,613548
2092,613580
1436,613612
1256,613644
1343,613676
797,613708
583,613740
348,613772
123,613804
234,613836
0,613868
584,613900
780,613932
607,613964
1240,613996
1433,614028
1693,614060
1900,614092
1752,614124
2176,614156
1565,614188
1336,614220
1101,614252
874,614284
683,614316
424,614348
227,614380
51,614412
0,614444
56,614476
203,614508
505,614540
1161,614572
1295,614604
1595,614636
1789,614668
1597,614700
2253,614732
2190,614764
1587,614796
1712,614828
1440,614860
1325,614892
974,614924
719,614956
571,614988
267,615020
0,615052
461,615084
267,615116
491,615148
1112,615180
938,615212
1227,615244
1770,615276
1689,615308
2235,615340
1678,615372
1547,615404
1224,615436
1038,615468
1213,615500
590,615532
375,615564
490,615596
0,615628
0,615660
152,615692
413,615724
985,615756
1147,615788
1439,615820
1660,615852
1469,615884
2112,615916
2284,615948
2042,615980
1807,616012
1533,616044
1337,616076
1071,616108
488,616140
623,616172
27,616204
0,616236
0,616268
185,616300
447,616332
622,616364
905,616396
1434,616428
1356,616460
1593,616492
2249,616524
1879,616556
2093,616588
1356,616620
1591,616652
1311,616684
728,616716
847,616748
586,616780
45,616812
105,616844
365,616876
703,616908
781,616940
1008,616972
1325,617004
1470,617036
1340,617068
1980,617100
1803,617132
1800,617164
1871,617196
1324,617228
1404,617260
1192,617292
685,617324
714,617356
138,617388
10,617420
0,617452
92,617484
704,617516
541,617548
811,617580
999,617612
1271,617644
1497,617676
2014,617708
1963,617740
2142,617772
1455,617804
1672,617836
1406,617868
1208,617900
940,617932
672,617964
487,617996
216,618028
0,618060
446,618092
318,618124
551,618156
766,618188
1003,618220
1255,618252
1454,618284
1720,618316
2237,618348
1646,618380
1465,618412
1644,618444
1012,618476
1207,618508
478,618540
731,618572
455,618604
0,618636
345,618668
584,618700
456,618732
1034,618764
1227,618796
1575,618828
1679,618860
1885,618892
2207,618924
2168,618956
1563,618988
1783,619020
1102,619052
885,619084
1040,619116
426,619148
583,619180
0,619212
0,619244
329,619276
218,619308
524,619340
664,619372
940,619404
1577,619436
1399,619468
1639,619500
2236,619532
1789,619564
1607,619596
1695,619628
1143,619660
1271,619692
969,619724
807,619756
540,619788
343,619820
204,619852
431,619884
666,619916
894,619948
1088,619980
1353,620012
1548,620044
1404,620076
2012,620108
1871,620140
1708,620172
1439,620204
1242,620236
1066,620268
793,620300
615,620332
395,620364
156,620396
0,620428
0,620460
167,620492
825,620524
582,620556
1247,620588
1438,620620
1303,620652
1911,620684
2104,620716
1933,620748
2026,620780
1792,620812
1675,620844
1292,620876
1056,620908
908,620940
601,620972
39,621004
179,621036
0,621068
204,621100
732,621132
662,621164
1183,621196
1418,621228
1375,621260
1884,621292
1754,621324
1897,621356
1562,621388
1387,621420
1562,621452
924,621484
745,621516
832,621548
295,621580
63,621612
99,621644
74,621676
648,621708
442,621740
1100,621772
1304,621804
1567,621836
1758,621868
1962,621900
2224,621932
2123,621964
1502,621996
1647,622028
1040,622060
816,622092
1067,622124
366,622156
171,622188
0,622220
0,622252
116,622284
295,622316
567,622348
717,622380
1017,622412
1688,622444
1402,622476
2125,622508
2327,622540
1706,622572
1888,622604
1658,622636
1066,622668
1194,622700
922,622732
808,622764
459,622796
205,622828
288,622860
441,622892
332,622924
984,622956
776,622988
1003,623020
1628,623052
1454,623084
2091,623116
2224,623148
1675,623180
1752,623212
1164,623244
1019,623276
704,623308
538,623340
699,623372
84,623404
0,623436
329,623468
205,623500
472,623532
1002,623564
925,623596
1513,623628
1662,623660
1977,623692
2184,623724
2263,623756
1994,623788
1753,623820
1516,623852
1280,623884
1018,623916
825,623948
557,623980
0,624012
0,624044
0,624076
239,624108
429,624140
686,624172
967,624204
1142,624236
1432,624268
1963,624300
1884,624332
1819,624364
1502,624396
1353,624428
1561,624460
848,624492
1069,624524
796,624556
215,624588
331,624620
188,624652
109,624684
650,624716
877,624748
1225,624780
1296,624812
1534,624844
1849,624876
1992,624908
1870,624940
2080,624972
1450,625004
1610,625036
1352,625068
824,625100
880,625132
664,625164
169,625196
192,625228
0,625260
187,625292
330,625324
604,625356
1224,625388
1052,625420
1322,625452
1886,625484
1788,625516
1951,625548
2008,625580
1485,625612
1616,625644
1374,625676
1146,625708
890,625740
686,625772
426,625804
155,625836
319,625868
511,625900
380,625932
681,625964
829,625996
1064,626028
1288,626060
1516,626092
1774,626124
1790,626156
1592,626188
1708,626220
1129,626252
951,626284
1115,626316
504,626348
695,626380
0,626412
203,626444
409,626476
244,626508
859,626540
1096,626572
966,626604
1560,626636
1743,626668
2093,626700
2217,626732
2110,626764
1952,626796
1632,626828
1048,626860
1258,626892
592,626924
782,626956
523,626988
0,627020
185,627052
395,627084
315,627116
843,627148
718,627180
1037,627212
1641,627244
1454,627276
2105,627308
1927,627340
1736,627372
1870,627404
1262,627436
1083,627468
1178,627500
631,627532
749,627564
185,627596
285,627628
267,627660
525,627692
728,627724
957,627756
1180,627788
1419,627820
1609,627852
1485,627884
2076,627916
1854,627948
1999,627980
1399,628012
1192,628044
927,628076
742,628108
564,628140
281,628172
105,628204
0,628236
3,628268
223,628300
378,628332
679,628364
1339,628396
1092,628428
1785,628460
1967,628492
2154,628524
2249,628556
1966,628588
1403,628620
1496,628652
1263,628684
1148,628716
767,628748
552,628780
398,628812
85,628844
396,628876
600,628908
432,628940
718,628972
1256,629004
1166,629036
1706,629068
1947,629100
1911,629132
1837,629164
1509,629196
1367,629228
1048,629260
876,629292
1036,629324
424,629356
235,629388
316,629420
0,629452
137,629484
360,629516
585,629548
1166,629580
954,629612
1626,629644
1822,629676
2095,629708
2300,629740
2063,629772
1468,629804
1593,629836
988,629868
1129,629900
537,629932
312,629964
77,629996
0,630028
0,630060
92,630092
357,630124
627,630156
806,630188
1079,630220
1229,630252
1531,630284
2219,630316
1860,630348
2119,630380
1835,630412
1593,630444
1359,630476
1134,630508
551,630540
680,630572
411,630604
283,630636
303,630668
505,630700
811,630732
959,630764
840,630796
1501,630828
1290,630860
1517,630892
2159,630924
1798,630956
1963,630988
1694,631020
1159,631052
967,631084
653,631116
512,631148
200,631180
27,631212
231,631244
40,631276
267,631308
854,631340
716,631372
983,631404
1175,631436
1437,631468
2045,631500
2201,631532
1738,631564
1928,631596
1725,631628
1454,631660
1227,631692
622,631724
764,631756
504,631788
304,631820
173,631852
43,631884
631,631916
491,631948
748,631980
942,632012
1198,632044
1481,632076
1660,632108
1946,632140
2060,632172
1525,632204
1291,632236
987,632268
829,632300
1037,632332
728,632364
543,632396
281,632428
0,632460
512,632492
714,632524
621,632556
1162,632588
1392,632620
1753,632652
1823,632684
2064,632716
2303,632748
1984,632780
1388,632812
1560,632844
936,632876
1086,632908
831,632940
302,632972
119,633004
142,633036
24,633068
495,633100
382,633132
699,633164
842,633196
1114,633228
1744,633260
1578,633292
1851,633324
1849,633356
1659,633388
1423,633420
1481,633452
969,633484
1098,633516
859,633548
632,633580
368,633612
0,633644
382,633676
574,633708
841,633740
1024,633772
891,633804
1485,633836
1352,633868
1582,633900
1807,633932
1738,633964
1529,633996
1275,634028
1070,634060
1192,634092
617,634124
439,634156
604,634188
0,634220
299,634252
447,634284
741,634316
925,634348
746,634380
1385,634412
1614,634444
1480,634476
2090,634508
2282,634540
2204,634572
1846,634604
1582,634636
1423,634668
1118,634700
540,634732
734,634764
78,634796
265,634828
250,634860
106,634892
387,634924
908,634956
836,634988
1359,635020
1240,635052
1560,635084
1692,635116
1912,635148
2093,635180
1436,635212
1212,635244
1344,635276
759,635308
573,635340
655,635372
121,635404
219,635436
25,635468
589,635500
782,635532
608,635564
1242,635596
1472,635628
1708,635660
1946,635692
2140,635724
2218,635756
1944,635788
1335,635820
1470,635852
875,635884
681,635916
414,635948
230,635980
42,636012
0,636044
57,636076
285,636108
508,636140
744,636172
1360,636204
1191,636236
1868,636268
1605,636300
2315,636332
2190,636364
1579,636396
1709,636428
1438,636460
891,636492
974,636524
750,636556
635,636588
252,636620
166,636652
464,636684
618,636716
909,636748
1112,636780
942,636812
1238,636844
1773,636876
1689,636908
2237,636940
2046,636972
1533,637004
1576,637036
986,637068
857,637100
541,637132
362,637164
522,637196
0,637228
0,637260
508,637292
423,637324
649,637356
875,637388
1099,637420
1692,637452
1467,637484
2158,637516
2282,637548
2080,637580
1808,637612
1535,637644
1337,637676
1078,637708
476,637740
608,637772
26,637804
0,637836
0,637868
154,637900
408,637932
602,637964
858,637996
1141,638028
1308,638060
1598,638092
2248,638124
1866,638156
2077,638188
1759,638220
1579,638252
1309,638284
680,638316
845,638348
620,638380
50,638412
154,638444
366,638476
704,638508
815,638540
1019,638572
1323,638604
1471,638636
1344,638668
2030,638700
1814,638732
1737,638764
1912,638796
1272,638828
1433,638860
1178,638892
644,638924
712,638956
142,638988
8,639020
0,639052
94,639084
713,639116
542,639148
780,639180
1368,639212
1227,639244
1499,639276
1691,639308
1975,639340
2141,639372
1824,639404
1661,639436
1400,639468
1197,639500
940,639532
703,639564
476,639596
249,639628
234,639660
493,639692
687,639724
555,639756
1144,639788
1004,639820
1259,639852
1456,639884
1723,639916
1931,639948
1642,639980
1461,640012
1229,640044
1002,640076
779,640108
475,640140
327,640172
511,640204
0,640236
393,640268
585,640300
455,640332
1035,640364
1224,640396
1141,640428
1688,640460
1930,640492
2283,640524
2160,640556
1931,640588
1784,640620
1456,640652
874,640684
1038,640716
422,640748
574,640780
314,640812
0,640844
320,640876
570,640908
535,640940
1006,640972
890,641004
1213,641036
1342,641068
1640,641100
2285,641132
1788,641164
1607,641196
1323,641228
1143,641260
909,641292
968,641324
459,641356
574,641388
333,641420
238,641452
446,641484
700,641516
906,641548
1096,641580
1355,641612
1552,641644
1406,641676
2016,641708
1872,641740
1676,641772
1440,641804
1210,641836
1015,641868
761,641900
568,641932
376,641964
106,641996
0,642028
333,642060
169,642092
813,642124
552,642156
1255,642188
1449,642220
1266,642252
1911,642284
2153,642316
1928,642348
2062,642380
1790,642412
1514,642444
1312,642476
1055,642508
906,642540
600,642572
38,642604
214,642636
0,642668
570,642700
768,642732
614,642764
1225,642796
1431,642828
1351,642860
1884,642892
1755,642924
1895,642956
1561,642988
1384,643020
1549,643052
925,643084
701,643116
828,643148
248,643180
60,643212
147,643244
101,643276
651,643308
537,643340
1113,643372
1296,643404
1565,643436
1772,643468
2007,643500
2235,643532
2156,643564
1883,643596
1678,643628
1418,643660
815,643692
952,643724
363,643756
169,643788
0,643820
0,643852
119,643884
298,643916
571,643948
795,643980
1020,644012
1253,644044
1405,644076
1709,644108
2397,644140
1706,644172
1943,644204
1657,644236
1064,644268
1193,644300
921,644332
685,644364
456,644396
224,644428
363,644460
446,644492
683,644524
987,644556
1132,644588
1432,644620
1632,644652
1456,644684
1754,644716
2223,644748
1672,644780
1742,644812
1519,644844
1019,644876
1050,644908
475,644940
345,644972
29,645004
0,645036
366,645068
214,645100
473,645132
1018,645164
925,645196
1161,645228
1384,645260
1625,645292
2232,645324
1800,645356
2016,645388
1758,645420
1551,645452
1279,645484
1007,645516
814,645548
553,645580
0,645612
101,645644
0,645676
208,645708
429,645740
666,645772
920,645804
1115,645836
1371,645868
1658,645900
1836,645932
1813,645964
1991,645996
1339,646028
1549,646060
814,646092
1065,646124
795,646156
169,646188
329,646220
235,646252
415,646284
697,646316
888,646348
1225,646380
1338,646412
1536,646444
1853,646476
2009,646508
1872,646540
2128,646572
1436,646604
1210,646636
1384,646668
760,646700
911,646732
665,646764
136,646796
190,646828
0,646860
199,646892
765,646924
614,646956
1229,646988
1062,647020
1290,647052
1888,647084
1752,647116
1947,647148
1672,647180
1481,647212
1609,647244
1304,647276
1135,647308
880,647340
683,647372
424,647404
186,647436
326,647468
556,647500
759,647532
1007,647564
1200,647596
1066,647628
1662,647660
1519,647692
1776,647724
1790,647756
1580,647788
1402,647820
1126,647852
948,647884
717,647916
498,647948
269,647980
0,648012
0,648044
478,648076
248,648108
911,648140
1097,648172
1276,648204
1561,648236
1753,648268
1655,648300
2218,648332
2142,648364
2027,648396
1628,648428
1400,648460
1247,648492
939,648524
368,648556
523,648588
0,648620
188,648652
394,648684
328,648716
846,648748
1084,648780
1037,648812
1273,648844
1404,648876
1741,648908
1872,648940
1736,648972
1912,649004
1260,649036
1080,649068
810,649100
620,649132
399,649164
445,649196
0,649228
300,649260
535,649292
764,649324
958,649356
1216,649388
1418,649420
1612,649452
1882,649484
2079,649516
1852,649548
1995,649580
1386,649612
1149,649644
926,649676
700,649708
504,649740
249,649772
46,649804
0,649836
0,649868
230,649900
857,649932
679,649964
1340,649996
1063,650028
1783,650060
1977,650092
2192,650124
2239,650156
2008,650188
1399,650220
1534,650252
1261,650284
1143,650316
800,650348
540,650380
383,650412
91,650444
4,650476
648,650508
444,650540
1084,650572
1280,650604
1118,650636
1752,650668
1950,650700
1867,650732
1833,650764
1498,650796
1367,650828
1038,650860
872,650892
1033,650924
420,650956
187,650988
314,651020
0,651052
137,651084
671,651116
589,651148
1165,651180
1038,651212
1629,651244
1832,651276
2105,651308
2300,651340
2096,651372
1470,651404
1629,651436
1358,651468
1163,651500
894,651532
304,651564
430,651596
0,651628
0,651660
104,651692
360,651724
631,651756
806,651788
1083,651820
1309,651852
1545,651884
1774,651916
1850,651948
1689,651980
1903,652012
1583,652044
1403,652076
1145,652108
551,652140
668,652172
398,652204
0,652236
304,652268
542,652300
879,652332
957,652364
1193,652396
1503,652428
1658,652460
1962,652492
2168,652524
1788,652556
1622,652588
1693,652620
1158,652652
967,652684
1000,652716
505,652748
540,652780
0,652812
0,652844
1,652876
278,652908
894,652940
718,652972
985,653004
1532,653036
1447,653068
1678,653100
1913,653132
1833,653164
1965,653196
1276,653228
1486,653260
1226,653292
592,653324
764,653356
504,653388
299,653420
170,653452
47,653484
634,653516
493,653548
729,653580
952,653612
1188,653644
1433,653676
1640,653708
1900,653740
1752,653772
1465,653804
1290,653836
976,653868
828,653900
1033,653932
716,653964
539,653996
271,654028
0,654060
525,654092
751,654124
632,654156
1209,654188
1401,654220
1751,654252
1863,654284
2064,654316
2303,654348
1980,654380
1386,654412
1596,654444
936,654476
706,654508
863,654540
250,654572
75,654604
138,654636
0,654668
504,654700
396,654732
697,654764
832,654796
1126,654828
1757,654860
1576,654892
1815,654924
2222,654956
1611,654988
1419,655020
1150,655052
969,655084
1087,655116
782,655148
633,655180
364,655212
0,655244
382,655276
636,655308
844,655340
1072,655372
1264,655404
1531,655436
1726,655468
1594,655500
2192,655532
1728,655564
1530,655596
1264,655628
1068,655660
888,655692
617,655724
438,655756
494,655788
0,655820
0,655852
509,655884
349,655916
1005,655948
752,655980
1423,656012
1624,656044
1491,656076
2089,656108
2284,656140
1753,656172
1840,656204
1612,656236
1497,656268
1103,656300
891,656332
735,656364
424,656396
0,656428
250,656460
106,656492
390,656524
910,656556
838,656588
1357,656620
1607,656652
1561,656684
2062,656716
1850,656748
1709,656780
1383,656812
1210,656844
1376,656876
749,656908
567,656940
301,656972
109,657004
0,657036
299,657068
251,657100
826,657132
619,657164
1278,657196
1483,657228
1752,657260
1948,657292
2141,657324
2206,657356
1936,657388
1328,657420
1471,657452
863,657484
648,657516
422,657548
188,657580
1,657612
0,657644
22,657676
575,657708
470,657740
745,657772
1371,657804
1194,657836
1867,657868
1581,657900
2315,657932
2187,657964
1527,657996
1707,658028
1481,658060
887,658092
1016,658124
746,658156
631,658188
284,658220
167,658252
471,658284
621,658316
507,658348
1152,658380
954,658412
1180,658444
1817,658476
1641,658508
2280,658540
2045,658572
1485,658604
1567,658636
976,658668
846,658700
527,658732
360,658764
509,658796
0,658828
0,658860
504,658892
382,658924
651,658956
1194,658988
1101,659020
1695,659052
1853,659084
2157,659116
2280,659148
2077,659180
1806,659212
1567,659244
1335,659276
1102,659308
840,659340
639,659372
383,659404
0,659436
287,659468
157,659500
414,659532
607,659564
860,659596
1143,659628
1321,659660
1596,659692
1836,659724
1865,659756
1630,659788
1324,659820
1165,659852
1373,659884
668,659916
891,659948
620,659980
39,660012
167,660044
374,660076
283,660108
825,660140
1056,660172
1400,660204
1480,660236
1722,660268
2041,660300
2186,660332
1728,660364
1903,660396
1264,660428
1096,660460
1176,660492
644,660524
704,660556
487,660588
2,660620
168,660652
56,660684
365,660716
494,660748
780,660780
1402,660812
1230,660844
1500,660876
2073,660908
1975,660940
1775,660972
1823,661004
1305,661036
1436,661068
763,661100
970,661132
711,661164
512,661196
248,661228
236,661260
503,661292
696,661324
555,661356
1145,661388
1007,661420
1241,661452
1965,661484
1702,661516
1870,661548
1612,661580
1406,661612
1228,661644
952,661676
776,661708
464,661740
316,661772
508,661804
0,661836
395,661868
584,661900
412,661932
1037,661964
1274,661996
1142,662028
1728,662060
1933,662092
2283,662124
2191,662156
1930,662188
1775,662220
1453,662252
872,662284
1070,662316
424,662348
202,662380
345,662412
0,662444
365,662476
571,662508
491,662540
1018,662572
896,662604
1213,662636
1353,662668
1642,662700
2285,662732
1786,662764
1559,662796
1692,662828
1085,662860
907,662892
989,662924
455,662956
569,662988
270,663020
247,663052
446,663084
703,663116
906,663148
1135,663180
1356,663212
1595,663244
1789,663276
2059,663308
2265,663340
1677,663372
1516,663404
1211,663436
1004,663468
751,663500
556,663532
374,663564
106,663596
0,663628
235,663660
183,663692
407,663724
556,663756
857,663788
1519,663820
1261,663852
1963,663884
2153,663916
1926,663948
2059,663980
1790,664012
1227,664044
1310,664076
1087,664108
975,664140
600,664172
368,664204
207,664236
282,664268
169,664300
778,664332
616,664364
1224,664396
1430,664428
1349,664460
1887,664492
2136,664524
1884,664556
1918,664588
1322,664620
1191,664652
868,664684
700,664716
860,664748
248,664780
56,664812
152,664844
87,664876
314,664908
813,664940
763,664972
1342,665004
1577,665036
1806,665068
2010,665100
2282,665132
2156,665164
1883,665196
1677,665228
1406,665260
812,665292
664,665324
360,665356
137,665388
0,665420
0,665452
76,665484
267,665516
524,665548
1098,665580
975,665612
1257,665644
1899,665676
1719,665708
2398,665740
1672,665772
1931,665804
1657,665836
1012,665868
1183,665900
958,665932
375,665964
490,665996
224,666028
365,666060
479,666092
683,666124
985,666156
1133,666188
1005,666220
1680,666252
1465,666284
2140,666316
2254,666348
1608,666380
1773,666412
1515,666444
972,666476
1050,666508
484,666540
343,666572
457,666604
0,666636
365,666668
214,666700
441,666732
1022,666764
891,666796
1163,666828
1719,666860
1623,666892
2221,666924
1885,666956
2015,666988
1742,667020
1545,667052
1274,667084
1050,667116
816,667148
590,667180
326,667212
0,667244
349,667276
222,667308
528,667340
672,667372
934,667404
1117,667436
1381,667468
1661,667500
1838,667532
1812,667564
1575,667596
1336,667628
1115,667660
810,667692
661,667724
861,667756
159,667788
367,667820
236,667852
426,667884
701,667916
889,667948
797,667980
1341,668012
1580,668044
1931,668076
2012,668108
2250,668140
2125,668172
1804,668204
1645,668236
1370,668268
760,668300
586,668332
656,668364
132,668396
188,668428
229,668460
199,668492
427,668524
558,668556
877,668588
1007,668620
1293,668652
1932,668684
1754,668716
1943,668748
2042,668780
1479,668812
1247,668844
1019,668876
793,668908
910,668940
249,668972
454,669004
184,669036
366,669068
568,669100
751,669132
647,669164
1209,669196
1068,669228
1675,669260
1529,669292
1766,669324
1786,669356
1550,669388
1349,669420
1094,669452
892,669484
713,669516
440,669548
265,669580
0,669612
0,669644
478,669676
217,669708
919,669740
1103,669772
1322,669804
1561,669836
1801,669868
1660,669900
2269,669932
2140,669964
2012,669996
1661,670028
1402,670060
1243,670092
939,670124
364,670156
554,670188
0,670220
0,670252
428,670284
278,670316
880,670348
1086,670380
1003,670412
1275,670444
1416,670476
1738,670508
1882,670540
1734,670572
1901,670604
1258,670636
1037,670668
1166,670700
584,670732
393,670764
126,670796
0,670828
303,670860
463,670892
763,670924
960,670956
1229,670988
1424,671020
1658,671052
1496,671084
2125,671116
2233,671148
2029,671180
1758,671212
1150,671244
1288,671276
696,671308
496,671340
240,671372
46,671404
0,671436
0,671468
239,671500
751,671532
684,671564
908,671596
1066,671628
1367,671660
2046,671692
2203,671724
2287,671756
2000,671788
1402,671820
1531,671852
1260,671884
715,671916
796,671948
574,671980
459,672012
101,672044
345,672076
651,672108
795,672140
678,672172
1288,672204
1126,672236
1752,672268
1952,672300
1870,672332
1831,672364
1867,672396
1356,672428
1388,672460
810,672492
671,672524
360,672556
188,672588
335,672620
0,672652
139,672684
328,672716
599,672748
825,672780
1327,672812
1273,672844
1870,672876
2107,672908
2344,672940
2104,672972
1449,673004
1624,673036
1353,673068
1161,673100
893,673132
303,673164
430,673196
0,673228
0,673260
108,673292
332,673324
586,673356
782,673388
1036,673420
1614,673452
1495,673484
1783,673516
2343,673548
1689,673580
1899,673612
1579,673644
1400,673676
1129,673708
502,673740
665,673772
441,673804
0,673836
348,673868
543,673900
887,673932
1001,673964
1196,673996
1503,674028
1658,674060
1530,674092
2216,674124
1787,674156
1992,674188
1722,674220
1094,674252
923,674284
992,674316
460,674348
536,674380
0,674412
0,674444
5,674476
280,674508
887,674540
729,674572
953,674604
1548,674636
1404,674668
1687,674700
2250,674732
1831,674764
1959,674796
1357,674828
1483,674860
1216,674892
588,674924
760,674956
528,674988
298,675020
215,675052
411,675084
671,675116
863,675148
727,675180
1320,675212
1183,675244
1446,675276
1642,675308
1903,675340
1751,675372
1464,675404
1287,675436
1053,675468
825,675500
603,675532
765,675564
152,675596
331,675628
0,675660
569,675692
765,675724
633,675756
1215,675788
1405,675820
1318,675852
1870,675884
2105,675916
2368,675948
1980,675980
1743,676012
1593,676044
1277,676076
1115,676108
858,676140
250,676172
75,676204
135,676236
0,676268
507,676300
744,676332
701,676364
1193,676396
1070,676428
1387,676460
1528,676492
1818,676524
2256,676556
1606,676588
1418,676620
1504,676652
955,676684
735,676716
505,676748
283,676780
394,676812
0,676844
426,676876
622,676908
890,676940
1082,676972
1272,677004
1533,677036
1741,677068
1593,677100
2200,677132
1726,677164
1496,677196
1260,677228
1036,677260
838,677292
582,677324
382,677356
203,677388
0,677420
0,677452
511,677484
347,677516
1003,677548
729,677580
1432,677612
1627,677644
1435,677676
2093,677708
2331,677740
1749,677772
1882,677804
1608,677836
1483,677868
1133,677900
878,677932
729,677964
415,677996
0,678028
302,678060
108,678092
342,678124
952,678156
780,678188
1401,678220
1610,678252
1517,678284
2064,678316
1851,678348
1719,678380
1371,678412
1206,678444
1375,678476
746,678508
523,678540
652,678572
75,678604
0,678636
0,678668
251,678700
829,678732
988,678764
1279,678796
1484,678828
1752,678860
1950,678892
2189,678924
2207,678956
1976,678988
1696,679020
1499,679052
1232,679084
638,679116
768,679148
187,679180
3,679212
0,679244
27,679276
298,679308
474,679340
764,679372
971,679404
1196,679436
1431,679468
1592,679500
1896,679532
2253,679564
1520,679596
1753,679628
1472,679660
885,679692
1017,679724
735,679756
203,679788
286,679820
203,679852
544,679884
619,679916
857,679948
1163,679980
1310,680012
1180,680044
1818,680076
1643,680108
2282,680140
2040,680172
1486,680204
1564,680236
1341,680268
841,680300
875,680332
300,680364
169,680396
0,680428
0,680460
542,680492
390,680524
651,680556
840,680588
1111,680620
1335,680652
1854,680684
1803,680716
2304,680748
2062,680780
1838,680812
1566,680844
1372,680876
1100,680908
831,680940
635,680972
378,681004
0,681036
296,681068
158,681100
392,681132
617,681164
844,681196
1098,681228
1296,681260
1550,681292
1836,681324
1805,681356
1628,681388
1805,681420
1163,681452
1371,681484
646,681516
885,681548
617,681580
0,681612
169,681644
415,681676
296,681708
873,681740
1064,681772
1246,681804
1516,681836
1724,681868
2031,681900
2191,681932
1727,681964
1944,681996
1263,682028
1456,682060
1197,682092
583,682124
734,682156
477,682188
0,682220
167,682252
59,682284
375,682316
506,682348
782,682380
1405,682412
1230,682444
1468,682476
2076,682508
1931,682540
1769,682572
1868,682604
1303,682636
1433,682668
842,682700
969,682732
702,682764
505,682796
238,682828
270,682860
504,682892
735,682924
924,682956
1184,682988
1385,683020
1242,683052
1849,683084
1704,683116
1868,683148
1612,683180
1402,683212
1214,683244
942,683276
764,683308
539,683340
312,683372
91,683404
0,683436
20,683468
665,683500
424,683532
1087,683564
1275,683596
1145,683628
1741,683660
1936,683692
2159,683724
2190,683756
1952,683788
1839,683820
1448,683852
1216,683884
1070,683916
763,683948
605,683980
344,684012
0,684044
46,684076
570,684108
493,684140
1020,684172
1257,684204
1223,684236
1720,684268
1584,684300
1917,684332
1725,684364
1546,684396
1723,684428
1091,684460
904,684492
992,684524
446,684556
221,684588
8,684620
0,684652
488,684684
280,684716
942,684748
1144,684780
1404,684812
1600,684844
1792,684876
2072,684908
2265,684940
1674,684972
1808,685004
1207,685036
974,685068
747,685100
524,685132
328,685164
70,685196
0,685228
0,685260
138,685292
409,685324
1032,685356
857,685388
1515,685420
1244,685452
1964,685484
2157,685516
1875,685548
2059,685580
1822,685612
1530,685644
1353,685676
1081,685708
971,685740
619,685772
364,685804
203,685836
282,685868
174,685900
822,685932
615,685964
846,685996
1465,686028
1294,686060
1929,686092
2136,686124
1836,686156
1914,686188
1322,686220
1182,686252
1309,686284
696,686316
856,686348
235,686380
22,686412
154,686444
55,686476
312,686508
503,686540
775,686572
1341,686604
1504,686636
1817,686668
2012,686700
2281,686732
2154,686764
1915,686796
1678,686828
1449,686860
1180,686892
976,686924
717,686956
135,686988
254,687020
0,687052
80,687084
271,687116
528,687148
808,687180
976,687212
1257,687244
1485,687276
1724,687308
1963,687340
1672,687372
1511,687404
1725,687436
1004,687468
1227,687500
955,687532
681,687564
493,687596
219,687628
0,687660
491,687692
718,687724
1065,687756
1136,687788
1374,687820
1689,687852
1836,687884
1706,687916
2253,687948
1608,687980
1772,688012
1514,688044
973,688076
1048,688108
816,688140
329,688172
109,688204
0,688236
26,688268
168,688300
454,688332
1064,688364
892,688396
1162,688428
1352,688460
1629,688492
1855,688524
2170,688556
1645,688588
1784,688620
1533,688652
1308,688684
1048,688716
848,688748
586,688780
317,688812
141,688844
361,688876
222,688908
812,688940
670,688972
900,689004
1120,689036
1356,689068
1612,689100
1820,689132
1753,689164
1575,689196
1286,689228
1108,689260
1286,689292
650,689324
855,689356
132,689388
363,689420
239,689452
459,689484
695,689516
928,689548
804,689580
1386,689612
1592,689644
1931,689676
2045,689708
2263,689740
2112,689772
1791,689804
1208,689836
1418,689868
748,689900
942,689932
685,689964
74,689996
219,690028
232,690060
167,690092
427,690124
559,690156
876,690188
1018,690220
1302,690252
1943,690284
1756,690316
1897,690348
2040,690380
1421,690412
1243,690444
1338,690476
791,690508
909,690540
345,690572
445,690604
184,690636
365,690668
568,690700
799,690732
650,690764
1258,690796
1437,690828
1711,690860
1915,690892
1768,690924
2168,690956
1551,690988
1350,691020
1088,691052
890,691084
712,691116
440,691148
262,691180
28,691212
0,691244
61,691276
223,691308
523,691340
1177,691372
1371,691404
1615,691436
1803,691468
1660,691500
2267,691532
2135,691564
1563,691596
1657,691628
1423,691660
1307,691692
936,691724
714,691756
556,691788
249,691820
231,691852
441,691884
281,691916
568,691948
1086,691980
1014,692012
1274,692044
1788,692076
1740,692108
2248,692140
1660,692172
1529,692204
1198,692236
1031,692268
1194,692300
571,692332
393,692364
474,692396
0,692428
0,692460
205,692492
427,692524
1003,692556
796,692588
1466,692620
1662,692652
1482,692684
2128,692716
2233,692748
2027,692780
1752,692812
1149,692844
1280,692876
688,692908
460,692940
237,692972
21,693004
0,693036
0,693068
198,693100
468,693132
647,693164
919,693196
1070,693228
1372,693260
2046,693292
2203,693324
2283,693356
1999,693388
1342,693420
1519,693452
1293,693484
711,693516
830,693548
568,693580
456,693612
133,693644
347,693676
652,693708
798,693740
681,693772
1336,693804
1130,693836
1358,693868
1996,693900
1820,693932
1783,693964
1854,693996
1319,694028
1388,694060
810,694092
668,694124
360,694156
184,694188
333,694220
0,694252
107,694284
682,694316
567,694348
825,694380
1015,694412
1277,694444
1881,694476
2043,694508
2345,694540
2092,694572
1439,694604
1616,694636
1387,694668
1151,694700
924,694732
663,694764
462,694796
200,694828
0,694860
462,694892
334,694924
589,694956
782,694988
1040,695020
1320,695052
1498,695084
1782,695116
2222,695148
1686,695180
1451,695212
1625,695244
987,695276
1197,695308
491,695340
713,695372
439,695404
0,695436
359,695468
552,695500
472,695532
1002,695564
1242,695596
1583,695628
1663,695660
1900,695692
2219,695724
2152,695756
1549,695788
1722,695820
1085,695852
918,695884
989,695916
458,695948
528,695980
303,696012
0,696044
344,696076
228,696108
541,696140
680,696172
964,696204
1584,696236
1414,696268
1691,696300
1880,696332
1819,696364
1593,696396
1643,696428
1129,696460
1248,696492
587,696524
794,696556
526,696588
330,696620
220,696652
423,696684
681,696716
875,696748
733,696780
1324,696812
1184,696844
1420,696876
1646,696908
1884,696940
1701,696972
1432,697004
1229,697036
1343,697068
778,697100
599,697132
763,697164
146,697196
331,697228
0,697260
575,697292
765,697324
586,697356
1213,697388
1452,697420
1318,697452
1918,697484
2122,697516
2365,697548
2015,697580
1740,697612
1593,697644
1274,697676
699,697708
894,697740
247,697772
23,697804
157,697836
0,697868
540,697900
746,697932
679,697964
1195,697996
1072,698028
1400,698060
1531,698092
1818,698124
2253,698156
1606,698188
1383,698220
1512,698252
910,698284
731,698316
814,698348
269,698380
393,698412
119,698444
425,698476
630,698508
889,698540
1085,698572
1311,698604
1536,698636
1784,698668
1977,698700
2250,698732
2107,698764
1488,698796
1640,698828
1024,698860
838,698892
573,698924
379,698956
200,698988
0,699020
0,699052
135,699084
350,699116
584,699148
731,699180
1035,699212
1707,699244
1438,699276
2151,699308
2333,699340
1740,699372
1871,699404
1597,699436
1053,699468
1132,699500
909,699532
797,699564
412,699596
187,699628
299,699660
448,699692
336,699724
956,699756
792,699788
1079,699820
1611,699852
1528,699884
2076,699916
2216,699948
1704,699980
1738,700012
1146,700044
1007,700076
696,700108
522,700140
682,700172
68,700204
0,700236
346,700268
263,700300
485,700332
989,700364
941,700396
1518,700428
1306,700460
1992,700492
2188,700524
2248,700556
1978,700588
1696,700620
1498,700652
1228,700684
637,700716
767,700748
183,700780
0,700812
219,700844
3,700876
261,700908
444,700940
701,700972
981,701004
1150,701036
1432,701068
1593,701100
1898,701132
2249,701164
1485,701196
1751,701228
1471,701260
828,701292
1005,701324
778,701356
199,701388
316,701420
205,701452
539,701484
664,701516
864,701548
1165,701580
1309,701612
1194,701644
1871,701676
1643,701708
1880,701740
2064,701772
1433,701804
1596,701836
1336,701868
807,701900
873,701932
300,701964
158,701996
0,702028
0,702060
541,702092
389,702124
617,702156
1207,702188
1066,702220
1339,702252
1902,702284
1801,702316
2311,702348
1995,702380
1833,702412
1562,702444
1366,702476
1096,702508
874,702540
638,702572
412,702604
139,702636
331,702668
527,702700
395,702732
696,702764
846,702796
1102,702828
1304,702860
1561,702892
1847,702924
1805,702956
1624,702988
1692,703020
1160,703052
937,703084
634,703116
475,703148
680,703180
0,703212
221,703244
423,703276
298,703308
875,703340
1066,703372
983,703404
1576,703436
1759,703468
2119,703500
2191,703532
2092,703564
1935,703596
1622,703628
1024,703660
1196,703692
574,703724
728,703756
479,703788
0,703820
170,703852
408,703884
375,703916
858,703948
740,703980
1053,704012
1192,704044
1470,704076
2112,704108
1941,704140
1767,704172
1856,704204
1291,704236
1071,704268
1118,704300
617,704332
732,704364
495,704396
264,704428
282,704460
544,704492
742,704524
927,704556
1194,704588
1388,704620
1248,704652
1550,704684
1707,704716
1840,704748
1600,704780
1382,704812
1167,704844
910,704876
716,704908
829,704940
268,704972
89,705004
235,705036
18,705068
667,705100
393,705132
1095,705164
1279,705196
1098,705228
1740,705260
1978,705292
1844,705324
2232,705356
1950,705388
1835,705420
1479,705452
1224,705484
1067,705516
761,705548
186,705580
380,705612
0,705644
409,705676
607,705708
455,705740
1063,705772
1261,705804
1181,705836
1721,705868
1593,705900
1927,705932
2189,705964
1546,705996
1719,706028
1082,706060
859,706092
984,706124
407,706156
215,706188
298,706220
0,706252
489,706284
377,706316
941,706348
1146,706380
1406,706412
1600,706444
1836,706476
2072,706508
2303,706540
2045,706572
1463,706604
1568,706636
973,706668
1112,706700
512,706732
318,706764
64,706796
0,706828
0,706860
138,706892
411,706924
651,706956
869,706988
1094,707020
1243,707052
1547,707084
2237,707116
1870,707148
2107,707180
1819,707212
1534,707244
1343,707276
1081,707308
540,707340
618,707372
393,707404
263,707436
288,707468
512,707500
827,707532
971,707564
1275,707596
1467,707628
1296,707660
1590,707692
2138,707724
1834,707756
1912,707788
1676,707820
1180,707852
955,707884
636,707916
495,707948
188,707980
19,708012
188,708044
57,708076
315,708108
862,708140
775,708172
989,708204
1226,708236
1453,708268
2061,708300
1836,708332
2184,708364
1914,708396
1710,708428
1440,708460
1179,708492
602,708524
715,708556
124,708588
253,708620
0,708652
58,708684
282,708716
504,708748
761,708780
956,708812
1221,708844
1496,708876
1672,708908
1961,708940
1662,708972
1510,709004
1717,709036
970,709068
1213,709100
955,709132
704,709164
491,709196
255,709228
0,709260
538,709292
728,709324
1063,709356
1180,709388
1374,709420
1691,709452
1838,709484
1708,709516
2297,709548
1598,709580
1372,709612
1535,709644
908,709676
1072,709708
816,709740
283,709772
107,709804
0,709836
39,709868
168,709900
459,709932
1067,709964
904,709996
1130,710028
1724,710060
1580,710092
1865,710124
1834,710156
1641,710188
1773,710220
1465,710252
1303,710284
1040,710316
841,710348
584,710380
351,710412
0,710444
398,710476
588,710508
857,710540
1049,710572
907,710604
1500,710636
1359,710668
1615,710700
1821,710732
1744,710764
1562,710796
1278,710828
1106,710860
1165,710892
647,710924
427,710956
122,710988
0,711020
315,711052
456,711084
749,711116
939,711148
818,711180
1387,711212
1591,711244
1495,711276
2048,711308
2288,711340
2189,711372
1791,711404
1563,711436
1407,711468
1098,711500
523,711532
680,711564
75,711596
216,711628
232,711660
168,711692
427,711724
920,711756
888,711788
1368,711820
1253,711852
1577,711884
1706,711916
1896,711948
2074,711980
1429,712012
1240,712044
970,712076
779,712108
557,712140
602,712172
105,712204
202,712236
365,712268
600,712300
797,712332
624,712364
1258,712396
1449,712428
1720,712460
1915,712492
1769,712524
2158,712556
1536,712588
1320,712620
1082,712652
859,712684
663,712716
398,712748
205,712780
312,712812
0,712844
81,712876
683,712908
523,712940
1179,712972
1326,713004
1615,713036
1817,713068
1620,713100
2271,713132
2172,713164
1561,713196
1696,713228
1418,713260
1303,713292
957,713324
701,713356
541,713388
239,713420
0,713452
477,713484
285,713516
927,713548
1120,713580
966,713612
1243,713644
1788,713676
1705,713708
2253,713740
1660,713772
1527,713804
1196,713836
1030,713868
1195,713900
581,713932
349,713964
474,713996
0,714028
0,714060
510,714092
439,714124
1007,714156
887,714188
1465,714220
1662,714252
1484,714284
2140,714316
2267,714348
2024,714380
1788,714412
1514,714444
1312,714476
1053,714508
462,714540
592,714572
20,714604
0,714636
0,714668
190,714700
471,714732
650,714764
923,714796
1149,714828
1372,714860
1613,714892
2269,714924
1851,714956
2072,714988
1338,715020
1567,715052
1293,715084
703,715116
831,715148
553,715180
28,715212
136,715244
383,715276
719,715308
809,715340
1037,715372
1341,715404
1222,715436
1791,715468
1996,715500
1820,715532
1774,715564
1854,715596
1308,715628
1385,715660
1160,715692
665,715724
696,715756
124,715788
0,715820
0,715852
116,715884
728,715916
556,715948
830,715980
1376,716012
1276,716044
1515,716076
1751,716108
1981,716140
2128,716172
1434,716204
1658,716236
1376,716268
1184,716300
926,716332
663,716364
459,716396
200,716428
0,716460
474,716492
334,716524
568,716556
793,716588
1023,716620
1273,716652
1479,716684
1736,716716
1916,716748
1626,716780
1447,716812
1624,716844
988,716876
1179,716908
460,716940
702,716972
439,717004
0,717036
361,717068
599,717100
469,717132
1050,717164
1241,717196
1592,717228
1696,717260
1903,717292
2221,717324
2143,717356
1548,717388
1757,717420
1084,717452
858,717484
1021,717516
408,717548
557,717580
300,717612
0,717644
344,717676
232,717708
551,717740
680,717772
958,717804
1597,717836
1416,717868
1655,717900
2252,717932
1771,717964
1591,717996
1307,718028
1118,718060
1245,718092
944,718124
783,718156
512,718188
328,718220
224,718252
456,718284
680,718316
911,718348
1101,718380
1371,718412
1567,718444
1424,718476
2029,718508
1885,718540
1689,718572
1423,718604
1226,718636
1047,718668
767,718700
594,718732
373,718764
138,718796
0,718828
0,718860
187,718892
831,718924
590,718956
1271,718988
1455,719020
1322,719052
1919,719084
2111,719116
1917,719148
1999,719180
1772,719212
1656,719244
1272,719276
1040,719308
893,719340
589,719372
21,719404
154,719436
0,719468
542,719500
750,719532
681,719564
1195,719596
1437,719628
1400,719660
1898,719692
1770,719724
1870,719756
1546,719788
1370,719820
1545,719852
907,719884
727,719916
460,719948
266,719980
54,720012
123,720044
93,720076
666,720108
891,720140
1128,720172
1311,720204
1584,720236
1784,720268
1980,720300
2251,720332
2105,720364
1486,720396
1627,720428
1024,720460
798,720492
574,720524
348,720556
142,720588
0,720620
0,720652
133,720684
313,720716
583,720748
1211,720780
1033,720812
1707,720844
1418,720876
2151,720908
2345,720940
1689,720972
1871,721004
1642,721036
1045,721068
1168,721100
908,721132
637,721164
445,721196
187,721228
312,721260
458,721292
347,721324
1000,721356
796,721388
1449,721420
1658,721452
1480,721484
2120,721516
2217,721548
1656,721580
1736,721612
1135,721644
1004,721676
687,721708
519,721740
679,721772
68,721804
0,721836
348,721868
221,721900
488,721932
1035,721964
941,721996
1533,722028
1401,722060
1997,722092
2201,722124
2237,722156
1966,722188
1727,722220
1500,722252
1261,722284
1000,722316
809,722348
543,722380
0,722412
123,722444
8,722476
265,722508
443,722540
702,722572
984,722604
1160,722636
1437,722668
1675,722700
1911,722732
1803,722764
1485,722796
1324,722828
1535,722860
1215,722892
1051,722924
777,722956
187,722988
315,723020
207,723052
431,723084
665,723116
894,723148
1242,723180
1322,723212
1552,723244
1871,723276
2014,723308
2328,723340
2064,723372
1421,723404
1253,723436
1325,723468
794,723500
862,723532
638,723564
152,723596
174,723628
0,723660
205,723692
346,723724
619,723756
1244,723788
1070,723820
1341,723852
1912,723884
1815,723916
1933,723948
1693,723980
1467,724012
1598,724044
912,724076
1134,724108
864,724140
668,724172
410,724204
124,724236
335,724268
538,724300
399,724332
987,724364
848,724396
1082,724428
1304,724460
1534,724492
1800,724524
1774,724556
1573,724588
1385,724620
1112,724652
924,724684
1100,724716
474,724748
677,724780
0,724812
219,724844
416,724876
263,724908
879,724940
1114,724972
1292,725004
1577,725036
1768,725068
2121,725100
2235,725132
2094,725164
1943,725196
1614,725228
1024,725260
1232,725292
587,725324
350,725356
495,725388
0,725420
205,725452
411,725484
343,725516
861,725548
743,725580
1063,725612
1655,725644
1480,725676
2121,725708
1944,725740
1719,725772
1854,725804
1246,725836
1065,725868
796,725900
605,725932
729,725964
429,725996
265,726028
288,726060
541,726092
744,726124
972,726156
1198,726188
1433,726220
1626,726252
1901,726284
2094,726316
1837,726348
1981,726380
1373,726412
1176,726444
905,726476
712,726508
535,726540
267,726572
85,726604
0,726636
20,726668
251,726700
395,726732
711,726764
1355,726796
1103,726828
1805,726860
1991,726892
2169,726924
2223,726956
1949,726988
1383,727020
1469,727052
1244,727084
1131,727116
749,727148
534,727180
375,727212
107,727244
20,727276
605,727308
448,727340
1056,727372
1271,727404
1192,727436
1452,727468
1975,727500
1928,727532
1819,727564
1482,727596
1341,727628
1020,727660
856,727692
1019,727724
404,727756
216,727788
0,727820
0,727852
153,727884
653,727916
605,727948
1181,727980
1405,728012
1648,728044
1840,728076
2112,728108
2314,728140
2042,728172
1839,728204
1568,728236
971,728268
1103,728300
507,728332
294,728364
72,728396
0,728428
0,728460
110,728492
375,728524
647,728556
822,728588
1096,728620
1735,728652
1559,728684
2235,728716
1837,728748
2092,728780
1819,728812
1568,728844
1341,728876
1116,728908
536,728940
665,728972
393,729004
251,729036
325,729068
526,729100
831,729132
975,729164
859,729196
1518,729228
1306,729260
1979,729292
2176,729324
1771,729356
1936,729388
1677,729420
1141,729452
953,729484
635,729516
493,729548
185,729580
17,729612
201,729644
58,729676
283,729708
862,729740
732,729772
999,729804
1550,729836
1455,729868
2061,729900
1929,729932
2173,729964
1914,729996
1707,730028
1438,730060
1210,730092
604,730124
746,730156
478,730188
284,730220
189,730252
60,730284
640,730316
509,730348
764,730380
959,730412
1212,730444
1498,730476
1676,730508
1962,730540
1739,730572
1498,730604
1275,730636
967,730668
813,730700
1017,730732
703,730764
525,730796
256,730828
0,730860
537,730892
728,730924
647,730956
1180,730988
1418,731020
1767,731052
1848,731084
2090,731116
2287,731148
1966,731180
1803,731212
1534,731244
911,731276
742,731308
814,731340
296,731372
104,731404
123,731436
40,731468
522,731500
408,731532
717,731564
855,731596
1132,731628
1770,731660
1592,731692
1867,731724
2207,731756
1640,731788
1405,731820
1175,731852
943,731884
1080,731916
408,731948
606,731980
346,732012
0,732044
408,732076
600,732108
858,732140
1040,732172
908,732204
1504,732236
1360,732268
1606,732300
1832,732332
1722,732364
1511,732396
1246,732428
1050,732460
873,732492
600,732524
422,732556
123,732588
0,732620
315,732652
472,732684
749,732716
941,732748
763,732780
1401,732812
1642,732844
1498,732876
2104,732908
2297,732940
2183,732972
1821,733004
1563,733036
1406,733068
1088,733100
523,733132
727,733164
74,733196
0,733228
271,733260
122,733292
395,733324
924,733356
855,733388
1374,733420
1256,733452
1575,733484
1711,733516
1896,733548
2073,733580
1418,733612
1195,733644
1325,733676
743,733708
551,733740
283,733772
93,733804
201,733836
313,733868
606,733900
810,733932
637,733964
1260,733996
1496,734028
1723,734060
1961,734092
2160,734124
2200,734156
1928,734188
1309,734220
1450,734252
848,734284
656,734316
398,734348
200,734380
24,734412
0,734444
84,734476
600,734508
532,734540
760,734572
1383,734604
1208,734636
1887,734668
1626,734700
2331,734732
2169,734764
1561,734796
1690,734828
1420,734860
869,734892
954,734924
731,734956
615,734988
238,735020
184,735052
480,735084
634,735116
512,735148
1130,735180
959,735212
1244,735244
1791,735276
1709,735308
2254,735340
2027,735372
1524,735404
1560,735436
970,735468
829,735500
512,735532
344,735564
496,735596
0,735628
0,735660
170,735692
439,735724
667,735756
1167,735788
1115,735820
1712,735852
1486,735884
2174,735916
2264,735948
2058,735980
1788,736012
1513,736044
1319,736076
1050,736108
458,736140
588,736172
20,736204
0,736236
0,736268
172,736300
431,736332
622,736364
874,736396
1451,736428
1328,736460
1623,736492
2267,736524
1851,736556
2060,736588
1311,736620
1559,736652
1289,736684
658,736716
829,736748
604,736780
24,736812
180,736844
392,736876
717,736908
841,736940
1037,736972
1341,737004
1488,737036
1369,737068
2048,737100
1832,737132
1710,737164
1884,737196
1257,737228
1421,737260
1149,737292
619,737324
685,737356
127,737388
0,737420
0,737452
121,737484
729,737516
570,737548
794,737580
1386,737612
1243,737644
1516,737676
2080,737708
1991,737740
2125,737772
1804,737804
1647,737836
1373,737868
1181,737900
912,737932
687,737964
456,737996
232,738028
252,738060
510,738092
715,738124
572,738156
1162,738188
1022,738220
1278,738252
1480,738284
1738,738316
1912,738348
1626,738380
1437,738412
1212,738444
982,738476
761,738508
457,738540
300,738572
493,738604
0,738636
411,738668
602,738700
474,738732
1050,738764
1244,738796
1149,738828
1706,738860
1946,738892
2299,738924
2141,738956
1912,738988
1756,739020
1436,739052
858,739084
1016,739116
400,739148
232,739180
298,739212
0,739244
349,739276
589,739308
551,739340
1024,739372
908,739404
1229,739436
1357,739468
1753,739500
2299,739532
1770,739564
1575,739596
1676,739628
1116,739660
889,739692
939,739724
439,739756
554,739788
0,739820
256,739852
462,739884
730,739916
922,739948
1113,739980
1375,740012
1568,740044
1424,740076
2029,740108
1887,740140
1659,740172
1914,740204
1194,740236
997,740268
744,740300
536,740332
360,740364
87,740396
0,740428
0,740460
189,740492
842,740524
570,740556
1272,740588
1467,740620
1273,740652
1929,740684
2168,740716
1912,740748
2045,740780
1769,740812
1645,740844
1294,740876
1037,740908
889,740940
587,740972
19,741004
183,741036
0,741068
184,741100
791,741132
622,741164
1240,741196
1437,741228
1367,741260
1904,741292
1772,741324
1879,741356
1532,741388
1366,741420
1533,741452
906,741484
683,741516
809,741548
219,741580
42,741612
167,741644
93,741676
665,741708
827,741740
1118,741772
1322,741804
1593,741836
1788,741868
2026,741900
2252,741932
2141,741964
1864,741996
1663,742028
1391,742060
797,742092
651,742124
343,742156
154,742188
0,742220
0,742252
137,742284
314,742316
591,742348
1113,742380
1039,742412
1271,742444
1422,742476
1726,742508
2413,742540
1679,742572
1915,742604
1632,742636
1046,742668
1167,742700
905,742732
363,742764
440,742796
208,742828
379,742860
464,742892
699,742924
992,742956
1136,742988
1024,743020
1658,743052
1483,743084
2110,743116
2203,743148
1656,743180
1728,743212
1499,743244
1002,743276
1036,743308
459,743340
329,743372
17,743404
0,743436
382,743468
230,743500
491,743532
1036,743564
951,743596
1179,743628
1692,743660
1641,743692
2238,743724
2233,743756
1998,743788
1724,743820
1532,743852
1260,743884
991,743916
796,743948
542,743980
0,744012
0,744044
9,744076
236,744108
456,744140
685,744172
938,744204
1134,744236
1399,744268
1982,744300
1852,744332
1796,744364
1975,744396
1323,744428
1529,744460
793,744492
1047,744524
779,744556
151,744588
312,744620
254,744652
143,744684
713,744716
896,744748
1241,744780
1359,744812
1562,744844
1871,744876
2024,744908
1895,744940
2108,744972
1420,745004
1625,745036
1357,745068
744,745100
892,745132
638,745164
119,745196
175,745228
0,745260
217,745292
781,745324
632,745356
1242,745388
1076,745420
1307,745452
1914,745484
1771,745516
1929,745548
2026,745580
1463,745612
1593,745644
1003,745676
1129,745708
862,745740
663,745772
398,745804
166,745836
336,745868
571,745900
767,745932
661,745964
1225,745996
1083,746028
1680,746060
1546,746092
1802,746124
1770,746156
1561,746188
1384,746220
1104,746252
926,746284
699,746316
474,746348
238,746380
0,746412
0,746444
496,746476
264,746508
927,746540
1113,746572
1294,746604
1577,746636
1771,746668
1676,746700
2235,746732
2121,746764
1997,746796
1612,746828
1385,746860
1229,746892
922,746924
764,746956
504,746988
0,747020
0,747052
413,747084
346,747116
862,747148
1098,747180
1064,747212
1293,747244
1422,747276
1753,747308
1884,747340
1708,747372
1884,747404
1254,747436
1063,747468
1150,747500
603,747532
381,747564
153,747596
0,747628
330,747660
124,747692
782,747724
984,747756
1244,747788
1440,747820
1629,747852
1512,747884
2094,747916
1835,747948
1976,747980
1370,748012
1134,748044
905,748076
682,748108
489,748140
232,748172
36,748204
0,748236
0,748268
253,748300
399,748332
700,748364
1357,748396
1082,748428
1799,748460
1995,748492
2208,748524
2219,748556
1991,748588
1384,748620
1504,748652
1244,748684
1127,748716
782,748748
528,748780
366,748812
110,748844
21,748876
652,748908
461,748940
686,748972
1305,749004
1134,749036
1760,749068
1968,749100
1895,749132
1815,749164
1483,749196
1342,749228
1018,749260
855,749292
1014,749324
392,749356
171,749388
288,749420
0,749452
156,749484
345,749516
606,749548
1183,749580
1341,749612
1645,749644
1848,749676
2121,749708
2314,749740
2078,749772
1450,749804
1610,749836
1340,749868
1143,749900
877,749932
285,749964
413,749996
0,750028
0,750060
122,750092
368,750124
647,750156
816,750188
1097,750220
1629,750252
1560,750284
1799,750316
1832,750348
1671,750380
1883,750412
1567,750444
1385,750476
1115,750508
535,750540
654,750572
391,750604
0,750636
328,750668
566,750700
906,750732
973,750764
1211,750796
1519,750828
1672,750860
1547,750892
2176,750924
1772,750956
1934,750988
1675,751020
1130,751052
951,751084
974,751116
490,751148
512,751180
0,751212
0,751244
17,751276
283,751308
904,751340
742,751372
1004,751404
1193,751436
1465,751468
1705,751500
2256,751532
1807,751564
1946,751596
1705,751628
1468,751660
1198,751692
572,751724
744,751756
478,751788
283,751820
199,751852
61,751884
650,751916
511,751948
744,751980
966,752012
1198,752044
1450,752076
1659,752108
1915,752140
2040,752172
1448,752204
1272,752236
1435,752268
807,752300
1019,752332
699,752364
525,752396
251,752428
0,752460
537,752492
776,752524
649,752556
1228,752588
1419,752620
1771,752652
1881,752684
2088,752716
2283,752748
1962,752780
1369,752812
1578,752844
907,752876
1100,752908
840,752940
230,752972
59,753004
111,753036
8,753068
524,753100
410,753132
728,753164
859,753196
1134,753228
1771,753260
1596,753292
1832,753324
2203,753356
1592,753388
1402,753420
1497,753452
951,753484
1067,753516
491,753548
605,753580
344,753612
0,753644
410,753676
633,753708
862,753740
1088,753772
1280,753804
1548,753836
1752,753868
1609,753900
2217,753932
1711,753964
1500,753996
1244,754028
1040,754060
871,754092
591,754124
421,754156
190,754188
0,754220
0,754252
525,754284
363,754316
1017,754348
773,754380
1449,754412
1643,754444
1500,754476
2109,754508
2297,754540
1735,754572
1820,754604
1584,754636
1468,754668
1088,754700
860,754732
713,754764
408,754796
236,754828
268,754860
122,754892
406,754924
926,754956
856,754988
1384,755020
1614,755052
1579,755084
2087,755116
1833,755148
1689,755180
1358,755212
1192,755244
1358,755276
734,755308
553,755340
637,755372
92,755404
0,755436
41,755468
271,755500
844,755532
635,755564
1304,755596
1500,755628
1769,755660
1967,755692
2159,755724
2190,755756
1918,755788
1309,755820
1450,755852
846,755884
622,755916
394,755948
168,755980
0,756012
0,756044
37,756076
311,756108
486,756140
760,756172
1387,756204
1222,756236
1883,756268
1606,756300
2329,756332
2168,756364
1500,756396
1691,756428
1455,756460
871,756492
992,756524
730,756556
603,756588
263,756620
185,756652
489,756684
635,756716
512,756748
1178,756780
970,756812
1196,756844
1833,756876
1658,756908
2287,756940
2028,756972
1477,757004
1550,757036
968,757068
827,757100
511,757132
342,757164
489,757196
0,757228
0,757260
524,757292
396,757324
668,757356
855,757388
1119,757420
1711,757452
1867,757484
2183,757516
2252,757548
2061,757580
1784,757612
1551,757644
1309,757676
1084,757708
823,757740
633,757772
365,757804
0,757836
304,757868
175,757900
430,757932
632,757964
880,757996
1160,758028
1337,758060
1624,758092
1851,758124
1848,758156
1611,758188
1306,758220
1147,758252
1357,758284
650,758316
875,758348
592,758380
24,758412
185,758444
392,758476
301,758508
845,758540
1071,758572
1408,758604
1497,758636
1738,758668
2057,758700
2204,758732
1712,758764
1886,758796
1247,758828
1407,758860
1147,758892
618,758924
685,758956
472,758988
0,759020
174,759052
72,759084
381,759116
522,759148
798,759180
1422,759212
1254,759244
1527,759276
1710,759308
1981,759340
1753,759372
1806,759404
1289,759436
1416,759468
1181,759500
950,759532
684,759564
492,759596
222,759628
253,759660
524,759692
713,759724
575,759756
1165,759788
1023,759820
1257,759852
1481,759884
1723,759916
1863,759948
1595,759980
1386,760012
1208,760044
934,760076
757,760108
923,760140
296,760172
491,760204
0,760236
414,760268
607,760300
436,760332
1055,760364
1291,760396
1159,760428
1755,760460
1951,760492
2144,760524
2171,760556
1904,760588
1753,760620
1436,760652
858,760684
1054,760716
395,760748
586,760780
320,760812
0,760844
383,760876
589,760908
519,760940
1038,760972
912,761004
1229,761036
1370,761068
1662,761100
2301,761132
1766,761164
1531,761196
1677,761228
1068,761260
889,761292
974,761324
439,761356
555,761388
0,761420
265,761452
460,761484
729,761516
924,761548
1146,761580
1376,761612
1614,761644
1806,761676
2079,761708
2271,761740
1648,761772
1791,761804
1184,761836
988,761868
733,761900
538,761932
360,761964
88,761996
0,762028
0,762060
188,762092
427,762124
572,762156
875,762188
1531,762220
1286,762252
1983,762284
2183,762316
1911,762348
2043,762380
1760,762412
1520,762444
1293,762476
1069,762508
954,762540
571,762572
348,762604
185,762636
297,762668
589,762700
793,762732
633,762764
908,762796
1448,762828
1366,762860
1904,762892
2152,762924
1865,762956
1900,762988
1304,763020
1175,763052
847,763084
682,763116
842,763148
220,763180
39,763212
173,763244
95,763276
319,763308
553,763340
781,763372
1360,763404
1147,763436
1836,763468
2026,763500
2267,763532
2138,763564
1855,763596
1659,763628
1391,763660
794,763692
928,763724
344,763756
112,763788
0,763820
0,763852
93,763884
294,763916
552,763948
823,763980
998,764012
1273,764044
1918,764076
1738,764108
2409,764140
1648,764172
1911,764204
1631,764236
984,764268
1163,764300
938,764332
655,764364
478,764396
215,764428
382,764460
492,764492
702,764524
1007,764556
1152,764588
1035,764620
1696,764652
1483,764684
1720,764716
2238,764748
1606,764780
1758,764812
1497,764844
964,764876
1024,764908
459,764940
323,764972
431,765004
0,765036
381,765068
235,765100
459,765132
1040,765164
908,765196
1178,765228
1367,765260
1645,765292
2249,765324
2157,765356
1995,765388
1726,765420
1529,765452
1258,765484
1022,765516
798,765548
568,765580
303,765612
166,765644
368,765676
234,765708
825,765740
684,765772
941,765804
1143,765836
1401,765868
1685,765900
1865,765932
1786,765964
1559,765996
1320,766028
1099,766060
792,766092
636,766124
841,766156
140,766188
361,766220
263,766252
441,766284
720,766316
906,766348
825,766380
1368,766412
1595,766444
1947,766476
2026,766508
2254,766540
2107,766572
1786,766604
1193,766636
1356,766668
734,766700
890,766732
638,766764
106,766796
172,766828
248,766860
215,766892
445,766924
574,766956
893,766988
1023,767020
1310,767052
1952,767084
1772,767116
1927,767148
1644,767180
1463,767212
1227,767244
1277,767276
777,767308
894,767340
654,767372
428,767404
168,767436
380,767468
584,767500
768,767532
1035,767564
1228,767596
1085,767628
1692,767660
1549,767692
1786,767724
1768,767756
1535,767788
1325,767820
1070,767852
873,767884
697,767916
424,767948
245,767980
411,768012
0,768044
503,768076
236,768108
937,768140
1117,768172
1327,768204
1579,768236
1821,768268
1684,768300
2285,768332
2120,768364
1995,768396
1642,768428
1375,768460
1229,768492
921,768524
347,768556
538,768588
0,768620
240,768652
447,768684
297,768716
896,768748
1102,768780
1021,768812
1293,768844
1423,768876
1757,768908
1882,768940
1707,768972
1885,769004
1242,769036
1017,769068
1148,769100
567,769132
375,769164
457,769196
0,769228
329,769260
217,769292
791,769324
984,769356
1245,769388
1432,769420
1675,769452
1514,769484
2152,769516
2208,769548
2011,769580
1739,769612
1133,769644
1273,769676
683,769708
476,769740
221,769772
36,769804
0,769836
0,769868
251,769900
479,769932
710,769964
927,769996
1084,770028
1387,770060
2071,770092
2217,770124
2265,770156
1983,770188
1383,770220
1513,770252
1244,770284
699,770316
778,770348
553,770380
431,770412
121,770444
363,770476
667,770508
813,770540
1113,770572
1309,770604
1134,770636
1432,770668
1979,770700
1895,770732
1803,770764
1850,770796
1339,770828
1372,770860
794,770892
663,770924
346,770956
169,770988
318,771020
0,771052
157,771084
698,771116
616,771148
841,771180
1067,771212
1293,771244
1896,771276
1672,771308
2349,771340
2078,771372
1422,771404
1610,771436
1336,771468
1133,771500
875,771532
281,771564
413,771596
0,771628
0,771660
125,771692
356,771724
611,771756
798,771788
1062,771820
1335,771852
1513,771884
1801,771916
2315,771948
1671,771980
1879,772012
1561,772044
1383,772076
1115,772108
475,772140
651,772172
414,772204
0,772236
368,772268
559,772300
907,772332
1019,772364
1225,772396
1530,772428
1676,772460
1548,772492
2233,772524
1767,772556
1532,772588
1708,772620
1070,772652
905,772684
971,772716
451,772748
512,772780
0,772812
0,772844
22,772876
295,772908
909,772940
744,772972
972,773004
1561,773036
1431,773068
1704,773100
1896,773132
1805,773164
1933,773196
1628,773228
1465,773260
1200,773292
571,773324
736,773356
510,773388
280,773420
233,773452
429,773484
697,773516
889,773548
748,773580
1339,773612
1200,773644
1456,773676
1661,773708
1912,773740
1725,773772
1448,773804
1259,773836
1326,773868
808,773900
587,773932
749,773964
135,773996
317,774028
0,774060
587,774092
780,774124
649,774156
1231,774188
1422,774220
1337,774252
1888,774284
2128,774316
2349,774348
1963,774380
1727,774412
1577,774444
1258,774476
683,774508
842,774540
231,774572
56,774604
109,774636
17,774668
527,774700
764,774732
728,774764
1210,774796
1092,774828
1405,774860
1548,774892
1846,774924
2233,774956
1590,774988
1399,775020
1127,775052
937,775084
717,775116
763,775148
265,775180
378,775212
0,775244
444,775276
636,775308
904,775340
1098,775372
1288,775404
1551,775436
1760,775468
1611,775500
2219,775532
2048,775564
1480,775596
1244,775628
1018,775660
815,775692
559,775724
362,775756
473,775788
0,775820
0,775852
525,775884
366,775916
1019,775948
746,775980
1449,776012
1645,776044
1461,776076
2109,776108
2335,776140
1724,776172
1864,776204
1582,776236
1467,776268
1118,776300
863,776332
704,776364
396,776396
0,776428
318,776460
128,776492
350,776524
970,776556
808,776588
1421,776620
1626,776652
1544,776684
2091,776716
1832,776748
1691,776780
1359,776812
1189,776844
1357,776876
728,776908
507,776940
632,776972
59,777004
0,777036
358,777068
281,777100
845,777132
1002,777164
1303,777196
1500,777228
1769,777260
1976,777292
2207,777324
2188,777356
1952,777388
1686,777420
1483,777452
1214,777484
621,777516
758,777548
169,777580
0,777612
0,777644
44,777676
313,777708
491,777740
761,777772
989,777804
1213,777836
1447,777868
1610,777900
1915,777932
2237,777964
1500,777996
1739,778028
1453,778060
858,778092
991,778124
718,778156
183,778188
255,778220
217,778252
559,778284
640,778316
875,778348
1183,778380
1326,778412
1198,778444
1837,778476
1661,778508
1944,778540
2024,778572
1476,778604
1546,778636
1321,778668
825,778700
858,778732
292,778764
141,778796
0,778828
0,778860
570,778892
408,778924
679,778956
1214,778988
1119,779020
1353,779052
1872,779084
1821,779116
2296,779148
1599,779180
1818,779212
1547,779244
1352,779276
1082,779308
821,779340
617,779372
351,779404
0,779436
315,779468
187,779500
400,779532
1111,779564
868,779596
1113,779628
1310,779660
1574,779692
1862,779724
1798,779756
1608,779788
1295,779820
1146,779852
1353,779884
618,779916
871,779948
591,779980
0,780012
199,780044
432,780076
313,780108
890,780140
1081,780172
1421,780204
1534,780236
1742,780268
2059,780300
2205,780332
1707,780364
1930,780396
1242,780428
1018,780460
1180,780492
567,780524
717,780556
462,780588
0,780620
186,780652
71,780684
380,780716
523,780748
806,780780
1433,780812
1256,780844
1485,780876
2094,780908
1934,780940
1751,780972
1838,781004
1278,781036
1407,781068
1102,781100
941,781132
683,781164
477,781196
218,781228
297,781260
523,781292
751,781324
943,781356
1207,781388
1404,781420
1262,781452
1566,781484
1724,781516
1848,781548
1583,781580
1386,781612
1204,781644
926,781676
755,781708
815,781740
295,781772
75,781804
0,781836
26,781868
671,781900
432,781932
1112,781964
1295,781996
1162,782028
1757,782060
1950,782092
1864,782124
2171,782156
1935,782188
1832,782220
1424,782252
1198,782284
1051,782316
744,782348
172,782380
318,782412
0,782444
394,782476
589,782508
522,782540
1037,782572
1274,782604
1239,782636
1739,782668
1609,782700
1941,782732
1704,782764
1531,782796
1704,782828
1068,782860
887,782892
972,782924
429,782956
205,782988
249,783020
0,783052
506,783084
729,783116
960,783148
1160,783180
1420,783212
1624,783244
1817,783276
2089,783308
2264,783340
1647,783372
1493,783404
1192,783436
966,783468
728,783500
504,783532
302,783564
48,783596
0,783628
252,783660
141,783692
425,783724
1052,783756
883,783788
1534,783820
1261,783852
1982,783884
2175,783916
1849,783948
2031,783980
1806,784012
1205,784044
1336,784076
1055,784108
951,784140
601,784172
352,784204
175,784236
299,784268
201,784300
840,784332
636,784364
1278,784396
1484,784428
1318,784460
1949,784492
2153,784524
1818,784556
1899,784588
1296,784620
1163,784652
1293,784684
680,784716
841,784748
220,784780
4,784812
182,784844
71,784876
331,784908
874,784940
791,784972
1368,785004
1241,785036
1835,785068
2030,785100
2311,785132
2128,785164
1902,785196
1660,785228
1424,785260
1151,785292
598,785324
701,785356
107,785388
238,785420
0,785452
93,785484
287,785516
556,785548
825,785580
1000,785612
1286,785644
1510,785676
1740,785708
1961,785740
1646,785772
1485,785804
1693,785836
986,785868
1209,785900
937,785932
664,785964
471,785996
204,786028
0,786060
508,786092
746,786124
1084,786156
1162,786188
1389,786220
1707,786252
1856,786284
2169,786316
2233,786348
1584,786380
1414,786412
1486,786444
952,786476
1023,786508
808,786540
313,786572
93,786604
0,786636
47,786668
186,786700
473,786732
1084,786764
918,786796
1183,786828
1738,786860
1644,786892
1882,786924
1863,786956
1625,786988
1760,787020
1072,787052
1294,787084
1024,787116
828,787148
572,787180
300,787212
0,787244
375,787276
240,787308
827,787340
696,787372
922,787404
1147,787436
1374,787468
1637,787500
1834,787532
1736,787564
1493,787596
1271,787628
1093,787660
793,787692
634,787724
830,787756
111,787788
345,787820
269,787852
475,787884
717,787916
953,787948
825,787980
1406,788012
1608,788044
1959,788076
2064,788108
2252,788140
2105,788172
1775,788204
1192,788236
1392,788268
736,788300
507,788332
665,788364
57,788396
201,788428
251,788460
181,788492
444,788524
587,788556
903,788588
1036,788620
1318,788652
1961,788684
1774,788716
1880,788748
2016,788780
1405,788812
1224,788844
955,788876
775,788908
891,788940
590,788972
427,789004
150,789036
381,789068
588,789100
812,789132
668,789164
1272,789196
1465,789228
1727,789260
1932,789292
1788,789324
2144,789356
1533,789388
1326,789420
1066,789452
873,789484
695,789516
422,789548
244,789580
301,789612
0,789644
91,789676
236,789708
541,789740
1197,789772
1342,789804
1627,789836
1823,789868
1685,789900
2285,789932
2112,789964
1549,789996
1643,790028
1407,790060
1291,790092
911,790124
686,790156
537,790188
222,790220
0,790252
447,790284
300,790316
907,790348
1104,790380
1032,790412
1303,790444
1804,790476
1768,790508
2249,790540
1644,790572
1503,790604
1180,790636
1014,790668
1179,790700
555,790732
366,790764
106,790796
0,790828
2,790860
494,790892
445,790924
1022,790956
1255,790988
1482,791020
1678,791052
1488,791084
2154,791116
2205,791148
2013,791180
1738,791212
1130,791244
1262,791276
679,791308
446,791340
219,791372
4,791404
0,791436
0,791468
215,791500
776,791532
665,791564
935,791596
1566,791628
1398,791660
2064,791692
2223,791724
2264,791756
1977,791788
1330,791820
1503,791852
1274,791884
696,791916
813,791948
542,791980
428,792012
154,792044
363,792076
669,792108
816,792140
698,792172
1354,792204
1148,792236
1808,792268
2012,792300
1836,792332
1767,792364
1840,792396
1293,792428
1369,792460
793,792492
652,792524
331,792556
167,792588
313,792620
0,792652
124,792684
702,792716
573,792748
843,792780
1399,792812
1303,792844
1897,792876
1756,792908
2345,792940
2076,792972
1423,793004
1600,793036
1372,793068
1132,793100
908,793132
639,793164
446,793196
184,793228
0,793260
488,793292
351,793324
614,793356
807,793388
1064,793420
1338,793452
1516,793484
1802,793516
1901,793548
1662,793580
1432,793612
1611,793644
969,793676
1177,793708
475,793740
687,793772
415,793804
0,793836
379,793868
570,793900
487,793932
1020,793964
1260,793996
1599,794028
1688,794060
1916,794092
2239,794124
2128,794156
1965,794188
1704,794220
1070,794252
901,794284
972,794316
442,794348
507,794380
293,794412
0,794444
361,794476
250,794508
557,794540
697,794572
974,794604
1596,794636
1432,794668
1705,794700
2272,794732
1803,794764
1565,794796
1336,794828
1111,794860
1232,794892
560,794924
776,794956
508,794988
304,795020
236,795052
440,795084
699,795116
891,795148
750,795180
1341,795212
1200,795244
1436,795276
1664,795308
1882,795340
1672,795372
1414,795404
1209,795436
1031,795468
760,795500
573,795532
756,795564
122,795596
310,795628
0,795660
591,795692
784,795724
615,795756
1243,795788
1482,795820
1337,795852
1936,795884
2136,795916
2347,795948
1993,795980
1723,796012
1567,796044
1248,796076
678,796108
875,796140
220,796172
7,796204
136,796236
0,796268
569,796300
762,796332
684,796364
1214,796396
1099,796428
1416,796460
1551,796492
1838,796524
2232,796556
1579,796588
1355,796620
1488,796652
891,796684
713,796716
442,796748
255,796780
367,796812
141,796844
443,796876
650,796908
905,796940
1100,796972
1336,797004
1563,797036
1801,797068
1992,797100
2267,797132
2089,797164
1472,797196
1612,797228
1007,797260
814,797292
557,797324
368,797356
183,797388
0,797420
0,797452
143,797484
372,797516
603,797548
750,797580
1051,797612
1723,797644
1454,797676
2159,797708
2333,797740
1721,797772
1855,797804
1581,797836
1035,797868
1115,797900
889,797932
777,797964
394,797996
168,798028
319,798060
477,798092
363,798124
972,798156
810,798188
1421,798220
1628,798252
1544,798284
2096,798316
2190,798348
1687,798380
1720,798412
1130,798444
999,798476
679,798508
504,798540
664,798572
42,798604
0,798636
17,798668
282,798700
507,798732
1005,798764
969,798796
1536,798828
1773,798860
2024,798892
2206,798924
2224,798956
1948,798988
1675,799020
1481,799052
1212,799084
616,799116
749,799148
169,799180
0,799212
0,799244
23,799276
268,799308
460,799340
718,799372
990,799404
1176,799436
1459,799468
2105,799500
1917,799532
2223,799564
1467,799596
1656,799628
1450,799660
812,799692
987,799724
760,799756
183,799788
298,799820
222,799852
415,799884
685,799916
878,799948
1183,799980
1328,800012
1210,800044
1883,800076
1672,800108
2317,800140
2047,800172
1405,800204
1578,800236
1308,800268
779,800300
857,800332
282,800364
151,800396
0,800428
0,800460
571,800492
412,800524
647,800556
1225,800588
1087,800620
1367,800652
1916,800684
1823,800716
2285,800748
1677,800780
1817,800812
1536,800844
1337,800876
1084,800908
856,800940
618,800972
384,801004
117,801036
361,801068
543,801100
411,801132
1003,801164
863,801196
1115,801228
1320,801260
1578,801292
1863,801324
1786,801356
1598,801388
1371,801420
1147,801452
919,801484
617,801516
460,801548
669,801580
0,801612
253,801644
443,801676
315,801708
893,801740
1095,801772
1306,801804
1535,801836
1786,801868
2128,801900
2208,801932
2074,801964
1917,801996
1598,802028
1437,802060
1178,802092
557,802124
392,802156
457,802188
0,802220
187,802252
427,802284
394,802316
873,802348
760,802380
1071,802412
1206,802444
1496,802476
2138,802508
1931,802540
1740,802572
1839,802604
1277,802636
1050,802668
823,802700
591,802732
713,802764
56,802796
238,802828
302,802860
574,802892
752,802924
954,802956
1213,802988
1405,803020
1262,803052
1870,803084
1727,803116
1818,803148
1581,803180
1356,803212
1156,803244
894,803276
698,803308
521,803340
250,803372
71,803404
213,803436
29,803468
683,803500
410,803532
1112,803564
1296,803596
1125,803628
1759,803660
1998,803692
2189,803724
2204,803756
1932,803788
1806,803820
1464,803852
1200,803884
1040,803916
746,803948
170,803980
359,804012
0,804044
25,804076
632,804108
472,804140
1080,804172
1277,804204
1207,804236
1740,804268
1612,804300
1944,804332
2173,804364
1528,804396
1705,804428
1064,804460
843,804492
972,804524
382,804556
203,804588
0,804620
0,804652
505,804684
668,804716
959,804748
1162,804780
1429,804812
1624,804844
1864,804876
2091,804908
2299,804940
2028,804972
1824,805004
1560,805036
958,805068
1086,805100
505,805132
312,805164
45,805196
0,805228
0,805260
156,805292
434,805324
661,805356
884,805388
1113,805420
1263,805452
1565,805484
2251,805516
1852,805548
2079,805580
1803,805612
1514,805644
1323,805676
1065,805708
523,805740
602,805772
376,805804
233,805836
303,805868
539,805900
844,805932
988,805964
870,805996
1487,806028
1322,806060
1950,806092
2156,806124
1818,806156
1896,806188
1657,806220
1163,806252
937,806284
618,806316
477,806348
172,806380
4,806412
218,806444
70,806476
332,806508
523,806540
791,806572
1017,806604
1529,806636
1469,806668
2076,806700
2309,806732
2168,806764
1886,806796
1696,806828
1422,806860
1152,806892
957,806924
696,806956
107,806988
235,807020
0,807052
73,807084
298,807116
524,807148
776,807180
974,807212
1230,807244
1515,807276
1693,807308
1949,807340
2139,807372
1483,807404
1693,807436
954,807468
1197,807500
927,807532
699,807564
473,807596
237,807628
0,807660
556,807692
748,807724
1085,807756
1193,807788
1391,807820
1710,807852
1866,807884
1727,807916
2268,807948
1581,807980
1788,808012
1518,808044
892,808076
1054,808108
797,808140
279,808172
87,808204
0,808236
57,808268
190,808300
472,808332
1085,808364
918,808396
1147,808428
1752,808460
1607,808492
1885,808524
2189,808556
1625,808588
1753,808620
1162,808652
1287,808684
1020,808716
825,808748
570,808780
332,808812
0,808844
411,808876
605,808908
863,808940
1064,808972
923,809004
1528,809036
1384,809068
1642,809100
1836,809132
1724,809164
1547,809196
1264,809228
1096,809260
859,809292
628,809324
408,809356
104,809388
0,809420
333,809452
489,809484
765,809516
957,809548
824,809580
1407,809612
1608,809644
1515,809676
2076,809708
2282,809740
2169,809772
1772,809804
1546,809836
1389,809868
1083,809900
920,809932
662,809964
57,809996
0,810028
252,810060
174,810092
455,810124
940,810156
905,810188
1388,810220
1260,810252
1591,810284
1726,810316
1878,810348
2048,810380
1402,810412
1213,810444
1308,810476
763,810508
541,810540
312,810572
89,810604
172,810636
0,810668
634,810700
814,810732
649,810764
1264,810796
1467,810828
1736,810860
1935,810892
1790,810924
2140,810956
1519,810988
1294,811020
1066,811052
842,811084
649,811116
391,811148
187,811180
16,811212
0,811244
88,811276
248,811308
542,811340
1195,811372
1337,811404
1639,811436
1823,811468
1640,811500
2297,811532
2156,811564
1544,811596
1678,811628
1432,811660
1278,811692
943,811724
681,811756
528,811788
220,811820
0,811852
503,811884
303,811916
534,811948
1145,811980
983,812012
1261,812044
1804,812076
1724,812108
2238,812140
1644,812172
1500,812204
1192,812236
1004,812268
1175,812300
552,812332
331,812364
454,812396
0,812428
8,812460
189,812492
447,812524
1023,812556
1181,812588
1485,812620
1678,812652
1500,812684
2154,812716
2240,812748
1998,812780
1773,812812
1495,812844
1304,812876
1038,812908
444,812940
574,812972
1,813004
0,813036
0,813068
214,813100
487,813132
666,813164
938,813196
1467,813228
1400,813260
1627,813292
2283,813324
1835,813356
2045,813388
1323,813420
1549,813452
1275,813484
692,813516
813,813548
544,813580
16,813612
157,813644
399,813676
743,813708
824,813740
1053,813772
1359,813804
1502,813836
1384,813868
2016,813900
1840,813932
1756,813964
1838,813996
1290,814028
1359,814060
1146,814092
651,814124
682,814156
108,814188
0,814220
0,814252
134,814284
746,814316
584,814348
855,814380
1034,814412
1303,814444
1533,814476
2060,814508
1975,814540
2110,814572
1416,814604
1640,814636
1368,814668
1178,814700
906,814732
637,814764
445,814796
173,814828
0,814860
495,814892
360,814924
584,814956
800,814988
1035,815020
1290,815052
1487,815084
1756,815116
2205,815148
1610,815180
1431,815212
1606,815244
967,815276
1165,815308
442,815340
688,815372
413,815404
0,815436
381,815468
618,815500
487,815532
1068,815564
1260,815596
1597,815628
1723,815660
1929,815692
2240,815724
2125,815756
1520,815788
1742,815820
1067,815852
843,815884
1002,815916
390,815948
536,815980
287,816012
0,816044
365,816076
249,816108
568,816140
697,816172
982,816204
1611,816236
1433,816268
1671,816300
2282,816332
1754,816364
1562,816396
1660,816428
1101,816460
1227,816492
924,816524
765,816556
504,816588
302,816620
248,816652
473,816684
701,816716
928,816748
1119,816780
1387,816812
1584,816844
1439,816876
2046,816908
1880,816940
1672,816972
1404,817004
1209,817036
1031,817068
750,817100
572,817132
348,817164
120,817196
0,817228
0,817260
201,817292
861,817324
620,817356
1289,817388
1479,817420
1338,817452
1935,817484
2139,817516
1897,817548
1984,817580
1755,817612
1631,817644
1246,817676
1021,817708
873,817740
568,817772
3,817804
131,817836
0,817868
246,817900
768,817932
696,817964
1216,817996
1454,818028
1418,818060
1918,818092
1787,818124
1854,818156
1518,818188
1352,818220
1518,818252
888,818284
701,818316
796,818348
248,818380
26,818412
151,818444
109,818476
684,818508
477,818540
1136,818572
1328,818604
1609,818636
1804,818668
1997,818700
2265,818732
2089,818764
1468,818796
1611,818828
1006,818860
782,818892
1022,818924
332,818956
134,818988
0,819020
0,819052
151,819084
327,819116
603,819148
751,819180
1052,819212
1725,819244
1434,819276
2167,819308
2320,819340
1663,819372
1853,819404
1626,819436
1031,819468
1150,819500
891,819532
765,819564
425,819596
168,819628
332,819660
474,819692
364,819724
1022,819756
812,819788
1048,819820
1664,819852
1496,819884
2128,819916
2187,819948
1639,819980
1711,820012
1128,820044
987,820076
669,820108
502,820140
651,820172
44,820204
0,820236
366,820268
248,820300
505,820332
1051,820364
967,820396
1551,820428
1706,820460
2013,820492
2218,820524
2219,820556
1948,820588
1710,820620
1472,820652
1246,820684
984,820716
782,820748
512,820780
0,820812
0,820844
25,820876
271,820908
464,820940
728,820972
990,821004
1177,821036
1459,821068
1992,821100
1926,821132
1773,821164
1468,821196
1308,821228
1517,821260
810,821292
1023,821324
759,821356
183,821388
287,821420
231,821452
151,821484
683,821516
911,821548
1257,821580
1338,821612
1568,821644
1887,821676
2041,821708
1880,821740
2046,821772
1405,821804
1568,821836
1311,821868
776,821900
848,821932
624,821964
149,821996
163,822028
0,822060
233,822092
362,822124
646,822156
1260,822188
1095,822220
1367,822252
1928,822284
1831,822316
1917,822348
1966,822380
1447,822412
1578,822444
1339,822476
1112,822508
846,822540
650,822572
392,822604
103,822636
351,822668
553,822700
415,822732
724,822764
862,822796
1098,822828
1324,822860
1560,822892
1816,822924
1756,822956
1548,822988
1673,823020
1095,823052
915,823084
1086,823116
458,823148
661,823180
0,823212
247,823244
444,823276
281,823308
895,823340
1130,823372
999,823404
1596,823436
1787,823468
2139,823500
2263,823532
2076,823564
1916,823596
1592,823628
1003,823660
1082,823692
555,823724
746,823756
480,823788
0,823820
230,823852
425,823884
359,823916
879,823948
761,823980
1079,824012
1663,824044
1496,824076
2137,824108
1928,824140
1703,824172
1834,824204
1227,824236
1047,824268
1135,824300
599,824332
713,824364
141,824396
239,824428
300,824460
573,824492
762,824524
991,824556
1214,824588
1450,824620
1641,824652
1527,824684
2111,824716
1818,824748
1962,824780
1352,824812
1148,824844
892,824876
696,824908
519,824940
240,824972
61,825004
0,825036
41,825068
267,825100
414,825132
717,825164
1373,825196
1128,825228
1817,825260
2009,825292
2188,825324
2203,825356
1928,825388
1371,825420
1452,825452
1228,825484
1113,825516
732,825548
508,825580
359,825612
136,825644
429,825676
632,825708
476,825740
758,825772
1288,825804
1208,825836
1741,825868
1982,825900
1946,825932
1801,825964
1467,825996
1325,826028
1004,826060
843,826092
1002,826124
378,826156
190,826188
280,826220
0,826252
175,826284
394,826316
623,826348
1208,826380
989,826412
1662,826444
1864,826476
2139,826508
2298,826540
2026,826572
1442,826604
1552,826636
954,826668
1088,826700
493,826732
270,826764
43,826796
0,826828
0,826860
126,826892
390,826924
663,826956
842,826988
1111,827020
1263,827052
1566,827084
2254,827116
1819,827148
2076,827180
1790,827212
1551,827244
1324,827276
1096,827308
507,827340
636,827372
376,827404
231,827436
345,827468
543,827500
846,827532
991,827564
873,827596
1534,827628
1323,827660
1560,827692
2200,827724
1754,827756
1919,827788
1659,827820
1115,827852
925,827884
616,827916
474,827948
168,827980
0,828012
217,828044
74,828076
300,828108
888,828140
747,828172
1019,828204
1208,828236
1479,828268
2079,828300
2239,828332
2155,828364
1886,828396
1689,828428
1418,828460
1184,828492
584,828524
729,828556
464,828588
265,828620
207,828652
79,828684
666,828716
528,828748
784,828780
974,828812
1231,828844
1516,828876
1702,828908
1950,828940
2024,828972
1480,829004
1255,829036
953,829068
806,829100
992,829132
685,829164
511,829196
233,829228
0,829260
559,829292
748,829324
667,829356
1197,829388
1434,829420
1785,829452
1867,829484
2106,829516
2269,829548
1947,829580
1352,829612
1516,829644
891,829676
1050,829708
795,829740
265,829772
77,829804
97,829836
57,829868
538,829900
424,829932
735,829964
872,829996
1156,830028
1788,830060
1612,830092
1895,830124
1806,830156
1612,830188
1385,830220
1437,830252
927,830284
1050,830316
814,830348
590,830380
330,830412
0,830444
414,830476
618,830508
875,830540
1069,830572
923,830604
1519,830636
1387,830668
1614,830700
1853,830732
1700,830764
1486,830796
1230,830828
1033,830860
1146,830892
583,830924
403,830956
566,830988
0,831020
343,831052
489,831084
775,831116
959,831148
789,831180
1419,831212
1658,831244
1515,831276
2123,831308
2281,831340
2167,831372
1806,831404
1536,831436
1387,831468
1072,831500
506,831532
698,831564
52,831596
220,831628
285,831660
143,831692
423,831724
941,831756
868,831788
1390,831820
1273,831852
1595,831884
1738,831916
1878,831948
2043,831980
1401,832012
1175,832044
1308,832076
717,832108
537,832140
619,832172
77,832204
171,832236
45,832268
621,832300
826,832332
650,832364
1276,832396
1514,832428
1741,832460
1984,832492
2175,832524
2174,832556
1913,832588
1293,832620
1434,832652
838,832684
644,832716
379,832748
187,832780
16,832812
0,832844
103,832876
327,832908
551,832940
779,832972
1403,833004
1227,833036
1911,833068
1644,833100
2345,833132
2153,833164
1543,833196
1675,833228
1400,833260
855,833292
940,833324
704,833356
601,833388
218,833420
203,833452
506,833484
655,833516
953,833548
1147,833580
984,833612
1272,833644
1818,833676
1736,833708
2238,833740
2009,833772
1500,833804
1534,833836
952,833868
813,833900
493,833932
330,833964
478,833996
0,834028
3,834060
542,834092
455,834124
683,834156
907,834188
1133,834220
1728,834252
1504,834284
2200,834316
2240,834348
2042,834380
1772,834412
1496,834444
1295,834476
1024,834508
441,834540
574,834572
0,834604
0,834636
0,834668
197,834700
452,834732
639,834764
903,834796
1175,834828
1354,834860
1638,834892
2285,834924
1832,834956
2043,834988
1289,835020
1544,835052
1275,835084
635,835116
811,835148
588,835180
16,835212
205,835244
407,835276
747,835308
857,835340
1055,835372
1359,835404
1516,835436
1388,835468
2063,835500
1852,835532
1702,835564
1866,835596
1228,835628
1390,835660
1132,835692
1003,835724
672,835756
109,835788
0,835820
0,835852
136,835884
745,835916
587,835948
813,835980
1402,836012
1273,836044
1533,836076
1735,836108
1966,836140
2105,836172
1788,836204
1629,836236
1358,836268
1163,836300
894,836332
668,836364
440,836396
206,836428
278,836460
526,836492
728,836524
592,836556
1178,836588
1048,836620
1304,836652
1498,836684
1754,836716
1885,836748
1608,836780
1418,836812
1195,836844
967,836876
743,836908
430,836940
285,836972
477,837004
0,837036
428,837068
620,837100
498,837132
1069,837164
1263,837196
1179,837228
1723,837260
1963,837292
2315,837324
2122,837356
1898,837388
1737,837420
1417,837452
842,837484
1000,837516
382,837548
540,837580
280,837612
0,837644
364,837676
603,837708
568,837740
1053,837772
932,837804
1257,837836
1384,837868
1675,837900
2318,837932
1752,837964
1563,837996
1286,838028
1097,838060
877,838092
928,838124
415,838156
536,838188
301,838220
282,838252
477,838284
746,838316
940,838348
1131,838380
1389,838412
1592,838444
1449,838476
2060,838508
1872,838540
1643,838572
1403,838604
1176,838636
974,838668
716,838700
521,838732
346,838764
72,838796
0,838828
379,838860
212,838892
857,838924
590,838956
1291,838988
1481,839020
1292,839052
1947,839084
2188,839116
1885,839148
2025,839180
1752,839212
1480,839244
1277,839276
1020,839308
873,839340
559,839372
2,839404
166,839436
0,839468
604,839500
811,839532
654,839564
1248,839596
1456,839628
1383,839660
1919,839692
1790,839724
1850,839756
1518,839788
1341,839820
1513,839852
888,839884
667,839916
792,839948
215,839980
24,840012
190,840044
119,840076
685,840108
569,840140
1145,840172
1340,840204
1608,840236
1806,840268
2040,840300
2270,840332
2124,840364
1850,840396
1645,840428
1373,840460
779,840492
911,840524
320,840556
134,840588
0,840620
0,840652
154,840684
336,840716
603,840748
839,840780
1063,840812
1289,840844
1440,840876
1752,840908
2397,840940
1660,840972
1903,841004
1615,841036
1017,841068
1149,841100
879,841132
647,841164
416,841196
189,841228
399,841260
479,841292
715,841324
1021,841356
1167,841388
1469,841420
1674,841452
1488,841484
1788,841516
2188,841548
1630,841580
1705,841612
1482,841644
983,841676
1008,841708
446,841740
313,841772
1,841804
0,841836
397,841868
247,841900
508,841932
1056,841964
967,841996
1195,842028
1431,842060
1658,842092
2264,842124
1758,842156
1982,842188
1710,842220
1512,842252
1242,842284
970,842316
781,842348
512,842380
0,842412
151,842444
29,842476
252,842508
475,842540
702,842572
955,842604
1151,842636
1417,842668
1694,842700
1868,842732
1780,842764
1951,842796
1304,842828
1512,842860
778,842892
1020,842924
758,842956
125,842988
285,843020
279,843052
457,843084
733,843116
921,843148
1259,843180
1372,843212
1579,843244
1899,843276
2046,843308
1872,843340
2090,843372
1405,843404
1180,843436
1338,843468
718,843500
875,843532
621,843564
92,843596
151,843628
0,843660
235,843692
809,843724
650,843756
1271,843788
1098,843820
1326,843852
1934,843884
1788,843916
1913,843948
1643,843980
1437,844012
1575,844044
1272,844076
1099,844108
844,844140
649,844172
380,844204
135,844236
366,844268
589,844300
792,844332
1050,844364
1240,844396
1100,844428
1704,844460
1560,844492
1822,844524
1744,844556
1549,844588
1363,844620
1084,844652
914,844684
683,844716
457,844748
235,844780
0,844812
0,844844
521,844876
280,844908
953,844940
1147,844972
1312,845004
1595,845036
1800,845068
1691,845100
2252,845132
2096,845164
1818,845196
1595,845228
1368,845260
1211,845292
896,845324
329,845356
477,845388
0,845420
224,845452
438,845484
360,845516
889,845548
1124,845580
1080,845612
1309,845644
1448,845676
1775,845708
1868,845740
1692,845772
1870,845804
1224,845836
1039,845868
776,845900
587,845932
363,845964
408,845996
0,846028
346,846060
569,846092
796,846124
992,846156
1262,846188
1464,846220
1646,846252
1927,846284
2122,846316
1808,846348
1961,846380
1342,846412
1118,846444
889,846476
666,846508
471,846540
216,846572
17,846604
0,846636
3,846668
265,846700
891,846732
716,846764
1383,846796
1104,846828
1819,846860
2011,846892
2234,846924
2203,846956
1966,846988
1363,847020
1496,847052
1224,847084
1111,847116
763,847148
505,847180
351,847212
140,847244
30,847276
672,847308
477,847340
1120,847372
1322,847404
1160,847436
1787,847468
1992,847500
1912,847532
1790,847564
1455,847596
1325,847628
1003,847660
836,847692
991,847724
234,847756
152,847788
268,847820
0,847852
171,847884
715,847916
631,847948
1209,847980
1081,848012
1673,848044
1870,848076
2137,848108
2288,848140
2060,848172
1433,848204
1592,848236
1312,848268
1116,848300
859,848332
269,848364
399,848396
0,848428
0,848460
141,848492
394,848524
667,848556
842,848588
1114,848620
1351,848652
1578,848684
1813,848716
1816,848748
1655,848780
1869,848812
1545,848844
1369,848876
1097,848908
507,848940
624,848972
364,849004
0,849036
348,849068
576,849100
921,849132
1001,849164
1227,849196
1546,849228
1691,849260
1996,849292
2205,849324
1743,849356
1579,849388
1647,849420
1112,849452
924,849484
968,849516
473,849548
506,849580
0,849612
0,849644
25,849676
302,849708
921,849740
758,849772
1031,849804
1578,849836
1481,849868
1721,849900
1949,849932
1791,849964
1920,849996
1244,850028
1450,850060
1184,850092
555,850124
728,850156
460,850188
263,850220
218,850252
80,850284
669,850316
527,850348
752,850380
988,850412
1214,850444
1477,850476
1676,850508
1898,850540
1715,850572
1422,850604
1242,850636
944,850668
794,850700
987,850732
682,850764
505,850796
233,850828
0,850860
559,850892
794,850924
667,850956
1244,850988
1436,851020
1787,851052
1901,851084
2110,851116
2267,851148
1945,851180
1352,851212
1562,851244
889,851276
665,851308
825,851340
228,851372
41,851404
87,851436
28,851468
538,851500
428,851532
746,851564
872,851596
1161,851628
1789,851660
1621,851692
1853,851724
2186,851756
1575,851788
1385,851820
1114,851852
925,851884
1053,851916
745,851948
591,851980
330,852012
0,852044
416,852076
656,852108
878,852140
1103,852172
1306,852204
1575,852236
1768,852268
1628,852300
2236,852332
1695,852364
1486,852396
1228,852428
1032,852460
855,852492
574,852524
402,852556
458,852588
0,852620
0,852652
544,852684
381,852716
1035,852748
792,852780
1467,852812
1661,852844
1524,852876
2125,852908
2280,852940
1709,852972
1818,853004
1576,853036
1451,853068
1071,853100
846,853132
695,853164
384,853196
0,853228
296,853260
144,853292
424,853324
944,853356
875,853388
1402,853420
1642,853452
1598,853484
2106,853516
1804,853548
1675,853580
1340,853612
1174,853644
1339,853676
712,853708
535,853740
264,853772
73,853804
0,853836
334,853868
295,853900
874,853932
655,853964
1312,853996
1514,854028
1786,854060
1992,854092
2186,854124
2175,854156
1900,854188
1292,854220
1423,854252
830,854284
604,854316
376,854348
144,854380
0,854412
0,854444
54,854476
619,854508
504,854540
779,854572
1403,854604
1228,854636
1912,854668
1624,854700
2347,854732
2143,854764
1481,854796
1673,854828
1437,854860
851,854892
972,854924
711,854956
589,854988
238,855020
204,855052
507,855084
654,855116
540,855148
1193,855180
988,855212
1222,855244
1851,855276
1678,855308
2269,855340
2000,855372
1453,855404
1529,855436
944,855468
809,855500
492,855532
328,855564
473,855596
0,855628
0,855660
540,855692
423,855724
684,855756
1231,855788
1143,855820
1737,855852
1887,855884
2205,855916
2236,855948
2040,855980
1760,856012
1529,856044
1292,856076
1068,856108
799,856140
602,856172
345,856204
0,856236
329,856268
191,856300
455,856332
650,856364
902,856396
1175,856428
1354,856460
1641,856492
1869,856524
1830,856556
1592,856588
1291,856620
1131,856652
1337,856684
634,856716
848,856748
582,856780
16,856812
207,856844
408,856876
331,856908
860,856940
1088,856972
1440,857004
1518,857036
1753,857068
2077,857100
2217,857132
1693,857164
1865,857196
1228,857228
1054,857260
1133,857292
602,857324
671,857356
444,857388
0,857420
202,857452
80,857484
407,857516
537,857548
814,857580
1438,857612
1270,857644
1544,857676
2108,857708
1963,857740
1735,857772
1786,857804
1272,857836
1390,857868
720,857900
926,857932
668,857964
464,857996
206,858028
269,858060
541,858092
733,858124
592,858156
1181,858188
1049,858220
1273,858252
1995,858284
1740,858316
1835,858348
1574,858380
1371,858412
1192,858444
906,858476
733,858508
431,858540
295,858572
473,858604
0,858636
444,858668
623,858700
444,858732
1079,858764
1310,858796
1178,858828
1775,858860
1966,858892
2319,858924
2153,858956
1884,858988
1727,859020
1415,859052
841,859084
1037,859116
382,859148
154,859180
302,859212
0,859244
409,859276
604,859308
535,859340
1055,859372
936,859404
1256,859436
1387,859468
1677,859500
2329,859532
1740,859564
1515,859596
1658,859628
1051,859660
872,859692
955,859724
411,859756
444,859788
233,859820
285,859852
479,859884
745,859916
940,859948
1177,859980
1403,860012
1632,860044
1833,860076
2108,860108
2251,860140
1631,860172
1483,860204
1168,860236
970,860268
715,860300
512,860332
341,860364
62,860396
0,860428
272,860460
212,860492
443,860524
592,860556
891,860588
1561,860620
1294,860652
1999,860684
2189,860716
1884,860748
2025,860780
1752,860812
1191,860844
1277,860876
1054,860908
937,860940
557,860972
332,861004
155,861036
313,861068
201,861100
812,861132
652,861164
1258,861196
1466,861228
1387,861260
1930,861292
2171,861324
1848,861356
1882,861388
1287,861420
1149,861452
838,861484
662,861516
815,861548
214,861580
20,861612
190,861644
123,861676
349,861708
855,861740
797,861772
1386,861804
1613,861836
1850,861868
2045,861900
2318,861932
2120,861964
1848,861996
1641,862028
1373,862060
779,862092
620,862124
317,862156
92,862188
0,862220
0,862252
118,862284
304,862316
572,862348
1131,862380
1008,862412
1291,862444
1942,862476
1753,862508
2395,862540
1638,862572
1886,862604
1613,862636
969,862668
1147,862700
924,862732
343,862764
460,862796
185,862828
397,862860
525,862892
729,862924
1023,862956
1178,862988
1052,863020
1721,863052
1502,863084
2176,863116
2217,863148
1576,863180
1740,863212
1472,863244
939,863276
1003,863308
440,863340
299,863372
423,863404
0,863436
399,863468
250,863500
487,863532
1056,863564
923,863596
1196,863628
1757,863660
1657,863692
2267,863724
1849,863756
1977,863788
1706,863820
1502,863852
1240,863884
1015,863916
778,863948
540,863980
283,864012
0,864044
393,864076
254,864108
843,864140
702,864172
967,864204
1152,864236
1418,864268
1701,864300
1884,864332
1770,864364
1534,864396
1303,864428
1070,864460
767,864492
619,864524
825,864556
122,864588
331,864620
281,864652
458,864684
733,864716
926,864748
843,864780
1376,864812
1616,864844
1965,864876
2044,864908
2236,864940
2087,864972
1759,865004
1608,865036
1338,865068
715,865100
550,865132
620,865164
92,865196
151,865228
266,865260
233,865292
459,865324
602,865356
909,865388
1052,865420
1334,865452
1976,865484
1799,865516
1901,865548
1998,865580
1435,865612
1209,865644
983,865676
749,865708
878,865740
216,865772
408,865804
132,865836
400,865868
602,865900
796,865932
685,865964
1242,865996
1104,866028
1710,866060
1564,866092
1800,866124
1744,866156
1512,866188
1319,866220
1062,866252
857,866284
679,866316
408,866348
220,866380
0,866412
0,866444
523,866476
252,866508
955,866540
1147,866572
1356,866604
1599,866636
1839,866668
1703,866700
2302,866732
2095,866764
1979,866796
1615,866828
1356,866860
1209,866892
894,866924
330,866956
512,866988
0,867020
0,867052
462,867084
312,867116
921,867148
1117,867180
1048,867212
1307,867244
1453,867276
1772,867308
1866,867340
1688,867372
1865,867404
1222,867436
999,867468
1131,867500
540,867532
359,867564
92,867596
0,867628
349,867660
506,867692
807,867724
1004,867756
1261,867788
1456,867820
1695,867852
1532,867884
2169,867916
2188,867948
1993,867980
1712,868012
1116,868044
1256,868076
655,868108
462,868140
207,868172
9,868204
0,868236
7,868268
279,868300
792,868332
725,868364
955,868396
1102,868428
1415,868460
2091,868492
2237,868524
2239,868556
1965,868588
1365,868620
1487,868652
1224,868684
679,868716
760,868748
526,868780
415,868812
139,868844
379,868876
685,868908
831,868940
704,868972
1326,869004
1161,869036
1786,869068
1995,869100
1914,869132
1786,869164
1831,869196
1319,869228
1356,869260
776,869292
637,869324
318,869356
152,869388
300,869420
0,869452
172,869484
362,869516
632,869548
861,869580
1368,869612
1311,869644
1914,869676
2139,869708
2330,869740
2060,869772
1406,869804
1584,869836
1310,869868
1119,869900
856,869932
265,869964
394,869996
0,870028
0,870060
137,870092
364,870124
623,870156
816,870188
1078,870220
1657,870252
1530,870284
1816,870316
2299,870348
1653,870380
1864,870412
1545,870444
1355,870476
1088,870508
467,870540
635,870572
398,870604
0,870636
383,870668
576,870700
925,870732
1036,870764
1232,870796
1549,870828
1696,870860
1566,870892
2250,870924
1743,870956
1950,870988
1688,871020
1060,871052
889,871084
958,871116
439,871148
491,871180
0,871212
0,871244
39,871276
312,871308
925,871340
763,871372
988,871404
1582,871436
1447,871468
1721,871500
2286,871532
1789,871564
1929,871596
1321,871628
1449,871660
1182,871692
553,871724
720,871756
492,871788
168,871820
252,871852
447,871884
702,871916
907,871948
767,871980
1368,872012
1216,872044
1476,872076
1677,872108
1896,872140
1707,872172
1422,872204
1242,872236
1015,872268
789,872300
564,872332
733,872364
109,872396
287,872428
0,872460
605,872492
799,872524
669,872556
1255,872588
1440,872620
1351,872652
1912,872684
2143,872716
2331,872748
1944,872780
1710,872812
1552,872844
1242,872876
1081,872908
824,872940
204,872972
40,873004
75,873036
25,873068
552,873100
782,873132
744,873164
1229,873196
1112,873228
1431,873260
1564,873292
1853,873324
2218,873356
1573,873388
1383,873420
1472,873452
921,873484
697,873516
472,873548
237,873580
360,873612
0,873644
458,873676
666,873708
920,873740
1116,873772
1307,873804
1577,873836
1772,873868
1627,873900
2235,873932
1691,873964
1454,873996
1226,874028
1002,874060
806,874092
540,874124
355,874156
169,874188
0,874220
0,874252
555,874284
392,874316
1039,874348
771,874380
1468,874412
1662,874444
1469,874476
2125,874508
2318,874540
1704,874572
1840,874604
1565,874636
1445,874668
1102,874700
844,874732
687,874764
378,874796
0,874828
342,874860
143,874892
378,874924
985,874956
826,874988
1437,875020
1643,875052
1559,875084
2109,875116
1804,875148
1671,875180
1339,875212
1166,875244
1337,875276
712,875308
491,875340
606,875372
25,875404
0,875436
26,875468
295,875500
862,875532
1022,875564
1323,875596
1518,875628
1789,875660
1984,875692
2221,875724
2170,875756
1934,875788
1662,875820
1466,875852
1196,875884
605,875916
734,875948
153,875980
0,876012
0,876044
60,876076
328,876108
509,876140
788,876172
1005,876204
1241,876236
1467,876268
1628,876300
1932,876332
2217,876364
1482,876396
1711,876428
1437,876460
843,876492
971,876524
703,876556
166,876588
246,876620
238,876652
575,876684
664,876716
895,876748
1208,876780
1343,876812
1224,876844
1853,876876
1678,876908
2265,876940
1998,876972
1450,877004
1520,877036
1296,877068
807,877100
832,877132
268,877164
125,877196
0,877228
0,877260
586,877292
422,877324
695,877356
874,877388
1144,877420
1373,877452
1888,877484
1835,877516
2269,877548
2029,877580
1800,877612
1526,877644
1338,877676
1064,877708
796,877740
606,877772
343,877804
0,877836
333,877868
204,877900
427,877932
652,877964
876,877996
1131,878028
1328,878060
1592,878092
1880,878124
1770,878156
1593,878188
1771,878220
1127,878252
1327,878284
600,878316
845,878348
585,878380
0,878412
215,878444
463,878476
335,878508
906,878540
1100,878572
1288,878604
1550,878636
1758,878668
2079,878700
2232,878732
1691,878764
1911,878796
1225,878828
1421,878860
1162,878892
550,878924
697,878956
443,878988
0,879020
204,879052
103,879084
407,879116
551,879148
822,879180
1437,879212
1276,879244
1501,879276
2120,879308
1914,879340
1725,879372
1822,879404
1259,879436
1389,879468
809,879500
925,879532
666,879564
461,879596
202,879628
313,879660
540,879692
777,879724
960,879756
1226,879788
1420,879820
1280,879852
1883,879884
1739,879916
1835,879948
1565,879980
1370,880012
1191,880044
908,880076
730,880108
507,880140
280,880172
61,880204
0,880236
47,880268
701,880300
458,880332
1129,880364
1319,880396
1180,880428
1775,880460
1968,880492
2202,880524
2144,880556
1916,880588
1801,880620
1408,880652
1183,880684
1035,880716
728,880748
568,880780
302,880812
0,880844
88,880876
605,880908
538,880940
1065,880972
1295,881004
1258,881036
1755,881068
1626,881100
1959,881132
1690,881164
1512,881196
1689,881228
1049,881260
861,881292
956,881324
411,881356
185,881388
0,881420
0,881452
526,881484
317,881516
974,881548
1178,881580
1438,881612
1642,881644
1837,881676
2108,881708
2251,881740
1629,881772
1773,881804
1167,881836
940,881868
704,881900
490,881932
292,881964
39,881996
0,882028
2,882060
172,882092
442,882124
1067,882156
894,882188
1563,882220
1276,882252
1997,882284
2192,882316
1832,882348
2013,882380
1786,882412
1497,882444
1310,882476
1047,882508
925,882540
584,882572
330,882604
155,882636
318,882668
204,882700
858,882732
652,882764
888,882796
1501,882828
1336,882860
1967,882892
2175,882924
1800,882956
1872,882988
1279,883020
1145,883052
1273,883084
660,883116
813,883148
204,883180
0,883212
204,883244
88,883276
350,883308
539,883340
808,883372
1389,883404
1547,883436
1851,883468
2048,883500
2317,883532
2112,883564
1882,883596
1641,883628
1406,883660
1141,883692
944,883724
672,883756
93,883788
221,883820
350,883852
120,883884
315,883916
568,883948
840,883980
1018,884012
1300,884044
1531,884076
1767,884108
1941,884140
1627,884172
1469,884204
1679,884236
968,884268
1191,884300
920,884332
636,884364
457,884396
185,884428
4,884460
524,884492
761,884524
1101,884556
1177,884588
1408,884620
1725,884652
1872,884684
1742,884716
2208,884748
1565,884780
1728,884812
1469,884844
936,884876
1005,884908
783,884940
297,884972
71,885004
0,885036
74,885068
206,885100
478,885132
1112,885164
936,885196
1207,885228
1388,885260
1662,885292
1899,885324
2138,885356
1613,885388
1742,885420
1499,885452
1272,885484
1004,885516
808,885548
542,885580
283,885612
197,885644
392,885676
256,885708
844,885740
716,885772
938,885804
1163,885836
1391,885868
1656,885900
1855,885932
1710,885964
1530,885996
1254,886028
1065,886060
1243,886092
617,886124
811,886156
90,886188
327,886220
283,886252
494,886284
735,886316
972,886348
851,886380
1424,886412
1624,886444
1966,886476
2088,886508
2233,886540
2079,886572
1753,886604
1168,886636
1374,886668
713,886700
906,886732
640,886764
42,886796
170,886828
265,886860
202,886892
469,886924
592,886956
919,886988
1050,887020
1336,887052
1977,887084
1800,887116
1864,887148
1999,887180
1387,887212
1208,887244
1294,887276
745,887308
874,887340
299,887372
407,887404
119,887436
399,887468
604,887500
829,887532
682,887564
1291,887596
1482,887628
1752,887660
1949,887692
1804,887724
2124,887756
1514,887788
1308,887820
1040,887852
846,887884
679,887916
397,887948
216,887980
4,888012
0,888044
102,888076
255,888108
560,888140
1211,888172
1360,888204
1655,888236
1849,888268
1704,888300
2313,888332
2094,888364
1529,888396
1624,888428
1388,888460
1275,888492
893,888524
669,888556
512,888588
204,888620
271,888652
471,888684
315,888716
600,888748
1129,888780
1048,888812
1320,888844
1820,888876
1784,888908
2224,888940
1624,888972
1485,889004
1160,889036
990,889068
1162,889100
539,889132
349,889164
442,889196
0,889228
24,889260
235,889292
461,889324
1048,889356
830,889388
1500,889420
1696,889452
1514,889484
2172,889516
2189,889548
1981,889580
1719,889612
1115,889644
1248,889676
653,889708
428,889740
206,889772
0,889804
0,889836
0,889868
234,889900
504,889932
684,889964
954,889996
1104,890028
1413,890060
2093,890092
2247,890124
2235,890156
1963,890188
1307,890220
1483,890252
1257,890284
668,890316
794,890348
535,890380
409,890412
175,890444
382,890476
686,890508
832,890540
713,890572
1369,890604
1164,890636
1399,890668
2042,890700
1862,890732
1740,890764
1822,890796
1274,890828
1344,890860
767,890892
633,890924
316,890956
140,890988
297,891020
0,891052
142,891084
728,891116
599,891148
861,891180
1049,891212
1323,891244
1917,891276
2077,891308
2319,891340
2048,891372
1403,891404
1580,891436
1342,891468
1118,891500
890,891532
622,891564
430,891596
167,891628
0,891660
507,891692
376,891724
632,891756
826,891788
1080,891820
1355,891852
1531,891884
1820,891916
2189,891948
1643,891980
1419,892012
1595,892044
953,892076
1161,892108
456,892140
671,892172
397,892204
0,892236
397,892268
590,892300
507,892332
1039,892364
1274,892396
1625,892428
1693,892460
1936,892492
2255,892524
2110,892556
1512,892588
1678,892620
1051,892652
886,892684
955,892716
426,892748
493,892780
269,892812
0,892844
379,892876
269,892908
575,892940
712,892972
1000,893004
1627,893036
1449,893068
1723,893100
1926,893132
1785,893164
1549,893196
1599,893228
1085,893260
1210,893292
552,893324
748,893356
490,893388
288,893420
254,893452
444,893484
715,893516
909,893548
767,893580
1360,893612
1228,893644
1452,893676
1680,893708
1855,893740
1656,893772
1391,893804
1193,893836
1308,893868
743,893900
564,893932
717,893964
106,893996
293,894028
0,894060
615,894092
810,894124
631,894156
1257,894188
1498,894220
1356,894252
1961,894284
2144,894316
2327,894348
1966,894380
1695,894412
1548,894444
1242,894476
656,894508
860,894540
202,894572
1,894604
107,894636
0,894668
576,894700
782,894732
712,894764
1231,894796
1104,894828
1432,894860
1576,894892
1862,894924
2216,894956
1564,894988
1335,895020
1469,895052
875,895084
698,895116
778,895148
247,895180
347,895212
157,895244
463,895276
666,895308
923,895340
1118,895372
1343,895404
1582,895436
1817,895468
2012,895500
2284,895532
2064,895564
1452,895596
1594,895628
990,895660
796,895692
539,895724
346,895756
167,895788
0,895820
0,895852
589,895884
388,895916
621,895948
764,895980
1067,896012
1741,896044
1482,896076
2185,896108
2315,896140
1703,896172
1837,896204
1564,896236
1005,896268
1097,896300
874,896332
751,896364
380,896396
142,896428
351,896460
496,896492
379,896524
986,896556
827,896588
1112,896620
1659,896652
1566,896684
2109,896716
2172,896748
1671,896780
1692,896812
1102,896844
969,896876
653,896908
488,896940
649,896972
29,897004
0,897036
380,897068
295,897100
525,897132
1022,897164
975,897196
1566,897228
1354,897260
2030,897292
2234,897324
2205,897356
1932,897388
1658,897420
1454,897452
1196,897484
600,897516
731,897548
151,897580
0,897612
263,897644
38,897676
292,897708
478,897740
744,897772
1013,897804
1192,897836
1476,897868
1632,897900
1934,897932
2203,897964
1452,897996
1707,898028
1433,898060
796,898092
959,898124
736,898156
156,898188
280,898220
238,898252
583,898284
697,898316
895,898348
1211,898380
1354,898412
1226,898444
1901,898476
1690,898508
1864,898540
2029,898572
1388,898604
1550,898636
1295,898668
763,898700
830,898732
264,898764
120,898796
0,898828
0,898860
585,898892
424,898924
663,898956
1240,898988
1111,899020
1373,899052
1936,899084
1847,899116
2265,899148
1952,899180
1787,899212
1520,899244
1321,899276
1056,899308
829,899340
590,899372
376,899404
91,899436
367,899468
560,899500
428,899532
733,899564
880,899596
1136,899628
1338,899660
1598,899692
1883,899724
1769,899756
1581,899788
1657,899820
1126,899852
893,899884
600,899916
445,899948
636,899980
0,900012
267,900044
461,900076
340,900108
909,900140
1111,900172
1007,900204
1562,900236
1800,900268
2155,900300
2235,900332
2048,900364
1902,900396
1580,900428
1003,900460
1150,900492
541,900524
697,900556
432,900588
0,900620
207,900652
444,900684
411,900716
894,900748
776,900780
1087,900812
1225,900844
1510,900876
2154,900908
1915,900940
1723,900972
1818,901004
1259,901036
1033,901068
1081,901100
575,901132
698,901164
457,901196
230,901228
316,901260
584,901292
780,901324
968,901356
1229,901388
1423,901420
1280,901452
1591,901484
1751,901516
1802,901548
1560,901580
1337,901612
1132,901644
877,901676
680,901708
794,901740
231,901772
51,901804
187,901836
55,901868
699,901900
428,901932
1127,901964
1327,901996
1138,902028
1785,902060
2016,902092
1883,902124
2188,902156
1913,902188
1790,902220
1437,902252
1178,902284
1035,902316
720,902348
152,902380
343,902412
0,902444
444,902476
648,902508
489,902540
1099,902572
1294,902604
1224,902636
1759,902668
1630,902700
1959,902732
2153,902764
1502,902796
1677,902828
1038,902860
823,902892
954,902924
362,902956
174,902988
254,903020
0,903052
525,903084
413,903116
975,903148
1180,903180
1445,903212
1642,903244
1880,903276
2110,903308
2284,903340
2010,903372
1419,903404
1536,903436
936,903468
1072,903500
488,903532
286,903564
28,903596
0,903628
3,903660
172,903692
444,903724
679,903756
903,903788
1131,903820
1280,903852
1595,903884
2269,903916
1831,903948
2063,903980
1785,904012
1499,904044
1309,904076
1039,904108
505,904140
588,904172
352,904204
217,904236
331,904268
555,904300
860,904332
1006,904364
1305,904396
1504,904428
1339,904460
1628,904492
2175,904524
1798,904556
1870,904588
1641,904620
1144,904652
921,904684
600,904716
463,904748
153,904780
0,904812
232,904844
88,904876
359,904908
896,904940
813,904972
1037,905004
1259,905036
1485,905068
2094,905100
1869,905132
2142,905164
1880,905196
1675,905228
1404,905260
1133,905292
570,905324
670,905356
90,905388
215,905420
0,905452
100,905484
315,905516
548,905548
804,905580
998,905612
1253,905644
1529,905676
1718,905708
1940,905740
1626,905772
1465,905804
1675,905836
936,905868
1180,905900
911,905932
672,905964
448,905996
217,906028
2,906060
570,906092
762,906124
1099,906156
1213,906188
1418,906220
1737,906252
1881,906284
1752,906316
2254,906348
1564,906380
1338,906412
1502,906444
877,906476
1034,906508
781,906540
259,906572
60,906604
0,906636
71,906668
203,906700
488,906732
1102,906764
937,906796
1175,906828
1759,906860
1625,906892
1900,906924
1800,906956
1609,906988
1735,907020
1424,907052
1263,907084
1004,907116
799,907148
538,907180
315,907212
0,907244
440,907276
624,907308
889,907340
1083,907372
944,907404
1536,907436
1401,907468
1658,907500
1856,907532
1706,907564
1527,907596
1244,907628
1064,907660
1131,907692
606,907724
390,907756
90,907788
0,907820
350,907852
503,907884
792,907916
972,907948
851,907980
1433,908012
1630,908044
1531,908076
2091,908108
2266,908140
2151,908172
1756,908204
1520,908236
1373,908268
1064,908300
486,908332
640,908364
40,908396
170,908428
272,908460
202,908492
463,908524
957,908556
920,908588
1407,908620
1286,908652
1609,908684
1742,908716
1854,908748
2029,908780
1384,908812
1197,908844
936,908876
747,908908
521,908940
567,908972
63,909004
164,909036
411,909068
638,909100
840,909132
667,909164
1294,909196
1485,909228
1757,909260
1966,909292
1808,909324
2122,909356
1511,909388
1276,909420
1040,909452
824,909484
621,909516
364,909548
167,909580
280,909612
0,909644
111,909676
747,909708
565,909740
1213,909772
1359,909804
1657,909836
1848,909868
1659,909900
2315,909932
2138,909964
1524,909996
1658,910028
1386,910060
1271,910092
923,910124
667,910156
511,910188
205,910220
0,910252
523,910284
320,910316
968,910348
1163,910380
1000,910412
1283,910444
1824,910476
1751,910508
2221,910540
1626,910572
1484,910604
1160,910636
984,910668
1161,910700
538,910732
312,910764
430,910796
0,910828
24,910860
554,910892
473,910924
1039,910956
922,910988
1499,911020
1706,911052
1520,911084
2172,911116
2224,911148
1990,911180
1752,911212
1472,911244
1278,911276
1018,911308
427,911340
559,911372
0,911404
0,911436
0,911468
236,911500
506,911532
684,911564
956,911596
1191,911628
1416,911660
1647,911692
2301,911724
1819,911756
2029,911788
1306,911820
1531,911852
1259,911884
667,911916
795,911948
536,911980
0,912012
182,912044
415,912076
763,912108
841,912140
1072,912172
1384,912204
1528,912236
1835,912268
2041,912300
1866,912332
1736,912364
1818,912396
1272,912428
1342,912460
1126,912492
631,912524
655,912556
91,912588
0,912620
0,912652
154,912684
762,912716
601,912748
872,912780
1417,912812
1323,912844
1551,912876
1789,912908
1959,912940
2089,912972
1400,913004
1612,913036
1344,913068
1150,913100
888,913132
620,913164
425,913196
154,913228
0,913260
511,913292
378,913324
604,913356
827,913388
1060,913420
1317,913452
1512,913484
1771,913516
1877,913548
1583,913580
1406,913612
1579,913644
951,913676
1149,913708
426,913740
667,913772
395,913804
0,913836
397,913868
632,913900
507,913932
1086,913964
1276,913996
1624,914028
1742,914060
1946,914092
2265,914124
2106,914156
1511,914188
1722,914220
1040,914252
824,914284
985,914316
374,914348
523,914380
264,914412
0,914444
382,914476
270,914508
583,914540
716,914572
1000,914604
1627,914636
1452,914668
1691,914700
2298,914732
1736,914764
1546,914796
1272,914828
1083,914860
1209,914892
907,914924
747,914956
488,914988
283,915020
266,915052
492,915084
716,915116
956,915148
1144,915180
1405,915212
1609,915244
1454,915276
2064,915308
1854,915340
1647,915372
1389,915404
1192,915436
1004,915468
733,915500
552,915532
331,915564
94,915596
0,915628
0,915660
221,915692
877,915724
638,915756
1307,915788
1496,915820
1367,915852
1963,915884
2157,915916
1870,915948
1966,915980
1727,916012
1611,916044
1230,916076
1003,916108
848,916140
552,916172
0,916204
117,916236
0,916268
586,916300
784,916332
716,916364
1240,916396
1472,916428
1435,916460
1934,916492
1804,916524
1837,916556
1500,916588
1336,916620
1500,916652
872,916684
683,916716
424,916748
231,916780
10,916812
169,916844
127,916876
702,916908
925,916940
1160,916972
1352,917004
1625,917036
1822,917068
2015,917100
2285,917132
2063,917164
1448,917196
1592,917228
987,917260
763,917292
528,917324
313,917356
120,917388
0,917420
0,917452
168,917484
354,917516
626,917548
1245,917580
1076,917612
1741,917644
1455,917676
2187,917708
2311,917740
1651,917772
1835,917804
1600,917836
1002,917868
1133,917900
863,917932
603,917964
409,917996
152,918028
347,918060
506,918092
394,918124
1034,918156
828,918188
1485,918220
1690,918252
1513,918284
2144,918316
2170,918348
1613,918380
1692,918412
1097,918444
970,918476
650,918508
476,918540
635,918572
24,918604
0,918636
384,918668
255,918700
525,918732
1068,918764
973,918796
1565,918828
1447,918860
2040,918892
2236,918924
2203,918956
1932,918988
1692,919020
1454,919052
1226,919084
956,919116
764,919148
495,919180
0,919212
172,919244
33,919276
299,919308
479,919340
746,919372
1020,919404
1193,919436
1478,919468
1708,919500
1945,919532
1757,919564
1451,919596
1291,919628
1497,919660
792,919692
1007,919724
735,919756
155,919788
271,919820
248,919852
474,919884
701,919916
1135,919948
1276,919980
1356,920012
1596,920044
1913,920076
2059,920108
2297,920140
2027,920172
1387,920204
1212,920236
1289,920268
762,920300
830,920332
602,920364
120,920396
136,920428
0,920460
237,920492
378,920524
663,920556
1277,920588
1112,920620
1385,920652
1948,920684
1847,920716
1897,920748
1659,920780
1423,920812
1560,920844
876,920876
1094,920908
828,920940
623,920972
366,921004
89,921036
379,921068
574,921100
431,921132
1023,921164
880,921196
1115,921228
1339,921260
1580,921292
1838,921324
1739,921356
1529,921388
1351,921420
1070,921452
890,921484
1067,921516
440,921548
633,921580
0,921612
267,921644
463,921676
295,921708
919,921740
1148,921772
1327,921804
1609,921836
1803,921868
2157,921900
2269,921932
2048,921964
1899,921996
1579,922028
989,922060
1194,922092
539,922124
312,922156
472,922188
0,922220
247,922252
446,922284
376,922316
894,922348
780,922380
1095,922412
1693,922444
1516,922476
2157,922508
1912,922540
1687,922572
1819,922604
1209,922636
1022,922668
761,922700
569,922732
687,922764
395,922796
221,922828
319,922860
585,922892
784,922924
1016,922956
1240,922988
1471,923020
1662,923052
1933,923084
2136,923116
1790,923148
1944,923180
1336,923212
1132,923244
874,923276
680,923308
503,923340
220,923372
50,923404
0,923436
58,923468
283,923500
431,923532
733,923564
1391,923596
1146,923628
1835,923660
2029,923692
2205,923724
2185,923756
1912,923788
1353,923820
1436,923852
1213,923884
1087,923916
714,923948
496,923980
332,924012
153,924044
43,924076
652,924108
491,924140
1100,924172
1304,924204
1226,924236
1768,924268
2008,924300
1963,924332
1783,924364
1448,924396
1309,924428
987,924460
822,924492
972,924524
362,924556
173,924588
0,924620
0,924652
189,924684
686,924716
647,924748
1216,924780
1449,924812
1680,924844
1886,924876
2156,924908
2282,924940
1998,924972
1805,925004
1532,925036
926,925068
1069,925100
476,925132
252,925164
24,925196
0,925228
0,925260
152,925292
420,925324
680,925356
858,925388
1143,925420
1771,925452
1594,925484
2271,925516
1798,925548
2059,925580
1775,925612
1529,925644
1307,925676
1081,925708
490,925740
617,925772
348,925804
227,925836
361,925868
560,925900
863,925932
1008,925964
890,925996
1560,926028
1340,926060
2014,926092
2218,926124
1738,926156
1901,926188
1632,926220
1097,926252
907,926284
601,926316
456,926348
144,926380
0,926412
237,926444
90,926476
318,926508
906,926540
765,926572
1037,926604
1584,926636
1497,926668
2105,926700
1965,926732
2141,926764
1870,926796
1670,926828
1400,926860
1165,926892
570,926924
714,926956
443,926988
248,927020
224,927052
93,927084
683,927116
543,927148
808,927180
999,927212
1260,927244
1535,927276
1720,927308
1930,927340
1694,927372
1460,927404
1237,927436
936,927468
779,927500
975,927532
667,927564
489,927596
217,927628
4,927660
575,927692
766,927724
683,927756
1216,927788
1455,927820
1805,927852
1886,927884
2121,927916
2251,927948
1928,927980
1768,928012
1500,928044
880,928076
707,928108
779,928140
250,928172
59,928204
95,928236
73,928268
553,928300
442,928332
761,928364
889,928396
1174,928428
1806,928460
1628,928492
1911,928524
2168,928556
1596,928588
1373,928620
1143,928652
912,928684
1036,928716
368,928748
576,928780
316,928812
0,928844
444,928876
633,928908
891,928940
1086,928972
951,929004
1536,929036
1403,929068
1640,929100
1870,929132
1678,929164
1478,929196
1214,929228
1008,929260
829,929292
560,929324
378,929356
80,929388
0,929420
363,929452
509,929484
805,929516
985,929548
807,929580
1437,929612
1677,929644
1533,929676
2141,929708
2254,929740
2141,929772
1786,929804
1520,929836
1371,929868
1064,929900
479,929932
681,929964
29,929996
0,930028
312,930060
153,930092
439,930124
957,930156
887,930188
1418,930220
1288,930252
1620,930284
1755,930316
1851,930348
2025,930380
1383,930412
1163,930444
1290,930476
697,930508
519,930540
247,930572
59,930604
169,930636
349,930668
637,930700
842,930732
669,930764
1304,930796
1530,930828
1758,930860
1999,930892
2200,930924
2160,930956
1884,930988
1276,931020
1405,931052
816,931084
622,931116
361,931148
165,931180
0,931212
0,931244
119,931276
634,931308
564,931340
795,931372
1423,931404
1244,931436
1929,931468
1659,931500
2367,931532
2126,931564
1525,931596
1657,931628
1374,931660
829,931692
912,931724
688,931756
575,931788
192,931820
223,931852
525,931884
668,931916
552,931948
1216,931980
1003,932012
1288,932044
1834,932076
1750,932108
2219,932140
1992,932172
1480,932204
1513,932236
934,932268
797,932300
477,932332
310,932364
460,932396
0,932428
20,932460
204,932492
473,932524
701,932556
1209,932588
1151,932620
1753,932652
1529,932684
2220,932716
2220,932748
2024,932780
1752,932812
1479,932844
1277,932876
1017,932908
423,932940
556,932972
0,933004
0,933036
0,933068
217,933100
471,933132
654,933164
919,933196
1488,933228
1370,933260
1656,933292
2311,933324
1814,933356
2024,933388
1275,933420
1527,933452
1246,933484
617,933516
791,933548
569,933580
0,933612
224,933644
426,933676
765,933708
876,933740
1072,933772
1387,933804
1529,933836
1406,933868
2090,933900
1872,933932
1678,933964
1850,933996
1210,934028
1372,934060
1119,934092
587,934124
650,934156
89,934188
0,934220
0,934252
165,934284
761,934316
602,934348
839,934380
1419,934412
1287,934444
1559,934476
2124,934508
1949,934540
2093,934572
1769,934604
1609,934636
1338,934668
1145,934700
880,934732
652,934764
416,934796
189,934828
286,934860
544,934892
747,934924
608,934956
1197,934988
1065,935020
1322,935052
2015,935084
1784,935116
1869,935148
1582,935180
1404,935212
1179,935244
948,935276
717,935308
422,935340
270,935372
461,935404
0,935436
447,935468
637,935500
508,935532
1087,935564
1278,935596
1195,935628
1743,935660
1983,935692
2343,935724
2106,935756
1868,935788
1723,935820
1402,935852
814,935884
974,935916
365,935948
196,935980
264,936012
0,936044
383,936076
620,936108
585,936140
1070,936172
942,936204
1273,936236
1402,936268
1692,936300
2344,936332
1732,936364
1544,936396
1642,936428
1082,936460
857,936492
905,936524
397,936556
512,936588
0,936620
302,936652
494,936684
764,936716
954,936748
1147,936780
1416,936812
1611,936844
1466,936876
2077,936908
1854,936940
1625,936972
1880,937004
1160,937036
955,937068
699,937100
504,937132
327,937164
48,937196
0,937228
0,937260
233,937292
877,937324
606,937356
1307,937388
1498,937420
1319,937452
1965,937484
2204,937516
1876,937548
2010,937580
1735,937612
1611,937644
1258,937676
1001,937708
855,937740
539,937772
0,937804
163,937836
0,937868
228,937900
830,937932
664,937964
1276,937996
1472,938028
1399,938060
1936,938092
1816,938124
1832,938156
1500,938188
1322,938220
1499,938252
870,938284
649,938316
774,938348
200,938380
6,938412
216,938444
135,938476
711,938508
864,938540
1165,938572
1358,938604
1625,938636
1834,938668
2062,938700
2297,938732
2104,938764
1824,938796
1627,938828
1359,938860
764,938892
615,938924
303,938956
110,938988
0,939020
0,939052
180,939084
360,939116
631,939148
1146,939180
1079,939212
1307,939244
1456,939276
1771,939308
2379,939340
1644,939372
1879,939404
1597,939436
1009,939468
1129,939500
860,939532
319,939564
408,939596
167,939628
416,939660
489,939692
734,939724
1040,939756
1183,939788
1064,939820
1692,939852
1517,939884
2153,939916
2169,939948
1614,939980
1678,940012
1465,940044
967,940076
991,940108
422,940140
285,940172
0,940204
0,940236
422,940268
264,940300
535,940332
1072,940364
984,940396
1223,940428
1726,940460
1674,940492
2280,940524
2200,940556
1962,940588
1692,940620
1496,940652
1226,940684
957,940716
763,940748
495,940780
0,940812
0,940844
47,940876
270,940908
492,940940
719,940972
975,941004
1177,941036
1435,941068
2016,941100
1896,941132
1753,941164
1933,941196
1288,941228
1485,941260
752,941292
1003,941324
735,941356
114,941388
271,941420
294,941452
168,941484
746,941516
939,941548
1278,941580
1389,941612
1598,941644
1915,941676
2063,941708
1852,941740
2072,941772
1384,941804
1582,941836
1325,941868
698,941900
855,941932
617,941964
72,941996
136,942028
0,942060
249,942092
825,942124
666,942156
1277,942188
1114,942220
1351,942252
1950,942284
1805,942316
1895,942348
1991,942380
1421,942412
1551,942444
967,942476
1083,942508
826,942540
621,942572
362,942604
137,942636
382,942668
616,942700
809,942732
695,942764
1261,942796
1118,942828
1720,942860
1582,942892
1840,942924
1727,942956
1528,942988
1341,943020
1068,943052
889,943084
667,943116
439,943148
216,943180
0,943212
0,943244
537,943276
299,943308
971,943340
1159,943372
1327,943404
1615,943436
1816,943468
1709,943500
2270,943532
2080,943564
1964,943596
1577,943628
1342,943660
1195,943692
879,943724
717,943756
460,943788
0,943820
0,943852
448,943884
380,943916
905,943948
1133,943980
1575,944012
1327,944044
1464,944076
1799,944108
1850,944140
1674,944172
1850,944204
1209,944236
1019,944268
1114,944300
568,944332
343,944364
109,944396
0,944428
364,944460
172,944492
824,944524
1008,944556
1278,944588
1472,944620
1673,944652
1550,944684
2142,944716
1801,944748
1946,944780
1328,944812
1101,944844
871,944876
648,944908
452,944940
188,944972
3,945004
0,945036
18,945068
283,945100
443,945132
734,945164
1396,945196
1126,945228
1835,945260
2029,945292
2253,945324
2175,945356
1950,945388
1351,945420
1470,945452
1198,945484
1085,945516
746,945548
492,945580
331,945612
156,945644
57,945676
700,945708
494,945740
727,945772
1342,945804
1177,945836
1804,945868
2008,945900
1928,945932
1770,945964
1446,945996
1305,946028
984,946060
813,946092
973,946124
358,946156
138,946188
252,946220
0,946252
200,946284
379,946316
647,946348
1225,946380
1376,946412
1689,946444
1888,946476
2158,946508
2272,946540
2042,946572
1408,946604
1567,946636
1295,946668
1100,946700
839,946732
254,946764
378,946796
0,946828
0,946860
157,946892
420,946924
690,946956
872,946988
1140,947020
1673,947052
1593,947084
1835,947116
1788,947148
1639,947180
1851,947212
1520,947244
1351,947276
1079,947308
490,947340
617,947372
347,947404
0,947436
363,947468
592,947500
940,947532
1017,947564
1246,947596
1563,947628
1709,947660
1581,947692
2231,947724
1727,947756
1897,947788
1646,947820
1096,947852
908,947884
940,947916
446,947948
487,947980
0,948012
0,948044
45,948076
330,948108
940,948140
776,948172
1036,948204
1226,948236
1499,948268
1741,948300
2265,948332
1771,948364
1912,948396
1671,948428
1434,948460
1168,948492
528,948524
704,948556
442,948588
247,948620
232,948652
105,948684
685,948716
555,948748
781,948780
1001,948812
1231,948844
1487,948876
1701,948908
1880,948940
1997,948972
1405,949004
1239,949036
1403,949068
777,949100
973,949132
665,949164
487,949196
207,949228
0,949260
574,949292
812,949324
682,949356
1270,949388
1456,949420
1805,949452
1920,949484
2127,949516
2249,949548
1929,949580
1325,949612
1535,949644
872,949676
1056,949708
808,949740
199,949772
24,949804
99,949836
44,949868
559,949900
444,949932
761,949964
896,949996
1178,950028
1817,950060
1629,950092
1871,950124
2168,950156
1559,950188
1367,950220
1454,950252
907,950284
1033,950316
457,950348
568,950380
311,950412
0,950444
442,950476
668,950508
896,950540
1130,950572
1322,950604
1593,950636
1787,950668
1640,950700
2254,950732
1676,950764
1466,950796
1209,950828
1006,950860
828,950892
556,950924
377,950956
155,950988
0,951020
0,951052
571,951084
395,951116
1055,951148
807,951180
1485,951212
1675,951244
1533,951276
2143,951308
2264,951340
1691,951372
1788,951404
1549,951436
1435,951468
1051,951500
827,951532
671,951564
364,951596
201,951628
314,951660
173,951692
438,951724
968,951756
888,951788
1421,951820
1657,951852
1624,951884
2124,951916
1798,951948
1657,951980
1321,952012
1160,952044
1320,952076
694,952108
510,952140
602,952172
57,952204
0,952236
87,952268
311,952300
884,952332
672,952364
1338,952396
1544,952428
1804,952460
2008,952492
2203,952524
2155,952556
1881,952588
1264,952620
1406,952652
813,952684
588,952716
351,952748
136,952780
0,952812
0,952844
73,952876
346,952908
523,952940
796,952972
1420,953004
1247,953036
1931,953068
1642,953100
2375,953132
2139,953164
1465,953196
1647,953228
1420,953260
829,953292
956,953324
695,953356
571,953388
220,953420
222,953452
527,953484
684,953516
559,953548
1213,953580
1004,953612
1240,953644
1867,953676
1691,953708
2253,953740
1982,953772
1433,953804
1503,953836
934,953868
793,953900
475,953932
300,953964
457,953996
0,954028
0,954060
560,954092
441,954124
701,954156
891,954188
1163,954220
1753,954252
1911,954284
2221,954316
2216,954348
2013,954380
1742,954412
1512,954444
1273,954476
1050,954508
781,954540
590,954572
331,954604
0,954636
349,954668
216,954700
464,954732
666,954764
921,954796
1193,954828
1382,954860
1660,954892
1895,954924
1814,954956
1575,954988
1262,955020
1115,955052
1319,955084
616,955116
831,955148
570,955180
0,955212
235,955244
430,955276
345,955308
880,955340
1115,955372
1455,955404
1534,955436
1774,955468
2095,955500
2248,955532
1676,955564
1847,955596
1208,955628
1370,955660
1112,955692
585,955724
648,955756
428,955788
0,955820
219,955852
110,955884
425,955916
554,955948
838,955980
1464,956012
1322,956044
1564,956076
1754,956108
1943,956140
1721,956172
1770,956204
1247,956236
1372,956268
1143,956300
922,956332
652,956364
456,956396
188,956428
288,956460
559,956492
749,956524
618,956556
1199,956588
1066,956620
1293,956652
1519,956684
1754,956716
1818,956748
1552,956780
1343,956812
1175,956844
892,956876
722,956908
878,956940
264,956972
455,957004
0,957036
455,957068
639,957100
471,957132
1099,957164
1336,957196
1193,957228
1792,957260
1991,957292
2176,957324
2136,957356
1866,957388
1711,957420
1400,957452
812,957484
1016,957516
364,957548
544,957580
286,957612
0,957644
415,957676
621,957708
552,957740
1070,957772
956,957804
1273,957836
1416,957868
1704,957900
2345,957932
1726,957964
1497,957996
1632,958028
1035,958060
855,958092
941,958124
407,958156
509,958188
0,958220
299,958252
508,958284
765,958316
968,958348
1194,958380
1418,958412
1656,958444
1850,958476
2121,958508
2233,958540
1615,958572
1757,958604
1152,958636
956,958668
699,958700
496,958732
316,958764
48,958796
0,958828
17,958860
230,958892
459,958924
608,958956
923,958988
1576,959020
1318,959052
2025,959084
2215,959116
1865,959148
2007,959180
1727,959212
1485,959244
1258,959276
1024,959308
911,959340
538,959372
315,959404
165,959436
335,959468
635,959500
830,959532
669,959564
952,959596
1483,959628
1404,959660
1947,959692
2186,959724
1832,959756
1865,959788
1262,959820
1133,959852
812,959884
638,959916
800,959948
182,959980
8,960012
218,960044
135,960076
367,960108
591,960140
815,960172
1402,960204
1196,960236
1868,960268
2072,960300
2344,960332
2094,960364
1820,960396
1625,960428
1352,960460
750,960492
893,960524
312,960556
78,960588
0,960620
0,960652
136,960684
330,960716
584,960748
857,960780
1034,960812
1309,960844
1963,960876
1772,960908
2366,960940
1613,960972
1870,961004
1593,961036
951,961068
1129,961100
896,961132
623,961164
440,961196
167,961228
425,961260
542,961292
743,961324
1039,961356
1195,961388
1067,961420
1740,961452
1517,961484
1758,961516
2200,961548
1550,961580
1720,961612
1455,961644
935,961676
988,961708
421,961740
283,961772
393,961804
0,961836
429,961868
278,961900
503,961932
1082,961964
951,961996
1212,962028
1405,962060
1689,962092
2281,962124
2123,962156
1965,962188
1688,962220
1483,962252
1224,962284
986,962316
760,962348
528,962380
270,962412
204,962444
410,962476
284,962508
861,962540
728,962572
982,962604
1179,962636
1436,962668
1720,962700
1900,962732
1751,962764
1515,962796
1285,962828
1053,962860
750,962892
600,962924
798,962956
103,962988
313,963020
297,963052
478,963084
761,963116
943,963148
859,963180
1406,963212
1640,963244
1991,963276
2064,963308
2219,963340
2064,963372
1738,963404
1150,963436
1310,963468
700,963500
848,963532
600,963564
76,963596
126,963628
286,963660
250,963692
477,963724
617,963756
935,963788
1065,963820
1354,963852
1994,963884
1817,963916
1883,963948
1611,963980
1417,964012
1191,964044
1243,964076
733,964108
858,964140
621,964172
392,964204
140,964236
416,964268
618,964300
811,964332
1069,964364
1261,964396
1130,964428
1728,964460
1582,964492
1830,964524
1728,964556
1498,964588
1290,964620
1036,964652
840,964684
661,964716
381,964748
200,964780
363,964812
0,964844
539,964876
272,964908
974,964940
1161,964972
1374,965004
1616,965036
1865,965068
1719,965100
2329,965132
2078,965164
1959,965196
1608,965228
1340,965260
1183,965292
878,965324
302,965356
496,965388
0,965420
283,965452
489,965484
332,965516
939,965548
1135,965580
1064,965612
1337,965644
1467,965676
1801,965708
1848,965740
1670,965772
1847,965804
1206,965836
983,965868
1104,965900
523,965932
340,965964
416,965996
0,966028
366,966060
255,966092
823,966124
1018,966156
1287,966188
1482,966220
1708,966252
1551,966284
2176,966316
2171,966348
1979,966380
1705,966412
1096,966444
1229,966476
637,966508
444,966540
185,966572
0,966604
0,966636
24,966668
295,966700
512,966732
735,966764
971,966796
1128,966828
1431,966860
2109,966892
2255,966924
2233,966956
1947,966988
1335,967020
1471,967052
1198,967084
663,967116
744,967148
509,967180
396,967212
167,967244
396,967276
704,967308
847,967340
1147,967372
1343,967404
1178,967436
1466,967468
2013,967500
1942,967532
1770,967564
1805,967596
1292,967628
1328,967660
752,967692
621,967724
302,967756
136,967788
282,967820
0,967852
200,967884
734,967916
648,967948
875,967980
1111,968012
1337,968044
1944,968076
1709,968108
2314,968140
2032,968172
1388,968204
1566,968236
1294,968268
1101,968300
832,968332
248,968364
377,968396
0,968428
0,968460
156,968492
392,968524
647,968556
840,968588
1096,968620
1369,968652
1550,968684
1842,968716
1788,968748
1626,968780
1836,968812
1519,968844
1339,968876
1071,968908
441,968940
615,968972
380,969004
0,969036
410,969068
600,969100
950,969132
1054,969164
1247,969196
1565,969228
1712,969260
1592,969292
2270,969324
1725,969356
1496,969388
1660,969420
1036,969452
871,969484
940,969516
411,969548
464,969580
0,969612
0,969644
55,969676
330,969708
941,969740
779,969772
1015,969804
1608,969836
1463,969868
1739,969900
1928,969932
1771,969964
1902,969996
1584,970028
1431,970060
1176,970092
536,970124
704,970156
474,970188
236,970220
277,970252
463,970284
730,970316
922,970348
782,970380
1374,970412
1241,970444
1496,970476
1709,970508
1868,970540
1689,970572
1402,970604
1224,970636
1294,970668
777,970700
542,970732
715,970764
91,970796
269,970828
0,970860
623,970892
824,970924
695,970956
1271,970988
1464,971020
1371,971052
1928,971084
2170,971116
2313,971148
1918,971180
1690,971212
1535,971244
1225,971276
640,971308
798,971340
191,971372
23,971404
104,971436
44,971468
572,971500
804,971532
761,971564
1246,971596
1128,971628
1449,971660
1581,971692
1880,971724
2192,971756
1548,971788
1367,971820
1094,971852
904,971884
681,971916
728,971948
231,971980
336,972012
0,972044
478,972076
684,972108
940,972140
1132,972172
1323,972204
1595,972236
1790,972268
1644,972300
2264,972332
1671,972364
1436,972396
1200,972428
982,972460
782,972492
522,972524
328,972556
439,972588
0,972620
0,972652
571,972684
408,972716
1063,972748
783,972780
1495,972812
1687,972844
1496,972876
2153,972908
2300,972940
1688,972972
1821,973004
1547,973036
1423,973068
1083,973100
824,973132
668,973164
365,973196
0,973228
364,973260
170,973292
392,973324
1001,973356
840,973388
1456,973420
1662,973452
1579,973484
2125,973516
1788,973548
1655,973580
1322,973612
1148,973644
1309,973676
700,973708
472,973740
592,973772
24,973804
0,973836
398,973868
317,973900
888,973932
1040,973964
1351,973996
1536,974028
1806,974060
2014,974092
2239,974124
2144,974156
1917,974188
1640,974220
1440,974252
1180,974284
584,974316
715,974348
139,974380
0,974412
283,974444
76,974476
348,974508
535,974540
807,974572
1035,974604
1256,974636
1485,974668
1644,974700
1959,974732
2199,974764
1464,974796
1696,974828
1418,974860
825,974892
955,974924
684,974956
143,974988
217,975020
254,975052
600,975084
682,975116
911,975148
1215,975180
1370,975212
1244,975244
1880,975276
1705,975308
1900,975340
1980,975372
1432,975404
1500,975436
1278,975468
791,975500
815,975532
238,975564
109,975596
0,975628
1,975660
604,975692
441,975724
713,975756
1260,975788
1161,975820
1399,975852
1916,975884
1863,975916
2250,975948
1562,975980
1774,976012
1502,976044
1308,976076
1048,976108
779,976140
587,976172
315,976204
0,976236
351,976268
222,976300
442,976332
1149,976364
904,976396
1157,976428
1354,976460
1611,976492
1896,976524
1755,976556
1566,976588
1261,976620
1110,976652
1309,976684
586,976716
825,976748
560,976780
0,976812
235,976844
474,976876
349,976908
923,976940
1116,976972
1461,977004
1578,977036
1786,977068
2104,977100
2251,977132
1664,977164
1883,977196
1207,977228
974,977260
1151,977292
524,977324
672,977356
426,977388
0,977420
221,977452
108,977484
424,977516
559,977548
843,977580
1465,977612
1292,977644
1529,977676
2136,977708
1898,977740
1708,977772
1803,977804
1239,977836
1371,977868
1071,977900
909,977932
638,977964
445,977996
176,978028
333,978060
570,978092
795,978124
987,978156
1243,978188
1437,978220
1294,978252
1608,978284
1759,978316
1808,978348
1550,978380
1351,978412
1172,978444
892,978476
711,978508
776,978540
260,978572
43,978604
0,978636
75,978668
717,978700
472,978732
1147,978764
1335,978796
1204,978828
1792,978860
1994,978892
1895,978924
2135,978956
1901,978988
1775,979020
1389,979052
1167,979084
1017,979116
704,979148
136,979180
284,979212
0,979244
425,979276
624,979308
555,979340
1081,979372
1310,979404
1275,979436
1775,979468
1644,979500
1977,979532
1662,979564
1486,979596
1662,979628
1029,979660
844,979692
928,979724
391,979756
169,979788
204,979820
0,979852
552,979884
765,979916
992,979948
1196,979980
1456,980012
1658,980044
1852,980076
1755,980108
2223,980140
1611,980172
1453,980204
1149,980236
920,980268
686,980300
474,980332
268,980364
19,980396
0,980428
296,980460
189,980492
467,980524
1095,980556
917,980588
1579,980620
1294,980652
2027,980684
2217,980716
1817,980748
1997,980780
1768,980812
1164,980844
1292,980876
1022,980908
908,980940
559,980972
304,981004
173,981036
345,981068
232,981100
876,981132
671,981164
1325,981196
1520,981228
1354,981260
1983,981292
2192,981324
1784,981356
1856,981388
1263,981420
1131,981452
1261,981484
636,981516
795,981548
181,981580
0,981612
220,981644
107,981676
365,981708
912,981740
829,981772
1405,981804
1277,981836
1869,981868
2076,981900
2343,981932
2094,981964
1856,981996
1616,982028
1391,982060
1120,982092
553,982124
656,982156
74,982188
201,982220
0,982252
141,982284
329,982316
586,982348
858,982380
1035,982412
1319,982444
1547,982476
1781,982508
1917,982540
1609,982572
1451,982604
1663,982636
952,982668
1167,982700
893,982732
618,982764
431,982796
156,982828
20,982860
544,982892
778,982924
1116,982956
1196,982988
1435,983020
1743,983052
1898,983084
2203,983116
2200,983148
1550,983180
1372,983212
1450,983244
920,983276
988,983308
764,983340
279,983372
57,983404
0,983436
89,983468
220,983500
504,983532
1118,983564
952,983596
1223,983628
1786,983660
1687,983692
1917,983724
1818,983756
1593,983788
1724,983820
1037,983852
1256,983884
986,983916
794,983948
524,983980
265,984012
0,984044
410,984076
280,984108
864,984140
732,984172
956,984204
1182,984236
1416,984268
1674,984300
1880,984332
1699,984364
1511,984396
1226,984428
1052,984460
747,984492
599,984524
796,984556
74,984588
307,984620
301,984652
512,984684
752,984716
988,984748
858,984780
1440,984812
1642,984844
1995,984876
2108,984908
2217,984940
2059,984972
1743,985004
1149,985036
1355,985068
688,985100
474,985132
633,985164
23,985196
152,985228
285,985260
226,985292
487,985324
619,985356
938,985388
1070,985420
1352,985452
1997,985484
1817,985516
1847,985548
1980,985580
1371,985612
1191,985644
919,985676
729,985708
853,985740
553,985772
381,985804
152,985836
427,985868
632,985900
857,985932
700,985964
1307,985996
1500,986028
1773,986060
1968,986092
1821,986124
2107,986156
1496,986188
1289,986220
1036,986252
830,986284
663,986316
382,986348
200,986380
264,986412
0,986444
126,986476
280,986508
583,986540
1231,986572
1385,986604
1673,986636
1865,986668
1724,986700
2331,986732
2076,986764
1515,986796
1596,986828
1360,986860
1257,986892
877,986924
663,986956
495,986988
189,987020
0,987052
492,987084
345,987116
942,987148
1146,987180
1064,987212
1339,987244
1848,987276
1803,987308
2206,987340
1610,987372
1470,987404
1146,987436
982,987468
1136,987500
518,987532
343,987564
74,987596
0,987628
30,987660
538,987692
479,987724
1054,987756
1287,987788
1520,987820
1724,987852
1532,987884
2188,987916
2169,987948
1975,987980
1695,988012
1098,988044
1227,988076
637,988108
412,988140
184,988172
0,988204
0,988236
0,988268
248,988300
814,988332
701,988364
980,988396
1607,988428
1432,988460
2118,988492
2265,988524
2231,988556
1945,988588
1289,988620
1467,988652
1240,988684
663,988716
778,988748
506,988780
391,988812
200,988844
400,988876
704,988908
856,988940
735,988972
1391,989004
1182,989036
1849,989068
2057,989100
1880,989132
1721,989164
1802,989196
1257,989228
1326,989260
759,989292
615,989324
299,989356
132,989388
269,989420
0,989452
167,989484
744,989516
616,989548
887,989580
1422,989612
1335,989644
1941,989676
1801,989708
2311,989740
2032,989772
1386,989804
1562,989836
1335,989868
1099,989900
863,989932
603,989964
410,989996
136,990028
0,990060
526,990092
394,990124
650,990156
843,990188
1098,990220
1374,990252
1551,990284
1844,990316
1863,990348
1624,990380
1399,990412
1565,990444
926,990476
1134,990508
444,990540
653,990572
379,990604
0,990636
413,990668
602,990700
523,990732
1055,990764
1293,990796
1641,990828
1720,990860
1963,990892
2271,990924
2092,990956
1929,990988
1659,991020
1034,991052
858,991084
938,991116
408,991148
473,991180
251,991212
0,991244
398,991276
290,991308
601,991340
730,991372
1014,991404
1644,991436
1466,991468
1751,991500
2314,991532
1767,991564
1529,991596
1303,991628
1069,991660
1194,991692
526,991724
732,991756
472,991788
268,991820
280,991852
472,991884
731,991916
926,991948
784,991980
1383,992012
1245,992044
1469,992076
1788,992108
1836,992140
1627,992172
1372,992204
1166,992236
989,992268
715,992300
540,992332
715,992364
86,992396
267,992428
0,992460
631,992492
816,992524
648,992556
1275,992588
1514,992620
1371,992652
1978,992684
2172,992716
2315,992748
1951,992780
1690,992812
1531,992844
1212,992876
649,992908
831,992940
187,992972
0,993004
139,993036
7,993068
602,993100
800,993132
727,993164
1256,993196
1132,993228
1451,993260
1584,993292
1882,993324
2189,993356
1544,993388
1319,993420
1450,993452
855,993484
669,993516
408,993548
217,993580
331,993612
188,993644
477,993676
684,993708
939,993740
1144,993772
1370,993804
1597,993836
1835,993868
2030,993900
2301,993932
2046,993964
1437,993996
1577,994028
984,994060
778,994092
510,994124
324,994156
148,994188
0,994220
0,994252
187,994284
407,994316
637,994348
792,994380
1083,994412
1753,994444
1500,994476
2203,994508
2287,994540
1687,994572
1819,994604
1536,994636
988,994668
1080,994700
854,994732
733,994764
352,994796
123,994828
363,994860
512,994892
398,994924
1006,994956
844,994988
1467,995020
1662,995052
1590,995084
2136,995116
2156,995148
1643,995180
1678,995212
1094,995244
953,995276
634,995308
462,995340
622,995372
7,995404
0,995436
56,995468
315,995500
543,995532
1054,995564
999,995596
1592,995628
1817,995660
2048,995692
2250,995724
2186,995756
1914,995788
1640,995820
1436,995852
1168,995884
574,995916
715,995948
125,995980
0,996012
0,996044
58,996076
312,996108
504,996140
759,996172
1034,996204
1209,996236
1495,996268
2139,996300
1957,996332
2189,996364
1431,996396
1687,996428
1407,996460
775,996492
943,996524
719,996556
140,996588
252,996620
256,996652
448,996684
714,996716
920,996748
1225,996780
1373,996812
1244,996844
1920,996876
1706,996908
2282,996940
2011,996972
1370,997004
1534,997036
1275,997068
746,997100
813,997132
248,997164
104,997196
0,997228
5,997260
603,997292
452,997324
679,997356
1256,997388
1128,997420
1399,997452
1960,997484
1865,997516
2249,997548
1644,997580
1769,997612
1502,997644
1304,997676
1038,997708
810,997740
587,997772
352,997804
119,997836
383,997868
585,997900
448,997932
1039,997964
904,997996
1160,998028
1355,998060
1615,998092
1908,998124
1743,998156
1563,998188
1335,998220
1108,998252
877,998284
583,998316
427,998348
621,998380
0,998412
283,998444
477,998476
358,998508
927,998540
1120,998572
1339,998604
1580,998636
1823,998668
2173,998700
2254,998732
2030,998764
1883,998796
1564,998828
1401,998860
1143,998892
524,998924
348,998956
416,998988
0,999020
233,999052
463,999084
427,999116
908,999148
792,999180
1110,999212
1244,999244
1530,999276
2175,999308
1896,999340
1704,999372
1803,999404
1239,999436
1015,999468
782,999500
555,999532
682,999564
23,999596
202,999628
344,999660
600,999692
796,999724
985,999756
1247,999788
1448,999820
1307,999852
1904,999884
1760,999916
1785,999948
1535,999980
1320,1000012
1116,1000044
856,1000076
665,1000108
477,1000140
204,1000172
25,1000204
219,1000236
72,1000268
711,1000300
452,1000332
1147,1000364
1337,1000396
1159,1000428
1803,1000460
2040,1000492
2221,1000524
2168,1000556
1888,1000588
1771,1000620
1421,1000652
1152,1000684
1005,1000716
699,1000748
127,1000780
319,1000812
0,1000844
60,1000876
665,1000908
507,1000940
1112,1000972
1321,1001004
1242,1001036
1783,1001068
1656,1001100
1976,1001132
2127,1001164
1482,1001196
1661,1001228
1018,1001260
808,1001292
928,1001324
345,1001356
167,1001388
0,1001420
0,1001452
543,1001484
703,1001516
1005,1001548
1196,1001580
1463,1001612
1662,1001644
1898,1001676
2126,1001708
2265,1001740
1984,1001772
1789,1001804
1518,1001836
919,1001868
1054,1001900
461,1001932
268,1001964
9,1001996
0,1002028
18,1002060
189,1002092
462,1002124
696,1002156
919,1002188
1147,1002220
1304,1002252
1611,1002284
2297,1002316
1806,1002348
2043,1002380
1759,1002412
1472,1002444
1287,1002476
1022,1002508
477,1002540
566,1002572
334,1002604
247,1002636
335,1002668
584,1002700
887,1002732
1021,1002764
906,1002796
1528,1002828
1356,1002860
1984,1002892
2200,1002924
1774,1002956
1853,1002988
1627,1003020
1119,1003052
893,1003084
582,1003116
443,1003148
126,1003180
0,1003212
256,1003244
106,1003276
377,1003308
559,1003340
827,1003372
1055,1003404
1567,1003436
1513,1003468
2120,1003500
2345,1003532
2124,1003564
1854,1003596
1648,1003628
1386,1003660
1117,1003692
923,1003724
650,1003756
64,1003788
189,1003820
0,1003852
112,1003884
336,1003916
560,1003948
822,1003980
1006,1004012
1264,1004044
1557,1004076
1737,1004108
1756,1004140
2093,1004172
1447,1004204
1656,1004236
912,1004268
1163,1004300
895,1004332
650,1004364
431,1004396
187,1004428
18,1004460
598,1004492
781,1004524
1117,1004556
1231,1004588
1435,1004620
1753,1004652
1900,1004684
1772,1004716
2234,1004748
1536,1004780
1751,1004812
1482,1004844
858,1004876
1016,1004908
762,1004940
235,1004972
45,1005004
0,1005036
91,1005068
234,1005100
508,1005132
1117,1005164
955,1005196
1181,1005228
1788,1005260
1645,1005292
1928,1005324
2153,1005356
1581,1005388
1719,1005420
1129,1005452
1245,1005484
984,1005516
781,1005548
526,1005580
288,1005612
0,1005644
448,1005676
649,1005708
906,1005740
1099,1005772
960,1005804
1562,1005836
1421,1005868
1678,1005900
1883,1005932
1692,1005964
1500,1005996
1228,1006028
1048,1006060
823,1006092
588,1006124
365,1006156
72,1006188
0,1006220
377,1006252
523,1006284
809,1006316
1000,1006348
861,1006380
1449,1006412
1645,1006444
1550,1006476
2110,1006508
2249,1006540
2127,1006572
1738,1006604
1500,1006636
1357,1006668
1039,1006700
889,1006732
618,1006764
22,1006796
0,1006828
287,1006860
215,1006892
488,1006924
976,1006956
941,1006988
1433,1007020
1304,1007052
1629,1007084
1769,1007116
1836,1007148
2024,1007180
1366,1007212
1178,1007244
1261,1007276
727,1007308
505,1007340
267,1007372
57,1007404
198,1007436
9,1007468
664,1007500
858,1007532
684,1007564
1310,1007596
1504,1007628
1773,1007660
1979,1007692
1832,1007724
2104,1007756
1487,1007788
1260,1007820
1022,1007852
808,1007884
603,1007916
344,1007948
163,1007980
0,1008012
0,1008044
125,1008076
283,1008108
585,1008140
1237,1008172
1385,1008204
1672,1008236
1868,1008268
1684,1008300
2335,1008332
2110,1008364
1502,1008396
1642,1008428
1368,1008460
1243,1008492
904,1008524
649,1008556
491,1008588
176,1008620
0,1008652
540,1008684
335,1008716
570,1008748
1182,1008780
1018,1008812
1304,1008844
1850,1008876
1768,1008908
2205,1008940
1608,1008972
1463,1009004
1146,1009036
970,1009068
1133,1009100
519,1009132
296,1009164
414,1009196
0,1009228
39,1009260
223,1009292
487,1009324
1069,1009356
1216,1009388
1519,1009420
1724,1009452
1536,1009484
2200,1009516
2204,1009548
1962,1009580
1738,1009612
1464,1009644
1264,1009676
1001,1009708
409,1009740
528,1009772
0,1009804
0,1009836
2,1009868
254,1009900
532,1009932
703,1009964
970,1009996
1500,1010028
1432,1010060
1671,1010092
2329,1010124
1800,1010156
2010,1010188
1286,1010220
1515,1010252
1241,1010284
648,1010316
775,1010348
507,1010380
0,1010412
202,1010444
445,1010476
778,1010508
859,1010540
1097,1010572
1401,1010604
1547,1010636
1418,1010668
2060,1010700
1884,1010732
1720,1010764
1804,1010796
1252,1010828
1324,1010860
1104,1010892
606,1010924
636,1010956
74,1010988
0,1011020
0,1011052
180,1011084
779,1011116
622,1011148
888,1011180
1068,1011212
1339,1011244
1567,1011276
2095,1011308
1933,1011340
2076,1011372
1376,1011404
1594,1011436
1326,1011468
1132,1011500
862,1011532
604,1011564
409,1011596
135,1011628
0,1011660
536,1011692
396,1011724
622,1011756
842,1011788
1082,1011820
1326,1011852
1530,1011884
1791,1011916
2157,1011948
1574,1011980
1387,1012012
1565,1012044
933,1012076
1131,1012108
408,1012140
651,1012172
377,1012204
0,1012236
423,1012268
651,1012300
532,1012332
1104,1012364
1293,1012396
1643,1012428
1756,1012460
1963,1012492
2283,1012524
2080,1012556
1488,1012588
1704,1012620
1022,1012652
807,1012684
959,1012716
348,1012748
494,1012780
240,1012812
0,1012844
398,1012876
296,1012908
601,1012940
735,1012972
1016,1013004
1657,1013036
1476,1013068
1708,1013100
2312,1013132
1719,1013164
1526,1013196
1625,1013228
1067,1013260
1193,1013292
891,1013324
730,1013356
464,1013388
263,1013420
284,1013452
512,1013484
734,1013516
971,1013548
1162,1013580
1422,1013612
1625,1013644
1472,1013676
2090,1013708
1837,1013740
1630,1013772
1360,1013804
1167,1013836
986,1013868
713,1013900
537,1013932
315,1013964
84,1013996
0,1014028
0,1014060
247,1014092
893,1014124
652,1014156
1325,1014188
1515,1014220
1383,1014252
1983,1014284
2176,1014316
1853,1014348
1946,1014380
1712,1014412
1595,1014444
1200,1014476
987,1014508
830,1014540
528,1014572
0,1014604
137,1014636
9,1014668
282,1014700
808,1014732
731,1014764
1260,1014796
1488,1014828
1453,1014860
1960,1014892
1830,1014924
1817,1014956
1484,1014988
1310,1015020
1484,1015052
854,1015084
667,1015116
750,1015148
215,1015180
0,1015212
191,1015244
143,1015276
728,1015308
509,1015340
1180,1015372
1373,1015404
1644,1015436
1848,1015468
2030,1015500
2313,1015532
2044,1015564
1434,1015596
1568,1015628
971,1015660
747,1015692
987,1015724
293,1015756
92,1015788
0,1015820
0,1015852
187,1015884
362,1015916
646,1015948
793,1015980
1096,1016012
1757,1016044
1480,1016076
2206,1016108
2297,1016140
1903,1016172
1815,1016204
1579,1016236
985,1016268
1114,1016300
847,1016332
731,1016364
391,1016396
121,1016428
367,1016460
510,1016492
399,1016524
1053,1016556
847,1016588
1082,1016620
1706,1016652
1532,1016684
2173,1016716
2153,1016748
1604,1016780
1674,1016812
1084,1016844
952,1016876
636,1016908
460,1016940
617,1016972
7,1017004
0,1017036
400,1017068
279,1017100
541,1017132
1086,1017164
1000,1017196
1597,1017228
1752,1017260
2057,1017292
2253,1017324
2185,1017356
1914,1017388
1677,1017420
1436,1017452
1209,1017484
941,1017516
748,1017548
477,1017580
0,1017612
0,1017644
64,1017676
314,1017708
496,1017740
763,1017772
1035,1017804
1215,1017836
1495,1017868
2031,1017900
1960,1017932
1739,1017964
1424,1017996
1272,1018028
1471,1018060
775,1018092
991,1018124
718,1018156
145,1018188
254,1018220
268,1018252
187,1018284
718,1018316
953,1018348
1294,1018380
1373,1018412
1615,1018444
1931,1018476
2078,1018508
1836,1018540
2010,1018572
1360,1018604
1531,1018636
1274,1018668
744,1018700
813,1018732
589,1018764
104,1018796
109,1018828
0,1018860
253,1018892
398,1018924
681,1018956
1296,1018988
1130,1019020
1401,1019052
1962,1019084
1869,1019116
1881,1019148
1933,1019180
1405,1019212
1534,1019244
1303,1019276
1070,1019308
812,1019340
608,1019372
350,1019404
123,1019436
393,1019468
585,1019500
447,1019532
759,1019564
907,1019596
1134,1019628
1360,1019660
1596,1019692
1861,1019724
1710,1019756
1511,1019788
1629,1019820
1051,1019852
882,1019884
1051,1019916
423,1019948
619,1019980
0,1020012
296,1020044
487,1020076
313,1020108
937,1020140
1166,1020172
1034,1020204
1639,1020236
1822,1020268
2171,1020300
2295,1020332
2032,1020364
1883,1020396
1552,1020428
974,1020460
1176,1020492
511,1020524
713,1020556
445,1020588
0,1020620
263,1020652
472,1020684
392,1020716
920,1020748
804,1020780
1114,1020812
1709,1020844
1532,1020876
2185,1020908
1885,1020940
1660,1020972
1800,1021004
1193,1021036
1013,1021068
1101,1021100
555,1021132
667,1021164
103,1021196
189,1021228
344,1021260
601,1021292
800,1021324
1024,1021356
1258,1021388
1485,1021420
1677,1021452
1564,1021484
2157,1021516
1776,1021548
1920,1021580
1309,1021612
1114,1021644
856,1021676
656,1021708
477,1021740
204,1021772
26,1021804
0,1021836
72,1021868
301,1021900
456,1021932
759,1021964
1408,1021996
1162,1022028
1853,1022060
2043,1022092
2232,1022124
2171,1022156
1886,1022188
1335,1022220
1419,1022252
1184,1022284
1071,1022316
698,1022348
475,1022380
315,1022412
171,1022444
472,1022476
670,1022508
508,1022540
794,1022572
1324,1022604
1243,1022636
1786,1022668
2026,1022700
1982,1022732
1757,1022764
1420,1022796
1289,1022828
960,1022860
796,1022892
958,1022924
345,1022956
151,1022988
234,1023020
0,1023052
217,1023084
439,1023116
663,1023148
1244,1023180
1024,1023212
1706,1023244
1902,1023276
2172,1023308
2264,1023340
1992,1023372
1400,1023404
1514,1023436
910,1023468
1051,1023500
462,1023532
234,1023564
8,1023596
0,1023628
0,1023660
168,1023692
429,1023724
696,1023756
876,1023788
1159,1023820
1305,1023852
1610,1023884
2296,1023916
1774,1023948
2040,1023980
1759,1024012
1503,1024044
1289,1024076
1066,1024108
475,1024140
600,1024172
335,1024204
251,1024236
377,1024268
586,1024300
891,1024332
1034,1024364
910,1024396
1578,1024428
1360,1024460
1604,1024492
2239,1024524
1718,1024556
1885,1024588
1615,1024620
1083,1024652
893,1024684
573,1024716
439,1024748
125,1024780
0,1024812
255,1024844
108,1024876
341,1024908
922,1024940
795,1024972
1065,1025004
1243,1025036
1517,1025068
2121,1025100
2270,1025132
2123,1025164
1850,1025196
1645,1025228
1386,1025260
1148,1025292
552,1025324
696,1025356
429,1025388
222,1025420
250,1025452
119,1025484
701,1025516
569,1025548
825,1025580
1018,1025612
1274,1025644
1559,1025676
1738,1025708
1912,1025740
1981,1025772
1438,1025804
1211,1025836
910,1025868
751,1025900
960,1025932
640,1025964
475,1025996
185,1026028
24,1026060
592,1026092
792,1026124
699,1026156
1243,1026188
1472,1026220
1823,1026252
1903,1026284
2142,1026316
2232,1026348
1914,1026380
1310,1026412
1481,1026444
857,1026476
1016,1026508
752,1026540
232,1026572
43,1026604
118,1026636
93,1026668
572,1026700
458,1026732
779,1026764
908,1026796
1194,1026828
1824,1026860
1645,1026892
1927,1026924
1769,1026956
1577,1026988
1353,1027020
1392,1027052
895,1027084
1016,1027116
781,1027148
554,1027180
288,1027212
0,1027244
460,1027276
640,1027308
911,1027340
1103,1027372
959,1027404
1566,1027436
1422,1027468
1658,1027500
1884,1027532
1662,1027564
1451,1027596
1196,1027628
997,1027660
1112,1027692
538,1027724
372,1027756
535,1027788
0,1027820
379,1027852
526,1027884
814,1027916
999,1027948
823,1027980
1453,1028012
1692,1028044
1556,1028076
2156,1028108
2238,1028140
2123,1028172
1321,1028204
1496,1028236
1353,1028268
1036,1028300
460,1028332
663,1028364
19,1028396
175,1028428
329,1028460
182,1028492
456,1028524
975,1028556
906,1028588
1434,1028620
1316,1028652
1639,1028684
1770,1028716
1834,1028748
2007,1028780
1367,1028812
1147,1028844
1264,1028876
683,1028908
504,1028940
572,1028972
45,1029004
197,1029036
91,1029068
669,1029100
858,1029132
686,1029164
1320,1029196
1550,1029228
1776,1029260
2012,1029292
2218,1029324
2141,1029356
1856,1029388
1256,1029420
1391,1029452
797,1029484
602,1029516
344,1029548
140,1029580
0,1029612
0,1029644
135,1029676
359,1029708
586,1029740
811,1029772
1437,1029804
1272,1029836
1947,1029868
1688,1029900
2393,1029932
2111,1029964
1500,1029996
1631,1030028
1358,1030060
813,1030092
904,1030124
680,1030156
555,1030188
175,1030220
235,1030252
543,1030284
696,1030316
985,1030348
1184,1030380
1020,1030412
1304,1030444
1863,1030476
1768,1030508
2200,1030540
1966,1030572
1463,1030604
1495,1030636
908,1030668
779,1030700
458,1030732
294,1030764
442,1030796
0,1030828
41,1030860
576,1030892
491,1030924
717,1030956
941,1030988
1177,1031020
1770,1031052
1548,1031084
2236,1031116
2202,1031148
2007,1031180
1726,1031212
1451,1031244
1259,1031276
989,1031308
400,1031340
527,1031372
0,1031404
0,1031436
8,1031468
234,1031500
485,1031532
682,1031564
935,1031596
1208,1031628
1387,1031660
1674,1031692
2327,1031724
1787,1031756
2006,1031788
1260,1031820
1501,1031852
1231,1031884
602,1031916
779,1031948
552,1031980
0,1032012
250,1032044
444,1032076
781,1032108
894,1032140
1088,1032172
1403,1032204
1549,1032236
1423,1032268
2107,1032300
1894,1032332
1658,1032364
1824,1032396
1194,1032428
1355,1032460
1098,1032492
569,1032524
639,1032556
72,1032588
0,1032620
0,1032652
180,1032684
783,1032716
620,1032748
855,1032780
1436,1032812
1305,1032844
1579,1032876
1770,1032908
1931,1032940
2061,1032972
1752,1033004
1593,1033036
1320,1033068
1129,1033100
864,1033132
639,1033164
400,1033196
169,1033228
312,1033260
573,1033292
764,1033324
623,1033356
1214,1033388
1083,1033420
1339,1033452
1536,1033484
1800,1033516
1852,1033548
1566,1033580
1385,1033612
1159,1033644
925,1033676
699,1033708
399,1033740
253,1033772
441,1033804
0,1033836
463,1033868
651,1033900
533,1033932
1115,1033964
1294,1033996
1211,1034028
1760,1034060
1999,1034092
2351,1034124
2088,1034156
1851,1034188
1696,1034220
1384,1034252
808,1034284
958,1034316
348,1034348
491,1034380
240,1034412
0,1034444
408,1034476
638,1034508
604,1034540
1086,1034572
968,1034604
1289,1034636
1421,1034668
1723,1034700
2360,1034732
1709,1034764
1527,1034796
1254,1034828
1064,1034860
841,1034892
889,1034924
383,1034956
494,1034988
254,1035020
318,1035052
512,1035084
778,1035116
974,1035148
1165,1035180
1423,1035212
1629,1035244
1483,1035276
2095,1035308
1832,1035340
1606,1035372
1369,1035404
1135,1035436
936,1035468
682,1035500
485,1035532
314,1035564
36,1035596
0,1035628
411,1035660
246,1035692
903,1035724
622,1035756
1323,1035788
1517,1035820
1336,1035852
1982,1035884
2220,1035916
1851,1035948
1984,1035980
1708,1036012
1435,1036044
1241,1036076
976,1036108
829,1036140
526,1036172
0,1036204
187,1036236
9,1036268
650,1036300
842,1036332
683,1036364
1294,1036396
1500,1036428
1418,1036460
1962,1036492
1834,1036524
1815,1036556
1482,1036588
1308,1036620
1470,1036652
854,1036684
624,1036716
752,1036748
171,1036780
0,1036812
236,1036844
153,1036876
727,1036908
605,1036940
1181,1036972
1376,1037004
1645,1037036
1848,1037068
2079,1037100
2315,1037132
2080,1037164
1805,1037196
1610,1037228
1336,1037260
744,1037292
876,1037324
287,1037356
91,1037388
0,1037420
0,1037452
187,1037484
366,1037516
649,1037548
875,1037580
1097,1037612
1324,1037644
1481,1037676
1788,1037708
2365,1037740
1626,1037772
1855,1037804
1579,1037836
987,1037868
1103,1037900
844,1037932
606,1037964
381,1037996
141,1038028
440,1038060
523,1038092
752,1038124
1065,1038156
1206,1038188
1503,1038220
1708,1038252
1530,1038284
1834,1038316
2150,1038348
1604,1038380
1675,1038412
1446,1038444
951,1038476
974,1038508
408,1038540
265,1038572
0,1038604
0,1038636
440,1038668
284,1038700
551,1038732
1097,1038764
1001,1038796
1229,1038828
1464,1038860
1691,1038892
2300,1038924
1722,1038956
1944,1038988
1676,1039020
1468,1039052
1210,1039084
940,1039116
744,1039148
476,1039180
0,1039212
184,1039244
61,1039276
295,1039308
509,1039340
746,1039372
996,1039404
1192,1039436
1449,1039468
1736,1039500
1913,1039532
1735,1039564
1915,1039596
1268,1039628
1469,1039660
744,1039692
987,1039724
715,1039756
90,1039788
249,1039820
311,1039852
493,1039884
767,1039916
956,1039948
1303,1039980
1415,1040012
1624,1040044
1931,1040076
2080,1040108
1833,1040140
2044,1040172
1368,1040204
1448,1040236
1306,1040268
682,1040300
840,1040332
586,1040364
59,1040396
109,1040428
0,1040460
264,1040492
843,1040524
686,1040556
1305,1040588
1133,1040620
1368,1040652
1968,1040684
1831,1040716
1867,1040748
1597,1040780
1403,1040812
1533,1040844
1224,1040876
1065,1040908
808,1040940
607,1040972
344,1041004
167,1041036
398,1041068
637,1041100
826,1041132
1085,1041164
1275,1041196
1136,1041228
1741,1041260
1600,1041292
1864,1041324
1708,1041356
1508,1041388
1322,1041420
1048,1041452
873,1041484
645,1041516
414,1041548
188,1041580
0,1041612
0,1041644
555,1041676
316,1041708
989,1041740
1168,1041772
1344,1041804
1631,1041836
1832,1041868
1735,1041900
2297,1041932
2060,1041964
1951,1041996
1552,1042028
1320,1042060
1180,1042092
863,1042124
296,1042156
442,1042188
0,1042220
268,1042252
472,1042284
397,1042316
922,1042348
1159,1042380
1116,1042412
1353,1042444
1480,1042476
1817,1042508
1831,1042540
1656,1042572
1834,1042604
1190,1042636
1003,1042668
734,1042700
551,1042732
315,1042764
365,1042796
0,1042828
380,1042860
606,1042892
840,1042924
1024,1042956
1296,1042988
1496,1043020
1691,1043052
1952,1043084
2156,1043116
1774,1043148
1917,1043180
1309,1043212
1084,1043244
848,1043276
624,1043308
429,1043340
170,1043372
0,1043404
0,1043436
39,1043468
306,1043500
925,1043532
757,1043564
1415,1043596
1136,1043628
1863,1043660
2046,1043692
2281,1043724
2167,1043756
1930,1043788
1322,1043820
1455,1043852
1184,1043884
1071,1043916
727,1043948
464,1043980
304,1044012
174,1044044
64,1044076
714,1044108
512,1044140
1152,1044172
1359,1044204
1194,1044236
1821,1044268
2030,1044300
1943,1044332
1753,1044364
1423,1044396
1287,1044428
959,1044460
796,1044492
957,1044524
344,1044556
119,1044588
233,1044620
0,1044652
216,1044684
759,1044716
665,1044748
1243,1044780
1117,1044812
1707,1044844
1902,1044876
2173,1044908
2252,1044940
2024,1044972
1392,1045004
1550,1045036
1276,1045068
1082,1045100
815,1045132
234,1045164
362,1045196
0,1045228
0,1045260
175,1045292
430,1045324
700,1045356
878,1045388
1159,1045420
1387,1045452
1610,1045484
1853,1045516
1770,1045548
1611,1045580
1823,1045612
1503,1045644
1326,1045676
1067,1045708
475,1045740
603,1045772
330,1045804
0,1045836
380,1045868
617,1045900
959,1045932
1037,1045964
1264,1045996
1583,1046028
1728,1046060
2031,1046092
2239,1046124
1711,1046156
1544,1046188
1615,1046220
1078,1046252
889,1046284
933,1046316
439,1046348
463,1046380
0,1046412
0,1046444
60,1046476
346,1046508
960,1046540
795,1046572
1065,1046604
1616,1046636
1527,1046668
1757,1046700
1991,1046732
1753,1046764
1886,1046796
1199,1046828
1408,1046860
1148,1046892
522,1046924
688,1046956
424,1046988
223,1047020
252,1047052
120,1047084
712,1047116
572,1047148
798,1047180
1021,1047212
1258,1047244
1512,1047276
1710,1047308
1852,1047340
1672,1047372
1387,1047404
1209,1047436
907,1047468
758,1047500
955,1047532
651,1047564
471,1047596
185,1047628
0,1047660
601,1047692
832,1047724
701,1047756
1288,1047788
1480,1047820
1837,1047852
1945,1047884
2143,1047916
2233,1047948
1901,1047980
1306,1048012
1517,1048044
848,1048076
620,1048108
791,1048140
184,1048172
4,1048204
120,1048236
67,1048268
584,1048300
463,1048332
779,1048364
920,1048396
1194,1048428
1831,1048460
1654,1048492
1895,1048524
2141,1048556
1531,1048588
1339,1048620
1077,1048652
889,1048684
1005,1048716
714,1048748
551,1048780
286,1048812
0,1048844
472,1048876
697,1048908
920,1048940
1147,1048972
1340,1049004
1611,1049036
1806,1049068
1661,1049100
2268,1049132
1656,1049164
1453,1049196
1192,1049228
987,1049260
809,1049292
538,1049324
362,1049356
415,1049388
0,1049420
0,1049452
590,1049484
423,1049516
1071,1049548
838,1049580
1501,1049612
1695,1049644
1560,1049676
2167,1049708
2236,1049740
1675,1049772
1768,1049804
1531,1049836
1407,1049868
1024,1049900
811,1049932
656,1049964
347,1049996
0,1050028
332,1050060
187,1050092
458,1050124
985,1050156
906,1050188
1437,1050220
1676,1050252
1641,1050284
2138,1050316
1772,1050348
1629,1050380
1304,1050412
1132,1050444
1304,1050476
680,1050508
489,1050540
228,1050572
39,1050604
0,1050636
365,1050668
331,1050700
896,1050732
696,1050764
1356,1050796
1559,1050828
1824,1050860
2028,1050892
2219,1050924
2136,1050956
1855,1050988
1254,1051020
1387,1051052
794,1051084
570,1051116
343,1051148
118,1051180
0,1051212
0,1051244
98,1051276
654,1051308
541,1051340
821,1051372
1446,1051404
1270,1051436
1947,1051468
1659,1051500
2379,1051532
2107,1051564
1449,1051596
1629,1051628
1403,1051660
819,1051692
938,1051724
670,1051756
542,1051788
212,1051820
240,1051852
553,1051884
688,1051916
576,1051948
1229,1051980
1024,1052012
1260,1052044
1886,1052076
1720,1052108
2223,1052140
1968,1052172
1417,1052204
1488,1052236
870,1052268
775,1052300
456,1052332
285,1052364
429,1052396
0,1052428
8,1052460
586,1052492
459,1052524
727,1052556
1272,1052588
1177,1052620
1771,1052652
1931,1052684
2237,1052716
2200,1052748
1992,1052780
1722,1052812
1487,1052844
1257,1052876
1024,1052908
766,1052940
571,1052972
304,1053004
0,1053036
365,1053068
237,1053100
488,1053132
685,1053164
940,1053196
1212,1053228
1390,1053260
1676,1053292
1915,1053324
1787,1053356
1560,1053388
1247,1053420
1093,1053452
1293,1053484
592,1053516
811,1053548
541,1053580
0,1053612
255,1053644
444,1053676
363,1053708
904,1053740
1132,1053772
1472,1053804
1561,1053836
1792,1053868
2121,1053900
2252,1053932
1657,1053964
1821,1053996
1191,1054028
1018,1054060
1097,1054092
558,1054124
635,1054156
412,1054188
0,1054220
236,1054252
124,1054284
441,1054316
574,1054348
858,1054380
1482,1054412
1306,1054444
1588,1054476
2151,1054508
1927,1054540
1693,1054572
1753,1054604
1229,1054636
1354,1054668
686,1054700
892,1054732
636,1054764
430,1054796
154,1054828
315,1054860
582,1054892
765,1054924
631,1054956
1216,1054988
1084,1055020
1318,1055052
2041,1055084
1774,1055116
1799,1055148
1531,1055180
1325,1055212
1148,1055244
874,1055276
696,1055308
395,1055340
243,1055372
430,1055404
0,1055436
471,1055468
655,1055500
488,1055532
1115,1055564
1354,1055596
1211,1055628
1806,1055660
2009,1055692
2360,1055724
2110,1055756
1848,1055788
1691,1055820
1375,1055852
796,1055884
1001,1055916
346,1055948
122,1055980
269,1056012
0,1056044
440,1056076
638,1056108
569,1056140
1098,1056172
973,1056204
1289,1056236
1433,1056268
1720,1056300
2359,1056332
1704,1056364
1479,1056396
1614,1056428
1017,1056460
827,1056492
921,1056524
377,1056556
493,1056588
188,1056620
327,1056652
522,1056684
781,1056716
974,1056748
1210,1056780
1436,1056812
1664,1056844
1868,1056876
2140,1056908
2208,1056940
1596,1056972
1445,1057004
1135,1057036
934,1057068
681,1057100
487,1057132
297,1057164
36,1057196
0,1057228
312,1057260
247,1057292
477,1057324
630,1057356
927,1057388
1595,1057420
1338,1057452
2041,1057484
2223,1057516
1848,1057548
1981,1057580
1709,1057612
1150,1057644
1240,1057676
1006,1057708
895,1057740
510,1057772
296,1057804
199,1057836
349,1057868
236,1057900
855,1057932
686,1057964
1302,1057996
1504,1058028
1421,1058060
1966,1058092
2216,1058124
1805,1058156
1837,1058188
1250,1058220
1115,1058252
794,1058284
622,1058316
780,1058348
170,1058380
0,1058412
237,1058444
155,1058476
381,1058508
889,1058540
839,1058572
1420,1058604
1654,1058636
1898,1058668
2090,1058700
2349,1058732
2080,1058764
1803,1058796
1607,1058828
1328,1058860
735,1058892
586,1058924
283,1058956
60,1058988
0,1059020
0,1059052
156,1059084
347,1059116
601,1059148
1168,1059180
1051,1059212
1331,1059244
1979,1059276
1796,1059308
2349,1059340
1594,1059372
1851,1059404
1579,1059436
935,1059468
1104,1059500
888,1059532
309,1059564
412,1059596
139,1059628
453,1059660
556,1059692
762,1059724
1064,1059756
1211,1059788
1084,1059820
1757,1059852
1545,1059884
2218,1059916
2175,1059948
1540,1059980
1696,1060012
1435,1060044
904,1060076
974,1060108
397,1060140
264,1060172
377,1060204
0,1060236
445,1060268
296,1060300
520,1060332
1098,1060364
967,1060396
1239,1060428
1792,1060460
1695,1060492
2297,1060524
1805,1060556
1935,1060588
1672,1060620
1467,1060652
1200,1060684
972,1060716
734,1060748
510,1060780
248,1060812
0,1060844
426,1060876
288,1060908
878,1060940
746,1060972
1000,1061004
1196,1061036
1453,1061068
1736,1061100
1904,1061132
1724,1061164
1494,1061196
1269,1061228
1035,1061260
735,1061292
587,1061324
781,1061356
90,1061388
297,1061420
317,1061452
504,1061484
777,1061516
967,1061548
875,1061580
1418,1061612
1659,1061644
2011,1061676
2090,1061708
2200,1061740
2045,1061772
1725,1061804
1561,1061836
1295,1061868
680,1061900
506,1061932
575,1061964
56,1061996
104,1062028
296,1062060
279,1062092
507,1062124
634,1062156
953,1062188
1084,1062220
1370,1062252
2014,1062284
1832,1062316
1867,1062348
1962,1062380
1401,1062412
1175,1062444
939,1062476
717,1062508
840,1062540
184,1062572
376,1062604
171,1062636
442,1062668
638,1062700
828,1062732
718,1062764
1279,1062796
1145,1062828
1751,1062860
1608,1062892
1839,1062924
1707,1062956
1478,1062988
1272,1063020
1018,1063052
822,1063084
647,1063116
363,1063148
183,1063180
0,1063212
0,1063244
557,1063276
296,1063308
988,1063340
1183,1063372
1400,1063404
1641,1063436
1881,1063468
1736,1063500
2334,1063532
2059,1063564
1933,1063596
1582,1063628
1323,1063660
1167,1063692
859,1063724
294,1063756
478,1063788
0,1063820
0,1063852
509,1063884
348,1063916
957,1063948
1166,1063980
1082,1064012
1354,1064044
1484,1064076
1818,1064108
1822,1064140
1657,1064172
1823,1064204
1181,1064236
959,1064268
1008,1064300
504,1064332
319,1064364
58,1064396
0,1064428
393,1064460
552,1064492
843,1064524
1038,1064556
1305,1064588
1500,1064620
1728,1064652
1578,1064684
2205,1064716
2154,1064748
1951,1064780
1679,1064812
1080,1064844
1214,1064876
623,1064908
427,1064940
169,1064972
0,1065004
0,1065036
38,1065068
311,1065100
829,1065132
761,1065164
987,1065196
1146,1065228
1447,1065260
2137,1065292
2281,1065324
2205,1065356
1927,1065388
1320,1065420
1449,1065452
1182,1065484
635,1065516
718,1065548
493,1065580
377,1065612
184,1065644
415,1065676
728,1065708
870,1065740
748,1065772
1368,1065804
1198,1065836
1832,1065868
2030,1065900
1944,1065932
1751,1065964
1786,1065996
1276,1066028
1320,1066060
740,1066092
601,1066124
284,1066156
108,1066188
256,1066220
0,1066252
220,1066284
400,1066316
667,1066348
903,1066380
1404,1066412
1355,1066444
1952,1066476
2185,1066508
2296,1066540
2016,1066572
1370,1066604
1546,1066636
1277,1066668
1083,1066700
815,1066732
230,1066764
361,1066796
0,1066828
0,1066860
176,1066892
398,1066924
664,1066956
856,1066988
1115,1067020
1693,1067052
1575,1067084
1853,1067116
2265,1067148
1611,1067180
1819,1067212
1500,1067244
1323,1067276
1051,1067308
425,1067340
590,1067372
362,1067404
0,1067436
426,1067468
631,1067500
957,1067532
1080,1067564
1274,1067596
1592,1067628
1738,1067660
1608,1067692
2286,1067724
1709,1067756
1914,1067788
1645,1067820
1016,1067852
845,1067884
922,1067916
395,1067948
460,1067980
0,1068012
0,1068044
70,1068076
350,1068108
959,1068140
796,1068172
1031,1068204
1616,1068236
1483,1068268
1767,1068300
2314,1068332
1751,1068364
1882,1068396
1287,1068428
1405,1068460
1142,1068492
509,1068524
682,1068556
460,1068588
222,1068620
288,1068652
489,1068684
748,1068716
939,1068748
808,1068780
1392,1068812
1259,1068844
1514,1068876
1722,1068908
1853,1068940
1663,1068972
1386,1069004
1208,1069036
975,1069068
746,1069100
524,1069132
699,1069164
71,1069196
239,1069228
0,1069260
651,1069292
840,1069324
702,1069356
1289,1069388
1481,1069420
1387,1069452
1950,1069484
2187,1069516
2288,1069548
1899,1069580
1673,1069612
1514,1069644
1198,1069676
1039,1069708
780,1069740
172,1069772
5,1069804
135,1069836
70,1069868
587,1069900
815,1069932
779,1069964
1264,1069996
1144,1070028
1469,1070060
1608,1070092
1898,1070124
2184,1070156
1527,1070188
1339,1070220
1434,1070252
879,1070284
653,1070316
439,1070348
205,1070380
316,1070412
0,1070444
492,1070476
700,1070508
958,1070540
1150,1070572
1343,1070604
1613,1070636
1816,1070668
1664,1070700
2265,1070732
1656,1070764
1418,1070796
1181,1070828
960,1070860
773,1070892
502,1070924
302,1070956
135,1070988
0,1071020
0,1071052
589,1071084
423,1071116
1080,1071148
808,1071180
1511,1071212
1705,1071244
1515,1071276
2171,1071308
2272,1071340
1671,1071372
1804,1071404
1531,1071436
1415,1071468
1056,1071500
800,1071532
651,1071564
345,1071596
0,1071628
376,1071660
184,1071692
410,1071724
1020,1071756
860,1071788
1480,1071820
1677,1071852
1604,1071884
2143,1071916
1770,1071948
1627,1071980
1296,1072012
1128,1072044
1295,1072076
670,1072108
455,1072140
576,1072172
1,1072204
0,1072236
71,1072268
329,1072300
905,1072332
1064,1072364
1357,1072396
1562,1072428
1833,1072460
2030,1072492
2267,1072524
2124,1072556
1899,1072588
1625,1072620
1422,1072652
1161,1072684
568,1072716
699,1072748
108,1072780
0,1072812
0,1072844
102,1072876
372,1072908
540,1072940
823,1072972
1040,1073004
1273,1073036
1501,1073068
1664,1073100
1963,1073132
2175,1073164
1448,1073196
1675,1073228
1392,1073260
808,1073292
939,1073324
667,1073356
139,1073388
200,1073420
282,1073452
619,1073484
701,1073516
928,1073548
1241,1073580
1386,1073612
1263,1073644
1888,1073676
1722,1073708
2223,1073740
1963,1073772
1416,1073804
1486,1073836
1259,1073868
766,1073900
805,1073932
230,1073964
93,1073996
0,1074028
19,1074060
620,1074092
459,1074124
729,1074156
918,1074188
1179,1074220
1405,1074252
1933,1074284
1879,1074316
2235,1074348
1991,1074380
1756,1074412
1485,1074444
1290,1074476
1022,1074508
762,1074540
558,1074572
302,1074604
0,1074636
365,1074668
239,1074700
458,1074732
687,1074764
912,1074796
1166,1074828
1371,1074860
1637,1074892
1914,1074924
1736,1074956
1547,1074988
1726,1075020
1093,1075052
1288,1075084
559,1075116
811,1075148
528,1075180
0,1075212
255,1075244
491,1075276
372,1075308
952,1075340
1134,1075372
1325,1075404
1594,1075436
1802,1075468
2123,1075500
2254,1075532
1655,1075564
1868,1075596
1184,1075628
1385,1075660
1128,1075692
504,1075724
664,1075756
410,1075788
0,1075820
240,1075852
122,1075884
443,1075916
576,1075948
858,1075980
1483,1076012
1308,1076044
1547,1076076
2156,1076108
1879,1076140
1689,1076172
1786,1076204
1225,1076236
1353,1076268
1021,1076300
891,1076332
620,1076364
423,1076396
156,1076428
350,1076460
585,1076492
811,1076524
1003,1076556
1261,1076588
1455,1076620
1320,1076652
1930,1076684
1784,1076716
1802,1076748
1531,1076780
1328,1076812
1148,1076844
874,1076876
695,1076908
471,1076940
244,1076972
20,1077004
0,1077036
91,1077068
731,1077100
490,1077132
1167,1077164
1353,1077196
1212,1077228
1819,1077260
2009,1077292
2239,1077324
2110,1077356
1870,1077388
1759,1077420
1370,1077452
1146,1077484
990,1077516
686,1077548
524,1077580
266,1077612
0,1077644
132,1077676
640,1077708
580,1077740
1101,1077772
1338,1077804
1303,1077836
1792,1077868
1662,1077900
1981,1077932
1646,1077964
1469,1077996
1645,1078028
1005,1078060
827,1078092
920,1078124
378,1078156
143,1078188
0,1078220
0,1078252
560,1078284
361,1078316
1018,1078348
1214,1078380
1472,1078412
1676,1078444
1870,1078476
2144,1078508
2208,1078540
1594,1078572
1736,1078604
1130,1078636
905,1078668
671,1078700
446,1078732
260,1078764
3,1078796
0,1078828
27,1078860
206,1078892
477,1078924
1111,1078956
935,1078988
1597,1079020
1320,1079052
2041,1079084
2233,1079116
1798,1079148
1977,1079180
1744,1079212
1463,1079244
1274,1079276
1004,1079308
888,1079340
542,1079372
286,1079404
201,1079436
361,1079468
247,1079500
894,1079532
688,1079564
926,1079596
1535,1079628
1370,1079660
2008,1079692
2217,1079724
1767,1079756
1836,1079788
1241,1079820
1111,1079852
1241,1079884
618,1079916
779,1079948
166,1079980
0,1080012
250,1080044
123,1080076
391,1080108
572,1080140
843,1080172
1421,1080204
1582,1080236
1887,1080268
2093,1080300
2347,1080332
2077,1080364
1835,1080396
1598,1080428
1370,1080460
1102,1080492
906,1080524
648,1080556
56,1080588
175,1080620
0,1080652
152,1080684
351,1080716
612,1080748
884,1080780
1063,1080812
1333,1080844
1565,1080876
1801,1080908
1899,1080940
1593,1080972
1432,1081004
1641,1081036
934,1081068
1151,1081100
889,1081132
603,1081164
411,1081196
147,1081228
30,1081260
558,1081292
798,1081324
1131,1081356
1212,1081388
1452,1081420
1759,1081452
1914,1081484
1787,1081516
2176,1081548
1528,1081580
1691,1081612
1435,1081644
902,1081676
960,1081708
748,1081740
254,1081772
33,1081804
0,1081836
95,1081868
236,1081900
512,1081932
1134,1081964
970,1081996
1241,1082028
1432,1082060
1704,1082092
1935,1082124
2095,1082156
1567,1082188
1704,1082220
1463,1082252
1230,1082284
968,1082316
768,1082348
508,1082380
238,1082412
237,1082444
428,1082476
296,1082508
886,1082540
749,1082572
974,1082604
1196,1082636
1434,1082668
1690,1082700
1880,1082732
1673,1082764
1493,1082796
1209,1082828
1032,1082860
1205,1082892
572,1082924
775,1082956
58,1082988
283,1083020
319,1083052
540,1083084
778,1083116
1005,1083148
884,1083180
1464,1083212
1661,1083244
2008,1083276
2123,1083308
2192,1083340
2045,1083372
1722,1083404
1133,1083436
1339,1083468
672,1083500
861,1083532
605,1083564
4,1083596
133,1083628
300,1083660
235,1083692
505,1083724
637,1083756
951,1083788
1087,1083820
1372,1083852
2013,1083884
1834,1083916
1819,1083948
1963,1083980
1352,1084012
1163,1084044
1259,1084076
711,1084108
839,1084140
251,1084172
365,1084204
170,1084236
443,1084268
636,1084300
874,1084332
719,1084364
1326,1084396
1518,1084428
1788,1084460
1984,1084492
1848,1084524
2088,1084556
1471,1084588
1271,1084620
1017,1084652
814,1084684
633,1084716
360,1084748
181,1084780
0,1084812
0,1084844
143,1084876
296,1084908
599,1084940
1247,1084972
1401,1085004
1691,1085036
1883,1085068
1739,1085100
2333,1085132
2057,1085164
1485,1085196
1580,1085228
1353,1085260
1229,1085292
859,1085324
632,1085356
478,1085388
171,1085420
312,1085452
506,1085484
360,1085516
632,1085548
1164,1085580
1082,1085612
1355,1085644
1864,1085676
1819,1085708
2186,1085740
1584,1085772
1451,1085804
1128,1085836
967,1085868
1117,1085900
500,1085932
316,1085964
398,1085996
0,1086028
55,1086060
279,1086092
496,1086124
1084,1086156
872,1086188
1536,1086220
1738,1086252
1552,1086284
2208,1086316
2153,1086348
1949,1086380
1676,1086412
1072,1086444
1209,1086476
619,1086508
396,1086540
169,1086572
0,1086604
0,1086636
20,1086668
265,1086700
537,1086732
716,1086764
997,1086796
1149,1086828
1451,1086860
2135,1086892
2283,1086924
2203,1086956
1919,1086988
1271,1087020
1449,1087052
1224,1087084
635,1087116
752,1087148
492,1087180
367,1087212
219,1087244
425,1087276
732,1087308
875,1087340
751,1087372
1408,1087404
1200,1087436
1434,1087468
2076,1087500
1880,1087532
1704,1087564
1787,1087596
1239,1087628
1308,1087660
731,1087692
599,1087724
282,1087756
108,1087788
251,1087820
0,1087852
183,1087884
762,1087916
632,1087948
903,1087980
1095,1088012
1357,1088044
1949,1088076
2110,1088108
2281,1088140
2016,1088172
1368,1088204
1546,1088236
1310,1088268
1072,1088300
475,1088332
599,1088364
392,1088396
109,1088428
0,1088460
541,1088492
411,1088524
666,1088556
858,1088588
1116,1088620
1396,1088652
1577,1088684
1864,1088716
2142,1088748
1598,1088780
1369,1088812
1550,1088844
919,1088876
1117,1088908
426,1088940
633,1088972
363,1089004
0,1089036
429,1089068
622,1089100
540,1089132
1079,1089164
1310,1089196
1659,1089228
1739,1089260
1979,1089292
2297,1089324
2075,1089356
1472,1089388
1644,1089420
1007,1089452
842,1089484
912,1089516
390,1089548
456,1089580
231,1089612
0,1089644
412,1089676
300,1089708
619,1089740
749,1089772
1034,1089804
1662,1089836
1484,1089868
1767,1089900
1942,1089932
1739,1089964
1511,1089996
1563,1090028
1053,1090060
1178,1090092
509,1090124
714,1090156
444,1090188
248,1090220
300,1090252
490,1090284
751,1090316
954,1090348
811,1090380
1400,1090412
1262,1090444
1496,1090476
1736,1090508
1820,1090540
1614,1090572
1358,1090604
1151,1090636
1273,1090668
699,1090700
521,1090732
687,1090764
62,1090796
235,1090828
0,1090860
651,1090892
841,1090924
663,1090956
1293,1090988
1530,1091020
1396,1091052
1996,1091084
2190,1091116
2283,1091148
1930,1091180
1662,1091212
1503,1091244
1194,1091276
623,1091308
824,1091340
170,1091372
0,1091404
164,1091436
21,1091468
618,1091500
814,1091532
745,1091564
1275,1091596
1146,1091628
1479,1091660
1608,1091692
1898,1091724
2169,1091756
1519,1091788
1294,1091820
1434,1091852
840,1091884
653,1091916
736,1091948
201,1091980
310,1092012
205,1092044
505,1092076
700,1092108
957,1092140
1160,1092172
1388,1092204
1614,1092236
1854,1092268
2048,1092300
2302,1092332
2027,1092364
1416,1092396
1561,1092428
955,1092460
762,1092492
496,1092524
302,1092556
121,1092588
0,1092620
0,1092652
203,1092684
427,1092716
651,1092748
807,1092780
1102,1092812
1785,1092844
1516,1092876
2221,1092908
2279,1092940
1662,1092972
1799,1093004
1528,1093036
973,1093068
1063,1093100
830,1093132
717,1093164
344,1093196
101,1093228
383,1093260
536,1093292
423,1093324
1022,1093356
871,1093388
1146,1093420
1694,1093452
1608,1093484
2152,1093516
2137,1093548
1626,1093580
1660,1093612
1070,1093644
937,1093676
616,1093708
445,1093740
602,1093772
1,1093804
0,1093836
415,1093868
331,1093900
567,1093932
1067,1093964
1015,1093996
1600,1094028
1388,1094060
2072,1094092
2270,1094124
2170,1094156
1888,1094188
1624,1094220
1417,1094252
1151,1094284
558,1094316
698,1094348
107,1094380
0,1094412
299,1094444
74,1094476
328,1094508
523,1094540
776,1094572
1052,1094604
1229,1094636
1511,1094668
1674,1094700
1950,1094732
2171,1094764
1420,1094796
1670,1094828
1391,1094860
760,1094892
927,1094924
702,1094956
119,1094988
235,1095020
282,1095052
622,1095084
732,1095116
940,1095148
1243,1095180
1388,1095212
1264,1095244
1946,1095276
1727,1095308
1820,1095340
1992,1095372
1355,1095404
1513,1095436
1260,1095468
728,1095500
798,1095532
230,1095564
87,1095596
0,1095628
21,1095660
623,1095692
462,1095724
695,1095756
1278,1095788
1146,1095820
1416,1095852
1981,1095884
1881,1095916
2233,1095948
1917,1095980
1753,1096012
1482,1096044
1289,1096076
1020,1096108
796,1096140
556,1096172
333,1096204
139,1096236
410,1096268
606,1096300
462,1096332
776,1096364
922,1096396
1176,1096428
1373,1096460
1640,1096492
1916,1096524
1727,1096556
1544,1096588
1616,1096620
1085,1096652
859,1096684
558,1096716
407,1096748
601,1096780
0,1096812
301,1096844
495,1096876
375,1096908
953,1096940
1143,1096972
1051,1097004
1600,1097036
1835,1097068
2191,1097100
2251,1097132
2026,1097164
1867,1097196
1547,1097228
960,1097260
1118,1097292
506,1097324
662,1097356
396,1097388
0,1097420
240,1097452
488,1097484
446,1097516
926,1097548
808,1097580
1131,1097612
1260,1097644
1549,1097676
2190,1097708
1870,1097740
1687,1097772
1786,1097804
1223,1097836
991,1097868
1038,1097900
539,1097932
653,1097964
415,1097996
172,1098028
362,1098060
618,1098092
814,1098124
1003,1098156
1271,1098188
1464,1098220
1322,1098252
1627,1098284
1789,1098316
1759,1098348
1518,1098380
1304,1098412
1098,1098444
842,1098476
645,1098508
752,1098540
189,1098572
18,1098604
247,1098636
91,1098668
743,1098700
462,1098732
1164,1098764
1355,1098796
1175,1098828
1821,1098860
2062,1098892
1916,1098924
2154,1098956
1881,1098988
1757,1099020
1399,1099052
1146,1099084
987,1099116
682,1099148
111,1099180
299,1099212
0,1099244
478,1099276
682,1099308
525,1099340
1133,1099372
1338,1099404
1261,1099436
1800,1099468
1673,1099500
1975,1099532
2110,1099564
1467,1099596
1639,1099628
1003,1099660
779,1099692
910,1099724
329,1099756
141,1099788
219,1099820
8,1099852
557,1099884
445,1099916
1022,1099948
1214,1099980
1481,1100012
1688,1100044
1918,1100076
2152,1100108
2239,1100140
1975,1100172
1383,1100204
1500,1100236
905,1100268
1035,1100300
445,1100332
204,1100364
2,1100396
0,1100428
28,1100460
216,1100492
489,1100524
715,1100556
936,1100588
1165,1100620
1322,1100652
1628,1100684
2315,1100716
1798,1100748
2025,1100780
1742,1100812
1454,1100844
1273,1100876
1003,1100908
459,1100940
536,1100972
315,1101004
269,1101036
363,1101068
591,1101100
903,1101132
1049,1101164
1343,1101196
1536,1101228
1375,1101260
1670,1101292
2220,1101324
1756,1101356
1575,1101388
1607,1101420
1107,1101452
877,1101484
568,1101516
425,1101548
110,1101580
0,1101612
272,1101644
134,1101676
391,1101708
940,1101740
845,1101772
1069,1101804
1303,1101836
1533,1101868
2138,1101900
1885,1101932
2106,1101964
1834,1101996
1640,1102028
1360,1102060
1099,1102092
536,1102124
635,1102156
46,1102188
174,1102220
0,1102252
135,1102284
351,1102316
584,1102348
843,1102380
1036,1102412
1288,1102444
1575,1102476
1753,1102508
1896,1102540
1583,1102572
1430,1102604
1630,1102636
902,1102668
1144,1102700
875,1102732
631,1102764
409,1102796
168,1102828
28,1102860
608,1102892
799,1102924
1141,1102956
1256,1102988
1456,1103020
1769,1103052
1920,1103084
1792,1103116
2216,1103148
1529,1103180
1296,1103212
1464,1103244
842,1103276
991,1103308
736,1103340
215,1103372
28,1103404
0,1103436
108,1103468
248,1103500
523,1103532
1142,1103564
973,1103596
1208,1103628
1806,1103660
1671,1103692
1946,1103724
1758,1103756
1567,1103788
1693,1103820
1386,1103852
1229,1103884
966,1103916
765,1103948
504,1103980
272,1104012
0,1104044
473,1104076
666,1104108
927,1104140
1117,1104172
976,1104204
1582,1104236
1437,1104268
1701,1104300
1872,1104332
1672,1104364
1482,1104396
1208,1104428
1022,1104460
1096,1104492
580,1104524
359,1104556
48,1104588
0,1104620
393,1104652
541,1104684
829,1104716
1019,1104748
887,1104780
1469,1104812
1664,1104844
1563,1104876
2128,1104908
2224,1104940
2121,1104972
1712,1105004
1486,1105036
1339,1105068
1023,1105100
454,1105132
602,1105164
6,1105196
121,1105228
311,1105260
236,1105292
504,1105324
1000,1105356
956,1105388
1449,1105420
1322,1105452
1645,1105484
1788,1105516
1820,1105548
1994,1105580
1353,1105612
1162,1105644
891,1105676
701,1105708
479,1105740
536,1105772
28,1105804
206,1105836
445,1105868
682,1105900
874,1105932
711,1105964
1338,1105996
1519,1106028
1791,1106060
1992,1106092
1849,1106124
2080,1106156
1471,1106188
1240,1106220
1006,1106252
784,1106284
585,1106316
328,1106348
136,1106380
245,1106412
0,1106444
151,1106476
774,1106508
599,1106540
1254,1106572
1405,1106604
1691,1106636
1887,1106668
1701,1106700
2327,1106732
2092,1106764
1492,1106796
1624,1106828
1342,1106860
1229,1106892
880,1106924
633,1106956
475,1106988
159,1107020
0,1107052
554,1107084
360,1107116
1003,1107148
1198,1107180
1036,1107212
1323,1107244
1866,1107276
1785,1107308
2184,1107340
1584,1107372
1450,1107404
1118,1107436
951,1107468
1115,1107500
502,1107532
271,1107564
395,1107596
0,1107628
57,1107660
589,1107692
509,1107724
1083,1107756
957,1107788
1535,1107820
1741,1107852
1562,1107884
2208,1107916
2186,1107948
1946,1107980
1720,1108012
1448,1108044
1245,1108076
975,1108108
382,1108140
512,1108172
0,1108204
0,1108236
22,1108268
282,1108300
540,1108332
719,1108364
998,1108396
1227,1108428
1451,1108460
1691,1108492
2343,1108524
1775,1108556
1983,1108588
1261,1108620
1486,1108652
1215,1108684
631,1108716
748,1108748
479,1108780
0,1108812
219,1108844
462,1108876
797,1108908
876,1108940
1114,1108972
1419,1109004
1567,1109036
1871,1109068
2076,1109100
1872,1109132
1704,1109164
1784,1109196
1229,1109228
1306,1109260
1083,1109292
589,1109324
622,1109356
48,1109388
0,1109420
0,1109452
184,1109484
800,1109516
635,1109548
903,1109580
1453,1109612
1356,1109644
1595,1109676
1832,1109708
1915,1109740
2046,1109772
1358,1109804
1578,1109836
1306,1109868
1115,1109900
848,1109932
576,1109964
393,1109996
107,1110028
0,1110060
552,1110092
413,1110124
646,1110156
862,1110188
1099,1110220
1351,1110252
1552,1110284
1816,1110316
1835,1110348
1548,1110380
1371,1110412
1548,1110444
916,1110476
1115,1110508
390,1110540
620,1110572
367,1110604
0,1110636
431,1110668
682,1110700
541,1110732
1119,1110764
1311,1110796
1675,1110828
1775,1110860
1982,1110892
2301,1110924
2061,1110956
1470,1110988
1678,1111020
1006,1111052
790,1111084
942,1111116
332,1111148
478,1111180
223,1111212
0,1111244
416,1111276
304,1111308
620,1111340
761,1111372
1036,1111404
1673,1111436
1493,1111468
1725,1111500
2304,1111532
1692,1111564
1501,1111596
1239,1111628
1049,1111660
1165,1111692
875,1111724
703,1111756
444,1111788
247,1111820
302,1111852
526,1111884
760,1111916
989,1111948
1180,1111980
1448,1112012
1644,1112044
1500,1112076
2109,1112108
1817,1112140
1612,1112172
1354,1112204
1150,1112236
967,1112268
688,1112300
520,1112332
286,1112364
43,1112396
0,1112428
0,1112460
263,1112492
912,1112524
668,1112556
1343,1112588
1535,1112620
1399,1112652
1999,1112684
2200,1112716
1837,1112748
1920,1112780
1694,1112812
1580,1112844
1195,1112876
971,1112908
815,1112940
508,1112972
0,1113004
160,1113036
24,1113068
632,1113100
827,1113132
747,1113164
1274,1113196
1512,1113228
1480,1113260
1978,1113292
1850,1113324
1801,1113356
1466,1113388
1292,1113420
1465,1113452
826,1113484
651,1113516
390,1113548
202,1113580
0,1113612
206,1113644
171,1113676
744,1113708
969,1113740
1196,1113772
1390,1113804
1661,1113836
1856,1113868
2048,1113900
2299,1113932
2026,1113964
1406,1113996
1549,1114028
944,1114060
720,1114092
493,1114124
272,1114156
76,1114188
0,1114220
0,1114252
210,1114284
389,1114316
664,1114348
1287,1114380
1112,1114412
1783,1114444
1497,1114476
2231,1114508
2269,1114540
1619,1114572
1801,1114604
1565,1114636
970,1114668
1101,1114700
832,1114732
558,1114764
366,1114796
103,1114828
383,1114860
542,1114892
423,1114924
1078,1114956
870,1114988
1518,1115020
1722,1115052
1550,1115084
2200,1115116
2127,1115148
1578,1115180
1656,1115212
1068,1115244
926,1115276
616,1115308
444,1115340
589,1115372
0,1115404
0,1115436
416,1115468
300,1115500
569,1115532
1115,1115564
1017,1115596
1609,1115628
1479,1115660
2075,1115692
2271,1115724
2165,1115756
1896,1115788
1657,1115820
1418,1115852
1184,1115884
926,1115916
718,1115948
463,1115980
0,1116012
204,1116044
76,1116076
334,1116108
512,1116140
780,1116172
1052,1116204
1230,1116236
1522,1116268
1751,1116300
1948,1116332
1719,1116364
1404,1116396
1245,1116428
1449,1116460
748,1116492
973,1116524
703,1116556
120,1116588
231,1116620
285,1116652
507,1116684
736,1116716
972,1116748
1309,1116780
1390,1116812
1631,1116844
1951,1116876
2096,1116908
2255,1116940
1984,1116972
1353,1117004
1177,1117036
1248,1117068
720,1117100
793,1117132
570,1117164
87,1117196
97,1117228
0,1117260
282,1117292
422,1117324
700,1117356
1321,1117388
1147,1117420
1418,1117452
1982,1117484
1882,1117516
1853,1117548
1623,1117580
1389,1117612
1516,1117644
846,1117676
1054,1117708
792,1117740
600,1117772
332,1117804
152,1117836
414,1117868
606,1117900
472,1117932
1065,1117964
924,1117996
1158,1118028
1375,1118060
1614,1118092
1879,1118124
1693,1118156
1496,1118188
1316,1118220
1033,1118252
856,1118284
1031,1118316
398,1118348
589,1118380
0,1118412
315,1118444
495,1118476
335,1118508
955,1118540
1194,1118572
1369,1118604
1646,1118636
1846,1118668
2197,1118700
2281,1118732
2012,1118764
1855,1118796
1533,1118828
954,1118860
1161,1118892
495,1118924
279,1118956
428,1118988
0,1119020
280,1119052
478,1119084
423,1119116
936,1119148
814,1119180
1131,1119212
1725,1119244
1559,1119276
2201,1119308
1866,1119340
1640,1119372
1776,1119404
1177,1119436
987,1119468
716,1119500
535,1119532
653,1119564
350,1119596
171,1119628
362,1119660
621,1119692
824,1119724
1040,1119756
1274,1119788
1504,1119820
1707,1119852
1978,1119884
2160,1119916
1758,1119948
1901,1119980
1294,1120012
1094,1120044
840,1120076
636,1120108
459,1120140
185,1120172
16,1120204
0,1120236
91,1120268
327,1120300
464,1120332
775,1120364
1437,1120396
1178,1120428
1879,1120460
2063,1120492
2251,1120524
2151,1120556
1869,1120588
1309,1120620
1392,1120652
1168,1120684
1055,1120716
680,1120748
455,1120780
299,1120812
201,1120844
78,1120876
686,1120908
528,1120940
1144,1120972
1340,1121004
1260,1121036
1803,1121068
2044,1121100
1975,1121132
1741,1121164
1414,1121196
1273,1121228
952,1121260
782,1121292
940,1121324
328,1121356
139,1121388
0,1121420
4,1121452
223,1121484
728,1121516
681,1121548
1262,1121580
1485,1121612
1724,1121644
1918,1121676
2192,1121708
2236,1121740
1965,1121772
1771,1121804
1488,1121836
894,1121868
1035,1121900
443,1121932
208,1121964
0,1121996
0,1122028
1,1122060
188,1122092
442,1122124
715,1122156
892,1122188
1175,1122220
1815,1122252
1629,1122284
2316,1122316
1757,1122348
2013,1122380
1741,1122412
1495,1122444
1263,1122476
1039,1122508
457,1122540
574,1122572
314,1122604
269,1122636
395,1122668
604,1122700
907,1122732
1049,1122764
934,1122796
1597,1122828
1385,1122860
2058,1122892
2253,1122924
1702,1122956
1864,1122988
1598,1123020
1063,1123052
872,1123084
558,1123116
424,1123148
107,1123180
0,1123212
279,1123244
133,1123276
359,1123308
942,1123340
811,1123372
1080,1123404
1632,1123436
1533,1123468
2141,1123500
1965,1123532
2105,1123564
1834,1123596
1629,1123628
1358,1123660
1128,1123692
528,1123724
669,1123756
412,1123788
204,1123820
267,1123852
128,1123884
715,1123916
585,1123948
842,1123980
1037,1124012
1294,1124044
1576,1124076
1755,1124108
1895,1124140
1662,1124172
1421,1124204
1197,1124236
892,1124268
743,1124300
943,1124332
624,1124364
457,1124396
0,1124428
41,1124460
617,1124492
800,1124524
715,1124556
1258,1124588
1496,1124620
1847,1124652
1928,1124684
2160,1124716
2215,1124748
1886,1124780
1723,1124812
1462,1124844
840,1124876
664,1124908
735,1124940
218,1124972
28,1125004
136,1125036
107,1125068
589,1125100
476,1125132
793,1125164
936,1125196
1208,1125228
1850,1125260
1674,1125292
1947,1125324
2127,1125356
1560,1125388
1335,1125420
1100,1125452
873,1125484
992,1125516
334,1125548
536,1125580
272,1125612
0,1125644
478,1125676
667,1125708
928,1125740
1127,1125772
986,1125804
1582,1125836
1440,1125868
1676,1125900
1870,1125932
1642,1125964
1433,1125996
1180,1126028
972,1126060
798,1126092
520,1126124
344,1126156
43,1126188
0,1126220
395,1126252
555,1126284
830,1126316
1018,1126348
841,1126380
1471,1126412
1712,1126444
1577,1126476
2173,1126508
2222,1126540
2105,1126572
1741,1126604
1482,1126636
1328,1126668
1016,1126700
442,1126732
651,1126764
4,1126796
0,1126828
347,1126860
197,1126892
476,1126924
992,1126956
923,1126988
1454,1127020
1326,1127052
1657,1127084
1788,1127116
1816,1127148
1989,1127180
1348,1127212
1127,1127244
1244,1127276
663,1127308
475,1127340
218,1127372
28,1127404
219,1127436
384,1127468
679,1127500
874,1127532
701,1127564
1340,1127596
1568,1127628
1803,1127660
2040,1127692
2234,1127724
2122,1127756
1849,1127788
1240,1127820
1374,1127852
781,1127884
585,1127916
328,1127948
134,1127980
0,1128012
0,1128044
151,1128076
669,1128108
601,1128140
837,1128172
1453,1128204
1287,1128236
1967,1128268
1706,1128300
2377,1128332
2089,1128364
1479,1128396
1615,1128428
1341,1128460
795,1128492
878,1128524
651,1128556
537,1128588
154,1128620
253,1128652
558,1128684
713,1128716
588,1128748
1208,1128780
1049,1128812
1324,1128844
1868,1128876
1788,1128908
2175,1128940
1948,1128972
1444,1129004
1472,1129036
891,1129068
761,1129100
442,1129132
270,1129164
424,1129196
0,1129228
59,1129260
250,1129292
508,1129324
745,1129356
1247,1129388
1193,1129420
1788,1129452
1565,1129484
2254,1129516
2186,1129548
1982,1129580
1710,1129612
1435,1129644
1243,1129676
974,1129708
383,1129740
512,1129772
0,1129804
0,1129836
24,1129868
250,1129900
494,1129932
700,1129964
953,1129996
1529,1130028
1405,1130060
1689,1130092
2347,1130124
1772,1130156
1979,1130188
1230,1130220
1479,1130252
1213,1130284
583,1130316
749,1130348
526,1130380
0,1130412
268,1130444
462,1130476
807,1130508
922,1130540
1115,1130572
1423,1130604
1576,1130636
1448,1130668
2127,1130700
1869,1130732
1642,1130764
1807,1130796
1177,1130828
1337,1130860
1082,1130892
552,1130924
618,1130956
47,1130988
0,1131020
0,1131052
198,1131084
798,1131116
651,1131148
871,1131180
1456,1131212
1322,1131244
1595,1131276
2158,1131308
1913,1131340
2043,1131372
1728,1131404
1565,1131436
1304,1131468
1102,1131500
842,1131532
607,1131564
380,1131596
135,1131628
330,1131660
591,1131692
781,1131724
648,1131756
1232,1131788
1099,1131820
1355,1131852
1562,1131884
1820,1131916
1832,1131948
1548,1131980
1367,1132012
1135,1132044
905,1132076
683,1132108
382,1132140
219,1132172
423,1132204
0,1132236
489,1132268
681,1132300
552,1132332
1130,1132364
1321,1132396
1227,1132428
1786,1132460
2025,1132492
2377,1132524
2062,1132556
1824,1132588
1687,1132620
1359,1132652
781,1132684
942,1132716
331,1132748
153,1132780
220,1132812
0,1132844
424,1132876
663,1132908
628,1132940
1104,1132972
986,1133004
1305,1133036
1438,1133068
1736,1133100
2346,1133132
1690,1133164
1500,1133196
1594,1133228
1047,1133260
815,1133292
861,1133324
363,1133356
478,1133388
0,1133420
342,1133452
536,1133484
798,1133516
992,1133548
1181,1133580
1450,1133612
1648,1133644
1502,1133676
2119,1133708
1816,1133740
1578,1133772
1837,1133804
1125,1133836
922,1133868
666,1133900
461,1133932
295,1133964
18,1133996
0,1134028
0,1134060
276,1134092
923,1134124
648,1134156
1351,1134188
1532,1134220
1353,1134252
1999,1134284
2249,1134316
1831,1134348
1966,1134380
1690,1134412
1566,1134444
1225,1134476
960,1134508
809,1134540
503,1134572
0,1134604
206,1134636
40,1134668
252,1134700
864,1134732
700,1134764
1311,1134796
1515,1134828
1435,1134860
1981,1134892
1852,1134924
1799,1134956
1455,1134988
1292,1135020
1453,1135052
828,1135084
604,1135116
732,1135148
151,1135180
0,1135212
251,1135244
169,1135276
747,1135308
905,1135340
1199,1135372
1392,1135404
1661,1135436
1866,1135468
2104,1135500
2298,1135532
2063,1135564
1789,1135596
1591,1135628
1319,1135660
733,1135692
573,1135724
267,1135756
80,1135788
0,1135820
0,1135852
214,1135884
392,1135916
665,1135948
1184,1135980
1114,1136012
1341,1136044
1501,1136076
1816,1136108
2335,1136140
1610,1136172
1847,1136204
1559,1136236
965,1136268
1097,1136300
827,1136332
286,1136364
374,1136396
109,1136428
443,1136460
542,1136492
778,1136524
1083,1136556
1226,1136588
1103,1136620
1728,1136652
1563,1136684
2201,1136716
2127,1136748
1574,1136780
1647,1136812
1418,1136844
926,1136876
954,1136908
390,1136940
247,1136972
0,1137004
0,1137036
458,1137068
298,1137100
568,1137132
1114,1137164
1021,1137196
1257,1137228
1772,1137260
1711,1137292
2331,1137324
2155,1137356
1920,1137388
1656,1137420
1452,1137452
1184,1137484
923,1137516
729,1137548
459,1137580
0,1137612
0,1137644
77,1137676
308,1137708
526,1137740
762,1137772
1006,1137804
1212,1137836
1467,1137868
2060,1137900
1900,1137932
1716,1137964
1895,1137996
1245,1138028
1451,1138060
718,1138092
969,1138124
697,1138156
72,1138188
233,1138220
332,1138252
210,1138284
791,1138316
984,1138348
1319,1138380
1431,1138412
1632,1138444
1949,1138476
2105,1138508
1808,1138540
2032,1138572
1344,1138604
1548,1138636
1279,1138668
666,1138700
823,1138732
559,1138764
40,1138796
87,1138828
0,1138860
280,1138892
861,1138924
702,1138956
1323,1138988
1156,1139020
1383,1139052
1980,1139084
1848,1139116
1850,1139148
1947,1139180
1385,1139212
1513,1139244
926,1139276
1051,1139308
782,1139340
590,1139372
328,1139404
187,1139436
426,1139468
650,1139500
843,1139532
731,1139564
1293,1139596
1162,1139628
1759,1139660
1625,1139692
1881,1139724
1692,1139756
1484,1139788
1305,1139820
1024,1139852
852,1139884
622,1139916
394,1139948
171,1139980
0,1140012
0,1140044
572,1140076
344,1140108
1005,1140140
1194,1140172
1373,1140204
1647,1140236
1849,1140268
1755,1140300
2270,1140332
2042,1140364
1929,1140396
1533,1140428
1307,1140460
1152,1140492
843,1140524
683,1140556
425,1140588
0,1140620
0,1140652
495,1140684
420,1140716
939,1140748
1168,1140780
1143,1140812
1369,1140844
1508,1140876
1833,1140908
1806,1140940
1638,1140972
1808,1141004
1165,1141036
985,1141068
1070,1141100
525,1141132
299,1141164
75,1141196
0,1141228
396,1141260
192,1141292
856,1141324
1052,1141356
1322,1141388
1516,1141420
1708,1141452
1591,1141484
2176,1141516
1767,1141548
1898,1141580
1290,1141612
1070,1141644
828,1141676
614,1141708
409,1141740
152,1141772
0,1141804
0,1141836
56,1141868
327,1141900
475,1141932
778,1141964
1435,1141996
1160,1142028
1879,1142060
2073,1142092
2286,1142124
2139,1142156
1912,1142188
1306,1142220
1438,1142252
1175,1142284
1051,1142316
702,1142348
445,1142380
297,1142412
201,1142444
92,1142476
735,1142508
539,1142540
772,1142572
1375,1142604
1213,1142636
1848,1142668
2045,1142700
1928,1142732
1736,1142764
1404,1142796
1271,1142828
944,1142860
777,1142892
937,1142924
326,1142956
103,1142988
216,1143020
0,1143052
238,1143084
423,1143116
685,1143148
1273,1143180
1419,1143212
1723,1143244
1929,1143276
2201,1143308
2238,1143340
1998,1143372
1381,1143404
1529,1143436
1258,1143468
1067,1143500
799,1143532
206,1143564
343,1143596
0,1143628
5,1143660
191,1143692
444,1143724
727,1143756
896,1143788
1176,1143820
1709,1143852
1638,1143884
1870,1143916
1756,1143948
1595,1143980
1805,1144012
1485,1144044
1309,1144076
1037,1144108
456,1144140
583,1144172
312,1144204
0,1144236
408,1144268
634,1144300
975,1144332
1056,1144364
1289,1144396
1597,1144428
1752,1144460
1624,1144492
2265,1144524
1692,1144556
1864,1144588
1596,1144620
1052,1144652
871,1144684
911,1144716
423,1144748
440,1144780
0,1144812
0,1144844
89,1144876
362,1144908
974,1144940
813,1144972
1081,1145004
1272,1145036
1532,1145068
1773,1145100
2264,1145132
1739,1145164
1866,1145196
1627,1145228
1390,1145260
1130,1145292
492,1145324
670,1145356
406,1145388
201,1145420
270,1145452
138,1145484
729,1145516
589,1145548
813,1145580
1039,1145612
1278,1145644
1530,1145676
1736,1145708
1834,1145740
1952,1145772
1371,1145804
1192,1145836
1371,1145868
731,1145900
936,1145932
634,1145964
445,1145996
165,1146028
16,1146060
617,1146092
856,1146124
727,1146156
1304,1146188
1499,1146220
1849,1146252
1964,1146284
2169,1146316
2205,1146348
1884,1146380
1291,1146412
1500,1146444
829,1146476
1020,1146508
766,1146540
158,1146572
0,1146604
139,1146636
84,1146668
589,1146700
486,1146732
795,1146764
938,1146796
1212,1146828
1847,1146860
1672,1146892
1915,1146924
2125,1146956
1514,1146988
1326,1147020
1418,1147052
871,1147084
991,1147116
413,1147148
525,1147180
266,1147212
0,1147244
476,1147276
716,1147308
939,1147340
1167,1147372
1341,1147404
1627,1147436
1823,1147468
1679,1147500
2250,1147532
1642,1147564
1437,1147596
1168,1147628
972,1147660
793,1147692
512,1147724
344,1147756
118,1147788
0,1147820
0,1147852
601,1147884
439,1147916
1095,1147948
843,1147980
1529,1148012
1711,1148044
1579,1148076
2187,1148108
2218,1148140
1656,1148172
1741,1148204
1514,1148236
1399,1148268
1016,1148300
784,1148332
649,1148364
331,1148396
141,1148428
350,1148460
281,1148492
474,1148524
1001,1148556
932,1148588
1451,1148620
1703,1148652
1657,1148684
2159,1148716
1754,1148748
1611,1148780
1288,1148812
1114,1148844
1278,1148876
654,1148908
474,1148940
558,1148972
25,1149004
0,1149036
119,1149068
347,1149100
920,1149132
704,1149164
1374,1149196
1568,1149228
1850,1149260
2044,1149292
2237,1149324
2112,1149356
1837,1149388
1232,1149420
1368,1149452
781,1149484
552,1149516
319,1149548
102,1149580
0,1149612
0,1149644
109,1149676
380,1149708
558,1149740
830,1149772
1464,1149804
1289,1149836
1964,1149868
1675,1149900
2365,1149932
2089,1149964
1429,1149996
1609,1150028
1374,1150060
793,1150092
920,1150124
650,1150156
535,1150188
185,1150220
266,1150252
567,1150284
716,1150316
600,1150348
1248,1150380
1040,1150412
1275,1150444
1914,1150476
1735,1150508
2207,1150540
1952,1150572
1400,1150604
1470,1150636
894,1150668
759,1150700
440,1150732
268,1150764
423,1150796
0,1150828
24,1150860
604,1150892
475,1150924
745,1150956
924,1150988
1195,1151020
1790,1151052
1948,1151084
2263,1151116
2175,1151148
1977,1151180
1708,1151212
1469,1151244
1232,1151276
1008,1151308
736,1151340
551,1151372
287,1151404
0,1151436
382,1151468
253,1151500
506,1151532
700,1151564
957,1151596
1239,1151628
1415,1151660
1703,1151692
1931,1151724
1768,1151756
1532,1151788
1228,1151820
1068,1151852
1276,1151884
582,1151916
793,1151948
523,1151980
0,1152012
271,1152044
462,1152076
379,1152108
922,1152140
1148,1152172
1497,1152204
1578,1152236
1819,1152268
2135,1152300
2236,1152332
1640,1152364
1805,1152396
1176,1152428
1336,1152460
1069,1152492
552,1152524
616,1152556
393,1152588
0,1152620
254,1152652
140,1152684
457,1152716
588,1152748
876,1152780
1500,1152812
1326,1152844
1598,1152876
1798,1152908
1911,1152940
1675,1152972
1735,1153004
1209,1153036
1338,1153068
1101,1153100
874,1153132
620,1153164
412,1153196
132,1153228
318,1153260
591,1153292
793,1153324
651,1153356
1240,1153388
1104,1153420
1336,1153452
1562,1153484
1801,1153516
1782,1153548
1515,1153580
1308,1153612
1140,1153644
859,1153676
679,1153708
843,1153740
231,1153772
413,1153804
0,1153836
491,1153868
683,1153900
507,1153932
1131,1153964
1359,1153996
1239,1154028
1834,1154060
2025,1154092
2219,1154124
2095,1154156
1832,1154188
1676,1154220
1358,1154252
780,1154284
983,1154316
327,1154348
506,1154380
251,1154412
0,1154444
458,1154476
666,1154508
587,1154540
1116,1154572
996,1154604
1308,1154636
1449,1154668
1749,1154700
2333,1154732
1690,1154764
1464,1154796
1594,1154828
989,1154860
813,1154892
904,1154924
361,1154956
473,1154988
0,1155020
343,1155052
536,1155084
798,1155116
1000,1155148
1226,1155180
1454,1155212
1690,1155244
1886,1155276
2158,1155308
2191,1155340
1580,1155372
1721,1155404
1115,1155436
910,1155468
656,1155500
460,1155532
284,1155564
21,1155596
0,1155628
45,1155660
275,1155692
501,1155724
652,1155756
951,1155788
1613,1155820
1358,1155852
2059,1155884
2251,1155916
1831,1155948
1963,1155980
1689,1156012
1449,1156044
1216,1156076
989,1156108
879,1156140
495,1156172
272,1156204
207,1156236
376,1156268
671,1156300
874,1156332
703,1156364
984,1156396
1530,1156428
1446,1156460
1993,1156492
2232,1156524
1787,1156556
1824,1156588
1230,1156620
1094,1156652
775,1156684
602,1156716
765,1156748
152,1156780
0,1156812
256,1156844
183,1156876
397,1156908
631,1156940
859,1156972
1438,1157004
1224,1157036
1904,1157068
2106,1157100
2331,1157132
2062,1157164
1784,1157196
1580,1157228
1312,1157260
720,1157292
856,1157324
264,1157356
42,1157388
0,1157420
0,1157452
168,1157484
361,1157516
621,1157548
890,1157580
1068,1157612
1351,1157644
1995,1157676
1816,1157708
2333,1157740
1578,1157772
1833,1157804
1551,1157836
919,1157868
1087,1157900
860,1157932
587,1157964
398,1157996
107,1158028
459,1158060
574,1158092
778,1158124
1087,1158156
1229,1158188
1112,1158220
1775,1158252
1563,1158284
1798,1158316
2158,1158348
1514,1158380
1678,1158412
1418,1158444
878,1158476
952,1158508
384,1158540
247,1158572
361,1158604
0,1158636
461,1158668
300,1158700
537,1158732
1118,1158764
984,1158796
1257,1158828
1438,1158860
1721,1158892
2325,1158924
2079,1158956
1917,1158988
1648,1159020
1449,1159052
1182,1159084
954,1159116
718,1159148
492,1159180
231,1159212
247,1159244
445,1159276
314,1159308
903,1159340
763,1159372
1019,1159404
1216,1159436
1477,1159468
1764,1159500
1895,1159532
1707,1159564
1469,1159596
1241,1159628
1019,1159660
717,1159692
568,1159724
765,1159756
72,1159788
281,1159820
335,1159852
512,1159884
791,1159916
984,1159948
891,1159980
1437,1160012
1676,1160044
2030,1160076
2107,1160108
2187,1160140
2027,1160172
1708,1160204
1116,1160236
1278,1160268
664,1160300
813,1160332
557,1160364
40,1160396
75,1160428
319,1160460
286,1160492
518,1160524
650,1160556
967,1160588
1102,1160620
1400,1160652
2030,1160684
1852,1160716
1850,1160748
1576,1160780
1373,1160812
1151,1160844
1200,1160876
697,1160908
814,1160940
583,1160972
352,1161004
196,1161036
458,1161068
652,1161100
854,1161132
1115,1161164
1306,1161196
1162,1161228
1760,1161260
1624,1161292
1854,1161324
1690,1161356
1463,1161388
1258,1161420
1000,1161452
806,1161484
620,1161516
344,1161548
169,1161580
331,1161612
0,1161644
585,1161676
312,1161708
1007,1161740
1199,1161772
1408,1161804
1659,1161836
1912,1161868
1756,1161900
2318,1161932
2040,1161964
1931,1161996
1563,1162028
1304,1162060
1159,1162092
842,1162124
267,1162156
462,1162188
0,1162220
320,1162252
536,1162284
376,1162316
974,1162348
1181,1162380
1099,1162412
1369,1162444
1511,1162476
1835,1162508
1806,1162540
1630,1162572
1806,1162604
1162,1162636
939,1162668
1080,1162700
487,1162732
298,1162764
380,1162796
0,1162828
409,1162860
297,1162892
861,1162924
1056,1162956
1321,1162988
1518,1163020
1757,1163052
1595,1163084
2223,1163116
2137,1163148
1931,1163180
1662,1163212
1055,1163244
1193,1163276
592,1163308
409,1163340
142,1163372
0,1163404
0,1163436
60,1163468
327,1163500
555,1163532
780,1163564
1005,1163596
1161,1163628
1464,1163660
2143,1163692
2301,1163724
2187,1163756
1911,1163788
1304,1163820
1435,1163852
1163,1163884
619,1163916
704,1163948
475,1163980
359,1164012
205,1164044
431,1164076
735,1164108
888,1164140
1183,1164172
1376,1164204
1216,1164236
1508,1164268
2057,1164300
1916,1164332
1735,1164364
1770,1164396
1261,1164428
1296,1164460
717,1164492
586,1164524
268,1164556
90,1164588
234,1164620
0,1164652
232,1164684
780,1164716
684,1164748
919,1164780
1145,1164812
1369,1164844
1968,1164876
1743,1164908
2268,1164940
2000,1164972
1352,1165004
1528,1165036
1259,1165068
1065,1165100
798,1165132
214,1165164
344,1165196
0,1165228
0,1165260
190,1165292
424,1165324
679,1165356
874,1165388
1129,1165420
1404,1165452
1594,1165484
1877,1165516
1744,1165548
1591,1165580
1803,1165612
1483,1165644
1307,1165676
1037,1165708
409,1165740
572,1165772
347,1165804
0,1165836
447,1165868
636,1165900
983,1165932
1097,1165964
1295,1165996
1599,1166028
1755,1166060
1626,1166092
2314,1166124
1690,1166156
1463,1166188
1627,1166220
1000,1166252
827,1166284
904,1166316
375,1166348
441,1166380
0,1166412
0,1166444
92,1166476
373,1166508
974,1166540
822,1166572
1051,1166604
1643,1166636
1500,1166668
1785,1166700
1917,1166732
1735,1166764
1865,1166796
1550,1166828
1389,1166860
1120,1166892
492,1166924
666,1166956
440,1166988
200,1167020
312,1167052
506,1167084
765,1167116
960,1167148
824,1167180
1416,1167212
1278,1167244
1532,1167276
1740,1167308
1835,1167340
1655,1167372
1360,1167404
1190,1167436
1258,1167468
733,1167500
507,1167532
681,1167564
44,1167596
217,1167628
5,1167660
671,1167692
859,1167724
727,1167756
1307,1167788
1500,1167820
1403,1167852
1964,1167884
2207,1167916
2282,1167948
1881,1167980
1648,1168012
1496,1168044
1180,1168076
606,1168108
762,1168140
157,1168172
0,1168204
151,1168236
86,1168268
604,1168300
840,1168332
795,1168364
1288,1168396
1162,1168428
1485,1168460
1624,1168492
1916,1168524
2158,1168556
1510,1168588
1321,1168620
1052,1168652
871,1168684
639,1168716
687,1168748
187,1168780
300,1168812
0,1168844
522,1168876
714,1168908
976,1168940
1176,1168972
1367,1169004
1631,1169036
1833,1169068
1688,1169100
2249,1169132
1630,1169164
1402,1169196
1168,1169228
940,1169260
746,1169292
484,1169324
294,1169356
395,1169388
0,1169420
0,1169452
603,1169484
441,1169516
1099,1169548
824,1169580
1531,1169612
1725,1169644
1532,1169676
2189,1169708
2263,1169740
1655,1169772
1785,1169804
1504,1169836
1389,1169868
1040,1169900
783,1169932
624,1169964
329,1169996
0,1170028
398,1170060
202,1170092
428,1170124
1047,1170156
888,1170188
1488,1170220
1696,1170252
1628,1170284
2170,1170316
1744,1170348
1611,1170380
1278,1170412
1104,1170444
1275,1170476
652,1170508
428,1170540
558,1170572
0,1170604
0,1170636
429,1170668
350,1170700
923,1170732
1081,1170764
1375,1170796
1582,1170828
1851,1170860
2046,1170892
2283,1170924
2109,1170956
1880,1170988
1608,1171020
1406,1171052
1136,1171084
542,1171116
682,1171148
92,1171180
0,1171212
0,1171244
112,1171276
382,1171308
568,1171340
840,1171372
1067,1171404
1292,1171436
1527,1171468
1679,1171500
1941,1171532
2155,1171564
1422,1171596
1647,1171628
1376,1171660
791,1171692
911,1171724
651,1171756
109,1171788
182,1171820
302,1171852
636,1171884
715,1171916
954,1171948
1257,1171980
1404,1172012
1277,1172044
1916,1172076
1738,1172108
1864,1172140
1946,1172172
1392,1172204
1465,1172236
1241,1172268
759,1172300
779,1172332
208,1172364
71,1172396
0,1172428
28,1172460
638,1172492
474,1172524
1195,1172556
1294,1172588
1207,1172620
1433,1172652
1952,1172684
1897,1172716
2216,1172748
1518,1172780
1740,1172812
1466,1172844
1274,1172876
1006,1172908
747,1172940
543,1172972
282,1173004
0,1173036
384,1173068
252,1173100
477,1173132
1182,1173164
936,1173196
1192,1173228
1390,1173260
1656,1173292
1941,1173324
1721,1173356
1529,1173388
1225,1173420
1068,1173452
1272,1173484
540,1173516
795,1173548
525,1173580
0,1173612
272,1173644
510,1173676
381,1173708
960,1173740
1159,1173772
1496,1173804
1614,1173836
1822,1173868
2139,1173900
2235,1173932
1630,1173964
1849,1173996
1166,1174028
940,1174060
1103,1174092
490,1174124
638,1174156
393,1174188
0,1174220
255,1174252
141,1174284
458,1174316
602,1174348
877,1174380
1501,1174412
1334,1174444
1563,1174476
2172,1174508
1854,1174540
1671,1174572
1768,1174604
1207,1174636
1327,1174668
1024,1174700
863,1174732
608,1174764
399,1174796
120,1174828
366,1174860
602,1174892
831,1174924
1020,1174956
1288,1174988
1485,1175020
1340,1175052
1643,1175084
1802,1175116
1773,1175148
1513,1175180
1307,1175212
1129,1175244
848,1175276
678,1175308
736,1175340
218,1175372
4,1175404
0,1175436
103,1175468
761,1175500
507,1175532
1179,1175564
1373,1175596
1241,1175628
1835,1175660
2028,1175692
1933,1175724
2092,1175756
1855,1175788
1743,1175820
1353,1175852
1130,1175884
973,1175916
668,1175948
104,1175980
250,1176012
0,1176044
462,1176076
668,1176108
602,1176140
1118,1176172
1353,1176204
1321,1176236
1816,1176268
1688,1176300
1963,1176332
1628,1176364
1454,1176396
1628,1176428
987,1176460
807,1176492
906,1176524
359,1176556
125,1176588
169,1176620
18,1176652
586,1176684
809,1176716
1036,1176748
1238,1176780
1500,1176812
1694,1176844
1888,1176876
2167,1176908
2189,1176940
1577,1176972
1419,1177004
1113,1177036
879,1177068
662,1177100
431,1177132
235,1177164
0,1177196
0,1177228
335,1177260
233,1177292
503,1177324
1118,1177356
952,1177388
1623,1177420
1337,1177452
2061,1177484
2255,1177516
1771,1177548
1961,1177580
1726,1177612
1128,1177644
1260,1177676
990,1177708
875,1177740
527,1177772
269,1177804
219,1177836
380,1177868
264,1177900
912,1177932
713,1177964
1356,1177996
1565,1178028
1390,1178060
2025,1178092
2233,1178124
1751,1178156
1820,1178188
1225,1178220
1085,1178252
1215,1178284
600,1178316
763,1178348
148,1178380
0,1178412
266,1178444
141,1178476
412,1178508
952,1178540
857,1178572
1439,1178604
1321,1178636
1911,1178668
2110,1178700
2327,1178732
2058,1178764
1819,1178796
1579,1178828
1344,1178860
1083,1178892
521,1178924
620,1178956
33,1178988
153,1179020
0,1179052
170,1179084
366,1179116
623,1179148
901,1179180
1080,1179212
1352,1179244
1581,1179276
1818,1179308
1883,1179340
1576,1179372
1414,1179404
1615,1179436
908,1179468
1129,1179500
859,1179532
585,1179564
395,1179596
103,1179628
43,1179660
585,1179692
813,1179724
1151,1179756
1231,1179788
1468,1179820
1785,1179852
1931,1179884
2237,1179916
2154,1179948
1512,1179980
1339,1180012
1415,1180044
878,1180076
952,1180108
730,1180140
233,1180172
22,1180204
0,1180236
121,1180268
264,1180300
539,1180332
1166,1180364
986,1180396
1260,1180428
1820,1180460
1723,1180492
1963,1180524
1786,1180556
1551,1180588
1688,1180620
1003,1180652
1214,1180684
954,1180716
750,1180748
490,1180780
222,1180812
0,1180844
458,1180876
312,1180908
903,1180940
765,1180972
990,1181004
1216,1181036
1451,1181068
1709,1181100
1864,1181132
1657,1181164
1477,1181196
1192,1181228
1005,1181260
715,1181292
563,1181324
757,1181356
41,1181388
260,1181420
336,1181452
554,1181484
795,1181516
1024,1181548
895,1181580
1482,1181612
1688,1181644
2027,1181676
2144,1181708
2174,1181740
2016,1181772
1705,1181804
1114,1181836
1312,1181868
668,1181900
439,1181932
263,1181964
0,1181996
103,1182028
329,1182060
265,1182092
523,1182124
655,1182156
970,1182188
1103,1182220
1398,1182252
2030,1182284
1863,1182316
1801,1182348
1944,1182380
1325,1182412
1145,1182444
876,1182476
695,1182508
815,1182540
507,1182572
349,1182604
202,1182636
457,1182668
664,1182700
891,1182732
743,1182764
1342,1182796
1534,1182828
1807,1182860
2009,1182892
1866,1182924
2063,1182956
1454,1182988
1256,1183020
991,1183052
796,1183084
617,1183116
356,1183148
159,1183180
221,1183212
0,1183244
167,1183276
317,1183308
616,1183340
1272,1183372
1419,1183404
1707,1183436
1901,1183468
1757,1183500
2315,1183532
2032,1183564
1469,1183596
1562,1183628
1328,1183660
1215,1183692
842,1183724
606,1183756
459,1183788
140,1183820
0,1183852
539,1183884
367,1183916
984,1183948
1182,1183980
1102,1184012
1373,1184044
1882,1184076
1837,1184108
2170,1184140
1576,1184172
1433,1184204
1100,1184236
941,1184268
1102,1184300
478,1184332
295,1184364
38,1184396
0,1184428
63,1184460
570,1184492
523,1184524
1100,1184556
1343,1184588
1562,1184620
1758,1184652
1580,1184684
2232,1184716
2127,1184748
1933,1184780
1656,1184812
1052,1184844
1193,1184876
602,1184908
376,1184940
141,1184972
0,1185004
0,1185036
41,1185068
293,1185100
847,1185132
742,1185164
1018,1185196
1643,1185228
1467,1185260
2156,1185292
2299,1185324
2183,1185356
1903,1185388
1255,1185420
1433,1185452
1208,1185484
606,1185516
745,1185548
474,1185580
347,1185612
239,1185644
442,1185676
747,1185708
893,1185740
768,1185772
1430,1185804
1224,1185836
1887,1185868
2093,1185900
1862,1185932
1687,1185964
1757,1185996
1223,1186028
1293,1186060
714,1186092
574,1186124
266,1186156
90,1186188
237,1186220
0,1186252
199,1186284
784,1186316
652,1186348
919,1186380
1469,1186412
1373,1186444
1977,1186476
1847,1186508
2267,1186540
1996,1186572
1341,1186604
1518,1186636
1291,1186668
1054,1186700
824,1186732
572,1186764
366,1186796
75,1186828
0,1186860
568,1186892
425,1186924
684,1186956
877,1186988
1132,1187020
1413,1187052
1594,1187084
1879,1187116
1821,1187148
1591,1187180
1355,1187212
1531,1187244
894,1187276
1101,1187308
398,1187340
615,1187372
345,1187404
0,1187436
447,1187468
650,1187500
557,1187532
1097,1187564
1335,1187596
1679,1187628
1759,1187660
1998,1187692
2315,1187724
2043,1187756
1888,1187788
1624,1187820
991,1187852
826,1187884
894,1187916
380,1187948
430,1187980
215,1188012
0,1188044
430,1188076
318,1188108
633,1188140
766,1188172
1050,1188204
1690,1188236
1502,1188268
1783,1188300
2296,1188332
1722,1188364
1485,1188396
1260,1188428
1023,1188460
1160,1188492
488,1188524
688,1188556
428,1188588
230,1188620
316,1188652
505,1188684
776,1188716
960,1188748
827,1188780
1421,1188812
1279,1188844
1515,1188876
1739,1188908
1804,1188940
1603,1188972
1336,1189004
1133,1189036
953,1189068
683,1189100
501,1189132
667,1189164
52,1189196
215,1189228
0,1189260
669,1189292
858,1189324
681,1189356
1321,1189388
1548,1189420
1415,1189452
2012,1189484
2208,1189516
2267,1189548
1913,1189580
1644,1189612
1487,1189644
1178,1189676
602,1189708
796,1189740
142,1189772
0,1189804
186,1189836
38,1189868
639,1189900
841,1189932
762,1189964
1288,1189996
1166,1190028
1485,1190060
1628,1190092
1916,1190124
2153,1190156
1500,1190188
1276,1190220
1406,1190252
823,1190284
634,1190316
365,1190348
183,1190380
297,1190412
221,1190444
523,1190476
716,1190508
981,1190540
1178,1190572
1405,1190604
1632,1190636
1871,1190668
2074,1190700
2282,1190732
2008,1190764
1400,1190796
1531,1190828
938,1190860
742,1190892
488,1190924
296,1190956
106,1190988
0,1191020
2,1191052
221,1191084
442,1191116
670,1191148
827,1191180
1127,1191212
1801,1191244
1542,1191276
2247,1191308
2253,1191340
1639,1191372
1775,1191404
1500,1191436
955,1191468
1039,1191500
814,1191532
703,1191564
318,1191596
75,1191628
399,1191660
554,1191692
432,1191724
1040,1191756
878,1191788
1500,1191820
1706,1191852
1624,1191884
2171,1191916
2120,1191948
1607,1191980
1641,1192012
1060,1192044
919,1192076
600,1192108
428,1192140
588,1192172
0,1192204
0,1192236
91,1192268
347,1192300
585,1192332
1085,1192364
1037,1192396
1616,1192428
1851,1192460
2094,1192492
2288,1192524
2142,1192556
1866,1192588
1600,1192620
1400,1192652
1134,1192684
540,1192716
670,1192748
89,1192780
0,1192812
0,1192844
90,1192876
357,1192908
548,1192940
794,1192972
1070,1193004
1245,1193036
1527,1193068
2182,1193100
1932,1193132
2151,1193164
1390,1193196
1655,1193228
1372,1193260
743,1193292
909,1193324
684,1193356
116,1193388
220,1193420
301,1193452
489,1193484
763,1193516
954,1193548
1261,1193580
1405,1193612
1279,1193644
1964,1193676
1744,1193708
2240,1193740
1976,1193772
1336,1193804
1497,1193836
1241,1193868
711,1193900
778,1193932
204,1193964
61,1193996
0,1194028
31,1194060
637,1194092
486,1194124
712,1194156
1294,1194188
1162,1194220
1435,1194252
1999,1194284
1901,1194316
2205,1194348
1609,1194380
1735,1194412
1464,1194444
1262,1194476
1002,1194508
777,1194540
542,1194572
314,1194604
167,1194636
425,1194668
621,1194700
488,1194732
1071,1194764
942,1194796
1198,1194828
1391,1194860
1658,1194892
1943,1194924
1710,1194956
1525,1194988
1301,1195020
1076,1195052
843,1195084
540,1195116
388,1195148
584,1195180
0,1195212
335,1195244
511,1195276
394,1195308
967,1195340
1163,1195372
1384,1195404
1623,1195436
1856,1195468
2207,1195500
2232,1195532
1993,1195564
1839,1195596
1527,1195628
1367,1195660
1100,1195692
488,1195724
312,1195756
382,1195788
0,1195820
265,1195852
496,1195884
469,1195916
944,1195948
830,1195980
1149,1196012
1278,1196044
1574,1196076
2208,1196108
1851,1196140
1659,1196172
1760,1196204
1197,1196236
973,1196268
745,1196300
521,1196332
638,1196364
0,1196396
162,1196428
378,1196460
640,1196492
832,1196524
1022,1196556
1279,1196588
1661,1196620
1340,1196652
1948,1196684
1808,1196716
1742,1196748
1515,1196780
1286,1196812
1080,1196844
816,1196876
618,1196908
441,1196940
172,1196972
0,1197004
261,1197036
104,1197068
761,1197100
488,1197132
1182,1197164
1373,1197196
1195,1197228
1839,1197260
2078,1197292
2268,1197324
2126,1197356
1853,1197388
1736,1197420
1376,1197452
1120,1197484
972,1197516
663,1197548
91,1197580
280,1197612
0,1197644
100,1197676
703,1197708
542,1197740
1150,1197772
1354,1197804
1285,1197836
1819,1197868
1691,1197900
1948,1197932
2093,1197964
1450,1197996
1613,1198028
985,1198060
764,1198092
894,1198124
312,1198156
121,1198188
0,1198220
24,1198252
585,1198284
735,1198316
1049,1198348
1240,1198380
1501,1198412
1696,1198444
1936,1198476
2170,1198508
2233,1198540
1947,1198572
1753,1198604
1481,1198636
880,1198668
1018,1198700
426,1198732
234,1198764
0,1198796
0,1198828
56,1198860
234,1198892
504,1198924
731,1198956
954,1198988
1190,1199020
1340,1199052
1643,1199084
2331,1199116
1769,1199148
1999,1199180
1721,1199212
1435,1199244
1248,1199276
984,1199308
444,1199340
525,1199372
296,1199404
295,1199436
368,1199468
619,1199500
921,1199532
1068,1199564
941,1199596
1564,1199628
1400,1199660
2030,1199692
2238,1199724
1737,1199756
1816,1199788
1580,1199820
1084,1199852
861,1199884
538,1199916
409,1199948
90,1199980
0,1200012
298,1200044
140,1200076
409,1200108
602,1200140
872,1200172
1094,1200204
1608,1200236
1549,1200268
2156,1200300
2317,1200332
2090,1200364
1818,1200396
1612,1200428
1342,1200460
1083,1200492
878,1200524
621,1200556
30,1200588
154,1200620
0,1200652
155,1200684
376,1200716
602,1200748
856,1200780
1052,1200812
1307,1200844
1591,1200876
1768,1200908
1876,1200940
2059,1200972
1416,1201004
1613,1201036
877,1201068
1131,1201100
861,1201132
608,1201164
383,1201196
153,1201228
55,1201260
632,1201292
823,1201324
1159,1201356
1273,1201388
1469,1201420
1787,1201452
1934,1201484
1804,1201516
2190,1201548
1502,1201580
1709,1201612
1440,1201644
824,1201676
973,1201708
727,1201740
199,1201772
16,1201804
0,1201836
126,1201868
256,1201900
541,1201932
1165,1201964
997,1201996
1223,1202028
1823,1202060
1687,1202092
1961,1202124
2110,1202156
1546,1202188
1675,1202220
1085,1202252
1210,1202284
944,1202316
749,1202348
480,1202380
256,1202412
0,1202444
489,1202476
682,1202508
944,1202540
1135,1202572
1002,1202604
1600,1202636
1456,1202668
1720,1202700
1855,1202732
1655,1202764
1464,1202796
1188,1202828
1014,1202860
781,1202892
553,1202924
333,1202956
30,1202988
0,1203020
413,1203052
557,1203084
847,1203116
1037,1203148
904,1203180
1485,1203212
1680,1203244
1593,1203276
2154,1203308
2206,1203340
2091,1203372
1695,1203404
1468,1203436
1312,1203468
1003,1203500
845,1203532
576,1203564
0,1203596
0,1203628
330,1203660
262,1203692
525,1203724
1007,1203756
983,1203788
1470,1203820
1340,1203852
1671,1203884
1802,1203916
1800,1203948
1977,1203980
1324,1204012
1143,1204044
1232,1204076
695,1204108
461,1204140
235,1204172
8,1204204
236,1204236
44,1204268
700,1204300
896,1204332
725,1204364
1352,1204396
1536,1204428
1819,1204460
2013,1204492
1867,1204524
2061,1204556
1452,1204588
1224,1204620
989,1204652
764,1204684
568,1204716
312,1204748
112,1204780
0,1204812
0,1204844
167,1204876
316,1204908
616,1204940
1273,1204972
1421,1205004
1717,1205036
1913,1205068
1717,1205100
2303,1205132
2077,1205164
1466,1205196
1596,1205228
1323,1205260
1209,1205292
862,1205324
608,1205356
455,1205388
139,1205420
0,1205452
575,1205484
374,1205516
602,1205548
1216,1205580
1053,1205612
1339,1205644
1886,1205676
1802,1205708
2155,1205740
1562,1205772
1429,1205804
1103,1205836
934,1205868
1088,1205900
473,1205932
263,1205964
378,1205996
0,1206028
72,1206060
265,1206092
525,1206124
1101,1206156
1260,1206188
1565,1206220
1757,1206252
1582,1206284
2236,1206316
2168,1206348
1930,1206380
1694,1206412
1420,1206444
1225,1206476
958,1206508
366,1206540
491,1206572
0,1206604
0,1206636
31,1206668
296,1206700
567,1206732
734,1206764
1015,1206796
1536,1206828
1467,1206860
1709,1206892
2361,1206924
1756,1206956
1967,1206988
1244,1207020
1469,1207052
1197,1207084
604,1207116
731,1207148
464,1207180
0,1207212
238,1207244
474,1207276
815,1207308
903,1207340
1130,1207372
1439,1207404
1595,1207436
1456,1207468
2095,1207500
1851,1207532
1686,1207564
1770,1207596
1222,1207628
1291,1207660
1068,1207692
571,1207724
604,1207756
38,1207788
0,1207820
0,1207852
204,1207884
812,1207916
653,1207948
924,1207980
1112,1208012
1383,1208044
1613,1208076
2139,1208108
1897,1208140
2029,1208172
1342,1208204
1552,1208236
1280,1208268
1102,1208300
830,1208332
570,1208364
363,1208396
89,1208428
0,1208460
570,1208492
430,1208524
666,1208556
879,1208588
1114,1208620
1502,1208652
1574,1208684
1832,1208716
2124,1208748
1530,1208780
1350,1208812
1527,1208844
890,1208876
1097,1208908
363,1208940
615,1208972
334,1209004
0,1209036
455,1209068
696,1209100
567,1209132
1144,1209164
1335,1209196
1686,1209228
1801,1209260
1999,1209292
2319,1209324
2044,1209356
1449,1209388
1660,1209420
987,1209452
772,1209484
926,1209516
325,1209548
461,1209580
207,1209612
0,1209644
441,1209676
327,1209708
635,1209740
776,1209772
1053,1209804
1689,1209836
1512,1209868
1742,1209900
2286,1209932
1677,1209964
1485,1209996
1580,1210028
1021,1210060
1150,1210092
854,1210124
685,1210156
432,1210188
221,1210220
318,1210252
554,1210284
778,1210316
1007,1210348
1197,1210380
1464,1210412
1659,1210444
1515,1210476
2126,1210508
1792,1210540
1605,1210572
1327,1210604
1129,1210636
952,1210668
682,1210700
500,1210732
279,1210764
54,1210796
0,1210828
0,1210860
283,1210892
939,1210924
686,1210956
1367,1210988
1561,1211020
1417,1211052
2023,1211084
2208,1211116
1819,1211148
1911,1211180
1677,1211212
1551,1211244
1177,1211276
953,1211308
799,1211340
486,1211372
0,1211404
184,1211436
42,1211468
324,1211500
844,1211532
772,1211564
1294,1211596
1532,1211628
1495,1211660
1996,1211692
1870,1211724
1773,1211756
1447,1211788
1272,1211820
1440,1211852
814,1211884
631,1211916
714,1211948
172,1211980
0,1212012
233,1212044
189,1212076
760,1212108
555,1212140
1212,1212172
1408,1212204
1688,1212236
1882,1212268
2076,1212300
2272,1212332
2009,1212364
1400,1212396
1531,1212428
937,1212460
712,1212492
955,1212524
263,1212556
58,1212588
0,1212620
0,1212652
221,1212684
407,1212716
680,1212748
828,1212780
1128,1212812
1803,1212844
1514,1212876
2247,1212908
2251,1212940
1592,1212972
1771,1213004
1546,1213036
951,1213068
1082,1213100
814,1213132
695,1213164
348,1213196
77,1213228
411,1213260
554,1213292
442,1213324
1096,1213356
888,1213388
1116,1213420
1755,1213452
1575,1213484
2206,1213516
2112,1213548
1561,1213580
1632,1213612
1040,1213644
906,1213676
599,1213708
424,1213740
585,1213772
0,1213804
0,1213836
442,1213868
316,1213900
585,1213932
1120,1213964
1035,1213996
1629,1214028
1787,1214060
2093,1214092
2296,1214124
2150,1214156
1868,1214188
1632,1214220
1402,1214252
1167,1214284
906,1214316
704,1214348
444,1214380
0,1214412
0,1214444
94,1214476
347,1214508
542,1214540
808,1214572
1076,1214604
1256,1214636
1531,1214668
2076,1214700
1930,1214732
1693,1214764
1390,1214796
1230,1214828
1437,1214860
731,1214892
955,1214924
671,1214956
104,1214988
207,1215020
311,1215052
221,1215084
761,1215116
991,1215148
1324,1215180
1419,1215212
1647,1215244
1967,1215276
2120,1215308
1800,1215340
1968,1215372
1325,1215404
1486,1215436
1232,1215468
700,1215500
767,1215532
555,1215564
60,1215596
73,1215628
0,1215660
301,1215692
440,1215724
717,1215756
1328,1215788
1165,1215820
1435,1215852
1999,1215884
1911,1215916
1835,1215948
1887,1215980
1371,1216012
1500,1216044
1261,1216076
1024,1216108
776,1216140
570,1216172
314,1216204
168,1216236
428,1216268
623,1216300
489,1216332
794,1216364
942,1216396
1168,1216428
1400,1216460
1640,1216492
1896,1216524
1674,1216556
1468,1216588
1595,1216620
1016,1216652
840,1216684
1005,1216716
381,1216748
581,1216780
0,1216812
331,1216844
523,1216876
348,1216908
971,1216940
1210,1216972
1075,1217004
1664,1217036
1866,1217068
2215,1217100
2255,1217132
1996,1217164
1837,1217196
1515,1217228
936,1217260
1144,1217292
477,1217324
668,1217356
413,1217388
0,1217420
302,1217452
508,1217484
439,1217516
954,1217548
828,1217580
1150,1217612
1753,1217644
1576,1217676
2217,1217708
1850,1217740
1613,1217772
1754,1217804
1159,1217836
971,1217868
1064,1217900
511,1217932
635,1217964
63,1217996
161,1218028
382,1218060
645,1218092
840,1218124
1067,1218156
1296,1218188
1529,1218220
1723,1218252
1606,1218284
2192,1218316
1741,1218348
1882,1218380
1277,1218412
1071,1218444
813,1218476
620,1218508
441,1218540
173,1218572
0,1218604
0,1218636
116,1218668
343,1218700
491,1218732
792,1218764
1451,1218796
1198,1218828
1887,1218860
2093,1218892
2267,1218924
2127,1218956
1850,1218988
1291,1219020
1375,1219052
1151,1219084
1038,1219116
664,1219148
431,1219180
272,1219212
217,1219244
505,1219276
716,1219308
552,1219340
838,1219372
1368,1219404
1286,1219436
1822,1219468
2060,1219500
1948,1219532
1721,1219564
1384,1219596
1255,1219628
936,1219660
762,1219692
924,1219724
300,1219756
119,1219788
190,1219820
24,1219852
249,1219884
459,1219916
697,1219948
1276,1219980
1065,1220012
1742,1220044
1944,1220076
2218,1220108
2220,1220140
1948,1220172
1356,1220204
1471,1220236
876,1220268
1008,1220300
423,1220332
199,1220364
0,1220396
0,1220428
19,1220460
204,1220492
457,1220524
731,1220556
908,1220588
1190,1220620
1343,1220652
1753,1220684
2333,1220716
1740,1220748
1996,1220780
1721,1220812
1470,1220844
1247,1220876
1019,1220908
439,1220940
560,1220972
296,1221004
295,1221036
416,1221068
621,1221100
923,1221132
1072,1221164
952,1221196
1614,1221228
1402,1221260
1638,1221292
2281,1221324
1674,1221356
1840,1221388
1580,1221420
1047,1221452
857,1221484
537,1221516
396,1221548
90,1221580
0,1221612
299,1221644
150,1221676
379,1221708
956,1221740
827,1221772
1095,1221804
1287,1221836
1559,1221868
2157,1221900
2240,1221932
2077,1221964
1806,1221996
1611,1222028
1340,1222060
1117,1222092
508,1222124
655,1222156
384,1222188
187,1222220
285,1222252
157,1222284
735,1222316
605,1222348
860,1222380
1056,1222412
1316,1222444
1593,1222476
1775,1222508
1879,1222540
1946,1222572
1404,1222604
1179,1222636
875,1222668
718,1222700
925,1222732
607,1222764
431,1222796
153,1222828
57,1222860
635,1222892
826,1222924
733,1222956
1274,1222988
1512,1223020
1867,1223052
1944,1223084
2184,1223116
2191,1223148
1870,1223180
1276,1223212
1438,1223244
815,1223276
975,1223308
715,1223340
200,1223372
16,1223404
164,1223436
124,1223468
616,1223500
492,1223532
813,1223564
942,1223596
1228,1223628
1866,1223660
1688,1223692
1963,1223724
1734,1223756
1543,1223788
1311,1223820
1360,1223852
858,1223884
974,1223916
747,1223948
510,1223980
256,1224012
0,1224044
496,1224076
686,1224108
943,1224140
1144,1224172
1003,1224204
1607,1224236
1464,1224268
1692,1224300
1852,1224332
1616,1224364
1416,1224396
1159,1224428
956,1224460
1070,1224492
504,1224524
330,1224556
491,1224588
0,1224620
415,1224652
571,1224684
855,1224716
1039,1224748
857,1224780
1497,1224812
1736,1224844
1592,1224876
2203,1224908
2202,1224940
2087,1224972
1737,1225004
1466,1225036
1307,1225068
1001,1225100
424,1225132
622,1225164
0,1225196
148,1225228
365,1225260
207,1225292
491,1225324
1019,1225356
940,1225388
1471,1225420
1343,1225452
1674,1225484
1806,1225516
1797,1225548
1965,1225580
1326,1225612
1111,1225644
1230,1225676
648,1225708
457,1225740
541,1225772
16,1225804
247,1225836
137,1225868
701,1225900
896,1225932
729,1225964
1354,1225996
1593,1226028
1822,1226060
2061,1226092
2255,1226124
2103,1226156
1823,1226188
1223,1226220
1354,1226252
763,1226284
568,1226316
312,1226348
108,1226380
0,1226412
0,1226444
178,1226476
396,1226508
620,1226540
856,1226572
1481,1226604
1303,1226636
1983,1226668
1723,1226700
2351,1226732
2075,1226764
1466,1226796
1597,1226828
1324,1226860
779,1226892
860,1226924
636,1226956
511,1226988
128,1227020
280,1227052
585,1227084
730,1227116
1020,1227148
1225,1227180
1056,1227212
1350,1227244
1888,1227276
1804,1227308
2158,1227340
1933,1227372
1420,1227404
1454,1227436
874,1227468
743,1227500
426,1227532
250,1227564
396,1227596
0,1227628
75,1227660
608,1227692
526,1227724
759,1227756
983,1227788
1209,1227820
1808,1227852
1583,1227884
2270,1227916
2168,1227948
1964,1227980
1692,1228012
1420,1228044
1223,1228076
956,1228108
365,1228140
504,1228172
0,1228204
0,1228236
33,1228268
264,1228300
522,1228332
716,1228364
968,1228396
1255,1228428
1431,1228460
1718,1228492
2363,1228524
1753,1228556
1963,1228588
1212,1228620
1467,1228652
1195,1228684
568,1228716
731,1228748
506,1228780
0,1228812
284,1228844
479,1228876
827,1228908
934,1228940
1133,1228972
1437,1229004
1595,1229036
1465,1229068
2142,1229100
1852,1229132
1624,1229164
1790,1229196
1158,1229228
1311,1229260
1055,1229292
536,1229324
602,1229356
38,1229388
0,1229420
0,1229452
206,1229484
823,1229516
654,1229548
889,1229580
1480,1229612
1339,1229644
1623,1229676
1815,1229708
1885,1229740
2025,1229772
1712,1229804
1549,1229836
1280,1229868
1085,1229900
828,1229932
591,1229964
366,1229996
135,1230028
346,1230060
607,1230092
798,1230124
666,1230156
1259,1230188
1118,1230220
1374,1230252
1579,1230284
1838,1230316
1816,1230348
1529,1230380
1342,1230412
1115,1230444
888,1230476
667,1230508
364,1230540
219,1230572
397,1230604
0,1230636
509,1230668
701,1230700
569,1230732
1147,1230764
1342,1230796
1247,1230828
1803,1230860
2041,1230892
2395,1230924
2043,1230956
1816,1230988
1659,1231020
1341,1231052
763,1231084
922,1231116
312,1231148
458,1231180
202,1231212
0,1231244
442,1231276
682,1231308
638,1231340
1130,1231372
1006,1231404
1325,1231436
1464,1231468
1752,1231500
2318,1231532
1673,1231564
1484,1231596
1211,1231628
1017,1231660
799,1231692
860,1231724
349,1231756
460,1231788
215,1231820
360,1231852
554,1231884
814,1231916
1016,1231948
1206,1231980
1469,1232012
1663,1232044
1518,1232076
2137,1232108
1790,1232140
1563,1232172
1328,1232204
1102,1232236
902,1232268
636,1232300
444,1232332
274,1232364
2,1232396
0,1232428
445,1232460
280,1232492
939,1232524
666,1232556
1368,1232588
1561,1232620
1371,1232652
2074,1232684
2266,1232716
1814,1232748
1948,1232780
1673,1232812
1392,1232844
1197,1232876
942,1232908
796,1232940
489,1232972
0,1233004
231,1233036
44,1233068
685,1233100
878,1233132
718,1233164
1326,1233196
1535,1233228
1453,1233260
1997,1233292
1872,1233324
1771,1233356
1446,1233388
1272,1233420
1438,1233452
810,1233484
587,1233516
716,1233548
126,1233580
0,1233612
271,1233644
190,1233676
765,1233708
639,1233740
1215,1233772
1420,1233804
1689,1233836
1884,1233868
2120,1233900
2270,1233932
2043,1233964
1768,1233996
1575,1234028
1293,1234060
713,1234092
840,1234124
250,1234156
57,1234188
0,1234220
0,1234252
233,1234284
410,1234316
681,1234348
907,1234380
1143,1234412
1366,1234444
1517,1234476
1831,1234508
2319,1234540
1592,1234572
1821,1234604
1544,1234636
948,1234668
1071,1234700
800,1234732
573,1234764
344,1234796
123,1234828
478,1234860
558,1234892
798,1234924
1099,1234956
1242,1234988
1547,1235020
1752,1235052
1578,1235084
1868,1235116
2109,1235148
1560,1235180
1629,1235212
1404,1235244
907,1235276
940,1235308
368,1235340
221,1235372
0,1235404
0,1235436
474,1235468
326,1235500
599,1235532
1132,1235564
1037,1235596
1273,1235628
1498,1235660
1737,1235692
2336,1235724
1678,1235756
1900,1235788
1630,1235820
1434,1235852
1166,1235884
904,1235916
711,1235948
441,1235980
0,1236012
223,1236044
103,1236076
328,1236108
552,1236140
778,1236172
1033,1236204
1230,1236236
1482,1236268
1779,1236300
1880,1236332
1691,1236364
1869,1236396
1235,1236428
1433,1236460
699,1236492
953,1236524
672,1236556
55,1236588
205,1236620
350,1236652
537,1236684
810,1236716
1000,1236748
1339,1236780
1450,1236812
1658,1236844
1968,1236876
2124,1236908
1800,1236940
2012,1236972
1326,1237004
1100,1237036
1262,1237068
648,1237100
798,1237132
544,1237164
24,1237196
87,1237228
0,1237260
311,1237292
877,1237324
726,1237356
1339,1237388
1166,1237420
1399,1237452
2010,1237484
1868,1237516
1835,1237548
1559,1237580
1367,1237612
1497,1237644
1194,1237676
1023,1237708
764,1237740
569,1237772
304,1237804
215,1237836
432,1237868
669,1237900
860,1237932
1120,1237964
1324,1237996
1178,1238028
1784,1238060
1643,1238092
1902,1238124
1674,1238156
1466,1238188
1287,1238220
1006,1238252
828,1238284
605,1238316
377,1238348
155,1238380
0,1238412
0,1238444
592,1238476
360,1238508
1023,1238540
1209,1238572
1388,1238604
1675,1238636
1869,1238668
1773,1238700
2255,1238732
2024,1238764
1903,1238796
1514,1238828
1290,1238860
1135,1238892
828,1238924
255,1238956
407,1238988
0,1239020
303,1239052
508,1239084
440,1239116
957,1239148
1194,1239180
1159,1239212
1389,1239244
1520,1239276
1854,1239308
1788,1239340
1624,1239372
1790,1239404
1148,1239436
968,1239468
698,1239500
508,1239532
287,1239564
320,1239596
0,1239628
426,1239660
647,1239692
876,1239724
1080,1239756
1338,1239788
1532,1239820
1726,1239852
1997,1239884
2201,1239916
1740,1239948
1881,1239980
1273,1240012
1040,1240044
813,1240076
586,1240108
392,1240140
128,1240172
0,1240204
0,1240236
75,1240268
345,1240300
967,1240332
795,1240364
1451,1240396
1178,1240428
1899,1240460
2093,1240492
2315,1240524
2123,1240556
1888,1240588
1288,1240620
1418,1240652
1149,1240684
1033,1240716
687,1240748
431,1240780
272,1240812
218,1240844
112,1240876
750,1240908
553,1240940
1198,1240972
1400,1241004
1238,1241036
1865,1241068
2064,1241100
1911,1241132
1720,1241164
1387,1241196
1255,1241228
927,1241260
763,1241292
921,1241324
299,1241356
77,1241388
190,1241420
0,1241452
248,1241484
793,1241516
701,1241548
1277,1241580
1161,1241612
1749,1241644
1946,1241676
2215,1241708
2218,1241740
1982,1241772
1358,1241804
1514,1241836
1243,1241868
1040,1241900
783,1241932
189,1241964
320,1241996
0,1242028
24,1242060
208,1242092
462,1242124
743,1242156
920,1242188
1194,1242220
1421,1242252
1656,1242284
1895,1242316
1736,1242348
1576,1242380
1786,1242412
1467,1242444
1289,1242476
1021,1242508
437,1242540
556,1242572
296,1242604
0,1242636
416,1242668
654,1242700
991,1242732
1072,1242764
1309,1242796
1616,1242828
1772,1242860
2077,1242892
2284,1242924
1675,1242956
1496,1242988
1576,1243020
1040,1243052
846,1243084
891,1243116
393,1243148
424,1243180
0,1243212
0,1243244
104,1243276
390,1243308
1002,1243340
836,1243372
1099,1243404
1646,1243436
1563,1243468
1799,1243500
1947,1243532
1721,1243564
1848,1243596
1163,1243628
1374,1243660
1112,1243692
487,1243724
654,1243756
382,1243788
181,1243820
288,1243852
157,1243884
747,1243916
606,1243948
839,1243980
1063,1244012
1292,1244044
1550,1244076
1752,1244108
1819,1244140
1639,1244172
1343,1244204
1175,1244236
864,1244268
716,1244300
921,1244332
603,1244364
428,1244396
165,1244428
19,1244460
633,1244492
864,1244524
744,1244556
1323,1244588
1516,1244620
1867,1244652
1981,1244684
2335,1244716
2187,1244748
1867,1244780
1272,1244812
1482,1244844
828,1244876
588,1244908
751,1244940
136,1244972
0,1245004
167,1245036
103,1245068
618,1245100
496,1245132
823,1245164
944,1245196
1238,1245228
1869,1245260
1690,1245292
1931,1245324
2108,1245356
1495,1245388
1304,1245420
1037,1245452
855,1245484
973,1245516
671,1245548
507,1245580
250,1245612
0,1245644
504,1245676
730,1245708
954,1245740
1184,1245772
1375,1245804
1645,1245836
1850,1245868
1703,1245900
2224,1245932
1616,1245964
1417,1245996
1150,1246028
952,1246060
777,1246092
496,1246124
327,1246156
383,1246188
0,1246220
20,1246252
631,1246284
459,1246316
1115,1246348
870,1246380
1547,1246412
1739,1246444
1596,1246476
2205,1246508
2206,1246540
1640,1246572
1724,1246604
1488,1246636
1375,1246668
992,1246700
767,1246732
622,1246764
313,1246796
0,1246828
374,1246860
219,1246892
494,1246924
1021,1246956
940,1246988
1480,1247020
1722,1247052
1676,1247084
2184,1247116
1735,1247148
1597,1247180
1272,1247212
1096,1247244
1260,1247276
644,1247308
456,1247340
186,1247372
8,1247404
0,1247436
410,1247468
365,1247500
940,1247532
729,1247564
1400,1247596
1596,1247628
1868,1247660
2062,1247692
2254,1247724
2093,1247756
1822,1247788
1212,1247820
1353,1247852
752,1247884
528,1247916
301,1247948
88,1247980
0,1248012
0,1248044
136,1248076
685,1248108
583,1248140
856,1248172
1483,1248204
1305,1248236
1980,1248268
1691,1248300
2347,1248332
2063,1248364
1405,1248396
1595,1248428
1368,1248460
776,1248492
896,1248524
635,1248556
519,1248588
158,1248620
272,1248652
583,1248684
735,1248716
616,1248748
1272,1248780
1067,1248812
1294,1248844
1930,1248876
1754,1248908
2189,1248940
1930,1248972
1383,1249004
1451,1249036
870,1249068
731,1249100
426,1249132
248,1249164
407,1249196
0,1249228
44,1249260
618,1249292
493,1249324
760,1249356
1309,1249388
1213,1249420
1805,1249452
1968,1249484
2283,1249516
2158,1249548
1959,1249580
1690,1249612
1450,1249644
1214,1249676
989,1249708
728,1249740
537,1249772
268,1249804
0,1249836
408,1249868
272,1249900
526,1249932
717,1249964
972,1249996
1253,1250028
1435,1250060
1719,1250092
1949,1250124
1751,1250156
1514,1250188
1209,1250220
1052,1250252
1261,1250284
556,1250316
777,1250348
504,1250380
0,1250412
295,1250444
480,1250476
399,1250508
938,1250540
1168,1250572
1515,1250604
1596,1250636
1836,1250668
2155,1250700
2216,1250732
1613,1250764
1786,1250796
1151,1250828
983,1250860
1064,1250892
536,1250924
590,1250956
368,1250988
0,1251020
272,1251052
165,1251084
473,1251116
616,1251148
892,1251180
1518,1251212
1340,1251244
1623,1251276
2188,1251308
1886,1251340
1658,1251372
1708,1251404
1193,1251436
1322,1251468
650,1251500
856,1251532
592,1251564
394,1251596
138,1251628
350,1251660
606,1251692
809,1251724
670,1251756
1259,1251788
1128,1251820
1357,1251852
2077,1251884
1808,1251916
1755,1251948
1497,1251980
1291,1252012
1115,1252044
840,1252076
661,1252108
362,1252140
211,1252172
393,1252204
0,1252236
507,1252268
699,1252300
532,1252332
1151,1252364
1385,1252396
1257,1252428
1854,1252460
2044,1252492
2395,1252524
2076,1252556
1806,1252588
1659,1252620
1339,1252652
762,1252684
960,1252716
302,1252748
78,1252780
232,1252812
0,1252844
479,1252876
684,1252908
605,1252940
1131,1252972
1007,1253004
1335,1253036
1465,1253068
1756,1253100
2317,1253132
1672,1253164
1435,1253196
1576,1253228
983,1253260
795,1253292
876,1253324
343,1253356
457,1253388
151,1253420
361,1253452
568,1253484
825,1253516
1018,1253548
1257,1253580
1470,1253612
1708,1253644
1912,1253676
2175,1253708
2172,1253740
1562,1253772
1403,1253804
1100,1253836
900,1253868
640,1253900
446,1253932
264,1253964
3,1253996
0,1254028
346,1254060
294,1254092
510,1254124
668,1254156
967,1254188
1639,1254220
1382,1254252
2077,1254284
2267,1254316
1802,1254348
1945,1254380
1672,1254412
1113,1254444
1198,1254476
971,1254508
859,1254540
477,1254572
254,1254604
237,1254636
394,1254668
271,1254700
888,1254732
720,1254764
1338,1254796
1536,1254828
1464,1254860
2009,1254892
2248,1254924
1770,1254956
1803,1254988
1210,1255020
1070,1255052
758,1255084
588,1255116
736,1255148
132,1255180
0,1255212
280,1255244
188,1255276
425,1255308
923,1255340
877,1255372
1464,1255404
1693,1255436
1930,1255468
2124,1255500
2312,1255532
2040,1255564
1759,1255596
1565,1255628
1293,1255660
700,1255692
553,1255724
250,1255756
27,1255788
0,1255820
0,1255852
198,1255884
382,1255916
634,1255948
1208,1255980
1094,1256012
1368,1256044
2013,1256076
1832,1256108
2316,1256140
1562,1256172
1816,1256204
1533,1256236
893,1256268
1069,1256300
844,1256332
264,1256364
378,1256396
121,1256428
477,1256460
604,1256492
798,1256524
1099,1256556
1242,1256588
1128,1256620
1802,1256652
1581,1256684
2254,1256716
1664,1256748
1495,1256780
1658,1256812
1403,1256844
863,1256876
936,1256908
364,1256940
231,1256972
333,1257004
0,1257036
487,1257068
328,1257100
555,1257132
1136,1257164
1003,1257196
1275,1257228
1836,1257260
1737,1257292
2345,1257324
1769,1257356
1897,1257388
1628,1257420
1423,1257452
1164,1257484
937,1257516
703,1257548
477,1257580
214,1257612
0,1257644
461,1257676
336,1257708
912,1257740
783,1257772
1038,1257804
1231,1257836
1486,1257868
1780,1257900
1872,1257932
1692,1257964
1451,1257996
1229,1258028
998,1258060
698,1258092
542,1258124
745,1258156
46,1258188
249,1258220
359,1258252
539,1258284
809,1258316
1001,1258348
910,1258380
1454,1258412
1692,1258444
2045,1258476
2124,1258508
2159,1258540
2009,1258572
1679,1258604
1517,1258636
1262,1258668
640,1258700
472,1258732
541,1258764
21,1258796
87,1258828
336,1258860
311,1258892
539,1258924
678,1258956
985,1258988
1126,1259020
1413,1259052
2046,1259084
1877,1259116
1831,1259148
1928,1259180
1355,1259212
1131,1259244
904,1259276
681,1259308
810,1259340
140,1259372
334,1259404
220,1259436
476,1259468
682,1259500
863,1259532
759,1259564
1322,1259596
1179,1259628
1786,1259660
1645,1259692
1872,1259724
1661,1259756
1445,1259788
1231,1259820
974,1259852
782,1259884
602,1259916
333,1259948
151,1259980
0,1260012
0,1260044
603,1260076
330,1260108
1022,1260140
1223,1260172
1435,1260204
1675,1260236
1918,1260268
1781,1260300
2297,1260332
2024,1260364
1900,1260396
1536,1260428
1280,1260460
1131,1260492
826,1260524
249,1260556
442,1260588
0,1260620
0,1260652
539,1260684
392,1260716
988,1260748
1198,1260780
1117,1260812
1387,1260844
1520,1260876
1850,1260908
1787,1260940
1612,1260972
1783,1261004
1145,1261036
925,1261068
1050,1261100
459,1261132
283,1261164
24,1261196
0,1261228
425,1261260
576,1261292
880,1261324
1072,1261356
1337,1261388
1536,1261420
1771,1261452
1615,1261484
2239,1261516
2112,1261548
1914,1261580
1645,1261612
1039,1261644
1168,1261676
585,1261708
392,1261740
136,1261772
0,1261804
0,1261836
74,1261868
346,1261900
861,1261932
798,1261964
1021,1261996
1178,1262028
1481,1262060
2169,1262092
2313,1262124
2169,1262156
1885,1262188
1287,1262220
1417,1262252
1144,1262284
605,1262316
696,1262348
459,1262380
344,1262412
219,1262444
457,1262476
759,1262508
908,1262540
783,1262572
1402,1262604
1230,1262636
1866,1262668
2064,1262700
1898,1262732
1708,1262764
1752,1262796
1243,1262828
1275,1262860
698,1262892
559,1262924
253,1262956
76,1262988
214,1263020
0,1263052
252,1263084
447,1263116
715,1263148
939,1263180
1438,1263212
1391,1263244
1994,1263276
2219,1263308
2252,1263340
1978,1263372
1336,1263404
1504,1263436
1242,1263468
1038,1263500
779,1263532
204,1263564
319,1263596
0,1263628
2,1263660
220,1263692
444,1263724
699,1263756
892,1263788
1147,1263820
1737,1263852
1600,1263884
1896,1263916
2219,1263948
1564,1263980
1783,1264012
1467,1264044
1287,1264076
1016,1264108
392,1264140
543,1264172
319,1264204
0,1264236
463,1264268
654,1264300
999,1264332
1115,1264364
1310,1264396
1627,1264428
1773,1264460
1644,1264492
2332,1264524
1672,1264556
1870,1264588
1608,1264620
984,1264652
811,1264684
878,1264716
349,1264748
416,1264780
0,1264812
0,1264844
108,1264876
392,1264908
1003,1264940
838,1264972
1065,1265004
1660,1265036
1515,1265068
1804,1265100
2269,1265132
1704,1265164
1837,1265196
1242,1265228
1369,1265260
1112,1265292
475,1265324
648,1265356
415,1265388
174,1265420
332,1265452
512,1265484
792,1265516
976,1265548
841,1265580
1435,1265612
1294,1265644
1561,1265676
1755,1265708
1816,1265740
1628,1265772
1351,1265804
1175,1265836
939,1265868
713,1265900
487,1265932
655,1265964
28,1265996
235,1266028
25,1266060
687,1266092
873,1266124
743,1266156
1325,1266188
1515,1266220
1421,1266252
1984,1266284
2223,1266316
2251,1266348
1856,1266380
1626,1266412
1479,1266444
1163,1266476
1003,1266508
758,1266540
141,1266572
0,1266604
170,1266636
106,1266668
622,1266700
870,1266732
823,1266764
1306,1266796
1180,1266828
1511,1266860
1644,1266892
1932,1266924
2140,1266956
1482,1266988
1303,1267020
1401,1267052
843,1267084
631,1267116
395,1267148
167,1267180
280,1267212
0,1267244
538,1267276
732,1267308
992,1267340
1194,1267372
1387,1267404
1655,1267436
1848,1267468
1704,1267500
2224,1267532
1613,1267564
1384,1267596
1151,1267628
922,1267660
727,1267692
462,1267724
279,1267756
90,1267788
0,1267820
16,1267852
619,1267884
460,1267916
1115,1267948
840,1267980
1549,1268012
1741,1268044
1555,1268076
2207,1268108
2238,1268140
1625,1268172
1768,1268204
1485,1268236
1371,1268268
1024,1268300
765,1268332
621,1268364
303,1268396
0,1268428
411,1268460
222,1268492
453,1268524
1064,1268556
900,1268588
1513,1268620
1724,1268652
1642,1268684
2188,1268716
1735,1268748
1963,1268780
1261,1268812
1094,1268844
1257,1268876
635,1268908
412,1268940
540,1268972
0,1269004
0,1269036
104,1269068
375,1269100
949,1269132
1101,1269164
1399,1269196
1598,1269228
1867,1269260
2072,1269292
2302,1269324
2090,1269356
1855,1269388
1578,1269420
1384,1269452
1118,1269484
527,1269516
666,1269548
73,1269580
0,1269612
0,1269644
136,1269676
407,1269708
584,1269740
857,1269772
1083,1269804
1318,1269836
1545,1269868
1704,1269900
1917,1269932
2137,1269964
1404,1269996
1631,1270028
1359,1270060
764,1270092
893,1270124
632,1270156
91,1270188
156,1270220
317,1270252
649,1270284
735,1270316
968,1270348
1275,1270380
1424,1270412
1296,1270444
1933,1270476
1759,1270508
2188,1270540
1920,1270572
1372,1270604
1449,1270636
1224,1270668
731,1270700
761,1270732
190,1270764
57,1270796
0,1270828
56,1270860
654,1270892
502,1270924
765,1270956
952,1270988
1223,1271020
1449,1271052
1968,1271084
1913,1271116
2190,1271148
1961,1271180
1722,1271212
1450,1271244
1248,1271276
986,1271308
718,1271340
527,1271372
265,1271404
0,1271436
408,1271468
271,1271500
504,1271532
729,1271564
955,1271596
1208,1271628
1407,1271660
1673,1271692
1949,1271724
1692,1271756
1511,1271788
1688,1271820
1048,1271852
1255,1271884
526,1271916
775,1271948
503,1271980
0,1272012
297,1272044
526,1272076
407,1272108
984,1272140
1176,1272172
1372,1272204
1631,1272236
1836,1272268
2157,1272300
2208,1272332
1610,1272364
1834,1272396
1149,1272428
1341,1272460
1087,1272492
471,1272524
620,1272556
368,1272588
0,1272620
283,1272652
171,1272684
477,1272716
619,1272748
892,1272780
1517,1272812
1352,1272844
1591,1272876
2189,1272908
1837,1272940
1655,1272972
1743,1273004
1191,1273036
1309,1273068
735,1273100
845,1273132
590,1273164
390,1273196
140,1273228
393,1273260
618,1273292
854,1273324
1037,1273356
1307,1273388
1498,1273420
1355,1273452
1964,1273484
1819,1273516
1757,1273548
1485,1273580
1289,1273612
1113,1273644
840,1273676
663,1273708
427,1273740
204,1273772
0,1273804
0,1273836
123,1273868
777,1273900
536,1273932
1197,1273964
1390,1273996
1255,1274028
1863,1274060
2046,1274092
2282,1274124
2074,1274156
1838,1274188
1723,1274220
1328,1274252
1101,1274284
957,1274316
651,1274348
480,1274380
221,1274412
0,1274444
166,1274476
688,1274508
606,1274540
1134,1274572
1372,1274604
1336,1274636
1835,1274668
1704,1274700
1943,1274732
1609,1274764
1434,1274796
1610,1274828
968,1274860
792,1274892
880,1274924
332,1274956
109,1274988
0,1275020
28,1275052
604,1275084
395,1275116
1054,1275148
1247,1275180
1514,1275212
1720,1275244
1910,1275276
2186,1275308
2169,1275340
1551,1275372
1695,1275404
1095,1275436
869,1275468
637,1275500
411,1275532
221,1275564
0,1275596
0,1275628
62,1275660
247,1275692
520,1275724
1143,1275756
970,1275788
1643,1275820
1354,1275852
2078,1275884
2281,1275916
1751,1275948
1945,1275980
1708,1276012
1419,1276044
1240,1276076
972,1276108
855,1276140
504,1276172
250,1276204
237,1276236
397,1276268
280,1276300
937,1276332
732,1276364
962,1276396
1583,1276428
1413,1276460
2043,1276492
2251,1276524
1720,1276556
1800,1276588
1210,1276620
1066,1276652
1197,1276684
586,1276716
743,1276748
123,1276780
0,1276812
282,1276844
157,1276876
427,1276908
616,1276940
877,1276972
1465,1277004
1625,1277036
1931,1277068
2125,1277100
2309,1277132
2032,1277164
1803,1277196
1561,1277228
1326,1277260
1066,1277292
863,1277324
607,1277356
21,1277388
137,1277420
0,1277452
198,1277484
392,1277516
648,1277548
916,1277580
1096,1277612
1369,1277644
1611,1277676
1845,1277708
1863,1277740
1548,1277772
1399,1277804
1609,1277836
890,1277868
1115,1277900
841,1277932
559,1277964
379,1277996
135,1278028
73,1278060
604,1278092
832,1278124
1167,1278156
1256,1278188
1488,1278220
1805,1278252
1960,1278284
1820,1278316
2136,1278348
1486,1278380
1658,1278412
1401,1278444
862,1278476
936,1278508
713,1278540
216,1278572
3,1278604
0,1278636
141,1278668
282,1278700
558,1278732
1177,1278764
1004,1278796
1275,1278828
1467,1278860
1737,1278892
1977,1278924
2048,1278956
1529,1278988
1662,1279020
1421,1279052
1196,1279084
928,1279116
734,1279148
476,1279180
205,1279212
279,1279244
472,1279276
332,1279308
921,1279340
783,1279372
1008,1279404
1242,1279436
1470,1279468
1736,1279500
1838,1279532
1638,1279564
1451,1279596
1167,1279628
988,1279660
1174,1279692
538,1279724
747,1279756
23,1279788
235,1279820
363,1279852
570,1279884
815,1279916
1050,1279948
916,1279980
1502,1280012
1696,1280044
2045,1280076
2169,1280108
2158,1280140
1999,1280172
1679,1280204
1087,1280236
1305,1280268
638,1280300
827,1280332
574,1280364
0,1280396
121,1280428
345,1280460
279,1280492
541,1280524
679,1280556
989,1280588
1132,1280620
1414,1280652
2058,1280684
1879,1280716
1783,1280748
1919,1280780
1168,1280812
1131,1280844
1215,1280876
670,1280908
797,1280940
219,1280972
333,1281004
220,1281036
489,1281068
684,1281100
910,1281132
761,1281164
1359,1281196
1562,1281228
1834,1281260
2028,1281292
1882,1281324
2046,1281356
1436,1281388
1230,1281420
971,1281452
778,1281484
600,1281516
328,1281548
150,1281580
0,1281612
0,1281644
182,1281676
333,1281708
632,1281740
1291,1281772
1439,1281804
1727,1281836
1919,1281868
1784,1281900
2297,1281932
2014,1281964
1452,1281996
1536,1282028
1309,1282060
1195,1282092
813,1282124
589,1282156
442,1282188
123,1282220
350,1282252
544,1282284
394,1282316
679,1282348
1206,1282380
1126,1282412
1399,1282444
1898,1282476
1863,1282508
2154,1282540
1548,1282572
1417,1282604
1096,1282636
920,1282668
1084,1282700
460,1282732
269,1282764
364,1282796
0,1282828
89,1282860
313,1282892
541,1282924
1118,1282956
909,1282988
1582,1283020
1784,1283052
1595,1283084
2250,1283116
2111,1283148
1915,1283180
1641,1283212
1036,1283244
1176,1283276
585,1283308
358,1283340
122,1283372
0,1283404
0,1283436
46,1283468
301,1283500
583,1283532
760,1283564
1034,1283596
1183,1283628
1483,1283660
2171,1283692
2327,1283724
2167,1283756
1883,1283788
1236,1283820
1407,1283852
1182,1283884
599,1283916
718,1283948
456,1283980
331,1284012
254,1284044
459,1284076
767,1284108
911,1284140
794,1284172
1451,1284204
1242,1284236
1478,1284268
2108,1284300
1838,1284332
1671,1284364
1742,1284396
1207,1284428
1274,1284460
698,1284492
557,1284524
239,1284556
73,1284588
205,1284620
0,1284652
231,1284684
798,1284716
669,1284748
939,1284780
1127,1284812
1391,1284844
1993,1284876
2155,1284908
2249,1284940
1976,1284972
1323,1285004
1502,1285036
1274,1285068
1036,1285100
810,1285132
552,1285164
348,1285196
117,1285228
5,1285260
576,1285292
445,1285324
710,1285356
904,1285388
1150,1285420
1433,1285452
1615,1285484
1897,1285516
2111,1285548
1565,1285580
1335,1285612
1517,1285644
876,1285676
1085,1285708
389,1285740
591,1285772
318,1285804
0,1285836
463,1285868
666,1285900
583,1285932
1116,1285964
1351,1285996
1693,1286028
1774,1286060
2014,1286092
2333,1286124
2030,1286156
1435,1286188
1600,1286220
972,1286252
806,1286284
879,1286316
356,1286348
409,1286380
199,1286412
0,1286444
455,1286476
334,1286508
653,1286540
790,1286572
1068,1286604
1706,1286636
1526,1286668
1805,1286700
1899,1286732
1704,1286764
1469,1286796
1528,1286828
1007,1286860
1134,1286892
473,1286924
670,1286956
412,1286988
202,1287020
344,1287052
534,1287084
791,1287116
976,1287148
842,1287180
1437,1287212
1296,1287244
1530,1287276
1757,1287308
1784,1287340
1578,1287372
1316,1287404
1112,1287436
1229,1287468
664,1287500
477,1287532
651,1287564
27,1287596
237,1287628
7,1287660
684,1287692
876,1287724
700,1287756
1335,1287788
1580,1287820
1433,1287852
2039,1287884
2232,1287916
2247,1287948
1897,1287980
1628,1288012
1471,1288044
1161,1288076
585,1288108
782,1288140
135,1288172
0,1288204
202,1288236
58,1288268
654,1288300
861,1288332
789,1288364
1310,1288396
1188,1288428
1511,1288460
1647,1288492
1943,1288524
2127,1288556
1482,1288588
1259,1288620
1392,1288652
795,1288684
616,1288716
700,1288748
167,1288780
271,1288812
247,1288844
541,1288876
732,1288908
1001,1288940
1198,1288972
1424,1289004
1656,1289036
1898,1289068
2093,1289100
2265,1289132
1984,1289164
1374,1289196
1516,1289228
919,1289260
728,1289292
461,1289324
268,1289356
88,1289388
0,1289420
19,1289452
235,1289484
467,1289516
695,1289548
842,1289580
1145,1289612
1819,1289644
1560,1289676
2265,1289708
2235,1289740
1626,1289772
1755,1289804
1483,1289836
936,1289868
1018,1289900
797,1289932
681,1289964
301,1289996
104,1290028
425,1290060
567,1290092
448,1290124
1066,1290156
896,1290188
1188,1290220
1725,1290252
1644,1290284
2190,1290316
2094,1290348
1591,1290380
1624,1290412
1034,1290444
895,1290476
584,1290508
412,1290540
568,1290572
0,1290604
0,1290636
456,1290668
375,1290700
601,1290732
1102,1290764
1053,1290796
1644,1290828
1422,1290860
2110,1290892
2302,1290924
2126,1290956
1852,1290988
1580,1291020
1385,1291052
1118,1291084
521,1291116
654,1291148
74,1291180
0,1291212
347,1291244
110,1291276
364,1291308
556,1291340
812,1291372
1093,1291404
1271,1291436
1555,1291468
1706,1291500
1915,1291532
2125,1291564
1373,1291596
1630,1291628
1355,1291660
727,1291692
891,1291724
664,1291756
89,1291788
202,1291820
318,1291852
663,1291884
777,1291916
975,1291948
1279,1291980
1424,1292012
1306,1292044
1982,1292076
1760,1292108
1786,1292140
1952,1292172
1318,1292204
1482,1292236
1224,1292268
695,1292300
761,1292332
188,1292364
43,1292396
0,1292428
54,1292460
653,1292492
505,1292524
731,1292556
1321,1292588
1179,1292620
1452,1292652
2014,1292684
1918,1292716
2189,1292748
1880,1292780
1711,1292812
1351,1292844
1245,1292876
986,1292908
752,1292940
524,1292972
298,1293004
186,1293036
446,1293068
649,1293100
504,1293132
808,1293164
957,1293196
1212,1293228
1408,1293260
1674,1293292
1961,1293324
1690,1293356
1502,1293388
1580,1293420
1048,1293452
823,1293484
512,1293516
365,1293548
557,1293580
0,1293612
345,1293644
527,1293676
409,1293708
987,1293740
1179,1293772
1096,1293804
1632,1293836
1882,1293868
2235,1293900
2208,1293932
1977,1293964
1821,1293996
1502,1294028
912,1294060
1082,1294092
462,1294124
621,1294156
363,1294188
0,1294220
284,1294252
520,1294284
478,1294316
972,1294348
844,1294380
1165,1294412
1296,1294444
1590,1294476
2235,1294508
1834,1294540
1643,1294572
1736,1294604
1178,1294636
957,1294668
1005,1294700
505,1294732
620,1294764
381,1294796
182,1294828
394,1294860
654,1294892
856,1294924
1049,1294956
1307,1294988
1502,1295020
1359,1295052
1671,1295084
1834,1295116
1724,1295148
1483,1295180
1262,1295212
1063,1295244
807,1295276
612,1295308
716,1295340
152,1295372
0,1295404
283,1295436
126,1295468
766,1295500
504,1295532
1207,1295564
1401,1295596
1212,1295628
1865,1295660
2104,1295692
1960,1295724
2108,1295756
1838,1295788
1719,1295820
1368,1295852
1103,1295884
953,1295916
649,1295948
75,1295980
254,1296012
0,1296044
522,1296076
726,1296108
568,1296140
1167,1296172
1374,1296204
1303,1296236
1836,1296268
1708,1296300
1934,1296332
2075,1296364
1432,1296396
1597,1296428
968,1296460
747,1296492
875,1296524
298,1296556
107,1296588
173,1296620
43,1296652
605,1296684
489,1296716
1064,1296748
1258,1296780
1525,1296812
1724,1296844
1952,1296876
2189,1296908
2203,1296940
1933,1296972
1348,1297004
1465,1297036
859,1297068
992,1297100
408,1297132
217,1297164
0,1297196
0,1297228
84,1297260
264,1297292
522,1297324
758,1297356
978,1297388
1207,1297420
1359,1297452
1673,1297484
2351,1297516
1750,1297548
1981,1297580
1705,1297612
1420,1297644
1241,1297676
968,1297708
427,1297740
506,1297772
272,1297804
315,1297836
399,1297868
632,1297900
939,1297932
1085,1297964
1384,1297996
1584,1298028
1416,1298060
1707,1298092
2264,1298124
1720,1298156
1790,1298188
1573,1298220
1068,1298252
841,1298284
522,1298316
381,1298348
64,1298380
0,1298412
311,1298444
168,1298476
428,1298508
974,1298540
884,1298572
1113,1298604
1341,1298636
1573,1298668
2186,1298700
1848,1298732
2064,1298764
1802,1298796
1595,1298828
1326,1298860
1065,1298892
493,1298924
600,1298956
20,1298988
125,1299020
0,1299052
171,1299084
392,1299116
620,1299148
875,1299180
1082,1299212
1324,1299244
1610,1299276
1789,1299308
1853,1299340
1548,1299372
1388,1299404
1595,1299436
858,1299468
1101,1299500
841,1299532
587,1299564
375,1299596
180,1299628
73,1299660
654,1299692
841,1299724
1179,1299756
1291,1299788
1488,1299820
1805,1299852
1961,1299884
1823,1299916
2174,1299948
1484,1299980
1258,1300012
1422,1300044
807,1300076
955,1300108
703,1300140
183,1300172
0,1300204
0,1300236
139,1300268
293,1300300
568,1300332
1181,1300364
1016,1300396
1242,1300428
1836,1300460
1705,1300492
1980,1300524
1719,1300556
1529,1300588
1659,1300620
1344,1300652
1183,1300684
926,1300716
730,1300748
464,1300780
236,1300812
0,1300844
510,1300876
712,1300908
960,1300940
1160,1300972
1018,1301004
1616,1301036
1479,1301068
1738,1301100
1839,1301132
1628,1301164
1448,1301196
1166,1301228
987,1301260
1055,1301292
537,1301324
309,1301356
19,1301388
0,1301420
429,1301452
588,1301484
864,1301516
1053,1301548
921,1301580
1503,1301612
1705,1301644
1607,1301676
2169,1301708
2188,1301740
2073,1301772
1680,1301804
1449,1301836
1296,1301868
975,1301900
411,1301932
571,1301964
0,1301996
135,1302028
350,1302060
283,1302092
551,1302124
1033,1302156
989,1302188
1486,1302220
1358,1302252
1689,1302284
1822,1302316
1774,1302348
1950,1302380
1310,1302412
1128,1302444
858,1302476
667,1302508
445,1302540
487,1302572
0,1302604
256,1302636
475,1302668
718,1302700
912,1302732
744,1302764
1372,1302796
1566,1302828
1839,1302860
2031,1302892
1885,1302924
2043,1302956
1433,1302988
1200,1303020
970,1303052
747,1303084
552,1303116
294,1303148
100,1303180
200,1303212
0,1303244
188,1303276
811,1303308
637,1303340
1302,1303372
1439,1303404
1739,1303436
1929,1303468
1737,1303500
2285,1303532
2058,1303564
1447,1303596
1582,1303628
1306,1303660
1189,1303692
845,1303724
600,1303756
431,1303788
123,1303820
0,1303852
602,1303884
397,1303916
1038,1303948
1241,1303980
1068,1304012
1359,1304044
1904,1304076
1831,1304108
2152,1304140
1548,1304172
1405,1304204
1086,1304236
909,1304268
1083,1304300
458,1304332
235,1304364
352,1304396
0,1304428
91,1304460
635,1304492
541,1304524
1129,1304556
1001,1304588
1581,1304620
1788,1304652
1597,1304684
2254,1304716
2144,1304748
1904,1304780
1674,1304812
1403,1304844
736,1304876
941,1304908
351,1304940
480,1304972
0,1305004
0,1305036
58,1305068
314,1305100
583,1305132
761,1305164
1034,1305196
1261,1305228
1493,1305260
1724,1305292
2379,1305324
1739,1305356
1949,1305388
1228,1305420
1453,1305452
1181,1305484
599,1305516
717,1305548
446,1305580
0,1305612
262,1305644
496,1305676
831,1305708
922,1305740
1147,1305772
1455,1305804
1609,1305836
1915,1305868
2122,1305900
1838,1305932
1670,1305964
1742,1305996
1196,1306028
1262,1306060
1051,1306092
554,1306124
587,1306156
24,1306188
0,1306220
0,1306252
218,1306284
842,1306316
679,1306348
940,1306380
1496,1306412
1400,1306444
1629,1306476
1865,1306508
1881,1306540
2013,1306572
1323,1306604
1534,1306636
1272,1306668
1070,1306700
810,1306732
539,1306764
347,1306796
119,1306828
5,1306860
590,1306892
447,1306924
682,1306956
896,1306988
1132,1307020
1387,1307052
1594,1307084
1852,1307116
1801,1307148
1512,1307180
1335,1307212
1501,1307244
875,1307276
1080,1307308
346,1307340
588,1307372
315,1307404
0,1307436
477,1307468
712,1307500
584,1307532
1164,1307564
1355,1307596
1704,1307628
1817,1307660
2026,1307692
2335,1307724
2016,1307756
1435,1307788
1644,1307820
972,1307852
748,1307884
910,1307916
297,1307948
440,1307980
187,1308012
0,1308044
457,1308076
336,1308108
663,1308140
795,1308172
1068,1308204
1707,1308236
1529,1308268
1768,1308300
2268,1308332
1659,1308364
1466,1308396
1194,1308428
1015,1308460
1135,1308492
830,1308524
671,1308556
410,1308588
201,1308620
344,1308652
573,1308684
794,1308716
1024,1308748
1225,1308780
1486,1308812
1688,1308844
1535,1308876
2144,1308908
1785,1308940
1578,1308972
1309,1309004
1114,1309036
935,1309068
654,1309100
475,1309132
263,1309164
25,1309196
0,1309228
5,1309260
310,1309292
957,1309324
701,1309356
1385,1309388
1577,1309420
1436,1309452
2041,1309484
2233,1309516
1799,1309548
1887,1309580
1656,1309612
1533,1309644
1152,1309676
926,1309708
780,1309740
472,1309772
0,1309804
212,1309836
60,1309868
665,1309900
864,1309932
792,1309964
1321,1309996
1551,1310028
1513,1310060
2022,1310092
1884,1310124
1757,1310156
1422,1310188
1257,1310220
1423,1310252
797,1310284
617,1310316
346,1310348
156,1310380
0,1310412
250,1310444
205,1310476
780,1310508
1001,1310540
1240,1310572
1431,1310604
1706,1310636
1900,1310668
2093,1310700
2265,1310732
1981,1310764
1370,1310796
1513,1310828
920,1310860
683,1310892
456,1310924
233,1310956
39,1310988
0,1311020
0,1311052
247,1311084
425,1311116
697,1311148
1323,1311180
1145,1311212
1821,1311244
1542,1311276
2267,1311308
2233,1311340
1573,1311372
1757,1311404
1520,1311436
935,1311468
1056,1311500
795,1311532
523,1311564
331,1311596
108,1311628
427,1311660
569,1311692
460,1311724
1110,1311756
908,1311788
1564,1311820
1769,1311852
1592,1311884
2233,1311916
2093,1311948
1544,1311980
1612,1312012
1024,1312044
893,1312076
574,1312108
399,1312140
557,1312172
0,1312204
0,1312236
462,1312268
332,1312300
607,1312332
1146,1312364
1063,1312396
1645,1312428
1514,1312460
2111,1312492
2312,1312524
2123,1312556
1854,1312588
1615,1312620
1376,1312652
1149,1312684
889,1312716
685,1312748
426,1312780
0,1312812
240,1312844
112,1312876
377,1312908
560,1312940
816,1312972
1095,1313004
1273,1313036
1557,1313068
1787,1313100
1912,1313132
1676,1313164
1374,1313196
1213,1313228
1419,1313260
715,1313292
937,1313324
667,1313356
85,1313388
191,1313420
328,1313452
553,1313484
780,1313516
1008,1313548
1352,1313580
1433,1313612
1674,1313644
1991,1313676
2137,1313708
2219,1313740
1950,1313772
1308,1313804
1144,1313836
1213,1313868
682,1313900
750,1313932
538,1313964
43,1313996
105,1314028
11,1314060
318,1314092
454,1314124
734,1314156
1356,1314188
1189,1314220
1463,1314252
2016,1314284
1927,1314316
1817,1314348
1580,1314380
1353,1314412
1480,1314444
810,1314476
1008,1314508
752,1314540
544,1314572
296,1314604
190,1314636
445,1314668
649,1314700
508,1314732
1101,1314764
959,1314796
1193,1314828
1418,1314860
1656,1314892
1913,1314924
1659,1314956
1450,1314988
1273,1315020
998,1315052
819,1315084
989,1315116
361,1315148
555,1315180
0,1315212
347,1315244
539,1315276
373,1315308
989,1315340
1228,1315372
1403,1315404
1689,1315436
1883,1315468
2235,1315500
2239,1315532
1978,1315564
1819,1315596
1498,1315628
910,1315660
1117,1315692
462,1315724
248,1315756
393,1315788
0,1315820
319,1315852
521,1315884
455,1315916
971,1315948
857,1315980
1175,1316012
1769,1316044
1596,1316076
2237,1316108
1823,1316140
1607,1316172
1738,1316204
1133,1316236
955,1316268
681,1316300
503,1316332
617,1316364
317,1316396
185,1316428
399,1316460
665,1316492
858,1316524
1084,1316556
1322,1316588
1549,1316620
1742,1316652
2013,1316684
2208,1316716
1721,1316748
1867,1316780
1257,1316812
1062,1316844
795,1316876
859,1316908
415,1316940
155,1316972
0,1317004
0,1317036
136,1317068
352,1317100
506,1317132
811,1317164
1471,1317196
1215,1317228
1915,1317260
2105,1317292
2286,1317324
2107,1317356
1835,1317388
1275,1317420
1359,1317452
1134,1317484
1019,1317516
639,1317548
414,1317580
263,1317612
235,1317644
127,1317676
730,1317708
568,1317740
1178,1317772
1386,1317804
1295,1317836
1838,1317868
2086,1317900
1930,1317932
1702,1317964
1371,1317996
1241,1318028
907,1318060
742,1318092
906,1318124
296,1318156
103,1318188
0,1318220
40,1318252
269,1318284
766,1318316
717,1318348
1304,1318380
1529,1318412
1758,1318444
1962,1318476
2235,1318508
2204,1318540
1932,1318572
1725,1318604
1454,1318636
858,1318668
989,1318700
398,1318732
172,1318764
0,1318796
0,1318828
38,1318860
222,1318892
488,1318924
757,1318956
936,1318988
1209,1319020
1851,1319052
1672,1319084
2349,1319116
1722,1319148
1979,1319180
1705,1319212
1453,1319244
1229,1319276
1006,1319308
414,1319340
542,1319372
269,1319404
315,1319436
441,1319468
635,1319500
943,1319532
1096,1319564
967,1319596
1630,1319628
1417,1319660
2090,1319692
2296,1319724
1656,1319756
1823,1319788
1562,1319820
1027,1319852
840,1319884
512,1319916
378,1319948
72,1319980
0,1320012
317,1320044
168,1320076
397,1320108
974,1320140
844,1320172
1116,1320204
1663,1320236
1577,1320268
2183,1320300
1933,1320332
2063,1320364
1791,1320396
1593,1320428
1324,1320460
1088,1320492
492,1320524
635,1320556
365,1320588
159,1320620
303,1320652
169,1320684
759,1320716
620,1320748
878,1320780
1080,1320812
1326,1320844
1613,1320876
1800,1320908
1850,1320940
1623,1320972
1384,1321004
1161,1321036
857,1321068
701,1321100
905,1321132
587,1321164
415,1321196
185,1321228
82,1321260
655,1321292
842,1321324
761,1321356
1292,1321388
1532,1321420
1883,1321452
1963,1321484
2202,1321516
2172,1321548
1851,1321580
1689,1321612
1422,1321644
799,1321676
621,1321708
700,1321740
184,1321772
0,1321804
174,1321836
151,1321868
635,1321900
510,1321932
829,1321964
968,1321996
1246,1322028
1884,1322060
1706,1322092
1981,1322124
2089,1322156
1516,1322188
1293,1322220
1066,1322252
839,1322284
955,1322316
298,1322348
492,1322380
235,1322412
0,1322444
510,1322476
704,1322508
970,1322540
1163,1322572
1022,1322604
1624,1322636
1480,1322668
1710,1322700
1832,1322732
1606,1322764
1400,1322796
1134,1322828
937,1322860
761,1322892
489,1322924
308,1322956
11,1322988
0,1323020
440,1323052
585,1323084
871,1323116
1056,1323148
883,1323180
1513,1323212
1760,1323244
1612,1323276
2220,1323308
2188,1323340
2063,1323372
1708,1323404
1439,1323436
1291,1323468
974,1323500
411,1323532
605,1323564
0,1323596
0,1323628
384,1323660
232,1323692
519,1323724
1038,1323756
964,1323788
1486,1323820
1370,1323852
1690,1323884
1832,1323916
1774,1323948
1949,1323980
1306,1324012
1084,1324044
1214,1324076
621,1324108
442,1324140
175,1324172
0,1324204
255,1324236
427,1324268
727,1324300
920,1324332
745,1324364
1374,1324396
1611,1324428
1837,1324460
2077,1324492
2270,1324524
2078,1324556
1805,1324588
1197,1324620
1328,1324652
743,1324684
550,1324716
286,1324748
101,1324780
0,1324812
0,1324844
188,1324876
702,1324908
637,1324940
872,1324972
1501,1325004
1323,1325036
1999,1325068
1739,1325100
2331,1325132
2047,1325164
1448,1325196
1577,1325228
1306,1325260
761,1325292
844,1325324
607,1325356
496,1325388
119,1325420
288,1325452
600,1325484
748,1325516
624,1325548
1238,1325580
1071,1325612
1366,1325644
1914,1325676
1832,1325708
2142,1325740
1912,1325772
1403,1325804
1436,1325836
862,1325868
717,1325900
408,1325932
236,1325964
380,1325996
0,1326028
103,1326060
281,1326092
551,1326124
781,1326156
1280,1326188
1238,1326220
1824,1326252
1600,1326284
2288,1326316
2144,1326348
1944,1326380
1672,1326412
1403,1326444
1208,1326476
939,1326508
346,1326540
477,1326572
0,1326604
0,1326636
56,1326668
293,1326700
540,1326732
743,1326764
986,1326796
1566,1326828
1448,1326860
1735,1326892
2380,1326924
1736,1326956
1947,1326988
1196,1327020
1446,1327052
1179,1327084
541,1327116
715,1327148
491,1327180
0,1327212
302,1327244
494,1327276
840,1327308
953,1327340
1148,1327372
1465,1327404
1610,1327436
1481,1327468
2170,1327500
1835,1327532
1606,1327564
1772,1327596
1134,1327628
1303,1327660
1040,1327692
519,1327724
572,1327756
19,1327788
0,1327820
0,1327852
233,1327884
841,1327916
678,1327948
907,1327980
1496,1328012
1357,1328044
1630,1328076
2201,1328108
1869,1328140
2006,1328172
1695,1328204
1529,1328236
1260,1328268
1065,1328300
810,1328332
571,1328364
346,1328396
155,1328428
373,1328460
624,1328492
816,1328524
681,1328556
1274,1328588
1134,1328620
1391,1328652
1596,1328684
1851,1328716
1788,1328748
1512,1328780
1332,1328812
1100,1328844
873,1328876
648,1328908
681,1328940
189,1328972
383,1329004
0,1329036
523,1329068
720,1329100
586,1329132
1167,1329164
1358,1329196
1271,1329228
1822,1329260
2061,1329292
2411,1329324
2026,1329356
1790,1329388
1640,1329420
1323,1329452
745,1329484
906,1329516
296,1329548
108,1329580
186,1329612
0,1329644
463,1329676
701,1329708
668,1329740
1149,1329772
1020,1329804
1342,1329836
1480,1329868
1772,1329900
2302,1329932
1656,1329964
1463,1329996
1552,1330028
1004,1330060
781,1330092
828,1330124
331,1330156
442,1330188
0,1330220
376,1330252
572,1330284
840,1330316
1024,1330348
1225,1330380
1483,1330412
1687,1330444
1536,1330476
2156,1330508
1785,1330540
1545,1330572
1803,1330604
1094,1330636
888,1330668
622,1330700
428,1330732
252,1330764
0,1330796
0,1330828
9,1330860
309,1330892
955,1330924
684,1330956
1387,1330988
1578,1331020
1396,1331052
2045,1331084
2283,1331116
1790,1331148
1932,1331180
1656,1331212
1531,1331244
1193,1331276
925,1331308
777,1331340
472,1331372
0,1331404
254,1331436
60,1331468
294,1331500
905,1331532
732,1331564
1354,1331596
1552,1331628
1479,1331660
2016,1331692
1895,1331724
1753,1331756
1420,1331788
1256,1331820
1421,1331852
794,1331884
571,1331916
698,1331948
120,1331980
0,1332012
296,1332044
215,1332076
783,1332108
939,1332140
1239,1332172
1436,1332204
1705,1332236
1902,1332268
2140,1332300
2255,1332332
2022,1332364
1743,1332396
1548,1332428
1277,1332460
686,1332492
535,1332524
223,1332556
42,1332588
0,1332620
0,1332652
253,1332684
428,1332716
699,1332748
1216,1332780
1157,1332812
1385,1332844
1532,1332876
1851,1332908
2299,1332940
1564,1332972
1803,1333004
1518,1333036
923,1333068
1053,1333100
791,1333132
253,1333164
318,1333196
142,1333228
493,1333260
575,1333292
812,1333324
1117,1333356
1261,1333388
1136,1333420
1771,1333452
1596,1333484
2233,1333516
2090,1333548
1533,1333580
1612,1333612
1384,1333644
889,1333676
923,1333708
356,1333740
217,1333772
0,1333804
0,1333836
496,1333868
341,1333900
603,1333932
1152,1333964
1063,1333996
1289,1334028
1808,1334060
1754,1334092
2364,1334124
2119,1334156
1884,1334188
1612,1334220
1419,1334252
1150,1334284
888,1334316
685,1334348
424,1334380
0,1334412
0,1334444
112,1334476
336,1334508
560,1334540
803,1334572
1052,1334604
1254,1334636
1509,1334668
2104,1334700
1854,1334732
1674,1334764
1853,1334796
1211,1334828
1415,1334860
682,1334892
926,1334924
667,1334956
39,1334988
185,1335020
368,1335052
249,1335084
824,1335116
1015,1335148
1356,1335180
1468,1335212
1673,1335244
1995,1335276
2141,1335308
1774,1335340
1991,1335372
1308,1335404
1502,1335436
1244,1335468
621,1335500
777,1335532
536,1335564
16,1335596
105,1335628
9,1335660
327,1335692
903,1335724
744,1335756
1358,1335788
1190,1335820
1429,1335852
2026,1335884
1885,1335916
1817,1335948
1911,1335980
1343,1336012
1471,1336044
889,1336076
1015,1336108
748,1336140
550,1336172
288,1336204
233,1336236
456,1336268
696,1336300
887,1336332
775,1336364
1336,1336396
1196,1336428
1800,1336460
1659,1336492
1924,1336524
1655,1336556
1450,1336588
1271,1336620
998,1336652
821,1336684
587,1336716
361,1336748
138,1336780
0,1336812
0,1336844
619,1336876
378,1336908
1049,1336940
1230,1336972
1407,1337004
1695,1337036
1886,1337068
1799,1337100
2239,1337132
2000,1337164
1885,1337196
1486,1337228
1263,1337260
1115,1337292
808,1337324
650,1337356
382,1337388
0,1337420
16,1337452
536,1337484
454,1337516
974,1337548
1211,1337580
1176,1337612
1405,1337644
1534,1337676
1870,1337708
1772,1337740
1597,1337772
1772,1337804
1129,1337836
951,1337868
1034,1337900
487,1337932
269,1337964
41,1337996
0,1338028
432,1338060
235,1338092
896,1338124
1088,1338156
1354,1338188
1560,1338220
1752,1338252
1636,1338284
2218,1338316
1720,1338348
1856,1338380
1247,1338412
1032,1338444
793,1338476
570,1338508
376,1338540
124,1338572
0,1338604
0,1338636
88,1338668
361,1338700
509,1338732
810,1338764
1479,1338796
1196,1338828
1916,1338860
2107,1338892
2332,1338924
2105,1338956
1871,1338988
1271,1339020
1400,1339052
1130,1339084
1015,1339116
671,1339148
409,1339180
255,1339212
234,1339244
126,1339276
777,1339308
574,1339340
806,1339372
1419,1339404
1254,1339436
1883,1339468
2092,1339500
1893,1339532
1693,1339564
1368,1339596
1227,1339628
910,1339660
734,1339692
903,1339724
280,1339756
71,1339788
168,1339820
4,1339852
279,1339884
456,1339916
715,1339948
1303,1339980
1455,1340012
1767,1340044
1964,1340076
2237,1340108
2200,1340140
1965,1340172
1336,1340204
1486,1340236
1225,1340268
1023,1340300
763,1340332
170,1340364
304,1340396
0,1340428
41,1340460
224,1340492
488,1340524
759,1340556
938,1340588
1211,1340620
1744,1340652
1672,1340684
1911,1340716
1712,1340748
1559,1340780
1769,1340812
1447,1340844
1263,1340876
1003,1340908
423,1340940
463,1340972
272,1341004
0,1341036
442,1341068
670,1341100
1019,1341132
1088,1341164
1326,1341196
1631,1341228
1788,1341260
1660,1341292
2304,1341324
1647,1341356
1817,1341388
1562,1341420
1028,1341452
830,1341484
872,1341516
376,1341548
399,1341580
0,1341612
0,1341644
124,1341676
398,1341708
1016,1341740
855,1341772
1117,1341804
1306,1341836
1581,1341868
1817,1341900
2218,1341932
1693,1341964
1822,1341996
1591,1342028
1354,1342060
1088,1342092
460,1342124
632,1342156
366,1342188
163,1342220
304,1342252
175,1342284
762,1342316
623,1342348
848,1342380
1080,1342412
1308,1342444
1571,1342476
1768,1342508
1802,1342540
1919,1342572
1327,1342604
1149,1342636
1323,1342668
698,1342700
894,1342732
587,1342764
411,1342796
185,1342828
37,1342860
663,1342892
888,1342924
761,1342956
1340,1342988
1533,1343020
1883,1343052
2008,1343084
2204,1343116
2171,1343148
1849,1343180
1254,1343212
1465,1343244
796,1343276
988,1343308
732,1343340
119,1343372
0,1343404
185,1343436
119,1343468
636,1343500
519,1343532
840,1343564
970,1343596
1246,1343628
1885,1343660
1709,1343692
1947,1343724
2079,1343756
1479,1343788
1289,1343820
1385,1343852
829,1343884
957,1343916
381,1343948
491,1343980
224,1344012
0,1344044
520,1344076
751,1344108
972,1344140
1209,1344172
1401,1344204
1662,1344236
1867,1344268
1712,1344300
2208,1344332
1599,1344364
1389,1344396
1135,1344428
937,1344460
759,1344492
486,1344524
309,1344556
75,1344588
0,1344620
24,1344652
637,1344684
475,1344716
1131,1344748
887,1344780
1567,1344812
1755,1344844
1621,1344876
2221,1344908
2176,1344940
1613,1344972
1707,1345004
1470,1345036
1355,1345068
975,1345100
752,1345132
600,1345164
296,1345196
185,1345228
395,1345260
236,1345292
520,1345324
1038,1345356
966,1345388
1498,1345420
1736,1345452
1703,1345484
2201,1345516
1710,1345548
1577,1345580
1253,1345612
1094,1345644
1244,1345676
620,1345708
442,1345740
512,1345772
0,1345804
0,1345836
155,1345868
381,1345900
960,1345932
748,1345964
1418,1345996
1614,1346028
1887,1346060
2090,1346092
2271,1346124
2075,1346156
1803,1346188
0,1346220
109,1346252
0,1346284
0,1346316
0,1346348
0,1346380
0,1346412
0,1346444
0,1346476
0,1346508
0,1346540
0,1346572
213,1346604
0,1346636
235,1346668
0,1346700
215,1346732
169,1346764
0,1346796
167,1346828
169,1346860
0,1346892
168,1346924
135,1346956
235,1346988
125,1347020
101,1347052
169,1347084
92,1347116
0,1347148
181,1347180
0,1347212
0,1347244
146,1347276
0,1347308
123,1347340
103,1347372
0,1347404
91,1347436
0,1347468
0,1347500
0,1347532
0,1347564
185,1347596
0,1347628
0,1347660
151,1347692
0,1347724
0,1347756
0,1347788
0,1347820
185,1347852
115,1347884
173,1347916
150,1347948
181,1347980
150,1348012
151,1348044
142,1348076
139,1348108
117,1348140
139,1348172
105,1348204
0,1348236
105,1348268
0,1348300
0,1348332
0,1348364
0,1348396
0,1348428
0,1348460
0,1348492
0,1348524
0,1348556
0,1348588
0,1348620
0,1348652
245,1348684
0,1348716
217,1348748
171,1348780
0,1348812
169,1348844
133,1348876
0,1348908
123,1348940
131,1348972
237,1349004
101,1349036
93,1349068
175,1349100
101,1349132
0,1349164
125,1349196
0,1349228
131,1349260
103,1349292
0,1349324
91,1349356
102,1349388
0,1349420
91,1349452
0,1349484
0,1349516
0,1349548
0,1349580
183,1349612
0,1349644
0,1349676
0,1349708
0,1349740
0,1349772
107,1349804
0,1349836
183,1349868
183,1349900
174,1349932
152,1349964
174,1349996
150,1350028
109,1350060
141,1350092
107,1350124
0,1350156
107,1350188
0,1350220
0,1350252
0,1350284
0,1350316
0,1350348
0,1350380
0,1350412
0,1350444
0,1350476
0,1350508
215,1350540
0,1350572
235,1350604
0,1350636
215,1350668
169,1350700
0,1350732
169,1350764
169,1350796
0,1350828
168,1350860
133,1350892
91,1350924
121,1350956
105,1350988
169,1351020
103,1351052
0,1351084
179,1351116
0,1351148
163,1351180
134,1351212
0,1351244
123,1351276
104,1351308
0,1351340
91,1351372
0,1351404
0,1351436
0,1351468
0,1351500
183,1351532
0,1351564
0,1351596
152,1351628
0,1351660
0,1351692
151,1351724
0,1351756
185,1351788
0,1351820
181,1351852
150,1351884
173,1351916
142,1351948
151,1351980
142,1352012
151,1352044
109,1352076
149,1352108
107,1352140
0,1352172
107,1352204
0,1352236
0,1352268
0,1352300
0,1352332
0,1352364
0,1352396
0,1352428
0,1352460
0,1352492
0,1352524
0,1352556
0,1352588
237,1352620
0,1352652
217,1352684
181,1352716
0,1352748
169,1352780
135,1352812
125,1352844
123,1352876
124,1352908
249,1352940
99,1352972
171,1353004
181,1353036
101,1353068
155,1353100
135,1353132
0,1353164
0,1353196
103,1353228
0,1353260
91,1353292
103,1353324
0,1353356
91,1353388
0,1353420
0,1353452
0,1353484
0,1353516
183,1353548
0,1353580
0,1353612
152,1353644
0,1353676
0,1353708
0,1353740
0,1353772
184,1353804
0,1353836
174,1353868
152,1353900
174,1353932
152,1353964
108,1353996
149,1354028
107,1354060
0,1354092
107,1354124
0,1354156
0,1354188
0,1354220
0,1354252
0,1354284
0,1354316
0,1354348
0,1354380
0,1354412
0,1354444
219,1354476
0,1354508
235,1354540
0,1354572
215,1354604
173,1354636
0,1354668
169,1354700
167,1354732
123,1354764
171,1354796
135,1354828
237,1354860
133,1354892
103,1354924
175,1354956
101,1354988
0,1355020
169,1355052
0,1355084
0,1355116
133,1355148
0,1355180
122,1355212
103,1355244
0,1355276
91,1355308
0,1355340
0,1355372
183,1355404
0,1355436
183,1355468
0,1355500
0,1355532
152,1355564
0,1355596
0,1355628
0,1355660
0,1355692
181,1355724
119,1355756
181,1355788
152,1355820
173,1355852
150,1355884
151,1355916
141,1355948
139,1355980
117,1356012
140,1356044
109,1356076
0,1356108
107,1356140
0,1356172
0,1356204
0,1356236
0,1356268
0,1356300
0,1356332
0,1356364
0,1356396
0,1356428
0,1356460
0,1356492
0,1356524
238,1356556
0,1356588
217,1356620
171,1356652
123,1356684
167,1356716
132,1356748
0,1356780
123,1356812
133,1356844
235,1356876
99,1356908
105,1356940
171,1356972
103,1357004
0,1357036
135,1357068
0,1357100
131,1357132
103,1357164
0,1357196
99,1357228
103,1357260
0,1357292
0,1357324
0,1357356
0,1357388
0,1357420
0,1357452
183,1357484
0,1357516
0,1357548
0,1357580
0,1357612
0,1357644
119,1357676
0,1357708
184,1357740
183,1357772
174,1357804
152,1357836
180,1357868
150,1357900
109,1357932
141,1357964
115,1357996
0,1358028
105,1358060
0,1358092
0,1358124
0,1358156
0,1358188
0,1358220
0,1358252
0,1358284
0,1358316
0,1358348
0,1358380
215,1358412
0,1358444
235,1358476
0,1358508
215,1358540
173,1358572
163,1358604
167,1358636
168,1358668
0,1358700
167,1358732
133,1358764
251,1358796
123,1358828
103,1358860
173,1358892
101,1358924
0,1358956
169,1358988
0,1359020
155,1359052
135,1359084
0,1359116
131,1359148
101,1359180
0,1359212
0,1359244
0,1359276
0,1359308
0,1359340
0,1359372
185,1359404
0,1359436
0,1359468
152,1359500
0,1359532
0,1359564
151,1359596
0,1359628
181,1359660
0,1359692
173,1359724
152,1359756
173,1359788
148,1359820
151,1359852
0,1359884
140,1359916
115,1359948
139,1359980
106,1360012
0,1360044
103,1360076
0,1360108
0,1360140
0,1360172
0,1360204
0,1360236
0,1360268
0,1360300
0,1360332
0,1360364
0,1360396
0,1360428
0,1360460
237,1360492
157,1360524
217,1360556
171,1360588
0,1360620
169,1360652
135,1360684
0,1360716
133,1360748
125,1360780
239,1360812
99,1360844
101,1360876
173,1360908
99,1360940
157,1360972
125,1361004
0,1361036
0,1361068
103,1361100
0,1361132
0,1361164
103,1361196
0,1361228
99,1361260
0,1361292
0,1361324
0,1361356
0,1361388
182,1361420
0,1361452
0,1361484
152,1361516
0,1361548
0,1361580
0,1361612
0,1361644
184,1361676
0,1361708
174,1361740
152,1361772
0,1361804
152,1361836
107,1361868
151,1361900
107,1361932
0,1361964
105,1361996
0,1362028
0,1362060
0,1362092
0,1362124
0,1362156
0,1362188
0,1362220
0,1362252
0,1362284
0,1362316
0,1362348
0,1362380
237,1362412
163,1362444
203,1362476
173,1362508
0,1362540
167,1362572
171,1362604
0,1362636
168,1362668
131,1362700
235,1362732
123,1362764
99,1362796
171,1362828
101,1362860
0,1362892
171,1362924
0,1362956
0,1362988
135,1363020
0,1363052
0,1363084
102,1363116
0,1363148
101,1363180
0,1363212
0,1363244
0,1363276
0,1363308
185,1363340
0,1363372
0,1363404
152,1363436
0,1363468
0,1363500
0,1363532
0,1363564
185,1363596
119,1363628
181,1363660
152,1363692
0,1363724
152,1363756
150,1363788
142,1363820
140,1363852
115,1363884
139,1363916
109,1363948
0,1363980
107,1364012
0,1364044
