703,44
936,76
1575,108
1386,140
1672,172
2282,204
1798,236
1981,268
1334,300
1512,332
1231,364
1048,396
775,428
542,460
311,492
250,524
441,556
287,588
891,620
1088,652
1352,684
1550,716
1419,748
2016,780
1884,812
1720,844
1423,876
1256,908
1031,940
794,972
567,1004
640,1036
119,1068
0,1100
313,1132
205,1164
781,1196
969,1228
1231,1260
1438,1292
1303,1324
1903,1356
2142,1388
1931,1420
2026,1452
1754,1484
1597,1516
1279,1548
687,1580
873,1612
232,1644
42,1676
136,1708
0,1740
537,1772
764,1804
696,1836
922,1868
1080,1900
1373,1932
1532,1964
1801,1996
2301,2028
1564,2060
1388,2092
1517,2124
934,2156
709,2188
475,2220
249,2252
415,2284
119,2316
463,2348
651,2380
923,2412
1103,2444
1292,2476
1133,2508
1760,2540
1965,2572
2232,2604
2090,2636
1852,2668
1614,2700
1386,2732
798,2764
924,2796
350,2828
172,2860
0,2892
0,2924
152,2956
342,2988
601,3020
829,3052
1052,3084
1288,3116
1881,3148
2120,3180
2362,3212
1720,3244
1887,3276
1625,3308
1064,3340
1152,3372
889,3404
731,3436
428,3468
0,3500
318,3532
111,3564
343,3596
974,3628
794,3660
1432,3692
1629,3724
1510,3756
1790,3788
1838,3820
1684,3852
1369,3884
1144,3916
1417,3948
715,3980
490,4012
663,4044
40,4076
0,4108
0,4140
247,4172
875,4204
1016,4236
1325,4268
1515,4300
1788,4332
1982,4364
2220,4396
1774,4428
1992,4460
1711,4492
1514,4524
1244,4556
976,4588
782,4620
527,4652
0,4684
103,4716
17,4748
282,4780
448,4812
732,4844
955,4876
1190,4908
1415,4940
1691,4972
1881,5004
1815,5036
1945,5068
1351,5100
1483,5132
846,5164
1014,5196
751,5228
171,5260
295,5292
236,5324
153,5356
684,5388
877,5420
1191,5452
1336,5484
1195,5516
1849,5548
1656,5580
1916,5612
2045,5644
1453,5676
1272,5708
1342,5740
821,5772
879,5804
294,5836
136,5868
0,5900
0,5932
607,5964
368,5996
648,6028
816,6060
1096,6092
1323,6124
1885,6156
1785,6188
2343,6220
1676,6252
1867,6284
1581,6316
1274,6348
1115,6380
846,6412
650,6444
390,6476
119,6508
328,6540
512,6572
749,6604
972,6636
1208,6668
1070,6700
1663,6732
1532,6764
1829,6796
1772,6828
1594,6860
1403,6892
1133,6924
952,6956
725,6988
492,7020
269,7052
0,7084
187,7116
441,7148
282,7180
893,7212
1097,7244
1000,7276
1550,7308
1744,7340
2061,7372
2208,7404
1712,7436
1951,7468
1258,7500
1024,7532
1212,7564
572,7596
378,7628
488,7660
0,7692
187,7724
62,7756
360,7788
505,7820
742,7852
1468,7884
1223,7916
1450,7948
2105,7980
1914,8012
1738,8044
1870,8076
1271,8108
1449,8140
812,8172
989,8204
715,8236
412,8268
253,8300
310,8332
526,8364
764,8396
952,8428
1214,8460
1407,8492
1613,8524
1881,8556
2079,8588
1833,8620
1966,8652
1368,8684
1193,8716
908,8748
743,8780
510,8812
284,8844
60,8876
0,8908
8,8940
265,8972
829,9004
715,9036
1305,9068
1132,9100
1757,9132
1967,9164
1821,9196
2201,9228
1968,9260
1405,9292
1498,9324
1229,9356
1070,9388
767,9420
176,9452
351,9484
0,9516
38,9548
600,9580
486,9612
1050,9644
1278,9676
1209,9708
1741,9740
1600,9772
1902,9804
1711,9836
1514,9868
1196,9900
1052,9932
875,9964
1001,9996
412,10028
199,10060
0,10092
0,10124
525,10156
637,10188
987,10220
1167,10252
1437,10284
1629,10316
1822,10348
2091,10380
2288,10412
2027,10444
1822,10476
1560,10508
1326,10540
1088,10572
863,10604
294,10636
409,10668
0,10700
0,10732
121,10764
394,10796
663,10828
844,10860
1114,10892
1341,10924
1575,10956
1813,10988
1833,11020
2061,11052
1837,11084
1192,11116
1355,11148
1099,11180
552,11212
636,11244
375,11276
0,11308
312,11340
172,11372
843,11404
623,11436
848,11468
1498,11500
1305,11532
1952,11564
2158,11596
1802,11628
1919,11660
1310,11692
1158,11724
856,11756
635,11788
904,11820
205,11852
0,11884
183,11916
29,11948
310,11980
487,12012
756,12044
1384,12076
1531,12108
1863,12140
2043,12172
2327,12204
2167,12236
1930,12268
1687,12300
1456,12332
1183,12364
990,12396
728,12428
472,12460
266,12492
173,12524
60,12556
634,12588
510,12620
794,12652
959,12684
1243,12716
1479,12748
1706,12780
1944,12812
1753,12844
1479,12876
1288,12908
1417,12940
829,12972
965,13004
346,13036
491,13068
237,13100
0,13132
512,13164
750,13196
925,13228
1198,13260
1392,13292
1709,13324
1856,13356
1710,13388
2267,13420
1598,13452
1392,13484
1516,13516
937,13548
761,13580
828,13612
310,13644
365,13676
0,13708
24,13740
172,13772
428,13804
1129,13836
873,13868
1158,13900
1336,13932
1610,13964
1851,13996
2186,14028
1611,14060
1803,14092
1159,14124
1337,14156
1055,14188
873,14220
599,14252
332,14284
171,14316
382,14348
582,14380
840,14412
1034,14444
1261,14476
1488,14508
1725,14540
1596,14572
2200,14604
1710,14636
1532,14668
1246,14700
1080,14732
888,14764
620,14796
439,14828
214,14860
0,14892
0,14924
60,14956
725,14988
957,15020
794,15052
1415,15084
1613,15116
1802,15148
2079,15180
2281,15212
2123,15244
1806,15276
1196,15308
1419,15340
734,15372
510,15404
698,15436
62,15468
0,15500
252,15532
140,15564
704,15596
573,15628
862,15660
1016,15692
1258,15724
1996,15756
2159,15788
1865,15820
2046,15852
1398,15884
1212,15916
1342,15948
756,15980
925,16012
311,16044
461,16076
185,16108
411,16140
591,16172
828,16204
1039,16236
1278,16268
1468,16300
1752,16332
1943,16364
2141,16396
2171,16428
1904,16460
1307,16492
1435,16524
857,16556
680,16588
399,16620
231,16652
16,16684
0,16716
58,16748
327,16780
504,16812
776,16844
1355,16876
1225,16908
1832,16940
1647,16972
2296,17004
2144,17036
1911,17068
1671,17100
1438,17132
893,17164
973,17196
715,17228
557,17260
250,17292
0,17324
463,17356
285,17388
549,17420
1113,17452
998,17484
1566,17516
1805,17548
1734,17580
2271,17612
1660,17644
1498,17676
1689,17708
1000,17740
1243,17772
548,17804
362,17836
488,17868
0,17900
0,17932
190,17964
411,17996
1049,18028
1152,18060
1503,18092
1691,18124
1975,18156
2158,18188
2238,18220
2039,18252
1760,18284
1498,18316
1294,18348
1037,18380
812,18412
576,18444
350,18476
0,18508
296,18540
174,18572
456,18604
622,18636
905,18668
1175,18700
1358,18732
1631,18764
1869,18796
1866,18828
1631,18860
1304,18892
1529,18924
1305,18956
1033,18988
831,19020
585,19052
40,19084
167,19116
375,19148
669,19180
824,19212
683,19244
1356,19276
1134,19308
1371,19340
2026,19372
1832,19404
2138,19436
1867,19468
1274,19500
1398,19532
798,19564
648,19596
813,19628
122,19660
379,19692
0,19724
98,19756
713,19788
542,19820
822,19852
990,19884
1271,19916
1916,19948
2062,19980
2391,20012
2107,20044
1914,20076
1629,20108
1402,20140
1163,20172
942,20204
670,20236
474,20268
206,20300
238,20332
492,20364
688,20396
571,20428
1148,20460
1021,20492
1304,20524
1479,20556
1770,20588
1885,20620
1646,20652
1419,20684
1229,20716
958,20748
776,20780
458,20812
327,20844
443,20876
163,20908
376,20940
575,20972
446,21004
1035,21036
1272,21068
1177,21100
1726,21132
1920,21164
2245,21196
2156,21228
1545,21260
1737,21292
1081,21324
879,21356
992,21388
428,21420
248,21452
315,21484
0,21516
76,21548
232,21580
527,21612
672,21644
937,21676
1655,21708
1390,21740
1675,21772
1863,21804
1790,21836
1563,21868
1656,21900
1387,21932
1275,21964
648,21996
815,22028
541,22060
350,22092
248,22124
442,22156
701,22188
896,22220
1098,22252
1354,22284
1552,22316
1790,22348
2025,22380
2264,22412
1648,22444
1787,22476
1193,22508
1020,22540
734,22572
570,22604
379,22636
118,22668
0,22700
235,22732
215,22764
439,22796
1005,22828
1243,22860
1481,22892
1304,22924
1947,22956
2143,22988
1929,23020
2025,23052
1752,23084
1597,23116
1279,23148
684,23180
903,23212
233,23244
8,23276
169,23308
0,23340
204,23372
768,23404
652,23436
932,23468
1081,23500
1386,23532
1532,23564
1773,23596
2300,23628
1564,23660
1337,23692
1515,23724
876,23756
700,23788
828,23820
247,23852
413,23884
0,23916
471,23948
655,23980
925,24012
1111,24044
1342,24076
1133,24108
1816,24140
1998,24172
2271,24204
2121,24236
1850,24268
1642,24300
1375,24332
796,24364
922,24396
350,24428
170,24460
0,24492
0,24524
119,24556
344,24588
569,24620
1096,24652
1017,24684
1288,24716
1882,24748
1753,24780
2363,24812
1708,24844
1881,24876
1613,24908
1019,24940
1147,24972
926,25004
381,25036
458,25068
201,25100
2175,25132
2157,25164
1581,25196
1979,25228
1813,25260
1680,25292
1255,25324
1451,25356
983,25388
1161,25420
488,25452
729,25484
39,25516
0,25548
377,25580
248,25612
475,25644
701,25676
923,25708
1565,25740
1675,25772
2041,25804
2223,25836
2142,25868
1979,25900
1708,25932
1503,25964
1242,25996
975,26028
782,26060
512,26092
299,26124
109,26156
352,26188
232,26220
810,26252
684,26284
966,26316
1134,26348
1419,26380
1692,26412
1882,26444
1815,26476
1577,26508
1340,26540
1115,26572
794,26604
1003,26636
791,26668
170,26700
319,26732
235,26764
153,26796
687,26828
888,26860
1192,26892
1337,26924
1196,26956
1888,26988
1658,27020
1894,27052
2088,27084
1422,27116
1226,27148
1340,27180
763,27212
876,27244
288,27276
136,27308
0,27340
0,27372
615,27404
368,27436
601,27468
1229,27500
1050,27532
1326,27564
1514,27596
1787,27628
2331,27660
2006,27692
1854,27724
1579,27756
1264,27788
1113,27820
886,27852
651,27884
426,27916
139,27948
362,27980
555,28012
752,28044
1004,28076
1208,28108
1082,28140
1674,28172
1536,28204
1832,28236
1772,28268
1594,28300
1364,28332
1131,28364
905,28396
717,28428
455,28460
266,28492
0,28524
0,28556
443,28588
284,28620
893,28652
1099,28684
967,28716
1551,28748
1800,28780
1703,28812
2254,28844
2104,28876
1947,28908
1627,28940
1022,28972
1211,29004
560,29036
379,29068
480,29100
0,29132
0,29164
428,29196
367,29228
880,29260
744,29292
1038,29324
1194,29356
1452,29388
2183,29420
1915,29452
1736,29484
1452,29516
1270,29548
1039,29580
1134,29612
584,29644
763,29676
410,29708
297,29740
313,29772
585,29804
775,29836
956,29868
1213,29900
1418,29932
1616,29964
1882,29996
2080,30028
2201,30060
1963,30092
1727,30124
1132,30156
1262,30188
682,30220
508,30252
233,30284
56,30316
0,30348
5,30380
265,30412
751,30444
718,30476
939,30508
1080,30540
1768,30572
2011,30604
1830,30636
2237,30668
1965,30700
1400,30732
1487,30764
1224,30796
1069,30828
765,30860
174,30892
379,30924
0,30956
9,30988
639,31020
446,31052
714,31084
1280,31116
1166,31148
1752,31180
1600,31212
1912,31244
1708,31276
1485,31308
1767,31340
1040,31372
827,31404
1001,31436
376,31468
190,31500
315,31532
0,31564
527,31596
681,31628
986,31660
1177,31692
1438,31724
1629,31756
1872,31788
2093,31820
2336,31852
2059,31884
1864,31916
1592,31948
1323,31980
1118,32012
860,32044
284,32076
409,32108
0,32140
0,32172
123,32204
397,32236
631,32268
854,32300
1080,32332
1612,32364
1534,32396
1815,32428
2295,32460
1692,32492
1831,32524
1192,32556
1353,32588
1097,32620
505,32652
633,32684
410,32716
0,32748
346,32780
544,32812
843,32844
991,32876
858,32908
1499,32940
1310,32972
1575,33004
2160,33036
1801,33068
1916,33100
1692,33132
1158,33164
1216,33196
632,33228
471,33260
171,33292
0,33324
253,33356
40,33388
312,33420
889,33452
759,33484
987,33516
1534,33548
1438,33580
2103,33612
2207,33644
2207,33676
1929,33708
1737,33740
1453,33772
794,33804
987,33836
720,33868
462,33900
266,33932
183,33964
413,33996
381,34028
863,34060
744,34092
1322,34124
1195,34156
1482,34188
1657,34220
1945,34252
1753,34284
1476,34316
1287,34348
1063,34380
828,34412
603,34444
286,34476
487,34508
265,34540
0,34572
553,34604
751,34636
928,34668
1210,34700
1406,34732
1718,34764
1867,34796
1712,34828
2299,34860
1596,34892
1359,34924
1560,34956
908,34988
1084,35020
826,35052
263,35084
365,35116
0,35148
23,35180
172,35212
399,35244
1129,35276
1289,35308
1112,35340
1755,35372
1565,35404
1852,35436
2224,35468
1609,35500
1799,35532
1471,35564
1327,35596
1053,35628
871,35660
591,35692
364,35724
173,35756
428,35788
618,35820
878,35852
1069,35884
1271,35916
1196,35948
1728,35980
1596,36012
2202,36044
1707,36076
1532,36108
1245,36140
1071,36172
846,36204
618,36236
392,36268
212,36300
0,36332
0,36364
72,36396
378,36428
957,36460
797,36492
1416,36524
1616,36556
1848,36588
2089,36620
2318,36652
1753,36684
1839,36716
1568,36748
1405,36780
1103,36812
509,36844
697,36876
59,36908
0,36940
255,36972
143,37004
414,37036
939,37068
874,37100
1400,37132
1258,37164
1560,37196
2217,37228
1862,37260
2121,37292
1387,37324
1210,37356
1339,37388
756,37420
525,37452
618,37484
73,37516
231,37548
27,37580
649,37612
829,37644
1099,37676
1289,37708
1480,37740
1741,37772
1946,37804
2144,37836
1831,37868
1901,37900
1672,37932
1424,37964
1200,37996
622,38028
745,38060
170,38092
3,38124
0,38156
66,38188
329,38220
508,38252
778,38284
1264,38316
1228,38348
1463,38380
1596,38412
2299,38444
2185,38476
1897,38508
1707,38540
1437,38572
889,38604
972,38636
712,38668
553,38700
248,38732
0,38764
495,38796
288,38828
512,38860
1160,38892
967,38924
1226,38956
1808,38988
1688,39020
2271,39052
1659,39084
1496,39116
1677,39148
960,39180
1240,39212
538,39244
314,39276
476,39308
0,39340
0,39372
542,39404
413,39436
1051,39468
874,39500
1512,39532
1695,39564
1976,39596
2169,39628
2282,39660
2030,39692
1806,39724
1530,39756
906,39788
1064,39820
810,39852
605,39884
348,39916
0,39948
296,39980
183,40012
456,40044
623,40076
908,40108
1132,40140
1368,40172
1595,40204
2152,40236
1819,40268
1630,40300
1767,40332
1175,40364
1303,40396
1023,40428
838,40460
585,40492
4,40524
171,40556
413,40588
329,40620
862,40652
1056,40684
1367,40716
1516,40748
1371,40780
2031,40812
1834,40844
1740,40876
1866,40908
1275,40940
1390,40972
1164,41004
636,41036
413,41068
120,41100
0,41132
0,41164
102,41196
783,41228
551,41260
823,41292
1403,41324
1272,41356
1502,41388
1738,41420
1962,41452
2155,41484
1789,41516
1677,41548
1401,41580
1209,41612
937,41644
668,41676
62,41708
206,41740
240,41772
496,41804
697,41836
926,41868
1151,41900
1383,41932
1246,41964
1849,41996
1710,42028
1882,42060
1592,42092
1416,42124
1227,42156
956,42188
775,42220
551,42252
315,42284
93,42316
186,42348
379,42380
623,42412
456,42444
1069,42476
1275,42508
1177,42540
1738,42572
1932,42604
2249,42636
2156,42668
1534,42700
1769,42732
1072,42764
855,42796
1037,42828
394,42860
570,42892
312,42924
0,42956
88,42988
235,43020
536,43052
684,43084
912,43116
1655,43148
1392,43180
1628,43212
2283,43244
1737,43276
1558,43308
1274,43340
1092,43372
1263,43404
956,43436
812,43468
541,43500
344,43532
253,43564
488,43596
297,43628
942,43660
1133,43692
1401,43724
1595,43756
1791,43788
2060,43820
2251,43852
1645,43884
1785,43916
1192,43948
1016,43980
732,44012
568,44044
334,44076
108,44108
0,44140
0,44172
183,44204
441,44236
1015,44268
892,44300
1483,44332
1306,44364
1943,44396
2155,44428
1880,44460
2015,44492
1788,44524
1229,44556
1312,44588
1051,44620
893,44652
589,44684
7,44716
165,44748
0,44780
204,44812
768,44844
655,44876
936,44908
1456,44940
1387,44972
1928,45004
1776,45036
1847,45068
1531,45100
1336,45132
1591,45164
876,45196
698,45228
428,45260
244,45292
24,45324
155,45356
77,45388
701,45420
537,45452
1163,45484
1343,45516
1500,45548
1816,45580
2009,45612
2278,45644
2112,45676
1849,45708
1642,45740
1373,45772
1147,45804
603,45836
687,45868
112,45900
233,45932
0,45964
120,45996
295,46028
579,46060
839,46092
1020,46124
1290,46156
1518,46188
1754,46220
1979,46252
1644,46284
1879,46316
1648,46348
1006,46380
1177,46412
921,46444
376,46476
455,46508
198,46540
329,46572
480,46604
348,46636
1018,46668
798,46700
1023,46732
1678,46764
1483,46796
1753,46828
2217,46860
1623,46892
1740,46924
1135,46956
980,46988
672,47020
455,47052
717,47084
29,47116
0,47148
379,47180
211,47212
476,47244
1056,47276
922,47308
1564,47340
1387,47372
2040,47404
2231,47436
2141,47468
1979,47500
1752,47532
1501,47564
1278,47596
1006,47628
814,47660
551,47692
285,47724
142,47756
360,47788
238,47820
811,47852
687,47884
968,47916
1135,47948
1422,47980
1659,48012
1896,48044
1767,48076
1575,48108
1303,48140
1112,48172
1238,48204
654,48236
780,48268
170,48300
315,48332
236,48364
119,48396
695,48428
928,48460
841,48492
1384,48524
1579,48556
1895,48588
2045,48620
1884,48652
2079,48684
1418,48716
1214,48748
1336,48780
762,48812
874,48844
652,48876
132,48908
187,48940
0,48972
199,49004
345,49036
604,49068
1305,49100
1059,49132
1334,49164
1933,49196
1798,49228
1909,49260
1672,49292
1435,49324
1615,49356
1260,49388
1151,49420
876,49452
697,49484
425,49516
138,49548
365,49580
568,49612
760,49644
1017,49676
1214,49708
1447,49740
1675,49772
1913,49804
1774,49836
2136,49868
1530,49900
1356,49932
1068,49964
904,49996
713,50028
452,50060
255,50092
41,50124
0,50156
105,50188
236,50220
895,50252
1144,50284
966,50316
1595,50348
1803,50380
1693,50412
2265,50444
2096,50476
1470,50508
1626,50540
1019,50572
1243,50604
559,50636
335,50668
512,50700
0,50732
233,50764
430,50796
326,50828
890,50860
747,50892
1046,50924
1198,50956
1436,50988
2187,51020
1913,51052
1676,51084
1867,51116
1212,51148
1034,51180
762,51212
584,51244
749,51276
441,51308
292,51340
315,51372
587,51404
777,51436
1004,51468
1223,51500
1464,51532
1658,51564
1930,51596
2124,51628
2199,51660
1992,51692
1724,51724
1128,51756
1259,51788
680,51820
508,51852
222,51884
46,51916
0,51948
7,51980
233,52012
494,52044
684,52076
953,52108
1533,52140
1405,52172
2013,52204
1834,52236
2232,52268
1963,52300
1357,52332
1487,52364
1261,52396
986,52428
798,52460
536,52492
377,52524
135,52556
21,52588
649,52620
459,52652
718,52684
1290,52716
1166,52748
1448,52780
1994,52812
1914,52844
2091,52876
1480,52908
1319,52940
1016,52972
816,53004
1067,53036
364,53068
186,53100
0,53132
0,53164
141,53196
682,53228
588,53260
1225,53292
1039,53324
1691,53356
1881,53388
2157,53420
2331,53452
2058,53484
1853,53516
1584,53548
1312,53580
1117,53612
859,53644
635,53676
399,53708
171,53740
0,53772
464,53804
350,53836
632,53868
805,53900
1082,53932
1353,53964
1544,53996
1818,54028
1918,54060
1688,54092
1451,54124
1130,54156
1351,54188
1129,54220
504,54252
665,54284
400,54316
121,54348
351,54380
551,54412
845,54444
1002,54476
860,54508
1545,54540
1310,54572
1536,54604
2208,54636
1769,54668
1564,54700
1688,54732
1100,54764
1214,54796
621,54828
471,54860
160,54892
0,54924
263,54956
429,54988
266,55020
891,55052
715,55084
988,55116
1582,55148
1447,55180
2104,55212
1914,55244
2204,55276
1919,55308
1725,55340
1451,55372
1226,55404
985,55436
762,55468
493,55500
298,55532
217,55564
415,55596
671,55628
872,55660
747,55692
1325,55724
1197,55756
1482,55788
1659,55820
1943,55852
1705,55884
1468,55916
1240,55948
1052,55980
791,56012
600,56044
715,56076
151,56108
267,56140
0,56172
555,56204
763,56236
974,56268
1211,56300
1440,56332
1353,56364
1914,56396
2109,56428
2295,56460
1976,56492
1359,56524
1550,56556
904,56588
713,56620
824,56652
251,56684
361,56716
121,56748
27,56780
543,56812
410,56844
702,56876
1339,56908
1116,56940
1835,56972
1576,57004
1852,57036
2219,57068
1610,57100
1384,57132
1146,57164
920,57196
1099,57228
748,57260
635,57292
363,57324
237,57356
427,57388
620,57420
877,57452
1080,57484
1273,57516
1532,57548
1738,57580
1968,57612
2204,57644
2076,57676
1468,57708
1608,57740
1016,57772
843,57804
558,57836
327,57868
201,57900
0,57932
0,57964
157,57996
381,58028
615,58060
746,58092
1419,58124
1661,58156
1849,58188
2127,58220
2316,58252
1751,58284
1837,58316
1566,58348
1414,58380
1100,58412
508,58444
718,58476
57,58508
0,58540
298,58572
125,58604
749,58636
952,58668
831,58700
1400,58732
1261,58764
1562,58796
2221,58828
1832,58860
2119,58892
1385,58924
1160,58956
1337,58988
700,59020
532,59052
250,59084
70,59116
219,59148
342,59180
651,59212
831,59244
1101,59276
1293,59308
1528,59340
1753,59372
1994,59404
2190,59436
2206,59468
1932,59500
1673,59532
1463,59564
1198,59596
620,59628
746,59660
169,59692
1,59724
0,59756
70,59788
295,59820
520,59852
744,59884
1005,59916
1195,59948
1465,59980
1599,60012
1932,60044
2181,60076
1895,60108
1694,60140
1435,60172
841,60204
969,60236
746,60268
205,60300
280,60332
202,60364
505,60396
662,60428
523,60460
1163,60492
971,60524
1229,60556
1818,60588
1691,60620
1962,60652
2032,60684
1494,60716
1259,60748
958,60780
807,60812
495,60844
313,60876
541,60908
0,60940
0,60972
152,61004
424,61036
652,61068
1195,61100
1101,61132
1753,61164
1562,61196
2221,61228
2279,61260
2089,61292
1801,61324
1528,61356
1325,61388
1056,61420
799,61452
604,61484
346,61516
103,61548
299,61580
535,61612
408,61644
984,61676
860,61708
1136,61740
1308,61772
1607,61804
1879,61836
1820,61868
1627,61900
1661,61932
1164,61964
939,61996
1062,62028
828,62060
605,62092
1,62124
203,62156
416,62188
330,62220
873,62252
1056,62284
1369,62316
1517,62348
1376,62380
2075,62412
1837,62444
1706,62476
1900,62508
1244,62540
1039,62572
1164,62604
588,62636
410,62668
112,62700
0,62732
0,62764
74,62796
791,62828
551,62860
778,62892
1415,62924
1226,62956
1502,62988
2120,63020
1960,63052
2151,63084
1493,63116
1675,63148
1389,63180
1207,63212
927,63244
710,63276
64,63308
238,63340
280,63372
540,63404
732,63436
928,63468
1193,63500
1387,63532
1257,63564
1840,63596
1723,63628
1879,63660
1591,63692
1414,63724
1181,63756
954,63788
729,63820
799,63852
279,63884
88,63916
181,63948
43,63980
619,64012
458,64044
1079,64076
1277,64108
1143,64140
1737,64172
1978,64204
1881,64236
2189,64268
1918,64300
1767,64332
1440,64364
845,64396
1034,64428
395,64460
201,64492
303,64524
0,64556
88,64588
605,64620
538,64652
1054,64684
921,64716
1223,64748
1374,64780
1640,64812
2365,64844
1737,64876
1546,64908
1693,64940
1093,64972
869,65004
636,65036
408,65068
583,65100
232,65132
299,65164
489,65196
649,65228
953,65260
1134,65292
1401,65324
1596,65356
1801,65388
2074,65420
2251,65452
2014,65484
1776,65516
1548,65548
956,65580
1086,65612
496,65644
332,65676
56,65708
0,65740
0,65772
180,65804
443,65836
671,65868
893,65900
1128,65932
1258,65964
1947,65996
2200,66028
1880,66060
2047,66092
1785,66124
1224,66156
1311,66188
1051,66220
893,66252
588,66284
5,66316
187,66348
0,66380
185,66412
814,66444
634,66476
892,66508
1465,66540
1340,66572
1932,66604
1786,66636
1846,66668
1528,66700
1304,66732
1581,66764
874,66796
648,66828
825,66860
199,66892
19,66924
0,66956
85,66988
711,67020
856,67052
1164,67084
1355,67116
1504,67148
1817,67180
2048,67212
2282,67244
2156,67276
1872,67308
1678,67340
1404,67372
1147,67404
941,67436
684,67468
109,67500
223,67532
0,67564
122,67596
297,67628
583,67660
798,67692
1030,67724
1256,67756
1529,67788
1719,67820
1978,67852
1645,67884
1511,67916
1644,67948
1006,67980
1177,68012
920,68044
333,68076
447,68108
223,68140
2,68172
512,68204
720,68236
1021,68268
1176,68300
1036,68332
1689,68364
1486,68396
1756,68428
2216,68460
1614,68492
1436,68524
1502,68556
980,68588
1040,68620
446,68652
295,68684
2,68716
0,68748
445,68780
208,68812
488,68844
667,68876
934,68908
1165,68940
1722,68972
1624,69004
2281,69036
2137,69068
2025,69100
1741,69132
1549,69164
1275,69196
1004,69228
811,69260
544,69292
286,69324
152,69356
363,69388
589,69420
814,69452
1040,69484
920,69516
1502,69548
1373,69580
1670,69612
1838,69644
1758,69676
1567,69708
1292,69740
1111,69772
1136,69804
653,69836
427,69868
448,69900
310,69932
279,69964
130,69996
733,70028
939,70060
842,70092
1386,70124
1582,70156
1897,70188
2047,70220
1882,70252
2120,70284
1418,70316
1192,70348
1372,70380
732,70412
536,70444
650,70476
78,70508
184,70540
0,70572
200,70604
349,70636
584,70668
1307,70700
1055,70732
1288,70764
1943,70796
1752,70828
1900,70860
2042,70892
1433,70924
1613,70956
1291,70988
1145,71020
875,71052
692,71084
413,71116
168,71148
365,71180
606,71212
795,71244
1054,71276
1248,71308
1450,71340
1711,71372
1915,71404
1776,71436
2128,71468
1529,71500
1354,71532
1068,71564
901,71596
668,71628
444,71660
217,71692
284,71724
0,71756
106,71788
679,71820
553,71852
1142,71884
970,71916
1597,71948
1805,71980
1659,72012
2267,72044
2138,72076
1565,72108
1660,72140
1388,72172
1241,72204
927,72236
334,72268
511,72300
0,72332
0,72364
439,72396
328,72428
892,72460
1119,72492
1049,72524
1579,72556
1437,72588
1738,72620
1880,72652
1674,72684
1933,72716
1211,72748
1032,72780
1161,72812
572,72844
359,72876
438,72908
0,72940
365,72972
476,73004
825,73036
1005,73068
1275,73100
1467,73132
1658,73164
1929,73196
2126,73228
2191,73260
1984,73292
1721,73324
1484,73356
998,73388
1022,73420
446,73452
573,73484
5,73516
0,73548
0,73580
236,73612
503,73644
686,73676
954,73708
1181,73740
1415,73772
1645,73804
1784,73836
2230,73868
1996,73900
1354,73932
1519,73964
1259,73996
985,74028
796,74060
536,74092
377,74124
137,74156
23,74188
680,74220
461,74252
696,74284
1340,74316
1146,74348
1788,74380
1996,74412
1866,74444
2088,74476
1471,74508
1310,74540
1008,74572
792,74604
1063,74636
761,74668
140,74700
301,74732
0,74764
148,74796
729,74828
599,74860
1227,74892
1370,74924
1692,74956
1879,74988
2164,75020
2329,75052
2096,75084
1851,75116
1628,75148
1344,75180
1150,75212
888,75244
624,75276
107,75308
167,75340
0,75372
474,75404
359,75436
636,75468
807,75500
1085,75532
1319,75564
1546,75596
1783,75628
1916,75660
1642,75692
1450,75724
1130,75756
989,75788
1118,75820
504,75852
654,75884
399,75916
148,75948
359,75980
590,76012
501,76044
1040,76076
1232,76108
1549,76140
1696,76172
1552,76204
2218,76236
1760,76268
1560,76300
1678,76332
1098,76364
919,76396
986,76428
468,76460
526,76492
0,76524
0,76556
479,76588
270,76620
969,76652
717,76684
990,76716
1593,76748
1450,76780
1687,76812
2254,76844
1773,76876
1967,76908
1310,76940
1497,76972
1215,77004
1033,77036
759,77068
490,77100
285,77132
220,77164
423,77196
358,77228
875,77260
1112,77292
1326,77324
1564,77356
1432,77388
2031,77420
1881,77452
1702,77484
1407,77516
1240,77548
1049,77580
782,77612
599,77644
624,77676
139,77708
0,77740
0,77772
557,77804
799,77836
985,77868
1255,77900
1453,77932
1355,77964
1917,77996
2112,78028
2295,78060
1968,78092
1356,78124
1583,78156
896,78188
679,78220
857,78252
221,78284
27,78316
119,78348
0,78380
544,78412
411,78444
712,78476
1339,78508
1096,78540
1835,78572
1580,78604
1817,78636
2219,78668
1557,78700
1372,78732
1504,78764
917,78796
1085,78828
467,78860
635,78892
351,78924
235,78956
431,78988
668,79020
887,79052
1120,79084
1309,79116
1147,79148
1773,79180
1978,79212
2248,79244
2064,79276
1470,79308
1598,79340
1008,79372
840,79404
559,79436
390,79468
159,79500
0,79532
0,79564
413,79596
347,79628
617,79660
1193,79692
1068,79724
1662,79756
1853,79788
2135,79820
2315,79852
1694,79884
1837,79916
1600,79948
1049,79980
1134,80012
874,80044
717,80076
412,80108
0,80140
302,80172
137,80204
383,80236
952,80268
838,80300
1403,80332
1644,80364
1564,80396
1803,80428
1822,80460
1661,80492
1354,80524
1160,80556
1399,80588
700,80620
522,80652
649,80684
61,80716
0,80748
30,80780
253,80812
887,80844
992,80876
1341,80908
1529,80940
1805,80972
1997,81004
2188,81036
1759,81068
1930,81100
1660,81132
1464,81164
1197,81196
968,81228
735,81260
509,81292
0,81324
125,81356
23,81388
298,81420
462,81452
748,81484
1015,81516
1196,81548
1468,81580
1707,81612
1943,81644
1803,81676
1931,81708
1692,81740
1469,81772
840,81804
1003,81836
745,81868
201,81900
0,81932
216,81964
507,81996
666,82028
525,82060
1197,82092
973,82124
1207,82156
1864,82188
1672,82220
2300,82252
2030,82284
1436,82316
1256,82348
955,82380
800,82412
495,82444
281,82476
540,82508
0,82540
0,82572
553,82604
378,82636
652,82668
838,82700
1111,82732
1755,82764
1900,82796
2231,82828
2271,82860
2078,82892
1801,82924
1564,82956
896,82988
1102,83020
829,83052
638,83084
375,83116
103,83148
333,83180
537,83212
411,83244
987,83276
863,83308
1146,83340
1319,83372
1608,83404
1847,83436
1816,83468
1578,83500
1399,83532
1117,83564
935,83596
1053,83628
475,83660
603,83692
0,83724
203,83756
416,83788
297,83820
875,83852
1104,83884
1017,83916
1564,83948
1760,83980
2077,84012
2232,84044
1696,84076
1899,84108
1240,84140
1040,84172
1162,84204
586,84236
408,84268
472,84300
0,84332
201,84364
75,84396
375,84428
522,84460
782,84492
1483,84524
1230,84556
1512,84588
1702,84620
1950,84652
1723,84684
1819,84716
1257,84748
1435,84780
807,84812
975,84844
699,84876
398,84908
237,84940
282,84972
541,85004
736,85036
936,85068
1194,85100
1391,85132
1627,85164
1856,85196
2094,85228
1818,85260
1950,85292
1352,85324
1178,85356
892,85388
727,85420
540,85452
270,85484
87,85516
0,85548
45,85580
280,85612
411,85644
1079,85676
1319,85708
1146,85740
1775,85772
1981,85804
1882,85836
2189,85868
1914,85900
1757,85932
1438,85964
843,85996
1055,86028
382,86060
171,86092
342,86124
0,86156
48,86188
608,86220
490,86252
1064,86284
924,86316
1224,86348
1374,86380
1614,86412
2365,86444
1725,86476
1496,86508
1687,86540
1036,86572
860,86604
986,86636
406,86668
574,86700
0,86732
311,86764
491,86796
652,86828
953,86860
1180,86892
1403,86924
1646,86956
1836,86988
2107,87020
2282,87052
2009,87084
1807,87116
1536,87148
954,87180
1082,87212
496,87244
330,87276
47,87308
0,87340
0,87372
184,87404
408,87436
679,87468
858,87500
1129,87532
1721,87564
1592,87596
2203,87628
1879,87660
2043,87692
1776,87724
1178,87756
1307,87788
1084,87820
537,87852
622,87884
361,87916
181,87948
318,87980
188,88012
825,88044
638,88076
894,88108
1470,88140
1352,88172
1935,88204
2173,88236
1835,88268
1904,88300
1296,88332
1144,88364
831,88396
648,88428
889,88460
190,88492
17,88524
201,88556
88,88588
316,88620
541,88652
765,88684
1401,88716
1514,88748
1879,88780
2059,88812
2347,88844
2151,88876
1870,88908
1673,88940
1402,88972
1136,89004
942,89036
682,89068
457,89100
223,89132
189,89164
74,89196
649,89228
526,89260
810,89292
972,89324
1258,89356
1530,89388
1724,89420
1976,89452
1741,89484
1501,89516
1275,89548
954,89580
1167,89612
944,89644
328,89676
477,89708
221,89740
1,89772
527,89804
728,89836
576,89868
1178,89900
1037,89932
1727,89964
1488,89996
1727,90028
2251,90060
1582,90092
1768,90124
1500,90156
923,90188
1036,90220
446,90252
295,90284
0,90316
0,90348
445,90380
217,90412
442,90444
1068,90476
891,90508
1172,90540
1351,90572
1627,90604
2285,90636
2171,90668
2023,90700
1739,90732
1545,90764
1273,90796
1038,90828
807,90860
586,90892
312,90924
190,90956
395,90988
591,91020
847,91052
1051,91084
923,91116
1501,91148
1375,91180
1669,91212
1840,91244
1756,91276
1527,91308
1292,91340
1064,91372
875,91404
606,91436
424,91468
537,91500
0,91532
283,91564
132,91596
734,91628
939,91660
807,91692
1389,91724
1630,91756
1816,91788
2094,91820
2266,91852
2111,91884
1791,91916
1182,91948
1372,91980
727,92012
535,92044
647,92076
76,92108
0,92140
268,92172
210,92204
717,92236
586,92268
887,92300
1036,92332
1292,92364
2013,92396
1754,92428
1898,92460
1611,92492
1432,92524
1197,92556
1292,92588
743,92620
923,92652
296,92684
461,92716
169,92748
427,92780
607,92812
796,92844
1063,92876
1248,92908
1451,92940
1720,92972
1919,93004
2156,93036
2125,93068
1888,93100
1292,93132
1421,93164
842,93196
668,93228
382,93260
217,93292
26,93324
0,93356
107,93388
335,93420
567,93452
792,93484
922,93516
1606,93548
1849,93580
1668,93612
2313,93644
2137,93676
1851,93708
1657,93740
1387,93772
1229,93804
924,93836
333,93868
542,93900
0,93932
0,93964
479,93996
299,94028
556,94060
1130,94092
1004,94124
1582,94156
1437,94188
1750,94220
1872,94252
1646,94284
1929,94316
1623,94348
982,94380
1161,94412
531,94444
348,94476
474,94508
0,94540
365,94572
210,94604
828,94636
1017,94668
1276,94700
1469,94732
1708,94764
1931,94796
2176,94828
2222,94860
2026,94892
1752,94924
1483,94956
1287,94988
1018,95020
445,95052
569,95084
3,95116
0,95148
0,95180
240,95212
471,95244
698,95276
920,95308
1191,95340
1372,95372
1655,95404
2252,95436
1851,95468
1995,95500
1350,95532
1515,95564
1256,95596
1008,95628
792,95660
568,95692
26,95724
174,95756
382,95788
685,95820
832,95852
699,95884
1341,95916
1149,95948
1408,95980
1998,96012
1871,96044
2080,96076
1854,96108
1308,96140
1376,96172
784,96204
631,96236
809,96268
136,96300
365,96332
0,96364
153,96396
729,96428
602,96460
828,96492
1052,96524
1279,96556
1933,96588
2043,96620
2379,96652
2091,96684
1897,96716
1615,96748
1342,96780
1147,96812
880,96844
624,96876
426,96908
158,96940
251,96972
475,97004
704,97036
586,97068
1164,97100
1037,97132
1321,97164
1486,97196
1786,97228
1915,97260
1640,97292
1448,97324
1213,97356
985,97388
765,97420
442,97452
651,97484
427,97516
141,97548
393,97580
601,97612
505,97644
1051,97676
1242,97708
1549,97740
1696,97772
1560,97804
2256,97836
1757,97868
1528,97900
1722,97932
1067,97964
1244,97996
976,98028
412,98060
524,98092
0,98124
0,98156
487,98188
249,98220
970,98252
720,98284
953,98316
1593,98348
1406,98380
1690,98412
1880,98444
1781,98476
1963,98508
1632,98540
1493,98572
1213,98604
1031,98636
749,98668
526,98700
285,98732
266,98764
457,98796
718,98828
918,98860
1112,98892
1369,98924
1568,98956
1435,98988
2032,99020
1872,99052
1700,99084
1406,99116
1230,99148
1003,99180
780,99212
553,99244
363,99276
95,99308
0,99340
0,99372
221,99404
798,99436
987,99468
1255,99500
1455,99532
1321,99564
1919,99596
2158,99628
1915,99660
2008,99692
1738,99724
1579,99756
1263,99788
671,99820
857,99852
216,99884
24,99916
119,99948
1,99980
264,100012
781,100044
714,100076
939,100108
1098,100140
1399,100172
1550,100204
1820,100236
2283,100268
1549,100300
1370,100332
1096,100364
916,100396
685,100428
778,100460
231,100492
396,100524
0,100556
489,100588
671,100620
942,100652
1129,100684
1312,100716
1579,100748
1776,100780
1982,100812
2250,100844
2064,100876
1836,100908
1596,100940
1360,100972
781,101004
908,101036
344,101068
157,101100
0,101132
0,101164
167,101196
358,101228
631,101260
1102,101292
1079,101324
1305,101356
1898,101388
2135,101420
2349,101452
1694,101484
1867,101516
1599,101548
1048,101580
1133,101612
864,101644
715,101676
410,101708
0,101740
344,101772
127,101804
360,101836
990,101868
812,101900
1068,101932
1646,101964
1519,101996
1814,102028
1818,102060
1658,102092
1343,102124
1128,102156
1400,102188
697,102220
472,102252
645,102284
23,102316
0,102348
384,102380
265,102412
891,102444
713,102476
1341,102508
1533,102540
1815,102572
1997,102604
2238,102636
1758,102668
1966,102700
1694,102732
1496,102764
1227,102796
960,102828
763,102860
508,102892
0,102924
125,102956
26,102988
300,103020
474,103052
750,103084
983,103116
1198,103148
1433,103180
1980,103212
1898,103244
1799,103276
1927,103308
1325,103340
1467,103372
838,103404
987,103436
735,103468
155,103500
271,103532
250,103564
169,103596
702,103628
895,103660
1206,103692
1344,103724
1210,103756
1867,103788
1674,103820
1903,103852
2028,103884
1432,103916
1257,103948
1324,103980
796,104012
871,104044
270,104076
119,104108
0,104140
0,104172
633,104204
391,104236
662,104268
1245,104300
1112,104332
1339,104364
1575,104396
1805,104428
2315,104460
1950,104492
1849,104524
1563,104556
1256,104588
1097,104620
828,104652
633,104684
366,104716
91,104748
334,104780
541,104812
766,104844
990,104876
1224,104908
1096,104940
1688,104972
1551,105004
1848,105036
1756,105068
1579,105100
1386,105132
1117,105164
927,105196
703,105228
474,105260
251,105292
0,105324
215,105356
457,105388
300,105420
909,105452
1113,105484
1016,105516
1566,105548
1768,105580
2087,105612
2233,105644
1696,105676
1929,105708
1243,105740
1008,105772
1196,105804
554,105836
362,105868
471,105900
0,105932
205,105964
583,105996
376,106028
524,106060
760,106092
1484,106124
1240,106156
1466,106188
2123,106220
1900,106252
1720,106284
1436,106316
1245,106348
1432,106380
1117,106412
972,106444
699,106476
396,106508
233,106540
328,106572
553,106604
784,106636
972,106668
1232,106700
1434,106732
1631,106764
1897,106796
2096,106828
1816,106860
1949,106892
1352,106924
1177,106956
891,106988
718,107020
491,107052
268,107084
41,107116
0,107148
24,107180
281,107212
414,107244
732,107276
1319,107308
1148,107340
1784,107372
1991,107404
1845,107436
2185,107468
1950,107500
1386,107532
1472,107564
1210,107596
1053,107628
748,107660
158,107692
343,107724
0,107756
48,107788
618,107820
496,107852
778,107884
1296,107916
1225,107948
1760,107980
1615,108012
1927,108044
1692,108076
1495,108108
1751,108140
1033,108172
856,108204
587,108236
397,108268
173,108300
252,108332
0,108364
551,108396
654,108428
1003,108460
1193,108492
1453,108524
1647,108556
1846,108588
2119,108620
2272,108652
2010,108684
1806,108716
1535,108748
1307,108780
1071,108812
847,108844
270,108876
392,108908
0,108940
0,108972
137,109004
412,109036
680,109068
870,109100
1132,109132
1628,109164
1594,109196
1831,109228
1816,109260
2040,109292
1819,109324
1177,109356
1339,109388
1083,109420
526,109452
619,109484
351,109516
173,109548
320,109580
186,109612
858,109644
639,109676
871,109708
1517,109740
1324,109772
1592,109804
2173,109836
1784,109868
1902,109900
1294,109932
1140,109964
830,109996
616,110028
887,110060
188,110092
0,110124
205,110156
54,110188
328,110220
906,110252
766,110284
1403,110316
1551,110348
1879,110380
2061,110412
2344,110444
2142,110476
1904,110508
1662,110540
1436,110572
1167,110604
972,110636
712,110668
447,110700
249,110732
191,110764
76,110796
652,110828
528,110860
810,110892
974,110924
1260,110956
1496,110988
1725,111020
1927,111052
2010,111084
1455,111116
1272,111148
1398,111180
813,111212
939,111244
328,111276
475,111308
219,111340
0,111372
537,111404
767,111436
681,111468
1224,111500
1418,111532
1725,111564
1884,111596
1736,111628
2247,111660
1581,111692
1382,111724
1498,111756
921,111788
1024,111820
811,111852
285,111884
349,111916
0,111948
39,111980
187,112012
445,112044
1145,112076
894,112108
1176,112140
1769,112172
1627,112204
1868,112236
2168,112268
1595,112300
1785,112332
1421,112364
1320,112396
1037,112428
847,112460
573,112492
312,112524
201,112556
398,112588
592,112620
860,112652
1052,112684
1280,112716
1243,112748
1752,112780
1612,112812
2219,112844
1693,112876
1514,112908
1230,112940
1064,112972
873,113004
602,113036
425,113068
189,113100
0,113132
0,113164
78,113196
734,113228
975,113260
810,113292
1431,113324
1631,113356
1820,113388
2105,113420
2265,113452
2109,113484
1786,113516
1178,113548
1402,113580
718,113612
493,113644
680,113676
43,113708
204,113740
270,113772
166,113804
728,113836
587,113868
888,113900
1036,113932
1273,113964
2024,113996
2185,114028
1846,114060
2027,114092
1372,114124
1196,114156
1325,114188
731,114220
917,114252
601,114284
446,114316
165,114348
429,114380
613,114412
842,114444
1065,114476
1304,114508
1494,114540
1760,114572
1961,114604
2160,114636
1815,114668
1885,114700
1288,114732
1417,114764
832,114796
665,114828
383,114860
214,114892
0,114924
0,114956
75,114988
334,115020
524,115052
793,115084
925,115116
1243,115148
1852,115180
1670,115212
2315,115244
2125,115276
1883,115308
1657,115340
1422,115372
873,115404
956,115436
700,115468
539,115500
233,115532
0,115564
488,115596
302,115628
557,115660
1130,115692
1007,115724
1289,115756
1822,115788
1752,115820
2255,115852
1644,115884
1479,115916
1669,115948
976,115980
1225,116012
523,116044
346,116076
461,116108
0,116140
0,116172
512,116204
439,116236
1065,116268
887,116300
1519,116332
1711,116364
1991,116396
2185,116428
2218,116460
2015,116492
1752,116524
1480,116556
952,116588
1020,116620
794,116652
558,116684
333,116716
0,116748
303,116780
198,116812
473,116844
640,116876
924,116908
1191,116940
1382,116972
1655,117004
2159,117036
1850,117068
1614,117100
1288,117132
1511,117164
1291,117196
1007,117228
815,117260
560,117292
24,117324
183,117356
384,117388
685,117420
844,117452
700,117484
1376,117516
1151,117548
1387,117580
2045,117612
1848,117644
1724,117676
1850,117708
1259,117740
1373,117772
780,117804
630,117836
797,117868
104,117900
360,117932
0,117964
116,117996
794,118028
563,118060
837,118092
1421,118124
1287,118156
1933,118188
1752,118220
2367,118252
2089,118284
1895,118316
1613,118348
1384,118380
1145,118412
922,118444
654,118476
46,118508
187,118540
254,118572
518,118604
714,118636
588,118668
1165,118700
1038,118732
1322,118764
1488,118796
1788,118828
1867,118860
1630,118892
1400,118924
1481,118956
941,118988
759,119020
877,119052
302,119084
422,119116
135,119148
395,119180
603,119212
471,119244
1051,119276
1288,119308
1193,119340
1744,119372
1947,119404
2263,119436
2139,119468
1519,119500
1719,119532
1064,119564
870,119596
974,119628
410,119660
512,119692
296,119724
0,119756
95,119788
251,119820
552,119852
697,119884
954,119916
1671,119948
1406,119980
1692,120012
2301,120044
1769,120076
1544,120108
1306,120140
1079,120172
1257,120204
907,120236
797,120268
523,120300
335,120332
269,120364
458,120396
312,120428
912,120460
1114,120492
1371,120524
1576,120556
1806,120588
2042,120620
2238,120652
1630,120684
1770,120716
1168,120748
1002,120780
718,120812
552,120844
361,120876
93,120908
0,120940
6,120972
231,121004
454,121036
1032,121068
1259,121100
1499,121132
1322,121164
1963,121196
2169,121228
1911,121260
1999,121292
1728,121324
1577,121356
1262,121388
667,121420
878,121452
206,121484
0,121516
139,121548
0,121580
588,121612
792,121644
668,121676
950,121708
1101,121740
1400,121772
1552,121804
1792,121836
2279,121868
1550,121900
1321,121932
1499,121964
858,121996
682,122028
410,122060
228,122092
395,122124
169,122156
488,122188
671,122220
941,122252
1131,122284
1360,122316
1152,122348
1824,122380
2016,122412
2297,122444
2104,122476
1833,122508
1290,122540
1358,122572
778,122604
904,122636
330,122668
152,122700
0,122732
0,122764
135,122796
360,122828
586,122860
855,122892
1036,122924
1305,122956
1901,122988
1771,123020
2343,123052
1690,123084
1864,123116
1599,123148
999,123180
1131,123212
906,123244
361,123276
442,123308
173,123340
345,123372
494,123404
363,123436
1001,123468
813,123500
1068,123532
1656,123564
1529,123596
1815,123628
2202,123660
1656,123692
1725,123724
1117,123756
957,123788
664,123820
472,123852
713,123884
20,123916
0,123948
4,123980
265,124012
492,124044
1036,124076
949,124108
1591,124140
1400,124172
2057,124204
2247,124236
2124,124268
1966,124300
1692,124332
1485,124364
1225,124396
959,124428
762,124460
504,124492
280,124524
136,124556
368,124588
250,124620
826,124652
699,124684
984,124716
1150,124748
1438,124780
1719,124812
1910,124844
1788,124876
1559,124908
1323,124940
1099,124972
779,125004
987,125036
767,125068
152,125100
299,125132
255,125164
170,125196
704,125228
904,125260
1209,125292
1358,125324
1213,125356
1911,125388
1677,125420
1872,125452
2064,125484
1403,125516
1199,125548
1322,125580
746,125612
860,125644
268,125676
118,125708
0,125740
0,125772
631,125804
392,125836
620,125868
1246,125900
1067,125932
1352,125964
1950,125996
1804,126028
2311,126060
1656,126092
1837,126124
1561,126156
1247,126188
1097,126220
862,126252
631,126284
400,126316
119,126348
378,126380
573,126412
768,126444
1034,126476
1227,126508
1099,126540
1693,126572
1566,126604
1851,126636
1752,126668
1574,126700
1339,126732
1114,126764
888,126796
698,126828
439,126860
248,126892
359,126924
0,126956
459,126988
300,127020
919,127052
1119,127084
982,127116
1567,127148
1808,127180
1718,127212
2272,127244
2088,127276
1927,127308
1610,127340
1002,127372
1192,127404
552,127436
358,127468
460,127500
0,127532
206,127564
446,127596
378,127628
895,127660
764,127692
1063,127724
1212,127756
1470,127788
2201,127820
1897,127852
1719,127884
1851,127916
1246,127948
1019,127980
793,128012
571,128044
735,128076
393,128108
269,128140
329,128172
603,128204
783,128236
972,128268
1241,128300
1434,128332
1630,128364
1901,128396
2105,128428
2176,128460
1946,128492
1709,128524
1114,128556
1243,128588
664,128620
492,128652
216,128684
42,128716
0,128748
23,128780
283,128812
509,128844
734,128876
959,128908
1100,128940
1787,128972
2031,129004
1847,129036
2219,129068
1948,129100
1384,129132
1471,129164
1208,129196
601,129228
746,129260
157,129292
363,129324
0,129356
28,129388
654,129420
474,129452
1103,129484
1306,129516
1180,129548
1768,129580
1616,129612
1930,129644
1691,129676
1466,129708
1741,129740
1024,129772
807,129804
973,129836
348,129868
178,129900
0,129932
0,129964
555,129996
697,130028
1065,130060
1193,130092
1463,130124
1655,130156
1886,130188
2120,130220
2318,130252
2040,130284
1838,130316
1567,130348
1305,130380
1100,130412
844,130444
268,130476
384,130508
0,130540
0,130572
137,130604
414,130636
647,130668
872,130700
1096,130732
1367,130764
1559,130796
1832,130828
2278,130860
1673,130892
1813,130924
1166,130956
1335,130988
1072,131020
489,131052
604,131084
384,131116
101,131148
362,131180
560,131212
861,131244
1016,131276
873,131308
1519,131340
1326,131372
1593,131404
2185,131436
1774,131468
1596,131500
1673,131532
1130,131564
1199,131596
607,131628
455,131660
153,131692
0,131724
281,131756
57,131788
328,131820
507,131852
777,131884
1003,131916
1552,131948
1463,131980
2121,132012
1928,132044
2189,132076
1911,132108
1717,132140
1435,132172
1164,132204
969,132236
704,132268
444,132300
240,132332
199,132364
428,132396
653,132428
880,132460
760,132492
1340,132524
1211,132556
1496,132588
1674,132620
1926,132652
1735,132684
1452,132716
1271,132748
1037,132780
811,132812
587,132844
267,132876
472,132908
247,132940
0,132972
573,133004
777,133036
955,133068
1227,133100
1419,133132
1737,133164
1884,133196
1738,133228
2280,133260
1579,133292
1350,133324
1534,133356
890,133388
696,133420
810,133452
238,133484
346,133516
0,133548
40,133580
190,133612
423,133644
1146,133676
1305,133708
1130,133740
1773,133772
1590,133804
1870,133836
2204,133868
1593,133900
1775,133932
1131,133964
1306,133996
1035,134028
843,134060
573,134092
346,134124
205,134156
444,134188
635,134220
893,134252
1085,134284
1289,134316
1548,134348
1744,134380
1614,134412
2220,134444
1691,134476
1514,134508
1227,134540
1054,134572
828,134604
603,134636
377,134668
187,134700
0,134732
0,134764
509,134796
396,134828
982,134860
812,134892
1435,134924
1641,134956
1867,134988
2095,135020
2298,135052
1735,135084
1822,135116
1550,135148
1399,135180
1084,135212
493,135244
671,135276
33,135308
0,135340
280,135372
170,135404
730,135436
958,135468
888,135500
1419,135532
1276,135564
1577,135596
2237,135628
1838,135660
2103,135692
1370,135724
1192,135756
1321,135788
732,135820
507,135852
284,135884
56,135916
201,135948
318,135980
665,136012
847,136044
1117,136076
1305,136108
1498,136140
1769,136172
1965,136204
2160,136236
2154,136268
1884,136300
1646,136332
1408,136364
1181,136396
602,136428
731,136460
157,136492
0,136524
0,136556
78,136588
344,136620
534,136652
796,136684
1021,136716
1255,136748
1483,136780
1622,136812
2315,136844
2159,136876
1880,136908
1679,136940
1419,136972
871,137004
956,137036
688,137068
537,137100
232,137132
0,137164
522,137196
311,137228
528,137260
1176,137292
986,137324
1628,137356
1824,137388
1704,137420
2253,137452
1632,137484
1478,137516
1659,137548
942,137580
1223,137612
512,137644
298,137676
461,137708
0,137740
0,137772
170,137804
438,137836
1067,137868
1211,137900
1528,137932
1719,137964
1992,137996
2187,138028
2264,138060
2013,138092
1788,138124
1504,138156
1310,138188
1050,138220
792,138252
587,138284
331,138316
0,138348
315,138380
200,138412
474,138444
649,138476
925,138508
1159,138540
1384,138572
1613,138604
1895,138636
1804,138668
1612,138700
1288,138732
1149,138764
1287,138796
1005,138828
811,138860
559,138892
0,138924
187,138956
428,138988
347,139020
880,139052
1072,139084
1385,139116
1530,139148
1389,139180
2045,139212
1853,139244
1724,139276
1848,139308
1256,139340
1080,139372
1148,139404
618,139436
396,139468
104,139500
0,139532
0,139564
112,139596
797,139628
559,139660
840,139692
1007,139724
1290,139756
1518,139788
2092,139820
1944,139852
2135,139884
1479,139916
1661,139948
1375,139980
1190,140012
921,140044
650,140076
453,140108
186,140140
254,140172
512,140204
717,140236
942,140268
1168,140300
1402,140332
1264,140364
1869,140396
1736,140428
1866,140460
1574,140492
1390,140524
1208,140556
939,140588
756,140620
783,140652
299,140684
75,140716
167,140748
396,140780
637,140812
472,140844
1087,140876
1291,140908
1195,140940
1752,140972
1949,141004
2267,141036
2137,141068
1517,141100
1752,141132
1054,141164
830,141196
1016,141228
380,141260
183,141292
288,141324
0,141356
104,141388
254,141420
554,141452
700,141484
936,141516
1671,141548
1416,141580
1654,141612
2301,141644
1717,141676
1533,141708
1672,141740
1077,141772
1255,141804
620,141836
792,141868
521,141900
330,141932
269,141964
506,141996
314,142028
960,142060
906,142092
1408,142124
1610,142156
1816,142188
2078,142220
2235,142252
1631,142284
1759,142316
1168,142348
997,142380
714,142412
542,142444
317,142476
90,142508
0,142540
262,142572
190,142604
456,142636
1033,142668
908,142700
1500,142732
1324,142764
1961,142796
2171,142828
1863,142860
1997,142892
1770,142924
1209,142956
1294,142988
1024,143020
877,143052
572,143084
0,143116
137,143148
0,143180
233,143212
794,143244
680,143276
952,143308
1481,143340
1402,143372
1944,143404
1800,143436
1831,143468
1515,143500
1318,143532
1565,143564
857,143596
680,143628
809,143660
221,143692
4,143724
0,143756
94,143788
719,143820
832,143852
1179,143884
1367,143916
1527,143948
1833,143980
2026,144012
2299,144044
2094,144076
1824,144108
1626,144140
1355,144172
1131,144204
896,144236
670,144268
94,144300
206,144332
0,144364
136,144396
304,144428
588,144460
857,144492
1039,144524
1308,144556
1545,144588
1772,144620
1965,144652
1628,144684
1863,144716
1629,144748
998,144780
1161,144812
896,144844
349,144876
441,144908
171,144940
345,144972
504,145004
366,145036
1037,145068
822,145100
1049,145132
1696,145164
1509,145196
1769,145228
2200,145260
1598,145292
1721,145324
1116,145356
964,145388
655,145420
432,145452
699,145484
20,145516
0,145548
393,145580
221,145612
503,145644
680,145676
949,145708
1591,145740
1736,145772
2058,145804
2249,145836
2120,145868
1961,145900
1726,145932
1483,145964
1260,145996
988,146028
796,146060
534,146092
271,146124
169,146156
376,146188
256,146220
830,146252
703,146284
984,146316
1152,146348
1448,146380
1676,146412
1912,146444
1749,146476
1559,146508
1275,146540
1096,146572
768,146604
636,146636
763,146668
152,146700
296,146732
263,146764
136,146796
715,146828
952,146860
857,146892
1400,146924
1596,146956
1913,146988
2064,147020
1870,147052
2063,147084
1403,147116
1199,147148
1322,147180
746,147212
569,147244
634,147276
116,147308
170,147340
0,147372
216,147404
365,147436
622,147468
1321,147500
1070,147532
1352,147564
1530,147596
1818,147628
1884,147660
1982,147692
1416,147724
1599,147756
1244,147788
1133,147820
859,147852
681,147884
399,147916
116,147948
381,147980
584,148012
778,148044
1024,148076
1231,148108
1456,148140
1693,148172
1932,148204
1792,148236
2112,148268
1512,148300
1336,148332
1052,148364
879,148396
696,148428
429,148460
237,148492
270,148524
0,148556
121,148588
254,148620
918,148652
1161,148684
986,148716
1613,148748
1819,148780
1720,148812
2284,148844
2078,148876
1927,148908
1600,148940
1001,148972
1224,149004
543,149036
317,149068
504,149100
0,149132
0,149164
446,149196
334,149228
906,149260
766,149292
1064,149324
1214,149356
1451,149388
2203,149420
1896,149452
1658,149484
1847,149516
1194,149548
1016,149580
1148,149612
567,149644
733,149676
416,149708
265,149740
335,149772
605,149804
793,149836
1020,149868
1241,149900
1482,149932
1674,149964
1946,149996
2141,150028
2175,150060
1967,150092
1706,150124
1114,150156
1241,150188
656,150220
488,150252
207,150284
36,150316
0,150348
25,150380
251,150412
776,150444
700,150476
969,150508
1557,150540
1431,150572
2030,150604
1850,150636
2213,150668
1947,150700
1336,150732
1469,150764
1243,150796
697,150828
780,150860
511,150892
361,150924
155,150956
28,150988
665,151020
477,151052
733,151084
1304,151116
1190,151148
1772,151180
2010,151212
1932,151244
2064,151276
1467,151308
1294,151340
991,151372
806,151404
1049,151436
346,151468
168,151500
285,151532
0,151564
157,151596
698,151628
605,151660
1241,151692
1353,151724
1709,151756
1895,151788
2173,151820
2314,151852
2032,151884
1835,151916
1564,151948
1295,151980
1102,152012
841,152044
616,152076
126,152108
151,152140
0,152172
488,152204
366,152236
648,152268
814,152300
1099,152332
1369,152364
1560,152396
1836,152428
1901,152460
1672,152492
1435,152524
1114,152556
1325,152588
1104,152620
486,152652
639,152684
383,152716
87,152748
368,152780
568,152812
861,152844
1016,152876
876,152908
1563,152940
1327,152972
1572,153004
2232,153036
1742,153068
1932,153100
1662,153132
1080,153164
1195,153196
603,153228
446,153260
144,153292
0,153324
281,153356
447,153388
292,153420
909,153452
732,153484
1004,153516
1608,153548
1463,153580
2120,153612
2266,153644
2186,153676
1903,153708
1707,153740
1431,153772
1206,153804
967,153836
746,153868
475,153900
278,153932
235,153964
432,153996
364,154028
889,154060
764,154092
1499,154124
1224,154156
1498,154188
1675,154220
1917,154252
1689,154284
1448,154316
1223,154348
1034,154380
766,154412
584,154444
268,154476
125,154508
235,154540
0,154572
573,154604
779,154636
992,154668
1229,154700
1467,154732
1369,154764
1932,154796
2126,154828
2279,154860
1952,154892
1341,154924
1532,154956
880,154988
687,155020
800,155052
233,155084
58,155116
97,155148
50,155180
558,155212
425,155244
729,155276
1357,155308
1132,155340
1849,155372
1593,155404
1880,155436
2199,155468
1589,155500
1357,155532
1451,155564
894,155596
1071,155628
444,155660
621,155692
347,155724
253,155756
447,155788
638,155820
903,155852
1096,155884
1291,155916
1221,155948
1756,155980
1993,156012
2221,156044
2058,156076
1452,156108
1583,156140
998,156172
826,156204
542,156236
376,156268
184,156300
0,156332
0,156364
430,156396
407,156428
635,156460
764,156492
1437,156524
1679,156556
1867,156588
2143,156620
2299,156652
1723,156684
1821,156716
1550,156748
1397,156780
1084,156812
488,156844
703,156876
40,156908
0,156940
316,156972
140,157004
396,157036
960,157068
844,157100
1422,157132
1278,157164
1588,157196
2247,157228
1806,157260
2092,157292
1367,157324
1142,157356
1321,157388
683,157420
506,157452
632,157484
54,157516
195,157548
43,157580
667,157612
847,157644
1118,157676
1309,157708
1544,157740
1769,157772
2012,157804
2202,157836
1744,157868
1914,157900
1645,157932
1438,157964
1180,157996
604,158028
719,158060
152,158092
0,158124
0,158156
88,158188
311,158220
534,158252
762,158284
1290,158316
1211,158348
1483,158380
2089,158412
1959,158444
2158,158476
1871,158508
1677,158540
1417,158572
824,158604
955,158636
728,158668
185,158700
256,158732
222,158764
525,158796
680,158828
538,158860
1178,158892
989,158924
1254,158956
1834,158988
1708,159020
2251,159052
2014,159084
1468,159116
1243,159148
940,159180
782,159212
479,159244
295,159276
525,159308
0,159340
0,159372
569,159404
442,159436
669,159468
892,159500
1117,159532
1771,159564
1872,159596
2237,159628
2253,159660
2061,159692
1783,159724
1512,159756
880,159788
1040,159820
782,159852
586,159884
330,159916
75,159948
315,159980
552,160012
425,160044
1002,160076
876,160108
1162,160140
1326,160172
1615,160204
1899,160236
1802,160268
1609,160300
1373,160332
1143,160364
923,160396
1039,160428
811,160460
589,160492
0,160524
222,160556
431,160588
346,160620
891,160652
1082,160684
1387,160716
1536,160748
1389,160780
2093,160812
1855,160844
1690,160876
1884,160908
1225,160940
1404,160972
1146,161004
572,161036
393,161068
94,161100
0,161132
0,161164
90,161196
810,161228
569,161260
796,161292
1423,161324
1245,161356
1528,161388
1708,161420
1941,161452
2125,161484
1805,161516
1655,161548
1373,161580
1180,161612
909,161644
684,161676
43,161708
220,161740
299,161772
558,161804
750,161836
952,161868
1209,161900
1404,161932
1275,161964
1872,161996
1739,162028
1862,162060
1565,162092
1390,162124
1161,162156
936,162188
711,162220
525,162252
253,162284
73,162316
165,162348
61,162380
637,162412
476,162444
1095,162476
1295,162508
1159,162540
1755,162572
1995,162604
1899,162636
2172,162668
1900,162700
1751,162732
1424,162764
827,162796
1008,162828
368,162860
175,162892
282,162924
0,162956
104,162988
623,163020
554,163052
1080,163084
937,163116
1230,163148
1389,163180
1657,163212
2381,163244
1710,163276
1530,163308
1256,163340
1066,163372
845,163404
928,163436
392,163468
559,163500
0,163532
329,163564
509,163596
667,163628
959,163660
1152,163692
1418,163724
1614,163756
1819,163788
2080,163820
2234,163852
1996,163884
1758,163916
1520,163948
936,163980
1065,164012
488,164044
314,164076
31,164108
0,164140
17,164172
200,164204
459,164236
694,164268
919,164300
1145,164332
1274,164364
1965,164396
2217,164428
1862,164460
2031,164492
1759,164524
1199,164556
1293,164588
1024,164620
873,164652
570,164684
0,164716
167,164748
0,164780
204,164812
832,164844
652,164876
910,164908
1482,164940
1356,164972
1950,165004
1803,165036
1818,165068
1504,165100
1279,165132
1561,165164
848,165196
632,165228
797,165260
181,165292
3,165324
220,165356
103,165388
727,165420
556,165452
1181,165484
1371,165516
1530,165548
1837,165580
2076,165612
2301,165644
2136,165676
1855,165708
1658,165740
1387,165772
1128,165804
925,165836
668,165868
91,165900
204,165932
0,165964
138,165996
314,166028
589,166060
823,166092
1049,166124
1789,166156
1546,166188
1736,166220
1960,166252
2093,166284
1486,166316
1627,166348
990,166380
1149,166412
896,166444
314,166476
431,166508
202,166540
18,166572
544,166604
736,166636
1038,166668
1193,166700
1050,166732
1705,166764
1512,166796
1772,166828
2190,166860
1596,166892
1711,166924
1484,166956
954,166988
1019,167020
428,167052
271,167084
0,167116
0,167148
461,167180
230,167212
504,167244
1081,167276
952,167308
1181,167340
1404,167372
1640,167404
2301,167436
2112,167468
2007,167500
1723,167532
1529,167564
1255,167596
986,167628
793,167660
526,167692
266,167724
172,167756
379,167788
606,167820
830,167852
1067,167884
928,167916
1520,167948
1390,167980
1678,168012
1854,168044
1740,168076
1548,168108
1275,168140
1086,168172
861,168204
634,168236
409,168268
92,168300
295,168332
297,168364
139,168396
751,168428
953,168460
858,168492
1404,168524
1599,168556
1448,168588
2064,168620
1864,168652
2093,168684
1390,168716
1166,168748
1355,168780
712,168812
878,168844
632,168876
60,168908
166,168940
0,168972
218,169004
365,169036
602,169068
1323,169100
1080,169132
1305,169164
1961,169196
1770,169228
1882,169260
1596,169292
1406,169324
1595,169356
1274,169388
1129,169420
857,169452
668,169484
393,169516
148,169548
391,169580
622,169612
812,169644
1070,169676
1264,169708
1467,169740
1728,169772
1932,169804
1801,169836
2109,169868
1512,169900
1337,169932
1051,169964
877,169996
651,170028
426,170060
199,170092
18,170124
0,170156
122,170188
694,170220
573,170252
1163,170284
986,170316
1612,170348
1821,170380
1685,170412
2285,170444
2112,170476
1834,170508
1642,170540
1373,170572
1215,170604
908,170636
316,170668
493,170700
0,170732
0,170764
448,170796
344,170828
618,170860
1136,170892
1066,170924
1599,170956
1452,170988
1758,171020
1856,171052
1658,171084
1915,171116
1193,171148
1016,171180
744,171212
563,171244
331,171276
416,171308
0,171340
383,171372
218,171404
845,171436
1023,171468
1293,171500
1483,171532
1678,171564
1947,171596
2144,171628
2174,171660
1965,171692
1695,171724
1465,171756
1232,171788
1004,171820
428,171852
555,171884
0,171916
0,171948
0,171980
262,172012
520,172044
708,172076
971,172108
1205,172140
1431,172172
1671,172204
1800,172236
2214,172268
1979,172300
1336,172332
1499,172364
1241,172396
959,172428
776,172460
510,172492
351,172524
158,172556
31,172588
699,172620
480,172652
714,172684
1356,172716
1165,172748
1421,172780
2012,172812
1884,172844
2064,172876
1455,172908
1300,172940
988,172972
774,173004
1038,173036
743,173068
122,173100
283,173132
0,173164
160,173196
748,173228
614,173260
1244,173292
1066,173324
1708,173356
1899,173388
2184,173420
2311,173452
2076,173484
1833,173516
1600,173548
1326,173580
1132,173612
864,173644
607,173676
411,173708
142,173740
0,173772
491,173804
367,173836
650,173868
816,173900
1102,173932
1335,173964
1562,173996
1801,174028
1896,174060
1623,174092
1431,174124
1563,174156
969,174188
1101,174220
484,174252
635,174284
380,174316
120,174348
378,174380
606,174412
512,174444
1056,174476
1256,174508
1565,174540
1719,174572
1568,174604
2235,174636
1741,174668
1536,174700
1662,174732
1080,174764
1192,174796
969,174828
444,174860
507,174892
0,174924
0,174956
503,174988
296,175020
987,175052
742,175084
1016,175116
1609,175148
1467,175180
1707,175212
1942,175244
1757,175276
1947,175308
1584,175340
1479,175372
1197,175404
1007,175436
743,175468
472,175500
269,175532
238,175564
441,175596
698,175628
893,175660
1120,175692
1344,175724
1581,175756
1450,175788
2047,175820
1854,175852
1678,175884
1389,175916
1222,175948
1031,175980
764,176012
573,176044
349,176076
121,176108
0,176140
0,176172
581,176204
815,176236
1002,176268
1271,176300
1469,176332
1373,176364
1935,176396
2138,176428
2269,176460
1950,176492
1339,176524
1565,176556
877,176588
654,176620
841,176652
203,176684
366,176716
91,176748
9,176780
568,176812
429,176844
728,176876
1357,176908
1114,176940
1851,176972
1594,177004
1832,177036
2199,177068
1530,177100
1354,177132
1080,177164
893,177196
1075,177228
762,177260
615,177292
335,177324
263,177356
446,177388
684,177420
905,177452
1144,177484
1326,177516
1598,177548
1799,177580
1994,177612
2256,177644
2047,177676
1450,177708
1580,177740
991,177772
822,177804
541,177836
366,177868
151,177900
0,177932
0,177964
183,177996
366,178028
634,178060
767,178092
1085,178124
1687,178156
1962,178188
2151,178220
2287,178252
1687,178284
1817,178316
1591,178348
1033,178380
1117,178412
857,178444
697,178476
394,178508
0,178540
327,178572
142,178604
399,178636
970,178668
846,178700
1130,178732
1660,178764
1580,178796
1823,178828
1803,178860
1644,178892
1328,178924
1135,178956
1385,178988
682,179020
504,179052
235,179084
53,179116
0,179148
362,179180
279,179212
905,179244
729,179276
1359,179308
1549,179340
1821,179372
2013,179404
2208,179436
2185,179468
1914,179500
1643,179532
1438,179564
1178,179596
954,179628
719,179660
491,179692
0,179724
141,179756
42,179788
315,179820
486,179852
772,179884
1032,179916
1222,179948
1485,179980
1996,180012
1959,180044
1783,180076
1913,180108
1675,180140
1451,180172
825,180204
985,180236
720,180268
183,180300
255,180332
222,180364
527,180396
682,180428
540,180460
1215,180492
991,180524
1226,180556
1882,180588
1689,180620
1894,180652
2012,180684
1418,180716
1242,180748
940,180780
787,180812
476,180844
264,180876
531,180908
0,180940
0,180972
571,181004
406,181036
679,181068
1260,181100
1127,181132
1771,181164
1592,181196
2247,181228
2251,181260
2060,181292
1773,181324
1546,181356
877,181388
1082,181420
812,181452
620,181484
351,181516
75,181548
351,181580
554,181612
428,181644
1005,181676
887,181708
1164,181740
1337,181772
1625,181804
1863,181836
1800,181868
1562,181900
1642,181932
1099,181964
919,181996
1035,182028
460,182060
587,182092
0,182124
231,182156
441,182188
315,182220
891,182252
1128,182284
1033,182316
1582,182348
1785,182380
2093,182412
2250,182444
1680,182476
1881,182508
1225,182540
1020,182572
1144,182604
569,182636
392,182668
455,182700
0,182732
222,182764
93,182796
392,182828
539,182860
804,182892
1501,182924
1254,182956
1528,182988
2141,183020
1932,183052
1704,183084
1466,183116
1239,183148
1419,183180
1069,183212
957,183244
683,183276
382,183308
217,183340
300,183372
557,183404
760,183436
953,183468
1212,183500
1407,183532
1646,183564
1872,183596
2111,183628
1800,183660
1932,183692
1336,183724
1160,183756
878,183788
710,183820
520,183852
260,183884
72,183916
0,183948
62,183980
299,184012
430,184044
1097,184076
1339,184108
1164,184140
1801,184172
1998,184204
1899,184236
2169,184268
1898,184300
1739,184332
1420,184364
825,184396
1038,184428
375,184460
142,184492
327,184524
0,184556
71,184588
632,184620
510,184652
1084,184684
940,184716
1242,184748
1392,184780
1638,184812
2392,184844
1708,184876
1481,184908
1661,184940
1017,184972
842,185004
568,185036
382,185068
555,185100
247,185132
328,185164
511,185196
669,185228
969,185260
1208,185292
1421,185324
1664,185356
1854,185388
2126,185420
2266,185452
1994,185484
1786,185516
1519,185548
937,185580
1065,185612
487,185644
312,185676
38,185708
0,185740
0,185772
201,185804
425,185836
695,185868
887,185900
1146,185932
1277,185964
1608,185996
2219,186028
1862,186060
2027,186092
1759,186124
1160,186156
1291,186188
1066,186220
521,186252
602,186284
334,186316
165,186348
335,186380
206,186412
842,186444
656,186476
912,186508
1486,186540
1368,186572
1652,186604
2191,186636
1817,186668
1896,186700
1279,186732
1117,186764
815,186796
623,186828
873,186860
173,186892
1,186924
0,186956
116,186988
333,187020
876,187052
790,187084
1419,187116
1531,187148
1887,187180
2079,187212
2361,187244
2137,187276
1851,187308
1657,187340
1376,187372
1119,187404
924,187436
666,187468
432,187500
205,187532
207,187564
92,187596
667,187628
552,187660
824,187692
999,187724
1276,187756
1548,187788
1740,187820
1959,187852
1994,187884
1484,187916
1259,187948
936,187980
1148,188012
927,188044
312,188076
460,188108
203,188140
20,188172
552,188204
745,188236
1047,188268
1197,188300
1055,188332
1751,188364
1512,188396
1752,188428
2235,188460
1572,188492
1358,188524
1482,188556
906,188588
1017,188620
428,188652
278,188684
0,188716
0,188748
460,188780
232,188812
460,188844
1085,188876
908,188908
1190,188940
1788,188972
1644,189004
2301,189036
2143,189068
1996,189100
1721,189132
1527,189164
1247,189196
1020,189228
791,189260
570,189292
298,189324
208,189356
411,189388
608,189420
873,189452
1069,189484
939,189516
1528,189548
1391,189580
1686,189612
1864,189644
1736,189676
1500,189708
1274,189740
1048,189772
1118,189804
588,189836
408,189868
521,189900
0,189932
299,189964
152,189996
750,190028
957,190060
826,190092
1407,190124
1646,190156
1549,190188
1820,190220
2249,190252
2093,190284
1770,190316
1164,190348
1353,190380
712,190412
510,190444
622,190476
60,190508
157,190540
286,190572
220,190604
736,190636
603,190668
904,190700
1052,190732
1316,190764
2039,190796
1772,190828
1880,190860
2015,190892
1406,190924
1179,190956
1272,190988
718,191020
895,191052
556,191084
441,191116
149,191148
441,191180
631,191212
814,191244
1081,191276
1274,191308
1470,191340
1738,191372
1936,191404
2174,191436
1845,191468
1870,191500
1274,191532
1405,191564
824,191596
649,191628
366,191660
200,191692
16,191724
0,191756
124,191788
351,191820
583,191852
807,191884
940,191916
1622,191948
1867,191980
1688,192012
2331,192044
2111,192076
1822,192108
1632,192140
1370,192172
1211,192204
906,192236
312,192268
525,192300
0,192332
0,192364
504,192396
318,192428
950,192460
1144,192492
1018,192524
1600,192556
1455,192588
1768,192620
1853,192652
1627,192684
1911,192716
1597,192748
965,192780
1143,192812
505,192844
330,192876
456,192908
0,192940
381,192972
536,193004
845,193036
1023,193068
1303,193100
1487,193132
1724,193164
1949,193196
2200,193228
2204,193260
2000,193292
1728,193324
1466,193356
935,193388
1003,193420
426,193452
552,193484
0,193516
0,193548
0,193580
262,193612
487,193644
711,193676
935,193708
1208,193740
1390,193772
1670,193804
1804,193836
1833,193868
1975,193900
1326,193932
1495,193964
1232,193996
992,194028
777,194060
543,194092
18,194124
202,194156
400,194188
703,194220
859,194252
716,194284
1359,194316
1168,194348
1433,194380
2015,194412
1895,194444
1756,194476
1834,194508
1294,194540
1356,194572
765,194604
606,194636
783,194668
121,194700
345,194732
0,194764
169,194796
745,194828
617,194860
845,194892
1389,194924
1294,194956
1951,194988
1769,195020
2361,195052
2075,195084
1881,195116
1597,195148
1324,195180
1129,195212
864,195244
605,195276
89,195308
141,195340
271,195372
496,195404
728,195436
600,195468
1179,195500
1052,195532
1338,195564
1511,195596
1802,195628
1897,195660
1623,195692
1431,195724
1456,195756
967,195788
747,195820
424,195852
635,195884
410,195916
122,195948
411,195980
618,196012
523,196044
1067,196076
1260,196108
1565,196140
1722,196172
1576,196204
2279,196236
1740,196268
1503,196300
1696,196332
1040,196364
848,196396
968,196428
394,196460
504,196492
0,196524
0,196556
503,196588
268,196620
986,196652
745,196684
968,196716
1609,196748
1430,196780
1708,196812
2318,196844
1753,196876
1944,196908
1290,196940
1467,196972
1195,197004
1013,197036
733,197068
506,197100
269,197132
282,197164
474,197196
328,197228
925,197260
1130,197292
1386,197324
1584,197356
1452,197388
2059,197420
1852,197452
1677,197484
1387,197516
1213,197548
985,197580
760,197612
537,197644
604,197676
77,197708
0,197740
349,197772
247,197804
823,197836
1006,197868
1273,197900
1472,197932
1339,197964
1935,197996
2176,198028
1897,198060
1984,198092
1711,198124
1561,198156
1244,198188
651,198220
831,198252
200,198284
8,198316
103,198348
18,198380
569,198412
799,198444
730,198476
958,198508
1115,198540
1416,198572
1567,198604
1836,198636
2264,198668
1531,198700
1352,198732
1482,198764
890,198796
668,198828
441,198860
215,198892
379,198924
154,198956
504,198988
695,199020
957,199052
1145,199084
1338,199116
1168,199148
1802,199180
1998,199212
2270,199244
2044,199276
1817,199308
1577,199340
1343,199372
761,199404
888,199436
314,199468
140,199500
0,199532
0,199564
185,199596
376,199628
636,199660
861,199692
1086,199724
1323,199756
1918,199788
2155,199820
2329,199852
1676,199884
1849,199916
1582,199948
1022,199980
1117,200012
847,200044
697,200076
394,200108
0,200140
351,200172
152,200204
377,200236
1008,200268
828,200300
1464,200332
1664,200364
1534,200396
1823,200428
1800,200460
1640,200492
1328,200524
1104,200556
1383,200588
678,200620
454,200652
621,200684
3,200716
0,200748
19,200780
280,200812
907,200844
1051,200876
1367,200908
1549,200940
1831,200972
2025,201004
2256,201036
1738,201068
1948,201100
1674,201132
1471,201164
1208,201196
942,201228
746,201260
490,201292
0,201324
151,201356
41,201388
316,201420
489,201452
775,201484
999,201516
1224,201548
1451,201580
1725,201612
1915,201644
1781,201676
1911,201708
1307,201740
1447,201772
812,201804
972,201836
718,201868
141,201900
255,201932
267,201964
189,201996
719,202028
920,202060
1221,202092
1371,202124
1228,202156
1883,202188
1691,202220
1819,202252
2010,202284
1416,202316
1239,202348
1306,202380
786,202412
845,202444
252,202476
103,202508
0,202540
0,202572
639,202604
399,202636
680,202668
858,202700
1129,202732
1357,202764
1919,202796
1821,202828
2297,202860
1639,202892
1823,202924
1536,202956
1232,202988
1079,203020
800,203052
615,203084
348,203116
75,203148
352,203180
557,203212
783,203244
1008,203276
1242,203308
1113,203340
1706,203372
1574,203404
1864,203436
1736,203468
1562,203500
1367,203532
1098,203564
916,203596
685,203628
458,203660
233,203692
0,203724
235,203756
476,203788
316,203820
927,203852
1131,203884
1035,203916
1592,203948
1787,203980
2105,204012
2252,204044
1678,204076
1913,204108
1214,204140
996,204172
1176,204204
536,204236
346,204268
448,204300
0,204332
224,204364
94,204396
394,204428
543,204460
778,204492
1511,204524
1256,204556
1480,204588
2141,204620
1880,204652
1704,204684
1835,204716
1229,204748
1415,204780
779,204812
954,204844
681,204876
377,204908
207,204940
348,204972
567,205004
800,205036
987,205068
1248,205100
1449,205132
1648,205164
1916,205196
2122,205228
1791,205260
1930,205292
1326,205324
1160,205356
876,205388
700,205420
475,205452
250,205484
24,205516
0,205548
39,205580
298,205612
873,205644
750,205676
1339,205708
1164,205740
1801,205772
2009,205804
1864,205836
2159,205868
1932,205900
1369,205932
1456,205964
1194,205996
1037,206028
731,206060
141,206092
316,206124
0,206156
72,206188
632,206220
511,206252
1085,206284
1322,206316
1244,206348
1785,206380
1631,206412
1946,206444
1676,206476
1478,206508
1735,206540
1008,206572
839,206604
967,206636
378,206668
155,206700
0,206732
0,206764
559,206796
671,206828
1021,206860
1207,206892
1477,206924
1671,206956
1856,206988
2135,207020
2256,207052
1992,207084
1788,207116
1516,207148
1292,207180
1054,207212
829,207244
252,207276
376,207308
0,207340
0,207372
156,207404
428,207436
697,207468
887,207500
1157,207532
1383,207564
1608,207596
1849,207628
1790,207660
2023,207692
1801,207724
1157,207756
1323,207788
1055,207820
509,207852
600,207884
336,207916
0,207948
344,207980
208,208012
877,208044
656,208076
889,208108
1533,208140
1342,208172
1994,208204
2200,208236
1768,208268
1886,208300
1275,208332
1116,208364
812,208396
592,208428
859,208460
168,208492
0,208524
233,208556
64,208588
343,208620
522,208652
792,208684
1421,208716
1566,208748
1895,208780
2079,208812
2361,208844
2121,208876
1888,208908
1645,208940
1420,208972
1149,209004
956,209036
694,209068
430,209100
223,209132
207,209164
103,209196
668,209228
551,209260
828,209292
999,209324
1286,209356
1513,209388
1750,209420
1911,209452
1719,209484
1437,209516
1255,209548
1383,209580
796,209612
923,209644
302,209676
456,209708
191,209740
0,209772
557,209804
784,209836
960,209868
1240,209900
1435,209932
1751,209964
1900,209996
1755,210028
2222,210060
1563,210092
1357,210124
1480,210156
903,210188
727,210220
782,210252
274,210284
328,210316
0,210348
57,210380
204,210412
462,210444
1163,210476
912,210508
1192,210540
1370,210572
1646,210604
1885,210636
2144,210668
1579,210700
1759,210732
1115,210764
1294,210796
1019,210828
829,210860
557,210892
288,210924
217,210956
426,210988
616,211020
874,211052
1069,211084
1304,211116
1529,211148
1769,211180
1638,211212
2234,211244
1676,211276
1498,211308
1212,211340
1037,211372
856,211404
587,211436
405,211468
173,211500
0,211532
0,211564
102,211596
760,211628
999,211660
828,211692
1451,211724
1657,211756
1835,211788
2121,211820
2240,211852
2089,211884
1770,211916
1152,211948
1385,211980
701,212012
477,212044
664,212076
25,212108
0,212140
286,212172
176,212204
746,212236
606,212268
903,212300
1056,212332
1289,212364
2039,212396
2201,212428
1821,212460
2009,212492
1354,212524
1178,212556
1308,212588
725,212620
893,212652
265,212684
425,212716
163,212748
443,212780
637,212812
862,212844
1083,212876
1324,212908
1504,212940
1776,212972
1977,213004
2175,213036
2137,213068
1867,213100
1264,213132
1403,213164
815,213196
648,213228
366,213260
188,213292
0,213324
0,213356
92,213388
360,213420
541,213452
811,213484
1389,213516
1271,213548
1868,213580
1688,213612
2331,213644
2111,213676
1864,213708
1629,213740
1403,213772
857,213804
939,213836
672,213868
521,213900
216,213932
0,213964
503,213996
318,214028
574,214060
1146,214092
1024,214124
1610,214156
1848,214188
1770,214220
2237,214252
2007,214284
1453,214316
1647,214348
956,214380
1207,214412
505,214444
328,214476
445,214508
0,214540
8,214572
222,214604
446,214636
1081,214668
1191,214700
1545,214732
1725,214764
2009,214796
2199,214828
2202,214860
1997,214892
1726,214924
1456,214956
1260,214988
991,215020
776,215052
540,215084
317,215116
0,215148
330,215180
216,215212
490,215244
663,215276
940,215308
1209,215340
1400,215372
1674,215404
1913,215436
1832,215468
1596,215500
1270,215532
1488,215564
1263,215596
991,215628
799,215660
544,215692
8,215724
201,215756
409,215788
703,215820
860,215852
717,215884
1400,215916
1168,215948
1404,215980
2064,216012
1868,216044
2094,216076
1833,216108
1240,216140
1354,216172
765,216204
604,216236
779,216268
80,216300
343,216332
0,216364
134,216396
747,216428
572,216460
854,216492
1024,216524
1303,216556
1959,216588
2103,216620
2347,216652
2063,216684
1869,216716
1595,216748
1368,216780
1128,216812
896,216844
638,216876
442,216908
168,216940
272,216972
528,217004
732,217036
604,217068
1183,217100
1054,217132
1338,217164
1514,217196
1804,217228
1851,217260
1612,217292
1384,217324
1194,217356
923,217388
734,217420
423,217452
283,217484
411,217516
135,217548
411,217580
621,217612
489,217644
1069,217676
1306,217708
1211,217740
1768,217772
1966,217804
2281,217836
2121,217868
1500,217900
1695,217932
1039,217964
845,217996
960,218028
392,218060
214,218092
280,218124
0,218156
119,218188
269,218220
568,218252
717,218284
972,218316
1689,218348
1433,218380
1718,218412
1896,218444
1752,218476
1515,218508
1616,218540
1063,218572
1241,218604
604,218636
779,218668
503,218700
315,218732
285,218764
474,218796
743,218828
938,218860
1132,218892
1392,218924
1594,218956
1834,218988
2063,219020
2221,219052
1612,219084
1752,219116
1152,219148
984,219180
700,219212
528,219244
344,219276
76,219308
0,219340
270,219372
238,219404
475,219436
1049,219468
1275,219500
1516,219532
1340,219564
1979,219596
2187,219628
1884,219660
1983,219692
1711,219724
1561,219756
1242,219788
650,219820
862,219852
189,219884
0,219916
139,219948
0,219980
236,220012
808,220044
686,220076
968,220108
1116,220140
1420,220172
1568,220204
1817,220236
2263,220268
1529,220300
1304,220332
1481,220364
841,220396
666,220428
793,220460
211,220492
375,220524
0,220556
507,220588
695,220620
967,220652
1147,220684
1376,220716
1177,220748
1848,220780
2040,220812
2314,220844
2078,220876
1806,220908
1608,220940
1339,220972
760,221004
880,221036
317,221068
138,221100
0,221132
0,221164
153,221196
378,221228
601,221260
1131,221292
1053,221324
1324,221356
1917,221388
1787,221420
2317,221452
1672,221484
1847,221516
1579,221548
983,221580
1111,221612
888,221644
343,221676
416,221708
153,221740
361,221772
511,221804
381,221836
1019,221868
830,221900
1088,221932
1672,221964
1547,221996
1833,222028
2186,222060
1630,222092
1705,222124
1102,222156
942,222188
638,222220
454,222252
687,222284
1,222316
0,222348
409,222380
280,222412
509,222444
732,222476
959,222508
1599,222540
1712,222572
2075,222604
2265,222636
2106,222668
1945,222700
1672,222732
1469,222764
1198,222796
943,222828
748,222860
490,222892
253,222924
153,222956
391,222988
266,223020
844,223052
716,223084
1000,223116
1168,223148
1454,223180
1735,223212
1927,223244
1771,223276
1535,223308
1305,223340
1081,223372
761,223404
971,223436
751,223468
134,223500
281,223532
272,223564
187,223596
728,223628
923,223660
1225,223692
1374,223724
1231,223756
1927,223788
1692,223820
1852,223852
2044,223884
1386,223916
1188,223948
1304,223980
730,224012
844,224044
252,224076
94,224108
0,224140
0,224172
649,224204
412,224236
636,224268
1273,224300
1084,224332
1368,224364
1544,224396
1831,224428
2296,224460
1964,224492
1818,224524
1533,224556
1230,224588
1071,224620
844,224652
606,224684
382,224716
119,224748
398,224780
591,224812
793,224844
1040,224876
1246,224908
1115,224940
1709,224972
1577,225004
1868,225036
1726,225068
1552,225100
1322,225132
1094,225164
871,225196
679,225228
410,225260
223,225292
0,225324
0,225356
475,225388
327,225420
926,225452
1133,225484
1000,225516
1593,225548
1835,225580
1737,225612
2298,225644
2059,225676
1901,225708
1594,225740
986,225772
1175,225804
527,225836
334,225868
444,225900
0,225932
0,225964
461,225996
404,226028
912,226060
781,226092
1079,226124
1229,226156
1488,226188
2219,226220
1880,226252
1702,226284
1727,226316
1226,226348
1003,226380
1096,226412
551,226444
727,226476
376,226508
253,226540
347,226572
621,226604
809,226636
990,226668
1257,226700
1454,226732
1658,226764
1918,226796
2123,226828
2158,226860
1920,226892
1689,226924
1098,226956
1226,226988
648,227020
473,227052
190,227084
24,227116
0,227148
40,227180
301,227212
795,227244
759,227276
987,227308
1118,227340
1804,227372
2047,227404
1867,227436
2201,227468
1931,227500
1367,227532
1453,227564
1183,227596
1033,227628
729,227660
141,227692
345,227724
0,227756
44,227788
680,227820
491,227852
750,227884
1322,227916
1198,227948
1786,227980
1641,228012
1947,228044
1674,228076
1448,228108
1722,228140
1005,228172
788,228204
957,228236
330,228268
154,228300
270,228332
0,228364
568,228396
713,228428
1032,228460
1213,228492
1480,228524
1673,228556
1912,228588
2137,228620
2300,228652
2024,228684
1821,228716
1549,228748
1280,228780
1086,228812
826,228844
252,228876
366,228908
0,228940
0,228972
158,229004
432,229036
663,229068
888,229100
1114,229132
1648,229164
1576,229196
1848,229228
2251,229260
1648,229292
1788,229324
1156,229356
1318,229388
1056,229420
472,229452
601,229484
366,229516
0,229548
384,229580
575,229612
886,229644
1034,229676
893,229708
1535,229740
1344,229772
1608,229804
2201,229836
1757,229868
1883,229900
1646,229932
1114,229964
1180,229996
589,230028
439,230060
137,230092
0,230124
297,230156
73,230188
346,230220
925,230252
794,230284
1019,230316
1578,230348
1479,230380
2139,230412
2240,230444
2171,230476
1885,230508
1693,230540
1417,230572
1144,230604
951,230636
684,230668
428,230700
222,230732
217,230764
446,230796
421,230828
904,230860
778,230892
1359,230924
1229,230956
1514,230988
1690,231020
1902,231052
1709,231084
1437,231116
1244,231148
1021,231180
792,231212
568,231244
250,231276
454,231308
221,231340
0,231372
588,231404
795,231436
973,231468
1245,231500
1440,231532
1753,231564
1902,231596
1757,231628
2263,231660
1560,231692
1324,231724
1516,231756
863,231788
1049,231820
791,231852
226,231884
328,231916
0,231948
56,231980
207,232012
441,232044
1163,232076
1325,232108
1146,232140
1790,232172
1606,232204
1886,232236
2186,232268
1575,232300
1755,232332
1434,232364
1290,232396
1019,232428
828,232460
553,232492
330,232524
221,232556
460,232588
653,232620
912,232652
1110,232684
1306,232716
1236,232748
1770,232780
1631,232812
2237,232844
1673,232876
1496,232908
1209,232940
1034,232972
810,233004
585,233036
360,233068
171,233100
0,233132
0,233164
105,233196
413,233228
1003,233260
829,233292
1452,233324
1657,233356
1883,233388
2123,233420
2284,233452
1719,233484
1805,233516
1531,233548
1373,233580
1069,233612
474,233644
654,233676
22,233708
0,233740
288,233772
186,233804
458,233836
975,233868
914,233900
1436,233932
1293,233964
1595,233996
2261,234028
1819,234060
2077,234092
1354,234124
1176,234156
1306,234188
712,234220
491,234252
576,234284
39,234316
203,234348
61,234380
685,234412
863,234444
1133,234476
1321,234508
1514,234540
1783,234572
1984,234604
2184,234636
1787,234668
1856,234700
1638,234732
1400,234764
1165,234796
588,234828
713,234860
136,234892
0,234924
0,234956
102,234988
365,235020
552,235052
812,235084
1306,235116
1271,235148
1500,235180
1630,235212
2332,235244
2143,235276
1864,235308
1663,235340
1403,235372
855,235404
939,235436
672,235468
509,235500
215,235532
0,235564
540,235596
329,235628
555,235660
1194,235692
1002,235724
1262,235756
1848,235788
1722,235820
2236,235852
1616,235884
1462,235916
1641,235948
934,235980
1207,236012
496,236044
281,236076
445,236108
0,236140
17,236172
586,236204
457,236236
1083,236268
915,236300
1547,236332
1737,236364
2012,236396
2203,236428
2238,236460
1995,236492
1760,236524
1486,236556
873,236588
1024,236620
766,236652
571,236684
314,236716
0,236748
333,236780
218,236812
490,236844
667,236876
942,236908
1175,236940
1400,236972
1631,237004
2186,237036
1785,237068
1593,237100
1723,237132
1130,237164
1261,237196
987,237228
795,237260
539,237292
0,237324
207,237356
446,237388
365,237420
905,237452
1096,237484
1401,237516
1552,237548
1405,237580
2073,237612
1870,237644
1704,237676
1822,237708
1240,237740
1355,237772
1128,237804
604,237836
379,237868
80,237900
0,237932
0,237964
136,237996
825,238028
584,238060
855,238092
1437,238124
1304,238156
1547,238188
1772,238220
1927,238252
2111,238284
1753,238316
1481,238348
1355,238380
1167,238412
903,238444
634,238476
26,238508
169,238540
280,238572
538,238604
732,238636
958,238668
1192,238700
1422,238732
1288,238764
1884,238796
1755,238828
1847,238860
1549,238892
1384,238924
1191,238956
919,238988
734,239020
509,239052
280,239084
59,239116
170,239148
421,239180
654,239212
491,239244
1104,239276
1311,239308
1211,239340
1771,239372
1968,239404
2285,239436
2110,239468
1499,239500
1737,239532
1037,239564
812,239596
1002,239628
361,239660
526,239692
271,239724
0,239756
120,239788
272,239820
569,239852
718,239884
944,239916
1688,239948
1435,239980
1670,240012
2329,240044
1702,240076
1522,240108
1239,240140
1053,240172
1227,240204
922,240236
775,240268
505,240300
311,240332
287,240364
524,240396
331,240428
974,240460
1167,240492
1434,240524
1630,240556
1832,240588
2093,240620
2217,240652
1612,240684
1742,240716
1150,240748
974,240780
699,240812
523,240844
300,240876
76,240908
0,240940
24,240972
204,241004
475,241036
1051,241068
925,241100
1525,241132
1349,241164
1980,241196
2191,241228
1847,241260
1979,241292
1752,241324
1191,241356
1276,241388
1008,241420
857,241452
554,241484
0,241516
151,241548
0,241580
248,241612
812,241644
697,241676
970,241708
1498,241740
1430,241772
1960,241804
1818,241836
1803,241868
1496,241900
1294,241932
1545,241964
840,241996
662,242028
391,242060
202,242092
0,242124
200,242156
119,242188
745,242220
572,242252
1197,242284
1385,242316
1545,242348
1851,242380
2042,242412
2313,242444
2076,242476
1807,242508
1600,242540
1338,242572
1104,242604
877,242636
653,242668
76,242700
190,242732
0,242764
156,242796
330,242828
606,242860
874,242892
1062,242924
1325,242956
1563,242988
1790,243020
1945,243052
1610,243084
1838,243116
1615,243148
974,243180
1145,243212
889,243244
344,243276
424,243308
152,243340
363,243372
524,243404
381,243436
1054,243468
831,243500
1066,243532
1720,243564
1519,243596
1788,243628
2176,243660
1580,243692
1694,243724
1099,243756
946,243788
637,243820
423,243852
682,243884
2,243916
0,243948
413,243980
247,244012
512,244044
1100,244076
967,244108
1608,244140
1421,244172
2078,244204
2267,244236
2096,244268
1945,244300
1708,244332
1465,244364
1242,244396
969,244428
780,244460
508,244492
253,244524
189,244556
392,244588
272,244620
846,244652
720,244684
1002,244716
1176,244748
1466,244780
1693,244812
1929,244844
1725,244876
1531,244908
1260,244940
1079,244972
1197,245004
619,245036
745,245068
124,245100
279,245132
283,245164
155,245196
731,245228
960,245260
874,245292
1420,245324
1615,245356
1933,245388
2079,245420
1849,245452
2045,245484
1376,245516
1180,245548
1304,245580
729,245612
841,245644
608,245676
90,245708
142,245740
0,245772
231,245804
379,245836
637,245868
1341,245900
1096,245932
1372,245964
1977,245996
1832,246028
1867,246060
1628,246092
1399,246124
1583,246156
1227,246188
1115,246220
843,246252
655,246284
381,246316
124,246348
397,246380
602,246412
793,246444
1052,246476
1245,246508
1482,246540
1709,246572
1947,246604
1807,246636
2094,246668
1488,246700
1319,246732
1036,246764
862,246796
680,246828
410,246860
220,246892
6,246924
0,246956
139,246988
278,247020
939,247052
1179,247084
1003,247116
1631,247148
1837,247180
1737,247212
2301,247244
2059,247276
1437,247308
1582,247340
976,247372
1208,247404
523,247436
302,247468
486,247500
0,247532
268,247564
472,247596
358,247628
924,247660
784,247692
1080,247724
1230,247756
1468,247788
2222,247820
1872,247852
1642,247884
1822,247916
1178,247948
1000,247980
728,248012
539,248044
715,248076
398,248108
247,248140
361,248172
622,248204
813,248236
1040,248268
1257,248300
1502,248332
1691,248364
1964,248396
2168,248428
2159,248460
1949,248492
1689,248524
1096,248556
1215,248588
640,248620
464,248652
186,248684
21,248716
0,248748
44,248780
267,248812
536,248844
718,248876
984,248908
1577,248940
1447,248972
2055,249004
1867,249036
2197,249068
1929,249100
1319,249132
1449,249164
1226,249196
953,249228
764,249260
496,249292
335,249324
173,249356
46,249388
684,249420
491,249452
759,249484
1325,249516
1199,249548
1484,249580
2028,249612
1948,249644
2047,249676
1440,249708
1287,249740
972,249772
782,249804
1033,249836
329,249868
152,249900
0,249932
0,249964
183,249996
717,250028
631,250060
1259,250092
1081,250124
1725,250156
1915,250188
2199,250220
2295,250252
2014,250284
1817,250316
1548,250348
923,250380
1084,250412
824,250444
591,250476
361,250508
134,250540
0,250572
506,250604
383,250636
667,250668
832,250700
1118,250732
1389,250764
1578,250796
1853,250828
1885,250860
1644,250892
1419,250924
1094,250956
1307,250988
1088,251020
462,251052
620,251084
365,251116
105,251148
391,251180
589,251212
889,251244
1024,251276
894,251308
1581,251340
1344,251372
1579,251404
2248,251436
1735,251468
1520,251500
1646,251532
1064,251564
1178,251596
588,251628
436,251660
124,251692
0,251724
299,251756
471,251788
310,251820
925,251852
757,251884
1032,251916
1624,251948
1480,251980
2140,252012
1949,252044
2169,252076
1883,252108
1691,252140
1407,252172
1184,252204
951,252236
720,252268
456,252300
254,252332
252,252364
448,252396
711,252428
908,252460
781,252492
1359,252524
1230,252556
1528,252588
1695,252620
1898,252652
1671,252684
1432,252716
1207,252748
1015,252780
748,252812
558,252844
681,252876
107,252908
219,252940
0,252972
598,253004
794,253036
1017,253068
1247,253100
1484,253132
1389,253164
1950,253196
2144,253228
2253,253260
1933,253292
1324,253324
1512,253356
863,253388
676,253420
784,253452
219,253484
318,253516
107,253548
60,253580
576,253612
444,253644
744,253676
1375,253708
1148,253740
1869,253772
1609,253804
1898,253836
2183,253868
1565,253900
1339,253932
1112,253964
887,253996
1064,254028
714,254060
601,254092
319,254124
279,254156
463,254188
654,254220
921,254252
1114,254284
1307,254316
1578,254348
1773,254380
2011,254412
2240,254444
2032,254476
1432,254508
1567,254540
974,254572
810,254604
525,254636
358,254668
167,254700
0,254732
0,254764
190,254796
423,254828
651,254860
781,254892
1463,254924
1705,254956
1885,254988
2159,255020
2281,255052
1709,255084
1803,255116
1530,255148
1371,255180
1056,255212
472,255244
684,255276
24,255308
0,255340
333,255372
156,255404
784,255436
975,255468
860,255500
1440,255532
1295,255564
1606,255596
2263,255628
1790,255660
2076,255692
1343,255724
1124,255756
1293,255788
664,255820
488,255852
218,255884
29,255916
215,255948
376,255980
683,256012
875,256044
1142,256076
1327,256108
1564,256140
1789,256172
2030,256204
2221,256236
2170,256268
1897,256300
1627,256332
1423,256364
1164,256396
584,256428
712,256460
136,256492
0,256524
0,256556
102,256588
328,256620
554,256652
781,256684
1047,256716
1228,256748
1499,256780
1641,256812
1976,256844
2141,256876
1853,256908
1659,256940
1391,256972
809,257004
937,257036
703,257068
167,257100
239,257132
238,257164
543,257196
696,257228
558,257260
1196,257292
1007,257324
1263,257356
1853,257388
1724,257420
1927,257452
1998,257484
1450,257516
1223,257548
926,257580
767,257612
461,257644
271,257676
509,257708
0,257740
17,257772
200,257804
458,257836
685,257868
1230,257900
1143,257932
1787,257964
1597,257996
2263,258028
2237,258060
2043,258092
1766,258124
1488,258156
1290,258188
1022,258220
764,258252
570,258284
304,258316
101,258348
334,258380
567,258412
442,258444
1018,258476
894,258508
1176,258540
1344,258572
1640,258604
1913,258636
1784,258668
1591,258700
1627,258732
1128,258764
903,258796
1019,258828
793,258860
573,258892
0,258924
249,258956
457,258988
375,259020
907,259052
1101,259084
1405,259116
1561,259148
1408,259180
2112,259212
1872,259244
1672,259276
1864,259308
1208,259340
1004,259372
1120,259404
550,259436
377,259468
75,259500
0,259532
0,259564
108,259596
824,259628
575,259660
812,259692
1449,259724
1268,259756
1544,259788
2154,259820
1925,259852
2107,259884
1450,259916
1640,259948
1357,259980
1165,260012
893,260044
668,260076
24,260108
202,260140
313,260172
576,260204
765,260236
968,260268
1227,260300
1424,260332
1291,260364
1888,260396
1759,260428
1838,260460
1548,260492
1371,260524
1147,260556
920,260588
695,260620
763,260652
235,260684
55,260716
181,260748
87,260780
661,260812
492,260844
1112,260876
1309,260908
1176,260940
1771,260972
2014,261004
1917,261036
2154,261068
1881,261100
1725,261132
1405,261164
810,261196
999,261228
352,261260
164,261292
264,261324
0,261356
124,261388
637,261420
574,261452
1099,261484
956,261516
1256,261548
1406,261580
1674,261612
2407,261644
1689,261676
1512,261708
1645,261740
1050,261772
827,261804
599,261836
366,261868
539,261900
192,261932
335,261964
527,261996
685,262028
985,262060
1176,262092
1435,262124
1630,262156
1836,262188
2104,262220
2208,262252
1979,262284
1739,262316
1504,262348
922,262380
1083,262412
472,262444
298,262476
25,262508
0,262540
26,262572
218,262604
478,262636
711,262668
935,262700
1163,262732
1292,262764
1989,262796
2235,262828
1838,262860
2013,262892
1743,262924
1191,262956
1273,262988
1006,263020
857,263052
556,263084
0,263116
185,263148
1,263180
228,263212
858,263244
677,263276
934,263308
1500,263340
1382,263372
1967,263404
1820,263436
1802,263468
1486,263500
1264,263532
1544,263564
832,263596
612,263628
781,263660
155,263692
0,263724
0,263756
120,263788
747,263820
892,263852
1207,263884
1387,263916
1536,263948
1853,263980
2092,264012
2317,264044
2112,264076
1835,264108
1640,264140
1371,264172
1102,264204
907,264236
650,264268
76,264300
189,264332
0,264364
166,264396
332,264428
616,264460
839,264492
1066,264524
1288,264556
1564,264588
1754,264620
1941,264652
1600,264684
1467,264716
1609,264748
970,264780
1133,264812
877,264844
297,264876
413,264908
184,264940
26,264972
559,265004
760,265036
1064,265068
1210,265100
1071,265132
1721,265164
1520,265196
1788,265228
2174,265260
1579,265292
1398,265324
1468,265356
936,265388
1003,265420
412,265452
254,265484
0,265516
0,265548
477,265580
248,265612
532,265644
700,265676
969,265708
1205,265740
1756,265772
1659,265804
2319,265836
2096,265868
1983,265900
1709,265932
1511,265964
1237,265996
968,266028
765,266060
506,266092
251,266124
192,266156
394,266188
631,266220
856,266252
1082,266284
954,266316
1535,266348
1405,266380
1702,266412
1870,266444
1722,266476
1528,266508
1258,266540
1069,266572
1101,266604
618,266636
391,266668
76,266700
267,266732
315,266764
158,266796
775,266828
971,266860
876,266892
1421,266924
1616,266956
1933,266988
2090,267020
1848,267052
2078,267084
1375,267116
1148,267148
1336,267180
697,267212
492,267244
606,267276
42,267308
138,267340
0,267372
234,267404
383,267436
617,267468
1342,267500
1096,267532
1322,267564
1978,267596
1788,267628
1864,267660
1996,267692
1388,267724
1579,267756
1248,267788
1112,267820
831,267852
650,267884
0,267916
172,267948
409,267980
640,268012
829,268044
1096,268076
1289,268108
1485,268140
1744,268172
1952,268204
1817,268236
2080,268268
1485,268300
1318,268332
1024,268364
860,268396
633,268428
407,268460
183,268492
250,268524
0,268556
151,268588
713,268620
599,268652
1179,268684
1004,268716
1630,268748
1839,268780
1703,268812
2303,268844
2094,268876
1529,268908
1616,268940
1353,268972
1197,269004
889,269036
300,269068
477,269100
0,269132
0,269164
472,269196
363,269228
924,269260
1152,269292
1084,269324
1614,269356
1470,269388
1783,269420
1838,269452
1640,269484
1897,269516
1168,269548
1000,269580
1129,269612
538,269644
315,269676
398,269708
0,269740
399,269772
512,269804
861,269836
1039,269868
1309,269900
1501,269932
1694,269964
1963,269996
2170,270028
2156,270060
1949,270092
1676,270124
1449,270156
955,270188
985,270220
411,270252
535,270284
0,270316
0,270348
1,270380
270,270412
541,270444
729,270476
987,270508
1225,270540
1447,270572
1678,270604
1818,270636
2187,270668
1961,270700
1318,270732
1485,270764
1223,270796
942,270828
760,270860
492,270892
333,270924
182,270956
48,270988
717,271020
493,271052
730,271084
1372,271116
1181,271148
1832,271180
2030,271212
1900,271244
2046,271276
1435,271308
1276,271340
971,271372
751,271404
1021,271436
719,271468
104,271500
265,271532
0,271564
184,271596
762,271628
632,271660
1261,271692
1404,271724
1735,271756
1915,271788
2200,271820
2287,271852
2058,271884
1815,271916
1584,271948
1308,271980
1116,272012
846,272044
590,272076
71,272108
121,272140
0,272172
510,272204
393,272236
668,272268
842,272300
1124,272332
1352,272364
1581,272396
1817,272428
1882,272460
1597,272492
1415,272524
1086,272556
952,272588
1083,272620
460,272652
619,272684
364,272716
140,272748
395,272780
624,272812
541,272844
1080,272876
1275,272908
1581,272940
1738,272972
1584,273004
2253,273036
1722,273068
1516,273100
1642,273132
1064,273164
886,273196
953,273228
428,273260
489,273292
0,273324
0,273356
512,273388
304,273420
1001,273452
759,273484
1032,273516
1625,273548
1492,273580
1723,273612
2294,273644
1739,273676
1931,273708
1275,273740
1455,273772
1179,273804
989,273836
717,273868
456,273900
253,273932
254,273964
460,273996
392,274028
910,274060
1146,274092
1370,274124
1608,274156
1466,274188
2064,274220
1840,274252
1660,274284
1372,274316
1196,274348
1015,274380
746,274412
847,274444
588,274476
103,274508
0,274540
0,274572
600,274604
831,274636
1018,274668
1291,274700
1487,274732
1399,274764
1951,274796
2153,274828
2249,274860
1932,274892
1322,274924
1546,274956
861,274988
639,275020
826,275052
184,275084
0,275116
120,275148
24,275180
576,275212
445,275244
746,275276
1383,275308
1130,275340
1870,275372
1613,275404
1849,275436
2171,275468
1512,275500
1338,275532
1468,275564
875,275596
1052,275628
425,275660
597,275692
319,275724
283,275756
473,275788
698,275820
925,275852
1162,275884
1343,275916
1190,275948
1807,275980
2012,276012
2283,276044
2030,276076
1431,276108
1561,276140
973,276172
806,276204
512,276236
346,276268
121,276300
0,276332
0,276364
456,276396
380,276428
651,276460
1229,276492
1111,276524
1707,276556
1887,276588
2168,276620
2271,276652
1659,276684
1801,276716
1566,276748
1005,276780
1098,276812
832,276844
681,276876
377,276908
0,276940
345,276972
158,277004
424,277036
988,277068
872,277100
1438,277132
1680,277164
1607,277196
1847,277228
1784,277260
1625,277292
1311,277324
1116,277356
1367,277388
656,277420
486,277452
605,277484
29,277516
0,277548
72,277580
295,277612
923,277644
1024,277676
1381,277708
1567,277740
1849,277772
2029,277804
2222,277836
1724,277868
1888,277900
1624,277932
1420,277964
1151,277996
937,278028
700,278060
474,278092
0,278124
168,278156
56,278188
333,278220
503,278252
782,278284
1049,278316
1240,278348
1511,278380
1741,278412
1978,278444
1767,278476
1887,278508
1658,278540
1433,278572
804,278604
959,278636
711,278668
158,278700
238,278732
249,278764
541,278796
700,278828
557,278860
1241,278892
1007,278924
1241,278956
1900,278988
1706,279020
2264,279052
1994,279084
1400,279116
1223,279148
921,279180
764,279212
458,279244
240,279276
503,279308
0,279340
0,279372
589,279404
414,279436
696,279468
872,279500
1146,279532
1788,279564
1943,279596
2263,279628
2233,279660
2039,279692
1757,279724
1530,279756
860,279788
1056,279820
793,279852
602,279884
332,279916
104,279948
368,279980
571,280012
448,280044
1021,280076
896,280108
1182,280140
1354,280172
1644,280204
1879,280236
1783,280268
1548,280300
1355,280332
1083,280364
893,280396
1017,280428
443,280460
571,280492
0,280524
251,280556
457,280588
329,280620
909,280652
1146,280684
1051,280716
1600,280748
1801,280780
2119,280812
2266,280844
1662,280876
1855,280908
1198,280940
1004,280972
1120,281004
552,281036
375,281068
432,281100
0,281132
238,281164
109,281196
409,281228
556,281260
824,281292
1527,281324
1263,281356
1556,281388
1735,281420
1914,281452
1677,281484
1776,281516
1215,281548
1399,281580
763,281612
941,281644
665,281676
364,281708
195,281740
316,281772
587,281804
778,281836
969,281868
1230,281900
1424,281932
1662,281964
1897,281996
2136,282028
1776,282060
1914,282092
1310,282124
1144,282156
858,282188
684,282220
503,282252
234,282284
45,282316
0,282348
88,282380
315,282412
446,282444
1116,282476
1355,282508
1180,282540
1819,282572
2025,282604
1915,282636
2153,282668
1872,282700
1721,282732
1404,282764
800,282796
1021,282828
350,282860
124,282892
299,282924
0,282956
88,282988
650,283020
536,283052
1100,283084
956,283116
1257,283148
1416,283180
1648,283212
2407,283244
1689,283276
1462,283308
1646,283340
1000,283372
825,283404
953,283436
363,283468
539,283500
0,283532
347,283564
527,283596
688,283628
987,283660
1216,283692
1437,283724
1680,283756
1880,283788
2142,283820
2240,283852
1968,283884
1770,283916
1501,283948
912,283980
1039,284012
464,284044
294,284076
20,284108
0,284140
3,284172
218,284204
442,284236
713,284268
894,284300
1162,284332
1755,284364
1625,284396
2235,284428
1833,284460
2008,284492
1741,284524
1143,284556
1273,284588
1040,284620
501,284652
576,284684
315,284716
189,284748
364,284780
222,284812
861,284844
670,284876
934,284908
1501,284940
1385,284972
1967,285004
2208,285036
1800,285068
1869,285100
1261,285132
1100,285164
799,285196
604,285228
845,285260
153,285292
0,285324
239,285356
120,285388
350,285420
584,285452
807,285484
1439,285516
1548,285548
1915,285580
2095,285612
2377,285644
2110,285676
1834,285708
1631,285740
1360,285772
1101,285804
906,285836
640,285868
415,285900
183,285932
231,285964
108,285996
684,286028
560,286060
844,286092
1006,286124
1302,286156
1561,286188
1766,286220
1940,286252
1705,286284
1467,286316
1239,286348
910,286380
1131,286412
909,286444
544,286476
444,286508
175,286540
29,286572
571,286604
760,286636
617,286668
1214,286700
1071,286732
1759,286764
1531,286796
1769,286828
2208,286860
1546,286892
1736,286924
1466,286956
888,286988
1004,287020
412,287052
253,287084
0,287116
0,287148
487,287180
251,287212
486,287244
1103,287276
926,287308
1208,287340
1385,287372
1670,287404
2327,287436
2136,287468
1981,287500
1705,287532
1502,287564
1237,287596
1004,287628
765,287660
544,287692
281,287724
236,287756
431,287788
631,287820
880,287852
1083,287884
954,287916
1536,287948
1408,287980
1704,288012
1880,288044
1719,288076
1484,288108
1254,288140
1019,288172
840,288204
570,288236
382,288268
501,288300
0,288332
318,288364
166,288396
773,288428
973,288460
841,288492
1431,288524
1664,288556
1851,288588
2136,288620
2223,288652
2073,288684
1752,288716
1145,288748
1337,288780
686,288812
491,288844
606,288876
42,288908
0,288940
304,288972
245,289004
760,289036
620,289068
920,289100
1068,289132
1328,289164
2057,289196
1789,289228
1862,289260
1578,289292
1386,289324
1163,289356
1248,289388
699,289420
887,289452
251,289484
413,289516
173,289548
461,289580
647,289612
840,289644
1097,289676
1292,289708
1485,289740
1754,289772
1960,289804
2191,289836
2090,289868
1852,289900
1256,289932
1385,289964
806,289996
632,290028
348,290060
175,290092
0,290124
0,290156
151,290188
367,290220
599,290252
827,290284
956,290316
1642,290348
1884,290380
1704,290412
2349,290444
2093,290476
1807,290508
1615,290540
1343,290572
1197,290604
890,290636
295,290668
505,290700
0,290732
0,290764
512,290796
334,290828
590,290860
1165,290892
1040,290924
1615,290956
1482,290988
1784,291020
1836,291052
1610,291084
1895,291116
1581,291148
950,291180
1117,291212
490,291244
314,291276
430,291308
0,291340
407,291372
247,291404
871,291436
1051,291468
1320,291500
1503,291532
1742,291564
1967,291596
2218,291628
2185,291660
1984,291692
1708,291724
1448,291756
1244,291788
985,291820
411,291852
526,291884
0,291916
0,291948
6,291980
280,292012
505,292044
729,292076
954,292108
1223,292140
1407,292172
1688,292204
2285,292236
1816,292268
1959,292300
1310,292332
1479,292364
1215,292396
975,292428
751,292460
527,292492
0,292524
222,292556
416,292588
719,292620
874,292652
732,292684
1374,292716
1183,292748
1448,292780
2040,292812
1912,292844
2042,292876
1808,292908
1274,292940
1342,292972
748,293004
599,293036
765,293068
103,293100
329,293132
0,293164
186,293196
763,293228
636,293260
862,293292
1094,293324
1310,293356
1977,293388
2079,293420
2333,293452
2059,293484
1855,293516
1579,293548
1308,293580
1104,293612
846,293644
588,293676
394,293708
121,293740
288,293772
510,293804
747,293836
618,293868
1198,293900
1071,293932
1354,293964
1530,293996
1822,294028
1879,294060
1596,294092
1404,294124
1179,294156
951,294188
719,294220
408,294252
616,294284
395,294316
153,294348
429,294380
635,294412
540,294444
1087,294476
1276,294508
1593,294540
1740,294572
1595,294604
2296,294636
1722,294668
1485,294700
1688,294732
1024,294764
1210,294796
951,294828
380,294860
480,294892
0,294924
0,294956
523,294988
282,295020
1003,295052
762,295084
988,295116
1629,295148
1448,295180
1724,295212
1914,295244
1736,295276
1918,295308
1597,295340
1451,295372
1177,295404
987,295436
715,295468
490,295500
249,295532
300,295564
490,295596
760,295628
951,295660
1147,295692
1405,295724
1600,295756
1471,295788
2074,295820
1836,295852
1658,295884
1368,295916
1194,295948
968,295980
743,296012
511,296044
328,296076
59,296108
0,296140
0,296172
254,296204
841,296236
1019,296268
1289,296300
1487,296332
1355,296364
1961,296396
2203,296428
1879,296460
1968,296492
1695,296524
1545,296556
1227,296588
632,296620
815,296652
175,296684
0,296716
120,296748
28,296780
308,296812
825,296844
754,296876
983,296908
1132,296940
1432,296972
1584,297004
1852,297036
2249,297068
1513,297100
1336,297132
1060,297164
874,297196
651,297228
734,297260
190,297292
363,297324
0,297356
525,297388
703,297420
973,297452
1163,297484
1352,297516
1622,297548
1820,297580
2024,297612
2284,297644
2026,297676
1792,297708
1552,297740
1326,297772
744,297804
871,297836
297,297868
121,297900
0,297932
0,297964
202,297996
394,298028
663,298060
1146,298092
1112,298124
1339,298156
1935,298188
2171,298220
2303,298252
1656,298284
1831,298316
1563,298348
1003,298380
1097,298412
830,298444
681,298476
411,298508
0,298540
377,298572
170,298604
396,298636
1034,298668
846,298700
1102,298732
1690,298764
1563,298796
1848,298828
1784,298860
1623,298892
1308,298924
1088,298956
1355,298988
654,299020
438,299052
605,299084
0,299116
0,299148
424,299180
298,299212
923,299244
748,299276
1383,299308
1567,299340
1851,299372
2041,299404
2272,299436
1721,299468
1934,299500
1656,299532
1454,299564
1183,299596
926,299628
729,299660
464,299692
0,299724
171,299756
60,299788
336,299820
505,299852
782,299884
1015,299916
1242,299948
1479,299980
2016,300012
1943,300044
1754,300076
1885,300108
1293,300140
1421,300172
796,300204
955,300236
701,300268
120,300300
235,300332
285,300364
211,300396
736,300428
937,300460
1241,300492
1389,300524
1244,300556
1904,300588
1708,300620
1866,300652
1992,300684
1390,300716
1222,300748
1291,300780
762,300812
827,300844
238,300876
87,300908
0,300940
0,300972
667,301004
424,301036
697,301068
1277,301100
1146,301132
1381,301164
1608,301196
1847,301228
2279,301260
1915,301292
1805,301324
1517,301356
1214,301388
1054,301420
792,301452
591,301484
330,301516
105,301548
378,301580
573,301612
808,301644
1024,301676
1261,301708
1130,301740
1722,301772
1594,301804
1882,301836
1712,301868
1542,301900
1351,301932
1082,301964
892,301996
669,302028
440,302060
206,302092
0,302124
253,302156
492,302188
334,302220
951,302252
1148,302284
1051,302316
1609,302348
1804,302380
2121,302412
2269,302444
1660,302476
1888,302508
1196,302540
971,302572
1160,302604
511,302636
328,302668
428,302700
0,302732
251,302764
112,302796
412,302828
560,302860
794,302892
1528,302924
1275,302956
1500,302988
2157,303020
1864,303052
1684,303084
1400,303116
1212,303148
1403,303180
1080,303212
936,303244
665,303276
360,303308
187,303340
362,303372
585,303404
822,303436
1004,303468
1274,303500
1465,303532
1664,303564
1931,303596
2138,303628
1774,303660
1912,303692
1309,303724
1134,303756
856,303788
683,303820
460,303852
232,303884
5,303916
0,303948
55,303980
314,304012
455,304044
766,304076
1357,304108
1190,304140
1818,304172
2025,304204
1881,304236
2143,304268
1916,304300
1351,304332
1437,304364
1176,304396
1017,304428
714,304460
125,304492
297,304524
0,304556
88,304588
654,304620
536,304652
812,304684
1328,304716
1260,304748
1801,304780
1658,304812
1960,304844
1659,304876
1454,304908
1709,304940
997,304972
820,305004
550,305036
362,305068
140,305100
220,305132
0,305164
585,305196
696,305228
1039,305260
1223,305292
1497,305324
1689,305356
1882,305388
2153,305420
2238,305452
1968,305484
1760,305516
1499,305548
1272,305580
1037,305612
814,305644
234,305676
358,305708
0,305740
3,305772
174,305804
456,305836
715,305868
902,305900
1172,305932
1662,305964
1628,305996
1867,306028
1773,306060
2008,306092
1776,306124
1134,306156
1307,306188
1039,306220
503,306252
583,306284
317,306316
189,306348
362,306380
224,306412
895,306444
672,306476
908,306508
1550,306540
1359,306572
1624,306604
2218,306636
1742,306668
1869,306700
1259,306732
1098,306764
795,306796
572,306828
843,306860
153,306892
0,306924
253,306956
88,306988
362,307020
940,307052
810,307084
1437,307116
1591,307148
1914,307180
2105,307212
2381,307244
2106,307276
1872,307308
1629,307340
1402,307372
1131,307404
938,307436
670,307468
411,307500
205,307532
234,307564
112,307596
685,307628
569,307660
844,307692
1016,307724
1305,307756
1530,307788
1759,307820
1886,307852
1966,307884
1419,307916
1230,307948
1355,307980
776,308012
905,308044
285,308076
440,308108
173,308140
4,308172
571,308204
800,308236
715,308268
1258,308300
1452,308332
1769,308364
1917,308396
1771,308428
2207,308460
1545,308492
1339,308524
1464,308556
879,308588
992,308620
768,308652
250,308684
315,308716
0,308748
73,308780
221,308812
488,308844
1181,308876
934,308908
1210,308940
1815,308972
1670,309004
1911,309036
2126,309068
1560,309100
1743,309132
1386,309164
1274,309196
1001,309228
813,309260
541,309292
280,309324
237,309356
442,309388
636,309420
892,309452
1086,309484
1322,309516
1287,309548
1788,309580
1646,309612
2254,309644
1656,309676
1481,309708
1192,309740
1018,309772
839,309804
570,309836
381,309868
157,309900
0,309932
0,309964
120,309996
779,310028
1017,310060
842,310092
1467,310124
1673,310156
1854,310188
2137,310220
2223,310252
2073,310284
1752,310316
1144,310348
1360,310380
685,310412
458,310444
646,310476
21,310508
0,310540
304,310572
200,310604
762,310636
622,310668
936,310700
1072,310732
1306,310764
2060,310796
2221,310828
1806,310860
1993,310892
1338,310924
1160,310956
1290,310988
701,311020
875,311052
566,311084
412,311116
183,311148
460,311180
651,311212
878,311244
1097,311276
1338,311308
1528,311340
1802,311372
1996,311404
2202,311436
1773,311468
1850,311500
1246,311532
1386,311564
799,311596
634,311628
348,311660
174,311692
0,311724
0,311756
119,311788
377,311820
557,311852
828,311884
966,311916
1277,311948
1885,311980
1706,312012
2348,312044
2093,312076
1840,312108
1613,312140
1386,312172
839,312204
923,312236
664,312268
503,312300
191,312332
0,312364
524,312396
336,312428
602,312460
1168,312492
1049,312524
1322,312556
1865,312588
1788,312620
2215,312652
1608,312684
1447,312716
1625,312748
938,312780
1189,312812
487,312844
312,312876
429,312908
0,312940
24,312972
556,313004
469,313036
1099,313068
923,313100
1563,313132
1751,313164
2027,313196
2217,313228
2176,313260
1981,313292
1708,313324
1439,313356
909,313388
984,313420
750,313452
524,313484
297,313516
0,313548
348,313580
232,313612
506,313644
681,313676
964,313708
1227,313740
1416,313772
1692,313804
2200,313836
1816,313868
1579,313900
1256,313932
1469,313964
1257,313996
974,314028
783,314060
527,314092
0,314124
231,314156
428,314188
729,314220
886,314252
736,314284
1417,314316
1184,314348
1421,314380
2088,314412
1884,314444
1689,314476
1815,314508
1224,314540
1338,314572
745,314604
585,314636
763,314668
70,314700
316,314732
0,314764
150,314796
765,314828
597,314860
872,314892
1454,314924
1321,314956
1975,314988
1787,315020
2330,315052
2055,315084
1852,315116
1577,315148
1342,315180
1103,315212
888,315244
616,315276
19,315308
141,315340
296,315372
554,315404
747,315436
622,315468
1207,315500
1081,315532
1358,315564
1531,315596
1830,315628
1831,315660
1596,315692
1367,315724
1437,315756
906,315788
727,315820
841,315852
265,315884
379,315916
155,315948
429,315980
635,316012
506,316044
1087,316076
1322,316108
1229,316140
1786,316172
1983,316204
2299,316236
2096,316268
1484,316300
1679,316332
1022,316364
827,316396
942,316428
376,316460
477,316492
253,316524
0,316556
139,316588
287,316620
586,316652
732,316684
998,316716
1705,316748
1450,316780
1736,316812
2345,316844
1733,316876
1497,316908
1272,316940
1037,316972
1215,317004
874,317036
761,317068
479,317100
297,317132
303,317164
502,317196
346,317228
956,317260
1148,317292
1406,317324
1611,317356
1848,317388
2077,317420
2201,317452
1598,317484
1727,317516
1134,317548
966,317580
682,317612
517,317644
328,317676
56,317708
0,317740
31,317772
263,317804
491,317836
1067,317868
1291,317900
1533,317932
1358,317964
1997,317996
2203,318028
1869,318060
1966,318092
1692,318124
1533,318156
1226,318188
633,318220
846,318252
173,318284
0,318316
165,318348
8,318380
632,318412
826,318444
710,318476
982,318508
1136,318540
1436,318572
1594,318604
1834,318636
2237,318668
1511,318700
1278,318732
1463,318764
824,318796
648,318828
372,318860
186,318892
359,318924
215,318956
526,318988
715,319020
972,319052
1165,319084
1400,319116
1195,319148
1868,319180
2060,319212
2332,319244
2058,319276
1790,319308
1584,319340
1324,319372
736,319404
861,319436
294,319468
121,319500
0,319532
0,319564
173,319596
396,319628
620,319660
888,319692
1079,319724
1340,319756
1942,319788
1805,319820
2301,319852
1654,319884
1822,319916
1561,319948
965,319980
1095,320012
863,320044
329,320076
408,320108
133,320140
379,320172
536,320204
399,320236
1037,320268
847,320300
1104,320332
1688,320364
1564,320396
1852,320428
2168,320460
1611,320492
1688,320524
1084,320556
925,320588
624,320620
430,320652
669,320684
0,320716
0,320748
36,320780
307,320812
536,320844
1072,320876
983,320908
1625,320940
1434,320972
2095,321004
2281,321036
2090,321068
1929,321100
1656,321132
1451,321164
1182,321196
924,321228
720,321260
461,321292
236,321324
173,321356
409,321388
294,321420
858,321452
742,321484
1018,321516
1192,321548
1478,321580
1751,321612
1944,321644
1753,321676
1519,321708
1290,321740
1063,321772
742,321804
955,321836
731,321868
120,321900
265,321932
296,321964
205,321996
747,322028
940,322060
1245,322092
1391,322124
1247,322156
1946,322188
1711,322220
1833,322252
2028,322284
1368,322316
1164,322348
1280,322380
714,322412
816,322444
235,322476
84,322508
0,322540
455,322572
667,322604
427,322636
660,322668
1289,322700
1110,322732
1384,322764
1992,322796
1847,322828
2270,322860
1613,322892
1803,322924
1519,322956
1212,322988
1053,323020
828,323052
589,323084
366,323116
149,323148
414,323180
605,323212
809,323244
1066,323276
1262,323308
1132,323340
1725,323372
1596,323404
1884,323436
1709,323468
1533,323500
1305,323532
1080,323564
855,323596
665,323628
395,323660
215,323692
325,323724
0,323756
502,323788
334,323820
953,323852
1151,323884
1017,323916
1611,323948
1852,323980
1753,324012
2317,324044
2045,324076
1885,324108
1576,324140
968,324172
1159,324204
508,324236
317,324268
427,324300
0,324332
253,324364
478,324396
413,324428
936,324460
797,324492
1096,324524
1247,324556
1512,324588
2238,324620
1854,324652
1676,324684
1815,324716
1210,324748
987,324780
758,324812
535,324844
701,324876
351,324908
229,324940
367,324972
639,325004
825,325036
1008,325068
1275,325100
1472,325132
1674,325164
1936,325196
2142,325228
2142,325260
1903,325292
1675,325324
1080,325356
1207,325388
632,325420
455,325452
173,325484
5,325516
0,325548
66,325580
327,325612
553,325644
776,325676
1003,325708
1134,325740
1835,325772
2073,325804
1885,325836
2183,325868
1913,325900
1351,325932
1438,325964
1174,325996
568,326028
714,326060
121,326092
320,326124
0,326156
64,326188
698,326220
508,326252
1144,326284
1342,326316
1222,326348
1804,326380
1661,326412
1964,326444
1656,326476
1424,326508
1707,326540
998,326572
774,326604
939,326636
316,326668
136,326700
0,326732
0,326764
587,326796
732,326828
1038,326860
1226,326892
1498,326924
1693,326956
1930,326988
2155,327020
2282,327052
1999,327084
1803,327116
1531,327148
1263,327180
1065,327212
810,327244
235,327276
345,327308
0,327340
7,327372
174,327404
456,327436
680,327468
908,327500
1130,327532
1401,327564
1594,327596
1868,327628
2235,327660
1639,327692
1771,327724
1130,327756
1294,327788
1036,327820
456,327852
575,327884
349,327916
124,327948
398,327980
601,328012
905,328044
1051,328076
908,328108
1561,328140
1370,328172
1627,328204
2222,328236
1740,328268
1560,328300
1629,328332
1096,328364
1162,328396
574,328428
415,328460
112,328492
0,328524
317,328556
90,328588
364,328620
551,328652
810,328684
1037,328716
1594,328748
1496,328780
2157,328812
1964,328844
2157,328876
1867,328908
1675,328940
1401,328972
1128,329004
937,329036
668,329068
411,329100
204,329132
236,329164
463,329196
687,329228
923,329260
794,329292
1375,329324
1257,329356
1542,329388
1710,329420
1884,329452
1691,329484
1418,329516
1227,329548
1003,329580
775,329612
555,329644
234,329676
430,329708
203,329740
3,329772
605,329804
813,329836
991,329868
1261,329900
1455,329932
1773,329964
1928,329996
1773,330028
2239,330060
1534,330092
1309,330124
1500,330156
847,330188
654,330220
768,330252
202,330284
304,330316
0,330348
81,330380
224,330412
458,330444
1179,330476
1341,330508
1165,330540
1815,330572
1626,330604
1912,330636
2168,330668
1558,330700
1739,330732
1097,330764
1273,330796
989,330828
811,330860
539,330892
312,330924
247,330956
480,330988
670,331020
938,331052
1129,331084
1323,331116
1583,331148
1791,331180
1656,331212
2253,331244
1656,331276
1478,331308
1192,331340
1018,331372
793,331404
568,331436
343,331468
154,331500
0,331532
0,331564
553,331596
439,331628
1019,331660
846,331692
1470,331724
1679,331756
1900,331788
2139,331820
2266,331852
1693,331884
1788,331916
1514,331948
1359,331980
1050,332012
456,332044
637,332076
9,332108
0,332140
314,332172
204,332204
764,332236
992,332268
924,332300
1451,332332
1308,332364
1613,332396
2281,332428
1802,332460
2061,332492
1328,332524
1148,332556
1287,332588
696,332620
475,332652
248,332684
22,332716
233,332748
360,332780
711,332812
889,332844
1149,332876
1341,332908
1534,332940
1803,332972
1998,333004
2203,333036
2110,333068
1850,333100
1612,333132
1375,333164
1148,333196
569,333228
687,333260
122,333292
0,333324
0,333356
110,333388
382,333420
570,333452
831,333484
1063,333516
1290,333548
1517,333580
1658,333612
2357,333644
2127,333676
1837,333708
1647,333740
1375,333772
831,333804
919,333836
654,333868
493,333900
190,333932
0,333964
557,333996
345,334028
572,334060
1212,334092
1021,334124
1672,334156
1869,334188
1739,334220
2208,334252
1607,334284
1436,334316
1625,334348
909,334380
1181,334412
479,334444
264,334476
425,334508
0,334540
26,334572
619,334604
473,334636
1101,334668
1244,334700
1564,334732
1755,334764
2029,334796
2221,334828
2222,334860
1977,334892
1752,334924
1469,334956
1276,334988
1006,335020
748,335052
553,335084
288,335116
0,335148
351,335180
237,335212
508,335244
682,335276
966,335308
1192,335340
1420,335372
1655,335404
1930,335436
1767,335468
1577,335500
1244,335532
1113,335564
1245,335596
971,335628
779,335660
523,335692
0,335724
221,335756
472,335788
381,335820
912,335852
1116,335884
1421,335916
1567,335948
1424,335980
2091,336012
1887,336044
1688,336076
1806,336108
1213,336140
1046,336172
1112,336204
586,336236
360,336268
63,336300
0,336332
0,336364
154,336396
843,336428
600,336460
873,336492
1052,336524
1332,336556
1563,336588
2124,336620
1901,336652
2095,336684
1437,336716
1625,336748
1341,336780
1149,336812
877,336844
608,336876
413,336908
138,336940
298,336972
552,337004
751,337036
976,337068
1211,337100
1438,337132
1308,337164
1903,337196
1772,337228
1832,337260
1532,337292
1355,337324
1175,337356
906,337388
714,337420
750,337452
266,337484
43,337516
198,337548
430,337580
672,337612
518,337644
1129,337676
1325,337708
1229,337740
1787,337772
1984,337804
2302,337836
2095,337868
1480,337900
1710,337932
1019,337964
796,337996
974,338028
344,338060
152,338092
252,338124
0,338156
140,338188
288,338220
594,338252
736,338284
970,338316
1707,338348
1452,338380
1691,338412
2343,338444
1675,338476
1498,338508
1632,338540
1035,338572
1211,338604
585,338636
760,338668
479,338700
295,338732
311,338764
542,338796
348,338828
1002,338860
1184,338892
1452,338924
1646,338956
1849,338988
2121,339020
2192,339052
1594,339084
1726,339116
1133,339148
964,339180
680,339212
505,339244
283,339276
60,339308
0,339340
298,339372
232,339404
490,339436
1069,339468
942,339500
1541,339532
1366,339564
2005,339596
2207,339628
1820,339660
1952,339692
1728,339724
1165,339756
1258,339788
990,339820
841,339852
528,339884
0,339916
169,339948
9,339980
256,340012
828,340044
714,340076
986,340108
1516,340140
1448,340172
1983,340204
1836,340236
1784,340268
1479,340300
1278,340332
1529,340364
816,340396
646,340428
765,340460
186,340492
0,340524
0,340556
137,340588
763,340620
874,340652
1223,340684
1403,340716
1561,340748
1869,340780
2062,340812
2329,340844
2058,340876
1788,340908
1584,340940
1320,340972
1088,341004
858,341036
635,341068
60,341100
173,341132
0,341164
174,341196
345,341228
624,341260
891,341292
1080,341324
1351,341356
1579,341388
1815,341420
1927,341452
1594,341484
1819,341516
1595,341548
962,341580
1129,341612
861,341644
327,341676
399,341708
124,341740
383,341772
538,341804
400,341836
1079,341868
848,341900
1085,341932
1738,341964
1546,341996
1804,342028
2158,342060
1562,342092
1678,342124
1080,342156
922,342188
621,342220
399,342252
663,342284
0,342316
0,342348
429,342380
264,342412
536,342444
714,342476
984,342508
1627,342540
1773,342572
2103,342604
2283,342636
2088,342668
1925,342700
1690,342732
1449,342764
1226,342796
953,342828
762,342860
493,342892
235,342924
207,342956
412,342988
288,343020
864,343052
744,343084
1020,343116
1195,343148
1482,343180
1719,343212
1942,343244
1705,343276
1513,343308
1242,343340
1052,343372
733,343404
602,343436
728,343468
110,343500
252,343532
300,343564
180,343596
749,343628
986,343660
891,343692
1436,343724
1632,343756
1949,343788
2105,343820
1824,343852
2025,343884
1360,343916
1162,343948
1278,343980
708,344012
534,344044
592,344076
79,344108
123,344140
0,344172
251,344204
398,344236
654,344268
1357,344300
1112,344332
1385,344364
1576,344396
1851,344428
1851,344460
1944,344492
1374,344524
1561,344556
1200,344588
1099,344620
827,344652
635,344684
363,344716
150,344748
422,344780
608,344812
811,344844
1072,344876
1264,344908
1500,344940
1728,344972
1966,345004
1832,345036
2077,345068
1470,345100
1295,345132
1016,345164
844,345196
663,345228
393,345260
203,345292
233,345324
0,345356
155,345388
295,345420
955,345452
1195,345484
1016,345516
1647,345548
1853,345580
1754,345612
2315,345644
2040,345676
1883,345708
1567,345740
960,345772
1181,345804
508,345836
290,345868
462,345900
0,345932
0,345964
490,345996
376,346028
940,346060
799,346092
1099,346124
1248,346156
1486,346188
2247,346220
1852,346252
1624,346284
1807,346316
1159,346348
983,346380
1114,346412
521,346444
699,346476
382,346508
219,346540
377,346572
649,346604
895,346636
1056,346668
1277,346700
1516,346732
1709,346764
1982,346796
2184,346828
2139,346860
1934,346892
1663,346924
1072,346956
1200,346988
621,347020
454,347052
171,347084
5,347116
0,347148
68,347180
284,347212
811,347244
743,347276
1003,347308
1593,347340
1464,347372
2075,347404
1896,347436
2171,347468
1903,347500
1303,347532
