464,44
248,76
423,108
0,140
328,172
524,204
412,236
684,268
843,300
1142,332
1291,364
1528,396
2281,428
1808,460
1589,492
1769,524
1117,556
940,588
666,620
490,652
663,684
348,716
211,748
411,780
683,812
871,844
1098,876
892,908
1560,940
1753,972
2016,1004
2221,1036
2095,1068
1887,1100
1628,1132
1035,1164
1162,1196
587,1228
412,1260
128,1292
0,1324
0,1356
93,1388
328,1420
599,1452
779,1484
1040,1516
1629,1548
1501,1580
2109,1612
1928,1644
2135,1676
1865,1708
1259,1740
1387,1772
1166,1804
619,1836
702,1868
441,1900
281,1932
236,1964
106,1996
735,2028
554,2060
811,2092
1386,2124
1261,2156
1544,2188
2091,2220
1926,2252
1994,2284
1384,2316
1226,2348
921,2380
730,2412
973,2444
271,2476
92,2508
0,2540
16,2572
235,2604
768,2636
681,2668
1319,2700
1142,2732
1787,2764
1975,2796
2128,2828
2235,2860
1952,2892
1757,2924
1486,2956
1228,2988
1020,3020
762,3052
539,3084
304,3116
99,3148
0,3180
558,3212
444,3244
718,3276
890,3308
1176,3340
1447,3372
1638,3404
1914,3436
1823,3468
1592,3500
1357,3532
1034,3564
1254,3596
1037,3628
410,3660
569,3692
312,3724
0,3756
448,3788
648,3820
941,3852
1097,3884
953,3916
1640,3948
1404,3980
1644,4012
2302,4044
1672,4076
1464,4108
1592,4140
1002,4172
1118,4204
527,4236
376,4268
77,4300
0,4332
360,4364
127,4396
360,4428
985,4460
809,4492
1082,4524
1676,4556
1543,4588
2200,4620
1925,4652
2107,4684
1823,4716
1514,4748
1247,4780
1130,4812
889,4844
668,4876
395,4908
190,4940
312,4972
508,5004
764,5036
960,5068
840,5100
1419,5132
1290,5164
1578,5196
1754,5228
1837,5260
1609,5292
1373,5324
1148,5356
955,5388
696,5420
505,5452
621,5484
56,5516
183,5548
44,5580
651,5612
857,5644
717,5676
1307,5708
1536,5740
1447,5772
2010,5804
2206,5836
2201,5868
1881,5900
1264,5932
1450,5964
809,5996
616,6028
728,6060
165,6092
265,6124
183,6156
120,6188
636,6220
496,6252
807,6284
952,6316
1210,6348
1929,6380
1672,6412
1957,6444
2123,6476
1512,6508
1277,6540
1052,6572
824,6604
1005,6636
653,6668
541,6700
267,6732
333,6764
527,6796
716,6828
971,6860
1168,6892
1369,6924
1630,6956
1835,6988
2073,7020
2208,7052
1978,7084
1374,7116
1502,7148
922,7180
750,7212
464,7244
298,7276
107,7308
0,7340
25,7372
251,7404
475,7436
701,7468
840,7500
1515,7532
1759,7564
1580,7596
2221,7628
2219,7660
1655,7692
1744,7724
1468,7756
861,7788
1006,7820
413,7852
622,7884
0,7916
0,7948
395,7980
219,8012
842,8044
1038,8076
922,8108
1498,8140
1355,8172
1659,8204
1808,8236
1736,8268
2011,8300
1289,8332
1066,8364
1245,8396
606,8428
440,8460
167,8492
0,8524
279,8556
430,8588
744,8620
925,8652
1196,8684
1383,8716
1624,8748
1849,8780
2092,8812
2282,8844
2110,8876
1836,8908
1576,8940
1360,8972
1103,9004
528,9036
640,9068
77,9100
0,9132
0,9164
156,9196
382,9228
606,9260
839,9292
1101,9324
1289,9356
1562,9388
2167,9420
1943,9452
2077,9484
1432,9516
1605,9548
1339,9580
749,9612
877,9644
652,9676
377,9708
183,9740
298,9772
601,9804
749,9836
608,9868
1259,9900
1067,9932
1322,9964
1912,9996
1786,10028
1864,10060
1944,10092
1400,10124
1464,10156
874,10188
711,10220
409,10252
218,10284
447,10316
0,10348
70,10380
240,10412
509,10444
747,10476
1290,10508
1195,10540
1849,10572
1656,10604
2317,10636
2183,10668
1981,10700
1705,10732
1432,10764
1229,10796
960,10828
713,10860
508,10892
248,10924
167,10956
395,10988
622,11020
502,11052
1081,11084
952,11116
1242,11148
1406,11180
1694,11212
1975,11244
1724,11276
1532,11308
1293,11340
1068,11372
843,11404
532,11436
733,11468
509,11500
0,11532
303,11564
509,11596
687,11628
967,11660
1152,11692
1467,11724
1614,11756
1464,11788
2169,11820
1848,11852
1612,11884
1806,11916
1148,11948
954,11980
1070,12012
494,12044
604,12076
24,12108
0,12140
0,12172
168,12204
887,12236
1039,12268
872,12300
1502,12332
1322,12364
1606,12396
2208,12428
1864,12460
2046,12492
1398,12524
1577,12556
1293,12588
1111,12620
841,12652
608,12684
375,12716
168,12748
376,12780
635,12812
827,12844
1022,12876
1278,12908
1483,12940
1352,12972
1948,13004
1816,13036
1784,13068
1488,13100
1319,13132
1085,13164
860,13196
634,13228
445,13260
184,13292
3,13324
239,13356
138,13388
715,13420
554,13452
1166,13484
1369,13516
1595,13548
1835,13580
2064,13612
1975,13644
2094,13676
1822,13708
1671,13740
1352,13772
750,13804
938,13836
299,13868
105,13900
214,13932
0,13964
473,13996
700,14028
634,14060
1149,14092
1016,14124
1310,14156
1965,14188
1726,14220
2375,14252
1640,14284
1462,14316
1593,14348
988,14380
765,14412
540,14444
315,14476
479,14508
126,14540
397,14572
585,14604
857,14636
1037,14668
1228,14700
1497,14732
1692,14764
1896,14796
2159,14828
2154,14860
1920,14892
1679,14924
1450,14956
860,14988
989,15020
410,15052
238,15084
0,15116
0,15148
87,15180
268,15212
537,15244
765,15276
987,15308
1213,15340
1352,15372
2044,15404
2295,15436
2144,15468
1951,15500
1691,15532
1127,15564
1215,15596
954,15628
797,15660
490,15692
0,15724
250,15756
48,15788
280,15820
910,15852
729,15884
1356,15916
1563,15948
1442,15980
2027,16012
1881,16044
1750,16076
1929,16108
1210,16140
1483,16172
778,16204
554,16236
729,16268
105,16300
0,16332
0,16364
179,16396
798,16428
942,16460
1260,16492
1449,16524
1723,16556
1915,16588
2152,16620
2285,16652
2058,16684
1784,16716
1578,16748
1310,16780
1126,16812
846,16844
589,16876
21,16908
123,16940
0,16972
216,17004
382,17036
668,17068
892,17100
1118,17132
1353,17164
1624,17196
1816,17228
1882,17260
1548,17292
1415,17324
1549,17356
1272,17388
1080,17420
816,17452
236,17484
363,17516
151,17548
89,17580
622,17612
815,17644
1118,17676
1264,17708
1120,17740
1783,17772
1583,17804
1851,17836
2119,17868
1518,17900
1340,17932
1406,17964
884,17996
663,18028
362,18060
200,18092
0,18124
0,18156
541,18188
300,18220
584,18252
761,18284
1030,18316
1259,18348
1818,18380
1721,18412
2381,18444
1740,18476
1931,18508
1643,18540
1451,18572
1181,18604
910,18636
715,18668
458,18700
189,18732
250,18764
458,18796
683,18828
909,18860
1134,18892
1005,18924
1599,18956
1466,18988
1756,19020
1838,19052
1669,19084
1470,19116
1198,19148
1015,19180
1040,19212
558,19244
334,19276
444,19308
205,19340
375,19372
219,19404
828,19436
1023,19468
935,19500
1483,19532
1678,19564
1993,19596
2143,19628
1788,19660
2023,19692
1323,19724
1095,19756
1276,19788
636,19820
442,19852
554,19884
0,19916
0,19948
5,19980
294,20012
440,20044
679,20076
1401,20108
1149,20140
1384,20172
2030,20204
1848,20236
1802,20268
1944,20300
1335,20332
1515,20364
885,20396
1053,20428
781,20460
598,20492
317,20524
236,20556
57,20588
702,20620
888,20652
1148,20684
1341,20716
1536,20748
1806,20780
2012,20812
1870,20844
2032,20876
1434,20908
1258,20940
971,20972
808,21004
583,21036
350,21068
125,21100
189,21132
0,21164
201,21196
765,21228
648,21260
1230,21292
1066,21324
1692,21356
1899,21388
1756,21420
2267,21452
2040,21484
1469,21516
1563,21548
1293,21580
1145,21612
830,21644
248,21676
425,21708
0,21740
0,21772
536,21804
421,21836
692,21868
1213,21900
1143,21932
1673,21964
1532,21996
1835,22028
1785,22060
1580,22092
1837,22124
1114,22156
938,22188
1067,22220
478,22252
263,22284
30,22316
0,22348
463,22380
572,22412
921,22444
1101,22476
1258,22508
1561,22540
1756,22572
2025,22604
2220,22636
2095,22668
1888,22700
1616,22732
1390,22764
1161,22796
936,22828
352,22860
476,22892
0,22924
0,22956
48,22988
329,23020
599,23052
778,23084
1048,23116
1275,23148
1502,23180
1741,23212
1872,23244
2135,23276
1901,23308
1258,23340
1421,23372
1163,23404
616,23436
701,23468
442,23500
271,23532
236,23564
109,23596
777,23628
556,23660
784,23692
1433,23724
1242,23756
1499,23788
2091,23820
1868,23852
1994,23884
1375,23916
1222,23948
912,23980
698,24012
967,24044
268,24076
42,24108
201,24140
0,24172
242,24204
422,24236
694,24268
1320,24300
1468,24332
1788,24364
1979,24396
2128,24428
2235,24460
1996,24492
1753,24524
1520,24556
1247,24588
1064,24620
794,24652
540,24684
332,24716
93,24748
2,24780
571,24812
446,24844
728,24876
894,24908
1180,24940
1405,24972
1640,25004
1869,25036
1819,25068
1548,25100
1354,25132
1024,25164
903,25196
1021,25228
408,25260
555,25292
312,25324
0,25356
445,25388
684,25420
597,25452
1132,25484
1327,25516
1641,25548
1792,25580
1647,25612
2313,25644
1664,25676
1466,25708
1582,25740
1002,25772
826,25804
894,25836
374,25868
432,25900
0,25932
0,25964
105,25996
364,26028
1063,26060
812,26092
1092,26124
1264,26156
1545,26188
1784,26220
2252,26252
1687,26284
1869,26316
1511,26348
1399,26380
1131,26412
939,26444
665,26476
394,26508
187,26540
316,26572
511,26604
766,26636
969,26668
1198,26700
1424,26732
1663,26764
1527,26796
2127,26828
1783,26860
1608,26892
1320,26924
1144,26956
953,26988
686,27020
505,27052
536,27084
45,27116
0,27148
1,27180
652,27212
893,27244
728,27276
1343,27308
1547,27340
1448,27372
2011,27404
2206,27436
2189,27468
1870,27500
1261,27532
1485,27564
800,27596
583,27628
764,27660
124,27692
0,27724
186,27756
78,27788
638,27820
506,27852
806,27884
952,27916
1191,27948
1930,27980
1672,28012
1911,28044
2119,28076
1463,28108
1287,28140
1408,28172
822,28204
990,28236
681,28268
539,28300
267,28332
343,28364
525,28396
762,28428
974,28460
1214,28492
1405,28524
1674,28556
1870,28588
2076,28620
2239,28652
1978,28684
1372,28716
1502,28748
923,28780
746,28812
812,28844
297,28876
73,28908
0,28940
1,28972
509,29004
444,29036
712,29068
1289,29100
1161,29132
1767,29164
1582,29196
2230,29228
2208,29260
1607,29292
1739,29324
1504,29356
955,29388
1038,29420
779,29452
623,29484
317,29516
0,29548
399,29580
217,29612
484,29644
1048,29676
931,29708
1500,29740
1741,29772
1660,29804
2204,29836
1725,29868
1563,29900
1259,29932
1066,29964
1309,29996
614,30028
428,30060
553,30092
0,30124
0,30156
440,30188
347,30220
983,30252
1086,30284
1435,30316
1625,30348
1901,30380
2093,30412
2284,30444
2107,30476
1834,30508
1565,30540
1358,30572
1102,30604
877,30636
394,30668
422,30700
0,30732
231,30764
119,30796
392,30828
559,30860
840,30892
1111,30924
1292,30956
1564,30988
1803,31020
1932,31052
1704,31084
1372,31116
1596,31148
1371,31180
744,31212
906,31244
652,31276
376,31308
175,31340
302,31372
601,31404
760,31436
620,31468
1292,31500
1070,31532
1304,31564
1964,31596
1765,31628
2204,31660
1932,31692
1340,31724
1464,31756
862,31788
712,31820
400,31852
188,31884
445,31916
169,31948
27,31980
647,32012
474,32044
746,32076
1338,32108
1204,32140
1851,32172
1996,32204
2325,32236
2173,32268
1980,32300
1695,32332
1468,32364
1225,32396
1004,32428
733,32460
540,32492
270,32524
168,32556
105,32588
630,32620
496,32652
1081,32684
957,32716
1242,32748
1407,32780
1702,32812
1943,32844
1720,32876
1481,32908
1291,32940
1023,32972
840,33004
523,33036
391,33068
507,33100
0,33132
303,33164
520,33196
732,33228
967,33260
1199,33292
1113,33324
1659,33356
1855,33388
2173,33420
2223,33452
1610,33484
1805,33516
1148,33548
944,33580
1065,33612
491,33644
314,33676
380,33708
0,33740
300,33772
170,33804
471,33836
1097,33868
873,33900
1581,33932
1322,33964
1608,33996
2217,34028
1862,34060
1627,34092
1722,34124
1160,34156
1339,34188
711,34220
879,34252
607,34284
422,34316
169,34348
378,34380
637,34412
840,34444
1023,34476
956,34508
1486,34540
1723,34572
1950,34604
2189,34636
1720,34668
1852,34700
1257,34732
1084,34764
806,34796
632,34828
441,34860
183,34892
1,34924
168,34956
141,34988
375,35020
504,35052
1174,35084
1407,35116
1597,35148
1879,35180
2077,35212
1977,35244
2093,35276
1819,35308
1661,35340
1344,35372
748,35404
969,35436
296,35468
76,35500
249,35532
0,35564
140,35596
702,35628
588,35660
1158,35692
1019,35724
1318,35756
1965,35788
1708,35820
2362,35852
1639,35884
1403,35916
1583,35948
949,35980
774,36012
894,36044
313,36076
477,36108
0,36140
407,36172
589,36204
860,36236
1040,36268
1276,36300
1499,36332
1740,36364
1933,36396
1767,36428
2186,36460
1916,36492
1711,36524
1440,36556
860,36588
986,36620
411,36652
236,36684
0,36716
0,36748
55,36780
280,36812
490,36844
1023,36876
952,36908
1225,36940
1816,36972
1688,37004
2296,37036
2141,37068
1949,37100
1687,37132
1081,37164
1213,37196
986,37228
445,37260
524,37292
264,37324
253,37356
412,37388
283,37420
919,37452
730,37484
986,37516
1564,37548
1436,37580
2028,37612
2268,37644
1740,37676
1511,37708
1200,37740
1049,37772
736,37804
552,37836
793,37868
103,37900
0,37932
301,37964
184,37996
411,38028
634,38060
859,38092
1497,38124
1611,38156
1965,38188
2155,38220
2333,38252
2055,38284
1772,38316
1145,38348
1307,38380
1040,38412
846,38444
587,38476
360,38508
123,38540
283,38572
168,38604
744,38636
618,38668
901,38700
1068,38732
1353,38764
1624,38796
1818,38828
1879,38860
1643,38892
1406,38924
1179,38956
1307,38988
1079,39020
857,39052
234,39084
391,39116
165,39148
87,39180
623,39212
816,39244
1117,39276
1272,39308
1131,39340
1821,39372
1584,39404
1822,39436
2155,39468
1487,39500
1672,39532
1405,39564
829,39596
650,39628
351,39660
198,39692
0,39724
0,39756
551,39788
302,39820
537,39852
1163,39884
984,39916
1258,39948
1447,39980
1720,40012
2380,40044
2064,40076
1927,40108
1643,40140
1449,40172
1177,40204
944,40236
298,40268
480,40300
219,40332
296,40364
488,40396
686,40428
939,40460
1144,40492
1017,40524
1600,40556
1470,40588
1766,40620
1833,40652
1659,40684
1431,40716
1198,40748
969,40780
791,40812
520,40844
621,40876
441,40908
0,40940
379,40972
220,41004
827,41036
1032,41068
903,41100
1485,41132
1725,41164
1625,41196
2190,41228
2170,41260
2013,41292
1693,41324
1086,41356
1274,41388
633,41420
441,41452
544,41484
0,41516
0,41548
364,41580
296,41612
813,41644
682,41676
973,41708
1128,41740
1388,41772
2119,41804
1852,41836
1802,41868
1515,41900
1332,41932
1102,41964
1197,41996
649,42028
827,42060
199,42092
361,42124
247,42156
409,42188
701,42220
890,42252
1151,42284
1344,42316
1548,42348
1808,42380
2014,42412
2251,42444
2026,42476
1792,42508
1196,42540
1324,42572
746,42604
572,42636
296,42668
120,42700
0,42732
0,42764
202,42796
429,42828
651,42860
878,42892
1014,42924
1693,42956
1943,42988
1756,43020
2301,43052
2041,43084
1467,43116
1563,43148
1290,43180
1133,43212
830,43244
238,43276
446,43308
0,43340
0,43372
571,43404
392,43436
650,43468
1216,43500
1098,43532
1676,43564
1534,43596
1852,43628
1774,43660
1548,43692
1834,43724
1113,43756
888,43788
1065,43820
436,43852
262,43884
378,43916
0,43948
459,43980
299,44012
923,44044
1111,44076
1260,44108
1565,44140
1805,44172
2029,44204
2272,44236
2125,44268
1930,44300
1656,44332
1389,44364
1184,44396
928,44428
349,44460
475,44492
0,44524
0,44556
59,44588
333,44620
558,44652
782,44684
1015,44716
1277,44748
1468,44780
1751,44812
2347,44844
1758,44876
1897,44908
1256,44940
1419,44972
1163,45004
573,45036
699,45068
464,45100
0,45132
280,45164
478,45196
779,45228
926,45260
793,45292
1435,45324
1244,45356
1511,45388
2094,45420
1866,45452
1992,45484
1757,45516
1212,45548
1280,45580
688,45612
535,45644
234,45676
43,45708
267,45740
0,45772
244,45804
822,45836
697,45868
923,45900
1148,45932
1371,45964
2031,45996
2139,46028
2281,46060
1995,46092
1801,46124
1515,46156
1246,46188
1053,46220
794,46252
526,46284
332,46316
103,46348
347,46380
571,46412
808,46444
670,46476
1256,46508
1130,46540
1416,46572
1583,46604
1883,46636
1816,46668
1543,46700
1352,46732
1125,46764
892,46796
669,46828
350,46860
558,46892
344,46924
0,46956
487,46988
688,47020
601,47052
1144,47084
1338,47116
1182,47148
1792,47180
1648,47212
2359,47244
1661,47276
1432,47308
1624,47340
970,47372
1150,47404
892,47436
325,47468
430,47500
0,47532
0,47564
111,47596
336,47628
1063,47660
815,47692
1048,47724
1689,47756
1500,47788
1788,47820
1865,47852
1677,47884
1865,47916
1545,47948
1389,47980
1119,48012
936,48044
655,48076
428,48108
187,48140
352,48172
554,48204
812,48236
1005,48268
1200,48300
1456,48332
1662,48364
1531,48396
2128,48428
1774,48460
1596,48492
1309,48524
1143,48556
919,48588
682,48620
458,48652
269,48684
8,48716
0,48748
427,48780
315,48812
901,48844
730,48876
1351,48908
1549,48940
1415,48972
2015,49004
2254,49036
2104,49068
1912,49100
1640,49132
1482,49164
1168,49196
575,49228
761,49260
124,49292
0,49324
190,49356
79,49388
361,49420
877,49452
806,49484
1327,49516
1184,49548
1495,49580
1646,49612
1914,49644
2187,49676
1454,49708
1276,49740
1000,49772
821,49804
599,49836
681,49868
139,49900
299,49932
0,49964
585,49996
763,50028
1035,50060
1215,50092
1406,50124
1675,50156
1880,50188
2078,50220
2238,50252
1966,50284
1739,50316
1498,50348
1273,50380
684,50412
812,50444
237,50476
69,50508
0,50540
1,50572
255,50604
452,50636
712,50668
937,50700
1163,50732
1398,50764
1531,50796
2232,50828
2251,50860
1604,50892
1773,50924
1502,50956
1227,50988
1036,51020
780,51052
621,51084
318,51116
0,51148
432,51180
222,51212
456,51244
1086,51276
905,51308
1160,51340
1744,51372
1615,51404
2204,51436
1724,51468
1562,51500
1258,51532
1033,51564
1303,51596
1003,51628
378,51660
553,51692
0,51724
0,51756
478,51788
359,51820
985,51852
809,51884
1438,51916
1627,51948
1900,51980
2093,52012
2334,52044
2103,52076
1870,52108
1596,52140
1390,52172
1131,52204
873,52236
667,52268
413,52300
0,52332
224,52364
121,52396
394,52428
558,52460
843,52492
1079,52524
1292,52556
1528,52588
1806,52620
1895,52652
1694,52684
1821,52716
1229,52748
1368,52780
736,52812
893,52844
639,52876
313,52908
171,52940
344,52972
265,53004
798,53036
990,53068
1293,53100
1449,53132
1304,53164
1964,53196
1769,53228
1806,53260
1934,53292
1340,53324
1454,53356
1229,53388
709,53420
766,53452
184,53484
27,53516
229,53548
36,53580
719,53612
485,53644
758,53676
1337,53708
1208,53740
1435,53772
1671,53804
1901,53836
2221,53868
1853,53900
1751,53932
1465,53964
1273,53996
1003,54028
734,54060
537,54092
278,54124
173,54156
428,54188
633,54220
860,54252
1085,54284
1318,54316
1191,54348
1784,54380
1647,54412
1944,54444
1656,54476
1481,54508
1291,54540
1019,54572
840,54604
615,54636
380,54668
157,54700
0,54732
315,54764
554,54796
735,54828
1003,54860
1207,54892
1111,54924
1661,54956
1866,54988
2173,55020
2221,55052
1600,55084
1835,55116
1144,55148
920,55180
1102,55212
456,55244
632,55276
376,55308
0,55340
302,55372
172,55404
470,55436
1099,55468
846,55500
1591,55532
1325,55564
1564,55596
2221,55628
1802,55660
1625,55692
1340,55724
1161,55756
1336,55788
1020,55820
876,55852
603,55884
414,55916
181,55948
414,55980
648,56012
876,56044
1066,56076
1327,56108
1528,56140
1726,56172
1996,56204
2191,56236
1720,56268
1850,56300
1258,56332
1083,56364
798,56396
633,56428
407,56460
172,56492
0,56524
0,56556
108,56588
376,56620
510,56652
826,56684
1416,56716
1599,56748
1880,56780
2080,56812
1943,56844
2089,56876
1855,56908
1293,56940
1384,56972
1118,57004
967,57036
655,57068
73,57100
236,57132
0,57164
143,57196
704,57228
592,57260
871,57292
1391,57324
1320,57356
1550,57388
1710,57420
1912,57452
1598,57484
1400,57516
1657,57548
940,57580
762,57612
491,57644
313,57676
87,57708
153,57740
20,57772
639,57804
473,57836
1097,57868
1279,57900
1550,57932
1741,57964
1936,57996
2206,58028
2185,58060
1913,58092
1708,58124
1438,58156
1212,58188
975,58220
751,58252
182,58284
299,58316
0,58348
57,58380
232,58412
504,58444
765,58476
956,58508
1225,58540
1726,58572
1689,58604
1927,58636
2185,58668
1945,58700
1720,58732
1082,58764
1243,58796
987,58828
440,58860
523,58892
264,58924
253,58956
424,58988
284,59020
952,59052
731,59084
960,59116
1612,59148
1417,59180
1678,59212
2272,59244
1688,59276
1502,59308
1199,59340
1046,59372
736,59404
520,59436
791,59468
91,59500
0,59532
303,59564
145,59596
412,59628
992,59660
860,59692
1499,59724
1319,59756
1975,59788
2157,59820
2330,59852
2045,59884
1816,59916
1145,59948
1342,59980
1078,60012
880,60044
618,60076
351,60108
156,60140
286,60172
171,60204
745,60236
622,60268
906,60300
1071,60332
1354,60364
1592,60396
1820,60428
1832,60460
1912,60492
1368,60524
1178,60556
1295,60588
718,60620
845,60652
232,60684
381,60716
167,60748
55,60780
623,60812
861,60844
777,60876
1310,60908
1504,60940
1821,60972
1976,61004
1824,61036
2153,61068
1484,61100
1279,61132
1403,61164
827,61196
650,61228
718,61260
189,61292
254,61324
0,61356
135,61388
282,61420
548,61452
1239,61484
986,61516
1268,61548
1869,61580
1724,61612
1963,61644
1736,61676
1497,61708
1689,61740
1328,61772
1213,61804
951,61836
640,61868
486,61900
216,61932
297,61964
492,61996
688,62028
944,62060
1147,62092
1376,62124
1609,62156
1838,62188
1706,62220
2203,62252
1596,62284
1422,62316
1136,62348
967,62380
780,62412
518,62444
327,62476
103,62508
0,62540
39,62572
172,62604
829,62636
1069,62668
904,62700
1519,62732
1727,62764
1629,62796
2192,62828
2159,62860
2009,62892
1689,62924
1084,62956
1306,62988
624,63020
400,63052
584,63084
0,63116
0,63148
364,63180
252,63212
824,63244
684,63276
980,63308
1131,63340
1369,63372
2120,63404
1854,63436
1751,63468
1933,63500
1275,63532
1100,63564
828,63596
649,63628
823,63660
505,63692
359,63724
249,63756
409,63788
701,63820
928,63852
1161,63884
1392,63916
1583,63948
1853,63980
2058,64012
2254,64044
2059,64076
1788,64108
1194,64140
1324,64172
745,64204
570,64236
295,64268
120,64300
0,64332
0,64364
157,64396
430,64428
618,64460
887,64492
1018,64524
1340,64556
1947,64588
1768,64620
2299,64652
2029,64684
1419,64716
1551,64748
1325,64780
777,64812
861,64844
601,64876
445,64908
227,64940
0,64972
582,65004
395,65036
653,65068
1226,65100
1102,65132
1383,65164
1919,65196
1847,65228
2158,65260
1546,65292
1385,65324
1082,65356
888,65388
1129,65420
427,65452
252,65484
0,65516
0,65548
75,65580
618,65612
521,65644
1151,65676
1262,65708
1625,65740
1807,65772
2089,65804
2271,65836
2125,65868
1917,65900
1648,65932
1384,65964
1182,65996
927,66028
698,66060
472,66092
238,66124
0,66156
408,66188
283,66220
568,66252
734,66284
1015,66316
1287,66348
1469,66380
1751,66412
2254,66444
1754,66476
1517,66508
1194,66540
1416,66572
1195,66604
570,66636
728,66668
473,66700
0,66732
287,66764
479,66796
781,66828
928,66860
794,66892
1478,66924
1246,66956
1480,66988
2140,67020
1834,67052
1628,67084
1754,67116
1162,67148
1279,67180
687,67212
536,67244
233,67276
19,67308
263,67340
0,67372
202,67404
825,67436
650,67468
924,67500
1516,67532
1381,67564
2027,67596
2175,67628
2269,67660
1993,67692
1800,67724
1514,67756
1288,67788
1049,67820
828,67852
567,67884
362,67916
139,67948
349,67980
607,68012
809,68044
681,68076
1261,68108
1133,68140
1420,68172
1594,68204
1883,68236
1780,68268
1532,68300
1308,68332
1386,68364
855,68396
665,68428
779,68460
203,68492
331,68524
0,68556
488,68588
698,68620
567,68652
1135,68684
1376,68716
1289,68748
1840,68780
2042,68812
2359,68844
2041,68876
1422,68908
1623,68940
968,68972
766,69004
888,69036
316,69068
424,69100
200,69132
0,69164
474,69196
343,69228
638,69260
784,69292
1049,69324
1769,69356
1511,69388
1790,69420
2283,69452
1674,69484
1445,69516
1536,69548
983,69580
1163,69612
813,69644
701,69676
423,69708
233,69740
361,69772
554,69804
813,69836
1006,69868
1209,69900
1468,69932
1672,69964
1904,69996
1867,70028
2141,70060
1544,70092
1672,70124
1082,70156
908,70188
632,70220
454,70252
267,70284
6,70316
0,70348
95,70380
327,70412
551,70444
680,70476
1353,70508
1599,70540
1416,70572
2059,70604
2256,70636
2095,70668
1904,70700
1630,70732
1471,70764
1166,70796
574,70828
791,70860
118,70892
0,70924
232,70956
59,70988
684,71020
880,71052
764,71084
1336,71116
1196,71148
1495,71180
1648,71212
1894,71244
2184,71276
1869,71308
1226,71340
1403,71372
774,71404
586,71436
718,71468
135,71500
299,71532
267,71564
585,71596
765,71628
1035,71660
1225,71692
1456,71724
1679,71756
1920,71788
2120,71820
2270,71852
1999,71884
1728,71916
1193,71948
1262,71980
684,72012
810,72044
235,72076
58,72108
0,72140
7,72172
231,72204
454,72236
680,72268
940,72300
1130,72332
1402,72364
1535,72396
1868,72428
2248,72460
1596,72492
1768,72524
1501,72556
1260,72588
1035,72620
811,72652
267,72684
348,72716
124,72748
431,72780
590,72812
457,72844
1097,72876
907,72908
1163,72940
1752,72972
1624,73004
1911,73036
2106,73068
1560,73100
1629,73132
1021,73164
871,73196
1049,73228
380,73260
606,73292
0,73324
0,73356
478,73388
360,73420
588,73452
1130,73484
1034,73516
1679,73548
1498,73580
2153,73612
2335,73644
2155,73676
1867,73708
1594,73740
1389,73772
1130,73804
864,73836
346,73868
411,73900
184,73932
234,73964
461,73996
344,74028
920,74060
796,74092
1070,74124
1246,74156
1530,74188
1815,74220
1886,74252
1691,74284
1727,74316
1228,74348
1003,74380
684,74412
900,74444
671,74476
400,74508
199,74540
351,74572
265,74604
800,74636
990,74668
1295,74700
1452,74732
1308,74764
2009,74796
1772,74828
1774,74860
1976,74892
1308,74924
1112,74956
1228,74988
652,75020
764,75052
174,75084
23,75116
231,75148
9,75180
728,75212
479,75244
714,75276
1341,75308
1162,75340
1438,75372
2044,75404
1909,75436
2219,75468
1559,75500
1740,75532
1463,75564
1270,75596
989,75628
776,75660
525,75692
304,75724
214,75756
70,75788
669,75820
862,75852
1120,75884
1320,75916
1193,75948
1787,75980
1657,76012
1946,76044
1648,76076
1479,76108
1245,76140
1018,76172
794,76204
864,76236
343,76268
153,76300
263,76332
0,76364
555,76396
745,76428
1003,76460
1211,76492
1079,76524
1673,76556
1912,76588
1805,76620
2256,76652
1984,76684
1833,76716
1517,76748
910,76780
1098,76812
447,76844
266,76876
367,76908
0,76940
43,76972
540,77004
472,77036
701,77068
848,77100
1148,77132
1305,77164
1574,77196
2297,77228
1801,77260
1624,77292
1755,77324
1152,77356
926,77388
700,77420
473,77452
647,77484
298,77516
231,77548
427,77580
701,77612
877,77644
1070,77676
909,77708
1532,77740
1727,77772
1998,77804
2192,77836
2088,77868
1850,77900
1611,77932
1020,77964
1150,77996
572,78028
396,78060
120,78092
0,78124
0,78156
109,78188
377,78220
613,78252
827,78284
1063,78316
1645,78348
1881,78380
2126,78412
1944,78444
2121,78476
1849,78508
1290,78540
1375,78572
1116,78604
957,78636
652,78668
62,78700
265,78732
0,78764
124,78796
750,78828
569,78860
1197,78892
1400,78924
1274,78956
1560,78988
1720,79020
1909,79052
1596,79084
1368,79116
1646,79148
937,79180
716,79212
879,79244
263,79276
85,79308
0,79340
22,79372
648,79404
783,79436
1100,79468
1289,79500
1559,79532
1743,79564
1984,79596
1771,79628
2222,79660
1944,79692
1740,79724
1469,79756
1209,79788
1007,79820
750,79852
173,79884
296,79916
0,79948
60,79980
234,80012
508,80044
732,80076
964,80108
1191,80140
1463,80172
1655,80204
1929,80236
2173,80268
1576,80300
1710,80332
1072,80364
1241,80396
975,80428
394,80460
521,80492
288,80524
0,80556
460,80588
653,80620
955,80652
1104,80684
968,80716
1614,80748
1422,80780
1688,80812
2282,80844
1678,80876
1498,80908
1568,80940
1036,80972
1112,81004
510,81036
361,81068
59,81100
0,81132
379,81164
143,81196
424,81228
601,81260
872,81292
1099,81324
1655,81356
1550,81388
2217,81420
1911,81452
2093,81484
1815,81516
1500,81548
1339,81580
1070,81612
875,81644
616,81676
351,81708
140,81740
297,81772
512,81804
749,81836
975,81868
854,81900
1435,81932
1308,81964
1595,81996
1771,82028
1832,82060
1639,82092
1358,82124
1175,82156
943,82188
714,82220
492,82252
174,82284
376,82316
201,82348
58,82380
667,82412
862,82444
778,82476
1323,82508
1516,82540
1831,82572
1980,82604
1834,82636
2185,82668
1481,82700
1255,82732
1438,82764
795,82796
602,82828
712,82860
140,82892
248,82924
0,82956
134,82988
285,83020
519,83052
1242,83084
996,83116
1226,83148
1869,83180
1686,83212
1972,83244
2108,83276
1495,83308
1676,83340
1036,83372
1213,83404
939,83436
638,83468
477,83500
252,83532
297,83564
540,83596
728,83628
984,83660
1182,83692
1384,83724
1647,83756
1849,83788
1712,83820
2202,83852
1595,83884
1418,83916
1135,83948
964,83980
733,84012
506,84044
280,84076
92,84108
0,84140
41,84172
605,84204
489,84236
1077,84268
906,84300
1531,84332
1739,84364
1592,84396
2203,84428
2203,84460
1641,84492
1726,84524
1454,84556
1303,84588
991,84620
397,84652
584,84684
0,84716
0,84748
366,84780
264,84812
824,84844
1052,84876
984,84908
1504,84940
1370,84972
1673,85004
1833,85036
1742,85068
1998,85100
1276,85132
1096,85164
1226,85196
638,85228
423,85260
190,85292
0,85324
299,85356
412,85388
763,85420
941,85452
1211,85484
1399,85516
1592,85548
1855,85580
2058,85612
2264,85644
2059,85676
1787,85708
1552,85740
1321,85772
1088,85804
510,85836
634,85868
62,85900
0,85932
0,85964
172,85996
428,86028
620,86060
889,86092
1117,86124
1340,86156
1579,86188
1710,86220
2296,86252
2063,86284
1420,86316
1591,86348
1322,86380
775,86412
861,86444
600,86476
8,86508
122,86540
0,86572
616,86604
398,86636
632,86668
1264,86700
1081,86732
1724,86764
1928,86796
1801,86828
2154,86860
1536,86892
1382,86924
1072,86956
857,86988
1128,87020
429,87052
204,87084
365,87116
0,87148
86,87180
264,87212
535,87244
1159,87276
1306,87308
1625,87340
1807,87372
2090,87404
2281,87436
2158,87468
1913,87500
1690,87532
1416,87564
1214,87596
953,87628
688,87660
489,87692
236,87724
0,87756
411,87788
294,87820
568,87852
744,87884
1019,87916
1255,87948
1478,87980
1708,88012
1981,88044
1706,88076
1516,88108
1645,88140
1063,88172
1189,88204
570,88236
717,88268
463,88300
0,88332
287,88364
524,88396
702,88428
972,88460
1175,88492
1479,88524
1630,88556
1482,88588
2152,88620
1824,88652
1627,88684
1752,88716
1162,88748
984,88780
1054,88812
534,88844
591,88876
9,88908
0,88940
0,88972
649,89004
905,89036
654,89068
926,89100
1112,89132
1384,89164
1623,89196
2184,89228
1848,89260
2039,89292
1383,89324
1561,89356
1279,89388
1097,89420
825,89452
558,89484
361,89516
150,89548
352,89580
608,89612
811,89644
1039,89676
1263,89708
1498,89740
1359,89772
1965,89804
1832,89836
1768,89868
1471,89900
1304,89932
1113,89964
844,89996
664,90028
439,90060
203,90092
0,90124
0,90156
492,90188
731,90220
568,90252
1183,90284
1387,90316
1568,90348
1849,90380
2044,90412
2359,90444
2032,90476
1423,90508
1657,90540
960,90572
743,90604
924,90636
284,90668
90,90700
200,90732
0,90764
480,90796
348,90828
649,90860
794,90892
1024,90924
1768,90956
1929,90988
1752,91020
2283,91052
1624,91084
1438,91116
1580,91148
981,91180
1150,91212
535,91244
701,91276
425,91308
228,91340
365,91372
602,91404
815,91436
1054,91468
1244,91500
1504,91532
1708,91564
1904,91596
2175,91628
2139,91660
1532,91692
1664,91724
1079,91756
906,91788
623,91820
455,91852
222,91884
4,91916
0,91948
91,91980
283,92012
553,92044
1129,92076
1002,92108
1597,92140
1418,92172
2059,92204
2265,92236
2137,92268
1901,92300
1675,92332
1117,92364
1200,92396
937,92428
781,92460
477,92492
0,92524
234,92556
60,92588
319,92620
888,92652
775,92684
1340,92716
1577,92748
1498,92780
2042,92812
1888,92844
1735,92876
1917,92908
1224,92940
1469,92972
764,93004
584,93036
713,93068
134,93100
0,93132
0,93164
199,93196
823,93228
926,93260
1277,93292
1463,93324
1737,93356
1929,93388
2122,93420
2269,93452
1996,93484
1725,93516
1520,93548
1261,93580
1035,93612
800,93644
574,93676
7,93708
107,93740
0,93772
232,93804
398,93836
682,93868
951,93900
1134,93932
1404,93964
1639,93996
1867,94028
1867,94060
1532,94092
1757,94124
1535,94156
1255,94188
1067,94220
811,94252
263,94284
347,94316
135,94348
441,94380
599,94412
459,94444
1133,94476
909,94508
1144,94540
1802,94572
1599,94604
2254,94636
2096,94668
1500,94700
1627,94732
1022,94764
871,94796
1039,94828
346,94860
603,94892
0,94924
0,94956
487,94988
314,95020
596,95052
774,95084
1037,95116
1686,95148
1833,95180
2151,95212
2335,95244
2143,95276
1867,95308
1628,95340
1386,95372
1166,95404
894,95436
702,95468
441,95500
176,95532
267,95564
473,95596
346,95628
922,95660
799,95692
1082,95724
1247,95756
1544,95788
1773,95820
1882,95852
1652,95884
1453,95916
1182,95948
1000,95980
683,96012
551,96044
667,96076
396,96108
187,96140
351,96172
232,96204
809,96236
1038,96268
951,96300
1497,96332
1691,96364
2009,96396
2156,96428
1771,96460
1965,96492
1306,96524
1104,96556
1216,96588
652,96620
471,96652
540,96684
21,96716
0,96748
20,96780
303,96812
459,96844
716,96876
1417,96908
1163,96940
1448,96972
1628,97004
1910,97036
1788,97068
1884,97100
1320,97132
1501,97164
860,97196
1039,97228
763,97260
585,97292
301,97324
214,97356
473,97388
670,97420
872,97452
1130,97484
1324,97516
1552,97548
1788,97580
2026,97612
1884,97644
2024,97676
1418,97708
1244,97740
958,97772
792,97804
601,97836
334,97868
152,97900
173,97932
0,97964
215,97996
782,98028
1015,98060
1257,98092
1081,98124
1708,98156
1915,98188
1817,98220
2253,98252
1982,98284
1831,98316
1504,98348
907,98380
1129,98412
445,98444
231,98476
410,98508
0,98540
0,98572
542,98604
428,98636
710,98668
858,98700
1158,98732
1307,98764
1544,98796
2300,98828
1791,98860
1572,98892
1751,98924
1106,98956
924,98988
1052,99020
468,99052
637,99084
21,99116
231,99148
429,99180
700,99212
889,99244
1116,99276
912,99308
1580,99340
1770,99372
2042,99404
2235,99436
2079,99468
1879,99500
1609,99532
1017,99564
1145,99596
568,99628
396,99660
119,99692
0,99724
0,99756
118,99788
345,99820
864,99852
793,99884
1065,99916
1654,99948
1517,99980
2126,100012
1944,100044
2119,100076
1851,100108
1242,100140
1371,100172
1149,100204
605,100236
686,100268
416,100300
265,100332
251,100364
123,100396
751,100428
573,100460
830,100492
1402,100524
1278,100556
1563,100588
2105,100620
1908,100652
1979,100684
1368,100716
1207,100748
906,100780
712,100812
955,100844
254,100876
82,100908
183,100940
24,100972
251,101004
816,101036
701,101068
1335,101100
1449,101132
1803,101164
1993,101196
2152,101228
2217,101260
1936,101292
1737,101324
1468,101356
1208,101388
1006,101420
745,101452
512,101484
287,101516
117,101548
19,101580
576,101612
462,101644
742,101676
908,101708
1194,101740
1465,101772
1656,101804
1931,101836
1805,101868
1576,101900
1339,101932
1018,101964
1239,101996
1008,102028
394,102060
544,102092
288,102124
0,102156
463,102188
655,102220
959,102252
1113,102284
970,102316
1659,102348
1422,102380
1662,102412
2316,102444
1648,102476
1448,102508
1568,102540
986,102572
1102,102604
509,102636
360,102668
56,102700
0,102732
379,102764
155,102796
376,102828
1001,102860
824,102892
1101,102924
1278,102956
1560,102988
2219,103020
2235,103052
2089,103084
1805,103116
1497,103148
1337,103180
1112,103212
871,103244
650,103276
380,103308
170,103340
331,103372
528,103404
781,103436
985,103468
859,103500
1438,103532
1308,103564
1604,103596
1774,103628
1816,103660
1592,103692
1356,103724
1128,103756
939,103788
668,103820
489,103852
171,103884
30,103916
205,103948
67,103980
667,104012
864,104044
733,104076
1321,104108
1561,104140
1465,104172
2024,104204
2224,104236
2183,104268
1856,104300
1244,104332
1436,104364
794,104396
590,104428
711,104460
141,104492
0,104524
202,104556
138,104588
652,104620
512,104652
813,104684
968,104716
1227,104748
1947,104780
1689,104812
1962,104844
1676,104876
1484,104908
1261,104940
1355,104972
810,105004
987,105036
635,105068
525,105100
247,105132
361,105164
539,105196
732,105228
989,105260
1184,105292
1386,105324
1656,105356
1852,105388
2090,105420
2190,105452
1963,105484
1356,105516
1485,105548
904,105580
731,105612
448,105644
282,105676
89,105708
0,105740
41,105772
528,105804
492,105836
727,105868
859,105900
1533,105932
1785,105964
1598,105996
2239,106028
2201,106060
1628,106092
1724,106124
1453,106156
1293,106188
987,106220
397,106252
605,106284
0,106316
0,106348
412,106380
234,106412
490,106444
1056,106476
940,106508
1514,106540
1373,106572
1676,106604
1834,106636
1711,106668
1991,106700
1264,106732
1050,106764
1225,106796
596,106828
412,106860
536,106892
0,106924
300,106956
445,106988
763,107020
943,107052
1213,107084
1401,107116
1640,107148
1865,107180
2108,107212
2287,107244
2090,107276
1818,107308
1550,107340
1353,107372
1086,107404
508,107436
633,107468
61,107500
0,107532
0,107564
176,107596
397,107628
630,107660
855,107692
1386,107724
1306,107756
1580,107788
2185,107820
1918,107852
2059,107884
1416,107916
1580,107948
1323,107980
731,108012
857,108044
634,108076
93,108108
155,108140
316,108172
619,108204
765,108236
634,108268
1272,108300
1086,108332
1341,108364
1932,108396
1805,108428
2152,108460
1916,108492
1373,108524
1452,108556
847,108588
697,108620
391,108652
200,108684
431,108716
0,108748
86,108780
655,108812
537,108844
763,108876
1306,108908
1213,108940
1867,108972
1967,109004
2333,109036
2157,109068
1963,109100
1679,109132
1408,109164
1211,109196
954,109228
696,109260
490,109292
224,109324
186,109356
158,109388
639,109420
512,109452
1098,109484
970,109516
1256,109548
1421,109580
1710,109612
1981,109644
1706,109676
1514,109708
1289,109740
1050,109772
827,109804
506,109836
716,109868
493,109900
0,109932
319,109964
527,109996
704,110028
983,110060
1178,110092
1481,110124
1632,110156
1486,110188
2189,110220
1823,110252
1594,110284
1786,110316
1132,110348
1309,110380
1052,110412
484,110444
590,110476
8,110508
0,110540
0,110572
183,110604
907,110636
1063,110668
888,110700
1518,110732
1338,110764
1624,110796
2234,110828
1845,110860
2027,110892
1706,110924
1560,110956
1279,110988
1095,111020
824,111052
590,111084
347,111116
188,111148
393,111180
652,111212
844,111244
1040,111276
968,111308
1501,111340
1370,111372
1976,111404
1836,111436
1774,111468
1470,111500
1294,111532
1068,111564
842,111596
616,111628
427,111660
169,111692
0,111724
0,111756
157,111788
731,111820
582,111852
1189,111884
1387,111916
1612,111948
1851,111980
2090,112012
1981,112044
2074,112076
1805,112108
1647,112140
1327,112172
732,112204
921,112236
280,112268
91,112300
187,112332
0,112364
200,112396
715,112428
648,112460
1165,112492
1024,112524
1335,112556
1981,112588
1752,112620
2347,112652
1614,112684
1436,112716
1567,112748
972,112780
747,112812
842,112844
297,112876
461,112908
0,112940
423,112972
607,113004
873,113036
1120,113068
1246,113100
1511,113132
1708,113164
1916,113196
1836,113228
2137,113260
1900,113292
1664,113324
1433,113356
845,113388
971,113420
395,113452
220,113484
0,113516
0,113548
105,113580
286,113612
555,113644
1038,113676
1005,113708
1239,113740
1368,113772
2063,113804
2313,113836
2127,113868
1935,113900
1673,113932
1113,113964
1197,113996
928,114028
781,114060
476,114092
0,114124
269,114156
72,114188
297,114220
928,114252
746,114284
1000,114316
1581,114348
1453,114380
2043,114412
1884,114444
1726,114476
1915,114508
1192,114540
1466,114572
763,114604
538,114636
713,114668
86,114700
0,114732
320,114764
198,114796
823,114828
659,114860
1277,114892
1467,114924
1749,114956
1933,114988
2172,115020
2265,115052
2042,115084
1758,115116
1132,115148
1292,115180
1024,115212
838,115244
573,115276
6,115308
103,115340
0,115372
236,115404
400,115436
686,115468
919,115500
1132,115532
1368,115564
1914,115596
1832,115628
1865,115660
1993,115692
1399,115724
1531,115756
1247,115788
1064,115820
800,115852
220,115884
335,115916
170,115948
105,115980
636,116012
832,116044
1133,116076
1288,116108
1146,116140
1801,116172
1608,116204
1867,116236
2095,116268
1498,116300
1626,116332
1389,116364
861,116396
639,116428
336,116460
185,116492
0,116524
0,116556
569,116588
319,116620
599,116652
1179,116684
1047,116716
1275,116748
1502,116780
1736,116812
2383,116844
2015,116876
1913,116908
1627,116940
1433,116972
1161,117004
892,117036
284,117068
430,117100
172,117132
282,117164
473,117196
701,117228
925,117260
1160,117292
1022,117324
1616,117356
1486,117388
1774,117420
1818,117452
1645,117484
1451,117516
1180,117548
990,117580
767,117612
539,117644
315,117676
429,117708
183,117740
392,117772
234,117804
847,117836
1049,117868
952,117900
1500,117932
1696,117964
2011,117996
2168,118028
1768,118060
1997,118092
1305,118124
1071,118156
1258,118188
619,118220
797,118252
535,118284
0,118316
0,118348
21,118380
312,118412
457,118444
688,118476
1415,118508
1168,118540
1402,118572
2057,118604
1866,118636
1787,118668
1500,118700
1318,118732
1499,118764
1179,118796
1037,118828
763,118860
575,118892
301,118924
254,118956
73,118988
714,119020
907,119052
1166,119084
1368,119116
1564,119148
1831,119180
2028,119212
1881,119244
2013,119276
1416,119308
1240,119340
957,119372
792,119404
567,119436
341,119468
108,119500
0,119532
0,119564
216,119596
793,119628
666,119660
1256,119692
1080,119724
1709,119756
1915,119788
1774,119820
2251,119852
2016,119884
1451,119916
1536,119948
1275,119980
1119,120012
813,120044
223,120076
407,120108
0,120140
0,120172
544,120204
431,120236
714,120268
1231,120300
1162,120332
1693,120364
1548,120396
1861,120428
1759,120460
1564,120492
1819,120524
1100,120556
922,120588
649,120620
468,120652
247,120684
318,120716
0,120748
477,120780
312,120812
937,120844
1119,120876
1274,120908
1579,120940
1774,120972
2043,121004
2248,121036
2075,121068
1870,121100
1600,121132
1372,121164
1136,121196
910,121228
336,121260
457,121292
0,121324
0,121356
64,121388
348,121420
615,121452
798,121484
1066,121516
1295,121548
1517,121580
1757,121612
1881,121644
2108,121676
1883,121708
1238,121740
1405,121772
1148,121804
600,121836
683,121868
414,121900
253,121932
254,121964
125,121996
792,122028
575,122060
808,122092
1451,122124
1260,122156
1516,122188
2109,122220
1849,122252
1977,122284
1358,122316
1206,122348
904,122380
679,122412
951,122444
251,122476
27,122508
181,122540
0,122572
254,122604
842,122636
710,122668
1337,122700
1160,122732
1805,122764
1995,122796
2154,122828
2207,122860
1980,122892
1735,122924
1504,122956
1230,122988
1038,123020
777,123052
512,123084
315,123116
123,123148
21,123180
588,123212
464,123244
746,123276
920,123308
1196,123340
1431,123372
1660,123404
1895,123436
1802,123468
1528,123500
1338,123532
1465,123564
877,123596
1005,123628
392,123660
541,123692
287,123724
0,123756
471,123788
701,123820
617,123852
1160,123884
1344,123916
1659,123948
1808,123980
1663,124012
2315,124044
1645,124076
1448,124108
1566,124140
984,124172
1102,124204
875,124236
350,124268
413,124300
0,124332
0,124364
123,124396
380,124428
1080,124460
828,124492
1110,124524
1705,124556
1562,124588
1803,124620
1898,124652
1662,124684
1851,124716
1487,124748
1385,124780
1101,124812
917,124844
649,124876
376,124908
169,124940
332,124972
536,125004
792,125036
985,125068
1437,125100
1439,125132
1678,125164
1544,125196
2151,125228
1760,125260
1582,125292
1293,125324
1128,125356
936,125388
670,125420
478,125452
255,125484
26,125516
0,125548
21,125580
669,125612
912,125644
744,125676
1367,125708
1565,125740
1467,125772
2028,125804
2232,125836
1696,125868
1854,125900
1243,125932
1469,125964
782,125996
568,126028
746,126060
108,126092
270,126124
206,126156
100,126188
666,126220
525,126252
822,126284
970,126316
1200,126348
1949,126380
1690,126412
1912,126444
2094,126476
1437,126508
1260,126540
984,126572
807,126604
983,126636
666,126668
520,126700
239,126732
361,126764
541,126796
778,126828
1001,126860
1230,126892
1422,126924
1691,126956
1896,126988
2094,127020
2221,127052
1952,127084
1355,127116
1485,127148
895,127180
730,127212
446,127244
280,127276
55,127308
0,127340
18,127372
279,127404
460,127436
728,127468
1305,127500
1179,127532
1785,127564
1605,127596
2247,127628
2192,127660
1591,127692
1723,127724
1486,127756
1212,127788
1020,127820
761,127852
601,127884
300,127916
0,127948
414,127980
237,128012
493,128044
1064,128076
941,128108
1222,128140
1758,128172
1686,128204
2222,128236
1708,128268
1545,128300
1241,128332
1040,128364
1291,128396
588,128428
410,128460
137,128492
0,128524
0,128556
458,128588
365,128620
991,128652
823,128684
1453,128716
1645,128748
1925,128780
2109,128812
2288,128844
2089,128876
1818,128908
1547,128940
1340,128972
1084,129004
859,129036
623,129068
398,129100
0,129132
238,129164
126,129196
408,129228
576,129260
859,129292
1128,129324
1310,129356
1591,129388
1821,129420
1916,129452
1687,129484
1354,129516
1578,129548
1355,129580
728,129612
879,129644
633,129676
349,129708
153,129740
318,129772
621,129804
778,129836
636,129868
1310,129900
1085,129932
1320,129964
1976,129996
1784,130028
1790,130060
1916,130092
1323,130124
1440,130156
847,130188
695,130220
384,130252
169,130284
426,130316
201,130348
52,130380
666,130412
490,130444
772,130476
1355,130508
1222,130540
1867,130572
1686,130604
2334,130636
2155,130668
1962,130700
1677,130732
1450,130764
1209,130796
986,130828
716,130860
512,130892
252,130924
188,130956
444,130988
648,131020
526,131052
1101,131084
971,131116
1256,131148
1424,131180
1721,131212
1933,131244
1702,131276
1466,131308
1275,131340
1004,131372
823,131404
939,131436
365,131468
491,131500
0,131532
331,131564
536,131596
749,131628
986,131660
1216,131692
1127,131724
1678,131756
1872,131788
2189,131820
2205,131852
1584,131884
1785,131916
1129,131948
933,131980
1049,132012
475,132044
586,132076
362,132108
0,132140
318,132172
186,132204
475,132236
1113,132268
893,132300
1598,132332
1342,132364
1628,132396
2233,132428
1836,132460
1611,132492
1372,132524
1143,132556
1321,132588
970,132620
871,132652
587,132684
397,132716
199,132748
394,132780
653,132812
846,132844
1051,132876
1306,132908
1500,132940
1742,132972
1975,133004
2208,133036
1702,133068
1835,133100
1241,133132
1068,133164
782,133196
616,133228
428,133260
156,133292
0,133324
0,133356
155,133388
392,133420
524,133452
1193,133484
1433,133516
1615,133548
1895,133580
2103,133612
1975,133644
2063,133676
1800,133708
1643,133740
1326,133772
731,133804
942,133836
281,133868
57,133900
221,133932
0,133964
522,133996
720,134028
613,134060
1176,134092
1037,134124
1334,134156
1991,134188
1726,134220
2347,134252
1613,134284
1385,134316
1565,134348
923,134380
748,134412
475,134444
295,134476
459,134508
135,134540
423,134572
607,134604
875,134636
1065,134668
1290,134700
1515,134732
1758,134764
1951,134796
2232,134828
2159,134860
1899,134892
1691,134924
1424,134956
842,134988
970,135020
393,135052
220,135084
0,135116
0,135148
71,135180
295,135212
523,135244
782,135276
969,135308
1241,135340
1373,135372
1704,135404
2315,135436
2125,135468
1931,135500
1662,135532
1065,135564
1195,135596
970,135628
427,135660
506,135692
239,135724
279,135756
429,135788
298,135820
937,135852
748,135884
1003,135916
1582,135948
1456,135980
1752,136012
2268,136044
1722,136076
1495,136108
1184,136140
1023,136172
730,136204
538,136236
777,136268
79,136300
0,136332
0,136364
202,136396
427,136428
970,136460
877,136492
1515,136524
1336,136556
1991,136588
2175,136620
2317,136652
2027,136684
1758,136716
1551,136748
1290,136780
1023,136812
830,136844
570,136876
346,136908
99,136940
303,136972
188,137004
762,137036
637,137068
920,137100
1567,137132
1371,137164
1644,137196
1836,137228
1863,137260
1897,137292
1388,137324
1163,137356
1289,137388
1054,137420
831,137452
218,137484
367,137516
185,137548
107,137580
639,137612
842,137644
1143,137676
1290,137708
1147,137740
1847,137772
1611,137804
1847,137836
2136,137868
1468,137900
1270,137932
1388,137964
814,137996
636,138028
334,138060
182,138092
0,138124
0,138156
567,138188
327,138220
555,138252
1181,138284
1002,138316
1276,138348
1882,138380
1747,138412
2379,138444
1720,138476
1912,138508
1625,138540
1432,138572
1151,138604
928,138636
282,138668
472,138700
200,138732
316,138764
508,138796
702,138828
957,138860
1162,138892
1034,138924
1625,138956
1485,138988
1783,139020
1817,139052
1642,139084
1405,139116
1178,139148
951,139180
1022,139212
493,139244
313,139276
425,139308
0,139340
395,139372
237,139404
844,139436
1051,139468
919,139500
1501,139532
1742,139564
1645,139596
2208,139628
2144,139660
1997,139692
1676,139724
1070,139756
1259,139788
618,139820
423,139852
535,139884
0,139916
0,139948
383,139980
316,140012
828,140044
700,140076
990,140108
1147,140140
1404,140172
2137,140204
1868,140236
1784,140268
1915,140300
1309,140332
1085,140364
858,140396
632,140428
811,140460
458,140492
335,140524
267,140556
424,140588
719,140620
908,140652
1166,140684
1360,140716
1566,140748
1834,140780
2031,140812
2248,140844
2011,140876
1775,140908
1180,140940
1307,140972
729,141004
557,141036
272,141068
104,141100
0,141132
0,141164
219,141196
446,141228
669,141260
903,141292
1024,141324
1720,141356
1963,141388
1784,141420
2283,141452
2013,141484
1447,141516
1545,141548
1272,141580
1117,141612
810,141644
220,141676
429,141708
0,141740
0,141772
590,141804
410,141836
666,141868
1240,141900
1115,141932
1694,141964
1552,141996
1864,142028
1756,142060
1530,142092
1817,142124
1097,142156
872,142188
1040,142220
411,142252
238,142284
0,142316
0,142348
478,142380
632,142412
951,142444
1131,142476
1277,142508
1591,142540
1822,142572
2041,142604
2296,142636
2106,142668
1912,142700
1631,142732
1371,142764
1165,142796
907,142828
332,142860
448,142892
0,142924
0,142956
75,142988
346,143020
583,143052
806,143084
1023,143116
1303,143148
1484,143180
1767,143212
1872,143244
1740,143276
1883,143308
1232,143340
1400,143372
1145,143404
555,143436
683,143468
448,143500
0,143532
296,143564
495,143596
793,143628
952,143660
811,143692
1452,143724
1264,143756
1518,143788
2120,143820
1849,143852
1660,143884
1739,143916
1194,143948
1264,143980
671,144012
522,144044
217,144076
29,144108
237,144140
0,144172
264,144204
443,144236
712,144268
939,144300
1487,144332
1387,144364
2045,144396
2157,144428
2263,144460
1977,144492
1785,144524
1501,144556
1230,144588
1033,144620
778,144652
510,144684
314,144716
123,144748
364,144780
588,144812
824,144844
698,144876
1277,144908
1147,144940
1431,144972
1609,145004
1898,145036
1799,145068
1526,145100
1335,145132
1368,145164
874,145196
651,145228
332,145260
537,145292
314,145324
0,145356
505,145388
713,145420
619,145452
1163,145484
1359,145516
1661,145548
1817,145580
1674,145612
2349,145644
1643,145676
1418,145708
1607,145740
954,145772
751,145804
873,145836
300,145868
410,145900
0,145932
0,145964
124,145996
360,146028
1081,146060
832,146092
1064,146124
1705,146156
1524,146188
1804,146220
2270,146252
1658,146284
1848,146316
1526,146348
1372,146380
1099,146412
920,146444
637,146476
410,146508
155,146540
378,146572
570,146604
828,146636
1019,146668
1215,146700
1482,146732
1680,146764
1549,146796
2154,146828
1757,146860
1580,146892
1292,146924
1116,146956
892,146988
666,147020
441,147052
510,147084
0,147116
0,147148
445,147180
332,147212
919,147244
746,147276
1367,147308
1576,147340
1432,147372
2031,147404
2272,147436
1801,147468
1896,147500
1614,147532
1465,147564
1151,147596
558,147628
743,147660
108,147692
0,147724
206,147756
103,147788
656,147820
894,147852
825,147884
1352,147916
1210,147948
1511,147980
1663,148012
1904,148044
2169,148076
1434,148108
1256,148140
1389,148172
796,148204
573,148236
664,148268
120,148300
283,148332
252,148364
605,148396
779,148428
1053,148460
1240,148492
1424,148524
1693,148556
1898,148588
2094,148620
2221,148652
1950,148684
1721,148716
1213,148748
1248,148780
669,148812
796,148844
221,148876
44,148908
0,148940
21,148972
279,149004
470,149036
729,149068
957,149100
1181,149132
1839,149164
1548,149196
2251,149228
2233,149260
1578,149292
1755,149324
1485,149356
1210,149388
1021,149420
760,149452
601,149484
297,149516
0,149548
448,149580
239,149612
463,149644
1112,149676
920,149708
1564,149740
1760,149772
1640,149804
2233,149836
1704,149868
1544,149900
1241,149932
1018,149964
1287,149996
985,150028
362,150060
535,150092
0,150124
0,150156
493,150188
373,150220
1003,150252
1145,150284
1463,150316
1647,150348
1928,150380
2121,150412
2330,150444
2077,150476
1852,150508
1578,150540
1376,150572
1114,150604
856,150636
329,150668
396,150700
0,150732
249,150764
128,150796
410,150828
583,150860
862,150892
1095,150924
1318,150956
1546,150988
1831,151020
1867,151052
1684,151084
1352,151116
1223,151148
1351,151180
720,151212
879,151244
623,151276
384,151308
151,151340
364,151372
281,151404
816,151436
1008,151468
1319,151500
1467,151532
1323,151564
1980,151596
1785,151628
1788,151660
1912,151692
1322,151724
1144,151756
1212,151788
690,151820
750,151852
167,151884
8,151916
249,151948
47,151980
743,152012
494,152044
775,152076
1355,152108
1222,152140
1454,152172
2016,152204
1917,152236
2203,152268
1543,152300
1726,152332
1439,152364
1256,152396
985,152428
716,152460
521,152492
254,152524
190,152556
136,152588
650,152620
879,152652
1104,152684
1336,152716
1207,152748
1801,152780
1662,152812
1932,152844
1640,152876
1463,152908
1273,152940
1004,152972
814,153004
848,153036
367,153068
139,153100
0,153132
331,153164
571,153196
760,153228
1019,153260
1227,153292
1129,153324
1680,153356
1882,153388
2197,153420
2202,153452
1583,153484
1817,153516
1119,153548
896,153580
1086,153612
442,153644
250,153676
361,153708
0,153740
320,153772
190,153804
488,153836
1113,153868
870,153900
1607,153932
1342,153964
1580,153996
2237,154028
1784,154060
1606,154092
1740,154124
1144,154156
1319,154188
683,154220
855,154252
587,154284
394,154316
201,154348
442,154380
654,154412
892,154444
1083,154476
924,154508
1546,154540
1743,154572
2010,154604
2207,154636
1694,154668
1832,154700
1239,154732
1064,154764
781,154796
606,154828
391,154860
158,154892
0,154924
190,154956
124,154988
393,155020
967,155052
843,155084
1435,155116
1627,155148
1899,155180
2107,155212
1929,155244
2063,155276
1836,155308
1273,155340
1360,155372
1098,155404
942,155436
635,155468
48,155500
219,155532
0,155564
166,155596
720,155628
615,155660
1176,155692
1416,155724
1338,155756
1575,155788
1735,155820
1895,155852
1582,155884
1383,155916
1631,155948
922,155980
746,156012
875,156044
294,156076
70,156108
0,156140
28,156172
655,156204
765,156236
1113,156268
1295,156300
1575,156332
1767,156364
1962,156396
1786,156428
2160,156460
1897,156492
1692,156524
1420,156556
1193,156588
959,156620
732,156652
158,156684
280,156716
0,156748
72,156780
249,156812
524,156844
791,156876
974,156908
1242,156940
1471,156972
1706,157004
1945,157036
2167,157068
1929,157100
1703,157132
1064,157164
1227,157196
969,157228
423,157260
507,157292
238,157324
281,157356
440,157388
301,157420
971,157452
750,157484
984,157516
1628,157548
1437,157580
2090,157612
2266,157644
1672,157676
1484,157708
1182,157740
1022,157772
727,157804
496,157836
775,157868
75,157900
0,157932
325,157964
156,157996
437,158028
616,158060
887,158092
1517,158124
1663,158156
1991,158188
2183,158220
2312,158252
2029,158284
1792,158316
1128,158348
1324,158380
1054,158412
862,158444
600,158476
335,158508
119,158540
312,158572
188,158604
764,158636
639,158668
920,158700
1087,158732
1372,158764
1610,158796
1846,158828
1815,158860
1623,158892
1342,158924
1159,158956
1277,158988
701,159020
827,159052
214,159084
363,159116
187,159148
74,159180
639,159212
887,159244
795,159276
1328,159308
1529,159340
1839,159372
1997,159404
1850,159436
2127,159468
1467,159500
1262,159532
1386,159564
811,159596
632,159628
699,159660
180,159692
233,159724
0,159756
151,159788
299,159820
558,159852
1257,159884
1004,159916
1288,159948
1467,159980
1748,160012
1950,160044
2046,160076
1480,160108
1663,160140
1020,160172
1199,160204
925,160236
624,160268
461,160300
200,160332
313,160364
510,160396
713,160428
970,160460
1165,160492
1391,160524
1627,160556
1864,160588
1725,160620
2186,160652
1578,160684
1403,160716
1118,160748
942,160780
761,160812
500,160844
311,160876
89,160908
0,160940
56,160972
188,161004
846,161036
1095,161068
920,161100
1547,161132
1753,161164
1992,161196
2217,161228
2142,161260
1993,161292
1674,161324
1067,161356
1288,161388
608,161420
382,161452
568,161484
0,161516
0,161548
378,161580
272,161612
839,161644
700,161676
998,161708
1149,161740
1384,161772
2135,161804
1870,161836
1734,161868
1914,161900
1258,161932
1082,161964
1212,161996
629,162028
807,162060
183,162092
333,162124
267,162156
428,162188
727,162220
956,162252
1177,162284
1418,162316
1609,162348
1872,162380
2076,162412
2240,162444
2032,162476
1773,162508
1178,162540
1307,162572
720,162604
553,162636
271,162668
102,162700
0,162732
0,162764
185,162796
456,162828
637,162860
906,162892
1483,162924
1356,162956
1963,162988
1784,163020
2280,163052
2011,163084
1404,163116
1533,163148
1306,163180
761,163212
844,163244
586,163276
425,163308
105,163340
0,163372
600,163404
413,163436
676,163468
1240,163500
1116,163532
1696,163564
1933,163596
1864,163628
2136,163660
1528,163692
1367,163724
1065,163756
870,163788
1113,163820
412,163852
234,163884
349,163916
0,163948
93,163980
325,164012
551,164044
1177,164076
1278,164108
1639,164140
1831,164172
2109,164204
2297,164236
2104,164268
1901,164300
1628,164332
1368,164364
1164,164396
906,164428
682,164460
445,164492
218,164524
0,164556
425,164588
304,164620
584,164652
750,164684
1034,164716
1303,164748
1494,164780
1769,164812
1965,164844
1736,164876
1499,164908
1176,164940
1391,164972
1168,165004
552,165036
703,165068
445,165100
0,165132
304,165164
504,165196
351,165228
953,165260
811,165292
1496,165324
1263,165356
1499,165388
2167,165420
1817,165452
1997,165484
1726,165516
1147,165548
1262,165580
670,165612
519,165644
218,165676
2,165708
231,165740
3,165772
226,165804
842,165836
668,165868
940,165900
1118,165932
1399,165964
2055,165996
2199,166028
2251,166060
1967,166092
1772,166124
1497,166156
1270,166188
1033,166220
810,166252
539,166284
336,166316
167,166348
366,166380
622,166412
822,166444
699,166476
1277,166508
1151,166540
1434,166572
1610,166604
1902,166636
1754,166668
1516,166700
1287,166732
1098,166764
828,166796
648,166828
765,166860
199,166892
311,166924
0,166956
507,166988
715,167020
583,167052
1165,167084
1401,167116
1579,167148
1866,167180
2060,167212
2345,167244
2025,167276
1406,167308
1598,167340
944,167372
750,167404
862,167436
301,167468
120,167500
175,167532
0,167564
494,167596
366,167628
655,167660
810,167692
1068,167724
1785,167756
1518,167788
1814,167820
1838,167852
1656,167884
1431,167916
1518,167948
958,167980
1143,168012
517,168044
683,168076
411,168108
205,168140
381,168172
572,168204
831,168236
1024,168268
1226,168300
1484,168332
1689,168364
1929,168396
2157,168428
2123,168460
1518,168492
1648,168524
1064,168556
890,168588
606,168620
438,168652
251,168684
0,168716
0,168748
110,168780
343,168812
571,168844
700,168876
1372,168908
1613,168940
1436,168972
2077,169004
2283,169036
2076,169068
1885,169100
1612,169132
1455,169164
1149,169196
554,169228
767,169260
106,169292
0,169324
252,169356
75,169388
332,169420
896,169452
780,169484
1352,169516
1216,169548
1512,169580
1671,169612
1872,169644
2158,169676
1851,169708
1206,169740
1385,169772
756,169804
580,169836
700,169868
118,169900
281,169932
0,169964
599,169996
783,170028
1053,170060
1243,170092
1472,170124
1695,170156
1947,170188
2138,170220
2254,170252
1980,170284
1712,170316
1503,170348
1245,170380
665,170412
784,170444
220,170476
42,170508
0,170540
21,170572
247,170604
470,170636
697,170668
967,170700
1147,170732
1419,170764
2013,170796
1886,170828
2223,170860
1577,170892
1751,170924
1481,170956
1241,170988
1017,171020
794,171052
251,171084
330,171116
153,171148
457,171180
615,171212
472,171244
1116,171276
923,171308
1180,171340
1769,171372
1641,171404
2235,171436
2080,171468
1544,171500
1613,171532
1005,171564
855,171596
1033,171628
361,171660
590,171692
0,171724
0,171756
495,171788
377,171820
603,171852
828,171884
1052,171916
1695,171948
1808,171980
2171,172012
2317,172044
2135,172076
1849,172108
1568,172140
1373,172172
1112,172204
846,172236
652,172268
393,172300
156,172332
249,172364
488,172396
362,172428
938,172460
812,172492
1096,172524
1262,172556
1549,172588
1831,172620
1866,172652
1675,172684
1439,172716
1211,172748
987,172780
666,172812
877,172844
655,172876
383,172908
169,172940
367,172972
283,173004
827,173036
1018,173068
1321,173100
1469,173132
1326,173164
2025,173196
2345,173228
1755,173260
1949,173292
1290,173324
1470,173356
1211,173388
635,173420
749,173452
159,173484
16,173516
248,173548
26,173580
745,173612
496,173644
730,173676
1367,173708
1179,173740
1462,173772
1643,173804
1928,173836
2199,173868
1868,173900
1723,173932
1437,173964
1246,173996
975,174028
750,174060
509,174092
288,174124
222,174156
480,174188
685,174220
879,174252
1136,174284
1339,174316
1210,174348
1804,174380
1673,174412
1931,174444
1631,174476
1454,174508
1229,174540
1002,174572
791,174604
585,174636
328,174668
135,174700
0,174732
8,174764
573,174796
760,174828
1021,174860
1227,174892
1095,174924
1689,174956
1930,174988
1833,175020
2237,175052
1965,175084
1815,175116
1488,175148
893,175180
1083,175212
442,175244
251,175276
351,175308
0,175340
42,175372
558,175404
490,175436
716,175468
875,175500
1167,175532
1323,175564
1584,175596
2315,175628
1776,175660
1598,175692
1321,175724
1133,175756
908,175788
1001,175820
455,175852
631,175884
8,175916
250,175948
443,175980
717,176012
905,176044
1086,176076
1351,176108
1548,176140
1753,176172
2011,176204
2218,176236
2064,176268
1823,176300
1594,176332
1000,176364
1130,176396
553,176428
380,176460
106,176492
0,176524
0,176556
138,176588
395,176620
880,176652
855,176684
1078,176716
1664,176748
1899,176780
2143,176812
1928,176844
2103,176876
1835,176908
1271,176940
1357,176972
1088,177004
939,177036
634,177068
44,177100
239,177132
0,177164
138,177196
766,177228
588,177260
844,177292
1418,177324
1292,177356
1580,177388
1736,177420
1885,177452
1578,177484
1353,177516
1627,177548
912,177580
696,177612
863,177644
244,177676
60,177708
165,177740
39,177772
654,177804
490,177836
1115,177868
1307,177900
1577,177932
1769,177964
2000,177996
1788,178028
2204,178060
1929,178092
1725,178124
1451,178156
1194,178188
990,178220
730,178252
157,178284
272,178316
0,178348
78,178380
249,178412
526,178444
759,178476
974,178508
1210,178540
1752,178572
1673,178604
1946,178636
2155,178668
1559,178700
1692,178732
1054,178764
1223,178796
960,178828
378,178860
495,178892
270,178924
0,178956
476,178988
680,179020
973,179052
1120,179084
986,179116
1632,179148
1437,179180
1705,179212
2264,179244
1662,179276
1480,179308
1552,179340
1018,179372
1088,179404
494,179436
344,179468
43,179500
0,179532
397,179564
169,179596
439,179628
1017,179660
888,179692
1115,179724
1340,179756
1576,179788
2233,179820
2185,179852
2074,179884
1789,179916
1481,179948
1321,179980
1052,180012
857,180044
592,180076
335,180108
118,180140
313,180172
553,180204
767,180236
1000,180268
872,180300
1454,180332
1324,180364
1624,180396
1787,180428
1807,180460
1613,180492
1340,180524
1149,180556
925,180588
697,180620
464,180652
166,180684
363,180716
219,180748
76,180780
685,180812
887,180844
795,180876
1339,180908
1534,180940
1849,180972
1998,181004
1854,181036
2167,181068
1466,181100
1232,181132
1422,181164
780,181196
584,181228
696,181260
124,181292
232,181324
0,181356
154,181388
299,181420
528,181452
1257,181484
1006,181516
1241,181548
1893,181580
1704,181612
1949,181644
1662,181676
1480,181708
1662,181740
1338,181772
1195,181804
923,181836
624,181868
461,181900
222,181932
317,181964
558,181996
747,182028
1006,182060
1208,182092
1401,182124
1662,182156
1867,182188
1728,182220
2175,182252
1578,182284
1402,182316
1117,182348
940,182380
718,182412
488,182444
264,182476
76,182508
0,182540
58,182572
192,182604
508,182636
1099,182668
924,182700
1547,182732
1755,182764
1612,182796
2219,182828
2186,182860
1613,182892
1708,182924
1436,182956
1285,182988
973,183020
381,183052
559,183084
0,183116
0,183148
392,183180
281,183212
553,183244
1071,183276
1001,183308
1529,183340
1389,183372
1692,183404
1850,183436
1722,183468
1989,183500
1258,183532
1082,183564
810,183596
628,183628
398,183660
478,183692
0,183724
317,183756
431,183788
779,183820
957,183852
1227,183884
1417,183916
1614,183948
1881,183980
2078,184012
2239,184044
2042,184076
1769,184108
1533,184140
1304,184172
1072,184204
492,184236
617,184268
45,184300
0,184332
0,184364
195,184396
456,184428
644,184460
905,184492
1402,184524
1367,184556
1595,184588
1728,184620
2279,184652
2045,184684
1402,184716
1567,184748
1307,184780
759,184812
843,184844
584,184876
425,184908
104,184940
0,184972
633,185004
416,185036
649,185068
1288,185100
1100,185132
1356,185164
1948,185196
1818,185228
1757,185260
1520,185292
1366,185324
1054,185356
839,185388
1102,185420
412,185452
184,185484
349,185516
0,185548
95,185580
670,185612
551,185644
1177,185676
1322,185708
1642,185740
1835,185772
2118,185804
2299,185836
2142,185868
1897,185900
1672,185932
1390,185964
1198,185996
938,186028
669,186060
474,186092
216,186124
0,186156
423,186188
312,186220
586,186252
752,186284
1038,186316
1261,186348
1496,186380
1735,186412
2237,186444
1688,186476
1498,186508
1627,186540
1037,186572
1174,186604
552,186636
702,186668
444,186700
0,186732
303,186764
540,186796
457,186828
989,186860
1184,186892
1497,186924
1646,186956
1502,186988
2168,187020
1808,187052
1610,187084
1726,187116
1142,187148
1258,187180
1036,187212
509,187244
585,187276
0,187308
0,187340
0,187372
230,187404
919,187436
678,187468
950,187500
1533,187532
1400,187564
1640,187596
2203,187628
1831,187660
2013,187692
1656,187724
1546,187756
1261,187788
1081,187820
807,187852
540,187884
343,187916
170,187948
376,187980
632,188012
826,188044
1064,188076
1019,188108
1515,188140
1386,188172
1980,188204
1851,188236
1752,188268
1452,188300
1286,188332
1097,188364
826,188396
638,188428
413,188460
188,188492
0,188524
0,188556
509,188588
751,188620
584,188652
1199,188684
1405,188716
1583,188748
1869,188780
2064,188812
2342,188844
2016,188876
1405,188908
1631,188940
944,188972
717,189004
907,189036
269,189068
440,189100
172,189132
0,189164
494,189196
365,189228
663,189260
812,189292
1040,189324
1788,189356
1949,189388
1767,189420
2263,189452
1606,189484
1420,189516
1562,189548
967,189580
1140,189612
825,189644
683,189676
407,189708
199,189740
393,189772
620,189804
838,189836
1080,189868
1262,189900
1529,189932
1726,189964
1930,189996
1852,190028
2121,190060
1515,190092
1647,190124
1063,190156
888,190188
605,190220
427,190252
215,190284
0,190316
0,190348
120,190380
300,190412
568,190444
700,190476
1021,190508
1622,190540
1436,190572
2078,190604
2286,190636
2112,190668
1887,190700
1656,190732
1095,190764
1182,190796
922,190828
765,190860
460,190892
0,190924
255,190956
78,190988
343,191020
904,191052
793,191084
1065,191116
1594,191148
1516,191180
2059,191212
1869,191244
1708,191276
1897,191308
1200,191340
1451,191372
747,191404
570,191436
686,191468
116,191500
0,191532
288,191564
205,191596
843,191628
664,191660
1291,191692
1483,191724
1757,191756
1945,191788
2142,191820
2251,191852
1980,191884
1709,191916
1176,191948
1244,191980
1017,192012
782,192044
556,192076
0,192108
85,192140
0,192172
250,192204
425,192236
699,192268
967,192300
1158,192332
1431,192364
1930,192396
1884,192428
1851,192460
1514,192492
1739,192524
1515,192556
1240,192588
1049,192620
783,192652
249,192684
331,192716
157,192748
461,192780
619,192812
474,192844
1149,192876
926,192908
1152,192940
1816,192972
1615,193004
1884,193036
2080,193068
1486,193100
1609,193132
1002,193164
852,193196
1021,193228
328,193260
587,193292
0,193324
0,193356
505,193388
341,193420
606,193452
1191,193484
1054,193516
1704,193548
1515,193580
2175,193612
2319,193644
2124,193676
1847,193708
1614,193740
1369,193772
1148,193804
878,193836
268,193868
415,193900
157,193932
286,193964
489,193996
364,194028
941,194060
814,194092
1098,194124
1273,194156
1560,194188
1789,194220
1863,194252
1627,194284
1708,194316
1175,194348
983,194380
1102,194412
525,194444
651,194476
378,194508
167,194540
375,194572
249,194604
827,194636
1062,194668
965,194700
1515,194732
1710,194764
2027,194796
2174,194828
1755,194860
1947,194892
1290,194924
1085,194956
1198,194988
634,195020
748,195052
512,195084
16,195116
0,195148
29,195180
318,195212
475,195244
733,195276
1435,195308
1191,195340
1468,195372
2073,195404
1930,195436
1771,195468
1529,195500
1303,195532
1485,195564
1132,195596
1023,195628
751,195660
559,195692
285,195724
234,195756
88,195788
688,195820
890,195852
1144,195884
1342,195916
1581,195948
1807,195980
2042,196012
1866,196044
1999,196076
1400,196108
1228,196140
940,196172
776,196204
585,196236
324,196268
125,196300
0,196332
8,196364
232,196396
810,196428
1032,196460
1273,196492
1096,196524
1727,196556
1935,196588
1834,196620
2237,196652
1965,196684
1805,196716
1486,196748
891,196780
1112,196812
430,196844
216,196876
382,196908
0,196940
365,196972
568,197004
452,197036
728,197068
878,197100
1178,197132
1326,197164
1564,197196
2316,197228
1774,197260
1870,197292
1735,197324
1084,197356
906,197388
632,197420
456,197452
619,197484
312,197516
251,197548
447,197580
717,197612
905,197644
1135,197676
934,197708
1596,197740
1788,197772
2062,197804
2262,197836
2062,197868
1854,197900
1592,197932
1001,197964
1128,197996
551,198028
376,198060
103,198092
0,198124
0,198156
137,198188
362,198220
631,198252
810,198284
1081,198316
1673,198348
1534,198380
2151,198412
1927,198444
2092,198476
1833,198508
1224,198540
1357,198572
1131,198604
586,198636
670,198668
399,198700
237,198732
271,198764
142,198796
778,198828
591,198860
846,198892
1419,198924
1296,198956
1580,198988
2126,199020
1883,199052
1960,199084
1343,199116
1191,199148
880,199180
688,199212
935,199244
236,199276
56,199308
0,199340
42,199372
276,199404
812,199436
717,199468
1353,199500
1178,199532
1821,199564
2011,199596
2168,199628
2199,199660
1918,199692
1721,199724
1450,199756
1184,199788
985,199820
729,199852
495,199884
268,199916
139,199948
27,199980
600,200012
476,200044
758,200076
924,200108
1211,200140
1482,200172
1674,200204
1948,200236
1787,200268
1559,200300
1323,200332
1000,200364
1214,200396
991,200428
376,200460
527,200492
270,200524
0,200556
479,200588
682,200620
975,200652
1132,200684
989,200716
1677,200748
1449,200780
1680,200812
2300,200844
1638,200876
1424,200908
1550,200940
968,200972
1085,201004
491,201036
342,201068
33,201100
0,201132
407,201164
171,201196
396,201228
1021,201260
844,201292
1127,201324
1721,201356
1579,201388
2235,201420
1882,201452
2071,201484
1789,201516
1480,201548
1318,201580
1096,201612
847,201644
634,201676
362,201708
149,201740
347,201772
544,201804
800,201836
1003,201868
873,201900
1465,201932
1328,201964
1612,201996
1789,202028
1802,202060
1567,202092
1340,202124
1111,202156
922,202188
653,202220
471,202252
589,202284
24,202316
231,202348
78,202380
684,202412
891,202444
760,202476
1343,202508
1579,202540
1481,202572
2044,202604
2240,202636
2157,202668
1839,202700
1229,202732
1420,202764
775,202796
582,202828
686,202860
121,202892
231,202924
219,202956
152,202988
672,203020
538,203052
828,203084
985,203116
1245,203148
1965,203180
1705,203212
1946,203244
2087,203276
1468,203308
1243,203340
1017,203372
791,203404
969,203436
619,203468
503,203500
231,203532
377,203564
557,203596
750,203628
1014,203660
1210,203692
1404,203724
1664,203756
1871,203788
2108,203820
2174,203852
1944,203884
1338,203916
1470,203948
890,203980
714,204012
431,204044
262,204076
75,204108
0,204140
59,204172
287,204204
509,204236
747,204268
876,204300
1549,204332
1800,204364
1614,204396
2263,204428
2175,204460
1610,204492
1707,204524
1437,204556
828,204588
970,204620
379,204652
591,204684
0,204716
0,204748
430,204780
252,204812
876,204844
1080,204876
956,204908
1532,204940
1391,204972
1694,205004
1852,205036
1700,205068
1977,205100
1256,205132
1032,205164
1207,205196
572,205228
394,205260
123,205292
0,205324
327,205356
470,205388
781,205420
967,205452
1228,205484
1419,205516
1658,205548
1882,205580
2128,205612
2271,205644
2075,205676
1802,205708
1532,205740
1328,205772
1069,205804
491,205836
608,205868
42,205900
0,205932
0,205964
199,205996
414,206028
649,206060
872,206092
1143,206124
1325,206156
1607,206188
2201,206220
1899,206252
2043,206284
1399,206316
1563,206348
1305,206380
712,206412
841,206444
618,206476
334,206508
134,206540
333,206572
635,206604
792,206636
651,206668
1291,206700
1102,206732
1358,206764
1949,206796
1820,206828
1832,206860
1902,206892
1364,206924
1421,206956
832,206988
679,207020
375,207052
184,207084
413,207116
0,207148
105,207180
292,207212
554,207244
781,207276
1326,207308
1230,207340
1883,207372
1693,207404
2359,207436
2141,207468
1947,207500
1661,207532
1390,207564
1195,207596
928,207628
672,207660
464,207692
208,207724
204,207756
430,207788
656,207820
536,207852
1115,207884
988,207916
1273,207948
1438,207980
1736,208012
1960,208044
1686,208076
1495,208108
1261,208140
1036,208172
807,208204
488,208236
699,208268
477,208300
0,208332
344,208364
543,208396
730,208428
1001,208460
1194,208492
1501,208524
1658,208556
1502,208588
2207,208620
1805,208652
1578,208684
1770,208716
1112,208748
910,208780
1034,208812
458,208844
572,208876
0,208908
0,208940
0,208972
202,209004
920,209036
1085,209068
906,209100
1545,209132
1356,209164
1644,209196
2252,209228
1828,209260
2011,209292
1593,209324
1543,209356
1257,209388
1070,209420
798,209452
574,209484
333,209516
216,209548
408,209580
672,209612
862,209644
1065,209676
1321,209708
1518,209740
1386,209772
1983,209804
1854,209836
1750,209868
1452,209900
1278,209932
1051,209964
826,209996
600,210028
411,210060
151,210092
0,210124
283,210156
183,210188
759,210220
590,210252
1207,210284
1407,210316
1629,210348
1869,210380
2112,210412
1963,210444
2048,210476
1786,210508
1625,210540
1309,210572
716,210604
904,210636
264,210668
72,210700
171,210732
0,210764
496,210796
734,210828
666,210860
1184,210892
1052,210924
1351,210956
2006,210988
1772,211020
2329,211052
1599,211084
1415,211116
1550,211148
955,211180
733,211212
504,211244
281,211276
447,211308
77,211340
439,211372
620,211404
893,211436
1081,211468
1264,211500
1529,211532
1726,211564
1933,211596
2201,211628
2112,211660
1884,211692
1644,211724
1416,211756
826,211788
944,211820
380,211852
206,211884
0,211916
0,211948
121,211980
312,212012
570,212044
797,212076
1021,212108
1259,212140
1386,212172
2087,212204
2331,212236
2109,212268
1917,212300
1647,212332
1095,212364
1181,212396
912,212428
761,212460
456,212492
0,212524
295,212556
88,212588
314,212620
942,212652
765,212684
1400,212716
1598,212748
1468,212780
2064,212812
1867,212844
1705,212876
1895,212908
1168,212940
1447,212972
744,213004
522,213036
695,213068
62,213100
0,213132
0,213164
220,213196
840,213228
983,213260
1301,213292
1483,213324
1757,213356
1951,213388
2188,213420
2249,213452
2016,213484
1739,213516
1546,213548
1274,213580
1008,213612
812,213644
554,213676
0,213708
75,213740
0,213772
250,213804
426,213836
700,213868
935,213900
1159,213932
1386,213964
1659,213996
1849,214028
1847,214060
1504,214092
1373,214124
1511,214156
1231,214188
1039,214220
792,214252
203,214284
319,214316
200,214348
121,214380
654,214412
847,214444
1157,214476
1305,214508
1163,214540
1820,214572
1626,214604
1886,214636
2078,214668
1480,214700
1305,214732
1374,214764
852,214796
617,214828
318,214860
167,214892
0,214924
0,214956
583,214988
336,215020
616,215052
794,215084
1064,215116
1293,215148
1853,215180
1755,215212
2365,215244
1705,215276
1895,215308
1609,215340
1417,215372
1145,215404
864,215436
681,215468
414,215500
153,215532
288,215564
491,215596
720,215628
943,215660
1179,215692
1040,215724
1631,215756
1503,215788
1798,215820
1800,215852
1627,215884
1434,215916
1164,215948
972,215980
1008,216012
522,216044
299,216076
410,216108
163,216140
410,216172
261,216204
863,216236
1067,216268
971,216300
1517,216332
1721,216364
2038,216396
2184,216428
1743,216460
1981,216492
1280,216524
1062,216556
1242,216588
602,216620
398,216652
512,216684
0,216716
0,216748
40,216780
328,216812
474,216844
713,216876
1436,216908
1192,216940
1420,216972
2075,217004
1881,217036
1768,217068
1904,217100
1301,217132
1479,217164
842,217196
1016,217228
745,217260
555,217292
281,217324
281,217356
92,217388
734,217420
927,217452
1184,217484
1383,217516
1581,217548
1849,217580
2048,217612
1856,217644
1995,217676
1392,217708
1225,217740
939,217772
772,217804
539,217836
316,217868
90,217900
151,217932
0,217964
234,217996
800,218028
685,218060
1275,218092
1101,218124
1735,218156
1935,218188
1789,218220
2235,218252
1998,218284
1435,218316
1528,218348
1260,218380
1101,218412
799,218444
205,218476
380,218508
0,218540
8,218572
570,218604
455,218636
729,218668
1248,218700
1180,218732
1711,218764
1568,218796
1879,218828
1743,218860
1544,218892
1801,218924
1082,218956
904,218988
1033,219020
444,219052
221,219084
2,219116
0,219148
493,219180
607,219212
957,219244
1143,219276
1292,219308
1597,219340
1792,219372
2061,219404
2264,219436
2059,219468
1854,219500
1582,219532
1356,219564
1120,219596
894,219628
316,219660
440,219692
0,219724
0,219756
90,219788
364,219820
635,219852
816,219884
1084,219916
1309,219948
1544,219980
1783,220012
1856,220044
2091,220076
1869,220108
1224,220140
1387,220172
1120,220204
574,220236
664,220268
400,220300
237,220332
283,220364
144,220396
813,220428
592,220460
826,220492
1467,220524
1277,220556
1531,220588
2128,220620
1832,220652
1950,220684
1341,220716
1182,220748
876,220780
665,220812
935,220844
231,220876
17,220908
141,220940
5,220972
280,221004
456,221036
726,221068
1355,221100
1502,221132
1831,221164
2011,221196
2172,221228
2191,221260
1962,221292
1719,221324
1341,221356
1213,221388
1020,221420
758,221452
493,221484
288,221516
143,221548
30,221580
607,221612
479,221644
762,221676
935,221708
1223,221740
1447,221772
1676,221804
1914,221836
1786,221868
1511,221900
1320,221932
991,221964
859,221996
989,222028
368,222060
523,222092
267,222124
0,222156
487,222188
720,222220
633,222252
1176,222284
1371,222316
1677,222348
1824,222380
1688,222412
2297,222444
1629,222476
1421,222508
1548,222540
966,222572
792,222604
858,222636
340,222668
394,222700
0,222732
0,222764
141,222796
400,222828
1097,222860
848,222892
1128,222924
1306,222956
1590,222988
1820,223020
2216,223052
1640,223084
1833,223116
1472,223148
1357,223180
1087,223212
903,223244
623,223276
362,223308
139,223340
350,223372
555,223404
810,223436
1002,223468
1231,223500
1465,223532
1695,223564
1562,223596
2168,223628
1739,223660
1574,223692
1274,223724
1104,223756
920,223788
651,223820
462,223852
493,223884
18,223916
0,223948
38,223980
685,224012
926,224044
764,224076
1385,224108
1583,224140
1485,224172
2048,224204
2250,224236
2155,224268
1836,224300
1226,224332
1449,224364
764,224396
548,224428
728,224460
91,224492
0,224524
224,224556
119,224588
683,224620
541,224652
842,224684
988,224716
1227,224748
1966,224780
1709,224812
1892,224844
2077,224876
1419,224908
1242,224940
1374,224972
787,225004
958,225036
638,225068
503,225100
219,225132
378,225164
567,225196
796,225228
1017,225260
1248,225292
1440,225324
1710,225356
1913,225388
2110,225420
2205,225452
1935,225484
1337,225516
1465,225548
879,225580
712,225612
430,225644
262,225676
28,225708
0,225740
30,225772
553,225804
478,225836
746,225868
1322,225900
1197,225932
1803,225964
1624,225996
2264,226028
2175,226060
1563,226092
1695,226124
1470,226156
923,226188
1003,226220
744,226252
587,226284
284,226316
0,226348
441,226380
266,226412
508,226444
1083,226476
957,226508
1534,226540
1775,226572
1706,226604
2240,226636
1691,226668
1527,226700
1216,226732
1022,226764
1271,226796
572,226828
393,226860
509,226892
0,226924
0,226956
473,226988
391,227020
1017,227052
1128,227084
1471,227116
1661,227148
1943,227180
2127,227212
2268,227244
2063,227276
1792,227308
1527,227340
1326,227372
1066,227404
840,227436
359,227468
380,227500
0,227532
265,227564
144,227596
426,227628
591,227660
877,227692
1145,227724
1326,227756
1608,227788
1846,227820
1900,227852
1661,227884
1338,227916
1563,227948
1339,227980
710,228012
873,228044
607,228076
342,228108
123,228140
345,228172
637,228204
795,228236
654,228268
1326,228300
1104,228332
1339,228364
1998,228396
1802,228428
2160,228460
1900,228492
1306,228524
1422,228556
827,228588
668,228620
368,228652
150,228684
409,228716
217,228748
61,228780
681,228812
508,228844
790,228876
1373,228908
1228,228940
1885,228972
2031,229004
2359,229036
2135,229068
1944,229100
1661,229132
1423,229164
1194,229196
970,229228
698,229260
506,229292
239,229324
208,229356
141,229388
655,229420
540,229452
1117,229484
991,229516
1274,229548
1449,229580
1740,229612
1916,229644
1677,229676
1449,229708
1258,229740
986,229772
807,229804
488,229836
348,229868
470,229900
0,229932
348,229964
553,229996
777,230028
1005,230060
1240,230092
1147,230124
1696,230156
1898,230188
2215,230220
2189,230252
1567,230284
1769,230316
1112,230348
910,230380
1022,230412
457,230444
281,230476
336,230508
0,230540
335,230572
206,230604
495,230636
1131,230668
908,230700
1614,230732
1359,230764
1642,230796
2251,230828
1819,230860
1591,230892
1688,230924
1127,230956
1305,230988
670,231020
845,231052
569,231084
382,231116
221,231148
412,231180
681,231212
864,231244
1067,231276
988,231308
1520,231340
1758,231372
1993,231404
2233,231436
1687,231468
1816,231500
1224,231532
1050,231564
764,231596
600,231628
407,231660
148,231692
0,231724
204,231756
183,231788
411,231820
538,231852
1211,231884
1451,231916
1639,231948
1913,231980
2121,232012
1960,232044
2047,232076
1776,232108
1625,232140
1307,232172
713,232204
925,232236
263,232268
40,232300
204,232332
0,232364
175,232396
736,232428
622,232460
1194,232492
1051,232524
1355,232556
2008,232588
1744,232620
2328,232652
1595,232684
1368,232716
1549,232748
904,232780
730,232812
860,232844
277,232876
440,232908
0,232940
440,232972
623,233004
902,233036
1083,233068
1312,233100
1533,233132
1776,233164
1968,233196
1802,233228
2143,233260
1872,233292
1674,233324
1408,233356
1183,233388
944,233420
377,233452
200,233484
0,233516
0,233548
89,233580
314,233612
541,233644
1066,233676
988,233708
1258,233740
1853,233772
1722,233804
2331,233836
2109,233868
1912,233900
1655,233932
1049,233964
1179,233996
953,234028
411,234060
490,234092
222,234124
297,234156
448,234188
316,234220
956,234252
768,234284
1021,234316
1600,234348
1480,234380
2064,234412
2250,234444
1702,234476
1469,234508
1167,234540
1004,234572
712,234604
511,234636
749,234668
61,234700
0,234732
342,234764
218,234796
445,234828
668,234860
893,234892
1533,234924
1646,234956
2007,234988
2199,235020
2297,235052
2011,235084
1728,235116
1104,235148
1264,235180
1005,235212
812,235244
553,235276
328,235308
71,235340
320,235372
202,235404
768,235436
654,235468
938,235500
1112,235532
1388,235564
1661,235596
1854,235628
1847,235660
1607,235692
1371,235724
1147,235756
1273,235788
1036,235820
815,235852
200,235884
347,235916
203,235948
122,235980
666,236012
858,236044
1159,236076
1310,236108
1165,236140
1865,236172
1628,236204
1865,236236
2110,236268
1451,236300
1640,236332
1368,236364
794,236396
619,236428
317,236460
158,236492
0,236524
0,236556
583,236588
347,236620
570,236652
1197,236684
1019,236716
1302,236748
1482,236780
1757,236812
2359,236844
2030,236876
1885,236908
1609,236940
1405,236972
1133,237004
920,237036
266,237068
444,237100
183,237132
332,237164
524,237196
720,237228
974,237260
1179,237292
1051,237324
1643,237356
1504,237388
1802,237420
1791,237452
1623,237484
1388,237516
1160,237548
935,237580
744,237612
477,237644
295,237676
399,237708
0,237740
413,237772
262,237804
869,237836
1069,237868
935,237900
1519,237932
1760,237964
1661,237996
2234,238028
2128,238060
1977,238092
1659,238124
1052,238156
1241,238188
600,238220
398,238252
510,238284
0,238316
0,238348
400,238380
330,238412
848,238444
716,238476
1005,238508
1164,238540
1422,238572
2153,238604
1886,238636
1766,238668
1479,238700
1291,238732
1067,238764
1160,238796
615,238828
783,238860
158,238892
319,238924
283,238956
443,238988
736,239020
936,239052
1194,239084
1388,239116
1584,239148
1852,239180
2048,239212
2224,239244
1992,239276
1756,239308
1160,239340
1289,239372
712,239404
536,239436
256,239468
90,239500
0,239532
0,239564
247,239596
461,239628
686,239660
923,239692
1052,239724
1739,239756
1979,239788
1800,239820
2267,239852
1997,239884
1431,239916
1519,239948
1248,239980
1101,240012
796,240044
202,240076
410,240108
0,240140
0,240172
606,240204
428,240236
684,240268
1257,240300
1132,240332
1710,240364
1568,240396
1880,240428
1739,240460
1514,240492
1799,240524
1072,240556
854,240588
1033,240620
405,240652
217,240684
334,240716
0,240748
503,240780
340,240812
967,240844
1145,240876
1294,240908
1607,240940
1838,240972
2063,241004
2314,241036
2090,241068
1886,241100
1612,241132
1354,241164
1150,241196
890,241228
315,241260
428,241292
0,241324
0,241356
92,241388
368,241420
599,241452
824,241484
1049,241516
1319,241548
1500,241580
1784,241612
2325,241644
1720,241676
1864,241708
1220,241740
1383,241772
1119,241804
536,241836
655,241868
440,241900
0,241932
316,241964
512,241996
813,242028
967,242060
827,242092
1472,242124
1279,242156
1546,242188
2135,242220
1830,242252
1947,242284
1721,242316
1180,242348
1248,242380
656,242412
504,242444
192,242476
9,242508
217,242540
9,242572
286,242604
859,242636
730,242668
955,242700
1190,242732
1415,242764
2073,242796
2174,242828
2247,242860
1959,242892
1767,242924
1481,242956
1210,242988
1017,243020
752,243052
490,243084
288,243116
150,243148
379,243180
603,243212
839,243244
714,243276
1292,243308
1163,243340
1451,243372
1626,243404
1925,243436
1783,243468
1500,243500
1319,243532
1085,243564
857,243596
635,243628
315,243660
511,243692
297,243724
0,243756
523,243788
720,243820
632,243852
1179,243884
1374,243916
1226,243948
1836,243980
1689,244012
2332,244044
1624,244076
1392,244108
1584,244140
936,244172
1113,244204
848,244236
291,244268
392,244300
0,244332
1,244364
141,244396
368,244428
1101,244460
856,244492
1083,244524
1725,244556
1544,244588
1830,244620
1832,244652
1641,244684
1823,244716
1501,244748
1353,244780
1083,244812
893,244844
621,244876
394,244908
139,244940
396,244972
589,245004
858,245036
1038,245068
1242,245100
1499,245132
1705,245164
1567,245196
2172,245228
1742,245260
1562,245292
1274,245324
1099,245356
876,245388
952,245420
423,245452
235,245484
0,245516
0,245548
461,245580
359,245612
934,245644
772,245676
1384,245708
1593,245740
1448,245772
2047,245804
2296,245836
2063,245868
1868,245900
1599,245932
1439,245964
1133,245996
539,246028
718,246060
87,246092
0,246124
232,246156
121,246188
394,246220
912,246252
850,246284
1369,246316
1228,246348
1529,246380
1689,246412
1896,246444
2153,246476
1417,246508
1240,246540
966,246572
779,246604
556,246636
652,246668
105,246700
263,246732
2,246764
619,246796
799,246828
1079,246860
1259,246892
1450,246924
1717,246956
1916,246988
2121,247020
2202,247052
1932,247084
1704,247116
1456,247148
1231,247180
652,247212
775,247244
203,247276
27,247308
0,247340
38,247372
299,247404
486,247436
748,247468
973,247500
1207,247532
1435,247564
1574,247596
2267,247628
2215,247660
1560,247692
1737,247724
1465,247756
1184,247788
1001,247820
734,247852
583,247884
272,247916
0,247948
472,247980
254,248012
488,248044
1130,248076
940,248108
1195,248140
1784,248172
1656,248204
2252,248236
1690,248268
1525,248300
1215,248332
998,248364
1271,248396
967,248428
344,248460
509,248492
0,248524
0,248556
512,248588
391,248620
1019,248652
843,248684
1480,248716
1671,248748
1945,248780
2136,248812
2304,248844
2061,248876
1834,248908
1561,248940
1358,248972
1097,249004
828,249036
634,249068
377,249100
0,249132
269,249164
152,249196
428,249228
602,249260
876,249292
1111,249324
1336,249356
1573,249388
1849,249420
1851,249452
1659,249484
1789,249516
1195,249548
1333,249580
710,249612
859,249644
605,249676
364,249708
133,249740
380,249772
297,249804
840,249836
1024,249868
1337,249900
1482,249932
1342,249964
1998,249996
1804,250028
1769,250060
1897,250092
1304,250124
1419,250156
1194,250188
667,250220
732,250252
143,250284
0,250316
269,250348
72,250380
761,250412
520,250444
792,250476
1373,250508
1240,250540
1478,250572
1706,250604
1944,250636
2183,250668
1817,250700
1709,250732
1431,250764
1229,250796
967,250828
698,250860
495,250892
234,250924
208,250956
472,250988
667,251020
896,251052
1118,251084
1355,251116
1224,251148
1820,251180
1688,251212
1914,251244
1615,251276
1448,251308
1257,251340
987,251372
807,251404
573,251436
345,251468
123,251500
0,251532
348,251564
591,251596
777,251628
1051,251660
1243,251692
1147,251724
1705,251756
1900,251788
2217,251820
2176,251852
1566,251884
1800,251916
1103,251948
876,251980
1064,252012
429,252044
600,252076
345,252108
0,252140
344,252172
208,252204
507,252236
1131,252268
890,252300
1624,252332
1369,252364
1606,252396
2254,252428
1767,252460
1582,252492
1305,252524
1116,252556
1303,252588
984,252620
840,252652
567,252684
376,252716
229,252748
458,252780
681,252812
920,252844
1101,252876
1370,252908
1564,252940
1768,252972
2030,253004
2234,253036
1678,253068
1808,253100
1215,253132
1040,253164
763,253196
589,253228
363,253260
140,253292
0,253324
0,253356
151,253388
410,253420
540,253452
871,253484
1453,253516
1643,253548
1915,253580
2123,253612
1911,253644
2045,253676
1822,253708
1257,253740
1341,253772
1079,253804
935,253836
621,253868
33,253900
200,253932
0,253964
175,253996
736,254028
624,254060
906,254092
1432,254124
1354,254156
1593,254188
1752,254220
1879,254252
1561,254284
1359,254316
1613,254348
896,254380
724,254412
457,254444
275,254476
46,254508
119,254540
56,254572
681,254604
505,254636
1131,254668
1311,254700
1593,254732
1785,254764
1978,254796
2247,254828
2142,254860
1880,254892
1672,254924
1404,254956
1178,254988
942,255020
716,255052
142,255084
256,255116
0,255148
92,255180
267,255212
536,255244
809,255276
998,255308
1258,255340
1759,255372
1723,255404
1963,255436
2142,255468
1904,255500
1679,255532
1040,255564
1209,255596
951,255628
405,255660
488,255692
220,255724
299,255756
456,255788
318,255820
986,255852
777,255884
998,255916
1656,255948
1455,255980
1719,256012
2240,256044
1646,256076
1466,256108
1165,256140
1004,256172
711,256204
486,256236
759,256268
48,256300
0,256332
345,256364
182,256396
454,256428
1034,256460
904,256492
1544,256524
1355,256556
2010,256588
2201,256620
2294,256652
2009,256684
1775,256716
1103,256748
1306,256780
1037,256812
844,256844
575,256876
318,256908
107,256940
319,256972
204,257004
781,257036
664,257068
940,257100
1112,257132
1392,257164
1627,257196
1864,257228
1789,257260
1869,257292
1323,257324
1143,257356
1261,257388
683,257420
698,257452
198,257484
343,257516
207,257548
88,257580
665,257612
896,257644
811,257676
1354,257708
1550,257740
1863,257772
2013,257804
1866,257836
2119,257868
1448,257900
1244,257932
1368,257964
792,257996
614,258028
682,258060
156,258092
216,258124
0,258156
167,258188
316,258220
574,258252
1275,258284
1021,258316
1304,258348
1901,258380
1768,258412
1934,258444
1694,258476
1464,258508
1647,258540
1291,258572
1181,258604
907,258636
615,258668
445,258700
172,258732
333,258764
536,258796
730,258828
988,258860
1181,258892
1416,258924
1643,258956
1883,258988
1742,259020
2158,259052
1562,259084
1386,259116
1099,259148
934,259180
744,259212
474,259244
284,259276
61,259308
0,259340
75,259372
216,259404
862,259436
1113,259468
938,259500
1563,259532
1771,259564
1671,259596
2236,259628
2125,259660
1973,259692
1648,259724
1040,259756
1273,259788
592,259820
366,259852
542,259884
0,259916
0,259948
410,259980
292,260012
858,260044
717,260076
1016,260108
1167,260140
1404,260172
2155,260204
1896,260236
1708,260268
1897,260300
1242,260332
1066,260364
791,260396
605,260428
789,260460
473,260492
316,260524
285,260556
447,260588
743,260620
972,260652
1195,260684
1434,260716
1626,260748
1888,260780
2090,260812
2222,260844
2026,260876
1754,260908
1160,260940
1290,260972
702,261004
538,261036
253,261068
78,261100
0,261132
0,261164
203,261196
471,261228
654,261260
923,261292
1054,261324
1375,261356
1979,261388
1802,261420
2254,261452
1993,261484
1385,261516
1515,261548
1291,261580
745,261612
828,261644
568,261676
407,261708
91,261740
0,261772
617,261804
431,261836
688,261868
1262,261900
1136,261932
1417,261964
1964,261996
1882,262028
2120,262060
1504,262092
1341,262124
1040,262156
846,262188
1097,262220
395,262252
218,262284
0,262316
0,262348
119,262380
652,262412
568,262444
1195,262476
1304,262508
1659,262540
1849,262572
2125,262604
2315,262636
2089,262668
1881,262700
1610,262732
1344,262764
1144,262796
888,262828
655,262860
430,262892
203,262924
0,262956
440,262988
318,263020
600,263052
776,263084
1052,263116
1321,263148
1512,263180
1786,263212
2220,263244
1719,263276
1483,263308
1152,263340
1373,263372
1151,263404
536,263436
687,263468
439,263500
0,263532
319,263564
512,263596
814,263628
970,263660
831,263692
1515,263724
1289,263756
1517,263788
2184,263820
1798,263852
1592,263884
1719,263916
1130,263948
1244,263980
652,264012
498,264044
191,264076
0,264108
219,264140
21,264172
245,264204
861,264236
693,264268
966,264300
1560,264332
1417,264364
2073,264396
2217,264428
2235,264460
1951,264492
1757,264524
1481,264556
1248,264588
1007,264620
790,264652
524,264684
330,264716
187,264748
392,264780
648,264812
843,264844
716,264876
1296,264908
1168,264940
1454,264972
1629,265004
1925,265036
1735,265068
1496,265100
1272,265132
1341,265164
811,265196
632,265228
745,265260
171,265292
283,265324
0,265356
525,265388
730,265420
603,265452
1180,265484
1418,265516
1322,265548
1882,265580
2077,265612
2327,265644
2000,265676
1388,265708
1581,265740
927,265772
740,265804
856,265836
284,265868
380,265900
155,265932
1,265964
508,265996
381,266028
680,266060
827,266092
1086,266124
1805,266156
1545,266188
1832,266220
2249,266252
1630,266284
1403,266316
1498,266348
951,266380
1119,266412
780,266444
665,266476
395,266508
197,266540
397,266572
590,266604
857,266636
1048,266668
1244,266700
1500,266732
1705,266764
1944,266796
1909,266828
2104,266860
1500,266892
1630,266924
1040,266956
874,266988
589,267020
424,267052
234,267084
0,267116
0,267148
137,267180
359,267212
587,267244
717,267276
1387,267308
1630,267340
1452,267372
2093,267404
2297,267436
2060,267468
1868,267500
1596,267532
1439,267564
1132,267596
537,267628
749,267660
79,267692
0,267724
270,267756
95,267788
728,267820
922,267852
804,267884
1374,267916
1228,267948
1530,267980
1689,268012
1854,268044
2140,268076
1833,268108
1190,268140
1369,268172
732,268204
552,268236
684,268268
104,268300
251,268332
312,268364
619,268396
799,268428
1079,268460
1261,268492
1496,268524
1721,268556
1964,268588
2155,268620
2234,268652
1962,268684
1693,268716
1159,268748
1229,268780
640,268812
767,268844
201,268876
27,268908
0,268940
42,268972
264,269004
488,269036
714,269068
983,269100
1164,269132
1435,269164
1576,269196
1901,269228
2206,269260
1560,269292
1725,269324
1465,269356
1225,269388
1001,269420
776,269452
409,269484
311,269516
171,269548
477,269580
632,269612
488,269644
1130,269676
942,269708
1199,269740
1787,269772
1662,269804
1948,269836
2064,269868
1515,269900
1592,269932
988,269964
830,269996
1007,270028
336,270060
573,270092
0,270124
0,270156
522,270188
394,270220
631,270252
1166,270284
1068,270316
1721,270348
1531,270380
2189,270412
2303,270444
2109,270476
1833,270508
1560,270540
1355,270572
1088,270604
832,270636
312,270668
368,270700
139,270732
271,270764
495,270796
378,270828
953,270860
830,270892
1112,270924
1280,270956
1576,270988
1849,271020
1850,271052
1657,271084
1692,271116
1192,271148
965,271180
648,271212
859,271244
637,271276
363,271308
169,271340
383,271372
299,271404
841,271436
1036,271468
1337,271500
1487,271532
1344,271564
2044,271596
1806,271628
1737,271660
1932,271692
1264,271724
1070,271756
1180,271788
614,271820
730,271852
141,271884
0,271916
269,271948
42,271980
762,272012
512,272044
749,272076
1382,272108
1204,272140
1482,272172
2080,272204
1944,272236
2180,272268
1515,272300
1704,272332
1421,272364
1227,272396
957,272428
734,272460
493,272492
270,272524
250,272556
105,272588
711,272620
904,272652
1160,272684
1357,272716
1228,272748
1823,272780
1691,272812
1902,272844
1616,272876
1444,272908
1209,272940
982,272972
749,273004
828,273036
311,273068
120,273100
221,273132
24,273164
589,273196
779,273228
1047,273260
1247,273292
1112,273324
1707,273356
1946,273388
1847,273420
2220,273452
1947,273484
1790,273516
1471,273548
872,273580
1055,273612
425,273644
233,273676
334,273708
0,273740
346,273772
574,273804
508,273836
743,273868
891,273900
1191,273932
1342,273964
1608,273996
2329,274028
1758,274060
1578,274092
1721,274124
1114,274156
891,274188
664,274220
439,274252
615,274284
255,274316
271,274348
463,274380
743,274412
909,274444
1112,274476
944,274508
1564,274540
1770,274572
2032,274604
2237,274636
2045,274668
1805,274700
1575,274732
984,274764
1113,274796
538,274828
362,274860
78,274892
0,274924
0,274956
150,274988
413,275020
647,275052
871,275084
1099,275116
1688,275148
1916,275180
2167,275212
1902,275244
2087,275276
1819,275308
1246,275340
1341,275372
1072,275404
925,275436
617,275468
26,275500
221,275532
0,275564
155,275596
783,275628
604,275660
1232,275692
1437,275724
1316,275756
1596,275788
1753,275820
1870,275852
1560,275884
1336,275916
1609,275948
894,275980
680,276012
845,276044
218,276076
44,276108
0,276140
52,276172
683,276204
825,276236
1133,276268
1323,276300
1593,276332
1785,276364
2026,276396
1806,276428
2184,276460
1901,276492
1708,276524
1433,276556
1168,276588
969,276620
712,276652
141,276684
255,276716
0,276748
98,276780
269,276812
550,276844
775,276876
999,276908
1226,276940
1496,276972
1688,277004
1963,277036
2139,277068
1532,277100
1673,277132
1036,277164
1197,277196
941,277228
361,277260
479,277292
252,277324
0,277356
496,277388
696,277420
999,277452
1146,277484
1002,277516
1657,277548
1456,277580
1722,277612
2239,277644
1644,277676
1464,277708
1535,277740
1000,277772
1070,277804
478,277836
317,277868
23,277900
0,277932
413,277964
176,277996
457,278028
636,278060
906,278092
1132,278124
1692,278156
1593,278188
2253,278220
1868,278252
2057,278284
1770,278316
1456,278348
1305,278380
1034,278412
841,278444
572,278476
315,278508
119,278540
329,278572
558,278604
782,278636
1008,278668
888,278700
1470,278732
1340,278764
1628,278796
1804,278828
1786,278860
1595,278892
1322,278924
1132,278956
907,278988
680,279020
448,279052
139,279084
341,279116
251,279148
100,279180
703,279212
907,279244
810,279276
1359,279308
1560,279340
1869,279372
2016,279404
1870,279436
2141,279468
1439,279500
1213,279532
1404,279564
760,279596
560,279628
670,279660
110,279692
215,279724
0,279756
172,279788
317,279820
553,279852
1275,279884
1024,279916
1258,279948
1913,279980
1720,280012
1928,280044
2064,280076
1462,280108
1643,280140
999,280172
1177,280204
907,280236
604,280268
443,280300
204,280332
343,280364
574,280396
763,280428
1024,280460
1225,280492
1418,280524
1680,280556
1884,280588
1752,280620
2158,280652
1559,280684
1382,280716
1096,280748
922,280780
698,280812
470,280844
248,280876
60,280908
0,280940
76,280972
649,281004
535,281036
1111,281068
941,281100
1565,281132
1773,281164
1629,281196
2237,281228
2168,281260
1597,281292
1691,281324
1418,281356
1261,281388
956,281420
364,281452
544,281484
265,281516
0,281548
408,281580
296,281612
859,281644
1087,281676
1018,281708
1551,281740
1406,281772
1708,281804
1865,281836
1706,281868
1963,281900
1232,281932
1063,281964
1193,281996
605,282028
379,282060
152,282092
0,282124
335,282156
446,282188
799,282220
985,282252
1247,282284
1434,282316
1628,282348
1899,282380
2096,282412
2221,282444
2015,282476
1753,282508
1516,282540
1277,282572
1055,282604
476,282636
591,282668
27,282700
0,282732
0,282764
204,282796
474,282828
662,282860
925,282892
1159,282924
1383,282956
1613,282988
1752,283020
2252,283052
2031,283084
1382,283116
1549,283148
1280,283180
733,283212
816,283244
558,283276
0,283308
103,283340
0,283372
650,283404
440,283436
668,283468
1306,283500
1116,283532
1769,283564
1964,283596
1836,283628
2112,283660
1502,283692
1340,283724
1038,283756
823,283788
1095,283820
392,283852
168,283884
331,283916
0,283948
122,283980
297,284012
568,284044
1195,284076
1340,284108
1659,284140
1851,284172
2133,284204
2317,284236
2124,284268
1881,284300
1648,284332
1374,284364
1179,284396
920,284428
655,284460
457,284492
201,284524
0,284556
444,284588
328,284620
612,284652
777,284684
1062,284716
1287,284748
1513,284780
1751,284812
1947,284844
1671,284876
1480,284908
1611,284940
1017,284972
1149,285004
526,285036
681,285068
428,285100
0,285132
319,285164
559,285196
744,285228
1007,285260
1209,285292
1517,285324
1672,285356
1519,285388
2186,285420
1788,285452
1583,285484
1709,285516
1125,285548
948,285580
1016,285612
490,285644
555,285676
0,285708
0,285740
0,285772
238,285804
937,285836
687,285868
968,285900
1136,285932
1419,285964
1656,285996
2222,286028
1804,286060
1995,286092
1349,286124
1527,286156
1245,286188
1055,286220
791,286252
524,286284
317,286316
188,286348
394,286380
650,286412
843,286444
1080,286476
1296,286508
1533,286540
1401,286572
1998,286604
1866,286636
1736,286668
1438,286700
1270,286732
1079,286764
810,286796
621,286828
395,286860
171,286892
0,286924
0,286956
535,286988
765,287020
602,287052
1227,287084
1423,287116
1610,287148
1885,287180
2080,287212
2317,287244
2008,287276
1386,287308
1615,287340
925,287372
702,287404
878,287436
247,287468
56,287500
154,287532
0,287564
512,287596
382,287628
689,287660
830,287692
1066,287724
1815,287756
1967,287788
1784,287820
2247,287852
1590,287884
1402,287916
1536,287948
949,287980
1117,288012
500,288044
664,288076
383,288108
199,288140
399,288172
636,288204
859,288236
1098,288268
1279,288300
1548,288332
1743,288364
1950,288396
2217,288428
2096,288460
1498,288492
1628,288524
1039,288556
870,288588
588,288620
414,288652
189,288684
0,288716
0,288748
135,288780
327,288812
585,288844
1165,288876
1036,288908
1641,288940
1454,288972
2104,289004
2312,289036
2094,289068
1865,289100
1631,289132
1079,289164
1164,289196
904,289228
745,289260
443,289292
0,289324
271,289356
96,289388
358,289420
922,289452
808,289484
1376,289516
1612,289548
1532,289580
2080,289612
1853,289644
1692,289676
1881,289708
1190,289740
1433,289772
728,289804
552,289836
681,289868
91,289900
0,289932
16,289964
231,289996
857,290028
968,290060
1310,290092
1499,290124
1773,290156
1965,290188
2158,290220
2233,290252
1952,290284
1693,290316
1486,290348
1227,290380
1001,290412
764,290444
540,290476
0,290508
87,290540
2,290572
266,290604
440,290636
716,290668
983,290700
1175,290732
1438,290764
1675,290796
1913,290828
1835,290860
1497,290892
1724,290924
1501,290956
1215,290988
1022,291020
765,291052
221,291084
304,291116
173,291148
477,291180
636,291212
493,291244
1167,291276
952,291308
1178,291340
1834,291372
1640,291404
2296,291436
2060,291468
1464,291500
1582,291532
986,291564
826,291596
1003,291628
304,291660
569,291692
0,291724
0,291756
521,291788
350,291820
629,291852
808,291884
1079,291916
1723,291948
1869,291980
2199,292012
2301,292044
2108,292076
1821,292108
1594,292140
1351,292172
1130,292204
856,292236
668,292268
398,292300
138,292332
304,292364
505,292396
381,292428
956,292460
840,292492
1116,292524
1290,292556
1577,292588
1815,292620
1847,292652
1609,292684
1419,292716
1147,292748
959,292780
640,292812
507,292844
635,292876
362,292908
171,292940
397,292972
266,293004
845,293036
1080,293068
987,293100
1533,293132
1727,293164
2045,293196
2201,293228
1728,293260
1929,293292
1264,293324
1068,293356
1184,293388
616,293420
439,293452
504,293484
0,293516
331,293548
46,293580
343,293612
493,293644
750,293676
1453,293708
1198,293740
1483,293772
1670,293804
1946,293836
1755,293868
1852,293900
1278,293932
1465,293964
829,293996
1005,294028
731,294060
541,294092
269,294124
252,294156
521,294188
714,294220
906,294252
1164,294284
1359,294316
1597,294348
1834,294380
2063,294412
1848,294444
1980,294476
1384,294508
1208,294540
922,294572
752,294604
569,294636
297,294668
119,294700
128,294732
24,294764
251,294796
825,294828
1051,294860
1291,294892
1114,294924
1753,294956
1949,294988
1852,295020
2218,295052
1944,295084
1789,295116
1469,295148
872,295180
1095,295212
414,295244
189,295276
364,295308
0,295340
22,295372
586,295404
460,295436
745,295468
893,295500
1194,295532
1344,295564
1580,295596
2343,295628
1755,295660
1528,295692
1709,295724
1064,295756
888,295788
1018,295820
436,295852
603,295884
0,295916
279,295948
463,295980
734,296012
923,296044
1150,296076
942,296108
1614,296140
1805,296172
2078,296204
2272,296236
2043,296268
1837,296300
1568,296332
976,296364
1112,296396
528,296428
362,296460
78,296492
0,296524
0,296556
154,296588
378,296620
905,296652
828,296684
1098,296716
1691,296748
1560,296780
2168,296812
1902,296844
2077,296876
1807,296908
1208,296940
1339,296972
1112,297004
569,297036
650,297068
381,297100
221,297132
295,297164
159,297196
797,297228
606,297260
868,297292
1439,297324
1320,297356
1596,297388
2144,297420
1866,297452
1935,297484
1324,297516
1165,297548
863,297580
679,297612
911,297644
218,297676
40,297708
165,297740
58,297772
285,297804
509,297836
744,297868
1369,297900
1482,297932
1839,297964
2029,297996
2188,298028
2175,298060
1900,298092
1702,298124
1434,298156
1165,298188
968,298220
712,298252
479,298284
251,298316
157,298348
44,298380
619,298412
496,298444
780,298476
944,298508
1228,298540
1499,298572
1692,298604
1974,298636
1769,298668
1531,298700
1304,298732
982,298764
1197,298796
975,298828
359,298860
509,298892
249,298924
0,298956
505,298988
696,299020
999,299052
1150,299084
1006,299116
1693,299148
1466,299180
1692,299212
2281,299244
1614,299276
1406,299308
1530,299340
952,299372
1070,299404
476,299436
326,299468
22,299500
0,299532
416,299564
188,299596
420,299628
1039,299660
860,299692
1144,299724
1320,299756
1595,299788
2253,299820
2191,299852
2055,299884
1771,299916
1456,299948
1295,299980
1068,300012
830,300044
606,300076
345,300108
156,300140
365,300172
571,300204
826,300236
1018,300268
892,300300
1480,300332
1352,300364
1639,300396
1808,300428
1786,300460
1549,300492
1320,300524
1095,300556
906,300588
636,300620
446,300652
137,300684
8,300716
247,300748
96,300780
702,300812
908,300844
777,300876
1357,300908
1596,300940
1501,300972
2062,301004
2265,301036
2139,301068
1820,301100
1209,301132
1401,301164
751,301196
559,301228
670,301260
106,301292
0,301324
236,301356
180,301388
688,301420
557,301452
856,301484
1003,301516
1261,301548
1982,301580
1725,301612
1928,301644
1642,301676
1452,301708
1227,301740
1322,301772
775,301804
943,301836
600,301868
479,301900
203,301932
397,301964
583,301996
766,302028
1033,302060
1228,302092
1423,302124
1688,302156
1887,302188
2124,302220
2157,302252
1920,302284
1320,302316
1451,302348
870,302380
696,302412
413,302444
249,302476
56,302508
0,302540
84,302572
569,302604
537,302636
763,302668
892,302700
1575,302732
1818,302764
1999,302796
2279,302828
2159,302860
1594,302892
1689,302924
1416,302956
1261,302988
955,303020
361,303052
571,303084
0,303116
0,303148
454,303180
271,303212
526,303244
1099,303276
970,303308
1550,303340
1407,303372
1718,303404
1869,303436
1676,303468
1960,303500
1231,303532
1004,303564
1182,303596
562,303628
376,303660
494,303692
0,303724
335,303756
479,303788
807,303820
983,303852
1255,303884
1437,303916
1676,303948
1901,303980
2144,304012
2252,304044
2058,304076
1782,304108
1514,304140
1309,304172
1051,304204
472,304236
591,304268
26,304300
0,304332
0,304364
206,304396
440,304428
664,304460
890,304492
1419,304524
1340,304556
1621,304588
2221,304620
1883,304652
2024,304684
1374,304716
1547,304748
1279,304780
696,304812
814,304844
600,304876
55,304908
139,304940
349,304972
653,305004
810,305036
670,305068
1307,305100
1119,305132
1382,305164
1966,305196
1840,305228
2110,305260
1882,305292
1338,305324
1406,305356
812,305388
654,305420
351,305452
168,305484
393,305516
0,305548
477,305580
699,305612
570,305644
807,305676
1344,305708
1255,305740
1903,305772
2011,305804
2377,305836
2123,305868
1929,305900
1645,305932
1372,305964
1177,305996
910,306028
656,306060
458,306092
191,306124
221,306156
189,306188
682,306220
553,306252
1132,306284
1005,306316
1288,306348
1464,306380
1754,306412
1944,306444
1660,306476
1469,306508
1245,306540
1015,306572
795,306604
474,306636
670,306668
459,306700
0,306732
362,306764
569,306796
748,306828
1018,306860
1212,306892
1517,306924
1673,306956
1528,306988
2231,307020
1786,307052
1552,307084
1744,307116
1096,307148
1272,307180
1005,307212
440,307244
544,307276
0,307308
0,307340
0,307372
227,307404
940,307436
1097,307468
924,307500
1561,307532
1374,307564
1658,307596
2270,307628
1801,307660
1995,307692
1671,307724
1516,307756
1243,307788
1051,307820
781,307852
556,307884
317,307916
236,307948
428,307980
696,308012
877,308044
1082,308076
1005,308108
1535,308140
1407,308172
2008,308204
1870,308236
1722,308268
1435,308300
1259,308332
1034,308364
808,308396
583,308428
392,308460
126,308492
0,308524
0,308556
188,308588
774,308620
615,308652
1226,308684
1422,308716
1647,308748
1887,308780
2126,308812
1945,308844
2030,308876
1760,308908
1611,308940
1294,308972
699,309004
878,309036
240,309068
48,309100
152,309132
0,309164
234,309196
752,309228
690,309260
1210,309292
1066,309324
1367,309356
2023,309388
1788,309420
2311,309452
1578,309484
1400,309516
1531,309548
938,309580
715,309612
798,309644
262,309676
429,309708
0,309740
455,309772
639,309804
911,309836
1097,309868
1288,309900
1549,309932
1752,309964
1950,309996
1871,310028
2094,310060
1865,310092
1627,310124
1389,310156
810,310188
937,310220
362,310252
186,310284
0,310316
0,310348
136,310380
328,310412
586,310444
1082,310476
1040,310508
1273,310540
1404,310572
2103,310604
2347,310636
2093,310668
1899,310700
1629,310732
1069,310764
1163,310796
895,310828
747,310860
440,310892
0,310924
314,310956
104,310988
331,311020
969,311052
781,311084
1036,311116
1614,311148
1496,311180
2080,311212
1849,311244
1688,311276
1878,311308
1152,311340
1431,311372
726,311404
502,311436
669,311468
52,311500
0,311532
362,311564
232,311596
859,311628
681,311660
1319,311692
1499,311724
1783,311756
1975,311788
2207,311820
2231,311852
1998,311884
1724,311916
1096,311948
1248,311980
990,312012
795,312044
538,312076
0,312108
87,312140
3,312172
278,312204
444,312236
728,312268
951,312300
1177,312332
1404,312364
1950,312396
1867,312428
1821,312460
1958,312492
1354,312524
1495,312556
1212,312588
1020,312620
767,312652
185,312684
303,312716
218,312748
141,312780
682,312812
872,312844
1177,312876
1323,312908
1182,312940
1839,312972
1640,313004
1904,313036
2059,313068
1466,313100
1582,313132
1355,313164
826,313196
601,313228
302,313260
141,313292
0,313324
0,313356
591,313388
361,313420
634,313452
1213,313484
1082,313516
1310,313548
1546,313580
1772,313612
2347,313644
1982,313676
1869,313708
1579,313740
1391,313772
1127,313804
848,313836
248,313868
398,313900
124,313932
316,313964
508,313996
732,314028
960,314060
1196,314092
1064,314124
1648,314156
1519,314188
1814,314220
1776,314252
1607,314284
1416,314316
1145,314348
957,314380
733,314412
504,314444
283,314476
393,314508
171,314540
427,314572
268,314604
887,314636
1083,314668
985,314700
1535,314732
1738,314764
2055,314796
2203,314828
1726,314860
1963,314892
1262,314924
1036,314956
1226,314988
584,315020
760,315052
492,315084
0,315116
0,315148
47,315180
346,315212
494,315244
732,315276
1454,315308
1208,315340
1436,315372
2093,315404
1908,315436
1750,315468
1464,315500
1277,315532
1463,315564
1145,315596
1000,315628
727,315660
539,315692
265,315724
298,315756
110,315788
760,315820
942,315852
1209,315884
1400,315916
1597,315948
1865,315980
2064,316012
1838,316044
1978,316076
1373,316108
1200,316140
921,316172
747,316204
521,316236
294,316268
72,316300
0,316332
0,316364
251,316396
823,316428
700,316460
1291,316492
1116,316524
1750,316556
1960,316588
1817,316620
2207,316652
1981,316684
1417,316716
1502,316748
1240,316780
1085,316812
779,316844
190,316876
363,316908
0,316940
27,316972
588,317004
464,317036
746,317068
1272,317100
1196,317132
1737,317164
1592,317196
1896,317228
1722,317260
1518,317292
1774,317324
1065,317356
888,317388
616,317420
426,317452
208,317484
284,317516
0,317548
511,317580
686,317612
973,317644
1161,317676
1309,317708
1615,317740
1816,317772
2079,317804
2282,317836
2031,317868
1835,317900
1565,317932
1336,317964
1102,317996
876,318028
300,318060
413,318092
0,318124
0,318156
105,318188
388,318220
650,318252
838,318284
1107,318316
1334,318348
1563,318380
1799,318412
1838,318444
2074,318476
1849,318508
1206,318540
1371,318572
1115,318604
567,318636
651,318668
380,318700
217,318732
288,318764
159,318796
829,318828
619,318860
842,318892
1486,318924
1294,318956
1551,318988
2144,319020
1814,319052
1932,319084
1323,319116
1172,319148
861,319180
638,319212
903,319244
217,319276
1,319308
169,319340
23,319372
296,319404
874,319436
744,319468
1372,319500
1207,319532
1847,319564
2031,319596
2190,319628
2171,319660
1942,319692
1693,319724
1470,319756
1195,319788
1004,319820
733,319852
478,319884
281,319916
160,319948
56,319980
623,320012
504,320044
780,320076
944,320108
1232,320140
1465,320172
1694,320204
1930,320236
1767,320268
1482,320300
1303,320332
1421,320364
843,320396
969,320428
348,320460
501,320492
251,320524
0,320556
507,320588
736,320620
653,320652
1194,320684
1386,320716
1693,320748
1851,320780
1706,320812
2279,320844
1611,320876
1407,320908
1520,320940
944,320972
1065,321004
843,321036
316,321068
377,321100
0,321132
8,321164
159,321196
424,321228
1113,321260
870,321292
1144,321324
1739,321356
1606,321388
1836,321420
1863,321452
1625,321484
1817,321516
1451,321548
1341,321580
1069,321612
887,321644
605,321676
336,321708
165,321740
376,321772
572,321804
826,321836
1022,321868
1257,321900
1480,321932
1719,321964
1580,321996
2187,322028
1724,322060
1548,322092
1258,322124
1084,322156
903,322188
634,322220
444,322252
217,322284
1,322316
0,322348
54,322380
715,322412
951,322444
780,322476
1403,322508
1609,322540
1511,322572
2073,322604
2266,322636
1661,322668
1817,322700
1208,322732
1432,322764
751,322796
527,322828
704,322860
72,322892
236,322924
246,322956
136,322988
699,323020
559,323052
858,323084
1006,323116
1244,323148
1991,323180
1728,323212
1876,323244
2059,323276
1402,323308
1224,323340
952,323372
763,323404
939,323436
630,323468
475,323500
201,323532
395,323564
586,323596
812,323628
1035,323660
1274,323692
1465,323724
1728,323756
1930,323788
2126,323820
2187,323852
1917,323884
1320,323916
1448,323948
863,323980
696,324012
413,324044
234,324076
20,324108
0,324140
44,324172
315,324204
490,324236
762,324268
1341,324300
1223,324332
1819,324364
1640,324396
2283,324428
2157,324460
1547,324492
1679,324524
1452,324556
1167,324588
987,324620
720,324652
569,324684
267,324716
0,324748
455,324780
272,324812
535,324844
1100,324876
984,324908
1260,324940
1800,324972
1722,325004
2268,325036
1673,325068
1511,325100
1198,325132
1004,325164
1246,325196
556,325228
378,325260
104,325292
0,325324
0,325356
480,325388
405,325420
1035,325452
858,325484
1499,325516
1679,325548
1963,325580
2153,325612
2250,325644
2045,325676
1774,325708
1513,325740
1308,325772
1040,325804
815,325836
590,325868
362,325900
0,325932
280,325964
169,325996
444,326028
615,326060
892,326092
1160,326124
1352,326156
1625,326188
1861,326220
1880,326252
1645,326284
1320,326316
1543,326348
1311,326380
686,326412
856,326444
591,326476
314,326508
151,326540
361,326572
665,326604
812,326636
672,326668
1352,326700
1128,326732
1356,326764
2015,326796
1818,326828
1753,326860
1882,326892
1288,326924
1403,326956
812,326988
660,327020
350,327052
136,327084
392,327116
237,327148
88,327180
699,327212
535,327244
809,327276
1390,327308
1256,327340
1911,327372
1721,327404
2378,327436
2111,327468
1918,327500
1641,327532
1408,327564
1175,327596
952,327628
682,327660
480,327692
217,327724
221,327756
479,327788
682,327820
556,327852
1133,327884
1006,327916
1292,327948
1466,327980
1756,328012
1897,328044
1660,328076
1431,328108
1241,328140
970,328172
781,328204
909,328236
329,328268
455,328300
0,328332
363,328364
571,328396
795,328428
1021,328460
1257,328492
1165,328524
1721,328556
1916,328588
2231,328620
2169,328652
1550,328684
1740,328716
1087,328748
892,328780
1004,328812
442,328844
541,328876
328,328908
0,328940
350,328972
223,329004
511,329036
1145,329068
934,329100
1639,329132
1386,329164
1661,329196
2269,329228
1800,329260
1574,329292
1335,329324
1112,329356
1287,329388
937,329420
829,329452
553,329484
365,329516
237,329548
428,329580
697,329612
956,329644
1085,329676
1342,329708
1545,329740
1775,329772
2010,329804
2250,329836
1660,329868
1792,329900
1198,329932
1032,329964
750,329996
582,330028
384,330060
121,330092
0,330124
0,330156
199,330188
427,330220
558,330252
1227,330284
1469,330316
1656,330348
1931,330380
2139,330412
1943,330444
2039,330476
1758,330508
1609,330540
1290,330572
697,330604
911,330636
238,330668
22,330700
184,330732
0,330764
557,330796
761,330828
646,330860
1210,330892
1070,330924
1372,330956
2024,330988
1766,331020
2311,331052
1577,331084
1342,331116
1529,331148
890,331180
713,331212
440,331244
263,331276
413,331308
137,331340
460,331372
647,331404
917,331436
1101,331468
1336,331500
1560,331532
1802,331564
1992,331596
2267,331628
2127,331660
1856,331692
1657,331724
1387,331756
808,331788
926,331820
360,331852
182,331884
0,331916
0,331948
107,331980
332,332012
556,332044
823,332076
1005,332108
1275,332140
1408,332172
1739,332204
2349,332236
2088,332268
1896,332300
1627,332332
1022,332364
1161,332396
928,332428
395,332460
462,332492
205,332524
317,332556
472,332588
332,332620
970,332652
783,332684
1040,332716
1615,332748
1496,332780
1784,332812
2224,332844
1688,332876
1451,332908
1150,332940
987,332972
686,333004
492,333036
733,333068
43,333100
0,333132
0,333164
244,333196
461,333228
1003,333260
911,333292
1561,333324
1372,333356
2025,333388
2215,333420
2281,333452
1993,333484
1712,333516
1517,333548
1246,333580
990,333612
792,333644
537,333676
301,333708
103,333740
344,333772
222,333804
797,333836
680,333868
954,333900
1119,333932
1416,333964
1687,333996
1880,334028
1819,334060
1855,334092
1353,334124
1127,334156
1248,334188
1015,334220
796,334252
183,334284
329,334316
223,334348
140,334380
683,334412
874,334444
1177,334476
1326,334508
1184,334540
1881,334572
1645,334604
1883,334636
2093,334668
1434,334700
1230,334732
1352,334764
776,334796
600,334828
300,334860
146,334892
0,334924
0,334956
600,334988
362,335020
588,335052
1223,335084
1036,335116
1320,335148
1920,335180
1784,335212
2343,335244
1687,335276
1867,335308
1591,335340
1396,335372
1119,335404
890,335436
248,335468
430,335500
156,335532
350,335564
551,335596
746,335628
1001,335660
1195,335692
1068,335724
1661,335756
1528,335788
1818,335820
1776,335852
1606,335884
1369,335916
1146,335948
909,335980
988,336012
458,336044
269,336076
381,336108
0,336140
429,336172
272,336204
888,336236
1087,336268
952,336300
1533,336332
1784,336364
1689,336396
2240,336428
2108,336460
1951,336492
1632,336524
1035,336556
1215,336588
576,336620
381,336652
490,336684
0,336716
0,336748
415,336780
348,336812
872,336844
733,336876
1031,336908
1181,336940
1448,336972
2171,337004
1903,337036
1738,337068
1881,337100
1274,337132
1051,337164
823,337196
591,337228
767,337260
415,337292
301,337324
301,337356
458,337388
761,337420
943,337452
1209,337484
1404,337516
1600,337548
1870,337580
2064,337612
2208,337644
1968,337676
1740,337708
1146,337740
1274,337772
688,337804
521,337836
238,337868
70,337900
0,337932
1,337964
255,337996
478,338028
711,338060
939,338092
1070,338124
1755,338156
1999,338188
1820,338220
2239,338252
1978,338284
1405,338316
1502,338348
1239,338380
1085,338412
777,338444
186,338476
392,338508
0,338540
4,338572
632,338604
446,338636
702,338668
1274,338700
1158,338732
1737,338764
1592,338796
1898,338828
1722,338860
1488,338892
1773,338924
1061,338956
828,338988
1005,339020
379,339052
201,339084
0,339116
0,339148
523,339180
666,339212
983,339244
1161,339276
1312,339308
1625,339340
1865,339372
2089,339404
2332,339436
2064,339468
1868,339500
1596,339532
1327,339564
1132,339596
873,339628
297,339660
414,339692
0,339724
0,339756
111,339788
393,339820
617,339852
842,339884
1067,339916
1336,339948
1527,339980
1802,340012
1836,340044
1704,340076
1848,340108
1194,340140
1365,340172
1102,340204
519,340236
639,340268
414,340300
0,340332
336,340364
528,340396
831,340428
984,340460
845,340492
1487,340524
1296,340556
1562,340588
2154,340620
1806,340652
1626,340684
1704,340716
1160,340748
1229,340780
636,340812
476,340844
176,340876
1,340908
247,340940
24,340972
300,341004
486,341036
746,341068
973,341100
1529,341132
1431,341164
2091,341196
2192,341228
2221,341260
1935,341292
1741,341324
1465,341356
1196,341388
1001,341420
734,341452
474,341484
270,341516
169,341548
400,341580
624,341612
857,341644
1231,341676
1320,341708
1182,341740
1468,341772
1644,341804
1934,341836
1757,341868
1484,341900
1293,341932
1326,341964
840,341996
619,342028
298,342060
492,342092
272,342124
0,342156
543,342188
749,342220
653,342252
1197,342284
1391,342316
1703,342348
1854,342380
1708,342412
2312,342444
1609,342476
1373,342508
1566,342540
920,342572
716,342604
832,342636
265,342668
366,342700
0,342732
18,342764
160,342796
394,342828
1116,342860
872,342892
1108,342924
1749,342956
1560,342988
1846,343020
2232,343052
1624,343084
1805,343116
1483,343148
1337,343180
1067,343212
875,343244
605,343276
376,343308
169,343340
414,343372
606,343404
864,343436
1056,343468
1258,343500
1516,343532
1722,343564
1582,343596
2188,343628
1721,343660
1545,343692
1256,343724
1084,343756
858,343788
630,343820
407,343852
474,343884
0,343916
0,343948
477,343980
375,344012
955,344044
780,344076
1403,344108
1611,344140
1469,344172
2075,344204
2315,344236
1757,344268
1854,344300
1581,344332
1421,344364
1116,344396
512,344428
711,344460
72,344492
0,344524
250,344556
140,344588
698,344620
936,344652
861,344684
1388,344716
1246,344748
1547,344780
1706,344812
1866,344844
2125,344876
1400,344908
1222,344940
1353,344972
764,345004
539,345036
630,345068
87,345100
237,345132
287,345164
637,345196
815,345228
1085,345260
1275,345292
1466,345324
1735,345356
1932,345388
2137,345420
2184,345452
1915,345484
1678,345516
1180,345548
1213,345580
632,345612
762,345644
188,345676
19,345708
0,345740
46,345772
316,345804
504,345836
765,345868
997,345900
1225,345932
1451,345964
1590,345996
2284,346028
2191,346060
1544,346092
1711,346124
1449,346156
1168,346188
984,346220
718,346252
567,346284
255,346316
0,346348
491,346380
281,346412
506,346444
1146,346476
956,346508
1598,346540
1802,346572
1676,346604
2266,346636
1672,346668
1508,346700
1199,346732
972,346764
1245,346796
943,346828
328,346860
491,346892
0,346924
0,346956
538,346988
408,347020
1035,347052
1180,347084
1499,347116
1679,347148
1962,347180
2153,347212
2288,347244
2043,347276
1818,347308
1536,347340
1340,347372
1080,347404
815,347436
295,347468
360,347500
0,347532
284,347564
171,347596
452,347628
619,347660
903,347692
1127,347724
1356,347756
1591,347788
1854,347820
1832,347852
1642,347884
1309,347916
1179,347948
1307,347980
684,348012
844,348044
589,348076
348,348108
153,348140
408,348172
317,348204
857,348236
1049,348268
1357,348300
1503,348332
1357,348364
2015,348396
1823,348428
1753,348460
1878,348492
1286,348524
1110,348556
1177,348588
650,348620
714,348652
127,348684
0,348716
285,348748
88,348780
779,348812
537,348844
810,348876
1399,348908
1258,348940
1495,348972
2059,349004
1960,349036
2159,349068
1499,349100
1689,349132
1403,349164
1225,349196
942,349228
680,349260
477,349292
218,349324
232,349356
170,349388
687,349420
920,349452
1136,349484
1371,349516
1240,349548
1839,349580
1706,349612
1896,349644
1598,349676
1422,349708
1239,349740
968,349772
780,349804
812,349836
328,349868
107,349900
0,349932
375,349964
607,349996
795,350028
1067,350060
1263,350092
1165,350124
1723,350156
1918,350188
2234,350220
2168,350252
1550,350284
1784,350316
1086,350348
860,350380
1048,350412
400,350444
208,350476
318,350508
0,350540
361,350572
223,350604
524,350636
1147,350668
906,350700
1642,350732
1385,350764
1623,350796
2281,350828
1751,350860
1564,350892
1704,350924
1099,350956
1276,350988
649,351020
824,351052
552,351084
362,351116
239,351148
476,351180
699,351212
928,351244
1118,351276
964,351308
1580,351340
1785,351372
2045,351404
2252,351436
1659,351468
1792,351500
1198,351532
1030,351564
746,351596
578,351628
347,351660
122,351692
0,351724
232,351756
156,351788
425,351820
1001,351852
887,351884
1477,351916
1659,351948
1931,351980
2139,352012
1895,352044
2029,352076
1802,352108
1237,352140
1322,352172
1055,352204
905,352236
602,352268
20,352300
181,352332
0,352364
201,352396
761,352428
646,352460
1213,352492
1452,352524
1372,352556
1612,352588
1771,352620
1853,352652
1547,352684
1340,352716
1597,352748
888,352780
713,352812
831,352844
250,352876
28,352908
0,352940
71,352972
697,353004
800,353036
1149,353068
1337,353100
1611,353132
1803,353164
1996,353196
1821,353228
2124,353260
1854,353292
1648,353324
1386,353356
1152,353388
925,353420
700,353452
123,353484
235,353516
0,353548
108,353580
280,353612
558,353644
825,353676
1388,353708
1276,353740
1513,353772
1751,353804
1981,353836
2126,353868
1885,353900
1661,353932
1028,353964
1193,353996
928,354028
382,354060
473,354092
201,354124
315,354156
476,354188
336,354220
1005,354252
784,354284
1020,354316
1672,354348
1470,354380
2126,354412
2232,354444
1628,354476
1450,354508
1146,354540
986,354572
685,354604
460,354636
730,354668
40,354700
0,354732
365,354764
200,354796
471,354828
650,354860
919,354892
1561,354924
1704,354956
2027,354988
2217,355020
2269,355052
1990,355084
1758,355116
1085,355148
1290,355180
1017,355212
826,355244
558,355276
302,355308
135,355340
344,355372
231,355404
800,355436
680,355468
956,355500
1129,355532
1416,355564
1645,355596
1880,355628
1771,355660
1581,355692
1306,355724
1125,355756
1245,355788
666,355820
795,355852
174,355884
319,355916
233,355948
108,355980
683,356012
921,356044
829,356076
1370,356108
1568,356140
1881,356172
2031,356204
1886,356236
2091,356268
1423,356300
1225,356332
1342,356364
776,356396
598,356428
656,356460
138,356492
200,356524
0,356556
187,356588
334,356620
591,356652
1293,356684
1040,356716
1320,356748
1501,356780
1783,356812
1915,356844
2010,356876
1436,356908
1629,356940
985,356972
1165,357004
889,357036
590,357068
425,357100
154,357132
359,357164
554,357196
747,357228
1002,357260
1199,357292
1434,357324
1661,357356
1902,357388
1767,357420
2150,357452
1536,357484
1368,357516
1082,357548
910,357580
727,357612
457,357644
279,357676
41,357708
0,357740
91,357772
232,357804
888,357836
1129,357868
966,357900
1583,357932
1787,357964
1688,357996
2253,358028
2107,358060
1957,358092
1632,358124
1023,358156
1245,358188
574,358220
355,358252
526,358284
0,358316
0,358348
416,358380
313,358412
874,358444
733,358476
1034,358508
1183,358540
1421,358572
2172,358604
1912,358636
1690,358668
1879,358700
1222,358732
1049,358764
1180,358796
596,358828
763,358860
140,358892
297,358924
303,358956
462,358988
761,359020
992,359052
1211,359084
1452,359116
1643,359148
1916,359180
2110,359212
2204,359244
1999,359276
1737,359308
1134,359340
1264,359372
685,359404
518,359436
237,359468
70,359500
0,359532
2,359564
221,359596
487,359628
668,359660
939,359692
1525,359724
1399,359756
2007,359788
1821,359820
2237,359852
1977,359884
1368,359916
1499,359948
1272,359980
719,360012
811,360044
544,360076
383,360108
119,360140
7,360172
635,360204
445,360236
713,360268
1278,360300
1160,360332
1740,360364
1980,360396
1908,360428
2096,360460
1486,360492
1326,360524
1020,360556
828,360588
1081,360620
377,360652
200,360684
315,360716
0,360748
135,360780
359,360812
583,360844
1213,360876
1312,360908
1677,360940
1867,360972
2142,361004
2331,361036
2064,361068
1863,361100
1594,361132
1325,361164
1130,361196
864,361228
640,361260
412,361292
176,361324
0,361356
460,361388
344,361420
618,361452
793,361484
1069,361516
1340,361548
1530,361580
1803,361612
1933,361644
1693,361676
1467,361708
1136,361740
1356,361772
1135,361804
516,361836
671,361868
413,361900
0,361932
347,361964
538,361996
384,362028
987,362060
847,362092
1529,362124
1305,362156
1532,362188
2202,362220
1784,362252
1962,362284
1694,362316
1112,362348
1226,362380
634,362412
476,362444
175,362476
0,362508
247,362540
36,362572
252,362604
887,362636
700,362668
984,362700
1162,362732
1432,362764
2092,362796
2236,362828
2217,362860
1931,362892
1736,362924
1455,362956
1230,362988
991,363020
766,363052
504,363084
304,363116
203,363148
400,363180
656,363212
860,363244
735,363276
1312,363308
1180,363340
1476,363372
1645,363404
1943,363436
1709,363468
1480,363500
1246,363532
1064,363564
794,363596
615,363628
729,363660
153,363692
269,363724
0,363756
541,363788
748,363820
619,363852
1199,363884
1436,363916
1625,363948
1898,363980
2096,364012
2310,364044
1984,364076
1372,364108
1562,364140
908,364172
716,364204
829,364236
266,364268
84,364300
136,364332
21,364364
528,364396
399,364428
696,364460
844,364492
1113,364524
1817,364556
1562,364588
1849,364620
1804,364652
1620,364684
1387,364716
1480,364748
925,364780
1103,364812
474,364844
651,364876
375,364908
221,364940
425,364972
608,365004
871,365036
1066,365068
1259,365100
1520,365132
1725,365164
1962,365196
2190,365228
2089,365260
1480,365292
1611,365324
1022,365356
856,365388
572,365420
397,365452
215,365484
0,365516
0,365548
149,365580
375,365612
603,365644
734,365676
1405,365708
1674,365740
1476,365772
2119,365804
2319,365836
2032,365868
1849,365900
1578,365932
1423,365964
1112,365996
512,366028
730,366060
62,366092
0,366124
287,366156
110,366188
368,366220
938,366252
816,366284
1387,366316
1248,366348
1556,366380
1708,366412
1837,366444
2121,366476
1817,366508
1173,366540
1341,366572
712,366604
536,366636
664,366668
82,366700
235,366732
24,366764
647,366796
825,366828
1096,366860
1277,366892
1514,366924
1739,366956
1980,366988
2173,367020
2218,367052
1945,367084
1675,367116
1471,367148
1209,367180
624,367212
750,367244
183,367276
17,367308
0,367340
58,367372
283,367404
506,367436
731,367468
990,367500
1180,367532
1461,367564
2057,367596
1927,367628
2187,367660
1542,367692
1707,367724
1447,367756
1200,367788
975,367820
760,367852
215,367884
288,367916
192,367948
491,367980
651,368012
509,368044
1150,368076
959,368108
1224,368140
1804,368172
1676,368204
2266,368236
2044,368268
1500,368300
1577,368332
972,368364
811,368396
1001,368428
326,368460
557,368492
0,368524
0,368556
541,368588
411,368620
637,368652
862,368684
1085,368716
1739,368748
1850,368780
2214,368812
2285,368844
2093,368876
1807,368908
1534,368940
1337,368972
1072,369004
812,369036
608,369068
352,369100
121,369132
288,369164
511,369196
394,369228
973,369260
846,369292
1130,369324
1304,369356
1592,369388
1865,369420
1830,369452
1639,369484
1405,369516
1178,369548
941,369580
630,369612
843,369644
616,369676
346,369708
197,369740
400,369772
317,369804
860,369836
1052,369868
1355,369900
1504,369932
1368,369964
2061,369996
1833,370028
1721,370060
1914,370092
1256,370124
1433,370156
1176,370188
600,370220
712,370252
124,370284
0,370316
295,370348
62,370380
779,370412
528,370444
764,370476
1401,370508
1212,370540
1498,370572
1685,370604
1960,370636
2155,370668
1833,370700
1688,370732
1403,370764
1212,370796
941,370828
714,370860
477,370892
250,370924
267,370956
528,370988
728,371020
922,371052
1179,371084
1375,371116
1245,371148
1839,371180
1707,371212
1894,371244
1597,371276
1420,371308
1193,371340
966,371372
733,371404
553,371436
282,371468
94,371500
0,371532
39,371564
614,371596
799,371628
1064,371660
1262,371692
1129,371724
1723,371756
1966,371788
1867,371820
2202,371852
1931,371884
1771,371916
1456,371948
858,371980
1038,372012
398,372044
205,372076
312,372108
0,372140
76,372172
600,372204
532,372236
758,372268
909,372300
1207,372332
1358,372364
1628,372396
2359,372428
1741,372460
1560,372492
1280,372524
1098,372556
875,372588
960,372620
413,372652
589,372684
0,372716
297,372748
479,372780
751,372812
937,372844
1130,372876
1387,372908
1594,372940
1789,372972
2058,373004
2253,373036
2029,373068
1789,373100
1552,373132
968,373164
1096,373196
512,373228
345,373260
62,373292
0,373324
0,373356
170,373388
428,373420
920,373452
887,373484
1115,373516
1706,373548
1941,373580
2187,373612
1886,373644
2059,373676
1792,373708
1227,373740
1323,373772
1056,373804
905,373836
600,373868
9,373900
202,373932
0,373964
168,373996
809,374028
622,374060
876,374092
1454,374124
1335,374156
1614,374188
1772,374220
1850,374252
1536,374284
1320,374316
1592,374348
876,374380
662,374412
829,374444
210,374476
25,374508
184,374540
74,374572
699,374604
533,374636
1159,374668
1339,374700
1612,374732
1805,374764
2044,374796
1832,374828
2168,374860
1884,374892
1690,374924
1418,374956
1150,374988
953,375020
699,375052
124,375084
235,375116
0,375148
110,375180
285,375212
570,375244
793,375276
1018,375308
1239,375340
1787,375372
1707,375404
1982,375436
2121,375468
1515,375500
1659,375532
1019,375564
1180,375596
927,375628
343,375660
461,375692
234,375724
0,375756
512,375788
714,375820
1008,375852
1164,375884
1022,375916
1673,375948
1472,375980
1741,376012
2219,376044
1627,376076
1446,376108
1514,376140
982,376172
1054,376204
459,376236
299,376268
7,376300
0,376332
441,376364
202,376396
474,376428
1053,376460
922,376492
1149,376524
1383,376556
1611,376588
2269,376620
2144,376652
2039,376684
1753,376716
1447,376748
1277,376780
1016,376812
815,376844
558,376876
296,376908
139,376940
347,376972
584,377004
800,377036
1037,377068
906,377100
1486,377132
1360,377164
1656,377196
1822,377228
1769,377260
1577,377292
1305,377324
1116,377356
891,377388
663,377420
440,377452
121,377484
317,377516
267,377548
116,377580
717,377612
924,377644
827,377676
1375,377708
1568,377740
1855,377772
2040,377804
1885,377836
2125,377868
1421,377900
1198,377932
1386,377964
741,377996
552,378028
654,378060
90,378092
190,378124
0,378156
186,378188
344,378220
570,378252
1293,378284
1051,378316
1278,378348
1929,378380
1738,378412
1913,378444
1628,378476
1435,378508
1625,378540
1306,378572
1160,378604
889,378636
587,378668
425,378700
184,378732
358,378764
600,378796
782,378828
1050,378860
1242,378892
1436,378924
1705,378956
1902,378988
1770,379020
2141,379052
1535,379084
1367,379116
1080,379148
905,379180
682,379212
456,379244
231,379276
41,379308
0,379340
94,379372
234,379404
551,379436
1131,379468
964,379500
1590,379532
1790,379564
1655,379596
2255,379628
2144,379660
1578,379692
1664,379724
1403,379756
1245,379788
939,379820
347,379852
525,379884
0,379916
0,379948
426,379980
315,380012
596,380044
1104,380076
1038,380108
1566,380140
1422,380172
1735,380204
1882,380236
1680,380268
1946,380300
1224,380332
1046,380364
775,380396
585,380428
363,380460
446,380492
0,380524
361,380556
460,380588
811,380620
991,380652
1262,380684
1453,380716
1646,380748
1915,380780
2112,380812
2205,380844
1996,380876
1727,380908
1497,380940
1261,380972
1036,381004
456,381036
574,381068
9,381100
0,381132
0,381164
231,381196
490,381228
679,381260
941,381292
1436,381324
1400,381356
1631,381388
1771,381420
2232,381452
2009,381484
1366,381516
1531,381548
1273,381580
718,381612
808,381644
540,381676
379,381708
124,381740
17,381772
671,381804
448,381836
684,381868
1324,381900
1135,381932
1398,381964
1982,381996
1854,382028
2104,382060
1484,382092
1324,382124
1018,382156
806,382188
1069,382220
368,382252
152,382284
313,382316
0,382348
136,382380
714,382412
585,382444
1211,382476
1357,382508
1677,382540
1871,382572
2151,382604
2335,382636
2106,382668
1863,382700
1630,382732
1356,382764
1164,382796
904,382828
637,382860
441,382892
174,382924
0,382956
461,382988
346,383020
622,383052
794,383084
1070,383116
1306,383148
1530,383180
1770,383212
2202,383244
1655,383276
1463,383308
1591,383340
1000,383372
1131,383404
508,383436
664,383468
410,383500
0,383532
349,383564
575,383596
489,383628
1024,383660
1226,383692
1533,383724
1687,383756
1535,383788
2204,383820
1771,383852
1575,383884
1692,383916
1102,383948
1224,383980
992,384012
474,384044
539,384076
0,384108
0,384140
6,384172
264,384204
957,384236
711,384268
984,384300
1579,384332
1437,384364
1675,384396
2238,384428
1787,384460
1977,384492
1615,384524
1501,384556
1227,384588
1039,384620
765,384652
502,384684
301,384716
214,384748
412,384780
668,384812
862,384844
1095,384876
1064,384908
1551,384940
1419,384972
2023,385004
1886,385036
1708,385068
1418,385100
1244,385132
1053,385164
794,385196
603,385228
381,385260
152,385292
0,385324
0,385356
551,385388
794,385420
619,385452
1239,385484
1439,385516
1625,385548
1904,385580
2106,385612
2298,385644
1980,385676
1368,385708
1595,385740
907,385772
683,385804
864,385836
234,385868
395,385900
135,385932
0,385964
538,385996
399,386028
698,386060
846,386092
1082,386124
1821,386156
1991,386188
1802,386220
2222,386252
1564,386284
1384,386316
1517,386348
923,386380
1099,386412
782,386444
647,386476
367,386508
231,386540
423,386572
654,386604
875,386636
1114,386668
1295,386700
1566,386732
1760,386764
1966,386796
1894,386828
2078,386860
1472,386892
1610,386924
1021,386956
848,386988
574,387020
397,387052
172,387084
0,387116
0,387148
153,387180
343,387212
605,387244
742,387276
1063,387308
1656,387340
1478,387372
2121,387404
2319,387436
2076,387468
1851,387500
1614,387532
1061,387564
1146,387596
887,387628
729,387660
427,387692
0,387724
296,387756
111,387788
376,387820
942,387852
826,387884
1100,387916
1631,387948
1558,387980
2096,388012
1834,388044
1673,388076
1853,388108
1164,388140
1406,388172
712,388204
536,388236
653,388268
82,388300
0,388332
332,388364
247,388396
877,388428
700,388460
1335,388492
1515,388524
1799,388556
1989,388588
2176,388620
2213,388652
1944,388684
1674,388716
1142,388748
1208,388780
975,388812
748,388844
523,388876
0,388908
109,388940
16,388972
284,389004
458,389036
742,389068
1001,389100
1192,389132
1464,389164
1966,389196
1928,389228
1805,389260
1480,389292
1707,389324
1480,389356
1197,389388
1007,389420
748,389452
204,389484
287,389516
190,389548
495,389580
652,389612
511,389644
1184,389676
968,389708
1196,389740
1852,389772
2155,389804
1917,389836
2032,389868
1448,389900
1566,389932
968,389964
810,389996
987,390028
294,390060
552,390092
0,390124
0,390156
541,390188
373,390220
648,390252
1230,390284
1097,390316
1740,390348
1559,390380
2216,390412
2283,390444
2091,390476
1803,390508
1578,390540
1335,390572
1114,390604
841,390636
235,390668
379,390700
109,390732
318,390764
523,390796
400,390828
972,390860
856,390892
1132,390924
1307,390956
1594,390988
1831,391020
1821,391052
1592,391084
1664,391116
1127,391148
951,391180
1067,391212
488,391244
615,391276
343,391308
197,391340
411,391372
286,391404
859,391436
1098,391468
1002,391500
1550,391532
1754,391564
2063,391596
2220,391628
1712,391660
1911,391692
1246,391724
1050,391756
1165,391788
599,391820
713,391852
478,391884
0,391916
0,391948
63,391980
361,392012
509,392044
776,392076
1479,392108
1216,392140
1500,392172
2109,392204
1962,392236
1739,392268
1496,392300
1261,392332
1439,392364
1097,392396
985,392428
715,392460
525,392492
249,392524
270,392556
123,392588
730,392620
924,392652
1183,392684
1385,392716
1612,392748
1849,392780
2080,392812
1830,392844
1963,392876
1359,392908
1192,392940
905,392972
734,393004
542,393036
282,393068
91,393100
0,393132
43,393164
269,393196
840,393228
1068,393260
1307,393292
1132,393324
1759,393356
1967,393388
1868,393420
2201,393452
1920,393484
1769,393516
1450,393548
855,393580
1069,393612
395,393644
174,393676
348,393708
0,393740
399,393772
600,393804
487,393836
764,393868
912,393900
1208,393932
1368,393964
1598,393996
2360,394028
1736,394060
1510,394092
1691,394124
1050,394156
872,394188
600,394220
412,394252
584,394284
269,394316
297,394348
487,394380
760,394412
939,394444
1168,394476
970,394508
1632,394540
1824,394572
2095,394604
2288,394636
2015,394668
1817,394700
1551,394732
959,394764
1087,394796
512,394828
342,394860
61,394892
0,394924
0,394956
172,394988
396,395020
665,395052
855,395084
1115,395116
1709,395148
1577,395180
2187,395212
1882,395244
2059,395276
