2042,44
2271,76
1724,108
1815,140
1192,172
1032,204
1209,236
538,268
779,300
76,332
0,364
317,396
200,428
427,460
648,492
876,524
1515,556
1625,588
1981,620
2171,652
2317,684
2031,716
1758,748
1559,780
1292,812
1024,844
830,876
571,908
345,940
103,972
299,1004
185,1036
752,1068
635,1100
912,1132
1084,1164
1370,1196
1643,1228
1832,1260
1863,1292
1625,1324
1399,1356
1165,1388
844,1420
1062,1452
842,1484
572,1516
368,1548
183,1580
103,1612
639,1644
840,1676
1133,1708
1288,1740
1145,1772
1837,1804
1608,1836
1838,1868
2139,1900
1478,1932
1659,1964
1389,1996
813,2028
926,2060
334,2092
186,2124
348,2156
0,2188
567,2220
327,2252
550,2284
1177,2316
990,2348
1275,2380
1460,2412
1737,2444
2380,2476
2056,2508
1901,2540
1629,2572
1433,2604
1161,2636
928,2668
698,2700
474,2732
204,2764
312,2796
506,2828
702,2860
955,2892
1152,2924
1024,2956
1615,2988
1484,3020
1774,3052
1817,3084
1645,3116
1415,3148
1178,3180
955,3212
764,3244
503,3276
312,3308
8,3340
0,3372
391,3404
575,3436
844,3468
1049,3500
909,3532
1501,3564
1740,3596
1643,3628
2205,3660
2153,3692
1994,3724
1677,3756
1071,3788
1261,3820
619,3852
425,3884
528,3916
0,3948
0,3980
378,4012
312,4044
539,4076
698,4108
986,4140
1145,4172
1402,4204
2126,4236
1866,4268
1784,4300
1500,4332
1318,4364
1095,4396
1180,4428
632,4460
811,4492
183,4524
345,4556
263,4588
541,4620
715,4652
906,4684
1165,4716
1368,4748
1563,4780
1824,4812
2029,4844
2252,4876
2011,4908
1776,4940
1190,4972
1308,5004
734,5036
558,5068
280,5100
107,5132
0,5164
0,5196
216,5228
701,5260
668,5292
893,5324
1480,5356
1710,5388
1963,5420
1774,5452
2287,5484
2016,5516
1451,5548
1546,5580
1274,5612
1117,5644
812,5676
222,5708
427,5740
0,5772
0,5804
590,5836
399,5868
667,5900
1231,5932
1114,5964
1390,5996
1550,6028
1864,6060
1760,6092
1530,6124
1818,6156
1096,6188
874,6220
1049,6252
415,6284
244,6316
362,6348
0,6380
477,6412
313,6444
939,6476
1119,6508
1389,6540
1581,6572
1818,6604
1608,6636
2286,6668
2110,6700
1912,6732
1632,6764
1371,6796
1168,6828
911,6860
335,6892
448,6924
0,6956
0,6988
72,7020
348,7052
574,7084
798,7116
1022,7148
1552,7180
1484,7212
1767,7244
2345,7276
1740,7308
1883,7340
1239,7372
1403,7404
1146,7436
556,7468
683,7500
455,7532
0,7564
298,7596
491,7628
793,7660
941,7692
809,7724
1451,7756
1261,7788
1518,7820
2112,7852
1848,7884
1670,7916
1740,7948
1198,7980
1263,8012
680,8044
522,8076
218,8108
36,8140
237,8172
0,8204
254,8236
839,8268
713,8300
936,8332
1163,8364
1390,8396
2047,8428
2153,8460
2265,8492
1977,8524
1664,8556
1501,8588
1230,8620
1037,8652
778,8684
511,8716
318,8748
122,8780
360,8812
575,8844
822,8876
688,8908
1264,8940
1146,8972
1422,9004
2093,9036
1898,9068
1800,9100
1518,9132
1335,9164
1111,9196
875,9228
651,9260
334,9292
539,9324
317,9356
0,9388
494,9420
703,9452
616,9484
1161,9516
1353,9548
1661,9580
1807,9612
1663,9644
2349,9676
1644,9708
1417,9740
1608,9772
956,9804
763,9836
876,9868
300,9900
412,9932
0,9964
0,9996
124,10028
359,10060
1079,10092
828,10124
1064,10156
1705,10188
1514,10220
1803,10252
1850,10284
1660,10316
1851,10348
1528,10380
1383,10412
1111,10444
799,10476
639,10508
416,10540
167,10572
376,10604
568,10636
828,10668
1021,10700
1214,10732
1479,10764
1678,10796
1547,10828
2155,10860
1759,10892
1582,10924
1293,10956
1128,10988
903,11020
667,11052
444,11084
251,11116
0,11148
0,11180
22,11212
331,11244
919,11276
746,11308
1358,11340
1567,11372
1431,11404
2031,11436
2270,11468
1803,11500
1896,11532
1624,11564
1469,11596
1150,11628
558,11660
747,11692
108,11724
0,11756
206,11788
104,11820
375,11852
890,11884
823,11916
1342,11948
1208,11980
1511,12012
1661,12044
1913,12076
2171,12108
1436,12140
1257,12172
987,12204
806,12236
583,12268
666,12300
124,12332
287,12364
249,12396
599,12428
781,12460
1053,12492
1241,12524
1422,12556
1691,12588
1888,12620
2093,12652
2220,12684
1952,12716
1723,12748
1481,12780
1256,12812
670,12844
796,12876
224,12908
46,12940
0,12972
18,13004
279,13036
459,13068
728,13100
1213,13132
1178,13164
1415,13196
1548,13228
2247,13260
2233,13292
1580,13324
1753,13356
1487,13388
936,13420
1023,13452
762,13484
601,13516
301,13548
0,13580
447,13612
236,13644
462,13676
1102,13708
912,13740
1176,13772
1756,13804
1628,13836
2222,13868
1711,13900
1544,13932
1230,13964
1015,13996
1288,14028
585,14060
362,14092
525,14124
0,14156
0,14188
494,14220
372,14252
999,14284
1143,14316
1453,14348
1643,14380
1927,14412
2119,14444
2332,14476
2087,14508
1856,14540
1581,14572
1376,14604
1116,14636
848,14668
655,14700
398,14732
0,14764
248,14796
127,14828
408,14860
574,14892
860,14924
1084,14956
1309,14988
1544,15020
2092,15052
1879,15084
1687,15116
1817,15148
1223,15180
1353,15212
728,15244
886,15276
633,15308
45,15340
153,15372
360,15404
279,15436
813,15468
1004,15500
1309,15532
1465,15564
1322,15596
1979,15628
1785,15660
1788,15692
1916,15724
1324,15756
1438,15788
1212,15820
694,15852
750,15884
170,15916
18,15948
0,15980
44,16012
745,16044
492,16076
776,16108
1353,16140
1224,16172
1451,16204
2014,16236
1914,16268
2203,16300
1839,16332
1727,16364
1447,16396
1257,16428
985,16460
718,16492
522,16524
256,16556
190,16588
456,16620
649,16652
875,16684
845,16716
1326,16748
1198,16780
1792,16812
1662,16844
1934,16876
1641,16908
1466,16940
1274,16972
1002,17004
823,17036
599,17068
364,17100
141,17132
0,17164
331,17196
569,17228
408,17260
1019,17292
1225,17324
1402,17356
1677,17388
1880,17420
2198,17452
2203,17484
1583,17516
1819,17548
1120,17580
902,17612
1084,17644
443,17676
618,17708
352,17740
0,17772
319,17804
186,17836
478,17868
633,17900
868,17932
1597,17964
1759,17996
1581,18028
2233,18060
1786,18092
1607,18124
1742,18156
1142,18188
1320,18220
1004,18252
861,18284
589,18316
397,18348
199,18380
438,18412
653,18444
894,18476
1081,18508
1344,18540
1535,18572
1743,18604
1669,18636
2208,18668
1704,18700
1833,18732
1241,18764
1064,18796
781,18828
614,18860
391,18892
158,18924
0,18956
0,18988
125,19020
391,19052
524,19084
843,19116
1433,19148
1259,19180
1895,19212
2095,19244
2301,19276
2073,19308
1839,19340
1275,19372
1368,19404
1100,19436
943,19468
637,19500
48,19532
223,19564
0,19596
167,19628
719,19660
613,19692
887,19724
1407,19756
1336,19788
1871,19820
1726,19852
1895,19884
2087,19916
1384,19948
1639,19980
924,20012
748,20044
873,20076
294,20108
69,20140
136,20172
29,20204
655,20236
476,20268
1115,20300
1295,20332
1566,20364
1766,20396
1952,20428
2221,20460
2168,20492
1898,20524
1354,20556
1423,20588
1195,20620
968,20652
743,20684
166,20716
283,20748
0,20780
74,20812
238,20844
524,20876
791,20908
970,20940
1239,20972
1738,21004
1705,21036
2295,21068
1704,21100
1931,21132
1705,21164
1420,21196
1228,21228
973,21260
423,21292
507,21324
248,21356
281,21388
438,21420
299,21452
970,21484
750,21516
975,21548
1629,21580
1434,21612
1700,21644
2266,21676
1672,21708
1788,21740
1182,21772
1022,21804
1207,21836
504,21868
777,21900
76,21932
0,21964
327,21996
156,22028
428,22060
1007,22092
874,22124
1515,22156
1336,22188
1992,22220
2175,22252
2313,22284
2029,22316
1802,22348
1551,22380
1326,22412
1056,22444
452,22476
600,22508
345,22540
123,22572
303,22604
189,22636
763,22668
637,22700
918,22732
1088,22764
1370,22796
1607,22828
1837,22860
1816,22892
1624,22924
1342,22956
1161,22988
1287,23020
711,23052
829,23084
559,23116
363,23148
187,23180
72,23212
648,23244
878,23276
789,23308
1327,23340
1520,23372
1839,23404
1995,23436
1839,23468
2138,23500
1467,23532
1264,23564
1386,23596
813,23628
924,23660
700,23692
180,23724
0,23756
0,23788
140,23820
297,23852
554,23884
1257,23916
1003,23948
1286,23980
1883,24012
1740,24044
1959,24076
1720,24108
1482,24140
1673,24172
1312,24204
1207,24236
927,24268
745,24300
463,24332
202,24364
0,24396
508,24428
704,24460
960,24492
1163,24524
1391,24556
1625,24588
1855,24620
1722,24652
2184,24684
1582,24716
1412,24748
1118,24780
952,24812
763,24844
492,24876
311,24908
89,24940
0,24972
48,25004
617,25036
846,25068
1087,25100
920,25132
1535,25164
1743,25196
1643,25228
2217,25260
2144,25292
1993,25324
1676,25356
1068,25388
1290,25420
616,25452
393,25484
570,25516
0,25548
171,25580
380,25612
268,25644
540,25676
699,25708
990,25740
1147,25772
1382,25804
2136,25836
1868,25868
1734,25900
1917,25932
1270,25964
1084,25996
812,26028
631,26060
807,26092
490,26124
343,26156
265,26188
539,26220
719,26252
954,26284
752,26316
1406,26348
1598,26380
1870,26412
2074,26444
2240,26476
2043,26508
1774,26540
1181,26572
1306,26604
729,26636
556,26668
271,26700
105,26732
0,26764
0,26796
183,26828
443,26860
634,26892
903,26924
1481,26956
1353,26988
1961,27020
1784,27052
2282,27084
2013,27116
1405,27148
1535,27180
1310,27212
765,27244
855,27276
587,27308
427,27340
108,27372
0,27404
592,27436
410,27468
676,27500
1241,27532
1116,27564
1399,27596
1944,27628
1862,27660
2142,27692
1520,27724
1369,27756
1069,27788
874,27820
1113,27852
420,27884
236,27916
0,27948
0,27980
91,28012
634,28044
541,28076
1167,28108
989,28140
1629,28172
1821,28204
1982,28236
2287,28268
2106,28300
1901,28332
1632,28364
1371,28396
1166,28428
907,28460
683,28492
448,28524
221,28556
0,28588
424,28620
302,28652
584,28684
747,28716
1033,28748
1292,28780
1486,28812
1767,28844
1977,28876
1738,28908
1501,28940
1180,28972
1400,29004
1180,29036
554,29068
711,29100
456,29132
0,29164
303,29196
492,29228
797,29260
952,29292
811,29324
1487,29356
1261,29388
1498,29420
2156,29452
1817,29484
1612,29516
1736,29548
1147,29580
1264,29612
670,29644
520,29676
216,29708
3,29740
231,29772
1,29804
218,29836
841,29868
664,29900
940,29932
1530,29964
1398,29996
2046,30028
1865,30060
2263,30092
1977,30124
1662,30156
1501,30188
1272,30220
1033,30252
812,30284
541,30316
348,30348
157,30380
365,30412
621,30444
824,30476
688,30508
1274,30540
1149,30572
1434,30604
1609,30636
1898,30668
1755,30700
1518,30732
1290,30764
1101,30796
828,30828
648,30860
765,30892
191,30924
311,30956
0,30988
503,31020
713,31052
583,31084
1163,31116
1391,31148
1305,31180
1854,31212
2058,31244
2346,31276
2028,31308
1408,31340
1600,31372
952,31404
752,31436
872,31468
300,31500
410,31532
183,31564
0,31596
492,31628
361,31660
652,31692
808,31724
1065,31756
1783,31788
1518,31820
1814,31852
2269,31884
1656,31916
1431,31948
1196,31980
968,32012
1147,32044
798,32076
685,32108
413,32140
205,32172
377,32204
570,32236
829,32268
1024,32300
1226,32332
1480,32364
1680,32396
1920,32428
2153,32460
2126,32492
1518,32524
1658,32556
1068,32588
894,32620
615,32652
443,32684
251,32716
0,32748
0,32780
109,32812
330,32844
567,32876
696,32908
1369,32940
1613,32972
1434,33004
2077,33036
2272,33068
1993,33100
1888,33132
1624,33164
1007,33196
1151,33228
556,33260
776,33292
104,33324
0,33356
251,33388
74,33420
699,33452
894,33484
778,33516
1352,33548
1210,33580
1514,33612
1664,33644
1882,33676
2167,33708
1435,33740
1208,33772
1387,33804
756,33836
573,33868
308,33900
119,33932
283,33964
285,33996
601,34028
783,34060
1051,34092
1241,34124
1470,34156
1693,34188
1936,34220
2137,34252
2256,34284
1984,34316
1721,34348
1513,34380
1255,34412
668,34444
795,34476
221,34508
44,34540
0,34572
21,34604
237,34636
470,34668
695,34700
956,34732
1144,34764
1417,34796
2013,34828
1880,34860
2232,34892
1578,34924
1751,34956
1485,34988
892,35020
1019,35052
796,35084
512,35116
332,35148
142,35180
455,35212
606,35244
472,35276
1112,35308
921,35340
1178,35372
1760,35404
1641,35436
1926,35468
2090,35500
1544,35532
1612,35564
1016,35596
857,35628
552,35660
363,35692
591,35724
0,35756
0,35788
108,35820
375,35852
603,35884
1146,35916
1051,35948
1695,35980
1503,36012
2169,36044
2327,36076
2138,36108
1851,36140
1576,36172
1371,36204
1114,36236
848,36268
652,36300
394,36332
157,36364
250,36396
477,36428
362,36460
936,36492
814,36524
1094,36556
1260,36588
1551,36620
1831,36652
1868,36684
1674,36716
1447,36748
1213,36780
989,36812
666,36844
876,36876
656,36908
42,36940
183,36972
365,37004
553,37036
816,37068
1016,37100
1321,37132
1468,37164
1326,37196
2023,37228
1787,37260
1756,37292
1952,37324
1295,37356
1096,37388
1212,37420
645,37452
748,37484
160,37516
16,37548
0,37580
25,37612
744,37644
893,37676
730,37708
1357,37740
1176,37772
1462,37804
2062,37836
1917,37868
2203,37900
1544,37932
1723,37964
1449,37996
1256,38028
983,38060
762,38092
521,38124
298,38156
224,38188
490,38220
682,38252
878,38284
1135,38316
1339,38348
1200,38380
1804,38412
1664,38444
1932,38476
1641,38508
1464,38540
1239,38572
1002,38604
777,38636
599,38668
327,38700
135,38732
245,38764
8,38796
571,38828
412,38860
1020,38892
1226,38924
1440,38956
1679,38988
1920,39020
1831,39052
2240,39084
1967,39116
1817,39148
1498,39180
892,39212
1082,39244
441,39276
251,39308
352,39340
0,39372
328,39404
556,39436
488,39468
1004,39500
872,39532
1165,39564
1817,39596
1583,39628
2315,39660
1784,39692
1606,39724
1741,39756
1142,39788
911,39820
692,39852
459,39884
631,39916
284,39948
249,39980
443,40012
715,40044
903,40076
1086,40108
1343,40140
1546,40172
1744,40204
2012,40236
2217,40268
2064,40300
1832,40332
1598,40364
1004,40396
1136,40428
556,40460
390,40492
107,40524
0,40556
0,40588
134,40620
394,40652
621,40684
844,40716
1079,40748
1210,40780
1899,40812
2143,40844
2297,40876
2103,40908
1837,40940
1273,40972
1359,41004
1099,41036
941,41068
634,41100
45,41132
249,41164
0,41196
137,41228
766,41260
584,41292
1212,41324
1416,41356
1292,41388
1880,41420
1728,41452
1896,41484
2077,41516
1355,41548
1629,41580
922,41612
700,41644
873,41676
247,41708
62,41740
0,41772
40,41804
663,41836
800,41868
1115,41900
1295,41932
1575,41964
1759,41996
2000,42028
2233,42060
2204,42092
1929,42124
1724,42156
1454,42188
1195,42220
990,42252
731,42284
159,42316
280,42348
0,42380
75,42412
248,42444
526,42476
748,42508
974,42540
1208,42572
1479,42604
1671,42636
1945,42668
1696,42700
1561,42732
1703,42764
1417,42796
1227,42828
969,42860
381,42892
503,42924
280,42956
0,42988
473,43020
671,43052
973,43084
1119,43116
976,43148
1632,43180
1437,43212
1705,43244
2266,43276
1671,43308
1484,43340
1560,43372
1020,43404
807,43436
495,43468
345,43500
43,43532
0,43564
395,43596
167,43628
438,43660
617,43692
888,43724
1116,43756
1664,43788
1574,43820
2233,43852
1895,43884
2079,43916
1791,43948
1606,43980
1325,44012
1056,44044
859,44076
600,44108
346,44140
122,44172
314,44204
540,44236
765,44268
990,44300
862,44332
1453,44364
1322,44396
1610,44428
1788,44460
1806,44492
1623,44524
1350,44556
1159,44588
1200,44620
700,44652
475,44684
588,44716
363,44748
219,44780
72,44812
681,44844
879,44876
793,44908
1337,44940
1531,44972
1849,45004
1998,45036
1850,45068
2169,45100
1898,45132
1232,45164
1420,45196
779,45228
584,45260
698,45292
125,45324
0,45356
0,45388
152,45420
301,45452
528,45484
1256,45516
1004,45548
1240,45580
1887,45612
1704,45644
1950,45676
2093,45708
1480,45740
1662,45772
1031,45804
1196,45836
927,45868
744,45900
463,45932
236,45964
0,45996
554,46028
745,46060
1005,46092
1197,46124
1400,46156
1659,46188
1856,46220
1726,46252
2185,46284
1580,46316
1402,46348
1118,46380
951,46412
717,46444
491,46476
266,46508
333,46540
0,46572
56,46604
619,46636
505,46668
1086,46700
920,46732
1547,46764
1755,46796
1610,46828
2217,46860
2188,46892
1623,46924
1710,46956
1438,46988
1289,47020
973,47052
381,47084
568,47116
0,47148
0,47180
383,47212
271,47244
554,47276
1068,47308
1000,47340
1530,47372
1388,47404
1690,47436
1849,47468
1726,47500
1981,47532
1259,47564
1082,47596
1213,47628
631,47660
407,47692
172,47724
0,47756
315,47788
429,47820
779,47852
957,47884
1113,47916
1415,47948
1610,47980
1879,48012
2076,48044
2239,48076
2040,48108
1771,48140
1534,48172
1305,48204
1080,48236
494,48268
622,48300
47,48332
0,48364
0,48396
188,48428
455,48460
646,48492
905,48524
1133,48556
1367,48588
1595,48620
1726,48652
2279,48684
2047,48716
1404,48748
1575,48780
1307,48812
760,48844
847,48876
584,48908
425,48940
106,48972
0,49004
632,49036
415,49068
640,49100
1279,49132
1098,49164
1354,49196
1944,49228
1817,49260
2140,49292
1520,49324
1368,49356
1055,49388
840,49420
1111,49452
411,49484
188,49516
349,49548
0,49580
103,49612
280,49644
549,49676
1176,49708
1320,49740
1640,49772
1823,49804
1982,49836
2297,49868
2154,49900
1900,49932
1674,49964
1401,49996
1208,50028
937,50060
672,50092
477,50124
219,50156
0,50188
427,50220
303,50252
587,50284
751,50316
1034,50348
1261,50380
1494,50412
1726,50444
1966,50476
1690,50508
1498,50540
1176,50572
1038,50604
1176,50636
554,50668
702,50700
445,50732
0,50764
302,50796
542,50828
455,50860
989,50892
1182,50924
1487,50956
1645,50988
1499,51020
2159,51052
1816,51084
1612,51116
1738,51148
1144,51180
970,51212
1038,51244
509,51276
576,51308
0,51340
0,51372
0,51404
229,51436
921,51468
670,51500
948,51532
1128,51564
1398,51596
1631,51628
2202,51660
1831,51692
2015,51724
1657,51756
1549,51788
1271,51820
1082,51852
809,51884
538,51916
345,51948
168,51980
367,52012
622,52044
825,52076
1054,52108
1277,52140
1512,52172
1384,52204
1981,52236
1850,52268
1754,52300
1456,52332
1289,52364
1099,52396
836,52428
647,52460
680,52492
199,52524
0,52556
0,52588
507,52620
749,52652
586,52684
1197,52716
1403,52748
1309,52780
1865,52812
2061,52844
2342,52876
2016,52908
1406,52940
1631,52972
944,53004
720,53036
908,53068
268,53100
74,53132
176,53164
0,53196
492,53228
363,53260
662,53292
810,53324
1040,53356
1785,53388
1520,53420
1766,53452
2267,53484
1610,53516
1430,53548
1564,53580
966,53612
1144,53644
829,53676
685,53708
411,53740
203,53772
381,53804
616,53836
831,53868
1068,53900
1259,53932
1529,53964
1723,53996
1929,54028
2189,54060
2124,54092
1516,54124
1648,54156
1064,54188
890,54220
606,54252
438,54284
215,54316
0,54348
0,54380
365,54412
299,54444
568,54476
1145,54508
1017,54540
1612,54572
1433,54604
2075,54636
2283,54668
1753,54700
1883,54732
1657,54764
1097,54796
1184,54828
924,54860
775,54892
461,54924
0,54956
253,54988
75,55020
335,55052
906,55084
781,55116
1355,55148
1592,55180
1514,55212
2059,55244
1872,55276
1719,55308
1403,55340
1208,55372
1453,55404
748,55436
568,55468
697,55500
118,55532
0,55564
288,55596
203,55628
841,55660
942,55692
1293,55724
1471,55756
1753,55788
1945,55820
2140,55852
2253,55884
1980,55916
1712,55948
1504,55980
1245,56012
1018,56044
536,56076
559,56108
0,56140
89,56172
0,56204
246,56236
424,56268
698,56300
958,56332
1148,56364
1418,56396
1657,56428
1884,56460
1851,56492
1516,56524
1749,56556
1519,56588
888,56620
1067,56652
795,56684
512,56716
331,56748
152,56780
457,56812
618,56844
476,56876
1146,56908
925,56940
1159,56972
1815,57004
1612,57036
2271,57068
2088,57100
1484,57132
1241,57164
1004,57196
854,57228
553,57260
329,57292
599,57324
297,57356
0,57388
505,57420
332,57452
606,57484
1193,57516
1053,57548
1703,57580
1848,57612
2171,57644
2319,57676
2135,57708
1849,57740
1614,57772
1371,57804
1148,57836
887,57868
686,57900
426,57932
159,57964
0,57996
478,58028
361,58060
939,58092
813,58124
1096,58156
1264,58188
1559,58220
1786,58252
1864,58284
1630,58316
1438,58348
1175,58380
984,58412
667,58444
526,58476
651,58508
40,58540
171,58572
375,58604
589,58636
827,58668
1054,58700
967,58732
1514,58764
1710,58796
2027,58828
2176,58860
1756,58892
1949,58924
1289,58956
1088,58988
1210,59020
632,59052
456,59084
522,59116
16,59148
153,59180
25,59212
327,59244
953,59276
731,59308
1433,59340
1180,59372
1464,59404
2062,59436
1926,59468
1771,59500
1868,59532
1304,59564
1485,59596
855,59628
1023,59660
751,59692
569,59724
295,59756
232,59788
491,59820
686,59852
889,59884
810,59916
1339,59948
1577,59980
1807,60012
2041,60044
1866,60076
2000,60108
1402,60140
1228,60172
942,60204
778,60236
589,60268
326,60300
136,60332
165,60364
8,60396
230,60428
364,60460
1022,60492
1263,60524
1451,60556
1727,60588
1931,60620
1832,60652
2237,60684
1966,60716
1805,60748
1496,60780
891,60812
1113,60844
432,60876
217,60908
394,60940
0,60972
5,61004
556,61036
442,61068
1016,61100
875,61132
1174,61164
1819,61196
1564,61228
2315,61260
1775,61292
1558,61324
1737,61356
1084,61388
916,61420
1040,61452
454,61484
621,61516
16,61548
247,61580
445,61612
716,61644
895,61676
1132,61708
1353,61740
1594,61772
1784,61804
1622,61836
2253,61868
2062,61900
1864,61932
1593,61964
1003,61996
1129,62028
554,62060
378,62092
102,62124
0,62156
0,62188
135,62220
359,62252
879,62284
812,62316
1079,62348
1662,62380
1533,62412
2149,62444
2295,62476
2095,62508
1835,62540
1225,62572
1359,62604
1132,62636
597,62668
668,62700
409,62732
237,62764
269,62796
140,62828
775,62860
587,62892
844,62924
1419,62956
1296,62988
1883,63020
2123,63052
1886,63084
1657,63116
1352,63148
1193,63180
890,63212
698,63244
939,63276
237,63308
61,63340
165,63372
40,63404
269,63436
498,63468
715,63500
1353,63532
1456,63564
1821,63596
2009,63628
2293,63660
2201,63692
1920,63724
1291,63756
1452,63788
1192,63820
988,63852
730,63884
505,63916
271,63948
137,63980
27,64012
599,64044
476,64076
758,64108
924,64140
1208,64172
1481,64204
1673,64236
1946,64268
1789,64300
1559,64332
1323,64364
1453,64396
1223,64428
992,64460
380,64492
536,64524
270,64556
0,64588
478,64620
680,64652
983,64684
1130,64716
986,64748
1677,64780
1439,64812
1676,64844
2300,64876
1638,64908
1820,64940
1552,64972
971,65004
796,65036
492,65068
344,65100
40,65132
0,65164
396,65196
169,65228
394,65260
1021,65292
842,65324
1116,65356
1300,65388
1578,65420
2232,65452
2220,65484
2075,65516
1791,65548
1595,65580
1321,65612
1096,65644
443,65676
634,65708
362,65740
152,65772
345,65804
543,65836
799,65868
992,65900
874,65932
1450,65964
1324,65996
1613,66028
1788,66060
1806,66092
1577,66124
1338,66156
1113,66188
925,66220
663,66252
473,66284
587,66316
24,66348
221,66380
78,66412
683,66444
891,66476
759,66508
1341,66540
1580,66572
1483,66604
2042,66636
2239,66668
2165,66700
1848,66732
1232,66764
1417,66796
778,66828
585,66860
696,66892
125,66924
0,66956
217,66988
152,67020
670,67052
536,67084
839,67116
984,67148
1242,67180
1961,67212
1704,67244
1947,67276
1661,67308
1478,67340
1245,67372
1340,67404
793,67436
971,67468
344,67500
507,67532
231,67564
256,67596
557,67628
750,67660
1007,67692
1208,67724
1403,67756
1663,67788
1867,67820
2104,67852
2174,67884
1946,67916
1340,67948
1471,67980
890,68012
716,68044
431,68076
264,68108
75,68140
0,68172
58,68204
285,68236
508,68268
743,68300
872,68332
1547,68364
1791,68396
1610,68428
2255,68460
2185,68492
1611,68524
1711,68556
1437,68588
1279,68620
972,68652
380,68684
592,68716
0,68748
0,68780
428,68812
264,68844
506,68876
1080,68908
956,68940
1530,68972
1389,69004
1692,69036
1849,69068
1694,69100
1978,69132
1258,69164
1341,69196
1209,69228
583,69260
406,69292
524,69324
0,69356
315,69388
154,69420
778,69452
959,69484
1116,69516
1419,69548
1658,69580
1885,69612
2126,69644
2271,69676
2075,69708
1801,69740
1531,69772
1328,69804
1072,69836
491,69868
616,69900
45,69932
0,69964
0,69996
188,70028
415,70060
644,70092
871,70124
1134,70156
1322,70188
1596,70220
2201,70252
1911,70284
2043,70316
1400,70348
1565,70380
1305,70412
716,70444
843,70476
619,70508
75,70540
136,70572
334,70604
633,70636
784,70668
650,70700
1289,70732
1099,70764
1356,70796
1946,70828
1819,70860
2139,70892
1904,70924
1366,70956
1424,70988
840,71020
680,71052
376,71084
186,71116
425,71148
0,71180
104,71212
681,71244
551,71276
779,71308
1002,71340
1226,71372
1881,71404
1993,71436
2361,71468
2141,71500
1949,71532
1671,71564
1400,71596
1195,71628
938,71660
681,71692
474,71724
218,71756
203,71788
428,71820
655,71852
538,71884
1111,71916
986,71948
1272,71980
1438,72012
1734,72044
1962,72076
1690,72108
1497,72140
1262,72172
1034,72204
811,72236
490,72268
700,72300
479,72332
0,72364
343,72396
543,72428
457,72460
991,72492
1192,72524
1038,72556
1646,72588
1501,72620
2204,72652
1807,72684
1579,72716
1770,72748
1115,72780
1294,72812
1024,72844
460,72876
574,72908
0,72940
0,72972
0,73004
190,73036
923,73068
679,73100
904,73132
1545,73164
1355,73196
1640,73228
1819,73260
1831,73292
2013,73324
1690,73356
1544,73388
1263,73420
1081,73452
806,73484
576,73516
333,73548
206,73580
408,73612
670,73644
861,73676
1055,73708
1320,73740
1515,73772
1388,73804
1981,73836
1852,73868
1754,73900
1454,73932
1288,73964
1059,73996
828,74028
602,74060
412,74092
151,74124
0,74156
281,74188
183,74220
747,74252
586,74284
1206,74316
1404,74348
1261,74380
1869,74412
2108,74444
2250,74476
2048,74508
1786,74540
1630,74572
1311,74604
719,74636
907,74668
267,74700
74,74732
172,74764
0,74796
217,74828
731,74860
666,74892
1192,74924
1050,74956
1342,74988
1500,75020
1768,75052
2333,75084
1606,75116
1420,75148
1147,75180
957,75212
733,75244
828,75276
279,75308
447,75340
0,75372
437,75404
617,75436
895,75468
1071,75500
1262,75532
1530,75564
1726,75596
1931,75628
2192,75660
2122,75692
1884,75724
1645,75756
1417,75788
828,75820
955,75852
381,75884
206,75916
0,75948
0,75980
119,76012
311,76044
571,76076
795,76108
1019,76140
1246,76172
1384,76204
2087,76236
2329,76268
1751,76300
1919,76332
1657,76364
1370,76396
1183,76428
923,76460
765,76492
458,76524
0,76556
284,76588
88,76620
314,76652
944,76684
761,76716
1014,76748
1596,76780
1468,76812
2048,76844
1871,76876
1716,76908
1402,76940
1176,76972
1449,77004
1145,77036
522,77068
695,77100
72,77132
0,77164
334,77196
214,77228
840,77260
663,77292
1293,77324
1481,77356
1755,77388
1949,77420
2190,77452
2250,77484
2016,77516
1741,77548
1546,77580
1274,77612
1008,77644
813,77676
556,77708
0,77740
75,77772
0,77804
250,77836
424,77868
700,77900
922,77932
1158,77964
1386,77996
1655,78028
1850,78060
1848,78092
1979,78124
1383,78156
1515,78188
888,78220
1046,78252
791,78284
544,78316
319,78348
199,78380
121,78412
654,78444
846,78476
1149,78508
1296,78540
1163,78572
1817,78604
1623,78636
1882,78668
2080,78700
1485,78732
1600,78764
1375,78796
852,78828
912,78860
329,78892
168,78924
331,78956
0,78988
573,79020
335,79052
615,79084
1197,79116
1068,79148
1291,79180
1517,79212
1753,79244
2367,79276
2000,79308
1895,79340
1613,79372
1417,79404
1145,79436
878,79468
683,79500
416,79532
153,79564
286,79596
489,79628
717,79660
939,79692
1176,79724
1040,79756
1630,79788
1499,79820
1798,79852
1804,79884
1626,79916
1435,79948
1166,79980
983,80012
759,80044
524,80076
301,80108
0,80140
167,80172
409,80204
590,80236
859,80268
1063,80300
968,80332
1516,80364
1718,80396
2026,80428
2176,80460
1754,80492
1982,80524
1289,80556
1062,80588
1247,80620
615,80652
779,80684
512,80716
0,80748
154,80780
29,80812
328,80844
955,80876
702,80908
1434,80940
1190,80972
1418,81004
2073,81036
1880,81068
1771,81100
1482,81132
1302,81164
1483,81196
809,81228
1019,81260
747,81292
557,81324
285,81356
270,81388
494,81420
734,81452
922,81484
1184,81516
1375,81548
1579,81580
1839,81612
2044,81644
1856,81676
1997,81708
1400,81740
1226,81772
939,81804
774,81836
541,81868
315,81900
91,81932
0,81964
0,81996
232,82028
364,82060
684,82092
1271,82124
1453,82156
1733,82188
1933,82220
1801,82252
2235,82284
2008,82316
1437,82348
1529,82380
1260,82412
1113,82444
797,82476
206,82508
390,82540
0,82572
5,82604
568,82636
455,82668
726,82700
1246,82732
1178,82764
1414,82796
1566,82828
1869,82860
1743,82892
1544,82924
1801,82956
1084,82988
904,83020
636,83052
453,83084
222,83116
312,83148
0,83180
493,83212
327,83244
955,83276
1133,83308
1405,83340
1597,83372
1790,83404
2061,83436
2256,83468
2060,83500
1855,83532
1584,83564
1358,83596
1120,83628
896,83660
320,83692
440,83724
0,83756
0,83788
88,83820
364,83852
631,83884
813,83916
1083,83948
1309,83980
1543,84012
1773,84044
2330,84076
2107,84108
1869,84140
1224,84172
1391,84204
1131,84236
585,84268
668,84300
398,84332
237,84364
279,84396
141,84428
808,84460
591,84492
816,84524
1465,84556
1276,84588
1532,84620
2123,84652
1834,84684
1654,84716
1342,84748
1188,84780
879,84812
666,84844
936,84876
238,84908
19,84940
163,84972
5,85004
280,85036
848,85068
726,85100
1355,85132
1177,85164
1822,85196
2011,85228
2295,85260
2199,85292
1962,85324
1280,85356
1496,85388
1214,85420
1022,85452
761,85484
504,85516
301,85548
139,85580
31,85612
601,85644
477,85676
760,85708
935,85740
1211,85772
1447,85804
1674,85836
1911,85868
2060,85900
1511,85932
1320,85964
1449,85996
871,86028
987,86060
376,86092
524,86124
269,86156
0,86188
488,86220
718,86252
633,86284
1165,86316
1360,86348
1677,86380
1832,86412
1679,86444
2299,86476
1631,86508
1432,86540
1550,86572
968,86604
793,86636
862,86668
342,86700
395,86732
0,86764
0,86796
139,86828
395,86860
1097,86892
844,86924
1128,86956
1721,86988
1578,87020
1819,87052
1884,87084
1643,87116
1837,87148
1479,87180
1367,87212
1087,87244
784,87276
631,87308
362,87340
141,87372
350,87404
544,87436
800,87468
1001,87500
1230,87532
1455,87564
1692,87596
1560,87628
2159,87660
1744,87692
1574,87724
1278,87756
1104,87788
923,87820
655,87852
471,87884
247,87916
18,87948
0,87980
29,88012
685,88044
927,88076
761,88108
1375,88140
1583,88172
1481,88204
2045,88236
2248,88268
2155,88300
1839,88332
1228,88364
1451,88396
768,88428
552,88460
729,88492
93,88524
0,88556
220,88588
110,88620
672,88652
542,88684
830,88716
988,88748
1216,88780
1963,88812
1706,88844
1898,88876
2077,88908
1428,88940
1245,88972
968,89004
792,89036
967,89068
651,89100
503,89132
231,89164
264,89196
559,89228
794,89260
1005,89292
1248,89324
1436,89356
1710,89388
1911,89420
2109,89452
2203,89484
1936,89516
1340,89548
1467,89580
880,89612
714,89644
430,89676
265,89708
39,89740
0,89772
24,89804
295,89836
474,89868
743,89900
876,89932
1197,89964
1799,89996
1614,90028
2264,90060
2185,90092
1575,90124
1707,90156
1472,90188
923,90220
1005,90252
747,90284
587,90316
283,90348
0,90380
431,90412
253,90444
509,90476
1082,90508
956,90540
1238,90572
1776,90604
1704,90636
2238,90668
1692,90700
1529,90732
1224,90764
1024,90796
1273,90828
575,90860
394,90892
124,90924
0,90956
0,90988
474,91020
383,91052
1015,91084
1118,91116
1469,91148
1661,91180
1934,91212
2125,91244
2268,91276
2073,91308
1800,91340
1532,91372
1328,91404
1067,91436
844,91468
607,91500
381,91532
0,91564
256,91596
144,91628
424,91660
590,91692
874,91724
1144,91756
1324,91788
1606,91820
2106,91852
1900,91884
1671,91916
1338,91948
1563,91980
1339,92012
714,92044
873,92076
619,92108
71,92140
133,92172
336,92204
635,92236
792,92268
654,92300
1327,92332
1102,92364
1328,92396
1996,92428
1800,92460
1774,92492
1900,92524
1306,92556
1422,92588
832,92620
680,92652
368,92684
154,92716
410,92748
0,92780
68,92812
681,92844
506,92876
780,92908
1372,92940
1228,92972
1885,93004
2028,93036
2359,93068
2139,93100
1945,93132
1661,93164
1434,93196
1191,93228
827,93260
703,93292
505,93324
240,93356
205,93388
460,93420
663,93452
541,93484
1119,93516
989,93548
1272,93580
1450,93612
1737,93644
1915,93676
1684,93708
1450,93740
1530,93772
989,93804
810,93836
926,93868
349,93900
475,93932
0,93964
347,93996
553,94028
416,94060
1003,94092
1239,94124
1143,94156
1694,94188
1897,94220
2213,94252
2189,94284
1578,94316
1759,94348
1112,94380
910,94412
1024,94444
459,94476
572,94508
345,94540
0,94572
333,94604
201,94636
503,94668
650,94700
908,94732
1613,94764
1358,94796
1642,94828
2249,94860
1819,94892
1591,94924
1688,94956
1129,94988
1307,95020
958,95052
845,95084
571,95116
383,95148
213,95180
410,95212
671,95244
862,95276
1065,95308
1322,95340
1518,95372
1756,95404
1720,95436
2223,95468
1680,95500
1820,95532
1226,95564
1054,95596
766,95628
600,95660
411,95692
140,95724
0,95756
0,95788
172,95820
406,95852
540,95884
1208,95916
1450,95948
1272,95980
1911,96012
2111,96044
2240,96076
2048,96108
1792,96140
1627,96172
1310,96204
718,96236
936,96268
263,96300
39,96332
205,96364
0,96396
538,96428
734,96460
622,96492
1193,96524
1050,96556
1354,96588
1503,96620
1742,96652
2331,96684
2013,96716
1369,96748
1551,96780
908,96812
732,96844
862,96876
279,96908
443,96940
115,96972
439,97004
623,97036
891,97068
1081,97100
1306,97132
1529,97164
1772,97196
1968,97228
2248,97260
2143,97292
1883,97324
1338,97356
1408,97388
825,97420
953,97452
378,97484
203,97516
0,97548
0,97580
88,97612
310,97644
538,97676
807,97708
986,97740
1256,97772
1388,97804
1721,97836
2328,97868
1742,97900
1915,97932
1645,97964
1404,97996
1181,98028
956,98060
413,98092
492,98124
223,98156
295,98188
446,98220
314,98252
953,98284
763,98316
1023,98348
1598,98380
1478,98412
1766,98444
2251,98476
1714,98508
1776,98540
1168,98572
1015,98604
1193,98636
520,98668
761,98700
60,98732
0,98764
335,98796
216,98828
443,98860
986,98892
892,98924
1531,98956
1353,98988
2007,99020
2189,99052
2301,99084
2021,99116
1740,99148
1543,99180
1264,99212
1008,99244
488,99276
556,99308
330,99340
73,99372
317,99404
192,99436
768,99468
652,99500
935,99532
1100,99564
1388,99596
1660,99628
1851,99660
1844,99692
1881,99724
1371,99756
1147,99788
828,99820
1036,99852
816,99884
552,99916
351,99948
202,99980
121,100012
664,100044
857,100076
1151,100108
1306,100140
1164,100172
1854,100204
1616,100236
1856,100268
2124,100300
1450,100332
1256,100364
1372,100396
803,100428
910,100460
318,100492
164,100524
329,100556
0,100588
584,100620
344,100652
571,100684
1197,100716
1018,100748
1302,100780
1898,100812
1757,100844
2363,100876
1704,100908
1886,100940
1611,100972
1416,101004
1142,101036
920,101068
681,101100
456,101132
186,101164
0,101196
523,101228
718,101260
973,101292
1176,101324
1050,101356
1632,101388
1502,101420
1799,101452
1802,101484
1627,101516
1388,101548
1162,101580
938,101612
1004,101644
488,101676
295,101708
409,101740
0,101772
412,101804
604,101836
862,101868
1067,101900
935,101932
1517,101964
1760,101996
1661,102028
2224,102060
2138,102092
1977,102124
1662,102156
1053,102188
1241,102220
592,102252
399,102284
510,102316
0,102348
155,102380
395,102412
339,102444
555,102476
714,102508
1004,102540
1163,102572
1418,102604
2151,102636
1883,102668
1768,102700
1901,102732
1302,102764
1069,102796
842,102828
617,102860
793,102892
444,102924
327,102956
281,102988
555,103020
735,103052
924,103084
767,103116
1384,103148
1582,103180
1849,103212
2047,103244
2234,103276
1994,103308
1757,103340
1164,103372
1295,103404
716,103436
540,103468
264,103500
90,103532
0,103564
0,103596
233,103628
459,103660
685,103692
910,103724
1500,103756
1735,103788
1979,103820
1800,103852
2267,103884
1997,103916
1434,103948
1528,103980
1260,104012
1101,104044
796,104076
203,104108
410,104140
0,104172
0,104204
603,104236
426,104268
1053,104300
1248,104332
1132,104364
1414,104396
1567,104428
1880,104460
1742,104492
1516,104524
1799,104556
1080,104588
858,104620
1033,104652
404,104684
223,104716
0,104748
0,104780
501,104812
639,104844
957,104876
1143,104908
1405,104940
1605,104972
1838,105004
1625,105036
2302,105068
2091,105100
1888,105132
1616,105164
1355,105196
1149,105228
893,105260
669,105292
440,105324
0,105356
0,105388
92,105420
366,105452
599,105484
822,105516
1050,105548
1310,105580
1499,105612
1783,105644
2319,105676
1722,105708
1862,105740
1220,105772
1385,105804
1129,105836
551,105868
667,105900
440,105932
0,105964
315,105996
509,106028
811,106060
959,106092
826,106124
1469,106156
1277,106188
1534,106220
2136,106252
1833,106284
1644,106316
1724,106348
1180,106380
1246,106412
656,106444
504,106476
203,106508
10,106540
217,106572
8,106604
280,106636
457,106668
728,106700
955,106732
1504,106764
1413,106796
2063,106828
1879,106860
2247,106892
1963,106924
1644,106956
1485,106988
1214,107020
1021,107052
760,107084
495,107116
298,107148
139,107180
379,107212
606,107244
830,107276
714,107308
1291,107340
1162,107372
1447,107404
1624,107436
1914,107468
1783,107500
1502,107532
1321,107564
1086,107596
858,107628
635,107660
316,107692
523,107724
299,107756
0,107788
521,107820
728,107852
633,107884
1179,107916
1368,107948
1687,107980
1836,108012
1688,108044
2331,108076
1627,108108
1401,108140
1592,108172
940,108204
744,108236
858,108268
294,108300
394,108332
0,108364
1,108396
141,108428
366,108460
1096,108492
847,108524
1080,108556
1723,108588
1533,108620
1818,108652
2255,108684
1643,108716
1833,108748
1179,108780
1358,108812
1085,108844
782,108876
631,108908
396,108940
139,108972
396,109004
585,109036
844,109068
1037,109100
1232,109132
1496,109164
1696,109196
1564,109228
2168,109260
1741,109292
1564,109324
1276,109356
1102,109388
879,109420
650,109452
426,109484
237,109516
0,109548
0,109580
461,109612
347,109644
935,109676
762,109708
1382,109740
1584,109772
1448,109804
2047,109836
2296,109868
1783,109900
1880,109932
1600,109964
1451,109996
1134,110028
542,110060
729,110092
91,110124
0,110156
222,110188
112,110220
680,110252
908,110284
841,110316
1358,110348
1226,110380
1527,110412
1679,110444
1894,110476
2153,110508
1418,110540
1242,110572
1373,110604
780,110636
565,110668
340,110700
104,110732
267,110764
270,110796
617,110828
797,110860
1067,110892
1255,110924
1439,110956
1709,110988
1912,111020
2111,111052
2204,111084
1934,111116
1704,111148
1465,111180
1232,111212
653,111244
779,111276
206,111308
29,111340
0,111372
27,111404
295,111436
477,111468
747,111500
973,111532
1207,111564
1431,111596
1564,111628
2264,111660
2219,111692
1562,111724
1735,111756
1468,111788
919,111820
1004,111852
735,111884
143,111916
282,111948
0,111980
471,112012
254,112044
486,112076
1120,112108
938,112140
1579,112172
1784,112204
1654,112236
2248,112268
1690,112300
1526,112332
1216,112364
999,112396
1271,112428
572,112460
344,112492
509,112524
0,112556
0,112588
120,112620
391,112652
1019,112684
1161,112716
1477,112748
1663,112780
1944,112812
2137,112844
2312,112876
2063,112908
1838,112940
1562,112972
1368,113004
1098,113036
832,113068
637,113100
381,113132
0,113164
256,113196
154,113228
426,113260
600,113292
876,113324
1102,113356
1326,113388
1564,113420
1847,113452
1854,113484
1659,113516
1790,113548
1197,113580
1336,113612
710,113644
871,113676
615,113708
30,113740
123,113772
379,113804
557,113836
832,113868
1022,113900
1337,113932
1482,113964
1340,113996
1995,114028
1803,114060
1772,114092
1898,114124
1305,114156
1128,114188
1196,114220
678,114252
730,114284
155,114316
0,114348
0,114380
70,114412
761,114444
509,114476
780,114508
967,114540
1238,114572
1468,114604
2032,114636
1932,114668
2187,114700
1528,114732
1709,114764
1431,114796
1241,114828
967,114860
700,114892
503,114924
238,114956
206,114988
464,115020
665,115052
894,115084
1118,115116
1352,115148
1224,115180
1817,115212
1677,115244
1916,115276
1626,115308
1450,115340
1258,115372
988,115404
807,115436
573,115468
348,115500
123,115532
0,115564
347,115596
587,115628
424,115660
1039,115692
1243,115724
1420,115756
1696,115788
1899,115820
2217,115852
2188,115884
1566,115916
1801,115948
1112,115980
878,116012
1066,116044
427,116076
232,116108
344,116140
0,116172
336,116204
205,116236
503,116268
652,116300
878,116332
1614,116364
1783,116396
1594,116428
2253,116460
1770,116492
1590,116524
1724,116556
1126,116588
1303,116620
667,116652
842,116684
571,116716
379,116748
221,116780
458,116812
677,116844
910,116876
1098,116908
1368,116940
1562,116972
1758,117004
2025,117036
2224,117068
1680,117100
1818,117132
1216,117164
1050,117196
765,117228
589,117260
375,117292
430,117324
0,117356
0,117388
139,117420
408,117452
983,117484
860,117516
1451,117548
1274,117580
1913,117612
2121,117644
2282,117676
2047,117708
1821,117740
1257,117772
1344,117804
1083,117836
925,117868
620,117900
33,117932
203,117964
0,117996
176,118028
744,118060
632,118092
1194,118124
1424,118156
1365,118188
1896,118220
1743,118252
1879,118284
2063,118316
1368,118348
1623,118380
909,118412
730,118444
857,118476
268,118508
45,118540
0,118572
55,118604
671,118636
782,118668
1133,118700
1321,118732
1591,118764
1783,118796
1978,118828
2247,118860
2142,118892
1871,118924
1672,118956
1406,118988
1182,119020
944,119052
719,119084
151,119116
267,119148
0,119180
90,119212
263,119244
538,119276
808,119308
988,119340
1259,119372
1485,119404
1723,119436
1960,119468
1678,119500
1911,119532
1680,119564
1402,119596
1211,119628
953,119660
407,119692
491,119724
222,119756
297,119788
448,119820
318,119852
988,119884
766,119916
999,119948
1647,119980
1451,120012
2110,120044
2250,120076
1646,120108
1774,120140
1166,120172
1012,120204
1191,120236
488,120268
749,120300
59,120332
0,120364
345,120396
182,120428
445,120460
631,120492
903,120524
1533,120556
1678,120588
2007,120620
2199,120652
2297,120684
2011,120716
1774,120748
1533,120780
1312,120812
1038,120844
846,120876
584,120908
318,120940
103,120972
320,121004
206,121036
780,121068
653,121100
938,121132
1103,121164
1388,121196
1625,121228
1854,121260
1799,121292
1607,121324
1335,121356
1144,121388
816,121420
686,121452
813,121484
539,121516
344,121548
205,121580
89,121612
664,121644
896,121676
807,121708
1344,121740
1536,121772
1862,121804
2011,121836
1866,121868
2119,121900
1452,121932
1254,121964
1370,121996
793,122028
618,122060
683,122092
158,122124
0,122156
0,122188
167,122220
318,122252
574,122284
1273,122316
1020,122348
1302,122380
1481,122412
1758,122444
1941,122476
2029,122508
1465,122540
1647,122572
1007,122604
1183,122636
909,122668
729,122700
453,122732
184,122764
333,122796
526,122828
730,122860
984,122892
1181,122924
1416,122956
1643,122988
1880,123020
1740,123052
2168,123084
1564,123116
1388,123148
1102,123180
935,123212
746,123244
486,123276
296,123308
320,123340
0,123372
70,123404
639,123436
871,123468
1104,123500
936,123532
1563,123564
1769,123596
1670,123628
2224,123660
2127,123692
1977,123724
1656,123756
1052,123788
1272,123820
592,123852
367,123884
552,123916
0,123948
0,123980
398,124012
292,124044
568,124076
717,124108
1013,124140
1163,124172
1401,124204
2153,124236
1895,124268
1718,124300
1901,124332
1245,124364
1068,124396
1198,124428
616,124460
792,124492
159,124524
316,124556
283,124588
555,124620
743,124652
972,124684
767,124716
1432,124748
1624,124780
1897,124812
2090,124844
2232,124876
2025,124908
1758,124940
1164,124972
1293,125004
713,125036
540,125068
254,125100
89,125132
0,125164
0,125196
202,125228
718,125260
652,125292
920,125324
1501,125356
1373,125388
1979,125420
1800,125452
2263,125484
1997,125516
1385,125548
1519,125580
1294,125612
749,125644
830,125676
560,125708
409,125740
87,125772
0,125804
617,125836
428,125868
684,125900
1259,125932
1135,125964
1418,125996
1952,126028
1880,126060
2125,126092
1512,126124
1352,126156
1050,126188
848,126220
1098,126252
395,126284
218,126316
333,126348
0,126380
107,126412
343,126444
557,126476
1183,126508
1296,126540
1657,126572
1849,126604
1999,126636
2313,126668
2091,126700
1883,126732
1614,126764
1353,126796
1148,126828
890,126860
665,126892
430,126924
205,126956
0,126988
440,127020
318,127052
600,127084
766,127116
1050,127148
1320,127180
1512,127212
1785,127244
1958,127276
1719,127308
1483,127340
1160,127372
1383,127404
1163,127436
536,127468
695,127500
431,127532
0,127564
317,127596
510,127628
813,127660
969,127692
826,127724
1513,127756
1280,127788
1515,127820
2173,127852
1802,127884
1595,127916
1721,127948
1128,127980
1244,128012
654,128044
502,128076
200,128108
0,128140
225,128172
18,128204
236,128236
859,128268
682,128300
956,128332
1142,128364
1415,128396
2071,128428
2208,128460
2237,128492
1951,128524
1640,128556
1483,128588
1258,128620
1015,128652
794,128684
524,128716
330,128748
184,128780
382,128812
637,128844
840,128876
713,128908
1293,128940
1164,128972
1451,129004
1626,129036
1917,129068
1738,129100
1500,129132
1271,129164
1083,129196
823,129228
632,129260
316,129292
174,129324
170,129356
0,129388
523,129420
729,129452
599,129484
1179,129516
1418,129548
1321,129580
1880,129612
2077,129644
2329,129676
2010,129708
1391,129740
1582,129772
935,129804
744,129836
858,129868
286,129900
107,129932
166,129964
3,129996
506,130028
378,130060
679,130092
826,130124
1083,130156
1800,130188
1534,130220
1822,130252
1832,130284
1640,130316
1407,130348
1501,130380
951,130412
1131,130444
780,130476
667,130508
395,130540
195,130572
397,130604
590,130636
845,130668
1040,130700
1241,130732
1500,130764
1707,130796
1936,130828
2173,130860
2108,130892
1502,130924
1640,130956
1040,130988
874,131020
591,131052
424,131084
232,131116
0,131148
0,131180
380,131212
350,131244
583,131276
715,131308
1387,131340
1629,131372
1450,131404
2091,131436
2297,131468
1784,131500
1869,131532
1596,131564
1447,131596
1133,131628
540,131660
760,131692
89,131724
0,131756
267,131788
91,131820
356,131852
920,131884
796,131916
1370,131948
1227,131980
1529,132012
1680,132044
1854,132076
2151,132108
1417,132140
1191,132172
1369,132204
734,132236
556,132268
684,132300
103,132332
253,132364
309,132396
616,132428
799,132460
1070,132492
1259,132524
1496,132556
1719,132588
1960,132620
2154,132652
2238,132684
1967,132716
1695,132748
1496,132780
1230,132812
652,132844
776,132876
201,132908
29,132940
0,132972
38,133004
263,133036
486,133068
714,133100
1240,133132
1162,133164
1434,133196
2031,133228
1900,133260
2206,133292
1562,133324
1735,133356
1468,133388
873,133420
1003,133452
778,133484
237,133516
314,133548
168,133580
473,133612
623,133644
490,133676
1131,133708
940,133740
1196,133772
1784,133804
1659,133836
2251,133868
2064,133900
1524,133932
1594,133964
992,133996
839,134028
528,134060
345,134092
585,134124
0,134156
0,134188
511,134220
394,134252
619,134284
1164,134316
1068,134348
1721,134380
1832,134412
2189,134444
2311,134476
2121,134508
1833,134540
1562,134572
1357,134604
1096,134636
830,134668
636,134700
378,134732
140,134764
23,134796
495,134828
376,134860
953,134892
831,134924
1112,134956
1276,134988
1573,135020
1847,135052
1850,135084
1657,135116
1423,135148
1194,135180
971,135212
650,135244
860,135276
640,135308
29,135340
171,135372
383,135404
567,135436
841,135468
1034,135500
1337,135532
1486,135564
1342,135596
2041,135628
1804,135660
1743,135692
1932,135724
1274,135756
1453,135788
1196,135820
620,135852
732,135884
144,135916
0,135948
0,135980
43,136012
759,136044
921,136076
745,136108
1373,136140
1194,136172
1470,136204
2080,136236
1944,136268
2174,136300
1853,136332
1707,136364
1423,136396
1229,136428
959,136460
734,136492
504,136524
280,136556
248,136588
508,136620
701,136652
895,136684
826,136716
1355,136748
1224,136780
1820,136812
1689,136844
1914,136876
1615,136908
1448,136940
1213,136972
986,137004
761,137036
571,137068
311,137100
119,137132
0,137164
17,137196
589,137228
428,137260
1037,137292
1242,137324
1467,137356
1696,137388
1946,137420
1847,137452
2223,137484
1950,137516
1791,137548
1481,137580
877,137612
1066,137644
424,137676
234,137708
334,137740
0,137772
58,137804
575,137836
506,137868
1023,137900
888,137932
1181,137964
1837,137996
1600,138028
2329,138060
1769,138092
1580,138124
1721,138156
1116,138188
891,138220
984,138252
439,138284
607,138316
0,138348
269,138380
459,138412
733,138444
919,138476
1100,138508
1369,138540
1564,138572
1760,138604
1690,138636
2234,138668
2046,138700
1816,138732
1577,138764
986,138796
1115,138828
539,138860
362,138892
90,138924
0,138956
0,138988
152,139020
413,139052
894,139084
861,139116
1094,139148
1226,139180
1915,139212
2159,139244
2272,139276
2079,139308
1817,139340
1255,139372
1341,139404
1080,139436
925,139468
620,139500
31,139532
230,139564
0,139596
155,139628
784,139660
604,139692
858,139724
1436,139756
1318,139788
1898,139820
1755,139852
1878,139884
2059,139916
1337,139948
1609,139980
895,140012
682,140044
857,140076
222,140108
52,140140
154,140172
56,140204
668,140236
505,140268
1132,140300
1319,140332
1593,140364
1785,140396
2016,140428
2249,140460
2188,140492
1904,140524
1272,140556
1437,140588
1177,140620
973,140652
717,140684
142,140716
253,140748
0,140780
90,140812
266,140844
542,140876
776,140908
992,140940
1223,140972
1769,141004
1687,141036
1961,141068
2141,141100
1543,141132
1685,141164
1401,141196
1208,141228
943,141260
363,141292
479,141324
256,141356
282,141388
496,141420
686,141452
989,141484
1143,141516
1000,141548
1657,141580
1454,141612
1722,141644
2238,141676
1645,141708
1770,141740
1535,141772
1010,141804
791,141836
476,141868
329,141900
26,141932
0,141964
411,141996
184,142028
456,142060
1033,142092
903,142124
1131,142156
1356,142188
1591,142220
2251,142252
2170,142284
2061,142316
1775,142348
1579,142380
1305,142412
1036,142444
427,142476
576,142508
318,142540
119,142572
330,142604
557,142636
780,142668
1007,142700
888,142732
1469,142764
1340,142796
1628,142828
1803,142860
1789,142892
1597,142924
1323,142956
1143,142988
919,143020
684,143052
459,143084
572,143116
343,143148
239,143180
90,143212
701,143244
905,143276
810,143308
1356,143340
1548,143372
1865,143404
2014,143436
1869,143468
2152,143500
1449,143532
1213,143564
1404,143596
763,143628
937,143660
682,143692
110,143724
0,143756
0,143788
168,143820
317,143852
552,143884
1271,143916
1023,143948
1258,143980
1910,144012
1718,144044
1932,144076
1652,144108
1462,144140
1643,144172
1321,144204
1179,144236
907,144268
717,144300
445,144332
212,144364
0,144396
572,144428
762,144460
1022,144492
1215,144524
1417,144556
1678,144588
1883,144620
1751,144652
2160,144684
1563,144716
1386,144748
1100,144780
924,144812
702,144844
474,144876
247,144908
57,144940
0,144972
72,145004
638,145036
522,145068
1111,145100
936,145132
1563,145164
1771,145196
1627,145228
2235,145260
2168,145292
1595,145324
1692,145356
1419,145388
1271,145420
959,145452
366,145484
543,145516
0,145548
0,145580
400,145612
298,145644
572,145676
1086,145708
1016,145740
1536,145772
1402,145804
1707,145836
1866,145868
1708,145900
1965,145932
1242,145964
1064,145996
794,146028
604,146060
391,146092
463,146124
0,146156
331,146188
168,146220
793,146252
975,146284
1132,146316
1433,146348
1628,146380
1899,146412
2094,146444
2222,146476
2016,146508
1755,146540
1519,146572
1279,146604
1056,146636
475,146668
601,146700
26,146732
0,146764
0,146796
204,146828
471,146860
662,146892
922,146924
1147,146956
1384,146988
1611,147020
1752,147052
2254,147084
2031,147116
1384,147148
1551,147180
1291,147212
743,147244
829,147276
567,147308
407,147340
100,147372
0,147404
648,147436
431,147468
665,147500
1306,147532
1114,147564
1371,147596
1964,147628
1834,147660
2120,147692
1502,147724
1340,147756
1040,147788
816,147820
1095,147852
394,147884
170,147916
335,147948
0,147980
116,148012
698,148044
565,148076
1193,148108
1016,148140
1657,148172
1849,148204
1999,148236
2317,148268
2128,148300
1883,148332
1656,148364
1376,148396
1182,148428
921,148460
654,148492
460,148524
200,148556
0,148588
442,148620
329,148652
604,148684
768,148716
1060,148748
1287,148780
1512,148812
1741,148844
1949,148876
1675,148908
1481,148940
1611,148972
1019,149004
1149,149036
534,149068
685,149100
429,149132
0,149164
320,149196
557,149228
471,149260
1008,149292
1208,149324
1513,149356
1662,149388
1517,149420
2185,149452
1790,149484
1595,149516
1710,149548
1128,149580
1242,149612
1020,149644
500,149676
557,149708
0,149740
0,149772
0,149804
238,149836
939,149868
686,149900
964,149932
1550,149964
1416,149996
1655,150028
1883,150060
1815,150092
1997,150124
1643,150156
1529,150188
1245,150220
1063,150252
793,150284
524,150316
329,150348
188,150380
384,150412
650,150444
843,150476
1071,150508
1303,150540
1531,150572
1400,150604
1998,150636
1866,150668
1736,150700
1445,150732
1270,150764
1081,150796
810,150828
631,150860
397,150892
172,150924
0,150956
0,150988
525,151020
767,151052
602,151084
1215,151116
1418,151148
1322,151180
1883,151212
2080,151244
1851,151276
1999,151308
1388,151340
1615,151372
928,151404
703,151436
889,151468
252,151500
424,151532
156,151564
0,151596
511,151628
379,151660
680,151692
829,151724
1064,151756
1803,151788
1546,151820
1782,151852
2247,151884
1590,151916
1404,151948
1130,151980
948,152012
1118,152044
811,152076
664,152108
391,152140
199,152172
409,152204
634,152236
847,152268
1088,152300
1276,152332
1546,152364
1741,152396
1946,152428
2206,152460
2106,152492
1500,152524
1629,152556
1040,152588
872,152620
588,152652
420,152684
199,152716
0,152748
0,152780
135,152812
317,152844
585,152876
1161,152908
1035,152940
1637,152972
1452,153004
2094,153036
2301,153068
1735,153100
1867,153132
1632,153164
1354,153196
1166,153228
907,153260
749,153292
443,153324
0,153356
269,153388
569,153420
358,153452
920,153484
807,153516
1080,153548
1612,153580
1532,153612
2076,153644
1854,153676
1693,153708
1387,153740
1190,153772
1435,153804
731,153836
552,153868
281,153900
94,153932
0,153964
304,153996
221,154028
859,154060
681,154092
1309,154124
1487,154156
1771,154188
1963,154220
2154,154252
2234,154284
1964,154316
1694,154348
1496,154380
1225,154412
1000,154444
766,154476
541,154508
0,154540
87,154572
0,154604
264,154636
432,154668
716,154700
984,154732
1166,154764
1434,154796
1673,154828
1900,154860
1831,154892
1497,154924
1724,154956
1499,154988
872,155020
1035,155052
776,155084
495,155116
313,155148
172,155180
477,155212
634,155244
491,155276
1165,155308
943,155340
1175,155372
1832,155404
1638,155436
1898,155468
2064,155500
1468,155532
1582,155564
988,155596
832,155628
527,155660
314,155692
572,155724
279,155756
0,155788
521,155820
348,155852
630,155884
1210,155916
1076,155948
1721,155980
1533,156012
2185,156044
2303,156076
2109,156108
1831,156140
1598,156172
1353,156204
1134,156236
862,156268
668,156300
407,156332
139,156364
300,156396
495,156428
380,156460
955,156492
831,156524
1114,156556
1289,156588
1576,156620
1815,156652
1847,156684
1611,156716
1420,156748
1159,156780
967,156812
1087,156844
509,156876
635,156908
23,156940
167,156972
392,157004
608,157036
843,157068
1072,157100
981,157132
1530,157164
1726,157196
2041,157228
2192,157260
1736,157292
1932,157324
1272,157356
1070,157388
1184,157420
620,157452
729,157484
504,157516
0,157548
170,157580
44,157612
343,157644
969,157676
748,157708
1449,157740
1197,157772
1480,157804
2087,157836
1944,157868
1755,157900
1516,157932
1287,157964
1467,157996
1117,158028
1005,158060
733,158092
550,158124
269,158156
252,158188
509,158220
704,158252
905,158284
1162,158316
1358,158348
1596,158380
1822,158412
2062,158444
1850,158476
1983,158508
1386,158540
1210,158572
924,158604
758,158636
569,158668
300,158700
119,158732
0,158764
24,158796
247,158828
377,158860
1047,158892
1287,158924
1467,158956
1743,158988
1947,159020
1850,159052
2219,159084
1949,159116
1789,159148
1470,159180
875,159212
1097,159244
415,159276
200,159308
376,159340
0,159372
379,159404
573,159436
462,159468
1034,159500
891,159532
1190,159564
1836,159596
1578,159628
2331,159660
1766,159692
1528,159724
1721,159756
1068,159788
892,159820
616,159852
437,159884
606,159916
288,159948
277,159980
461,160012
732,160044
911,160076
1148,160108
1369,160140
1614,160172
1804,160204
2076,160236
2271,160268
2044,160300
1839,160332
1568,160364
986,160396
1113,160428
539,160460
362,160492
78,160524
0,160556
0,160588
153,160620
376,160652
647,160684
825,160716
1098,160748
1228,160780
1559,160812
2167,160844
2279,160876
2086,160908
1817,160940
1209,160972
1339,161004
1114,161036
569,161068
650,161100
384,161132
221,161164
296,161196
157,161228
793,161260
603,161292
861,161324
1435,161356
1320,161388
1598,161420
2139,161452
1867,161484
1639,161516
1326,161548
1175,161580
871,161612
677,161644
921,161676
219,161708
41,161740
0,161772
58,161804
284,161836
826,161868
731,161900
1371,161932
1193,161964
1835,161996
2027,162028
2310,162060
2185,162092
1902,162124
1705,162156
1438,162188
1168,162220
970,162252
714,162284
487,162316
251,162348
157,162380
44,162412
615,162444
491,162476
776,162508
940,162540
1226,162572
1498,162604
1690,162636
1965,162668
2043,162700
1530,162732
1305,162764
1434,162796
1198,162828
974,162860
360,162892
511,162924
252,162956
0,162988
503,163020
696,163052
1001,163084
1145,163116
1005,163148
1691,163180
1465,163212
1702,163244
2284,163276
1614,163308
1414,163340
1534,163372
954,163404
778,163436
475,163468
316,163500
24,163532
0,163564
425,163596
184,163628
408,163660
1037,163692
859,163724
1140,163756
1728,163788
1593,163820
2251,163852
1869,163884
2056,163916
1771,163948
1579,163980
1295,164012
1080,164044
426,164076
618,164108
346,164140
153,164172
363,164204
559,164236
824,164268
1017,164300
891,164332
1472,164364
1343,164396
1638,164428
1807,164460
1788,164492
1559,164524
1322,164556
1096,164588
1167,164620
637,164652
456,164684
569,164716
4,164748
245,164780
93,164812
700,164844
907,164876
777,164908
1357,164940
1597,164972
1501,165004
2060,165036
2264,165068
2141,165100
1822,165132
1213,165164
1401,165196
751,165228
567,165260
671,165292
109,165324
0,165356
234,165388
168,165420
845,165452
554,165484
855,165516
999,165548
1260,165580
1989,165612
1720,165644
1929,165676
2063,165708
1461,165740
1229,165772
1002,165804
777,165836
953,165868
603,165900
491,165932
205,165964
283,165996
575,166028
776,166060
1021,166092
1226,166124
1421,166156
1680,166188
1883,166220
2124,166252
2159,166284
1928,166316
1322,166348
1450,166380
872,166412
698,166444
422,166476
248,166508
61,166540
0,166572
76,166604
311,166636
535,166668
761,166700
890,166732
1565,166764
1815,166796
1630,166828
2271,166860
2167,166892
1593,166924
1693,166956
1419,166988
1261,167020
955,167052
364,167084
571,167116
0,167148
0,167180
444,167212
268,167244
526,167276
1096,167308
970,167340
1548,167372
1406,167404
1716,167436
1868,167468
1676,167500
1962,167532
1231,167564
1014,167596
1193,167628
554,167660
382,167692
116,167724
0,167756
332,167788
486,167820
796,167852
985,167884
1133,167916
1437,167948
1676,167980
1898,168012
2142,168044
2254,168076
2060,168108
1783,168140
1516,168172
1311,168204
1051,168236
475,168268
600,168300
25,168332
0,168364
0,168396
206,168428
439,168460
664,168492
888,168524
1159,168556
1339,168588
1612,168620
1753,168652
1886,168684
2027,168716
1374,168748
1547,168780
1280,168812
701,168844
825,168876
602,168908
57,168940
135,168972
350,169004
649,169036
809,169068
668,169100
1306,169132
1119,169164
1382,169196
1964,169228
1840,169260
1814,169292
1885,169324
1340,169356
1407,169388
814,169420
665,169452
352,169484
169,169516
397,169548
0,169580
120,169612
297,169644
568,169676
797,169708
1340,169740
1244,169772
1899,169804
2008,169836
2377,169868
2123,169900
1929,169932
1645,169964
1374,169996
1177,170028
920,170060
656,170092
458,170124
192,170156
220,170188
445,170220
670,170252
552,170284
1130,170316
1002,170348
1288,170380
1456,170412
1752,170444
1944,170476
1671,170508
1479,170540
1514,170572
1018,170604
795,170636
474,170668
683,170700
458,170732
0,170764
359,170796
569,170828
474,170860
1017,170892
1211,170924
1517,170956
1673,170988
1518,171020
2223,171052
1791,171084
1562,171116
1754,171148
1099,171180
902,171212
1016,171244
443,171276
554,171308
0,171340
0,171372
0,171404
217,171436
926,171468
697,171500
920,171532
1562,171564
1370,171596
1656,171628
2267,171660
1804,171692
1995,171724
1671,171756
1527,171788
1245,171820
1063,171852
781,171884
558,171916
317,171948
234,171980
416,172012
684,172044
886,172076
1072,172108
1337,172140
1535,172172
1404,172204
2009,172236
1868,172268
1725,172300
1437,172332
1260,172364
1035,172396
810,172428
585,172460
655,172492
136,172524
0,172556
301,172588
189,172620
765,172652
604,172684
1227,172716
1423,172748
1288,172780
1885,172812
2124,172844
1947,172876
2042,172908
1769,172940
1611,172972
1295,173004
696,173036
887,173068
249,173100
58,173132
154,173164
0,173196
512,173228
748,173260
690,173292
1210,173324
1066,173356
1367,173388
1517,173420
1784,173452
2317,173484
1582,173516
1404,173548
1533,173580
939,173612
716,173644
810,173676
265,173708
427,173740
91,173772
457,173804
637,173836
909,173868
1097,173900
1278,173932
1546,173964
1742,173996
1947,174028
2218,174060
2096,174092
1868,174124
1367,174156
1391,174188
812,174220
938,174252
362,174284
187,174316
0,174348
0,174380
136,174412
326,174444
588,174476
815,174508
1036,174540
1275,174572
1402,174604
2103,174636
2348,174668
1733,174700
1899,174732
1632,174764
1354,174796
1165,174828
904,174860
745,174892
442,174924
0,174956
302,174988
103,175020
319,175052
960,175084
778,175116
1416,175148
1616,175180
1486,175212
2078,175244
1852,175276
1690,175308
1374,175340
1158,175372
1432,175404
1129,175436
506,175468
669,175500
54,175532
0,175564
348,175596
233,175628
859,175660
1002,175692
1309,175724
1499,175756
1775,175788
1965,175820
2204,175852
2232,175884
1998,175916
1724,175948
1520,175980
1258,176012
992,176044
473,176076
541,176108
0,176140
87,176172
0,176204
268,176236
442,176268
714,176300
951,176332
1174,176364
1402,176396
1674,176428
1866,176460
1831,176492
1496,176524
1367,176556
1497,176588
862,176620
1021,176652
765,176684
528,176716
311,176748
218,176780
139,176812
668,176844
864,176876
1167,176908
1320,176940
1179,176972
1836,177004
1641,177036
1902,177068
2063,177100
1464,177132
1290,177164
1357,177196
828,177228
892,177260
303,177292
151,177324
315,177356
0,177388
591,177420
358,177452
990,177484
1213,177516
1080,177548
1307,177580
1870,177612
1771,177644
2349,177676
1691,177708
1879,177740
1595,177772
1401,177804
1129,177836
860,177868
665,177900
400,177932
137,177964
0,177996
506,178028
732,178060
958,178092
1192,178124
1064,178156
1644,178188
1518,178220
1814,178252
1788,178284
1612,178316
1419,178348
1148,178380
958,178412
990,178444
506,178476
283,178508
0,178540
171,178572
428,178604
617,178636
876,178668
1083,178700
986,178732
1535,178764
1738,178796
2045,178828
2200,178860
1727,178892
1965,178924
1262,178956
1038,178988
1226,179020
585,179052
392,179084
504,179116
0,179148
173,179180
46,179212
344,179244
971,179276
729,179308
1452,179340
1199,179372
1436,179404
2089,179436
1900,179468
1752,179500
1888,179532
1287,179564
1467,179596
836,179628
1002,179660
729,179692
539,179724
265,179756
288,179788
509,179820
752,179852
941,179884
792,179916
1392,179948
1596,179980
1864,180012
2063,180044
1848,180076
1981,180108
1375,180140
1208,180172
922,180204
750,180236
524,180268
299,180300
72,180332
136,180364
0,180396
250,180428
823,180460
702,180492
1288,180524
1469,180556
1751,180588
1951,180620
1815,180652
2217,180684
1982,180716
1417,180748
1512,180780
1242,180812
1085,180844
780,180876
188,180908
367,180940
0,180972
24,181004
585,181036
463,181068
1037,181100
1264,181132
1204,181164
1428,181196
1584,181228
1886,181260
1725,181292
1520,181324
1785,181356
1064,181388
888,181420
1017,181452
435,181484
206,181516
0,181548
0,181580
511,181612
621,181644
969,181676
1151,181708
1423,181740
1613,181772
1806,181804
1642,181836
2282,181868
2042,181900
1838,181932
1567,181964
1340,181996
1102,182028
878,182060
302,182092
426,182124
0,182156
0,182188
106,182220
380,182252
648,182284
837,182316
1099,182348
1327,182380
1560,182412
1799,182444
2315,182476
2076,182508
1851,182540
1208,182572
1373,182604
1115,182636
568,182668
651,182700
382,182732
219,182764
288,182796
159,182828
826,182860
615,182892
832,182924
1482,182956
1291,182988
1945,183020
2142,183052
1816,183084
1636,183116
1324,183148
1172,183180
863,183212
649,183244
920,183276
219,183308
1,183340
167,183372
22,183404
294,183436
472,183468
744,183500
1371,183532
1517,183564
1838,183596
2029,183628
2312,183660
2175,183692
1944,183724
1264,183756
1470,183788
1197,183820
1005,183852
736,183884
479,183916
280,183948
158,183980
46,184012
619,184044
504,184076
780,184108
944,184140
1228,184172
1463,184204
1692,184236
1928,184268
1768,184300
1495,184332
1304,184364
1423,184396
843,184428
971,184460
352,184492
507,184524
255,184556
0,184588
503,184620
735,184652
649,184684
1182,184716
1385,184748
1693,184780
1849,184812
1704,184844
2281,184876
1614,184908
1407,184940
1532,184972
952,185004
776,185036
842,185068
316,185100
379,185132
0,185164
8,185196
156,185228
421,185260
1113,185292
861,185324
1144,185356
1320,185388
1598,185420
1837,185452
2200,185484
1627,185516
1817,185548
1165,185580
1341,185612
1071,185644
767,185676
615,185708
344,185740
163,185772
366,185804
569,185836
826,185868
1020,185900
1247,185932
1480,185964
1712,185996
1578,186028
2186,186060
1726,186092
1548,186124
1262,186156
1095,186188
903,186220
636,186252
446,186284
221,186316
0,186348
0,186380
54,186412
709,186444
952,186476
778,186508
1401,186540
1607,186572
1501,186604
2063,186636
2266,186668
2138,186700
1819,186732
1211,186764
1435,186796
751,186828
525,186860
714,186892
74,186924
0,186956
236,186988
136,187020
696,187052
557,187084
856,187116
1004,187148
1242,187180
1981,187212
1723,187244
1878,187276
2061,187308
1403,187340
1228,187372
1356,187404
775,187436
942,187468
316,187500
487,187532
203,187564
286,187596
585,187628
810,187660
1035,187692
1264,187724
1455,187756
1726,187788
1929,187820
2128,187852
2189,187884
1918,187916
1322,187948
1449,187980
871,188012
696,188044
413,188076
239,188108
24,188140
0,188172
42,188204
312,188236
489,188268
761,188300
1337,188332
1212,188364
1817,188396
1636,188428
2280,188460
2159,188492
1547,188524
1679,188556
1454,188588
905,188620
988,188652
720,188684
571,188716
265,188748
0,188780
455,188812
270,188844
527,188876
1098,188908
974,188940
1552,188972
1791,189004
1718,189036
2256,189068
1674,189100
1512,189132
1208,189164
1007,189196
1257,189228
556,189260
378,189292
493,189324
0,189356
0,189388
180,189420
396,189452
1035,189484
1197,189516
1487,189548
1679,189580
1959,189612
2150,189644
2252,189676
2057,189708
1784,189740
1514,189772
1310,189804
1051,189836
826,189868
590,189900
367,189932
0,189964
279,189996
170,190028
442,190060
614,190092
892,190124
1161,190156
1348,190188
1623,190220
1853,190252
1882,190284
1657,190316
1320,190348
1544,190380
1323,190412
697,190444
857,190476
591,190508
56,190540
141,190572
351,190604
208,190636
810,190668
669,190700
1343,190732
1127,190764
1354,190796
2013,190828
1818,190860
2153,190892
1880,190924
1290,190956
1405,190988
813,191020
660,191052
352,191084
136,191116
395,191148
0,191180
86,191212
701,191244
534,191276
806,191308
982,191340
1255,191372
1901,191404
2048,191436
2377,191468
2123,191500
1927,191532
1645,191564
1416,191596
1177,191628
956,191660
682,191692
490,191724
221,191756
221,191788
478,191820
672,191852
556,191884
1132,191916
1006,191948
1292,191980
1464,192012
1754,192044
1899,192076
1670,192108
1434,192140
1243,192172
973,192204
791,192236
909,192268
333,192300
455,192332
0,192364
363,192396
570,192428
441,192460
1019,192492
1248,192524
1437,192556
1710,192588
1915,192620
2229,192652
2174,192684
1552,192716
1753,192748
1088,192780
894,192812
1016,192844
442,192876
266,192908
328,192940
0,192972
350,193004
220,193036
512,193068
668,193100
924,193132
1639,193164
1383,193196
1662,193228
1849,193260
1800,193292
1575,193324
1673,193356
1111,193388
1291,193420
654,193452
829,193484
557,193516
365,193548
235,193580
428,193612
687,193644
888,193676
1082,193708
1339,193740
1536,193772
1774,193804
2008,193836
2249,193868
1664,193900
1802,193932
1208,193964
1034,193996
750,194028
586,194060
395,194092
124,194124
0,194156
0,194188
189,194220
423,194252
556,194284
1227,194316
1469,194348
1292,194380
1931,194412
2137,194444
2224,194476
2031,194508
1760,194540
1611,194572
1292,194604
698,194636
911,194668
240,194700
25,194732
185,194764
0,194796
190,194828
750,194860
634,194892
1208,194924
1070,194956
1370,194988
1518,195020
1766,195052
2311,195084
1997,195116
1352,195148
1529,195180
892,195212
714,195244
844,195276
251,195308
426,195340
0,195372
457,195404
639,195436
912,195468
1101,195500
1328,195532
1557,195564
1792,195596
1990,195628
2256,195660
2136,195692
1865,195724
1658,195756
1390,195788
808,195820
936,195852
362,195884
184,195916
0,195948
0,195980
104,196012
328,196044
554,196076
823,196108
1001,196140
1274,196172
1869,196204
1740,196236
2347,196268
1722,196300
1897,196332
1629,196364
1387,196396
1163,196428
938,196460
393,196492
472,196524
207,196556
311,196588
463,196620
333,196652
970,196684
782,196716
1038,196748
1624,196780
1487,196812
2079,196844
2234,196876
1689,196908
1759,196940
1150,196972
990,197004
1175,197036
496,197068
743,197100
45,197132
0,197164
359,197196
234,197228
459,197260
684,197292
907,197324
1551,197356
1661,197388
2023,197420
2207,197452
2281,197484
1997,197516
1720,197548
1518,197580
1248,197612
991,197644
796,197676
537,197708
302,197740
91,197772
333,197804
222,197836
795,197868
668,197900
954,197932
1126,197964
1412,197996
1673,198028
1870,198060
1821,198092
1593,198124
1355,198156
1131,198188
810,198220
1021,198252
799,198284
526,198316
335,198348
220,198380
139,198412
671,198444
864,198476
1177,198508
1322,198540
1180,198572
1881,198604
1643,198636
1880,198668
2105,198700
1437,198732
1622,198764
1355,198796
780,198828
892,198860
302,198892
148,198924
311,198956
0,198988
601,199020
361,199052
587,199084
1213,199116
1034,199148
1311,199180
1496,199212
1771,199244
2347,199276
2014,199308
1870,199340
1593,199372
1389,199404
1119,199436
894,199468
654,199500
440,199532
155,199564
346,199596
540,199628
735,199660
992,199692
1195,199724
1065,199756
1657,199788
1520,199820
1818,199852
1784,199884
1609,199916
1374,199948
1145,199980
919,200012
731,200044
459,200076
279,200108
0,200140
0,200172
428,200204
619,200236
877,200268
1085,200300
953,200332
1535,200364
1784,200396
1679,200428
2248,200460
2112,200492
1961,200524
1642,200556
1024,200588
1226,200620
584,200652
383,200684
494,200716
0,200748
0,200780
411,200812
346,200844
573,200876
731,200908
1021,200940
1179,200972
1436,201004
2167,201036
1901,201068
1750,201100
1466,201132
1284,201164
1052,201196
1146,201228
591,201260
767,201292
142,201324
311,201356
301,201388
571,201420
759,201452
942,201484
1209,201516
1469,201548
1599,201580
1868,201612
2073,201644
2216,201676
1978,201708
1740,201740
1146,201772
1273,201804
699,201836
525,201868
238,201900
72,201932
0,201964
0,201996
253,202028
734,202060
711,202092
934,202124
1517,202156
1755,202188
1995,202220
1816,202252
2251,202284
1979,202316
1416,202348
1503,202380
1240,202412
1085,202444
777,202476
188,202508
394,202540
0,202572
2,202604
622,202636
442,202668
699,202700
1274,202732
1149,202764
1432,202796
1592,202828
1895,202860
1724,202892
1498,202924
1774,202956
1062,202988
840,203020
1006,203052
381,203084
202,203116
320,203148
0,203180
519,203212
348,203244
973,203276
1161,203308
1432,203340
1621,203372
1856,203404
1643,203436
2328,203468
2075,203500
1872,203532
1599,203564
1338,203596
1134,203628
875,203660
302,203692
414,203724
0,203756
0,203788
107,203820
389,203852
615,203884
840,203916
1064,203948
1599,203980
1527,204012
1799,204044
2311,204076
1705,204108
1846,204140
1198,204172
1367,204204
1113,204236
523,204268
639,204300
416,204332
0,204364
332,204396
527,204428
829,204460
975,204492
844,204524
1485,204556
1293,204588
1551,204620
2154,204652
1816,204684
1626,204716
1706,204748
1162,204780
1232,204812
638,204844
487,204876
183,204908
2,204940
237,204972
26,205004
298,205036
875,205068
746,205100
972,205132
1207,205164
1422,205196
2079,205228
2192,205260
2223,205292
1943,205324
1626,205356
1465,205388
1196,205420
1002,205452
736,205484
477,205516
272,205548
160,205580
397,205612
620,205644
847,205676
730,205708
1308,205740
1180,205772
1466,205804
1644,205836
1932,205868
1767,205900
1484,205932
1303,205964
1070,205996
842,206028
619,206060
302,206092
505,206124
280,206156
0,206188
541,206220
745,206252
663,206284
1193,206316
1388,206348
1703,206380
1853,206412
1706,206444
2313,206476
1609,206508
1383,206540
1567,206572
922,206604
718,206636
841,206668
270,206700
378,206732
0,206764
19,206796
159,206828
391,206860
1115,206892
872,206924
1098,206956
1741,206988
1559,207020
1837,207052
1815,207084
1625,207116
1813,207148
1485,207180
1336,207212
1067,207244
764,207276
605,207308
378,207340
163,207372
410,207404
602,207436
864,207468
1056,207500
1257,207532
1517,207564
1721,207596
1583,207628
2188,207660
1724,207692
1546,207724
1258,207756
1094,207788
859,207820
633,207852
409,207884
217,207916
0,207948
0,207980
56,208012
375,208044
951,208076
782,208108
1401,208140
1609,208172
1465,208204
2063,208236
2304,208268
1767,208300
1855,208332
1581,208364
1433,208396
1117,208428
525,208460
704,208492
75,208524
0,208556
247,208588
138,208620
408,208652
928,208684
859,208716
1386,208748
1245,208780
1546,208812
1704,208844
1872,208876
2137,208908
1402,208940
1226,208972
952,209004
766,209036
548,209068
632,209100
89,209132
239,209164
285,209196
637,209228
815,209260
1085,209292
1271,209324
1466,209356
1735,209388
1932,209420
2138,209452
2188,209484
1918,209516
1688,209548
1440,209580
1215,209612
636,209644
762,209676
188,209708
17,209740
0,209772
46,209804
312,209836
502,209868
765,209900
1248,209932
1214,209964
1451,209996
1590,210028
2283,210060
2201,210092
1547,210124
1719,210156
1451,210188
895,210220
987,210252
728,210284
559,210316
256,210348
0,210380
480,210412
270,210444
504,210476
1145,210508
958,210540
1213,210572
1801,210604
1673,210636
2265,210668
1674,210700
1504,210732
1199,210764
973,210796
1255,210828
551,210860
329,210892
491,210924
0,210956
0,210988
536,211020
407,211052
1035,211084
1178,211116
1495,211148
1687,211180
1961,211212
2153,211244
2296,211276
2045,211308
1820,211340
1536,211372
1342,211404
1081,211436
815,211468
622,211500
363,211532
0,211564
284,211596
168,211628
452,211660
620,211692
901,211724
1127,211756
1351,211788
1581,211820
2128,211852
1837,211884
1643,211916
1773,211948
1191,211980
1319,212012
694,212044
855,212076
591,212108
18,212140
153,212172
398,212204
315,212236
855,212268
1040,212300
1353,212332
1500,212364
1356,212396
2016,212428
1822,212460
1756,212492
1882,212524
1291,212556
1406,212588
1182,212620
652,212652
718,212684
128,212716
0,212748
0,212780
80,212812
777,212844
536,212876
808,212908
1389,212940
1256,212972
1493,213004
2048,213036
1959,213068
2169,213100
1803,213132
1693,213164
1417,213196
1215,213228
953,213260
682,213292
486,213324
220,213356
232,213388
480,213420
682,213452
911,213484
877,213516
1371,213548
1757,213580
1836,213612
1706,213644
1900,213676
1600,213708
1432,213740
1240,213772
970,213804
791,213836
567,213868
332,213900
107,213932
0,213964
363,213996
604,214028
450,214060
1063,214092
1259,214124
1439,214156
1723,214188
1914,214220
2233,214252
2171,214284
1551,214316
1785,214348
1086,214380
860,214412
1050,214444
409,214476
585,214508
320,214540
0,214572
352,214604
223,214636
520,214668
667,214700
906,214732
1641,214764
1803,214796
1620,214828
2269,214860
1752,214892
1564,214924
1708,214956
1110,214988
1287,215020
970,215052
828,215084
553,215116
365,215148
237,215180
472,215212
697,215244
936,215276
1117,215308
1385,215340
1580,215372
1785,215404
1704,215436
2251,215468
1661,215500
1800,215532
1200,215564
1034,215596
749,215628
582,215660
348,215692
122,215724
0,215756
0,215788
167,215820
426,215852
560,215884
875,215916
1469,215948
1292,215980
1931,216012
2139,216044
2266,216076
2031,216108
1803,216140
1241,216172
1324,216204
1068,216236
909,216268
605,216300
21,216332
184,216364
0,216396
192,216428
763,216460
648,216492
920,216524
1450,216556
1372,216588
1916,216620
1758,216652
1852,216684
2045,216716
1352,216748
1595,216780
889,216812
713,216844
840,216876
252,216908
28,216940
136,216972
61,217004
695,217036
521,217068
1149,217100
1337,217132
1609,217164
1801,217196
1996,217228
2265,217260
2124,217292
1864,217324
1320,217356
1388,217388
1163,217420
927,217452
702,217484
128,217516
248,217548
0,217580
106,217612
282,217644
558,217676
823,217708
1005,217740
1277,217772
1776,217804
1740,217836
1980,217868
1662,217900
1896,217932
1671,217964
1385,217996
1193,218028
936,218060
391,218092
473,218124
204,218156
313,218188
473,218220
334,218252
1004,218284
782,218316
1016,218348
1672,218380
1472,218412
1736,218444
2224,218476
1637,218508
1756,218540
1149,218572
988,218604
1175,218636
464,218668
731,218700
44,218732
0,218764
361,218796
198,218828
472,218860
1052,218892
920,218924
1559,218956
1372,218988
2027,219020
2217,219052
2280,219084
1993,219116
1760,219148
1515,219180
1292,219212
1020,219244
412,219276
568,219308
303,219340
132,219372
345,219404
220,219436
796,219468
669,219500
954,219532
1129,219564
1416,219596
1645,219628
1879,219660
1781,219692
1854,219724
1308,219756
1127,219788
1253,219820
667,219852
795,219884
524,219916
331,219948
223,219980
105,220012
683,220044
912,220076
825,220108
1371,220140
1566,220172
1881,220204
2029,220236
1883,220268
2102,220300
1432,220332
1230,220364
1352,220396
777,220428
880,220460
667,220492
146,220524
0,220556
0,220588
188,220620
331,220652
589,220684
1291,220716
1038,220748
1321,220780
1926,220812
1786,220844
1917,220876
1687,220908
1448,220940
1639,220972
1275,221004
1165,221036
893,221068
711,221100
431,221132
156,221164
0,221196
544,221228
745,221260
1002,221292
1198,221324
1432,221356
1662,221388
1899,221420
1758,221452
2152,221484
1536,221516
1369,221548
1086,221580
912,221612
729,221644
460,221676
279,221708
47,221740
0,221772
91,221804
664,221836
889,221868
1129,221900
952,221932
1583,221964
1787,221996
1688,222028
2251,222060
2109,222092
1949,222124
1632,222156
1035,222188
1248,222220
573,222252
358,222284
536,222316
0,222348
218,222380
416,222412
304,222444
583,222476
733,222508
1032,222540
1184,222572
1420,222604
2170,222636
1903,222668
1692,222700
1881,222732
1234,222764
1048,222796
776,222828
597,222860
764,222892
456,222924
308,222956
301,222988
575,223020
761,223052
988,223084
792,223116
1450,223148
1641,223180
1915,223212
2110,223244
2208,223276
2000,223308
1740,223340
1145,223372
1274,223404
688,223436
522,223468
237,223500
72,223532
0,223564
2,223596
221,223628
477,223660
669,223692
940,223724
1519,223756
1391,223788
2006,223820
1818,223852
2246,223884
1979,223916
1368,223948
1501,223980
1276,224012
729,224044
810,224076
544,224108
393,224140
110,224172
6,224204
633,224236
444,224268
704,224300
1276,224332
1159,224364
1436,224396
1980,224428
1898,224460
2106,224492
1487,224524
1335,224556
1023,224588
830,224620
1081,224652
380,224684
202,224716
0,224748
0,224780
125,224812
666,224844
574,224876
1211,224908
1032,224940
1675,224972
1865,225004
2024,225036
2333,225068
2074,225100
1867,225132
1598,225164
1328,225196
1132,225228
864,225260
650,225292
415,225324
186,225356
0,225388
456,225420
336,225452
617,225484
790,225516
1069,225548
1337,225580
1916,225612
1802,225644
1943,225676
1704,225708
1467,225740
1145,225772
1367,225804
1143,225836
520,225868
671,225900
414,225932
0,225964
336,225996
537,226028
839,226060
987,226092
847,226124
1529,226156
1305,226188
1534,226220
2201,226252
1784,226284
1578,226316
1696,226348
1114,226380
1230,226412
638,226444
478,226476
174,226508
0,226540
247,226572
28,226604
260,226636
877,226668
700,226700
981,226732
1568,226764
1434,226796
2091,226828
1900,226860
2219,226892
1935,226924
1626,226956
1467,226988
1240,227020
1001,227052
778,227084
506,227116
312,227148
201,227180
400,227212
656,227244
859,227276
733,227308
1309,227340
1182,227372
1466,227404
1644,227436
1934,227468
1719,227500
1482,227532
1255,227564
1066,227596
798,227628
615,227660
733,227692
155,227724
269,227756
0,227788
540,227820
746,227852
617,227884
1197,227916
1434,227948
1341,227980
1898,228012
2094,228044
2313,228076
1984,228108
1373,228140
1565,228172
912,228204
720,228236
832,228268
267,228300
376,228332
139,228364
18,228396
526,228428
395,228460
695,228492
841,228524
1102,228556
1821,228588
1562,228620
1848,228652
2235,228684
1622,228716
1389,228748
1162,228780
926,228812
1115,228844
762,228876
653,228908
379,228940
219,228972
413,229004
606,229036
873,229068
1064,229100
1258,229132
1520,229164
1724,229196
1960,229228
2184,229260
2090,229292
1482,229324
1616,229356
1024,229388
857,229420
576,229452
406,229484
216,229516
0,229548
0,229580
149,229612
375,229644
599,229676
732,229708
1403,229740
1655,229772
1476,229804
2109,229836
2317,229868
1757,229900
1852,229932
1582,229964
970,229996
1116,230028
512,230060
733,230092
64,230124
0,230156
286,230188
109,230220
734,230252
937,230284
814,230316
1389,230348
1246,230380
1548,230412
1705,230444
1840,230476
2135,230508
1402,230540
1174,230572
1353,230604
715,230636
541,230668
266,230700
86,230732
235,230764
328,230796
635,230828
823,230860
1086,230892
1275,230924
1512,230956
1737,230988
1982,231020
2171,231052
2222,231084
1947,231116
1679,231148
1471,231180
1212,231212
633,231244
751,231276
185,231308
7,231340
0,231372
48,231404
279,231436
503,231468
729,231500
999,231532
1180,231564
1453,231596
2046,231628
1918,231660
2190,231692
1542,231724
1707,231756
1449,231788
857,231820
987,231852
762,231884
479,231916
288,231948
187,231980
489,232012
650,232044
506,232076
1150,232108
958,232140
1214,232172
1804,232204
1676,232236
1962,232268
2046,232300
1502,232332
1568,232364
974,232396
823,232428
511,232460
328,232492
557,232524
0,232556
0,232588
140,232620
408,232652
635,232684
1182,232716
1092,232748
1739,232780
1548,232812
2205,232844
2287,232876
2103,232908
1819,232940
1536,232972
1339,233004
1080,233036
815,233068
616,233100
360,233132
123,233164
284,233196
512,233228
393,233260
968,233292
846,233324
1130,233356
1296,233388
1591,233420
1865,233452
1833,233484
1641,233516
1414,233548
1177,233580
955,233612
634,233644
843,233676
623,233708
20,233740
187,233772
408,233804
588,233836
857,233868
1051,233900
1353,233932
1502,233964
1358,233996
2059,234028
1824,234060
1721,234092
1918,234124
1259,234156
1054,234188
1180,234220
602,234252
714,234284
126,234316
0,234348
0,234380
58,234412
777,234444
937,234476
762,234508
1389,234540
1211,234572
1494,234604
2106,234636
1973,234668
2157,234700
1498,234732
1688,234764
1407,234796
1220,234828
943,234860
718,234892
477,234924
252,234956
266,234988
524,235020
718,235052
912,235084
1176,235116
1373,235148
1243,235180
1838,235212
1709,235244
1895,235276
1597,235308
1422,235340
1194,235372
968,235404
743,235436
555,235468
285,235500
104,235532
201,235564
30,235596
607,235628
452,235660
1063,235692
1261,235724
1483,235756
1723,235788
1962,235820
1865,235852
2203,235884
1932,235916
1781,235948
1456,235980
859,236012
1040,236044
408,236076
217,236108
317,236140
0,236172
352,236204
592,236236
532,236268
1040,236300
908,236332
1198,236364
1853,236396
1624,236428
2349,236460
1742,236492
1564,236524
1695,236556
1100,236588
875,236620
650,236652
423,236684
591,236716
240,236748
295,236780
479,236812
749,236844
937,236876
1120,236908
1385,236940
1580,236972
1786,237004
2048,237036
2253,237068
2028,237100
1791,237132
1560,237164
968,237196
1098,237228
512,237260
346,237292
63,237324
0,237356
0,237388
168,237420
429,237452
661,237484
877,237516
1115,237548
1243,237580
1933,237612
2201,237644
2256,237676
2063,237708
1801,237740
1239,237772
1325,237804
1056,237836
907,237868
600,237900
20,237932
203,237964
0,237996
172,238028
808,238060
618,238092
1256,238124
1452,238156
1326,238188
1916,238220
1772,238252
1852,238284
2043,238316
1321,238348
1595,238380
888,238412
664,238444
831,238476
212,238508
27,238540
0,238572
72,238604
699,238636
842,238668
1150,238700
1339,238732
1610,238764
1801,238796
2042,238828
2269,238860
2170,238892
1896,238924
1693,238956
1419,238988
1160,239020
954,239052
700,239084
124,239116
237,239148
0,239180
108,239212
282,239244
560,239276
791,239308
1014,239340
1244,239372
1514,239404
1704,239436
1981,239468
1660,239500
1527,239532
1659,239564
1382,239596
1181,239628
927,239660
347,239692
471,239724
238,239756
0,239788
507,239820
704,239852
1008,239884
1163,239916
1018,239948
1674,239980
1481,240012
1740,240044
2224,240076
1636,240108
1448,240140
1520,240172
986,240204
763,240236
462,240268
303,240300
17,240332
0,240364
427,240396
200,240428
472,240460
651,240492
922,240524
1147,240556
1708,240588
1611,240620
2269,240652
1851,240684
2041,240716
1755,240748
1565,240780
1289,240812
1018,240844
825,240876
558,240908
302,240940
136,240972
347,241004
575,241036
799,241068
1024,241100
904,241132
1486,241164
1358,241196
1646,241228
1820,241260
1774,241292
1581,241324
1307,241356
1119,241388
1151,241420
665,241452
440,241484
556,241516
317,241548
263,241580
108,241612
719,241644
923,241676
828,241708
1372,241740
1568,241772
1885,241804
2032,241836
1886,241868
2135,241900
1424,241932
1199,241964
1389,241996
746,242028
551,242060
664,242092
100,242124
0,242156
0,242188
186,242220
336,242252
570,242284
1292,242316
1040,242348
1272,242380
1927,242412
1736,242444
1916,242476
2048,242508
1446,242540
1627,242572
985,242604
1163,242636
891,242668
701,242700
427,242732
188,242764
0,242796
588,242828
781,242860
1040,242892
1243,242924
1433,242956
1703,242988
1903,243020
1770,243052
2143,243084
1546,243116
1368,243148
1083,243180
909,243212
684,243244
456,243276
233,243308
300,243340
0,243372
90,243404
663,243436
541,243468
1131,243500
956,243532
1582,243564
1789,243596
1645,243628
2253,243660
2154,243692
1581,243724
1675,243756
1404,243788
1245,243820
941,243852
349,243884
525,243916
0,243948
0,243980
426,244012
312,244044
584,244076
1104,244108
1034,244140
1566,244172
1420,244204
1725,244236
1883,244268
1690,244300
1949,244332
1225,244364
1048,244396
1177,244428
597,244460
365,244492
138,244524
0,244556
351,244588
462,244620
813,244652
999,244684
1150,244716
1453,244748
1646,244780
1915,244812
2112,244844
2207,244876
2000,244908
1728,244940
1498,244972
1260,245004
1039,245036
460,245068
576,245100
20,245132
0,245164
0,245196
223,245228
489,245260
679,245292
949,245324
1165,245356
1400,245388
1629,245420
1770,245452
2236,245484
2013,245516
1358,245548
1531,245580
1273,245612
716,245644
811,245676
544,245708
381,245740
122,245772
6,245804
669,245836
448,245868
683,245900
1323,245932
1133,245964
1389,245996
1982,246028
1853,246060
2096,246092
1486,246124
1336,246156
1021,246188
806,246220
1069,246252
377,246284
154,246316
313,246348
0,246380
136,246412
314,246444
586,246476
1211,246508
1358,246540
1675,246572
1867,246604
2026,246636
2334,246668
2110,246700
1863,246732
1630,246764
1358,246796
1164,246828
895,246860
638,246892
442,246924
184,246956
0,246988
461,247020
344,247052
617,247084
794,247116
1078,247148
1303,247180
1530,247212
1767,247244
1931,247276
1658,247308
1463,247340
1136,247372
1002,247404
1133,247436
518,247468
667,247500
411,247532
0,247564
345,247596
574,247628
489,247660
1024,247692
1226,247724
1530,247756
1680,247788
1533,247820
2203,247852
1775,247884
1574,247916
1692,247948
1104,247980
927,248012
1002,248044
478,248076
539,248108
0,248140
0,248172
5,248204
256,248236
953,248268
712,248300
982,248332
1163,248364
1436,248396
1675,248428
2239,248460
1788,248492
1981,248524
1616,248556
1513,248588
1231,248620
1049,248652
767,248684
506,248716
301,248748
206,248780
411,248812
656,248844
859,248876
1088,248908
1312,248940
1549,248972
1416,249004
2015,249036
1884,249068
1710,249100
1422,249132
1254,249164
1064,249196
795,249228
604,249260
639,249292
155,249324
0,249356
0,249388
541,249420
783,249452
622,249484
1241,249516
1437,249548
1338,249580
1899,249612
2104,249644
2123,249676
1982,249708
1370,249740
1598,249772
908,249804
687,249836
873,249868
232,249900
40,249932
136,249964
0,249996
528,250028
400,250060
696,250092
845,250124
1081,250156
1819,250188
1563,250220
1802,250252
2229,250284
1573,250316
1388,250348
1520,250380
933,250412
1101,250444
793,250476
648,250508
377,250540
227,250572
416,250604
652,250636
873,250668
1112,250700
1292,250732
1566,250764
1758,250796
1965,250828
2231,250860
2088,250892
1482,250924
1613,250956
1023,250988
858,251020
571,251052
399,251084
173,251116
0,251148
0,251180
409,251212
333,251244
605,251276
1179,251308
1052,251340
1655,251372
1476,251404
2119,251436
2319,251468
1719,251500
1851,251532
1616,251564
1065,251596
1151,251628
880,251660
731,251692
425,251724
0,251756
296,251788
120,251820
376,251852
940,251884
825,251916
1389,251948
1628,251980
1557,252012
2092,252044
1838,252076
1674,252108
1368,252140
1168,252172
1417,252204
714,252236
536,252268
655,252300
76,252332
0,252364
329,252396
247,252428
875,252460
976,252492
1333,252524
1515,252556
1789,252588
1981,252620
2184,252652
2215,252684
1946,252716
1676,252748
1471,252780
1209,252812
986,252844
493,252876
526,252908
0,252940
105,252972
10,253004
282,253036
456,253068
732,253100
999,253132
1191,253164
1463,253196
1693,253228
1927,253260
1819,253292
1482,253324
1707,253356
1485,253388
854,253420
1015,253452
751,253484
477,253516
287,253548
190,253580
493,253612
652,253644
510,253676
1183,253708
960,253740
1194,253772
1851,253804
1648,253836
2312,253868
2048,253900
1451,253932
1578,253964
972,253996
820,254028
506,254060
297,254092
553,254124
253,254156
0,254188
538,254220
373,254252
646,254284
1230,254316
1096,254348
1739,254380
1883,254412
2215,254444
2283,254476
2093,254508
1814,254540
1578,254572
1337,254604
1116,254636
843,254668
652,254700
381,254732
111,254764
16,254796
523,254828
395,254860
972,254892
847,254924
1130,254956
1304,254988
1594,255020
1831,255052
1832,255084
1593,255116
1402,255148
1143,255180
951,255212
632,255244
491,255276
621,255308
7,255340
197,255372
409,255404
623,255436
859,255468
1096,255500
1001,255532
1550,255564
1752,255596
2061,255628
2218,255660
1712,255692
1914,255724
1257,255756
1052,255788
1176,255820
602,255852
423,255884
488,255916
0,255948
186,255980
62,256012
359,256044
987,256076
766,256108
1470,256140
1215,256172
1498,256204
2105,256236
1963,256268
1739,256300
1833,256332
1271,256364
1449,256396
813,256428
990,256460
715,256492
535,256524
253,256556
268,256588
527,256620
728,256652
923,256684
854,256716
1376,256748
1612,256780
1840,256812
2080,256844
1832,256876
1964,256908
1368,256940
1192,256972
909,257004
743,257036
552,257068
284,257100
93,257132
111,257164
39,257196
267,257228
398,257260
1067,257292
1307,257324
1484,257356
1769,257388
1966,257420
1867,257452
2201,257484
1930,257516
1771,257548
1452,257580
858,257612
1079,257644
398,257676
174,257708
350,257740
0,257772
38,257804
590,257836
488,257868
1050,257900
910,257932
1210,257964
1853,257996
1596,258028
2359,258060
1740,258092
1512,258124
1695,258156
1052,258188
876,258220
1003,258252
413,258284
589,258316
0,258348
295,258380
479,258412
759,258444
937,258476
1166,258508
1389,258540
1630,258572
1823,258604
1657,258636
2296,258668
2026,258700
1820,258732
1560,258764
968,258796
1096,258828
511,258860
344,258892
61,258924
0,258956
0,258988
170,259020
394,259052
923,259084
843,259116
1113,259148
1705,259180
1575,259212
2187,259244
2255,259276
2061,259308
1801,259340
1192,259372
1322,259404
1098,259436
553,259468
634,259500
366,259532
201,259564
303,259596
173,259628
811,259660
622,259692
879,259724
1454,259756
1335,259788
1920,259820
2159,259852
1851,259884
1623,259916
1312,259948
1149,259980
847,260012
656,260044
905,260076
204,260108
25,260140
173,260172
75,260204
300,260236
535,260268
750,260300
1387,260332
1498,260364
1863,260396
2043,260428
2328,260460
2159,260492
1886,260524
1254,260556
1418,260588
1152,260620
956,260652
688,260684
463,260716
237,260748
173,260780
62,260812
636,260844
509,260876
794,260908
960,260940
1246,260972
1515,261004
1708,261036
1981,261068
1755,261100
1517,261132
1289,261164
1417,261196
1189,261228
960,261260
344,261292
491,261324
237,261356
0,261388
522,261420
713,261452
1017,261484
1164,261516
1022,261548
1711,261580
1482,261612
1711,261644
2266,261676
1979,261708
1786,261740
1516,261772
937,261804
762,261836
458,261868
309,261900
7,261932
0,261964
437,261996
203,262028
436,262060
1061,262092
876,262124
1150,262156
1337,262188
1612,262220
2277,262252
2184,262284
2039,262316
1755,262348
1560,262380
1285,262412
1054,262444
408,262476
598,262508
330,262540
180,262572
381,262604
576,262636
840,262668
1034,262700
907,262732
1495,262764
1360,262796
1656,262828
1822,262860
1770,262892
1533,262924
1306,262956
1080,262988
889,263020
631,263052
440,263084
553,263116
0,263148
267,263180
116,263212
732,263244
925,263276
794,263308
1375,263340
1614,263372
1517,263404
2078,263436
2281,263468
2125,263500
1805,263532
1195,263564
1385,263596
735,263628
551,263660
664,263692
99,263724
0,263756
255,263788
186,263820
711,263852
573,263884
871,263916
1020,263948
1288,263980
1997,264012
1740,264044
1912,264076
1627,264108
1436,264140
1211,264172
1308,264204
750,264236
937,264268
301,264300
473,264332
187,264364
300,264396
599,264428
782,264460
1039,264492
1242,264524
1438,264556
1706,264588
1912,264620
2140,264652
2141,264684
1904,264716
1306,264748
1435,264780
848,264812
684,264844
396,264876
232,264908
39,264940
0,264972
92,265004
319,265036
551,265068
779,265100
908,265132
1591,265164
1835,265196
1656,265228
2303,265260
2144,265292
1578,265324
1675,265356
1400,265388
1245,265420
940,265452
346,265484
555,265516
0,265548
0,265580
464,265612
285,265644
550,265676
1114,265708
988,265740
1566,265772
1423,265804
1734,265836
1887,265868
1659,265900
1944,265932
1225,265964
996,265996
1175,266028
538,266060
360,266092
480,266124
0,266156
359,266188
189,266220
812,266252
999,266284
1152,266316
1453,266348
1692,266380
1927,266412
2160,266444
2237,266476
2032,266508
1767,266540
1488,266572
1293,266604
1036,266636
458,266668
575,266700
18,266732
0,266764
0,266796
230,266828
455,266860
680,266892
906,266924
1175,266956
1356,266988
1639,267020
2237,267052
1867,267084
2009,267116
1358,267148
1531,267180
1273,267212
681,267244
800,267276
584,267308
40,267340
167,267372
367,267404
669,267436
826,267468
685,267500
1324,267532
1134,267564
1400,267596
1984,267628
1856,267660
2094,267692
1868,267724
1331,267756
1400,267788
797,267820
647,267852
336,267884
152,267916
381,267948
0,267980
138,268012
715,268044
585,268076
814,268108
1036,268140
1269,268172
1919,268204
2028,268236
2393,268268
2109,268300
1913,268332
1631,268364
1358,268396
1163,268428
896,268460
638,268492
438,268524
173,268556
237,268588
462,268620
697,268652
570,268684
1151,268716
1021,268748
1304,268780
1472,268812
1770,268844
1929,268876
1646,268908
1463,268940
1229,268972
999,269004
775,269036
458,269068
663,269100
443,269132
0,269164
379,269196
585,269228
491,269260
1036,269292
1227,269324
1081,269356
1690,269388
1535,269420
2248,269452
1774,269484
1536,269516
1734,269548
1080,269580
1258,269612
990,269644
426,269676
537,269708
0,269740
0,269772
6,269804
232,269836
964,269868
712,269900
938,269932
1579,269964
1397,269996
1677,270028
1864,270060
1785,270092
1976,270124
1657,270156
1502,270188
1227,270220
1037,270252
765,270284
540,270316
301,270348
250,270380
443,270412
704,270444
904,270476
1099,270508
1354,270540
1561,270572
1419,270604
2024,270636
1887,270668
1710,270700
1419,270732
1243,270764
1019,270796
794,270828
567,270860
379,270892
109,270924
0,270956
317,270988
205,271020
791,271052
620,271084
1241,271116
1439,271148
1306,271180
1911,271212
2144,271244
2216,271276
2015,271308
1744,271340
1593,271372
1277,271404
684,271436
873,271468
224,271500
39,271532
125,271564
0,271596
250,271628
776,271660
700,271692
1223,271724
1085,271756
1384,271788
1535,271820
1805,271852
2295,271884
1563,271916
1386,271948
1104,271980
922,272012
699,272044
792,272076
247,272108
413,272140
0,272172
473,272204
655,272236
935,272268
1113,272300
1304,272332
1565,272364
1760,272396
1966,272428
2236,272460
2079,272492
1851,272524
1612,272556
1383,272588
794,272620
919,272652
347,272684
170,272716
0,272748
0,272780
154,272812
342,272844
603,272876
839,272908
1063,272940
1291,272972
1420,273004
2123,273036
2363,273068
1706,273100
1885,273132
1613,273164
1337,273196
1149,273228
879,273260
729,273292
416,273324
0,273356
328,273388
112,273420
355,273452
976,273484
796,273516
1058,273548
1630,273580
1510,273612
2096,273644
1834,273676
1674,273708
1280,273740
1136,273772
1415,273804
1115,273836
486,273868
661,273900
31,273932
0,273964
376,273996
248,274028
877,274060
702,274092
1335,274124
1517,274156
1799,274188
1991,274220
2232,274252
2215,274284
1982,274316
1706,274348
1504,274380
1240,274412
976,274444
779,274476
512,274508
0,274540
109,274572
10,274604
286,274636
458,274668
743,274700
967,274732
1193,274764
1420,274796
1695,274828
1895,274860
1815,274892
1942,274924
1339,274956
1470,274988
854,275020
1003,275052
749,275084
509,275116
287,275148
234,275180
155,275212
694,275244
888,275276
1193,275308
1340,275340
1198,275372
1852,275404
1659,275436
1918,275468
2042,275500
1451,275532
1567,275564
1340,275596
810,275628
875,275660
288,275692
125,275724
297,275756
0,275788
617,275820
375,275852
650,275884
1229,275916
1098,275948
1333,275980
1560,276012
1796,276044
2331,276076
1965,276108
1863,276140
1579,276172
1383,276204
1113,276236
842,276268
647,276300
380,276332
108,276364
330,276396
525,276428
752,276460
975,276492
1211,276524
1083,276556
1673,276588
1544,276620
1832,276652
1768,276684
1592,276716
1402,276748
1131,276780
951,276812
718,276844
487,276876
267,276908
0,276940
199,276972
445,277004
634,277036
903,277068
1101,277100
1002,277132
1560,277164
1756,277196
2073,277228
2220,277260
1712,277292
1947,277324
1247,277356
1022,277388
1208,277420
568,277452
736,277484
478,277516
0,277548
190,277580
63,277612
370,277644
999,277676
745,277708
1479,277740
1225,277772
1452,277804
2109,277836
1915,277868
1736,277900
1448,277932
1269,277964
1439,277996
1130,278028
987,278060
711,278092
523,278124
249,278156
312,278188
535,278220
768,278252
956,278284
1224,278316
1417,278348
1616,278380
1881,278412
2088,278444
1832,278476
1965,278508
1360,278540
1192,278572
906,278604
733,278636
507,278668
280,278700
57,278732
0,278764
8,278796
267,278828
400,278860
727,278892
1307,278924
1496,278956
1769,278988
1977,279020
1833,279052
2201,279084
1966,279116
1401,279148
1488,279180
1225,279212
1069,279244
762,279276
172,279308
349,279340
0,279372
40,279404
602,279436
488,279468
762,279500
1289,279532
1212,279564
1448,279596
1608,279628
1911,279660
1706,279692
1508,279724
1769,279756
1050,279788
872,279820
591,279852
410,279884
187,279916
270,279948
0,279980
528,280012
362,280044
989,280076
1175,280108
1438,280140
1638,280172
1824,280204
2101,280236
2296,280268
2028,280300
1822,280332
1550,280364
1322,280396
1087,280428
861,280460
286,280492
394,280524
0,280556
0,280588
122,280620
398,280652
665,280684
856,280716
1124,280748
1616,280780
1578,280812
1816,280844
2296,280876
2059,280908
1833,280940
1191,280972
1355,281004
1097,281036
551,281068
635,281100
366,281132
197,281164
312,281196
176,281228
845,281260
632,281292
859,281324
1500,281356
1310,281388
1576,281420
2168,281452
1800,281484
1614,281516
1307,281548
1149,281580
846,281612
623,281644
903,281676
200,281708
0,281740
189,281772
40,281804
312,281836
890,281868
763,281900
1389,281932
1213,281964
1863,281996
2045,282028
2329,282060
2159,282092
1928,282124
1246,282156
1454,282188
1181,282220
986,282252
720,282284
462,282316
263,282348
175,282380
63,282412
638,282444
521,282476
795,282508
969,282540
1254,282572
1482,282604
1709,282636
1943,282668
2016,282700
1479,282732
1278,282764
1406,282796
827,282828
955,282860
334,282892
487,282924
235,282956
0,282988
523,283020
752,283052
669,283084
1210,283116
1403,283148
1710,283180
1865,283212
1721,283244
2263,283276
1595,283308
1389,283340
1514,283372
937,283404
760,283436
826,283468
308,283500
362,283532
0,283564
26,283596
173,283628
428,283660
1133,283692
888,283724
1160,283756
1755,283788
1622,283820
1853,283852
1848,283884
1612,283916
1801,283948
1438,283980
1326,284012
1055,284044
752,284076
589,284108
320,284140
185,284172
392,284204
585,284236
846,284268
1038,284300
1274,284332
1497,284364
1737,284396
1598,284428
2204,284460
1709,284492
1532,284524
1245,284556
1078,284588
889,284620
618,284652
439,284684
203,284716
0,284748
0,284780
64,284812
729,284844
959,284876
794,284908
1417,284940
1625,284972
1517,285004
2088,285036
2280,285068
2123,285100
1802,285132
1194,285164
1418,285196
735,285228
509,285260
696,285292
57,285324
0,285356
256,285388
154,285420
712,285452
575,285484
875,285516
1021,285548
1258,285580
2007,285612
1743,285644
1864,285676
2043,285708
1387,285740
1435,285772
938,285804
755,285836
924,285868
616,285900
470,285932
185,285964
300,285996
601,286028
828,286060
1049,286092
1288,286124
1472,286156
1754,286188
1948,286220
2154,286252
2170,286284
1901,286316
1304,286348
1436,286380
846,286412
682,286444
399,286476
220,286508
4,286540
0,286572
62,286604
328,286636
519,286668
779,286700
910,286732
1229,286764
1835,286796
1656,286828
2299,286860
2141,286892
1529,286924
1663,286956
1435,286988
887,287020
970,287052
712,287084
553,287116
249,287148
0,287180
464,287212
287,287244
554,287276
1118,287308
1000,287340
1274,287372
1818,287404
1737,287436
2269,287468
1656,287500
1496,287532
1183,287564
990,287596
1239,287628
539,287660
360,287692
80,287724
0,287756
0,287788
507,287820
414,287852
1051,287884
1162,287916
1513,287948
1695,287980
1979,288012
2169,288044
2236,288076
2029,288108
1758,288140
1496,288172
1292,288204
1035,288236
808,288268
574,288300
349,288332
0,288364
300,288396
184,288428
458,288460
624,288492
908,288524
1179,288556
1366,288588
1644,288620
2150,288652
1864,288684
1637,288716
1304,288748
1528,288780
1296,288812
678,288844
839,288876
583,288908
39,288940
169,288972
376,289004
678,289036
829,289068
686,289100
1360,289132
1145,289164
1370,289196
2030,289228
1833,289260
1738,289292
1866,289324
1272,289356
1392,289388
793,289420
634,289452
334,289484
121,289516
376,289548
0,289580
102,289612
717,289644
550,289676
822,289708
1406,289740
1272,289772
1927,289804
2064,289836
2391,289868
2105,289900
1911,289932
1627,289964
1398,289996
1157,290028
938,290060
667,290092
464,290124
203,290156
238,290188
495,290220
699,290252
572,290284
1152,290316
1023,290348
1316,290380
1484,290412
1774,290444
1882,290476
1654,290508
1416,290540
1487,290572
954,290604
777,290636
890,290668
318,290700
440,290732
0,290764
379,290796
587,290828
457,290860
1039,290892
1273,290924
1181,290956
1728,290988
1931,291020
2249,291052
2153,291084
1533,291116
1727,291148
1070,291180
875,291212
988,291244
426,291276
537,291308
304,291340
0,291372
367,291404
237,291436
536,291468
686,291500
942,291532
1657,291564
1392,291596
1685,291628
2285,291660
1786,291692
1557,291724
1646,291756
1086,291788
1273,291820
922,291852
813,291884
535,291916
349,291948
253,291980
446,292012
711,292044
908,292076
1101,292108
1358,292140
1562,292172
1792,292204
1757,292236
2251,292268
1645,292300
1784,292332
1192,292364
1016,292396
733,292428
558,292460
375,292492
108,292524
0,292556
0,292588
215,292620
443,292652
572,292684
1243,292716
1485,292748
1309,292780
1947,292812
2153,292844
2207,292876
2013,292908
1743,292940
1591,292972
1276,293004
682,293036
893,293068
224,293100
5,293132
158,293164
0,293196
572,293228
778,293260
653,293292
1227,293324
1086,293356
1388,293388
1536,293420
1784,293452
2297,293484
1981,293516
1333,293548
1513,293580
874,293612
698,293644
826,293676
245,293708
411,293740
153,293772
473,293804
663,293836
935,293868
1117,293900
1352,293932
1566,293964
1818,293996
2010,294028
2282,294060
2110,294092
1840,294124
1304,294156
1374,294188
793,294220
912,294252
344,294284
167,294316
0,294348
0,294380
121,294412
347,294444
571,294476
841,294508
1020,294540
1289,294572
1424,294604
1755,294636
2357,294668
1706,294700
1879,294732
1613,294764
1370,294796
1147,294828
920,294860
377,294892
448,294924
190,294956
329,294988
487,295020
350,295052
987,295084
797,295116
1064,295148
1640,295180
1514,295212
1802,295244
2217,295276
1672,295308
1741,295340
1134,295372
974,295404
1149,295436
486,295468
727,295500
26,295532
0,295564
377,295596
253,295628
475,295660
1020,295692
926,295724
1567,295756
1386,295788
2043,295820
2231,295852
2265,295884
1977,295916
1696,295948
1501,295980
1232,296012
974,296044
454,296076
511,296108
295,296140
120,296172
360,296204
234,296236
811,296268
686,296300
968,296332
1134,296364
1420,296396
1703,296428
1896,296460
1804,296492
1840,296524
1338,296556
1112,296588
792,296620
1003,296652
783,296684
508,296716
315,296748
239,296780
155,296812
697,296844
890,296876
1195,296908
1340,296940
1199,296972
1899,297004
1661,297036
1883,297068
2079,297100
1417,297132
1211,297164
1337,297196
759,297228
872,297260
286,297292
125,297324
293,297356
0,297388
619,297420
377,297452
610,297484
1231,297516
1054,297548
1336,297580
1935,297612
1799,297644
2328,297676
1672,297708
1852,297740
1575,297772
847,297804
1101,297836
878,297868
637,297900
414,297932
137,297964
0,297996
560,298028
752,298060
1016,298092
1213,298124
1084,298156
1676,298188
1536,298220
1835,298252
1768,298284
1591,298316
1355,298348
1128,298380
904,298412
972,298444
444,298476
263,298508
373,298540
0,298572
445,298604
635,298636
904,298668
1101,298700
971,298732
1561,298764
1801,298796
1705,298828
2266,298860
2094,298892
1943,298924
1625,298956
1018,298988
1208,299020
567,299052
366,299084
477,299116
0,299148
200,299180
430,299212
372,299244
600,299276
748,299308
1040,299340
1196,299372
1456,299404
2187,299436
1904,299468
1726,299500
1867,299532
1260,299564
1036,299596
808,299628
584,299660
759,299692
409,299724
293,299756
315,299788
589,299820
777,299852
960,299884
808,299916
1418,299948
1616,299980
1888,300012
2092,300044
2202,300076
1961,300108
1725,300140
1128,300172
1259,300204
680,300236
520,300268
222,300300
58,300332
0,300364
18,300396
269,300428
491,300460
727,300492
955,300524
1535,300556
1771,300588
2015,300620
1834,300652
2233,300684
1963,300716
1398,300748
1485,300780
1214,300812
1065,300844
762,300876
171,300908
378,300940
0,300972
21,301004
640,301036
460,301068
1096,301100
1292,301132
1167,301164
1450,301196
1610,301228
1914,301260
1707,301292
1480,301324
1758,301356
1040,301388
824,301420
997,301452
364,301484
186,301516
0,301548
0,301580
536,301612
682,301644
999,301676
1179,301708
1448,301740
1641,301772
1880,301804
1662,301836
2330,301868
2046,301900
1854,301932
1582,301964
1312,301996
1116,302028
857,302060
283,302092
397,302124
0,302156
0,302188
126,302220
408,302252
633,302284
857,302316
1083,302348
1353,302380
1546,302412
1819,302444
2285,302476
1688,302508
1821,302540
1182,302572
1350,302604
1087,302636
504,302668
633,302700
400,302732
0,302764
350,302796
556,302828
855,302860
1001,302892
860,302924
1501,302956
1311,302988
1580,303020
2170,303052
1790,303084
1610,303116
1680,303148
1146,303180
1214,303212
623,303244
461,303276
160,303308
0,303340
265,303372
41,303404
312,303436
492,303468
761,303500
989,303532
1544,303564
1447,303596
2107,303628
1917,303660
2203,303692
1919,303724
1611,303756
1451,303788
1179,303820
983,303852
720,303884
458,303916
256,303948
186,303980
414,304012
648,304044
871,304076
746,304108
1325,304140
1199,304172
1484,304204
1660,304236
1942,304268
1748,304300
1468,304332
1277,304364
1053,304396
825,304428
592,304460
283,304492
485,304524
253,304556
0,304588
559,304620
764,304652
668,304684
1212,304716
1407,304748
1721,304780
1871,304812
1725,304844
2295,304876
1594,304908
1360,304940
1550,304972
905,305004
700,305036
824,305068
250,305100
364,305132
0,305164
29,305196
184,305228
410,305260
1129,305292
889,305324
1116,305356
1767,305388
1576,305420
1862,305452
2220,305484
1606,305516
1789,305548
1147,305580
1320,305612
1051,305644
746,305676
589,305708
364,305740
183,305772
430,305804
619,305836
886,305868
1081,305900
1275,305932
1533,305964
1740,305996
1608,306028
2207,306060
1707,306092
1528,306124
1243,306156
1068,306188
843,306220
616,306252
391,306284
203,306316
0,306348
0,306380
503,306412
382,306444
967,306476
806,306508
1419,306540
1627,306572
1482,306604
2091,306636
2317,306668
1751,306700
1837,306732
1564,306764
1415,306796
1097,306828
505,306860
686,306892
48,306924
0,306956
263,306988
155,307020
714,307052
944,307084
883,307116
1402,307148
1262,307180
1562,307212
1722,307244
1854,307276
2111,307308
1387,307340
1208,307372
1338,307404
745,307436
523,307468
299,307500
71,307532
219,307564
302,307596
653,307628
839,307660
1101,307692
1291,307724
1482,307756
1753,307788
1950,307820
2144,307852
2170,307884
1900,307916
1661,307948
1423,307980
1197,308012
618,308044
746,308076
169,308108
1,308140
0,308172
72,308204
331,308236
520,308268
781,308300
1015,308332
1240,308364
1467,308396
1600,308428
2302,308460
2175,308492
1528,308524
1703,308556
1435,308588
887,308620
971,308652
703,308684
107,308716
240,308748
0,308780
505,308812
297,308844
524,308876
1162,308908
971,308940
1624,308972
1818,309004
1689,309036
2268,309068
1648,309100
1492,309132
1182,309164
956,309196
1227,309228
536,309260
312,309292
473,309324
0,309356
0,309388
155,309420
425,309452
1053,309484
1197,309516
1515,309548
1705,309580
1976,309612
2171,309644
2272,309676
2027,309708
1802,309740
1528,309772
1326,309804
587,309836
800,309868
603,309900
345,309932
0,309964
300,309996
186,310028
460,310060
634,310092
910,310124
1144,310156
1369,310188
1598,310220
1879,310252
1816,310284
1627,310316
1754,310348
1163,310380
1291,310412
668,310444
827,310476
573,310508
0,310540
175,310572
414,310604
600,310636
872,310668
1066,310700
1371,310732
1517,310764
1374,310796
2031,310828
1837,310860
1736,310892
1854,310924
1271,310956
1096,310988
1152,311020
634,311052
700,311084
112,311116
0,311148
0,311180
102,311212
797,311244
552,311276
824,311308
1003,311340
1274,311372
1511,311404
2074,311436
1951,311468
2143,311500
1485,311532
1673,311564
1391,311596
1207,311628
925,311660
666,311692
471,311724
204,311756
240,311788
506,311820
700,311852
936,311884
1161,311916
1390,311948
1258,311980
1853,312012
1723,312044
1880,312076
1590,312108
1416,312140
1224,312172
954,312204
765,312236
541,312268
312,312300
89,312332
0,312364
380,312396
623,312428
460,312460
1071,312492
1279,312524
1456,312556
1739,312588
1934,312620
2253,312652
2144,312684
1532,312716
1760,312748
1069,312780
846,312812
1034,312844
392,312876
200,312908
300,312940
0,312972
377,313004
240,313036
540,313068
686,313100
922,313132
1657,313164
1819,313196
1639,313228
2295,313260
1726,313292
1548,313324
1688,313356
1083,313388
1261,313420
636,313452
808,313484
527,313516
345,313548
263,313580
492,313612
713,313644
944,313676
1135,313708
1402,313740
1597,313772
1804,313804
2063,313836
2250,313868
1646,313900
1775,313932
1180,313964
1006,313996
731,314028
556,314060
331,314092
108,314124
0,314156
0,314188
174,314220
443,314252
1017,314284
894,314316
1485,314348
1310,314380
1949,314412
2155,314444
2240,314476
2011,314508
1784,314540
1225,314572
1308,314604
1052,314636
893,314668
588,314700
5,314732
155,314764
0,314796
208,314828
782,314860
666,314892
1232,314924
1465,314956
1396,314988
1933,315020
1788,315052
1847,315084
2029,315116
1326,315148
1581,315180
874,315212
696,315244
823,315276
236,315308
20,315340
0,315372
88,315404
715,315436
825,315468
1167,315500
1355,315532
1626,315564
1821,315596
2012,315628
2281,315660
2108,315692
1837,315724
1632,315756
1373,315788
1144,315820
909,315852
685,315884
118,315916
220,315948
0,315980
132,316012
298,316044
582,316076
841,316108
1030,316140
1303,316172
1527,316204
1757,316236
1977,316268
1644,316300
1878,316332
1645,316364
1360,316396
1177,316428
921,316460
365,316492
448,316524
188,316556
333,316588
488,316620
351,316652
1032,316684
799,316716
1034,316748
1690,316780
1488,316812
2144,316844
2208,316876
1614,316908
1738,316940
1132,316972
980,317004
1145,317036
446,317068
713,317100
25,317132
0,317164
381,317196
216,317228
479,317260
666,317292
936,317324
1576,317356
1721,317388
2044,317420
2223,317452
2263,317484
1977,317516
1742,317548
1497,317580
1276,317612
1003,317644
811,317676
542,317708
284,317740
155,317772
362,317804
249,317836
814,317868
698,317900
972,317932
1145,317964
1432,317996
1660,318028
1896,318060
1757,318092
1563,318124
1291,318156
1111,318188
784,318220
652,318252
779,318284
505,318316
310,318348
247,318380
124,318412
699,318444
937,318476
841,318508
1388,318540
1583,318572
1899,318604
2045,318636
1883,318668
2077,318700
1407,318732
1211,318764
1324,318796
752,318828
582,318860
639,318892
122,318924
0,318956
0,318988
201,319020
349,319052
615,319084
1309,319116
1063,319148
1338,319180
1516,319212
1802,319244
1899,319276
1994,319308
1422,319340
1613,319372
972,319404
1149,319436
875,319468
686,319500
413,319532
132,319564
367,319596
570,319628
761,319660
1018,319692
1214,319724
1449,319756
1680,319788
1917,319820
1776,319852
2127,319884
1528,319916
1352,319948
1066,319980
893,320012
711,320044
443,320076
254,320108
286,320140
0,320172
107,320204
680,320236
904,320268
1145,320300
970,320332
1599,320364
1805,320396
1705,320428
2269,320460
2092,320492
1933,320524
1616,320556
1008,320588
1241,320620
557,320652
333,320684
510,320716
0,320748
0,320780
441,320812
328,320844
601,320876
750,320908
1050,320940
1200,320972
1436,321004
2189,321036
1903,321068
1674,321100
1865,321132
1208,321164
1032,321196
1162,321228
572,321260
747,321292
125,321324
283,321356
319,321388
599,321420
779,321452
1006,321484
808,321516
1468,321548
1660,321580
1932,321612
2127,321644
2190,321676
1983,321708
1721,321740
1119,321772
1248,321804
678,321836
800,321868
219,321900
45,321932
0,321964
20,321996
235,322028
761,322060
685,322092
956,322124
1535,322156
1416,322188
2014,322220
1836,322252
2221,322284
1963,322316
1352,322348
1481,322380
1258,322412
703,322444
792,322476
528,322508
367,322540
139,322572
24,322604
651,322636
463,322668
720,322700
1294,322732
1178,322764
1453,322796
1996,322828
1926,322860
2080,322892
1470,322924
1319,322956
1007,322988
816,323020
1063,323052
363,323084
186,323116
301,323148
0,323180
142,323212
374,323244
600,323276
1229,323308
1337,323340
1693,323372
1885,323404
2032,323436
2329,323468
2046,323500
1849,323532
1578,323564
1311,323596
1114,323628
848,323660
624,323692
395,323724
168,323756
0,323788
474,323820
360,323852
634,323884
809,323916
1091,323948
1353,323980
1546,324012
1820,324044
1917,324076
1687,324108
1449,324140
1128,324172
1340,324204
1120,324236
502,324268
655,324300
399,324332
0,324364
349,324396
555,324428
855,324460
1002,324492
863,324524
1548,324556
1321,324588
1550,324620
2218,324652
1766,324684
1552,324716
1678,324748
1095,324780
1211,324812
620,324844
468,324876
158,324908
0,324940
267,324972
44,325004
280,325036
893,325068
714,325100
990,325132
1178,325164
1450,325196
2107,325228
2250,325260
2200,325292
1917,325324
1600,325356
1447,325388
1214,325420
973,325452
752,325484
489,325516
288,325548
219,325580
416,325612
672,325644
876,325676
748,325708
1328,325740
1200,325772
1486,325804
1662,325836
1931,325868
1703,325900
1465,325932
1239,325964
1048,325996
779,326028
599,326060
282,326092
141,326124
261,326156
0,326188
558,326220
764,326252
634,326284
1213,326316
1454,326348
1357,326380
1915,326412
2112,326444
2285,326476
1967,326508
1356,326540
1548,326572
896,326604
700,326636
814,326668
250,326700
71,326732
118,326764
38,326796
544,326828
413,326860
712,326892
860,326924
1124,326956
1837,326988
1579,327020
1865,327052
1789,327084
1598,327116
1371,327148
1468,327180
917,327212
1095,327244
743,327276
633,327308
359,327340
245,327372
432,327404
622,327436
891,327468
1082,327500
1277,327532
1536,327564
1741,327596
1978,327628
2217,327660
2074,327692
1466,327724
1597,327756
1008,327788
840,327820
556,327852
389,327884
200,327916
0,327948
0,327980
424,328012
392,328044
619,328076
749,328108
1422,328140
1663,328172
1486,328204
2127,328236
2304,328268
1738,328300
1836,328332
1562,328364
1403,328396
1100,328428
505,328460
718,328492
56,328524
0,328556
304,328588
127,328620
392,328652
952,328684
838,328716
1405,328748
1262,328780
1565,328812
1723,328844
1820,328876
2108,328908
1384,328940
1160,328972
1337,329004
700,329036
522,329068
640,329100
60,329132
215,329164
344,329196
651,329228
843,329260
1111,329292
1293,329324
1530,329356
1753,329388
1996,329420
2190,329452
2202,329484
1931,329516
1661,329548
1456,329580
1195,329612
616,329644
734,329676
167,329708
0,329740
0,329772
74,329804
298,329836
524,329868
747,329900
1276,329932
1196,329964
1469,329996
2073,330028
1943,330060
2171,330092
1518,330124
1693,330156
1431,330188
840,330220
967,330252
734,330284
201,330316
271,330348
206,330380
509,330412
665,330444
524,330476
1165,330508
975,330540
1232,330572
1822,330604
1693,330636
2265,330668
2029,330700
1492,330732
1560,330764
956,330796
797,330828
494,330860
304,330892
541,330924
0,330956
0,330988
555,331020
428,331052
654,331084
1198,331116
1110,331148
1755,331180
1865,331212
2229,331244
2269,331276
2077,331308
1798,331340
1518,331372
1322,331404
1056,331436
798,331468
602,331500
334,331532
99,331564
55,331596
537,331628
412,331660
989,331692
861,331724
1148,331756
1319,331788
1608,331820
1881,331852
1816,331884
1624,331916
1389,331948
1160,331980
926,332012
616,332044
824,332076
603,332108
0,332140
207,332172
426,332204
605,332236
875,332268
1070,332300
1371,332332
1519,332364
1384,332396
2078,332428
1848,332460
1706,332492
1900,332524
1240,332556
1417,332588
1152,332620
588,332652
696,332684
109,332716
0,332748
0,332780
76,332812
797,332844
953,332876
788,332908
1417,332940
1237,332972
1514,333004
2122,333036
1949,333068
2141,333100
1818,333132
1671,333164
1387,333196
1195,333228
925,333260
698,333292
461,333324
234,333356
282,333388
544,333420
736,333452
937,333484
860,333516
1391,333548
1259,333580
1856,333612
1725,333644
1878,333676
1581,333708
1414,333740
1178,333772
951,333804
727,333836
537,333868
526,333900
87,333932
0,333964
55,333996
631,334028
462,334060
1080,334092
1287,334124
1501,334156
1741,334188
1982,334220
1881,334252
2187,334284
1914,334316
1757,334348
1438,334380
844,334412
1022,334444
383,334476
191,334508
288,334540
0,334572
92,334604
608,334636
540,334668
1064,334700
924,334732
1225,334764
1869,334796
1642,334828
2367,334860
1726,334892
1548,334924
1677,334956
1082,334988
859,335020
952,335052
407,335084
575,335116
0,335148
303,335180
493,335212
767,335244
953,335276
1142,335308
1403,335340
1598,335372
1803,335404
1734,335436
2238,335468
2013,335500
1774,335532
1536,335564
954,335596
1080,335628
504,335660
331,335692
45,335724
0,335756
2,335788
184,335820
444,335852
937,335884
903,335916
1129,335948
1262,335980
1951,336012
2201,336044
2239,336076
2043,336108
1785,336140
1215,336172
1307,336204
1050,336236
889,336268
584,336300
0,336332
183,336364
0,336396
188,336428
824,336460
646,336492
893,336524
1470,336556
1352,336588
1934,336620
1791,336652
1834,336684
2024,336716
1296,336748
1577,336780
871,336812
648,336844
813,336876
186,336908
19,336940
202,336972
88,337004
715,337036
540,337068
1173,337100
1355,337132
1629,337164
1821,337196
2062,337228
2285,337260
2144,337292
1868,337324
1240,337356
1403,337388
1136,337420
940,337452
682,337484
108,337516
222,337548
0,337580
136,337612
300,337644
584,337676
809,337708
1033,337740
1260,337772
1803,337804
1723,337836
1975,337868
2105,337900
1499,337932
1641,337964
1357,337996
1166,338028
911,338060
329,338092
447,338124
219,338156
6,338188
536,338220
720,338252
1021,338284
1179,338316
1036,338348
1692,338380
1488,338412
1756,338444
2205,338476
1611,338508
1728,338540
1498,338572
970,338604
746,338636
442,338668
295,338700
0,338732
0,338764
447,338796
208,338828
486,338860
1069,338892
940,338924
1165,338956
1399,338988
1627,339020
2287,339052
2128,339084
2025,339116
1739,339148
1545,339180
1271,339212
992,339244
384,339276
540,339308
281,339340
158,339372
364,339404
592,339436
815,339468
1050,339500
922,339532
1503,339564
1382,339596
1670,339628
1840,339660
1756,339692
1562,339724
1288,339756
1101,339788
875,339820
649,339852
423,339884
537,339916
311,339948
283,339980
132,340012
743,340044
939,340076
845,340108
1389,340140
1592,340172
1901,340204
2048,340236
1871,340268
2109,340300
1407,340332
1180,340364
1368,340396
728,340428
906,340460
640,340492
74,340524
0,340556
0,340588
202,340620
350,340652
585,340684
1306,340716
1066,340748
1293,340780
1945,340812
1754,340844
1896,340876
1610,340908
1429,340940
1611,340972
1290,341004
1143,341036
875,341068
683,341100
409,341132
168,341164
0,341196
608,341228
799,341260
1056,341292
1248,341324
1453,341356
1710,341388
1919,341420
1785,341452
2120,341484
1518,341516
1351,341548
1066,341580
890,341612
665,341644
440,341676
216,341708
27,341740
0,341772
108,341804
681,341836
557,341868
1147,341900
974,341932
1598,341964
1808,341996
1662,342028
2271,342060
2128,342092
1563,342124
1656,342156
1386,342188
1229,342220
925,342252
332,342284
508,342316
0,342348
0,342380
443,342412
332,342444
604,342476
1128,342508
1050,342540
1584,342572
1439,342604
1743,342636
1870,342668
1678,342700
1929,342732
1208,342764
1032,342796
752,342828
569,342860
347,342892
430,342924
0,342956
375,342988
204,343020
829,343052
1015,343084
1167,343116
1469,343148
1664,343180
1931,343212
2136,343244
2186,343276
1983,343308
1712,343340
1480,343372
1244,343404
1021,343436
444,343468
567,343500
1,343532
0,343564
0,343596
236,343628
508,343660
696,343692
956,343724
1191,343756
1416,343788
1645,343820
1786,343852
2221,343884
1995,343916
1352,343948
1515,343980
1257,344012
701,344044
792,344076
526,344108
365,344140
150,344172
23,344204
684,344236
463,344268
700,344300
1340,344332
1150,344364
1414,344396
2000,344428
1870,344460
2078,344492
1470,344524
1316,344556
1002,344588
782,344620
1052,344652
360,344684
134,344716
299,344748
0,344780
152,344812
728,344844
601,344876
1227,344908
1055,344940
1701,344972
1883,345004
2043,345036
2327,345068
2090,345100
1849,345132
1616,345164
1341,345196
1148,345228
880,345260
622,345292
427,345324
160,345356
0,345388
479,345420
361,345452
634,345484
809,345516
1094,345548
1320,345580
1548,345612
1786,345644
1913,345676
1639,345708
1447,345740
1577,345772
984,345804
1115,345836
493,345868
651,345900
280,345932
0,345964
361,345996
592,346028
509,346060
1050,346092
1243,346124
1547,346156
1705,346188
1559,346220
2220,346252
1754,346284
1552,346316
1677,346348
1095,346380
1211,346412
986,346444
458,346476
524,346508
0,346540
0,346572
20,346604
280,346636
973,346668
720,346700
1000,346732
1591,346764
1452,346796
1691,346828
1925,346860
1771,346892
1963,346924
1599,346956
1487,346988
1211,347020
1021,347052
758,347084
480,347116
283,347148
224,347180
426,347212
684,347244
879,347276
1113,347308
1328,347340
1566,347372
1436,347404
2031,347436
1869,347468
1692,347500
1404,347532
1229,347564
1038,347596
778,347628
589,347660
365,347692
137,347724
0,347756
0,347788
567,347820
808,347852
644,347884
1259,347916
1456,347948
1359,347980
1918,348012
2120,348044
1808,348076
1964,348108
1356,348140
1579,348172
892,348204
676,348236
858,348268
218,348300
381,348332
107,348364
0,348396
556,348428
416,348460
714,348492
863,348524
1099,348556
1839,348588
1580,348620
1818,348652
2205,348684
1546,348716
1368,348748
1096,348780
907,348812
1084,348844
775,348876
631,348908
351,348940
247,348972
441,349004
670,349036
889,349068
1128,349100
1310,349132
1584,349164
1784,349196
1982,349228
2250,349260
2064,349292
1465,349324
1596,349356
1004,349388
838,349420
557,349452
380,349484
155,349516
0,349548
0,349580
170,349612
350,349644
621,349676
1194,349708
1070,349740
1675,349772
1486,349804
2135,349836
2301,349868
1695,349900
1835,349932
1599,349964
1312,349996
1129,350028
863,350060
713,350092
410,350124
0,350156
304,350188
136,350220
392,350252
956,350284
840,350316
1114,350348
1647,350380
1578,350412
2110,350444
1819,350476
1658,350508
1340,350540
1148,350572
1399,350604
688,350636
520,350668
248,350700
58,350732
0,350764
349,350796
264,350828
891,350860
712,350892
1343,350924
1531,350956
1815,350988
1997,351020
2190,351052
2197,351084
1920,351116
1659,351148
1451,351180
1193,351212
958,351244
732,351276
509,351308
0,351340
134,351372
27,351404
298,351436
463,351468
750,351500
1017,351532
1208,351564
1480,351596
1709,351628
1944,351660
1789,351692
1465,351724
1691,351756
1467,351788
838,351820
999,351852
735,351884
460,351916
271,351948
208,351980
507,352012
666,352044
535,352076
1207,352108
984,352140
1212,352172
1868,352204
1672,352236
1902,352268
2027,352300
1434,352332
1550,352364
953,352396
796,352428
490,352460
280,352492
537,352524
233,352556
0,352588
557,352620
389,352652
664,352684
1244,352716
1113,352748
1755,352780
1576,352812
2233,352844
2265,352876
2073,352908
1789,352940
1560,352972
1311,353004
1098,353036
826,353068
634,353100
364,353132
89,353164
344,353196
540,353228
415,353260
991,353292
870,353324
1148,353356
1323,353388
1612,353420
1849,353452
1814,353484
1577,353516
1386,353548
1114,353580
925,353612
1053,353644
473,353676
599,353708
0,353740
215,353772
427,353804
640,353836
877,353868
1113,353900
1017,353932
1566,353964
1770,353996
2089,354028
2234,354060
1695,354092
1897,354124
1240,354156
1035,354188
1150,354220
584,354252
686,354284
463,354316
0,354348
204,354380
79,354412
377,354444
1007,354476
780,354508
1485,354540
1231,354572
1515,354604
2121,354636
1948,354668
1719,354700
1480,354732
1246,354764
1435,354796
1082,354828
973,354860
699,354892
509,354924
231,354956
286,354988
554,355020
746,355052
940,355084
1196,355116
1391,355148
1630,355180
1856,355212
2095,355244
1816,355276
1945,355308
1342,355340
1176,355372
890,355404
717,355436
535,355468
266,355500
87,355532
0,355564
58,355596
283,355628
422,355660
1081,355692
1323,355724
1502,355756
1785,355788
1991,355820
1884,355852
2184,355884
1913,355916
1755,355948
1435,355980
831,356012
1055,356044
381,356076
165,356108
331,356140
0,356172
413,356204
617,356236
496,356268
1068,356300
926,356332
1225,356364
1879,356396
1614,356428
2376,356460
1723,356492
1494,356524
1679,356556
1032,356588
856,356620
584,356652
395,356684
571,356716
253,356748
311,356780
495,356812
776,356844
955,356876
1184,356908
1413,356940
1648,356972
1838,357004
2112,357036
2272,357068
2010,357100
1804,357132
1533,357164
944,357196
1070,357228
492,357260
327,357292
45,357324
0,357356
0,357388
188,357420
414,357452
681,357484
861,357516
1132,357548
1264,357580
1593,357612
2201,357644
2235,357676
2040,357708
1773,357740
1175,357772
1305,357804
1082,357836
537,357868
616,357900
350,357932
0,357964
319,357996
191,358028
830,358060
639,358092
895,358124
1472,358156
1352,358188
1639,358220
2176,358252
1832,358284
1597,358316
1293,358348
1143,358380
831,358412
637,358444
877,358476
187,358508
16,358540
0,358572
94,358604
326,358636
862,358668
776,358700
1407,358732
1226,358764
1881,358796
2063,358828
2347,358860
2141,358892
1868,358924
1661,358956
1390,358988
1132,359020
928,359052
680,359084
446,359116
218,359148
191,359180
78,359212
652,359244
528,359276
810,359308
975,359340
1262,359372
1531,359404
1736,359436
1973,359468
2000,359500
1499,359532
1270,359564
1399,359596
1163,359628
943,359660
326,359692
475,359724
218,359756
16,359788
538,359820
728,359852
1035,359884
1182,359916
1040,359948
1727,359980
1497,360012
1736,360044
2240,360076
1580,360108
1380,360140
1498,360172
920,360204
744,360236
441,360268
286,360300
0,360332
0,360364
455,360396
219,360428
444,360460
1079,360492
891,360524
1174,360556
1770,360588
1629,360620
2295,360652
1832,360684
2009,360716
1737,360748
1533,360780
1263,360812
1036,360844
384,360876
584,360908
312,360940
200,360972
398,361004
602,361036
848,361068
1053,361100
925,361132
1513,361164
1384,361196
1672,361228
1849,361260
1753,361292
1513,361324
1288,361356
1053,361388
1132,361420
603,361452
413,361484
538,361516
0,361548
285,361580
136,361612
744,361644
940,361676
810,361708
1391,361740
1632,361772
1534,361804
2096,361836
2256,361868
2107,361900
1786,361932
1179,361964
1367,361996
720,362028
524,362060
637,362092
75,362124
0,362156
268,362188
212,362220
728,362252
588,362284
888,362316
1038,362348
1295,362380
2023,362412
1757,362444
1896,362476
2029,362508
1418,362540
1195,362572
968,362604
734,362636
921,362668
560,362700
447,362732
163,362764
315,362796
617,362828
800,362860
1065,362892
1258,362924
1455,362956
1724,362988
1920,363020
2159,363052
2121,363084
1888,363116
1288,363148
1417,363180
838,363212
664,363244
380,363276
206,363308
24,363340
0,363372
119,363404
343,363436
569,363468
795,363500
925,363532
1609,363564
1853,363596
1674,363628
2313,363660
2127,363692
1559,363724
1656,363756
1376,363788
1229,363820
922,363852
329,363884
539,363916
0,363948
0,363980
488,364012
303,364044
566,364076
1130,364108
1006,364140
1592,364172
1440,364204
1754,364236
1867,364268
1642,364300
1925,364332
1200,364364
974,364396
1150,364428
522,364460
345,364492
74,364524
0,364556
375,364588
512,364620
839,364652
1019,364684
1168,364716
1479,364748
1712,364780
1941,364812
2176,364844
2217,364876
2016,364908
1741,364940
1479,364972
1275,365004
1015,365036
432,365068
558,365100
0,365132
0,365164
0,365196
250,365228
472,365260
696,365292
923,365324
1192,365356
1374,365388
1656,365420
1788,365452
1848,365484
1992,365516
1348,365548
1511,365580
1247,365612
663,365644
783,365676
558,365708
24,365740
185,365772
392,365804
687,365836
842,365868
700,365900
1341,365932
1151,365964
1408,365996
2008,366028
1880,366060
1770,366092
1848,366124
1306,366156
1372,366188
780,366220
621,366252
320,366284
127,366316
361,366348
0,366380
156,366412
336,366444
605,366476
830,366508
1374,366540
1287,366572
1943,366604
2044,366636
2365,366668
2089,366700
1897,366732
1609,366764
1338,366796
1145,366828
878,366860
620,366892
416,366924
156,366956
254,366988
479,367020
715,367052
588,367084
1165,367116
1038,367148
1324,367180
1498,367212
1788,367244
1911,367276
1630,367308
1437,367340
1470,367372
984,367404
759,367436
439,367468
647,367500
425,367532
0,367564
397,367596
601,367628
508,367660
1052,367692
1242,367724
1559,367756
1708,367788
1561,367820
2265,367852
1753,367884
1520,367916
1710,367948
1064,367980
870,368012
975,368044
411,368076
511,368108
0,368140
0,368172
25,368204
250,368236
971,368268
729,368300
956,368332
1597,368364
1414,368396
1702,368428
2302,368460
1770,368492
1961,368524
1630,368556
1483,368588
1209,368620
1020,368652
747,368684
520,368716
281,368748
270,368780
459,368812
730,368844
921,368876
1115,368908
1372,368940
1577,368972
1439,369004
2041,369036
1870,369068
1690,369100
1400,369132
1228,369164
1000,369196
776,369228
551,369260
620,369292
92,369324
0,369356
334,369388
231,369420
806,369452
647,369484
1259,369516
1465,369548
1323,369580
1929,369612
2168,369644
1913,369676
2000,369708
1725,369740
1575,369772
1260,369804
667,369836
845,369868
205,369900
21,369932
103,369964
408,369996
558,370028
784,370060
724,370092
1244,370124
1103,370156
1401,370188
1552,370220
1820,370252
2271,370284
1545,370316
1368,370348
1497,370380
904,370412
683,370444
767,370476
231,370508
397,370540
140,370572
493,370604
681,370636
953,370668
1131,370700
1322,370732
1591,370764
1786,370796
1984,370828
2252,370860
2062,370892
1824,370924
1324,370956
1358,370988
776,371020
896,371052
320,371084
152,371116
0,371148
0,371180
171,371212
361,371244
631,371276
857,371308
1080,371340
1307,371372
1436,371404
2139,371436
2345,371468
1688,371500
1865,371532
1595,371564
1311,371596
1127,371628
862,371660
713,371692
398,371724
0,371756
345,371788
139,371820
364,371852
1003,371884
813,371916
1452,371948
1656,371980
1520,372012
2112,372044
1808,372076
1656,372108
1340,372140
1126,372172
1399,372204
1095,372236
468,372268
637,372300
19,372332
0,372364
384,372396
263,372428
891,372460
1035,372492
1351,372524
1533,372556
1816,372588
2009,372620
2248,372652
2189,372684
1964,372716
1688,372748
1486,372780
1216,372812
959,372844
429,372876
494,372908
0,372940
128,372972
29,373004
302,373036
474,373068
751,373100
984,373132
1210,373164
1434,373196
1709,373228
1911,373260
1788,373292
1454,373324
1323,373356
1453,373388
828,373420
987,373452
732,373484
491,373516
269,373548
253,373580
173,373612
712,373644
906,373676
1209,373708
1357,373740
1214,373772
1869,373804
1677,373836
1899,373868
2026,373900
1424,373932
1246,373964
1321,373996
792,374028
861,374060
267,374092
109,374124
271,374156
0,374188
633,374220
392,374252
668,374284
1245,374316
1114,374348
1343,374380
1904,374412
1812,374444
2313,374476
1656,374508
1837,374540
1559,374572
1355,374604
1085,374636
824,374668
631,374700
362,374732
88,374764
27,374796
541,374828
766,374860
991,374892
1227,374924
1096,374956
1691,374988
1560,375020
1848,375052
1744,375084
1575,375116
1383,375148
1111,375180
922,375212
955,375244
472,375276
251,375308
0,375340
215,375372
461,375404
649,375436
919,375468
1117,375500
1019,375532
1577,375564
1772,375596
2089,375628
2236,375660
1694,375692
1929,375724
1228,375756
1003,375788
1194,375820
552,375852
358,375884
460,375916
0,375948
208,375980
79,376012
379,376044
1016,376076
764,376108
1496,376140
1241,376172
1476,376204
2126,376236
1896,376268
1718,376300
1851,376332
1244,376364
1421,376396
792,376428
967,376460
699,376492
506,376524
221,376556
332,376588
553,376620
794,376652
973,376684
821,376716
1435,376748
1632,376780
1900,376812
2105,376844
1806,376876
1944,376908
1340,376940
1166,376972
888,377004
716,377036
490,377068
265,377100
40,377132
77,377164
24,377196
284,377228
858,377260
733,377292
1323,377324
1513,377356
1787,377388
1995,377420
1849,377452
2175,377484
1948,377516
1385,377548
1470,377580
1200,377612
1053,377644
747,377676
155,377708
329,377740
0,377772
57,377804
618,377836
503,377868
1070,377900
1305,377932
1237,377964
1464,377996
1624,378028
1929,378060
1691,378092
1486,378124
1741,378156
1024,378188
856,378220
981,378252
394,378284
171,378316
0,378348
0,378380
555,378412
664,378444
1005,378476
1193,378508
1465,378540
1655,378572
1848,378604
1677,378636
2272,378668
2000,378700
1803,378732
1530,378764
1296,378796
1068,378828
845,378860
266,378892
383,378924
0,378956
0,378988
140,379020
422,379052
683,379084
872,379116
1133,379148
1369,379180
1597,379212
1835,379244
2271,379276
2039,379308
1807,379340
1164,379372
1327,379404
1079,379436
525,379468
615,379500
349,379532
173,379564
332,379596
192,379628
861,379660
649,379692
875,379724
1517,379756
1326,379788
1980,379820
2184,379852
1774,379884
1595,379916
1290,379948
1132,379980
828,380012
613,380044
875,380076
185,380108
0,380140
207,380172
56,380204
330,380236
506,380268
777,380300
1405,380332
1560,380364
1881,380396
2073,380428
2349,380460
2138,380492
1912,380524
1228,380556
1434,380588
1162,380620
970,380652
701,380684
445,380716
240,380748
202,380780
89,380812
654,380844
538,380876
813,380908
986,380940
1263,380972
1497,381004
1736,381036
1918,381068
1735,381100
1450,381132
1261,381164
1389,381196
809,381228
939,381260
326,381292
471,381324
215,381356
0,381388
543,381420
776,381452
685,381484
1226,381516
1420,381548
1735,381580
1886,381612
1739,381644
2238,381676
1576,381708
1372,381740
1488,381772
912,381804
740,381836
808,381868
280,381900
343,381932
0,381964
40,381996
334,382028
448,382060
1147,382092
904,382124
1179,382156
1358,382188
1638,382220
1879,382252
2157,382284
1593,382316
1785,382348
1131,382380
1309,382412
1033,382444
734,382476
573,382508
312,382540
205,382572
408,382604
605,382636
858,382668
1054,382700
1289,382732
1515,382764
1754,382796
1612,382828
2220,382860
1691,382892
1514,382924
1224,382956
1052,382988
862,383020
602,383052
413,383084
187,383116
0,383148
0,383180
90,383212
745,383244
985,383276
814,383308
1435,383340
1641,383372
1533,383404
2104,383436
2255,383468
2105,383500
1787,383532
1168,383564
1399,383596
719,383628
490,383660
668,383692
43,383724
0,383756
281,383788
168,383820
729,383852
592,383884
891,383916
1040,383948
1276,383980
2025,384012
1767,384044
1836,384076
2025,384108
1367,384140
1191,384172
1321,384204
730,384236
907,384268
281,384300
444,384332
153,384364
318,384396
619,384428
848,384460
1067,384492
1308,384524
1497,384556
1768,384588
1962,384620
2169,384652
2152,384684
1883,384716
1280,384748
1408,384780
830,384812
654,384844
379,384876
204,384908
0,384940
0,384972
76,385004
345,385036
535,385068
793,385100
1373,385132
1255,385164
1851,385196
1674,385228
2317,385260
2123,385292
1513,385324
1647,385356
1422,385388
871,385420
954,385452
685,385484
535,385516
232,385548
0,385580
491,385612
312,385644
569,385676
1135,385708
1015,385740
1595,385772
1834,385804
1753,385836
2256,385868
1641,385900
1470,385932
1166,385964
970,385996
1223,386028
520,386060
346,386092
457,386124
0,386156
0,386188
216,386220
430,386252
1067,386284
1178,386316
1529,386348
1721,386380
1995,386412
2187,386444
2208,386476
2011,386508
1740,386540
1472,386572
1274,386604
1008,386636
783,386668
555,386700
320,386732
0,386764
315,386796
202,386828
475,386860
647,386892
924,386924
1192,386956
1384,386988
1658,387020
1897,387052
1847,387084
1611,387116
1288,387148
1501,387180
1279,387212
654,387244
815,387276
557,387308
24,387340
199,387372
392,387404
248,387436
844,387468
703,387500
1385,387532
1161,387564
1389,387596
2047,387628
1854,387660
2109,387692
1840,387724
1256,387756
1371,387788
778,387820
625,387852
316,387884
102,387916
359,387948
0,387980
119,388012
733,388044
568,388076
840,388108
1018,388140
1289,388172
1944,388204
2089,388236
2363,388268
2079,388300
1883,388332
1611,388364
1376,388396
1135,388428
920,388460
651,388492
456,388524
186,388556
266,388588
510,388620
718,388652
590,388684
1168,388716
1040,388748
1324,388780
1499,388812
1790,388844
1864,388876
1628,388908
1399,388940
1208,388972
938,389004
749,389036
873,389068
300,389100
413,389132
0,389164
398,389196
603,389228
474,389260
1055,389292
1291,389324
1470,389356
1754,389388
1948,389420
2265,389452
2137,389484
1515,389516
1709,389548
1056,389580
860,389612
982,389644
409,389676
221,389708
286,389740
0,389772
384,389804
253,389836
555,389868
702,389900
957,389932
1677,389964
1417,389996
1702,390028
1884,390060
1766,390092
1531,390124
1628,390156
1067,390188
1255,390220
619,390252
797,390284
519,390316
331,390348
269,390380
472,390412
729,390444
922,390476
1118,390508
1376,390540
1579,390572
1816,390604
2046,390636
2234,390668
1628,390700
1767,390732
1168,390764
998,390796
714,390828
548,390860
359,390892
92,390924
0,390956
10,390988
232,391020
457,391052
598,391084
1259,391116
1502,391148
1325,391180
1965,391212
2171,391244
2190,391276
1998,391308
1726,391340
1577,391372
1256,391404
666,391436
877,391468
205,391500
0,391532
136,391564
0,391596
232,391628
793,391660
680,391692
1244,391724
1111,391756
1404,391788
1560,391820
1806,391852
2268,391884
1963,391916
1319,391948
1496,391980
854,392012
680,392044
800,392076
220,392108
395,392140
0,392172
493,392204
681,392236
952,392268
1135,392300
1370,392332
1593,392364
1836,392396
2027,392428
2299,392460
2093,392492
1823,392524
1614,392556
1355,392588
768,392620
894,392652
319,392684
153,392716
0,392748
0,392780
135,392812
362,392844
586,392876
856,392908
1037,392940
1309,392972
1909,393004
1771,393036
2333,393068
1688,393100
1852,393132
1595,393164
1344,393196
1119,393228
896,393260
351,393292
440,393324
171,393356
349,393388
504,393420
365,393452
1003,393484
815,393516
1072,393548
1657,393580
1532,393612
2124,393644
2192,393676
1654,393708
1721,393740
1118,393772
955,393804
1135,393836
461,393868
701,393900
10,393932
0,393964
397,393996
278,394028
861,394060
728,394092
951,394124
1593,394156
1704,394188
2061,394220
2251,394252
2247,394284
1961,394316
1678,394348
1482,394380
1214,394412
957,394444
762,394476
494,394508
270,394540
137,394572
376,394604
254,394636
827,394668
703,394700
986,394732
1163,394764
1447,394796
1720,394828
1912,394860
1785,394892
1549,394924
1321,394956
1086,394988
765,395020
984,395052
764,395084
490,395116
287,395148
263,395180
179,395212
715,395244
910,395276
1211,395308
1358,395340
1226,395372
1914,395404
1679,395436
1866,395468
2060,395500
1402,395532
1578,395564
1320,395596
744,395628
858,395660
266,395692
116,395724
267,395756
0,395788
635,395820
398,395852
628,395884
1257,395916
1077,395948
1354,395980
1532,396012
1816,396044
2310,396076
1979,396108
1833,396140
1551,396172
1357,396204
1087,396236
860,396268
621,396300
398,396332
117,396364
382,396396
583,396428
777,396460
1034,396492
1230,396524
1100,396556
1691,396588
1563,396620
1850,396652
1740,396684
1572,396716
1337,396748
1112,396780
876,396812
696,396844
427,396876
236,396908
0,396940
0,396972
461,397004
653,397036
919,397068
1118,397100
985,397132
1579,397164
1818,397196
1721,397228
2272,397260
2077,397292
1925,397324
1600,397356
999,397388
1183,397420
544,397452
356,397484
462,397516
0,397548
0,397580
447,397612
382,397644
615,397676
765,397708
1065,397740
1214,397772
1480,397804
2205,397836
1896,397868
1706,397900
1424,397932
1242,397964
1015,397996
1104,398028
565,398060
735,398092
109,398124
265,398156
335,398188
615,398220
793,398252
984,398284
1245,398316
1438,398348
1641,398380
1902,398412
2109,398444
2172,398476
1936,398508
1705,398540
1112,398572
1241,398604
654,398636
490,398668
206,398700
40,398732
0,398764
27,398796
286,398828
778,398860
746,398892
971,398924
1559,398956
1788,398988
2031,399020
1850,399052
2221,399084
1945,399116
1373,399148
1469,399180
1200,399212
1049,399244
746,399276
156,399308
350,399340
0,399372
37,399404
664,399436
485,399468
742,399500
1309,399532
1190,399564
1469,399596
1628,399628
1933,399660
1688,399692
1464,399724
1738,399756
1021,399788
806,399820
973,399852
347,399884
168,399916
284,399948
0,399980
555,400012
391,400044
1006,400076
1195,400108
1467,400140
1658,400172
1896,400204
1679,400236
2314,400268
2031,400300
1836,400332
1563,400364
1296,400396
1099,400428
840,400460
267,400492
382,400524
0,400556
0,400588
142,400620
425,400652
649,400684
874,400716
1099,400748
1640,400780
1559,400812
1837,400844
2267,400876
1662,400908
1803,400940
1163,400972
1333,401004
1068,401036
487,401068
607,401100
382,401132
0,401164
367,401196
571,401228
873,401260
1017,401292
876,401324
1519,401356
1337,401388
1594,401420
2189,401452
1773,401484
1594,401516
1663,401548
1130,401580
1194,401612
604,401644
442,401676
144,401708
0,401740
281,401772
60,401804
330,401836
909,401868
780,401900
1006,401932
1239,401964
1467,401996
2123,402028
2224,402060
2187,402092
1897,402124
1592,402156
1433,402188
1162,402220
958,402252
700,402284
445,402316
238,402348
205,402380
432,402412
656,402444
893,402476
764,402508
1343,402540
1224,402572
1500,402604
1678,402636
1918,402668
1725,402700
1449,402732
1258,402764
1033,402796
808,402828
575,402860
266,402892
471,402924
237,402956
0,402988
573,403020
780,403052
685,403084
1228,403116
1422,403148
1738,403180
1888,403212
1740,403244
2271,403276
1568,403308
1340,403340
1528,403372
879,403404
686,403436
808,403468
232,403500
334,403532
0,403564
50,403596
192,403628
427,403660
1149,403692
907,403724
1132,403756
1781,403788
1592,403820
1882,403852
1772,403884
1591,403916
1772,403948
1451,403980
1307,404012
1023,404044
730,404076
573,404108
336,404140
213,404172
448,404204
638,404236
904,404268
1096,404300
1292,404332
1551,404364
1757,404396
1616,404428
2223,404460
1690,404492
1512,404524
1226,404556
1050,404588
825,404620
600,404652
364,404684
183,404716
0,404748
0,404780
91,404812
407,404844
987,404876
814,404908
1438,404940
1644,404972
1499,405004
2109,405036
2299,405068
1725,405100
1818,405132
1548,405164
1389,405196
1081,405228
488,405260
670,405292
41,405324
0,405356
282,405388
170,405420
444,405452
967,405484
890,405516
1422,405548
1279,405580
1579,405612
1737,405644
1836,405676
2091,405708
1359,405740
1181,405772
911,405804
729,405836
507,405868
588,405900
55,405932
197,405964
328,405996
669,406028
857,406060
713,406092
1307,406124
1498,406156
1771,406188
1966,406220
2168,406252
2152,406284
1883,406316
1645,406348
1407,406380
1180,406412
602,406444
719,406476
153,406508
0,406540
0,406572
88,406604
348,406636
537,406668
805,406700
1290,406732
1256,406764
1483,406796
1626,406828
2317,406860
2157,406892
1509,406924
1677,406956
1419,406988
861,407020
951,407052
686,407084
525,407116
222,407148
0,407180
524,407212
316,407244
540,407276
1180,407308
996,407340
1252,407372
1836,407404
1708,407436
2252,407468
1630,407500
1467,407532
1164,407564
939,407596
1211,407628
510,407660
294,407692
459,407724
0,407756
0,407788
574,407820
443,407852
1069,407884
1211,407916
1529,407948
1723,407980
1994,408012
2187,408044
2252,408076
2011,408108
1784,408140
1502,408172
1306,408204
1040,408236
782,408268
583,408300
320,408332
0,408364
320,408396
207,408428
486,408460
651,408492
936,408524
1161,408556
1387,408588
1623,408620
2160,408652
1800,408684
1609,408716
1739,408748
1143,408780
1275,408812
662,408844
811,408876
556,408908
0,408940
199,408972
441,409004
349,409036
890,409068
1086,409100
1389,409132
1534,409164
1392,409196
2058,409228
1855,409260
1711,409292
1846,409324
1256,409356
1360,409388
1145,409420
616,409452
683,409484
93,409516
0,409548
0,409580
112,409612
813,409644
570,409676
842,409708
1433,409740
1300,409772
1531,409804
2094,409836
1934,409868
2127,409900
1769,409932
1657,409964
1373,409996
1181,410028
909,410060
648,410092
445,410124
184,410156
266,410188
524,410220
718,410252
943,410284
917,410316
1405,410348
1274,410380
1871,410412
1740,410444
1854,410476
1566,410508
1391,410540
1207,410572
938,410604
746,410636
525,410668
296,410700
71,410732
0,410764
406,410796
640,410828
476,410860
1099,410892
1293,410924
1481,410956
1757,410988
1952,411020
2267,411052
2127,411084
1514,411116
1743,411148
1055,411180
828,411212
1006,411244
379,411276
542,411308
286,411340
0,411372
394,411404
256,411436
563,411468
712,411500
938,411532
1674,411564
1837,411596
1656,411628
2313,411660
1708,411692
1530,411724
1664,411756
1065,411788
1244,411820
928,411852
791,411884
511,411916
327,411948
281,411980
510,412012
733,412044
968,412076
1159,412108
1420,412140
1614,412172
1821,412204
1740,412236
2224,412268
1626,412300
1756,412332
1164,412364
998,412396
704,412428
540,412460
316,412492
88,412524
0,412556
8,412588
201,412620
459,412652
600,412684
919,412716
1502,412748
1334,412780
1966,412812
2175,412844
2222,412876
1995,412908
1760,412940
1207,412972
1291,413004
1024,413036
875,413068
569,413100
0,413132
131,413164
0,413196
234,413228
798,413260
682,413292
954,413324
1485,413356
1414,413388
1949,413420
1805,413452
1818,413484
2009,413516
1308,413548
1561,413580
847,413612
678,413644
797,413676
219,413708
4,413740
176,413772
104,413804
731,413836
557,413868
1181,413900
1371,413932
1645,413964
1839,413996
2028,414028
2301,414060
2090,414092
1821,414124
1284,414156
1344,414188
1120,414220
895,414252
666,414284
90,414316
205,414348
0,414380
140,414412
315,414444
592,414476
860,414508
1048,414540
1320,414572
1817,414604
1783,414636
1963,414668
1628,414700
1854,414732
1629,414764
1343,414796
1150,414828
895,414860
359,414892
432,414924
170,414956
351,414988
507,415020
376,415052
1040,415084
826,415116
1053,415148
1707,415180
1512,415212
1772,415244
2191,415276
1592,415308
1711,415340
1115,415372
956,415404
1128,415436
430,415468
699,415500
8,415532
0,415564
397,415596
224,415628
504,415660
1086,415692
955,415724
1593,415756
1415,415788
2072,415820
2253,415852
2247,415884
1961,415916
1722,415948
1482,415980
1258,416012
984,416044
377,416076
527,416108
266,416140
174,416172
378,416204
256,416236
832,416268
713,416300
986,416332
1164,416364
1448,416396
1687,416428
1914,416460
1737,416492
1822,416524
1272,416556
1085,416588
1213,416620
633,416652
763,416684
480,416716
286,416748
267,416780
151,416812
719,416844
955,416876
861,416908
1407,416940
1600,416972
1927,417004
2064,417036
1865,417068
2061,417100
1392,417132
1195,417164
1310,417196
742,417228
848,417260
633,417292
114,417324
0,417356
0,417388
218,417420
367,417452
624,417484
1335,417516
1080,417548
1354,417580
1961,417612
1818,417644
1881,417676
1645,417708
1415,417740
1595,417772
1241,417804
1131,417836
859,417868
669,417900
395,417932
104,417964
0,417996
588,418028
781,418060
1038,418092
968,418124
1467,418156
1695,418188
1935,418220
1800,418252
2108,418284
1502,418316
1336,418348
1051,418380
876,418412
695,418444
426,418476
234,418508
18,418540
0,418572
125,418604
698,418636
923,418668
1164,418700
990,418732
1615,418764
1824,418796
1723,418828
2285,418860
2075,418892
1913,418924
1600,418956
991,418988
1213,419020
541,419052
316,419084
490,419116
0,419148
254,419180
457,419212
346,419244
616,419276
768,419308
1066,419340
1224,419372
1456,419404
2205,419436
1884,419468
1656,419500
1847,419532
1190,419564
1014,419596
735,419628
555,419660
731,419692
415,419724
264,419756
345,419788
616,419820
795,419852
1022,419884
827,419916
1486,419948
1678,419980
1950,420012
2153,420044
2173,420076
1965,420108
1703,420140
1103,420172
1232,420204
654,420236
486,420268
208,420300
27,420332
0,420364
27,420396
252,420428
519,420460
712,420492
972,420524
1561,420556
1431,420588
2043,420620
1854,420652
2205,420684
1945,420716
1335,420748
1465,420780
1242,420812
697,420844
778,420876
512,420908
351,420940
159,420972
33,421004
669,421036
480,421068
744,421100
1310,421132
1193,421164
1469,421196
2010,421228
1942,421260
2064,421292
1453,421324
1293,421356
987,421388
796,421420
1039,421452
345,421484
168,421516
0,421548
0,421580
168,421612
703,421644
616,421676
1245,421708
1066,421740
1717,421772
1901,421804
2060,421836
2309,421868
2028,421900
1823,421932
1562,421964
1294,421996
1098,422028
830,422060
605,422092
378,422124
143,422156
0,422188
488,422220
378,422252
653,422284
824,422316
1103,422348
1383,422380
1564,422412
1837,422444
1899,422476
1660,422508
1432,422540
1112,422572
1323,422604
1101,422636
484,422668
635,422700
379,422732
0,422764
378,422796
570,422828
873,422860
1022,422892
880,422924
1567,422956
1339,422988
1575,423020
2236,423052
1742,423084
1534,423116
1660,423148
1080,423180
1184,423212
603,423244
442,423276
142,423308
0,423340
295,423372
62,423404
296,423436
919,423468
741,423500
1014,423532
1610,423564
1468,423596
2133,423628
1943,423660
2183,423692
1899,423724
1584,423756
1431,423788
1198,423820
957,423852
736,423884
462,423916
270,423948
238,423980
440,424012
698,424044
894,424076
764,424108
1354,424140
1225,424172
1510,424204
1679,424236
1913,424268
1684,424300
1448,424332
1223,424364
1033,424396
763,424428
571,424460
697,424492
121,424524
235,424556
0,424588
584,424620
791,424652
651,424684
1239,424716
1470,424748
1373,424780
1932,424812
2136,424844
2269,424876
1947,424908
1340,424940
1528,424972
878,425004
683,425036
796,425068
231,425100
335,425132
91,425164
54,425196
569,425228
430,425260
729,425292
879,425324
1136,425356
1854,425388
1596,425420
1882,425452
2189,425484
1580,425516
1355,425548
1128,425580
891,425612
1071,425644
720,425676
608,425708
335,425740
265,425772
455,425804
648,425836
905,425868
1100,425900
1293,425932
1560,425964
1759,425996
1996,426028
2224,426060
2047,426092
1450,426124
1580,426156
987,426188
814,426220
538,426252
364,426284
174,426316
0,426348
0,426380
184,426412
408,426444
636,426476
766,426508
1447,426540
1689,426572
1510,426604
2155,426636
2287,426668
1721,426700
1819,426732
1536,426764
927,426796
1080,426828
478,426860
699,426892
31,426924
0,426956
329,426988
144,427020
777,427052
972,427084
854,427116
1424,427148
1288,427180
1590,427212
1742,427244
1806,427276
2088,427308
1356,427340
1132,427372
1309,427404
682,427436
503,427468
231,427500
50,427532
187,427564
362,427596
669,427628
861,427660
1125,427692
1310,427724
1548,427756
1773,427788
2014,427820
2207,427852
2188,427884
1912,427916
1643,427948
1437,427980
1177,428012
601,428044
717,428076
144,428108
0,428140
0,428172
91,428204
317,428236
541,428268
764,428300
1033,428332
1224,428364
1495,428396
2091,428428
1961,428460
2155,428492
1502,428524
1675,428556
1407,428588
823,428620
943,428652
718,428684
447,428716
254,428748
223,428780
527,428812
682,428844
542,428876
1184,428908
1000,428940
1256,428972
1838,429004
1711,429036
1943,429068
2012,429100
1468,429132
1535,429164
938,429196
781,429228
477,429260
295,429292
521,429324
0,429356
1,429388
174,429420
444,429452
679,429484
1224,429516
1130,429548
1773,429580
1591,429612
2248,429644
2249,429676
2059,429708
1774,429740
1500,429772
1293,429804
1040,429836
779,429868
576,429900
319,429932
73,429964
328,429996
555,430028
430,430060
1004,430092
880,430124
1580,430156
1338,430188
1626,430220
1899,430252
1798,430284
1607,430316
1371,430348
1143,430380
910,430412
598,430444
807,430476
587,430508
0,430540
233,430572
442,430604
621,430636
891,430668
1086,430700
1399,430732
1536,430764
1390,430796
2096,430828
1865,430860
1680,430892
1882,430924
1224,430956
1018,430988
1143,431020
568,431052
680,431084
89,431116
0,431148
0,431180
102,431212
812,431244
973,431276
806,431308
1433,431340
1255,431372
1530,431404
2140,431436
1940,431468
2123,431500
1464,431532
1645,431564
1369,431596
1179,431628
909,431660
682,431692
443,431724
216,431756
300,431788
568,431820
759,431852
955,431884
1210,431916
1416,431948
1279,431980
1872,432012
1740,432044
1852,432076
1565,432108
1388,432140
1161,432172
925,432204
712,432236
512,432268
251,432300
60,432332
163,432364
71,432396
651,432428
489,432460
1099,432492
1296,432524
1517,432556
1759,432588
1997,432620
1901,432652
2168,432684
1897,432716
1741,432748
1420,432780
826,432812
1007,432844
368,432876
176,432908
282,432940
0,432972
396,433004
633,433036
566,433068
1084,433100
944,433132
1242,433164
1897,433196
1660,433228
2391,433260
1708,433292
1528,433324
1661,433356
1066,433388
843,433420
616,433452
381,433484
559,433516
207,433548
329,433580
511,433612
791,433644
970,433676
1160,433708
1421,433740
1626,433772
1822,433804
2090,433836
2224,433868
1992,433900
1755,433932
1519,433964
937,433996
1064,434028
478,434060
312,434092
38,434124
0,434156
19,434188
200,434220
471,434252
695,434284
919,434316
1147,434348
1277,434380
1976,434412
2221,434444
2219,434476
2027,434508
1759,434540
1196,434572
1292,434604
1020,434636
871,434668
568,434700
0,434732
167,434764
0,434796
208,434828
842,434860
662,434892
1290,434924
1486,434956
1369,434988
1949,435020
1808,435052
1818,435084
1997,435116
1276,435148
1559,435180
844,435212
632,435244
797,435276
170,435308
1,435340
0,435372
106,435404
733,435436
875,435468
1192,435500
1373,435532
1654,435564
1847,435596
2080,435628
2301,435660
2126,435692
1850,435724
1656,435756
1376,435788
1120,435820
922,435852
665,435884
90,435916
203,435948
0,435980
152,436012
319,436044
602,436076
825,436108
1050,436140
1276,436172
1544,436204
1741,436236
1959,436268
1624,436300
1481,436332
1627,436364
1341,436396
1148,436428
891,436460
312,436492
429,436524
201,436556
22,436588
554,436620
746,436652
1051,436684
1195,436716
1050,436748
1705,436780
1515,436812
1776,436844
2188,436876
1592,436908
1416,436940
1484,436972
952,437004
731,437036
428,437068
269,437100
0,437132
0,437164
475,437196
235,437228
506,437260
687,437292
954,437324
1191,437356
1741,437388
1644,437420
2311,437452
1816,437484
1999,437516
1721,437548
1527,437580
1245,437612
976,437644
790,437676
526,437708
265,437740
174,437772
381,437804
618,437836
832,437868
1068,437900
940,437932
1529,437964
1400,437996
1688,438028
1864,438060
1736,438092
1533,438124
1274,438156
1083,438188
1115,438220
631,438252
406,438284
520,438316
284,438348
300,438380
150,438412
759,438444
959,438476
862,438508
1407,438540
1612,438572
1919,438604
2075,438636
1855,438668
2093,438700
1388,438732
1162,438764
1354,438796
702,438828
510,438860
622,438892
58,438924
0,438956
0,438988
220,439020
368,439052
602,439084
1326,439116
1084,439148
1316,439180
1963,439212
1771,439244
1880,439276
2014,439308
1405,439340
1591,439372
951,439404
1128,439436
857,439468
665,439500
391,439532
152,439564
0,439596
632,439628
814,439660
1082,439692
1273,439724
1469,439756
1739,439788
1936,439820
1804,439852
2107,439884
1502,439916
1328,439948
1040,439980
874,440012
649,440044
422,440076
191,440108
255,440140
0,440172
124,440204
699,440236
583,440268
1165,440300
998,440332
1623,440364
1823,440396
1688,440428
2295,440460
2108,440492
1545,440524
1630,440556
1360,440588
1211,440620
904,440652
312,440684
491,440716
0,440748
0,440780
457,440812
348,440844
630,440876
1144,440908
1076,440940
1599,440972
1465,441004
1770,441036
1852,441068
1656,441100
1913,441132
1190,441164
1014,441196
1135,441228
554,441260
331,441292
104,441324
0,441356
391,441388
504,441420
856,441452
1033,441484
1191,441516
1495,441548
1680,441580
1949,441612
2152,441644
2170,441676
1966,441708
1692,441740
1456,441772
1225,441804
1002,441836
426,441868
543,441900
0,441932
0,441964
0,441996
264,442028
524,442060
714,442092
979,442124
1199,442156
1400,442188
1675,442220
1804,442252
2203,442284
1977,442316
1326,442348
1497,442380
1231,442412
685,442444
767,442476
508,442508
347,442540
168,442572
42,442604
702,442636
489,442668
718,442700
1358,442732
1166,442764
1431,442796
2016,442828
1894,442860
2063,442892
1449,442924
1289,442956
987,442988
764,443020
1034,443052
336,443084
116,443116
277,443148
0,443180
170,443212
350,443244
617,443276
1255,443308
1391,443340
1719,443372
1903,443404
2063,443436
2301,443468
2074,443500
1822,443532
1596,443564
1322,443596
1132,443628
864,443660
605,443692
398,443724
140,443756
0,443788
492,443820
379,443852
662,443884
827,443916
1113,443948
1340,443980
1566,444012
1804,444044
1897,444076
1613,444108
1431,444140
1100,444172
967,444204
1099,444236
474,444268
631,444300
376,444332
0,444364
381,444396
608,444428
525,444460
1069,444492
1258,444524
1566,444556
1722,444588
1578,444620
2237,444652
1739,444684
1532,444716
1660,444748
1072,444780
892,444812
969,444844
440,444876
496,444908
0,444940
0,444972
30,445004
296,445036
989,445068
745,445100
1016,445132
1196,445164
1476,445196
1707,445228
2272,445260
1755,445292
1947,445324
1581,445356
1471,445388
1193,445420
1005,445452
731,445484
462,445516
265,445548
246,445580
445,445612
700,445644
894,445676
1130,445708
1356,445740
1584,445772
1454,445804
2061,445836
1852,445868
1676,445900
1386,445932
1212,445964
1020,445996
759,446028
570,446060
604,446092
119,446124
0,446156
0,446188
585,446220
824,446252
662,446284
1275,446316
1472,446348
1383,446380
1945,446412
2140,446444
2265,446476
1949,446508
1338,446540
1561,446572
875,446604
652,446636
830,446668
199,446700
6,446732
103,446764
9,446796
572,446828
432,446860
732,446892
880,446924
1115,446956
1864,446988
1599,447020
1845,447052
2189,447084
1530,447116
1354,447148
1484,447180
890,447212
1067,447244
750,447276
607,447308
335,447340
267,447372
461,447404
686,447436
909,447468
1148,447500
1336,447532
1608,447564
1802,447596
2000,447628
2268,447660
2045,447692
1448,447724
1580,447756
987,447788
814,447820
536,447852
364,447884
140,447916
0,447948
0,447980
442,448012
377,448044
638,448076
1213,448108
1095,448140
1691,448172
1512,448204
2155,448236
2287,448268
1674,448300
1807,448332
1582,448364
1021,448396
1114,448428
846,448460
697,448492
384,448524
0,448556
328,448588
151,448620
407,448652
972,448684
858,448716
1424,448748
1671,448780
1591,448812
2128,448844
1792,448876
1640,448908
1325,448940
1131,448972
1385,449004
679,449036
500,449068
619,449100
42,449132
0,449164
364,449196
281,449228
911,449260
1019,449292
1369,449324
1551,449356
1833,449388
2025,449420
2208,449452
2174,449484
1904,449516
1640,449548
1436,449580
1167,449612
943,449644
457,449676
480,449708
0,449740
153,449772
42,449804
324,449836
490,449868
776,449900
1035,449932
1224,449964
1496,449996
1725,450028
1960,450060
1773,450092
1446,450124
1672,450156
1449,450188
814,450220
983,450252
717,450284
444,450316
251,450348
233,450380
539,450412
685,450444
552,450476
1226,450508
999,450540
1228,450572
1886,450604
1691,450636
2270,450668
2008,450700
1414,450732
1530,450764
936,450796
778,450828
477,450860
253,450892
521,450924
217,450956
0,450988
575,451020
406,451052
682,451084
1262,451116
1129,451148
1783,451180
1920,451212
2248,451244
2249,451276
2057,451308
1771,451340
1536,451372
1301,451404
1080,451436
800,451468
608,451500
349,451532
77,451564
40,451596
557,451628
431,451660
1007,451692
888,451724
1174,451756
1339,451788
1626,451820
1864,451852
1789,451884
1559,451916
1370,451948
1097,451980
907,452012
588,452044
458,452076
583,452108
0,452140
235,452172
444,452204
665,452236
895,452268
1131,452300
1035,452332
1583,452364
1787,452396
2105,452428
2252,452460
1680,452492
1879,452524
1212,452556
1016,452588
1134,452620
559,452652
381,452684
447,452716
0,452748
230,452780
95,452812
396,452844
1021,452876
808,452908
1503,452940
1258,452972
1532,453004
2141,453036
1929,453068
1693,453100
1790,453132
1229,453164
1415,453196
779,453228
957,453260
681,453292
489,453324
205,453356
310,453388
571,453420
764,453452
958,453484
890,453516
1418,453548
1646,453580
1883,453612
2121,453644
1788,453676
1928,453708
1336,453740
1158,453772
874,453804
706,453836
519,453868
249,453900
60,453932
84,453964
73,453996
299,454028
440,454060
1100,454092
1342,454124
1529,454156
1803,454188
2064,454220
1900,454252
2159,454284
1888,454316
1735,454348
1418,454380
815,454412
1037,454444
364,454476
139,454508
315,454540
0,454572
72,454604
635,454636
523,454668
1086,454700
944,454732
1244,454764
1897,454796
1642,454828
2393,454860
1706,454892
1468,454924
1657,454956
1018,454988
842,455020
970,455052
378,455084
555,455116
0,455148
331,455180
511,455212
792,455244
973,455276
1208,455308
1421,455340
1674,455372
1864,455404
1692,455436
2255,455468
1992,455500
1787,455532
1517,455564
935,455596
1053,455628
479,455660
310,455692
27,455724
0,455756
0,455788
212,455820
429,455852
956,455884
887,455916
1148,455948
1749,455980
1611,456012
2219,456044
2219,456076
2023,456108
1757,456140
1149,456172
1289,456204
1056,456236
509,456268
601,456300
334,456332
171,456364
346,456396
206,456428
845,456460
664,456492
922,456524
1488,456556
1371,456588
1961,456620
2192,456652
1816,456684
1579,456716
1274,456748
1116,456780
812,456812
624,456844
861,456876
168,456908
0,456940
233,456972
117,457004
347,457036
567,457068
794,457100
1423,457132
1534,457164
1899,457196
2089,457228
2363,457260
2122,457292
1850,457324
1214,457356
1374,457388
1115,457420
920,457452
654,457484
429,457516
201,457548
216,457580
95,457612
670,457644
552,457676
826,457708
999,457740
1288,457772
1559,457804
1743,457836
1959,457868
1718,457900
1479,457932
1246,457964
1374,457996
1144,458028
923,458060
310,458092
459,458124
190,458156
20,458188
557,458220
747,458252
1051,458284
1206,458316
1055,458348
1751,458380
1516,458412
1754,458444
2231,458476
1562,458508
1742,458540
1472,458572
902,458604
725,458636
426,458668
267,458700
0,458732
0,458764
472,458796
236,458828
470,458860
1097,458892
916,458924
1192,458956
1371,458988
1645,459020
2311,459052
2142,459084
1995,459116
1709,459148
1517,459180
1241,459212
1018,459244
367,459276
566,459308
288,459340
218,459372
415,459404
617,459436
876,459468
1070,459500
942,459532
1530,459564
1400,459596
1690,459628
1856,459660
1734,459692
1496,459724
1269,459756
1038,459788
855,459820
586,459852
405,459884
507,459916
0,459948
300,459980
152,460012
763,460044
959,460076
827,460108
1417,460140
1658,460172
1557,460204
2112,460236
2238,460268
2090,460300
1771,460332
1160,460364
1343,460396
699,460428
508,460460
620,460492
57,460524
0,460556
296,460588
220,460620
746,460652
604,460684
905,460716
1056,460748
1320,460780
2041,460812
1776,460844
1868,460876
1584,460908
1400,460940
1179,460972
1262,461004
716,461036
895,461068
266,461100
429,461132
163,461164
334,461196
633,461228
826,461260
1085,461292
1276,461324
1472,461356
1742,461388
1946,461420
2184,461452
2104,461484
1868,461516
1264,461548
1401,461580
814,461612
648,461644
364,461676
196,461708
8,461740
0,461772
135,461804
363,461836
587,461868
813,461900
939,461932
1627,461964
1867,461996
1692,462028
2333,462060
2109,462092
1533,462124
1632,462156
1367,462188
1209,462220
895,462252
304,462284
512,462316
0,462348
0,462380
494,462412
327,462444
582,462476
1148,462508
1032,462540
1609,462572
1464,462604
1770,462636
1850,462668
1625,462700
1912,462732
1180,462764
956,462796
1134,462828
503,462860
328,462892
446,462924
0,462956
395,462988
228,463020
856,463052
1037,463084
1192,463116
1497,463148
1728,463180
1959,463212
2202,463244
2201,463276
1996,463308
1724,463340
1456,463372
1260,463404
1000,463436
425,463468
543,463500
0,463532
0,463564
0,463596
266,463628
491,463660
714,463692
940,463724
1208,463756
1399,463788
1671,463820
2269,463852
1832,463884
1965,463916
1322,463948
1493,463980
1229,464012
637,464044
767,464076
540,464108
8,464140
206,464172
408,464204
713,464236
859,464268
719,464300
1359,464332
1168,464364
1433,464396
2024,464428
1896,464460
2048,464492
1823,464524
1290,464556
1353,464588
764,464620
603,464652
302,464684
108,464716
345,464748
0,464780
182,464812
745,464844
628,464876
855,464908
1080,464940
1304,464972
1961,465004
2064,465036
2349,465068
2073,465100
1869,465132
1593,465164
1312,465196
1127,465228
858,465260
602,465292
405,465324
139,465356
271,465388
495,465420
731,465452
604,465484
1192,465516
1056,465548
1340,465580
1515,465612
1806,465644
1895,465676
1610,465708
1419,465740
1195,465772
967,465804
733,465836
425,465868
621,465900
409,465932
0,465964
415,465996
619,466028
523,466060
1078,466092
1260,466124
1114,466156
1722,466188
1581,466220
1879,466252
1736,466284
1500,466316
1694,466348
1039,466380
1224,466412
958,466444
392,466476
496,466508
0,466540
0,466572
44,466604
270,466636
990,466668
748,466700
972,466732
1613,466764
1432,466796
1718,466828
1896,466860
1752,466892
1943,466924
1610,466956
1465,466988
1191,467020
1003,467052
730,467084
504,467116
265,467148
284,467180
478,467212
736,467244
937,467276
1131,467308
1389,467340
1595,467372
1455,467404
2061,467436
1851,467468
1672,467500
1386,467532
1208,467564
983,467596
760,467628
535,467660
344,467692
75,467724
0,467756
361,467788
248,467820
827,467852
662,467884
1277,467916
1481,467948
1342,467980
1947,468012
2186,468044
2173,468076
1980,468108
1708,468140
1559,468172
1242,468204
640,468236
829,468268
189,468300
7,468332
107,468364
18,468396
286,468428
808,468460
734,468492
1259,468524
1118,468556
1416,468588
1578,468620
1838,468652
2253,468684
1519,468716
1342,468748
1068,468780
886,468812
663,468844
750,468876
206,468908
375,468940
0,468972
505,469004
687,469036
968,469068
1149,469100
1340,469132
1609,469164
1804,469196
2000,469228
2280,469260
2042,469292
1806,469324
1568,469356
1340,469388
760,469420
878,469452
304,469484
136,469516
0,469548
0,469580
187,469612
378,469644
638,469676
873,469708
1095,469740
1323,469772
1454,469804
2155,469836
2317,469868
1672,469900
1849,469932
1579,469964
1292,469996
1113,470028
845,470060
685,470092
384,470124
0,470156
363,470188
154,470220
382,470252
1020,470284
831,470316
1095,470348
1673,470380
1546,470412
2137,470444
1791,470476
1639,470508
1323,470540
1101,470572
1372,470604
1071,470636
454,470668
617,470700
4,470732
0,470764
410,470796
281,470828
909,470860
742,470892
1370,470924
1559,470956
1834,470988
2025,471020
2266,471052
2171,471084
1948,471116
1673,471148
1468,471180
1197,471212
940,471244
735,471276
480,471308
0,471340
155,471372
46,471404
326,471436
493,471468
776,471500
1001,471532
1228,471564
1463,471596
1735,471628
1928,471660
1770,471692
1903,471724
1305,471756
1435,471788
812,471820
971,471852
715,471884
472,471916
249,471948
270,471980
201,472012
730,472044
922,472076
1227,472108
1373,472140
1232,472172
1888,472204
1695,472236
1881,472268
2008,472300
1414,472332
1528,472364
1296,472396
778,472428
844,472460
253,472492
93,472524
251,472556
0,472588
651,472620
411,472652
684,472684
1273,472716
1132,472748
1369,472780
1594,472812
1832,472844
2287,472876
1929,472908
1815,472940
1535,472972
1341,473004
1069,473036
800,473068
605,473100
346,473132
89,473164
362,473196
568,473228
792,473260
1016,473292
1244,473324
1116,473356
1706,473388
1578,473420
1868,473452
1727,473484
1552,473516
1368,473548
1096,473580
905,473612
683,473644
455,473676
231,473708
0,473740
235,473772
479,473804
668,473836
928,473868
1136,473900
1036,473932
1595,473964
1790,473996
2107,474028
2253,474060
1677,474092
1913,474124
1212,474156
984,474188
1176,474220
528,474252
700,474284
446,474316
0,474348
235,474380
106,474412
404,474444
1031,474476
780,474508
1512,474540
1260,474572
1496,474604
2149,474636
1878,474668
1692,474700
1414,474732
1225,474764
1400,474796
1088,474828
951,474860
671,474892
487,474924
201,474956
350,474988
571,475020
810,475052
991,475084
1260,475116
1453,475148
1648,475180
1918,475212
2123,475244
1788,475276
1920,475308
1325,475340
1156,475372
871,475404
698,475436
473,475468
250,475500
24,475532
0,475564
40,475596
302,475628
441,475660
759,475692
1341,475724
1530,475756
1803,475788
2013,475820
1867,475852
2155,475884
1929,475916
1367,475948
1452,475980
1183,476012
1037,476044
730,476076
138,476108
314,476140
0,476172
74,476204
637,476236
524,476268
798,476300
1322,476332
1246,476364
1480,476396
1643,476428
1947,476460
1664,476492
1466,476524
1723,476556
1005,476588
827,476620
556,476652
378,476684
155,476716
236,476748
0,476780
571,476812
404,476844
1031,476876
1211,476908
1481,476940
1675,476972
1868,477004
2137,477036
2252,477068
1982,477100
1786,477132
1514,477164
1279,477196
1052,477228
827,477260
250,477292
364,477324
0,477356
0,477388
158,477420
439,477452
699,477484
888,477516
1160,477548
1656,477580
1612,477612
1851,477644
2254,477676
2012,477708
1788,477740
1148,477772
1311,477804
1053,477836
508,477868
591,477900
332,477932
173,477964
347,477996
219,478028
888,478060
666,478092
891,478124
1534,478156
1342,478188
1610,478220
2204,478252
2075,478284
1577,478316
1274,478348
1114,478380
810,478412
588,478444
858,478476
167,478508
0,478540
233,478572
73,478604
346,478636
926,478668
795,478700
1431,478732
1253,478764
1900,478796
2089,478828
2365,478860
2121,478892
1886,478924
1210,478956
1418,478988
1145,479020
952,479052
685,479084
429,479116
223,479148
219,479180
104,479212
681,479244
556,479276
838,479308
1003,479340
1290,479372
1515,479404
1754,479436
1902,479468
1981,479500
1434,479532
1244,479564
1371,479596
792,479628
918,479660
300,479692
455,479724
189,479756
0,479788
557,479820
794,479852
701,479884
1244,479916
1439,479948
1753,479980
1901,480012
1756,480044
2221,480076
1552,480108
1355,480140
1472,480172
894,480204
717,480236
784,480268
262,480300
318,480332
0,480364
58,480396
208,480428
472,480460
1165,480492
922,480524
1204,480556
1789,480588
1656,480620
1895,480652
1812,480684
1576,480716
1767,480748
1403,480780
1289,480812
1017,480844
704,480876
557,480908
286,480940
229,480972
426,481004
623,481036
876,481068
1072,481100
1308,481132
1531,481164
1773,481196
1632,481228
2240,481260
1664,481292
1496,481324
1209,481356
1036,481388
845,481420
584,481452
395,481484
169,481516
0,481548
0,481580
106,481612
763,481644
1001,481676
836,481708
1453,481740
1659,481772
1560,481804
2122,481836
2236,481868
2077,481900
1760,481932
1150,481964
1374,481996
702,482028
473,482060
652,482092
24,482124
0,482156
298,482188
186,482220
748,482252
616,482284
915,482316
1066,482348
1294,482380
2043,482412
1784,482444
1819,482476
2009,482508
1350,482540
1174,482572
894,482604
713,482636
891,482668
573,482700
427,482732
167,482764
346,482796
637,482828
872,482860
1085,482892
1324,482924
1513,482956
1786,482988
1982,483020
2184,483052
2128,483084
1866,483116
1264,483148
1392,483180
812,483212
644,483244
361,483276
196,483308
0,483340
0,483372
103,483404
364,483436
552,483468
811,483500
944,483532
1271,483564
1879,483596
1693,483628
2334,483660
2105,483692
1495,483724
1627,483756
1400,483788
847,483820
938,483852
669,483884
510,483916
208,483948
0,483980
507,484012
320,484044
586,484076
1152,484108
1034,484140
1309,484172
1852,484204
1772,484236
2236,484268
1615,484300
1453,484332
1148,484364
953,484396
1197,484428
496,484460
326,484492
57,484524
0,484556
9,484588
543,484620
456,484652
1085,484684
1195,484716
1549,484748
1739,484780
2013,484812
2203,484844
2200,484876
1993,484908
1722,484940
1453,484972
1258,485004
992,485036
768,485068
537,485100
303,485132
0,485164
332,485196
222,485228
492,485260
666,485292
942,485324
1212,485356
1402,485388
1675,485420
2176,485452
1820,485484
1595,485516
1262,485548
1485,485580
1261,485612
642,485644
795,485676
541,485708
3,485740
215,485772
412,485804
713,485836
862,485868
728,485900
1403,485932
1180,485964
1406,485996
2073,486028
1870,486060
1704,486092
1822,486124
1232,486156
1344,486188
760,486220
600,486252
299,486284
80,486316
331,486348
0,486380
136,486412
749,486444
584,486476
858,486508
1440,486540
1307,486572
1961,486604
2105,486636
2346,486668
2061,486700
1869,486732
1593,486764
1360,486796
1117,486828
896,486860
632,486892
430,486924
157,486956
281,486988
538,487020
734,487052
608,487084
1193,487116
1064,487148
1348,487180
1517,487212
1816,487244
1847,487276
1612,487308
1383,487340
1453,487372
920,487404
732,487436
857,487468
279,487500
397,487532
0,487564
415,487596
622,487628
493,487660
1071,487692
1308,487724
1213,487756
1771,487788
1976,487820
2285,487852
2109,487884
1497,487916
1691,487948
1038,487980
844,488012
956,488044
392,488076
494,488108
271,488140
0,488172
408,488204
280,488236
569,488268
727,488300
975,488332
1691,488364
1434,488396
1720,488428
2329,488460
1752,488492
1515,488524
1610,488556
1051,488588
1229,488620
888,488652
775,488684
495,488716
311,488748
296,488780
480,488812
749,488844
940,488876
1134,488908
1392,488940
1597,488972
1834,489004
1799,489036
2218,489068
1610,489100
1743,489132
1148,489164
974,489196
696,489228
526,489260
343,489292
73,489324
0,489356
26,489388
250,489420
475,489452
616,489484
1276,489516
1527,489548
1350,489580
1983,489612
2189,489644
2172,489676
1981,489708
1707,489740
1549,489772
1240,489804
639,489836
859,489868
188,489900
0,489932
152,489964
0,489996
608,490028
810,490060
696,490092
1260,490124
1128,490156
1428,490188
1581,490220
1818,490252
2252,490284
1466,490316
1292,490348
1471,490380
838,490412
663,490444
784,490476
202,490508
373,490540
199,490572
507,490604
699,490636
970,490668
1151,490700
1376,490732
1609,490764
1854,490796
2043,490828
2316,490860
2075,490892
1806,490924
1261,490956
1337,490988
752,491020
875,491052
303,491084
134,491116
0,491148
0,491180
155,491212
380,491244
605,491276
875,491308
1063,491340
1332,491372
1467,491404
1799,491436
2317,491468
1670,491500
1835,491532
1567,491564
1327,491596
1104,491628
880,491660
343,491692
415,491724
151,491756
363,491788
522,491820
384,491852
1023,491884
840,491916
1096,491948
1674,491980
1548,492012
1836,492044
2173,492076
1626,492108
1694,492140
1100,492172
937,492204
1117,492236
446,492268
681,492300
2,492332
0,492364
411,492396
286,492428
523,492460
1056,492492
967,492524
1609,492556
1420,492588
2077,492620
2267,492652
2221,492684
1943,492716
1664,492748
1465,492780
1198,492812
938,492844
413,492876
475,492908
253,492940
157,492972
393,493004
270,493036
844,493068
719,493100
1003,493132
1177,493164
1455,493196
1738,493228
1930,493260
1767,493292
1803,493324
1303,493356
1069,493388
750,493420
966,493452
747,493484
472,493516
279,493548
281,493580
190,493612
732,493644
924,493676
1231,493708
1376,493740
1241,493772
1931,493804
1694,493836
1850,493868
2044,493900
1384,493932
1180,493964
1294,493996
718,494028
832,494060
248,494092
90,494124
247,494156
0,494188
651,494220
412,494252
646,494284
1274,494316
1094,494348
1370,494380
1978,494412
1832,494444
2284,494476
1627,494508
1817,494540
1529,494572
1340,494604
1067,494636
844,494668
601,494700
380,494732
123,494764
2,494796
592,494828
796,494860
1051,494892
1247,494924
1117,494956
1711,494988
1581,495020
1868,495052
1724,495084
1549,495116
1321,495148
1094,495180
861,495212
937,495244
409,495276
221,495308
333,495340
0,495372
479,495404
669,495436
939,495468
1136,495500
1003,495532
1595,495564
1838,495596
1739,495628
2302,495660
2060,495692
1901,495724
1581,495756
974,495788
1165,495820
525,495852
331,495884
439,495916
0,495948
235,495980
464,496012
406,496044
633,496076
782,496108
1081,496140
1229,496172
1496,496204
2230,496236
1869,496268
1690,496300
1830,496332
1224,496364
1003,496396
774,496428
541,496460
717,496492
367,496524
249,496556
359,496588
623,496620
813,496652
1000,496684
838,496716
1456,496748
1659,496780
1920,496812
2126,496844
2154,496876
1917,496908
1679,496940
1086,496972
1223,497004
638,497036
472,497068
186,497100
18,497132
0,497164
41,497196
312,497228
537,497260
762,497292
987,497324
1579,497356
1813,497388
2059,497420
1869,497452
2191,497484
1929,497516
1355,497548
1451,497580
1182,497612
1021,497644
718,497676
137,497708
335,497740
0,497772
47,497804
681,497836
495,497868
1128,497900
1326,497932
1206,497964
1484,497996
1646,498028
1948,498060
1663,498092
1444,498124
1721,498156
1004,498188
788,498220
957,498252
328,498284
152,498316
0,498348
0,498380
571,498412
714,498444
1031,498476
1213,498508
1483,498540
1677,498572
1914,498604
1704,498636
2296,498668
2013,498700
1818,498732
1544,498764
1277,498796
1081,498828
816,498860
239,498892
363,498924
0,498956
1,498988
166,499020
442,499052
667,499084
900,499116
1116,499148
1386,499180
1577,499212
1852,499244
2251,499276
1655,499308
1787,499340
1144,499372
1307,499404
1051,499436
461,499468
587,499500
364,499532
0,499564
382,499596
586,499628
889,499660
1037,499692
894,499724
1546,499756
1354,499788
1612,499820
2206,499852
1754,499884
1574,499916
1645,499948
1112,499980
1176,500012
576,500044
428,500076
128,500108
0,500140
301,500172
75,500204
348,500236
528,500268
796,500300
1022,500332
1580,500364
1483,500396
2141,500428
1950,500460
2169,500492
1885,500524
1575,500556
1406,500588
1144,500620
951,500652
684,500684
416,500716
218,500748
223,500780
456,500812
680,500844
908,500876
782,500908
1368,500940
1232,500972
1518,501004
1694,501036
1900,501068
1705,501100
1433,501132
1242,501164
1015,501196
792,501228
558,501260
248,501292
444,501324
217,501356
0,501388
591,501420
799,501452
702,501484
1256,501516
1440,501548
1759,501580
1904,501612
1760,501644
2253,501676
1551,501708
1323,501740
1514,501772
860,501804
677,501836
784,501868
217,501900
317,501932
0,501964
61,501996
208,502028
443,502060
1165,502092
923,502124
1150,502156
1801,502188
1610,502220
1897,502252
2176,502284
1567,502316
1184,502348
1112,502380
1289,502412
1007,502444
713,502476
553,502508
318,502540
233,502572
472,502604
662,502636
924,502668
1115,502700
1309,502732
1568,502764
1774,502796
1642,502828
2240,502860
1663,502892
1484,502924
1199,502956
1034,502988
808,503020
580,503052
357,503084
168,503116
0,503148
0,503180
539,503212
424,503244
1003,503276
838,503308
1463,503340
1661,503372
1527,503404
2125,503436
2272,503468
1707,503500
1806,503532
1528,503564
1373,503596
1065,503628
464,503660
652,503692
21,503724
0,503756
302,503788
196,503820
760,503852
984,503884
916,503916
1437,503948
1296,503980
1607,504012
1756,504044
1818,504076
2077,504108
1352,504140
1174,504172
1303,504204
710,504236
488,504268
264,504300
29,504332
215,504364
344,504396
685,504428
873,504460
1133,504492
1325,504524
1518,504556
1787,504588
1984,504620
2187,504652
2126,504684
1856,504716
1627,504748
1389,504780
1163,504812
586,504844
704,504876
128,504908
0,504940
0,504972
103,505004
365,505036
554,505068
823,505100
1051,505132
1274,505164
1502,505196
1640,505228
2345,505260
2139,505292
1486,505324
1661,505356
1392,505388
841,505420
927,505452
667,505484
72,505516
204,505548
0,505580
542,505612
330,505644
555,505676
1206,505708
1007,505740
1656,505772
1854,505804
1726,505836
2232,505868
1612,505900
1448,505932
1146,505964
924,505996
1193,506028
493,506060
278,506092
441,506124
0,506156
17,506188
189,506220
458,506252
1085,506284
1238,506316
1548,506348
1739,506380
2013,506412
2215,506444
2234,506476
1993,506508
1760,506540
1484,506572
1292,506604
1020,506636
763,506668
560,506700
304,506732
0,506764
335,506796
221,506828
494,506860
670,506892
952,506924
1180,506956
1412,506988
1639,507020
1915,507052
1784,507084
1592,507116
1719,507148
1129,507180
1259,507212
634,507244
795,507276
537,507308
0,507340
217,507372
458,507404
636,507436
911,507468
1100,507500
1405,507532
1561,507564
1417,507596
2075,507628
1880,507660
1703,507692
1820,507724
1230,507756
1052,507788
1120,507820
600,507852
656,507884
76,507916
0,507948
0,507980
138,508012
829,508044
587,508076
860,508108
1040,508140
1310,508172
1547,508204
2110,508236
1916,508268
2107,508300
1451,508332
1639,508364
1357,508396
1163,508428
893,508460
622,508492
429,508524
158,508556
286,508588
542,508620
745,508652
967,508684
1184,508716
1422,508748
1292,508780
1898,508812
1758,508844
1838,508876
1548,508908
1369,508940
1179,508972
918,509004
732,509036
507,509068
279,509100
46,509132
0,509164
424,509196
665,509228
494,509260
1113,509292
1311,509324
1499,509356
1775,509388
1977,509420
2285,509452
2109,509484
1496,509516
1723,509548
1036,509580
808,509612
989,509644
359,509676
164,509708
268,509740
0,509772
410,509804
281,509836
580,509868
727,509900
956,509932
1691,509964
1865,509996
1674,510028
2329,510060
1691,510092
1512,510124
1647,510156
1049,510188
1228,510220
599,510252
765,510284
493,510316
300,510348
299,510380
526,510412
749,510444
986,510476
1177,510508
1437,510540
1632,510572
1836,510604
2105,510636
2208,510668
1610,510700
1740,510732
1146,510764
972,510796
696,510828
522,510860
297,510892
69,510924
0,510956
25,510988
216,511020
478,511052
1055,511084
935,511116
1527,511148
1352,511180
1991,511212
2199,511244
2204,511276
1965,511308
1742,511340
1181,511372
1274,511404
1006,511436
857,511468
543,511500
0,511532
155,511564
2,511596
251,511628
814,511660
700,511692
1264,511724
1502,511756
1431,511788
1968,511820
1822,511852
1803,511884
1993,511916
1291,511948
1545,511980
831,512012
662,512044
781,512076
202,512108
0,512140
0,512172
119,512204
747,512236
858,512268
1209,512300
1375,512332
1663,512364
1853,512396
2046,512428
2317,512460
2074,512492
1802,512524
1598,512556
1337,512588
1103,512620
874,512652
651,512684
74,512716
187,512748
0,512780
158,512812
334,512844
614,512876
876,512908
1066,512940
1335,512972
1565,513004
1800,513036
1943,513068
1608,513100
1835,513132
1611,513164
1325,513196
1133,513228
878,513260
331,513292
413,513324
147,513356
375,513388
528,513420
393,513452
1065,513484
843,513516
1068,513548
1722,513580
1520,513612
2186,513644
2172,513676
1576,513708
1696,513740
1096,513772
938,513804
1114,513836
420,513868
682,513900
0,513932
0,513964
413,513996
250,514028
522,514060
698,514092
970,514124
1612,514156
1759,514188
2087,514220
2271,514252
2219,514284
1935,514316
1706,514348
1034,514380
1240,514412
967,514444
776,514476
507,514508
251,514540
192,514572
398,514604
280,514636
848,514668
730,514700
1004,514732
1179,514764
1466,514796
1703,514828
1932,514860
1721,514892
1527,514924
1257,514956
1067,514988
749,515020
615,515052
747,515084
463,515116
269,515148
283,515180
157,515212
743,515244
970,515276
877,515308
1422,515340
1616,515372
1941,515404
2088,515436
1840,515468
2031,515500
1374,515532
1178,515564
1292,515596
719,515628
542,515660
608,515692
88,515724
0,515756
0,515788
235,515820
392,515852
650,515884
1341,515916
1098,515948
1373,515980
1552,516012
1835,516044
1864,516076
1952,516108
1389,516140
1579,516172
936,516204
1113,516236
841,516268
653,516300
377,516332
132,516364
407,516396
604,516428
798,516460
1056,516492
1256,516524
1485,516556
1721,516588
1959,516620
1816,516652
2092,516684
1486,516716
1320,516748
1024,516780
858,516812
670,516844
408,516876
216,516908
248,516940
0,516972
139,517004
713,517036
941,517068
1181,517100
1014,517132
1641,517164
1839,517196
1741,517228
2311,517260
2048,517292
1899,517324
1579,517356
974,517388
1196,517420
523,517452
299,517484
475,517516
0,517548
0,517580
475,517612
364,517644
636,517676
784,517708
1084,517740
1232,517772
1470,517804
2231,517836
1868,517868
1640,517900
1821,517932
1174,517964
988,517996
1120,518028
537,518060
715,518092
86,518124
237,518156
361,518188
633,518220
813,518252
1050,518284
844,518316
1504,518348
1695,518380
1966,518412
2169,518444
2155,518476
1960,518508
1679,518540
1086,518572
1213,518604
636,518636
460,518668
187,518700
19,518732
0,518764
47,518796
279,518828
798,518860
727,518892
999,518924
1579,518956
1451,518988
2059,519020
1879,519052
2187,519084
1918,519116
1309,519148
1449,519180
1216,519212
679,519244
752,519276
491,519308
333,519340
174,519372
55,519404
685,519436
504,519468
763,519500
1336,519532
1210,519564
1492,519596
2032,519628
1958,519660
2046,519692
1435,519724
1273,519756
971,519788
781,519820
1021,519852
318,519884
150,519916
265,519948
0,519980
187,520012
408,520044
632,520076
1263,520108
1372,520140
1737,520172
1917,520204
2078,520236
2287,520268
2012,520300
1806,520332
1536,520364
1275,520396
1072,520428
815,520460
588,520492
352,520524
123,520556
0,520588
508,520620
392,520652
676,520684
842,520716
1127,520748
1389,520780
1582,520812
1863,520844
1881,520876
1643,520908
1414,520940
1084,520972
1304,521004
1083,521036
470,521068
621,521100
363,521132
0,521164
395,521196
590,521228
892,521260
1039,521292
905,521324
1581,521356
1354,521388
1595,521420
2256,521452
1723,521484
1516,521516
1642,521548
1064,521580
1177,521612
576,521644
426,521676
122,521708
0,521740
312,521772
79,521804
314,521836
927,521868
760,521900
1033,521932
1213,521964
1492,521996
2140,522028
2288,522060
2166,522092
1881,522124
1565,522156
1405,522188
1182,522220
941,522252
718,522284
457,522316
252,522348
254,522380
460,522412
714,522444
911,522476
792,522508
1370,522540
1241,522572
1530,522604
1705,522636
1896,522668
1660,522700
1431,522732
1197,522764
1005,522796
744,522828
555,522860
248,522892
105,522924
213,522956
1,522988
599,523020
800,523052
669,523084
1257,523116
1496,523148
1399,523180
1952,523212
2153,523244
2251,523276
1931,523308
1320,523340
1504,523372
858,523404
665,523436
780,523468
215,523500
38,523532
121,523564
71,523596
584,523628
446,523660
747,523692
894,523724
1160,523756
1879,523788
1612,523820
1898,523852
1752,523884
1564,523916
1335,523948
1432,523980
875,524012
1055,524044
703,524076
599,524108
319,524140
285,524172
473,524204
656,524236
925,524268
1118,524300
1312,524332
1580,524364
1776,524396
2015,524428
2251,524460
2029,524492
1424,524524
1563,524556
971,524588
808,524620
512,524652
350,524684
158,524716
0,524748
0,524780
457,524812
428,524844
653,524876
782,524908
1467,524940
1707,524972
1526,525004
2171,525036
2269,525068
1704,525100
1800,525132
1528,525164
1369,525196
1064,525228
462,525260
681,525292
21,525324
0,525356
345,525388
167,525420
424,525452
990,525484
872,525516
1440,525548
1307,525580
1608,525612
1759,525644
1786,525676
2072,525708
1340,525740
1124,525772
1293,525804
664,525836
487,525868
606,525900
26,525932
219,525964
380,525996
697,526028
875,526060
1145,526092
1337,526124
1566,526156
1791,526188
2032,526220
2232,526252
2160,526284
1887,526316
1624,526348
1417,526380
716,526412
576,526444
702,526476
134,526508
0,526540
0,526572
108,526604
331,526636
556,526668
791,526700
1311,526732
1239,526764
1511,526796
2109,526828
1977,526860
2139,526892
1484,526924
1657,526956
1391,526988
807,527020
925,527052
703,527084
157,527116
236,527148
250,527180
551,527212
701,527244
568,527276
1207,527308
1016,527340
1274,527372
1856,527404
1734,527436
2223,527468
1996,527500
1448,527532
1515,527564
922,527596
763,527628
459,527660
268,527692
505,527724
0,527756
21,527788
589,527820
468,527852
696,527884
1240,527916
1144,527948
1791,527980
1902,528012
2265,528044
2233,528076
2041,528108
1757,528140
1482,528172
1279,528204
1018,528236
752,528268
560,528300
302,528332
105,528364
92,528396
573,528428
445,528460
1024,528492
904,528524
1188,528556
1352,528588
1644,528620
1924,528652
1782,528684
1580,528716
1355,528748
1118,528780
903,528812
574,528844
792,528876
569,528908
0,528940
251,528972
457,529004
640,529036
912,529068
1102,529100
1405,529132
1563,529164
1419,529196
2119,529228
1883,529260
1663,529292
1856,529324
1199,529356
1384,529388
1118,529420
553,529452
664,529484
75,529516
0,529548
0,529580
110,529612
829,529644
989,529676
822,529708
1451,529740
1268,529772
1550,529804
2156,529836
1914,529868
2107,529900
1774,529932
1628,529964
1351,529996
1159,530028
891,530060
668,530092
425,530124
190,530156
316,530188
588,530220
777,530252
970,530284
904,530316
1433,530348
1296,530380
1899,530412
1768,530444
1834,530476
1547,530508
1368,530540
1143,530572
918,530604
684,530636
503,530668
235,530700
44,530732
0,530764
88,530796
667,530828
504,530860
1115,530892
1321,530924
1536,530956
1783,530988
2016,531020
1917,531052
2144,531084
1871,531116
1721,531148
1402,531180
810,531212
987,531244
347,531276
156,531308
263,531340
0,531372
133,531404
649,531436
582,531468
1101,531500
958,531532
1259,531564
1913,531596
1678,531628
2409,531660
1690,531692
1512,531724
1643,531756
1048,531788
827,531820
910,531852
365,531884
537,531916
0,531948
345,531980
537,532012
809,532044
987,532076
1180,532108
1447,532140
1642,532172
1839,532204
1769,532236
2206,532268
1976,532300
1738,532332
1502,532364
910,532396
1040,532428
462,532460
296,532492
21,532524
0,532556
29,532588
220,532620
487,532652
971,532684
937,532716
1163,532748
1303,532780
1993,532812
2237,532844
2201,532876
2011,532908
1743,532940
1180,532972
1263,533004
1002,533036
845,533068
544,533100
0,533132
187,533164
5,533196
229,533228
860,533260
679,533292
936,533324
1504,533356
1384,533388
1976,533420
1831,533452
1798,533484
1981,533516
1260,533548
1534,533580
827,533612
615,533644
781,533676
544,533708
0,533740
248,533772
123,533804
756,533836
583,533868
1209,533900
1391,533932
1671,533964
1855,533996
2094,534028
2327,534060
2110,534092
1834,534124
1198,534156
1360,534188
1099,534220
904,534252
639,534284
64,534316
186,534348
0,534380
167,534412
335,534444
616,534476
841,534508
1068,534540
1292,534572
1839,534604
1758,534636
1932,534668
2063,534700
1464,534732
1599,534764
1323,534796
1131,534828
875,534860
286,534892
411,534924
183,534956
39,534988
572,535020
762,535052
1069,535084
1213,535116
1079,535148
1725,535180
1532,535212
1800,535244
2170,535276
1576,535308
1689,535340
1464,535372
936,535404
715,535436
412,535468
252,535500
425,535532
0,535564
489,535596
253,535628
532,535660
1113,535692
979,535724
1211,535756
1434,535788
1671,535820
2329,535852
2093,535884
1981,535916
1695,535948
1501,535980
1229,536012
958,536044
357,536076
506,536108
248,536140
204,536172
399,536204
634,536236
859,536268
1083,536300
957,536332
1547,536364
1416,536396
1706,536428
1882,536460
1711,536492
1527,536524
1254,536556
1068,536588
841,536620
605,536652
389,536684
495,536716
267,536748
318,536780
166,536812
777,536844
975,536876
887,536908
1434,536940
1626,536972
1945,537004
2094,537036
1837,537068
2075,537100
1371,537132
1144,537164
1326,537196
688,537228
862,537260
603,537292
42,537324
0,537356
0,537388
244,537420
391,537452
622,537484
1353,537516
1098,537548
1332,537580
1981,537612
1788,537644
1860,537676
1576,537708
1386,537740
1575,537772
1247,537804
1109,537836
831,537868
647,537900
367,537932
180,537964
7,537996
648,538028
830,538060
1100,538092
1291,538124
1486,538156
1756,538188
1963,538220
1821,538252
2089,538284
1483,538316
1318,538348
1021,538380
858,538412
892,538444
406,538476
183,538508
0,538540
0,538572
151,538604
717,538636
599,538668
1181,538700
1014,538732
1643,538764
1849,538796
1705,538828
2313,538860
2092,538892
1527,538924
1614,538956
1342,538988
1193,539020
888,539052
296,539084
474,539116
0,539148
0,539180
476,539212
364,539244
638,539276
1164,539308
1094,539340
1616,539372
1482,539404
1784,539436
1835,539468
1638,539500
1885,539532
1164,539564
986,539596
717,539628
537,539660
312,539692
396,539724
0,539756
411,539788
246,539820
871,539852
1051,539884
1208,539916
1503,539948
1704,539980
1977,540012
2172,540044
2144,540076
1946,540108
1676,540140
1450,540172
1211,540204
986,540236
408,540268
526,540300
0,540332
0,540364
5,540396
282,540428
539,540460
730,540492
1000,540524
1225,540556
1451,540588
1687,540620
1820,540652
2184,540684
1951,540716
1308,540748
1479,540780
1215,540812
667,540844
749,540876
491,540908
329,540940
188,540972
60,541004
718,541036
508,541068
743,541100
1384,541132
1192,541164
1448,541196
2040,541228
1912,541260
2044,541292
1433,541324
1272,541356
960,541388
748,541420
1018,541452
319,541484
100,541516
253,541548
0,541580
188,541612
776,541644
636,541676
1271,541708
1097,541740
1736,541772
1927,541804
2078,541836
2283,541868
2048,541900
1813,541932
1580,541964
1305,541996
1112,542028
843,542060
589,542092
383,542124
121,542156
0,542188
511,542220
395,542252
678,542284
845,542316
1129,542348
1357,542380
1592,542412
1819,542444
1879,542476
1597,542508
1404,542540
1533,542572
951,542604
1083,542636
458,542668
614,542700
359,542732
0,542764
397,542796
632,542828
543,542860
1084,542892
1276,542924
1591,542956
1738,542988
1594,543020
2254,543052
1721,543084
1515,543116
1632,543148
1061,543180
875,543212
943,543244
424,543276
478,543308
0,543340
0,543372
59,543404
314,543436
1015,543468
763,543500
1036,543532
1629,543564
1494,543596
1725,543628
1964,543660
1736,543692
1919,543724
1564,543756
1453,543788
1179,543820
991,543852
717,543884
446,543916
249,543948
266,543980
461,544012
720,544044
920,544076
1146,544108
1372,544140
1610,544172
1470,544204
2076,544236
1834,544268
1658,544300
1360,544332
1194,544364
1003,544396
743,544428
555,544460
329,544492
104,544524
0,544556
0,544588
603,544620
846,544652
678,544684
1293,544716
1497,544748
1399,544780
1961,544812
2156,544844
1773,544876
1920,544908
1311,544940
1536,544972
856,545004
635,545036
814,545068
176,545100
346,545132
121,545164
34,545196
588,545228
448,545260
756,545292
895,545324
1132,545356
1881,545388
1614,545420
1852,545452
2171,545484
1512,545516
1336,545548
1062,545580
873,545612
1051,545644
733,545676
589,545708
315,545740
283,545772
475,545804
704,545836
933,545868
1166,545900
1355,545932
1625,545964
1820,545996
2016,546028
2285,546060
2027,546092
1423,546124
1552,546156
970,546188
796,546220
512,546252
346,546284
123,546316
0,546348
0,546380
205,546412
392,546444
663,546476
1241,546508
1111,546540
1710,546572
1528,546604
2172,546636
2267,546668
1657,546700
1789,546732
1564,546764
1278,546796
1097,546828
831,546860
679,546892
367,546924
0,546956
347,546988
171,547020
426,547052
988,547084
875,547116
1156,547148
1688,547180
1610,547212
2153,547244
1785,547276
1624,547308
1308,547340
1113,547372
1357,547404
654,547436
486,547468
207,547500
25,547532
0,547564
384,547596
299,547628
927,547660
752,547692
1385,547724
1567,547756
1851,547788
2041,547820
2234,547852
2157,547884
1887,547916
1616,547948
1416,547980
1150,548012
926,548044
697,548076
464,548108
0,548140
171,548172
61,548204
334,548236
506,548268
792,548300
1063,548332
1242,548364
1513,548396
1751,548428
1981,548460
1755,548492
1422,548524
1654,548556
1423,548588
796,548620
957,548652
699,548684
425,548716
236,548748
254,548780
553,548812
704,548844
569,548876
1243,548908
1018,548940
1254,548972
1903,549004
1707,549036
1864,549068
1984,549100
1392,549132
1514,549164
912,549196
760,549228
456,549260
237,549292
495,549324
189,549356
0,549388
598,549420
424,549452
698,549484
1290,549516
1147,549548
1799,549580
1611,549612
2267,549644
2231,549676
2030,549708
1755,549740
1516,549772
1277,549804
1052,549836
791,549868
600,549900
330,549932
107,549964
379,549996
574,550028
448,550060
1024,550092
906,550124
1192,550156
1358,550188
1646,550220
1881,550252
1772,550284
1543,550316
1351,550348
1079,550380
890,550412
1017,550444
287,550476
557,550508
0,550540
261,550572
459,550604
683,550636
911,550668
1150,550700
1053,550732
1608,550764
1805,550796
2121,550828
2268,550860
1658,550892
1854,550924
1195,550956
1000,550988
1116,551020
548,551052
654,551084
430,551116
0,551148
252,551180
120,551212
411,551244
1040,551276
824,551308
1529,551340
1274,551372
1560,551404
2169,551436
1912,551468
1685,551500
1448,551532
1211,551564
1399,551596
1040,551628
937,551660
661,551692
463,551724
185,551756
320,551788
583,551820
780,551852
973,551884
1230,551916
1435,551948
1673,551980
1900,552012
2138,552044
1772,552076
1901,552108
1307,552140
1134,552172
846,552204
683,552236
491,552268
236,552300
42,552332
0,552364
91,552396
317,552428
456,552460
1117,552492
1359,552524
1547,552556
1820,552588
2027,552620
1927,552652
2144,552684
1870,552716
1721,552748
1400,552780
796,552812
1018,552844
347,552876
124,552908
298,552940
0,552972
456,553004
654,553036
538,553068
1110,553100
960,553132
1270,553164
1913,553196
1657,553228
2413,553260
1689,553292
1453,553324
1639,553356
990,553388
822,553420
544,553452
361,553484
527,553516
217,553548
350,553580
536,553612
810,553644
987,553676
1224,553708
1449,553740
1690,553772
1883,553804
2155,553836
2236,553868
1975,553900
1768,553932
1498,553964
908,553996
1038,554028
461,554060
286,554092
18,554124
0,554156
8,554188
219,554220
446,554252
715,554284
904,554316
1175,554348
1306,554380
1629,554412
2237,554444
2201,554476
1997,554508
1739,554540
1133,554572
1271,554604
1040,554636
491,554668
575,554700
316,554732
199,554764
361,554796
224,554828
864,554860
681,554892
938,554924
1513,554956
1388,554988
1676,555020
2208,555052
1800,555084
1562,555116
1256,555148
1099,555180
796,555212
610,555244
845,555276
151,555308
0,555340
0,555372
135,555404
359,555436
903,555468
813,555500
1447,555532
1270,555564
1915,555596
2105,555628
2381,555660
2105,555692
1824,555724
1629,555756
1358,555788
1097,555820
896,555852
637,555884
412,555916
175,555948
235,555980
120,556012
687,556044
572,556076
846,556108
1018,556140
1304,556172
1575,556204
1767,556236
1929,556268
1965,556300
1464,556332
1229,556364
1356,556396
1128,556428
907,556460
286,556492
439,556524
171,556556
40,556588
572,556620
766,556652
1069,556684
1216,556716
1080,556748
1770,556780
1534,556812
1771,556844
2206,556876
1544,556908
1336,556940
1464,556972
876,557004
708,557036
399,557068
250,557100
0,557132
0,557164
489,557196
254,557228
486,557260
1113,557292
926,557324
1208,557356
1808,557388
1672,557420
2329,557452
1789,557484
1979,557516
1695,557548
1501,557580
1227,557612
992,557644
348,557676
542,557708
276,557740
238,557772
439,557804
637,557836
891,557868
1086,557900
959,557932
1549,557964
1419,557996
1708,558028
1884,558060
1711,558092
1480,558124
1254,558156
1018,558188
1097,558220
568,558252
379,558284
493,558316
0,558348
327,558380
170,558412
779,558444
985,558476
845,558508
1435,558540
1675,558572
1579,558604
2138,558636
2222,558668
2073,558700
1744,558732
1136,558764
1325,558796
683,558828
489,558860
602,558892
38,558924
0,558956
312,558988
245,559020
764,559052
624,559084
921,559116
1071,559148
1336,559180
2059,559212
1799,559244
1852,559276
1993,559308
1383,559340
1159,559372
925,559404
699,559436
879,559468
526,559500
413,559532
185,559564
351,559596
651,559628
842,559660
1099,559692
1292,559724
1488,559756
1760,559788
1963,559820
2200,559852
2080,559884
1851,559916
1255,559948
1384,559980
797,560012
622,560044
345,560076
173,560108
0,560140
0,560172
153,560204
381,560236
601,560268
829,560300
958,560332
1645,560364
1887,560396
1708,560428
2351,560460
2090,560492
1515,560524
1607,560556
1342,560588
1191,560620
889,560652
288,560684
496,560716
0,560748
0,560780
522,560812
344,560844
600,560876
1164,560908
1050,560940
1626,560972
1484,561004
1786,561036
1834,561068
1606,561100
1884,561132
1162,561164
938,561196
1117,561228
486,561260
308,561292
40,561324
0,561356
411,561388
566,561420
872,561452
1055,561484
1211,561516
1513,561548
1754,561580
1977,561612
2220,561644
2175,561676
1981,561708
1708,561740
1438,561772
1240,561804
974,561836
400,561868
524,561900
0,561932
0,561964
8,561996
283,562028
508,562060
734,562092
956,562124
1227,562156
1416,562188
1692,562220
1823,562252
1806,562284
1948,562316
1306,562348
1477,562380
1211,562412
621,562444
749,562476
381,562508
0,562540
224,562572
426,562604
729,562636
877,562668
744,562700
1385,562732
1193,562764
1452,562796
2041,562828
1916,562860
1737,562892
1808,562924
1271,562956
1341,562988
746,563020
585,563052
284,563084
99,563116
317,563148
0,563180
198,563212
368,563244
636,563276
873,563308
1419,563340
1323,563372
1977,563404
2090,563436
2331,563468
2043,563500
1853,563532
1575,563564
1306,563596
1101,563628
842,563660
585,563692
382,563724
109,563756
295,563788
512,563820
748,563852
622,563884
1200,563916
1080,563948
1358,563980
1535,564012
1823,564044
1879,564076
1594,564108
1403,564140
1438,564172
951,564204
715,564236
398,564268
605,564300
391,564332
0,564364
431,564396
637,564428
551,564460
1087,564492
1278,564524
1595,564556
1743,564588
1598,564620
2299,564652
1712,564684
1482,564716
1676,564748
1022,564780
827,564812
940,564844
376,564876
476,564908
0,564940
0,564972
58,565004
294,565036
1016,565068
764,565100
996,565132
1639,565164
1450,565196
1736,565228
2344,565260
1726,565292
1917,565324
1595,565356
1450,565388
1175,565420
984,565452
713,565484
478,565516
237,565548
304,565580
495,565612
764,565644
953,565676
1149,565708
1408,565740
1611,565772
1480,565804
2079,565836
1831,565868
1658,565900
1359,565932
1192,565964
967,565996
734,566028
508,566060
585,566092
58,566124
0,566156
377,566188
264,566220
843,566252
679,566284
1291,566316
1499,566348
1355,566380
1963,566412
2204,566444
1869,566476
1963,566508
1692,566540
1533,566572
1227,566604
633,566636
811,566668
174,566700
0,566732
126,566764
39,566796
588,566828
828,566860
759,566892
1276,566924
1136,566956
1434,566988
1596,567020
1864,567052
2238,567084
1511,567116
1326,567148
1463,567180
870,567212
649,567244
732,567276
188,567308
359,567340
184,567372
525,567404
713,567436
985,567468
1165,567500
1356,567532
1627,567564
1822,567596
2016,567628
2296,567660
2016,567692
1788,567724
1289,567756
1323,567788
734,567820
860,567852
286,567884
118,567916
0,567948
0,567980
215,568012
397,568044
664,568076
891,568108
1115,568140
1349,568172
1480,568204
2173,568236
2303,568268
1646,568300
1821,568332
1561,568364
1275,568396
1097,568428
825,568460
669,568492
366,568524
0,568556
380,568588
172,568620
399,568652
1036,568684
856,568716
1486,568748
1692,568780
1563,568812
2158,568844
1774,568876
1622,568908
1306,568940
1084,568972
1342,569004
1055,569036
436,569068
601,569100
0,569132
0,569164
428,569196
309,569228
935,569260
1080,569292
1387,569324
1577,569356
1852,569388
2045,569420
2282,569452
2155,569484
1930,569516
1647,569548
1450,569580
1183,569612
921,569644
397,569676
460,569708
0,569740
173,569772
63,569804
344,569836
511,569868
794,569900
1016,569932
1246,569964
1479,569996
1753,570028
1946,570060
1754,570092
1420,570124
1287,570156
1419,570188
792,570220
951,570252
698,570284
457,570316
231,570348
288,570380
217,570412
747,570444
941,570476
1243,570508
1400,570540
1256,570572
1913,570604
1712,570636
1856,570668
1982,570700
1390,570732
1210,570764
1288,570796
760,570828
814,570860
234,570892
75,570924
231,570956
0,570988
667,571020
428,571052
700,571084
1289,571116
1158,571148
1384,571180
1947,571212
1849,571244
2269,571276
1611,571308
1801,571340
1515,571372
1325,571404
1053,571436
790,571468
589,571500
320,571532
110,571564
68,571596
575,571628
810,571660
1036,571692
1261,571724
1134,571756
1725,571788
1594,571820
1886,571852
1710,571884
1531,571916
1339,571948
1080,571980
890,572012
922,572044
439,572076
206,572108
0,572140
263,572172
496,572204
684,572236
953,572268
1152,572300
1064,572332
1615,572364
1806,572396
2125,572428
2271,572460
1659,572492
1886,572524
1195,572556
969,572588
1158,572620
508,572652
314,572684
427,572716
0,572748
251,572780
120,572812
414,572844
1047,572876
804,572908
1532,572940
1276,572972
1511,573004
2167,573036
1861,573068
1676,573100
1816,573132
1211,573164
1387,573196
760,573228
927,573260
651,573292
469,573324
185,573356
374,573388
589,573420
826,573452
1008,573484
857,573516
1471,573548
1676,573580
1935,573612
2140,573644
1770,573676
1901,573708
1306,573740
1132,573772
855,573804
682,573836
455,573868
222,573900
8,573932
109,573964
57,573996
327,574028
893,574060
778,574092
1367,574124
1548,574156
1822,574188
2027,574220
1885,574252
2141,574284
1904,574316
1341,574348
1435,574380
1166,574412
1017,574444
704,574476
112,574508
0,574540
0,574572
99,574604
655,574636
541,574668
1104,574700
1342,574732
1270,574764
1499,574796
1659,574828
1965,574860
1647,574892
1452,574924
1705,574956
998,574988
822,575020
939,575052
361,575084
136,575116
0,575148
0,575180
589,575212
700,575244
1039,575276
1229,575308
1499,575340
1691,575372
1886,575404
1712,575436
2234,575468
1965,575500
1758,575532
1496,575564
1263,575596
1024,575628
808,575660
232,575692
347,575724
0,575756
9,575788
172,575820
456,575852
727,575884
906,575916
1175,575948
1403,575980
1639,576012
1869,576044
2235,576076
1997,576108
1771,576140
1132,576172
1295,576204
1037,576236
490,576268
575,576300
313,576332
201,576364
366,576396
233,576428
905,576460
682,576492
910,576524
1562,576556
1367,576588
2016,576620
2222,576652
1739,576684
1560,576716
1256,576748
1098,576780
794,576812
570,576844
841,576876
143,576908
0,576940
253,576972
90,577004
362,577036
540,577068
811,577100
1448,577132
1596,577164
1918,577196
2111,577228
2389,577260
2107,577292
1870,577324
1196,577356
1400,577388
1129,577420
928,577452
668,577484
409,577516
201,577548
237,577580
123,577612
685,577644
573,577676
856,577708
1021,577740
1307,577772
1532,577804
1770,577836
1883,577868
1691,577900
1417,577932
1227,577964
1355,577996
775,578028
903,578060
280,578092
430,578124
171,578156
6,578188
583,578220
812,578252
719,578284
1260,578316
1456,578348
1770,578380
1920,578412
1776,578444
2203,578476
1536,578508
1338,578540
1454,578572
878,578604
700,578636
768,578668
248,578700
304,578732
0,578764
75,578796
224,578828
489,578860
1181,578892
938,578924
1212,578956
1392,578988
1674,579020
1911,579052
2123,579084
1549,579116
1741,579148
1096,579180
1273,579212
991,579244
698,579276
537,579308
266,579340
239,579372
442,579404
639,579436
896,579468
1096,579500
1326,579532
1551,579564
1788,579596
1656,579628
2254,579660
1646,579692
1478,579724
1191,579756
1016,579788
828,579820
566,579852
378,579884
153,579916
0,579948
0,579980
124,580012
781,580044
1019,580076
846,580108
1471,580140
1679,580172
1580,580204
2141,580236
2218,580268
2063,580300
1742,580332
1133,580364
1356,580396
683,580428
456,580460
638,580492
7,580524
0,580556
316,580588
202,580620
763,580652
635,580684
924,580716
1072,580748
1319,580780
2062,580812
1801,580844
1800,580876
1981,580908
1332,580940
1150,580972
1279,581004
698,581036
875,581068
247,581100
408,581132
187,581164
362,581196
653,581228
890,581260
1111,581292
1344,581324
1531,581356
1804,581388
1998,581420
2204,581452
2110,581484
1840,581516
1243,581548
1375,581580
795,581612
620,581644
336,581676
172,581708
0,581740
0,581772
119,581804
380,581836
568,581868
830,581900
1417,581932
1287,581964
1895,581996
1710,582028
2349,582060
2089,582092
1470,582124
1611,582156
1376,582188
827,582220
920,582252
652,582284
493,582316
189,582348
0,582380
524,582412
345,582444
604,582476
1176,582508
1052,582540
1630,582572
1868,582604
1792,582636
2208,582668
1596,582700
1437,582732
1131,582764
936,582796
1179,582828
486,582860
310,582892
425,582924
0,582956
28,582988
248,583020
487,583052
1103,583084
1211,583116
1565,583148
1755,583180
2029,583212
2221,583244
2176,583276
1977,583308
1706,583340
1437,583372
1232,583404
974,583436
749,583468
512,583500
295,583532
0,583564
349,583596
236,583628
518,583660
684,583692
970,583724
1237,583756
1420,583788
1703,583820
1929,583852
1804,583884
1579,583916
1244,583948
1467,583980
1246,584012
620,584044
781,584076
523,584108
0,584140
235,584172
430,584204
286,584236
878,584268
746,584300
1422,584332
1196,584364
1432,584396
2092,584428
1884,584460
2072,584492
1806,584524
1214,584556
1338,584588
734,584620
584,584652
284,584684
61,584716
315,584748
0,584780
154,584812
777,584844
602,584876
874,584908
1062,584940
1334,584972
1979,585004
2126,585036
2329,585068
2042,585100
1850,585132
1575,585164
1338,585196
1099,585228
878,585260
616,585292
412,585324
136,585356
300,585388
557,585420
751,585452
632,585484
1209,585516
1084,585548
1360,585580
1534,585612
1832,585644
1822,585676
1592,585708
1356,585740
1175,585772
903,585804
713,585836
830,585868
263,585900
380,585932
0,585964
440,585996
649,586028
509,586060
1095,586092
1325,586124
1511,586156
1787,586188
1984,586220
2301,586252
2094,586284
1481,586316
1675,586348
1020,586380
827,586412
938,586444
366,586476
188,586508
252,586540
269,586572
424,586604
296,586636
589,586668
736,586700
1001,586732
1719,586764
1452,586796
1738,586828
1916,586860
1724,586892
1496,586924
1594,586956
1034,586988
1215,587020
584,587052
759,587084
477,587116
295,587148
314,587180
504,587212
763,587244
956,587276
1150,587308
1418,587340
1615,587372
1851,587404
2080,587436
2200,587468
1592,587500
1724,587532
1132,587564
956,587596
681,587628
507,587660
317,587692
56,587724
0,587756
43,587788
268,587820
501,587852
632,587884
1303,587916
1547,587948
1368,587980
2007,588012
2208,588044
2154,588076
1961,588108
1689,588140
1533,588172
1214,588204
622,588236
843,588268
169,588300
0,588332
170,588364
9,588396
265,588428
830,588460
712,588492
1280,588524
1147,588556
1448,588588
1600,588620
1838,588652
2234,588684
1929,588716
1274,588748
1454,588780
822,588812
636,588844
766,588876
185,588908
349,588940
0,588972
535,589004
717,589036
985,589068
1175,589100
1402,589132
1629,589164
1871,589196
2062,589228
2330,589260
2047,589292
1787,589324
1582,589356
1312,589388
735,589420
858,589452
285,589484
110,589516
0,589548
0,589580
175,589612
406,589644
631,589676
891,589708
1079,589740
1353,589772
1945,589804
1816,589836
2299,589868
1646,589900
1819,589932
1559,589964
1310,589996
1087,590028
863,590060
319,590092
398,590124
123,590156
381,590188
542,590220
398,590252
1040,590284
857,590316
1112,590348
1694,590380
1573,590412
2160,590444
2156,590476
1610,590508
1678,590540
1080,590572
923,590604
1099,590636
427,590668
667,590700
0,590732
0,590764
429,590796
313,590828
536,590860
760,590892
985,590924
1627,590956
1739,590988
2095,591020
2287,591052
2205,591084
1927,591116
1646,591148
1447,591180
1182,591212
921,591244
720,591276
462,591308
235,591340
176,591372
412,591404
293,591436
870,591468
745,591500
1022,591532
1193,591564
1482,591596
1755,591628
1942,591660
1751,591692
1513,591724
1277,591756
1053,591788
734,591820
952,591852
730,591884
448,591916
253,591948
299,591980
215,592012
750,592044
942,592076
1255,592108
1402,592140
1259,592172
1949,592204
1711,592236
1832,592268
2025,592300
1358,592332
1544,592364
1277,592396
710,592428
814,592460
234,592492
73,592524
227,592556
0,592588
669,592620
431,592652
664,592684
1291,592716
1112,592748
1396,592780
1576,592812
1852,592844
2268,592876
1945,592908
1790,592940
1513,592972
1321,593004
1051,593036
824,593068
587,593100
360,593132
150,593164
416,593196
618,593228
813,593260
1069,593292
1263,593324
1136,593356
1736,593388
1599,593420
1896,593452
1707,593484
1530,593516
1305,593548
1070,593580
842,593612
663,593644
392,593676
202,593708
0,593740
0,593772
504,593804
696,593836
956,593868
1161,593900
1019,593932
1615,593964
1854,593996
1757,594028
2312,594060
2032,594092
1885,594124
1565,594156
960,594188
1149,594220
507,594252
315,594284
424,594316
0,594348
0,594380
490,594412
422,594444
651,594476
799,594508
1099,594540
1255,594572
1514,594604
2247,594636
1849,594668
1674,594700
1390,594732
1208,594764
983,594796
1070,594828
512,594860
697,594892
73,594924
225,594956
375,594988
649,595020
829,595052
1018,595084
1287,595116
1480,595148
1678,595180
1945,595212
2143,595244
2138,595276
1900,595308
1663,595340
1070,595372
1197,595404
622,595436
454,595468
173,595500
3,595532
0,595564
68,595596
330,595628
814,595660
780,595692
1003,595724
1597,595756
1832,595788
2075,595820
1896,595852
2175,595884
1913,595916
1338,595948
1432,595980
1164,596012
1005,596044
702,596076
112,596108
318,596140
0,596172
63,596204
701,596236
520,596268
776,596300
1342,596332
1226,596364
1511,596396
1662,596428
1962,596460
1646,596492
1422,596524
1705,596556
986,596588
763,596620
937,596652
312,596684
135,596716
248,596748
0,596780
589,596812
423,596844
1050,596876
1231,596908
1502,596940
1693,596972
1934,597004
1722,597036
2272,597068
1997,597100
1802,597132
1519,597164
1264,597196
1064,597228
799,597260
224,597292
346,597324
0,597356
24,597388
184,597420
458,597452
684,597484
909,597516
1143,597548
1676,597580
1595,597612
1879,597644
2231,597676
1630,597708
1771,597740
1129,597772
1291,597804
1035,597836
445,597868
571,597900
348,597932
0,597964
408,597996
604,598028
907,598060
1054,598092
912,598124
1565,598156
1372,598188
1636,598220
2232,598252
1737,598284
1558,598316
1628,598348
1093,598380
1160,598412
571,598444
409,598476
109,598508
0,598540
329,598572
205,598604
372,598636
949,598668
820,598700
1048,598732
1273,598764
1501,598796
2167,598828
2255,598860
2152,598892
1867,598924
1550,598956
1397,598988
1120,599020
926,599052
666,599084
410,599116
202,599148
239,599180
473,599212
699,599244
926,599276
800,599308
1385,599340
1254,599372
1544,599404
1722,599436
1882,599468
1689,599500
1416,599532
1225,599564
999,599596
765,599628
541,599660
232,599692
427,599724
189,599756
7,599788
619,599820
815,599852
729,599884
1263,599916
1466,599948
1773,599980
1930,600012
1784,600044
2233,600076
1532,600108
1304,600140
1496,600172
844,600204
652,600236
762,600268
199,600300
302,600332
0,600364
88,600396
235,600428
461,600460
1191,600492
940,600524
1172,600556
1817,600588
1628,600620
1915,600652
1736,600684
1546,600716
1737,600748
1416,600780
1271,600812
991,600844
696,600876
535,600908
302,600940
249,600972
488,601004
680,601036
938,601068
1132,601100
1328,601132
1593,601164
1788,601196
1660,601228
2253,601260
1646,601292
1469,601324
1190,601356
1008,601388
791,601420
566,601452
330,601484
151,601516
0,601548
0,601580
127,601612
440,601644
1021,601676
857,601708
1470,601740
1679,601772
1544,601804
2143,601836
2255,601868
1691,601900
1776,601932
1504,601964
1353,601996
1040,602028
448,602060
636,602092
4,602124
0,602156
318,602188
207,602220
486,602252
1002,602284
934,602316
1454,602348
1312,602380
1623,602412
1775,602444
1800,602476
2057,602508
1326,602540
1149,602572
878,602604
696,602636
471,602668
556,602700
20,602732
237,602764
361,602796
703,602828
891,602860
1161,602892
1353,602924
1536,602956
1813,602988
2010,603020
2205,603052
2109,603084
1840,603116
1610,603148
1370,603180
1145,603212
568,603244
686,603276
110,603308
0,603340
0,603372
121,603404
391,603436
572,603468
840,603500
1326,603532
1288,603564
1527,603596
1659,603628
2347,603660
2121,603692
1467,603724
1643,603756
1375,603788
825,603820
910,603852
650,603884
489,603916
187,603948
0,603980
568,604012
349,604044
576,604076
1215,604108
1023,604140
1289,604172
1880,604204
1744,604236
2206,604268
1595,604300
1435,604332
1128,604364
906,604396
1178,604428
476,604460
252,604492
425,604524
0,604556
36,604588
604,604620
475,604652
1103,604684
1248,604716
1566,604748
1757,604780
2039,604812
2231,604844
2220,604876
1975,604908
1742,604940
1466,604972
1273,605004
1005,605036
745,605068
542,605100
288,605132
0,605164
352,605196
238,605228
520,605260
687,605292
969,605324
1193,605356
1432,605388
1658,605420
2205,605452
1757,605484
1575,605516
1704,605548
1102,605580
1243,605612
617,605644
776,605676
523,605708
0,605740
237,605772
474,605804
389,605836
925,605868
1118,605900
1433,605932
1580,605964
1434,605996
2095,606028
1885,606060
1678,606092
1792,606124
1212,606156
1328,606188
1102,606220
582,606252
649,606284
60,606316
0,606348
0,606380
154,606412
847,606444
604,606476
874,606508
1465,606540
1334,606572
1565,606604
2136,606636
1899,606668
2089,606700
1727,606732
1613,606764
1337,606796
1145,606828
873,606860
606,606892
411,606924
136,606956
300,606988
558,607020
759,607052
986,607084
954,607116
1446,607148
1310,607180
1914,607212
1784,607244
1820,607276
1529,607308
1354,607340
1164,607372
902,607404
714,607436
489,607468
252,607500
30,607532
0,607564
443,607596
683,607628
520,607660
1131,607692
1336,607724
1514,607756
1800,607788
1994,607820
2311,607852
2094,607884
1472,607916
1707,607948
1016,607980
794,608012
972,608044
333,608076
506,608108
248,608140
0,608172
430,608204
297,608236
598,608268
744,608300
973,608332
1719,608364
1881,608396
1690,608428
2333,608460
1674,608492
1496,608524
1628,608556
1033,608588
1211,608620
895,608652
748,608684
475,608716
283,608748
317,608780
544,608812
765,608844
1002,608876
1194,608908
1455,608940
1656,608972
1855,609004
1782,609036
2190,609068
1592,609100
1722,609132
1131,609164
956,609196
678,609228
504,609260
282,609292
46,609324
0,609356
44,609388
233,609420
503,609452
634,609484
952,609516
1548,609548
1369,609580
2011,609612
2217,609644
2187,609676
1959,609708
1724,609740
1165,609772
1248,609804
989,609836
837,609868
536,609900
0,609932
183,609964
20,609996
271,610028
830,610060
716,610092
990,610124
1520,610156
1448,610188
1992,610220
1840,610252
1784,610284
1967,610316
1272,610348
1527,610380
816,610412
636,610444
763,610476
184,610508
0,610540
220,610572
136,610604
363,610636
598,610668
1227,610700
1407,610732
1688,610764
1879,610796
2073,610828
2327,610860
2048,610892
1776,610924
1243,610956
1312,610988
1084,611020
858,611052
624,611084
58,611116
171,611148
0,611180
174,611212
350,611244
632,611276
893,611308
1084,611340
1354,611372
1856,611404
1818,611436
1917,611468
1592,611500
1820,611532
1593,611564
1309,611596
1119,611628
859,611660
315,611692
396,611724
122,611756
391,611788
544,611820
409,611852
1081,611884
859,611916
1087,611948
1742,611980
1548,612012
1807,612044
2152,612076
1552,612108
1676,612140
1071,612172
920,612204
1087,612236
393,612268
664,612300
0,612332
0,612364
431,612396
274,612428
538,612460
1120,612492
986,612524
1629,612556
1451,612588
2105,612620
2295,612652
2201,612684
1917,612716
1690,612748
1437,612780
1214,612812
952,612844
344,612876
480,612908
223,612940
216,612972
414,613004
298,613036
864,613068
749,613100
1032,613132
1198,613164
1486,613196
1722,613228
1942,613260
1705,613292
1776,613324
1240,613356
1050,613388
1177,613420
599,613452
717,613484
446,613516
247,613548
301,613580
183,613612
751,613644
988,613676
905,613708
1439,613740
1642,613772
1951,613804
2111,613836
1823,613868
2016,613900
1356,613932
1159,613964
1276,613996
710,614028
810,614060
588,614092
72,614124
0,614156
0,614188
261,614220
408,614252
669,614284
1367,614316
1115,614348
1398,614380
1997,614412
1862,614444
1839,614476
1608,614508
1371,614540
1559,614572
1200,614604
1097,614636
825,614668
633,614700
361,614732
156,614764
24,614796
622,614828
814,614860
1072,614892
1274,614924
1503,614956
1740,614988
1976,615020
1834,615052
2074,615084
1470,615116
1294,615148
1006,615180
842,615212
651,615244
390,615276
200,615308
0,615340
0,615372
160,615404
733,615436
957,615468
1199,615500
1030,615532
1657,615564
1867,615596
1758,615628
2313,615660
2040,615692
1881,615724
1564,615756
958,615788
1179,615820
504,615852
283,615884
460,615916
0,615948
298,615980
492,616012
378,616044
660,616076
808,616108
1106,616140
1256,616172
1488,616204
2247,616236
1848,616268
1622,616300
1803,616332
1156,616364
980,616396
710,616428
521,616460
696,616492
378,616524
215,616556
381,616588
650,616620
838,616652
1066,616684
860,616716
1520,616748
1721,616780
1992,616812
2187,616844
2135,616876
1932,616908
1662,616940
1069,616972
1197,617004
618,617036
444,617068
172,617100
1,617132
0,617164
70,617196
296,617228
555,617260
745,617292
1015,617324
1598,617356
1467,617388
2077,617420
1896,617452
2167,617484
1903,617516
1293,617548
1433,617580
1197,617612
653,617644
736,617676
475,617708
317,617740
202,617772
72,617804
702,617836
512,617868
778,617900
1352,617932
1230,617964
1512,617996
2048,618028
1960,618060
2030,618092
1418,618124
1258,618156
955,618188
762,618220
1005,618252
303,618284
132,618316
0,618348
0,618380
203,618412
736,618444
648,618476
1287,618508
1109,618540
1753,618572
1935,618604
2094,618636
2269,618668
1992,618700
1790,618732
1518,618764
1259,618796
1064,618828
797,618860
572,618892
344,618924
102,618956
0,618988
526,619020
411,619052
695,619084
860,619116
1144,619148
1415,619180
1605,619212
1880,619244
1865,619276
1626,619308
1397,619340
1068,619372
1288,619404
1067,619436
450,619468
603,619500
343,619532
0,619564
415,619596
608,619628
910,619660
1056,619692
923,619724
1609,619756
1374,619788
1611,619820
2272,619852
1710,619884
1498,619916
1626,619948
1036,619980
1151,620012
560,620044
414,620076
109,620108
0,620140
329,620172
104,620204
330,620236
951,620268
776,620300
1050,620332
1644,620364
1510,620396
2168,620428
1960,620460
2142,620492
1855,620524
1550,620556
1389,620588
1162,620620
925,620652
704,620684
429,620716
233,620748
281,620780
474,620812
732,620844
926,620876
808,620908
1387,620940
1258,620972
1546,621004
1722,621036
1879,621068
1643,621100
1412,621132
1180,621164
989,621196
729,621228
538,621260
655,621292
88,621324
187,621356
17,621388
619,621420
823,621452
684,621484
1275,621516
1513,621548
1415,621580
1968,621612
2170,621644
2233,621676
1915,621708
1304,621740
1487,621772
842,621804
651,621836
762,621868
198,621900
299,621932
141,621964
88,621996
606,622028
472,622060
765,622092
912,622124
1176,622156
1897,622188
1640,622220
1926,622252
2157,622284
1546,622316
1319,622348
1085,622380
859,622412
1037,622444
685,622476
575,622508
299,622540
301,622572
493,622604
684,622636
644,622668
1134,622700
1328,622732
1594,622764
1801,622796
2040,622828
2249,622860
2011,622892
1414,622924
1535,622956
955,622988
790,623020
506,623052
329,623084
141,623116
0,623148
1,623180
219,623212
442,623244
670,623276
807,623308
1483,623340
1727,623372
1546,623404
2189,623436
2251,623468
1687,623500
1775,623532
1502,623564
893,623596
1040,623628
446,623660
665,623692
5,623724
0,623756
364,623788
186,623820
812,623852
1006,623884
890,623916
1465,623948
1322,623980
1626,624012
1776,624044
1769,624076
2056,624108
1324,624140
1098,624172
1275,624204
646,624236
472,624268
200,624300
16,624332
247,624364
399,624396
713,624428
895,624460
1161,624492
1353,624524
1584,624556
1815,624588
2060,624620
2248,624652
2144,624684
1869,624716
1600,624748
1401,624780
1136,624812
556,624844
683,624876
109,624908
0,624940
0,624972
122,625004
351,625036
580,625068
796,625100
1067,625132
1258,625164
1529,625196
2125,625228
1975,625260
2119,625292
1466,625324
1640,625356
1371,625388
781,625420
909,625452
686,625484
410,625516
218,625548
265,625580
567,625612
718,625644
584,625676
1223,625708
1024,625740
1292,625772
1882,625804
1754,625836
1900,625868
1978,625900
1432,625932
1497,625964
896,625996
745,626028
442,626060
252,626092
487,626124
0,626156
29,626188
217,626220
484,626252
715,626284
1259,626316
1163,626348
1817,626380
1626,626412
2285,626444
2207,626476
2024,626508
1737,626540
1464,626572
1269,626604
1002,626636
745,626668
542,626700
285,626732
133,626764
361,626796
589,626828
462,626860
1050,626892
922,626924
1196,626956
1372,626988
1670,627020
1943,627052
1756,627084
1564,627116
1337,627148
1111,627180
877,627212
556,627244
775,627276
543,627308
0,627340
271,627372
476,627404
656,627436
927,627468
1120,627500
1431,627532
1579,627564
1436,627596
2138,627628
1880,627660
1646,627692
1838,627724
1180,627756
984,627788
1102,627820
528,627852
640,627884
56,627916
0,627948
0,627980
135,628012
855,628044
1007,628076
840,628108
1469,628140
1288,628172
1576,628204
2175,628236
1895,628268
2087,628300
1431,628332
1612,628364
1327,628396
1143,628428
871,628460
648,628492
409,628524
170,628556
334,628588
604,628620
795,628652
988,628684
1246,628716
1451,628748
1320,628780
1917,628812
1786,628844
1820,628876
1528,628908
1354,628940
1127,628972
892,629004
667,629036
477,629068
215,629100
27,629132
213,629164
107,629196
683,629228
524,629260
1133,629292
1339,629324
1562,629356
1801,629388
2042,629420
1943,629452
2128,629484
1853,629516
1705,629548
1387,629580
784,629612
970,629644
331,629676
137,629708
246,629740
0,629772
430,629804
668,629836
600,629868
1117,629900
974,629932
1275,629964
1933,629996
1702,630028
2409,630060
1674,630092
1486,630124
1629,630156
1023,630188
807,630220
572,630252
348,630284
521,630316
170,630348
365,630380
555,630412
827,630444
1005,630476
1198,630508
1465,630540
1660,630572
1864,630604
2127,630636
2190,630668
1960,630700
1711,630732
1484,630764
894,630796
1020,630828
445,630860
270,630892
4,630924
0,630956
55,630988
236,631020
503,631052
729,631084
955,631116
1189,631148
1310,631180
2011,631212
2256,631244
2187,631276
1993,631308
1723,631340
1161,631372
1248,631404
986,631436
829,631468
526,631500
0,631532
215,631564
23,631596
239,631628
878,631660
696,631692
1327,631724
1529,631756
1404,631788
1994,631820
1840,631852
1781,631884
1975,631916
1244,631948
1515,631980
812,632012
588,632044
761,632076
136,632108
0,632140
0,632172
140,632204
773,632236
910,632268
1227,632300
1415,632332
1688,632364
1883,632396
2122,632428
2317,632460
2094,632492
1815,632524
1614,632556
1342,632588
1086,632620
879,632652
621,632684
56,632716
167,632748
0,632780
185,632812
360,632844
634,632876
873,632908
1094,632940
1319,632972
1591,633004
1783,633036
1916,633068
1583,633100
1448,633132
1589,633164
1305,633196
1112,633228
857,633260
268,633292
393,633324
151,633356
55,633388
586,633420
780,633452
1085,633484
1230,633516
1096,633548
1743,633580
1550,633612
1818,633644
2144,633676
1560,633708
1372,633740
1448,633772
916,633804
685,633836
396,633868
235,633900
0,633932
0,633964
506,633996
270,634028
550,634060
720,634092
998,634124
1227,634156
1786,634188
1687,634220
2347,634252
1781,634284
1965,634316
1679,634348
1485,634380
1211,634412
942,634444
749,634476
480,634508
223,634540
220,634572
427,634604
650,634636
874,634668
869,634700
974,634732
1565,634764
1434,634796
1724,634828
1870,634860
1694,634892
1503,634924
1240,634956
1048,634988
1081,635020
600,635052
365,635084
476,635116
245,635148
336,635180
184,635212
795,635244
992,635276
894,635308
1451,635340
1646,635372
1963,635404
2111,635436
1822,635468
2056,635500
1353,635532
1128,635564
1309,635596
676,635628
474,635660
586,635692
25,635724
0,635756
0,635788
254,635820
412,635852
648,635884
1369,635916
1117,635948
1352,635980
2006,636012
1814,636044
1844,636076
1979,636108
1369,636140
1550,636172
919,636204
1093,636236
815,636268
631,636300
349,636332
202,636364
24,636396
668,636428
856,636460
1120,636492
1309,636524
1504,636556
1772,636588
1978,636620
1838,636652
2064,636684
1467,636716
1292,636748
1007,636780
840,636812
616,636844
389,636876
155,636908
221,636940
0,636972
168,637004
733,637036
616,637068
1198,637100
1034,637132
1659,637164
1867,637196
1722,637228
2303,637260
2075,637292
1501,637324
1597,637356
1325,637388
1177,637420
863,637452
281,637484
80,637516
0,637548
0,637580
494,637612
381,637644
661,637676
1180,637708
1110,637740
1642,637772
1497,637804
1803,637836
1808,637868
1613,637900
1871,637932
1149,637964
970,637996
1101,638028
520,638060
295,638092
60,638124
0,638156
427,638188
541,638220
889,638252
1069,638284
1225,638316
1529,638348
1722,638380
1993,638412
2188,638444
2128,638476
1930,638508
1659,638540
1423,638572
1194,638604
968,638636
391,638668
506,638700
0,638732
0,638764
21,638796
300,638828
567,638860
748,638892
1017,638924
1245,638956
1479,638988
1707,639020
1838,639052
2168,639084
1935,639116
1290,639148
1465,639180
1197,639212
647,639244
734,639276
474,639308
313,639340
206,639372
78,639404
744,639436
524,639468
751,639500
1398,639532
1200,639564
1465,639596
2060,639628
1900,639660
2027,639692
1420,639724
1256,639756
955,639788
730,639820
1001,639852
302,639884
84,639916
237,639948
0,639980
213,640012
391,640044
661,640076
1287,640108
1432,640140
1755,640172
1944,640204
2104,640236
2271,640268
2032,640300
1789,640332
1562,640364
1288,640396
1096,640428
839,640460
571,640492
367,640524
91,640556
0,640588
538,640620
415,640652
694,640684
861,640716
1146,640748
1373,640780
1609,640812
1847,640844
1854,640876
1578,640908
1388,640940
1067,640972
935,641004
1063,641036
440,641068
590,641100
335,641132
0,641164
415,641196
652,641228
567,641260
1102,641292
1294,641324
1609,641356
1757,641388
1614,641420
2280,641452
1704,641484
1496,641516
1624,641548
1036,641580
858,641612
925,641644
406,641676
461,641708
0,641740
0,641772
72,641804
330,641836
1022,641868
780,641900
1054,641932
1232,641964
1513,641996
1751,642028
2284,642060
1720,642092
1903,642124
1548,642156
1433,642188
1161,642220
971,642252
697,642284
428,642316
221,642348
282,642380
478,642412
734,642444
939,642476
1165,642508
1392,642540
1625,642572
1496,642604
2092,642636
1816,642668
1642,642700
1344,642732
1178,642764
985,642796
726,642828
536,642860
560,642892
77,642924
0,642956
0,642988
620,643020
860,643052
696,643084
1309,643116
1513,643148
1417,643180
1979,643212
2184,643244
2229,643276
1903,643308
1295,643340
1519,643372
842,643404
619,643436
795,643468
166,643500
0,643532
149,643564
45,643596
606,643628
472,643660
772,643692
920,643724
1150,643756
1898,643788
1642,643820
1880,643852
2153,643884
1493,643916
1310,643948
1440,643980
855,644012
1035,644044
716,644076
570,644108
299,644140
309,644172
493,644204
727,644236
943,644268
1180,644300
1371,644332
1632,644364
1837,644396
2042,644428
2281,644460
2010,644492
1406,644524
1536,644556
952,644588
778,644620
496,644652
330,644684
103,644716
0,644748
0,644780
478,644812
407,644844
681,644876
1255,644908
1127,644940
1725,644972
1548,645004
2188,645036
2252,645068
1639,645100
1772,645132
1536,645164
987,645196
1070,645228
811,645260
655,645292
350,645324
0,645356
366,645388
187,645420
445,645452
1014,645484
894,645516
1466,645548
1705,645580
1628,645612
2174,645644
1760,645676
1598,645708
1292,645740
1096,645772
1341,645804
645,645836
460,645868
585,645900
17,645932
0,645964
400,645996
316,646028
951,646060
1054,646092
1405,646124
1593,646156
1869,646188
2059,646220
2252,646252
2141,646284
1868,646316
1599,646348
1400,646380
1134,646412
909,646444
424,646476
446,646508
0,646540
190,646572
78,646604
359,646636
524,646668
810,646700
1408,646732
1258,646764
1531,646796
1770,646828
1975,646860
1739,646892
1404,646924
1629,646956
1406,646988
779,647020
939,647052
683,647084
400,647116
205,647148
269,647180
569,647212
720,647244
586,647276
1260,647308
1035,647340
1263,647372
1928,647404
1726,647436
2238,647468
1968,647500
1380,647532
1499,647564
895,647596
742,647628
440,647660
218,647692
487,647724
169,647756
1,647788
615,647820
440,647852
716,647884
1305,647916
1172,647948
1819,647980
1962,648012
2285,648044
2201,648076
2012,648108
1727,648140
1500,648172
1259,648204
1040,648236
778,648268
572,648300
313,648332
136,648364
75,648396
592,648428
463,648460
1052,648492
924,648524
1208,648556
1375,648588
1670,648620
1899,648652
1756,648684
1516,648716
1335,648748
1063,648780
876,648812
556,648844
416,648876
540,648908
0,648940
270,648972
480,649004
699,649036
935,649068
1166,649100
1081,649132
1627,649164
1824,649196
2141,649228
2256,649260
1643,649292
1835,649324
1179,649356
975,649388
1100,649420
524,649452
348,649484
412,649516
0,649548
265,649580
137,649612
428,649644
1065,649676
842,649708
1547,649740
1292,649772
1576,649804
2183,649836
1896,649868
1661,649900
1758,649932
1192,649964
1373,649996
743,650028
921,650060
639,650092
453,650124
165,650156
346,650188
605,650220
798,650252
992,650284
923,650316
1452,650348
1689,650380
1918,650412
2158,650444
1754,650476
1887,650508
1290,650540
1116,650572
832,650604
668,650636
473,650668
214,650700
24,650732
127,650764
110,650796
333,650828
472,650860
1135,650892
1375,650924
1563,650956
1839,650988
2043,651020
1946,651052
2125,651084
1853,651116
1693,651148
1376,651180
783,651212
1001,651244
329,651276
105,651308
279,651340
0,651372
108,651404
670,651436
554,651468
1120,651500
984,651532
1286,651564
1932,651596
1676,651628
2397,651660
1662,651692
1436,651724
1625,651756
980,651788
806,651820
926,651852
344,651884
507,651916
0,651948
367,651980
555,652012
828,652044
1017,652076
1244,652108
1467,652140
1708,652172
1899,652204
1735,652236
2220,652268
1951,652300
1743,652332
1472,652364
891,652396
1017,652428
444,652460
270,652492
1,652524
0,652556
24,652588
245,652620
471,652652
990,652684
922,652716
1191,652748
1783,652780
1655,652812
2261,652844
2175,652876
1981,652908
1721,652940
1116,652972
1247,653004
1020,653036
475,653068
558,653100
297,653132
217,653164
381,653196
250,653228
880,653260
699,653292
956,653324
1530,653356
1404,653388
1998,653420
2236,653452
1780,653484
1544,653516
1240,653548
1080,653580
779,653612
586,653644
813,653676
134,653708
0,653740
269,653772
151,653804
379,653836
604,653868
827,653900
1465,653932
1578,653964
1933,653996
2123,654028
2375,654060
2089,654092
1806,654124
1178,654156
1342,654188
1080,654220
878,654252
619,654284
392,654316
157,654348
249,654380
138,654412
704,654444
588,654476
872,654508
1034,654540
1322,654572
1593,654604
1786,654636
1914,654668
1677,654700
1447,654732
1213,654764
1340,654796
1111,654828
891,654860
267,654892
415,654924
151,654956
55,654988
591,655020
782,655052
1086,655084
1241,655116
1099,655148
1788,655180
1561,655212
1788,655244
2188,655276
1519,655308
1706,655340
1440,655372
868,655404
685,655436
391,655468
234,655500
0,655532
0,655564
504,655596
272,655628
507,655660
1130,655692
953,655724
1226,655756
1416,655788
1690,655820
2347,655852
2107,655884
1960,655916
1677,655948
1482,655980
1210,656012
984,656044
330,656076
512,656108
253,656140
264,656172
460,656204
652,656236
910,656268
1103,656300
975,656332
1567,656364
1438,656396
1734,656428
1870,656460
1692,656492
1463,656524
1228,656556
1000,656588
812,656620
552,656652
364,656684
485,656716
0,656748
345,656780
194,656812
795,656844
1001,656876
871,656908
1451,656940
1693,656972
1595,657004
2158,657036
2205,657068
2045,657100
1727,657132
1120,657164
1306,657196
667,657228
472,657260
586,657292
24,657324
0,657356
330,657388
266,657420
792,657452
648,657484
941,657516
1096,657548
1354,657580
2078,657612
1817,657644
1834,657676
1550,657708
1367,657740
1142,657772
1228,657804
683,657836
859,657868
234,657900
397,657932
203,657964
368,657996
669,658028
858,658060
1125,658092
1312,658124
1514,658156
1776,658188
1982,658220
2220,658252
2063,658284
1834,658316
1230,658348
1357,658380
779,658412
604,658444
330,658476
154,658508
0,658540
0,658572
169,658604
396,658636
619,658668
854,658700
984,658732
1262,658764
1913,658796
1732,658828
2335,658860
2073,658892
1499,658924
1596,658956
1323,658988
1167,659020
862,659052
269,659084
479,659116
0,659148
0,659180
541,659212
361,659244
618,659276
1182,659308
1066,659340
1644,659372
1500,659404
1812,659436
1807,659468
1582,659500
1865,659532
1148,659564
922,659596
1097,659628
468,659660
286,659692
411,659724
0,659756
429,659788
265,659820
890,659852
1071,659884
1228,659916
1531,659948
1772,659980
1993,660012
2238,660044
2158,660076
1962,660108
1690,660140
1419,660172
1224,660204
959,660236
383,660268
504,660300
0,660332
0,660364
25,660396
303,660428
525,660460
758,660492
983,660524
1245,660556
1434,660588
1716,660620
2315,660652
1788,660684
1931,660716
1288,660748
1451,660780
1195,660812
604,660844
733,660876
506,660908
0,660940
250,660972
444,661004
747,661036
895,661068
763,661100
1401,661132
1212,661164
1468,661196
2060,661228
1898,661260
2025,661292
1788,661324
1254,661356
1320,661388
728,661420
571,661452
269,661484
74,661516
297,661548
0,661580
215,661612
793,661644
664,661676
891,661708
1112,661740
1340,661772
1995,661804
2107,661836
2315,661868
2027,661900
1834,661932
1561,661964
1280,661996
1087,662028
826,662060
568,662092
364,662124
87,662156
313,662188
528,662220
765,662252
647,662284
1216,662316
1098,662348
1382,662380
1552,662412
1848,662444
1852,662476
1578,662508
1383,662540
1161,662572
924,662604
700,662636
382,662668
589,662700
363,662732
0,662764
456,662796
655,662828
569,662860
1103,662892
1304,662924
1149,662956
1760,662988
1615,663020
2318,663052
1693,663084
1465,663116
1660,663148
1004,663180
1180,663212
924,663244
358,663276
458,663308
0,663340
0,663372
76,663404
304,663436
1031,663468
782,663500
1014,663532
1657,663564
1465,663596
1752,663628
1902,663660
1717,663692
1900,663724
1578,663756
1431,663788
1151,663820
968,663852
697,663884
462,663916
221,663948
328,663980
512,664012
779,664044
970,664076
1166,664108
1424,664140
1630,664172
1498,664204
2105,664236
1807,664268
1638,664300
1342,664332
1175,664364
951,664396
715,664428
491,664460
311,664492
41,664524
0,664556
397,664588
281,664620
860,664652
698,664684
1311,664716
1517,664748
1383,664780
1983,664812
2224,664844
2137,664876
1945,664908
1674,664940
1517,664972
1200,665004
616,665036
794,665068
155,665100
0,665132
152,665164
55,665196
328,665228
845,665260
774,665292
1295,665324
1150,665356
1463,665388
1614,665420
1880,665452
2219,665484
1484,665516
1308,665548
1035,665580
853,665612
635,665644
715,665676
171,665708
343,665740
0,665772
550,665804
731,665836
1001,665868
1195,665900
1374,665932
1643,665964
1840,665996
2045,666028
2270,666060
2007,666092
1771,666124
1532,666156
1305,666188
718,666220
844,666252
270,666284
102,666316
0,666348
0,666380
231,666412
412,666444
681,666476
909,666508
1132,666540
1367,666572
1498,666604
2200,666636
2285,666668
1630,666700
1807,666732
1544,666764
1259,666796
1071,666828
812,666860
653,666892
346,666924
0,666956
397,666988
190,667020
423,667052
1064,667084
873,667116
1128,667148
1710,667180
1582,667212
2175,667244
1755,667276
1596,667308
1288,667340
1067,667372
1336,667404
1037,667436
410,667468
575,667500
0,667532
0,667564
446,667596
326,667628
951,667660
775,667692
1405,667724
1597,667756
1869,667788
2063,667820
2301,667852
2138,667884
1904,667916
1630,667948
1434,667980
1165,668012
908,668044
701,668076
446,668108
0,668140
191,668172
79,668204
360,668236
528,668268
812,668300
1037,668332
1262,668364
1496,668396
1771,668428
1927,668460
1736,668492
1865,668524
1271,668556
1402,668588
778,668620
936,668652
680,668684
432,668716
207,668748
313,668780
233,668812
762,668844
958,668876
1261,668908
1408,668940
1273,668972
1933,669004
1736,669036
1839,669068
1964,669100
1371,669132
1497,669164
1262,669196
734,669228
808,669260
219,669292
57,669324
201,669356
7,669388
687,669420
443,669452
724,669484
1305,669516
1175,669548
1403,669580
1639,669612
1867,669644
2253,669676
1888,669708
1783,669740
1497,669772
1307,669804
1037,669836
764,669868
571,669900
302,669932
136,669964
398,669996
592,670028
828,670060
1051,670092
1279,670124
1150,670156
1744,670188
1613,670220
1904,670252
1692,670284
1514,670316
1324,670348
1054,670380
872,670412
645,670444
414,670476
189,670508
0,670540
281,670572
512,670604
702,670636
972,670668
1175,670700
1081,670732
1629,670764
1896,670796
2143,670828
2254,670860
1642,670892
1869,670924
1178,670956
944,670988
1134,671020
490,671052
665,671084
410,671116
0,671148
269,671180
140,671212
440,671244
1064,671276
814,671308
1549,671340
1295,671372
1529,671404
2185,671436
1834,671468
1657,671500
1372,671532
1192,671564
1371,671596
1053,671628
908,671660
637,671692
444,671724
165,671756
391,671788
605,671820
844,671852
1033,671884
1296,671916
1486,671948
1693,671980
1960,672012
2159,672044
1752,672076
1887,672108
1280,672140
1114,672172
831,672204
663,672236
439,672268
206,672300
0,672332
0,672364
75,672396
343,672428
476,672460
795,672492
1383,672524
1567,672556
1845,672588
2045,672620
1909,672652
2121,672684
1896,672716
1325,672748
1408,672780
1148,672812
998,672844
687,672876
95,672908
278,672940
0,672972
110,673004
672,673036
559,673068
838,673100
1359,673132
1288,673164
1517,673196
1676,673228
1946,673260
1631,673292
1434,673324
1689,673356
971,673388
797,673420
525,673452
344,673484
123,673516
191,673548
0,673580
619,673612
439,673644
1069,673676
1245,673708
1518,673740
1709,673772
1902,673804
2174,673836
2216,673868
1949,673900
1741,673932
1472,673964
1244,673996
1017,674028
792,674060
216,674092
330,674124
0,674156
25,674188
192,674220
472,674252
743,674284
924,674316
1193,674348
1692,674380
1656,674412
1887,674444
2218,674476
1979,674508
1756,674540
1114,674572
1277,674604
1018,674636
474,674668
556,674700
287,674732
221,674764
382,674796
252,674828
921,674860
701,674892
934,674924
1579,674956
1386,674988
1646,675020
2236,675052
1720,675084
1544,675116
1232,675148
1077,675180
767,675212
554,675244
825,675276
124,675308
0,675340
269,675372
108,675404
380,675436
960,675468
836,675500
1467,675532
1289,675564
1943,675596
2127,675628
2364,675660
2086,675692
1850,675724
1177,675756
1376,675788
1110,675820
912,675852
652,675884
391,675916
185,675948
255,675980
140,676012
713,676044
589,676076
872,676108
1038,676140
1322,676172
1560,676204
1790,676236
1868,676268
1945,676300
1399,676332
1211,676364
1337,676396
759,676428
878,676460
265,676492
412,676524
141,676556
24,676588
592,676620
831,676652
745,676684
1280,676716
1472,676748
1789,676780
1944,676812
1799,676844
2185,676876
1514,676908
1320,676940
1436,676972
859,677004
682,677036
750,677068
230,677100
286,677132
0,677164
103,677196
251,677228
506,677260
1207,677292
956,677324
1238,677356
1833,677388
1694,677420
1929,677452
1770,677484
1533,677516
1721,677548
1360,677580
1256,677612
975,677644
681,677676
521,677708
250,677740
265,677772
460,677804
656,677836
912,677868
1115,677900
1342,677932
1576,677964
1808,677996
1674,678028
2235,678060
1631,678092
1454,678124
1168,678156
1000,678188
812,678220
549,678252
359,678284
137,678316
0,678348
6,678380
141,678412
797,678444
1039,678476
872,678508
1497,678540
1695,678572
1596,678604
2167,678636
2202,678668
2043,678700
1725,678732
1119,678764
1341,678796
664,678828
431,678860
620,678892
0,678924
0,678956
333,678988
230,679020
791,679052
652,679084
948,679116
1098,679148
1328,679180
2087,679212
1820,679244
1784,679276
1964,679308
1310,679340
1142,679372
858,679404
681,679436
855,679468
539,679500
391,679532
215,679564
377,679596
671,679628
904,679660
1129,679692
1358,679724
1551,679756
1823,679788
2025,679820
2224,679852
2092,679884
1821,679916
1228,679948
1358,679980
777,680012
604,680044
319,680076
153,680108
0,680140
0,680172
136,680204
407,680236
585,680268
855,680300
985,680332
1307,680364
1913,680396
1736,680428
2332,680460
2063,680492
1451,680524
1583,680556
1359,680588
811,680620
896,680652
638,680684
473,680716
170,680748
0,680780
544,680812
365,680844
620,680876
1192,680908
1068,680940
1352,680972
1885,681004
1815,681036
2189,681068
1580,681100
1417,681132
1113,681164
912,681196
1161,681228
461,681260
284,681292
21,681324
0,681356
43,681388
584,681420
490,681452
1119,681484
1230,681516
1590,681548
1775,681580
2057,681612
2239,681644
2156,681676
1959,681708
1690,681740
1408,681772
1216,681804
956,681836
730,681868
504,681900
271,681932
0,681964
368,681996
254,682028
536,682060
699,682092
984,682124
1255,682156
1438,682188
1719,682220
2224,682252
1789,682284
1551,682316
1228,682348
1451,682380
1229,682412
602,682444
761,682476
505,682508
0,682540
249,682572
446,682604
749,682636
896,682668
763,682700
1437,682732
1213,682764
1448,682796
1806,682828
1866,682860
1662,682892
1786,682924
1196,682956
1312,682988
728,683020
568,683052
256,683084
45,683116
296,683148
0,683180
172,683212
793,683244
618,683276
893,683308
1482,683340
1348,683372
1996,683404
2144,683436
2311,683468
2025,683500
1832,683532
1559,683564
1322,683596
1083,683628
862,683660
590,683692
396,683724
117,683756
314,683788
574,683820
779,683852
647,683884
1230,683916
1100,683948
1385,683980
1552,684012
1850,684044
1804,684076
1576,684108
1338,684140
1417,684172
887,684204
697,684236
821,684268
247,684300
363,684332
0,684364
459,684396
667,684428
535,684460
1113,684492
1342,684524
1245,684556
1806,684588
2014,684620
2327,684652
2076,684684
1456,684716
1657,684748
1000,684780
807,684812
922,684844
358,684876
457,684908
234,684940
0,684972
442,685004
313,685036
606,685068
761,685100
1017,685132
1735,685164
1468,685196
1756,685228
2315,685260
1716,685292
1479,685324
1568,685356
1016,685388
1196,685420
847,685452
733,685484
459,685516
269,685548
333,685580
524,685612
783,685644
974,685676
1176,685708
1436,685740
1632,685772
1871,685804
1835,685836
2175,685868
1575,685900
1706,685932
1116,685964
940,685996
663,686028
490,686060
311,686092
30,686124
0,686156
61,686188
284,686220
519,686252
648,686284
1323,686316
1565,686348
1384,686380
2025,686412
2233,686444
2137,686476
1943,686508
1664,686540
1513,686572
1198,686604
605,686636
824,686668
152,686700
0,686732
199,686764
27,686796
652,686828
846,686860
730,686892
1304,686924
1163,686956
1462,686988
1615,687020
1854,687052
2216,687084
1903,687116
1256,687148
1435,687180
797,687212
628,687244
748,687276
169,687308
332,687340
236,687372
549,687404
731,687436
1004,687468
1191,687500
1420,687532
1646,687564
1888,687596
2080,687628
2304,687660
2038,687692
1770,687724
1226,687756
1295,687788
716,687820
841,687852
268,687884
90,687916
0,687948
0,687980
199,688012
424,688044
638,688076
908,688108
1098,688140
1367,688172
1502,688204
1833,688236
2283,688268
1627,688300
1800,688332
1533,688364
1294,688396
1067,688428
846,688460
299,688492
380,688524
99,688556
409,688588
557,688620
416,688652
1065,688684
874,688716
1132,688748
1711,688780
1592,688812
1877,688844
2139,688876
1594,688908
1663,688940
1056,688972
903,689004
1083,689036
408,689068
649,689100
0,689132
0,689164
453,689196
327,689228
555,689260
1098,689292
1003,689324
1645,689356
1463,689388
2121,689420
2303,689452
2187,689484
1901,689516
1626,689548
1430,689580
1160,689612
906,689644
378,689676
440,689708
216,689740
203,689772
430,689804
302,689836
890,689868
763,689900
1040,689932
1212,689964
1499,689996
1773,690028
1924,690060
1724,690092
1760,690124
1271,690156
1035,690188
716,690220
925,690252
704,690284
431,690316
235,690348
316,690380
232,690412
767,690444
959,690476
1273,690508
1418,690540
1277,690572
1976,690604
1738,690636
1807,690668
2009,690700
1340,690732
1146,690764
1260,690796
685,690828
798,690860
208,690892
56,690924
199,690956
0,690988
695,691020
455,691052
680,691084
1307,691116
1128,691148
1414,691180
2011,691212
1869,691244
2251,691276
1593,691308
1768,691340
1495,691372
1302,691404
1033,691436
808,691468
570,691500
344,691532
171,691564
38,691596
636,691628
829,691660
1096,691692
1280,691724
1151,691756
1753,691788
1616,691820
1912,691852
1688,691884
1512,691916
1287,691948
1050,691980
826,692012
896,692044
376,692076
188,692108
295,692140
0,692172
525,692204
713,692236
972,692268
1179,692300
1039,692332
1631,692364
1879,692396
1773,692428
2296,692460
2016,692492
1867,692524
1546,692556
940,692588
1128,692620
488,692652
298,692684
408,692716
0,692748
270,692780
507,692812
440,692844
669,692876
825,692908
1115,692940
1273,692972
1532,693004
2265,693036
1834,693068
1656,693100
1787,693132
1190,693164
967,693196
732,693228
503,693260
683,693292
332,693324
201,693356
395,693388
667,693420
845,693452
1034,693484
875,693516
1498,693548
1694,693580
1964,693612
2160,693644
2112,693676
1882,693708
1645,693740
1052,693772
1180,693804
602,693836
438,693868
154,693900
0,693932
0,693964
86,693996
347,694028
571,694060
796,694092
1019,694124
1613,694156
1851,694188
2091,694220
1912,694252
2153,694284
1884,694316
1320,694348
1408,694380
1146,694412
989,694444
684,694476
94,694508
300,694540
0,694572
89,694604
717,694636
528,694668
1166,694700
1368,694732
1243,694764
1526,694796
1680,694828
2172,694860
1630,694892
1404,694924
1685,694956
971,694988
746,695020
919,695052
286,695084
119,695116
0,695148
0,695180
606,695212
750,695244
1067,695276
1247,695308
1517,695340
1719,695372
1950,695404
1738,695436
2254,695468
1978,695500
1776,695532
1502,695564
1242,695596
1039,695628
780,695660
207,695692
320,695724
0,695756
27,695788
200,695820
476,695852
711,695884
925,695916
1159,695948
1420,695980
1612,696012
1896,696044
2205,696076
1611,696108
1750,696140
1103,696172
1272,696204
1017,696236
425,696268
552,696300
330,696332
0,696364
426,696396
620,696428
923,696460
1079,696492
937,696524
1581,696556
1387,696588
1646,696620
2238,696652
1720,696684
1532,696716
1600,696748
1068,696780
1144,696812
542,696844
392,696876
89,696908
0,696940
345,696972
110,697004
390,697036
568,697068
838,697100
1067,697132
1616,697164
1515,697196
2175,697228
1943,697260
2125,697292
1847,697324
1532,697356
1373,697388
1102,697420
907,697452
648,697484
384,697516
174,697548
265,697580
491,697612
716,697644
941,697676
814,697708
1401,697740
1275,697772
1564,697804
1737,697836
1864,697868
1671,697900
1388,697932
1207,697964
983,697996
747,698028
523,698060
214,698092
411,698124
169,698156
27,698188
637,698220
831,698252
745,698284
1289,698316
1482,698348
1799,698380
1948,698412
1802,698444
2217,698476
1515,698508
1288,698540
1480,698572
829,698604
632,698636
746,698668
174,698700
286,698732
0,698764
94,698796
250,698828
484,698860
1208,698892
958,698924
1190,698956
1837,698988
1644,699020
1934,699052
2142,699084
1530,699116
1718,699148
1068,699180
1245,699212
971,699244
670,699276
507,699308
284,699340
267,699372
506,699404
698,699436
956,699468
1146,699500
1344,699532
1610,699564
1815,699596
1676,699628
2234,699660
1627,699692
1452,699724
1167,699756
989,699788
765,699820
540,699852
314,699884
124,699916
0,699948
8,699980
573,700012
459,700044
1037,700076
874,700108
1497,700140
1696,700172
1560,700204
2167,700236
2237,700268
1663,700300
1760,700332
1485,700364
1337,700396
1023,700428
429,700460
617,700492
0,700524
0,700556
334,700588
230,700620
792,700652
1018,700684
952,700716
1483,700748
1338,700780
1639,700812
1792,700844
1774,700876
2039,700908
1307,700940
1128,700972
1261,701004
670,701036
445,701068
220,701100
0,701132
263,701164
379,701196
729,701228
909,701260
1178,701292
1359,701324
1560,701356
1831,701388
2026,701420
2224,701452
2090,701484
1819,701516
1584,701548
1353,701580
1127,701612
544,701644
668,701676
94,701708
0,701740
0,701772
136,701804
407,701836
589,701868
858,701900
1083,701932
1306,701964
1544,701996
1676,702028
2329,702060
2096,702092
1448,702124
1625,702156
1357,702188
807,702220
894,702252
632,702284
30,702316
158,702348
0,702380
575,702412
366,702444
592,702476
1230,702508
1040,702540
1690,702572
1888,702604
1770,702636
2189,702668
1578,702700
1418,702732
1104,702764
892,702796
1159,702828
458,702860
236,702892
399,702924
0,702956
52,702988
232,703020
500,703052
1127,703084
1272,703116
1593,703148
1775,703180
2056,703212
2249,703244
2200,703276
1949,703308
1724,703340
1449,703372
1248,703404
985,703436
720,703468
527,703500
266,703532
0,703564
378,703596
256,703628
538,703660
703,703692
986,703724
1221,703756
1448,703788
1675,703820
1949,703852
1740,703884
1549,703916
1677,703948
1086,703980
1227,704012
601,704044
758,704076
493,704108
0,704140
255,704172
492,704204
670,704236
940,704268
1133,704300
1447,704332
1596,704364
1450,704396
2110,704428
1865,704460
1659,704492
1786,704524
1194,704556
1017,704588
1088,704620
564,704652
622,704684
42,704716
0,704748
0,704780
174,704812
861,704844
620,704876
894,704908
1072,704940
1352,704972
1589,705004
2144,705036
1879,705068
2073,705100
1415,705132
1595,705164
1311,705196
1129,705228
861,705260
586,705292
393,705324
106,705356
328,705388
582,705420
778,705452
1003,705484
1229,705516
1464,705548
1326,705580
1930,705612
1792,705644
1802,705676
1511,705708
1338,705740
1145,705772
875,705804
696,705836
471,705868
235,705900
17,705932
0,705964
459,705996
699,706028
538,706060
1149,706092
1353,706124
1532,706156
1805,706188
2011,706220
2329,706252
2075,706284
1453,706316
1687,706348
1001,706380
768,706412
955,706444
316,706476
123,706508
222,706540
0,706572
446,706604
313,706636
614,706668
760,706700
998,706732
1736,706764
1897,706796
1708,706828
2315,706860
1639,706892
1468,706924
1610,706956
1013,706988
1192,707020
565,707052
731,707084
457,707116
266,707148
330,707180
568,707212
784,707244
1020,707276
1210,707308
1472,707340
1673,707372
1872,707404
2140,707436
2171,707468
1568,707500
1706,707532
1104,707564
940,707596
654,707628
486,707660
263,707692
31,707724
0,707756
71,707788
249,707820
519,707852
1097,707884
969,707916
1563,707948
1386,707980
2027,708012
2233,708044
2170,708076
1935,708108
1706,708140
1145,708172
1231,708204
971,708236
813,708268
510,708300
0,708332
203,708364
27,708396
294,708428
857,708460
733,708492
1305,708524
1536,708556
1464,708588
2010,708620
1856,708652
1767,708684
1949,708716
1256,708748
1499,708780
796,708812
618,708844
745,708876
168,708908
0,708940
0,708972
157,709004
783,709036
894,709068
1243,709100
1423,709132
1705,709164
1897,709196
2092,709228
2301,709260
2030,709292
1758,709324
1562,709356
1293,709388
1067,709420
832,709452
615,709484
41,709516
151,709548
0,709580
200,709612
368,709644
650,709676
919,709708
1100,709740
1369,709772
1608,709804
1837,709836
1901,709868
1567,709900
1800,709932
1567,709964
1290,709996
1099,710028
841,710060
297,710092
379,710124
99,710156
407,710188
560,710220
427,710252
1099,710284
875,710316
1112,710348
1760,710380
1564,710412
2219,710444
2136,710476
1534,710508
1660,710540
1054,710572
902,710604
1069,710636
378,710668
647,710700
0,710732
0,710764
455,710796
284,710828
564,710860
734,710892
1012,710924
1646,710956
1800,710988
2121,711020
2313,711052
2185,711084
1897,711116
1664,711148
1421,711180
1196,711212
928,711244
734,711276
471,711308
208,711340
233,711372
430,711404
312,711436
891,711468
764,711500
1048,711532
1214,711564
1502,711596
1737,711628
1914,711660
1687,711692
1495,711724
1215,711756
1032,711788
713,711820
573,711852
701,711884
428,711916
231,711948
318,711980
199,712012
767,712044
1006,712076
921,712108
1465,712140
1659,712172
1977,712204
2125,712236
1802,712268
1998,712300
1338,712332
1136,712364
1257,712396
685,712428
504,712460
574,712492
54,712524
0,712556
0,712588
280,712620
416,712652
682,712684
1385,712716
1132,712748
1413,712780
1595,712812
1880,712844
1821,712876
1917,712908
1353,712940
1535,712972
902,713004
1077,713036
799,713068
618,713100
335,713132
174,713164
441,713196
640,713228
830,713260
1096,713292
1289,713324
1528,713356
1755,713388
1993,713420
1854,713452
2056,713484
1452,713516
1275,713548
989,713580
822,713612
635,713644
367,713676
184,713708
207,713740
0,713772
184,713804
749,713836
974,713868
1215,713900
1040,713932
1675,713964
1883,713996
1783,714028
2286,714060
2011,714092
1863,714124
1536,714156
937,714188
1163,714220
479,714252
264,714284
440,714316
0,714348
0,714380
508,714412
396,714444
678,714476
826,714508
1128,714540
1276,714572
1512,714604
2266,714636
1832,714668
1596,714700
1785,714732
1134,714764
964,714796
1087,714828
504,714860
679,714892
53,714924
193,714956
397,714988
669,715020
847,715052
1084,715084
878,715116
1546,715148
1736,715180
2010,715212
2202,715244
2110,715276
1904,715308
1643,715340
1052,715372
1178,715404
603,715436
426,715468
144,715500
0,715532
0,715564
86,715596
313,715628
840,715660
762,715692
1022,715724
1613,715756
1484,715788
2094,715820
1913,715852
2151,715884
1881,715916
1275,715948
1405,715980
1181,716012
635,716044
716,716076
456,716108
297,716140
220,716172
89,716204
728,716236
540,716268
796,716300
1371,716332
1254,716364
1528,716396
2074,716428
1942,716460
2010,716492
1392,716524
1241,716556
938,716588
746,716620
985,716652
292,716684
108,716716
221,716748
5,716780
221,716812
443,716844
665,716876
1303,716908
1416,716940
1769,716972
1961,717004
2111,717036
2251,717068
1978,717100
1773,717132
1502,717164
1240,717196
1036,717228
778,717260
554,717292
328,717324
75,717356
0,717388
550,717420
428,717452
712,717484
876,717516
1162,717548
1432,717580
1624,717612
1896,717644
1838,717676
1607,717708
1371,717740
1050,717772
1270,717804
1051,717836
426,717868
585,717900
319,717932
0,717964
440,717996
630,718028
925,718060
1082,718092
937,718124
1625,718156
1391,718188
1627,718220
2296,718252
1679,718284
1484,718316
1608,718348
1021,718380
1134,718412
540,718444
392,718476
89,718508
0,718540
346,718572
119,718604
346,718636
969,718668
794,718700
1076,718732
1256,718764
1527,718796
2184,718828
2268,718860
2124,718892
1321,718924
1530,718956
1369,718988
1144,719020
903,719052
684,719084
412,719116
216,719148
288,719180
493,719212
748,719244
953,719276
827,719308
1405,719340
1276,719372
1562,719404
1741,719436
1862,719468
1624,719500
1388,719532
1161,719564
973,719596
711,719628
523,719660
204,719692
62,719724
163,719756
30,719788
635,719820
832,719852
711,719884
1291,719916
1530,719948
1433,719980
1993,720012
2189,720044
2215,720076
1888,720108
1278,720140
1469,720172
825,720204
634,720236
736,720268
174,720300
3,720332
168,720364
104,720396
621,720428
480,720460
781,720492
928,720524
1194,720556
1915,720588
1658,720620
1943,720652
1709,720684
1526,720716
1303,720748
1391,720780
840,720812
1017,720844
670,720876
557,720908
283,720940
317,720972
505,721004
702,721036
957,721068
1152,721100
1355,721132
1616,721164
1819,721196
2048,721228
2232,721260
1992,721292
1390,721324
1528,721356
937,721388
764,721420
480,721452
314,721484
123,721516
0,721548
16,721580
493,721612
459,721644
686,721676
824,721708
1496,721740
1743,721772
1564,721804
2207,721836
2235,721868
1659,721900
1755,721932
1482,721964
1334,721996
1018,722028
429,722060
638,722092
0,722124
0,722156
380,722188
204,722220
458,722252
1022,722284
904,722316
1484,722348
1342,722380
1651,722412
1801,722444
1744,722476
2029,722508
1306,722540
1082,722572
1257,722604
628,722636
446,722668
570,722700
0,722732
267,722764
414,722796
731,722828
911,722860
1179,722892
1369,722924
1608,722956
1831,722988
2076,723020
2267,723052
2126,723084
1852,723116
1583,723148
1384,723180
1118,723212
541,723244
664,723276
91,723308
0,723340
0,723372
142,723404
375,723436
597,723468
823,723500
1354,723532
1273,723564
1548,723596
2144,723628
1959,723660
2092,723692
1448,723724
1612,723756
1355,723788
763,723820
891,723852
667,723884
125,723916
192,723948
284,723980
585,724012
735,724044
602,724076
1241,724108
1051,724140
1308,724172
1886,724204
1772,724236
2186,724268
1950,724300
1406,724332
1482,724364
879,724396
727,724428
427,724460
235,724492
463,724524
0,724556
55,724588
631,724620
504,724652
731,724684
1276,724716
1180,724748
1833,724780
1945,724812
2299,724844
2191,724876
1997,724908
1725,724940
1440,724972
1245,725004
984,725036
719,725068
524,725100
256,725132
152,725164
124,725196
615,725228
488,725260
1066,725292
939,725324
1222,725356
1390,725388
1680,725420
1960,725452
1738,725484
1546,725516
1318,725548
1082,725580
859,725612
540,725644
748,725676
528,725708
0,725740
297,725772
493,725804
683,725836
952,725868
1136,725900
1449,725932
1598,725964
1454,725996
2155,726028
1855,726060
1626,726092
1820,726124
1163,726156
1340,726188
1083,726220
510,726252
620,726284
39,726316
0,726348
0,726380
143,726412
873,726444
1031,726476
856,726508
1485,726540
1306,726572
1592,726604
2200,726636
1878,726668
2062,726700
1741,726732
1594,726764
1309,726796
1127,726828
855,726860
622,726892
383,726924
148,726956
361,726988
621,727020
814,727052
1007,727084
937,727116
1466,727148
1337,727180
1934,727212
1802,727244
1800,727276
1502,727308
1334,727340
1100,727372
874,727404
649,727436
460,727468
200,727500
16,727532
0,727564
122,727596
701,727628
538,727660
1150,727692
1355,727724
1579,727756
1819,727788
2048,727820
1961,727852
2109,727884
1836,727916
1677,727948
1360,727980
765,728012
953,728044
315,728076
123,728108
224,728140
0,728172
166,728204
684,728236
617,728268
1134,728300
1000,728332
1293,728364
1949,728396
1720,728428
2381,728460
1648,728492
1466,728524
1607,728556
1012,728588
783,728620
864,728652
330,728684
495,728716
0,728748
383,728780
571,728812
843,728844
1023,728876
1214,728908
1481,728940
1678,728972
1882,729004
1804,729036
2170,729068
1935,729100
1695,729132
1464,729164
878,729196
1002,729228
428,729260
261,729292
0,729324
0,729356
72,729388
262,729420
520,729452
1004,729484
973,729516
1207,729548
1340,729580
2027,729612
2281,729644
2159,729676
1975,729708
1705,729740
1143,729772
1230,729804
971,729836
813,729868
507,729900
0,729932
235,729964
33,729996
266,730028
894,730060
714,730092
968,730124
1536,730156
1420,730188
2010,730220
1866,730252
1766,730284
1947,730316
1224,730348
1497,730380
784,730412
571,730444
733,730476
119,730508
0,730540
284,730572
168,730604
792,730636
615,730668
1245,730700
1433,730732
1708,730764
1899,730796
2138,730828
2301,730860
2074,730892
1791,730924
1161,730956
1324,730988
1066,731020
862,731052
606,731084
40,731116
140,731148
0,731180
201,731212
368,731244
650,731276
877,731308
1110,731340
1337,731372
1881,731404
1800,731436
1897,731468
2029,731500
1432,731532
1563,731564
1289,731596
1095,731628
840,731660
252,731692
376,731724
135,731756
63,731788
606,731820
796,731852
1103,731884
1256,731916
1114,731948
1760,731980
1568,732012
1834,732044
2128,732076
1533,732108
1658,732140
1421,732172
894,732204
669,732236
368,732268
219,732300
0,732332
0,732364
525,732396
296,732428
568,732460
1145,732492
1014,732524
1243,732556
1470,732588
1706,732620
2363,732652
2048,732684
1945,732716
1661,732748
1467,732780
1193,732812
926,732844
318,732876
472,732908
205,732940
236,732972
442,733004
668,733036
894,733068
1127,733100
990,733132
1582,733164
1450,733196
1742,733228
1852,733260
1678,733292
1482,733324
1212,733356
1021,733388
807,733420
572,733452
347,733484
457,733516
231,733548
360,733580
202,733612
813,733644
1015,733676
920,733708
1468,733740
1662,733772
1978,733804
2136,733836
1804,733868
2039,733900
1336,733932
1104,733964
1292,733996
652,734028
828,734060
572,734092
5,734124
0,734156
0,734188
279,734220
428,734252
656,734284
1387,734316
1136,734348
1368,734380
2015,734412
1832,734444
1820,734476
1530,734508
1351,734540
1531,734572
1214,734604
1068,734636
797,734668
605,734700
333,734732
218,734764
41,734796
688,734828
874,734860
1134,734892
1335,734924
1529,734956
1791,734988
1997,735020
1865,735052
2048,735084
1450,735116
1272,735148
986,735180
822,735212
599,735244
364,735276
139,735308
0,735340
0,735372
184,735404
751,735436
634,735468
1224,735500
1052,735532
1675,735564
1885,735596
1739,735628
2285,735660
2048,735692
1485,735724
1580,735756
1307,735788
1161,735820
847,735852
263,735884
430,735916
0,735948
0,735980
510,736012
400,736044
679,736076
1197,736108
1130,736140
1661,736172
1516,736204
1820,736236
1791,736268
1596,736300
1850,736332
1130,736364
954,736396
679,736428
501,736460
279,736492
352,736524
0,736556
447,736588
280,736620
908,736652
1085,736684
1243,736716
1547,736748
1740,736780
2010,736812
2208,736844
2111,736876
1901,736908
1641,736940
1406,736972
1167,737004
942,737036
366,737068
488,737100
0,737132
0,737164
40,737196
326,737228
583,737260
765,737292
1033,737324
1261,737356
1486,737388
1725,737420
1855,737452
2140,737484
1918,737516
1274,737548
1439,737580
1179,737612
632,737644
719,737676
448,737708
293,737740
222,737772
96,737804
761,737836
542,737868
768,737900
1416,737932
1225,737964
1482,737996
2075,738028
1883,738060
2008,738092
1392,738124
1238,738156
936,738188
714,738220
974,738252
282,738284
60,738316
217,738348
0,738380
220,738412
800,738444
669,738476
1307,738508
1131,738540
1771,738572
1963,738604
2120,738636
2247,738668
2012,738700
1769,738732
1546,738764
1262,738796
1070,738828
811,738860
553,738892
348,738924
75,738956
0,738988
554,739020
432,739052
714,739084
879,739116
1164,739148
1389,739180
1626,739212
1863,739244
1835,739276
1560,739308
1369,739340
1497,739372
909,739404
1049,739436
424,739468
573,739500
315,739532
0,739564
441,739596
670,739628
583,739660
1119,739692
1312,739724
1627,739756
1775,739788
1631,739820
2299,739852
1680,739884
1480,739916
1596,739948
1017,739980
1132,740012
908,740044
389,740076
446,740108
0,740140
0,740172
91,740204
356,740236
1049,740268
796,740300
1079,740332
1671,740364
1528,740396
1769,740428
1933,740460
1693,740492
1887,740524
1519,740556
1417,740588
1135,740620
951,740652
679,740684
408,740716
201,740748
298,740780
495,740812
762,740844
953,740876
1182,740908
1407,740940
1644,740972
1511,741004
2112,741036
1790,741068
1626,741100
1326,741132
1161,741164
969,741196
711,741228
510,741260
293,741292
60,741324
0,741356
0,741388
638,741420
877,741452
712,741484
1327,741516
1533,741548
1434,741580
1995,741612
2190,741644
1736,741676
1887,741708
1278,741740
1501,741772
815,741804
590,741836
780,741868
140,741900
312,741932
169,741964
69,741996
632,742028
490,742060
792,742092
938,742124
1176,742156
1915,742188
1658,742220
1894,742252
2135,742284
1468,742316
1294,742348
1018,742380
840,742412
1015,742444
698,742476
556,742508
281,742540
327,742572
509,742604
744,742636
969,742668
1198,742700
1390,742732
1660,742764
1855,742796
2060,742828
2253,742860
1992,742892
1387,742924
1517,742956
876,742988
760,743020
486,743052
312,743084
87,743116
0,743148
0,743180
247,743212
426,743244
697,743276
1273,743308
1147,743340
1751,743372
1564,743404
2215,743436
2233,743468
1613,743500
1755,743532
1520,743564
1245,743596
1056,743628
794,743660
637,743692
335,743724
0,743756
383,743788
205,743820
463,743852
1033,743884
912,743916
1190,743948
1725,743980
1652,744012
2187,744044
1744,744076
1581,744108
1274,744140
1072,744172
1323,744204
620,744236
444,744268
170,744300
0,744332
0,744364
416,744396
331,744428
969,744460
791,744492
1421,744524
1609,744556
1887,744588
2077,744620
2270,744652
2121,744684
1850,744716
1581,744748
1384,744780
1117,744812
889,744844
655,744876
430,744908
0,744940
207,744972
102,745004
366,745036
549,745068
824,745100
1095,745132
1284,745164
1547,745196
1787,745228
1948,745260
1720,745292
1386,745324
1612,745356
1389,745388
760,745420
923,745452
664,745484
384,745516
188,745548
287,745580
587,745612
745,745644
606,745676
1278,745708
1053,745740
1288,745772
1946,745804
1753,745836
1832,745868
1950,745900
1356,745932
1482,745964
878,745996
726,746028
424,746060
204,746092
458,746124
153,746156
21,746188
633,746220
458,746252
733,746284
1322,746316
1190,746348
1835,746380
1644,746412
2309,746444
2187,746476
1995,746508
1721,746540
1484,746572
1243,746604
1020,746636
759,746668
556,746700
287,746732
154,746764
411,746796
608,746828
490,746860
1065,746892
940,746924
1225,746956
1390,746988
1689,747020
1917,747052
1736,747084
1497,747116
1309,747148
1036,747180
856,747212
973,747244
407,747276
523,747308
0,747340
295,747372
505,747404
718,747436
957,747468
1183,747500
1086,747532
1644,747564
1840,747596
2165,747628
2240,747660
1624,747692
1820,747724
1164,747756
957,747788
1081,747820
505,747852
608,747884
393,747916
0,747948
284,747980
155,748012
455,748044
1085,748076
859,748108
1565,748140
1310,748172
1594,748204
2199,748236
1877,748268
1643,748300
1404,748332
1176,748364
1355,748396
1004,748428
893,748460
619,748492
431,748524
153,748556
364,748588
621,748620
816,748652
1008,748684
1272,748716
1470,748748
1708,748780
1935,748812
2173,748844
1736,748876
1868,748908
1273,748940
1098,748972
815,749004
650,749036
460,749068
198,749100
16,749132
0,749164
125,749196
361,749228
490,749260
1159,749292
1401,749324
1581,749356
1855,749388
2063,749420
1963,749452
2109,749484
1833,749516
1676,749548
1358,749580
763,749612
975,749644
315,749676
89,749708
255,749740
0,749772
491,749804
686,749836
582,749868
1144,749900
1002,749932
1302,749964
1951,749996
1701,750028
2377,750060
1645,750092
1418,750124
1597,750156
957,750188
786,750220
506,750252
331,750284
492,750316
174,750348
391,750380
575,750412
844,750444
1033,750476
1258,750508
1482,750540
1726,750572
1918,750604
2190,750636
2200,750668
1933,750700
1725,750732
1463,750764
874,750796
1000,750828
427,750860
250,750892
0,750924
0,750956
31,750988
266,751020
488,751052
759,751084
936,751116
1208,751148
1339,751180
1673,751212
2281,751244
2157,751276
1963,751308
1695,751340
1097,751372
1227,751404
1003,751436
459,751468
540,751500
272,751532
239,751564
397,751596
268,751628
905,751660
713,751692
972,751724
1548,751756
1424,751788
1716,751820
2255,751852
1754,751884
1517,751916
1216,751948
1064,751980
760,752012
570,752044
809,752076
107,752108
0,752140
0,752172
168,752204
395,752236
938,752268
855,752300
1483,752332
1303,752364
1950,752396
2141,752428
2349,752460
2063,752492
1790,752524
1589,752556
1320,752588
1064,752620
860,752652
604,752684
377,752716
141,752748
271,752780
154,752812
720,752844
604,752876
888,752908
1062,752940
1338,752972
1609,753004
1802,753036
1895,753068
1929,753100
1431,753132
1197,753164
1321,753196
1085,753228
863,753260
248,753292
400,753324
137,753356
73,753388
607,753420
808,753452
1113,753484
1259,753516
1117,753548
1815,753580
1568,753612
1808,753644
2169,753676
1508,753708
1296,753740
1422,753772
840,753804
668,753836
367,753868
216,753900
0,753932
0,753964
526,753996
292,754028
511,754060
1147,754092
968,754124
1246,754156
1849,754188
1707,754220
2363,754252
1753,754284
1943,754316
1659,754348
1465,754380
1193,754412
968,754444
314,754476
508,754508
233,754540
280,754572
474,754604
672,754636
927,754668
1129,754700
1000,754732
1593,754764
1454,754796
1753,754828
1850,754860
1675,754892
1447,754924
1210,754956
984,754988
989,755020
535,755052
345,755084
455,755116
0,755148
363,755180
206,755212
813,755244
1019,755276
877,755308
1469,755340
1709,755372
1613,755404
2173,755436
2185,755468
2027,755500
1708,755532
1102,755564
1291,755596
649,755628
448,755660
570,755692
5,755724
0,755756
346,755788
282,755820
800,755852
665,755884
955,755916
1115,755948
1372,755980
2103,756012
1834,756044
1818,756076
1959,756108
1341,756140
1118,756172
892,756204
664,756236
843,756268
495,756300
381,756332
223,756364
392,756396
694,756428
878,756460
1143,756492
1336,756524
1531,756556
1799,756588
2000,756620
2237,756652
2043,756684
1807,756716
1211,756748
1338,756780
762,756812
586,756844
314,756876
136,756908
0,756940
0,756972
186,757004
413,757036
637,757068
862,757100
1002,757132
1678,757164
1931,757196
1750,757228
2317,757260
2047,757292
1482,757324
1577,757356
1306,757388
1151,757420
844,757452
252,757484
460,757516
0,757548
0,757580
558,757612
378,757644
637,757676
1206,757708
1083,757740
1662,757772
1519,757804
1822,757836
1791,757868
1566,757900
1848,757932
1129,757964
904,757996
1081,758028
455,758060
268,758092
6,758124
0,758156
447,758188
599,758220
907,758252
1087,758284
1246,758316
1549,758348
1789,758380
2013,758412
2256,758444
2142,758476
1944,758508
1671,758540
1402,758572
1198,758604
943,758636
363,758668
480,758700
0,758732
0,758764
43,758796
316,758828
541,758860
774,758892
999,758924
1259,758956
1451,758988
1735,759020
1868,759052
1770,759084
1915,759116
1272,759148
1435,759180
1177,759212
587,759244
713,759276
490,759308
0,759340
267,759372
460,759404
765,759436
920,759468
778,759500
1419,759532
1229,759564
1488,759596
2080,759628
1882,759660
1702,759692
1770,759724
1235,759756
1296,759788
704,759820
553,759852
250,759884
60,759916
281,759948
0,759980
230,760012
412,760044
680,760076
907,760108
1455,760140
1357,760172
2015,760204
2122,760236
2295,760268
2009,760300
1819,760332
1533,760364
1264,760396
1065,760428
808,760460
542,760492
346,760524
87,760556
332,760588
555,760620
784,760652
656,760684
1240,760716
1114,760748
1400,760780
1576,760812
1865,760844
1832,760876
1560,760908
1367,760940
1403,760972
906,761004
683,761036
799,761068
571,761100
348,761132
0,761164
463,761196
672,761228
585,761260
1129,761292
1321,761324
1629,761356
1784,761388
1640,761420
2335,761452
1675,761484
1448,761516
1641,761548
988,761580
783,761612
906,761644
334,761676
444,761708
0,761740
0,761772
93,761804
330,761836
1049,761868
806,761900
1032,761932
1675,761964
1481,761996
1770,762028
2303,762060
1690,762092
1883,762124
1560,762156
1405,762188
1133,762220
951,762252
677,762284
446,762316
201,762348
350,762380
537,762412
798,762444
989,762476
1184,762508
1451,762540
1647,762572
1516,762604
2120,762636
1788,762668
1614,762700
1323,762732
1157,762764
924,762796
698,762828
474,762860
542,762892
24,762924
0,762956
413,762988
298,763020
877,763052
714,763084
1335,763116
1535,763148
1401,763180
1999,763212
2249,763244
1833,763276
1930,763308
1656,763340
1499,763372
1182,763404
590,763436
777,763468
139,763500
0,763532
172,763564
72,763596
634,763628
862,763660
792,763692
1312,763724
1178,763756
1479,763788
1631,763820
1898,763852
2201,763884
1469,763916
1291,763948
1421,763980
837,764012
605,764044
698,764076
156,764108
315,764140
220,764172
569,764204
747,764236
1021,764268
1209,764300
1390,764332
1661,764364
1866,764396
2062,764428
2254,764460
1982,764492
1753,764524
1255,764556
1278,764588
702,764620
827,764652
253,764684
76,764716
0,764748
0,764780
249,764812
438,764844
698,764876
923,764908
1148,764940
1383,764972
1516,765004
2215,765036
2267,765068
1614,765100
1787,765132
1519,765164
1241,765196
1055,765228
792,765260
633,765292
330,765324
0,765356
416,765388
208,765420
440,765452
1080,765484
890,765516
1520,765548
1726,765580
1598,765612
2190,765644
1739,765676
1576,765708
1264,765740
1048,765772
1320,765804
1019,765836
394,765868
558,765900
0,765932
0,765964
462,765996
342,766028
969,766060
1112,766092
1422,766124
1613,766156
1895,766188
2077,766220
2316,766252
2119,766284
1886,766316
1611,766348
1408,766380
1147,766412
889,766444
364,766476
427,766508
0,766540
215,766572
105,766604
378,766636
552,766668
836,766700
1054,766732
1284,766764
1512,766796
1788,766828
1901,766860
1719,766892
1386,766924
1246,766956
1385,766988
758,767020
445,767052
656,767084
416,767116
187,767148
330,767180
249,767212
784,767244
976,767276
1279,767308
1435,767340
1294,767372
1949,767404
1753,767436
1830,767468
1948,767500
1354,767532
1178,767564
1244,767596
724,767628
782,767660
200,767692
40,767724
205,767756
19,767788
701,767820
463,767852
734,767884
1323,767916
1192,767948
1419,767980
1982,768012
1883,768044
2235,768076
1578,768108
1757,768140
1471,768172
1289,768204
1017,768236
748,768268
557,768300
286,768332
155,768364
104,768396
618,768428
846,768460
1072,768492
1304,768524
1168,768556
1768,768588
1631,768620
1928,768652
1674,768684
1496,768716
1307,768748
1036,768780
855,768812
880,768844
395,768876
171,768908
0,768940
296,768972
538,769004
720,769036
987,769068
1194,769100
1095,769132
1647,769164
1850,769196
2167,769228
2236,769260
1616,769292
1849,769324
1152,769356
933,769388
1117,769420
473,769452
282,769484
384,769516
0,769548
284,769580
157,769612
456,769644
1083,769676
840,769708
1565,769740
1320,769772
1546,769804
2204,769836
1818,769868
1640,769900
1774,769932
1175,769964
1351,769996
725,770028
892,770060
619,770092
437,770124
163,770156
408,770188
621,770220
862,770252
1051,770284
890,770316
1503,770348
1710,770380
1977,770412
2174,770444
1728,770476
1867,770508
1264,770540
1096,770572
811,770604
648,770636
414,770668
196,770700
0,770732
158,770764
92,770796
361,770828
935,770860
810,770892
1403,770924
1584,770956
1864,770988
2064,771020
1927,771052
2103,771084
1871,771116
1309,771148
1400,771180
1131,771212
973,771244
669,771276
80,771308
262,771340
0,771372
126,771404
688,771436
576,771468
1146,771500
1376,771532
1306,771564
1533,771596
1696,771628
1928,771660
1613,771692
1418,771724
1673,771756
954,771788
778,771820
905,771852
325,771884
101,771916
0,771948
8,771980
623,772012
734,772044
1085,772076
1263,772108
1545,772140
1737,772172
1928,772204
1753,772236
2200,772268
1930,772300
1722,772332
1452,772364
1226,772396
991,772428
767,772460
190,772492
304,772524
0,772556
42,772588
208,772620
489,772652
760,772684
938,772716
1209,772748
1447,772780
1674,772812
1911,772844
2191,772876
1963,772908
1737,772940
1094,772972
1259,773004
1001,773036
455,773068
540,773100
278,773132
239,773164
400,773196
267,773228
938,773260
717,773292
951,773324
1598,773356
1402,773388
2059,773420
2266,773452
1704,773484
1517,773516
1212,773548
1062,773580
760,773612
528,773644
807,773676
108,773708
0,773740
297,773772
126,773804
404,773836
584,773868
855,773900
1483,773932
1630,773964
1959,773996
2151,774028
2347,774060
2062,774092
1824,774124
1152,774156
1358,774188
1088,774220
894,774252
632,774284
366,774316
159,774348
269,774380
158,774412
730,774444
605,774476
890,774508
1064,774540
1340,774572
1576,774604
1814,774636
1848,774668
1655,774700
1373,774732
1193,774764
1309,774796
734,774828
861,774860
248,774892
395,774924
141,774956
40,774988
617,775020
846,775052
761,775084
1305,775116
1497,775148
1806,775180
1964,775212
1816,775244
2168,775276
1500,775308
1295,775340
1419,775372
843,775404
666,775436
729,775468
214,775500
268,775532
0,775564
119,775596
268,775628
524,775660
1225,775692
972,775724
1246,775756
1432,775788
1716,775820
1949,775852
2080,775884
1513,775916
1707,775948
1063,775980
1237,776012
967,776044
656,776076
502,776108
232,776140
281,776172
478,776204
681,776236
928,776268
1132,776300
1360,776332
1592,776364
1830,776396
1692,776428
2219,776460
1614,776492
1434,776524
1150,776556
983,776588
794,776620
534,776652
343,776684
109,776716
0,776748
22,776780
155,776812
822,776844
1055,776876
888,776908
1515,776940
1712,776972
1622,777004
2176,777036
2176,777068
2025,777100
1707,777132
1100,777164
1321,777196
640,777228
421,777260
601,777292
0,777324
0,777356
358,777388
238,777420
808,777452
668,777484
966,777516
1117,777548
1354,777580
2103,777612
1838,777644
1764,777676
1949,777708
1300,777740
1116,777772
1246,777804
663,777836
840,777868
213,777900
367,777932
233,777964
396,777996
695,778028
924,778060
1145,778092
1386,778124
1568,778156
1838,778188
2041,778220
2240,778252
2076,778284
1806,778316
1211,778348
1340,778380
752,778412
585,778444
303,778476
136,778508
0,778540
0,778572
153,778604
413,778636
602,778668
873,778700
1451,778732
1323,778764
1931,778796
1752,778828
2314,778860
2045,778892
1434,778924
1567,778956
1342,778988
797,779020
878,779052
168,779084
457,779116
153,779148
0,779180
568,779212
380,779244
639,779276
1210,779308
1087,779340
1664,779372
1904,779404
1832,779436
2172,779468
1562,779500
1400,779532
1096,779564
896,779596
1145,779628
444,779660
268,779692
391,779724
0,779756
62,779788
284,779820
519,779852
1145,779884
1248,779916
1609,779948
1791,779980
2073,780012
2265,780044
2140,780076
1935,780108
1662,780140
1402,780172
1198,780204
939,780236
714,780268
488,780300
253,780332
0,780364
384,780396
270,780428
554,780460
719,780492
1001,780524
1273,780556
1464,780588
1736,780620
1965,780652
1771,780684
1531,780716
1210,780748
1438,780780
1209,780812
584,780844
747,780876
480,780908
0,780940
271,780972
462,781004
319,781036
922,781068
781,781100
1464,781132
1231,781164
1467,781196
2126,781228
1840,781260
2032,781292
1770,781324
1188,781356
1295,781388
702,781420
544,781452
237,781484
27,781516
279,781548
0,781580
186,781612
811,781644
634,781676
916,781708
1095,781740
1367,781772
2012,781804
2158,781836
2285,781868
2007,781900
1805,781932
1531,781964
1304,781996
1067,782028
844,782060
573,782092
376,782124
119,782156
334,782188
590,782220
792,782252
665,782284
1245,782316
1117,782348
1402,782380
1578,782412
1867,782444
1785,782476
1548,782508
1322,782540
1130,782572
871,782604
680,782636
797,782668
231,782700
344,782732
0,782764
473,782796
683,782828
551,782860
1131,782892
1370,782924
1548,782956
1824,782988
2026,783020
2345,783052
2060,783084
1438,783116
1631,783148
983,783180
782,783212
904,783244
331,783276
155,783308
216,783340
0,783372
457,783404
330,783436
631,783468
778,783500
1036,783532
1753,783564
1487,783596
1772,783628
1880,783660
1690,783692
1463,783724
1550,783756
999,783788
1177,783820
552,783852
717,783884
445,783916
249,783948
347,783980
538,784012
805,784044
992,784076
1194,784108
1452,784140
1656,784172
1887,784204
2123,784236
2157,784268
1550,784300
1688,784332
1096,784364
924,784396
638,784428
473,784460
280,784492
23,784524
0,784556
89,784588
311,784620
537,784652
668,784684
1336,784716
1579,784748
1402,784780
2043,784812
2249,784844
2110,784876
1919,784908
1646,784940
1497,784972
1180,785004
587,785036
799,785068
136,785100
0,785132
216,785164
46,785196
299,785228
864,785260
750,785292
1322,785324
1181,785356
1481,785388
1640,785420
1872,785452
2199,785484
1885,785516
1242,785548
1419,785580
790,785612
604,785644
732,785676
151,785708
315,785740
0,785772
570,785804
751,785836
1020,785868
1209,785900
1440,785932
1671,785964
1912,785996
2106,786028
2296,786060
2013,786092
1752,786124
1545,786156
1278,786188
700,786220
824,786252
251,786284
76,786316
0,786348
0,786380
215,786412
438,786444
663,786476
925,786508
1114,786540
1386,786572
1981,786604
1851,786636
2262,786668
1610,786700
1783,786732
1517,786764
1275,786796
1051,786828
826,786860
283,786892
362,786924
107,786956
427,786988
584,787020
441,787052
1082,787084
890,787116
1148,787148
1728,787180
1608,787212
2192,787244
2120,787276
1576,787308
1644,787340
1039,787372
887,787404
1065,787436
394,787468
631,787500
0,787532
0,787564
461,787596
344,787628
571,787660
798,787692
1019,787724
1661,787756
1774,787788
2141,787820
2327,787852
2165,787884
1881,787916
1610,787948
1405,787980
1146,788012
880,788044
684,788076
427,788108
191,788140
218,788172
447,788204
330,788236
906,788268
780,788300
1064,788332
1230,788364
1515,788396
1799,788428
1900,788460
1708,788492
1471,788524
1244,788556
1019,788588
700,788620
909,788652
688,788684
415,788716
217,788748
334,788780
250,788812
793,788844
985,788876
1287,788908
1437,788940
1290,788972
1993,789004
1756,789036
1787,789068
1984,789100
1324,789132
1501,789164
1242,789196
666,789228
783,789260
189,789292
39,789324
211,789356
1,789388
711,789420
464,789452
698,789484
1325,789516
1146,789548
1430,789580
1608,789612
1894,789644
2231,789676
1902,789708
1756,789740
1479,789772
1278,789804
1015,789836
784,789868
551,789900
320,789932
200,789964
460,789996
653,790028
856,790060
1103,790092
1306,790124
1178,790156
1770,790188
1640,790220
1930,790252
1672,790284
1488,790316
1268,790348
1036,790380
810,790412
619,790444
359,790476
170,790508
0,790540
0,790572
541,790604
729,790636
988,790668
1195,790700
1063,790732
1655,790764
1896,790796
1799,790828
2270,790860
1998,790892
1847,790924
1529,790956
923,790988
1114,791020
471,791052
272,791084
8,791116
0,791148
16,791180
512,791212
466,791244
684,791276
844,791308
1131,791340
1292,791372
1550,791404
2285,791436
1808,791468
1638,791500
1351,791532
1172,791564
941,791596
1034,791628
487,791660
665,791692
39,791724
205,791756
411,791788
685,791820
871,791852
1056,791884
1321,791916
1516,791948
1711,791980
1980,792012
2185,792044
2094,792076
1865,792108
1630,792140
1036,792172
1164,792204
587,792236
412,792268
136,792300
0,792332
0,792364
104,792396
361,792428
848,792460
823,792492
1047,792524
1630,792556
1867,792588
2121,792620
1928,792652
2137,792684
1867,792716
1304,792748
1391,792780
1132,792812
973,792844
668,792876
79,792908
283,792940
0,792972
109,793004
735,793036
555,793068
812,793100
1384,793132
1260,793164
1546,793196
1704,793228
1926,793260
1610,793292
1386,793324
1660,793356
953,793388
728,793420
903,793452
277,793484
92,793516
204,793548
16,793580
631,793612
456,793644
1084,793676
1273,793708
1543,793740
1737,793772
1976,793804
1758,793836
2236,793868
1961,793900
1756,793932
1484,793964
1228,793996
1020,794028
764,794060
190,794092
303,794124
0,794156
46,794188
220,794220
494,794252
717,794284
942,794316
1176,794348
1710,794380
1639,794412
1912,794444
2189,794476
1592,794508
1725,794540
1094,794572
1255,794604
991,794636
411,794668
537,794700
311,794732
0,794764
444,794796
639,794828
941,794860
1097,794892
954,794924
1599,794956
1407,794988
1673,795020
2266,795052
1693,795084
1512,795116
1584,795148
1052,795180
1120,795212
527,795244
375,795276
75,795308
0,795340
363,795372
127,795404
408,795436
985,795468
856,795500
1084,795532
1308,795564
1543,795596
2203,795628
2220,795660
2109,795692
1823,795724
1513,795756
1355,795788
1084,795820
891,795852
624,795884
367,795916
156,795948
272,795980
508,796012
733,796044
960,796076
832,796108
1421,796140
1291,796172
1579,796204
1754,796236
1848,796268
1655,796300
1371,796332
1191,796364
957,796396
732,796428
507,796460
188,796492
392,796524
183,796556
42,796588
651,796620
855,796652
763,796684
1306,796716
1499,796748
1817,796780
1966,796812
1819,796844
2200,796876
1497,796908
1262,796940
1454,796972
811,797004
617,797036
728,797068
164,797100
266,797132
0,797164
120,797196
268,797228
494,797260
1226,797292
976,797324
1208,797356
1855,797388
1670,797420
1958,797452
1704,797484
1512,797516
1693,797548
1375,797580
1227,797612
957,797644
653,797676
493,797708
268,797740
285,797772
524,797804
714,797836
972,797868
1166,797900
1368,797932
1629,797964
1834,797996
1704,798028
2208,798060
1612,798092
1434,798124
1147,798156
971,798188
748,798220
524,798252
298,798284
109,798316
0,798348
24,798380
160,798412
475,798444
1063,798476
890,798508
1511,798540
1721,798572
1579,798604
2183,798636
2220,798668
1655,798700
1741,798732
1469,798764
1310,798796
1005,798828
413,798860
592,798892
0,798924
0,798956
352,798988
249,799020
520,799052
1038,799084
970,799116
1499,799148
1354,799180
1659,799212
1817,799244
1766,799276
2023,799308
1290,799340
1114,799372
841,799404
660,799436
428,799468
512,799500
0,799532
283,799564
397,799596
745,799628
927,799660
1196,799692
1389,799724
1578,799756
1847,799788
2044,799820
2248,799852
2074,799884
1804,799916
1566,799948
1337,799980
1104,800012
524,800044
652,800076
77,800108
0,800140
0,800172
158,800204
424,800236
606,800268
874,800300
1368,800332
1324,800364
1563,800396
1694,800428
2309,800460
2079,800492
1432,800524
1599,800556
1338,800588
791,800620
876,800652
608,800684
455,800716
151,800748
0,800780
602,800812
382,800844
618,800876
1258,800908
1067,800940
1326,800972
1913,801004
1785,801036
2170,801068
1560,801100
1398,801132
1087,801164
872,801196
1143,801228
441,801260
219,801292
381,801324
0,801356
71,801388
640,801420
521,801452
1147,801484
1290,801516
1611,801548
1799,801580
2078,801612
2265,801644
2176,801676
1933,801708
1706,801740
1432,801772
1230,801804
968,801836
703,801868
509,801900
251,801932
0,801964
393,801996
272,802028
557,802060
720,802092
1004,802124
1230,802156
1466,802188
1703,802220
2240,802252
1722,802284
1530,802316
1661,802348
1068,802380
1199,802412
584,802444
733,802476
476,802508
0,802540
270,802572
507,802604
425,802636
958,802668
1160,802700
1465,802732
1613,802764
1466,802796
2136,802828
1840,802860
1642,802892
1760,802924
1177,802956
1294,802988
1070,803020
540,803052
606,803084
25,803116
93,803148
0,803180
190,803212
889,803244
638,803276
919,803308
1501,803340
1370,803372
1606,803404
2170,803436
1864,803468
2047,803500
1690,803532
1581,803564
1295,803596
1113,803628
841,803660
572,803692
375,803724
122,803756
335,803788
600,803820
795,803852
1020,803884
990,803916
1483,803948
1352,803980
1948,804012
1818,804044
1786,804076
1486,804108
1320,804140
1129,804172
861,804204
679,804236
455,804268
219,804300
4,804332
0,804364
476,804396
716,804428
553,804460
1167,804492
1373,804524
1552,804556
1835,804588
2030,804620
2347,804652
2048,804684
1438,804716
1661,804748
973,804780
750,804812
937,804844
299,804876
464,804908
216,804940
0,804972
472,805004
333,805036
632,805068
780,805100
1016,805132
1752,805164
1917,805196
1734,805228
2299,805260
1640,805292
1460,805324
1594,805356
998,805388
1173,805420
858,805452
713,805484
431,805516
247,805548
351,805580
586,805612
807,805644
1038,805676
1228,805708
1496,805740
1692,805772
1897,805804
1818,805836
2157,805868
1550,805900
1679,805932
1088,805964
920,805996
635,806028
470,806060
247,806092
19,806124
0,806156
87,806188
269,806220
536,806252
670,806284
986,806316
1581,806348
1404,806380
2043,806412
2251,806444
2152,806476
1919,806508
1690,806540
1129,806572
1212,806604
957,806636
797,806668
492,806700
0,806732
220,806764
55,806796
303,806828
876,806860
760,806892
1032,806924
1563,806956
1482,806988
2026,807020
1882,807052
1751,807084
1933,807116
1230,807148
1485,807180
778,807212
602,807244
729,807276
147,807308
0,807340
256,807372
173,807404
799,807436
631,807468
1261,807500
1449,807532
1725,807564
1913,807596
2109,807628
2285,807660
2012,807692
1742,807724
1208,807756
1275,807788
1051,807820
815,807852
591,807884
21,807916
123,807948
0,807980
217,808012
384,808044
668,808076
936,808108
1117,808140
1387,808172
1898,808204
1852,808236
1883,808268
1546,808300
1774,808332
1551,808364
1271,808396
1081,808428
825,808460
279,808492
362,808524
119,808556
427,808588
586,808620
444,808652
1117,808684
894,808716
1129,808748
1784,808780
1582,808812
1848,808844
2112,808876
1516,808908
1644,808940
1038,808972
888,809004
1053,809036
361,809068
619,809100
0,809132
0,809164
473,809196
309,809228
583,809260
1162,809292
1031,809324
1671,809356
1484,809388
2149,809420
2329,809452
2167,809484
1881,809516
1646,809548
1403,809580
1182,809612
910,809644
301,809676
456,809708
189,809740
252,809772
448,809804
332,809836
906,809868
783,809900
1066,809932
1239,809964
1520,809996
1757,810028
1896,810060
1659,810092
1742,810124
1197,810156
1015,810188
1135,810220
557,810252
683,810284
413,810316
205,810348
347,810380
217,810412
797,810444
1023,810476
937,810508
1482,810540
1680,810572
1995,810604
2143,810636
1788,810668
1981,810700
1321,810732
1125,810764
1240,810796
666,810828
781,810860
544,810892
29,810924
0,810956
6,810988
295,811020
440,811052
702,811084
1401,811116
1148,811148
1432,811180
2030,811212
1894,811244
1804,811276
1563,811308
1336,811340
1517,811372
1165,811404
1053,811436
783,811468
599,811500
317,811532
202,811564
58,811596
662,811628
858,811660
1113,811692
1308,811724
1536,811756
1773,811788
2011,811820
1880,811852
2032,811884
1434,811916
1258,811948
973,811980
798,812012
617,812044
348,812076
167,812108
0,812140
0,812172
198,812204
765,812236
1000,812268
1239,812300
1064,812332
1695,812364
1899,812396
1801,812428
2269,812460
1997,812492
1837,812524
1520,812556
922,812588
1144,812620
463,812652
239,812684
415,812716
0,812748
328,812780
535,812812
419,812844
694,812876
842,812908
1144,812940
1295,812972
1530,813004
2284,813036
1816,813068
1580,813100
1759,813132
1115,813164
940,813196
666,813228
486,813260
663,813292
343,813324
215,813356
411,813388
683,813420
873,813452
1100,813484
896,813516
1562,813548
1756,813580
2028,813612
2223,813644
2095,813676
1887,813708
1625,813740
1024,813772
1163,813804
584,813836
411,813868
135,813900
0,813932
0,813964
104,813996
330,814028
599,814060
778,814092
1047,814124
1631,814156
1511,814188
2109,814220
1934,814252
2125,814284
1865,814316
1256,814348
1389,814380
1165,814412
617,814444
697,814476
432,814508
281,814540
237,814572
110,814604
745,814636
559,814668
814,814700
1388,814732
1264,814764
1548,814796
2091,814828
1918,814860
1994,814892
1376,814924
1223,814956
920,814988
727,815020
973,815052
268,815084
92,815116
0,815148
109,815180
235,815212
780,815244
684,815276
1320,815308
1143,815340
1789,815372
1979,815404
2128,815436
2231,815468
1950,815500
1755,815532
1484,815564
1214,815596
1018,815628
763,815660
537,815692
300,815724
101,815756
1,815788
568,815820
446,815852
729,815884
894,815916
1178,815948
1447,815980
1640,816012
1917,816044
1821,816076
1592,816108
1355,816140
1034,816172
1246,816204
1035,816236
410,816268
567,816300
311,816332
0,816364
447,816396
640,816428
943,816460
1097,816492
954,816524
1644,816556
1408,816588
1646,816620
2316,816652
1672,816684
1464,816716
1591,816748
1002,816780
1116,816812
525,816844
377,816876
72,816908
0,816940
365,816972
138,817004
362,817036
989,817068
813,817100
1094,817132
1689,817164
1545,817196
2204,817228
1917,817260
2105,817292
1823,817324
1504,817356
1353,817388
1120,817420
889,817452
666,817484
395,817516
186,817548
316,817580
511,817612
775,817644
970,817676
842,817708
1424,817740
1295,817772
1581,817804
1759,817836
1836,817868
1608,817900
1372,817932
1145,817964
955,817996
685,818028
504,818060
619,818092
55,818124
187,818156
47,818188
653,818220
859,818252
728,818284
1309,818316
1548,818348
1451,818380
2012,818412
2206,818444
2199,818476
1871,818508
1262,818540
1453,818572
800,818604
612,818636
727,818668
165,818700
256,818732
184,818764
123,818796
638,818828
505,818860
799,818892
954,818924
1212,818956
1933,818988
1674,819020
1958,819052
2119,819084
1510,819116
1278,819148
1050,819180
825,819212
1001,819244
652,819276
541,819308
267,819340
345,819372
525,819404
718,819436
982,819468
1168,819500
1372,819532
1632,819564
1837,819596
2074,819628
2207,819660
1976,819692
1372,819724
1501,819756
921,819788
748,819820
462,819852
295,819884
104,819916
0,819948
27,819980
263,820012
476,820044
710,820076
843,820108
1517,820140
1759,820172
1580,820204
2233,820236
2217,820268
1644,820300
1739,820332
1466,820364
858,820396
1003,820428
410,820460
622,820492
0,820524
0,820556
397,820588
217,820620
844,820652
1049,820684
930,820716
1502,820748
1357,820780
1670,820812
1819,820844
1725,820876
2010,820908
1288,820940
1066,820972
1241,821004
602,821036
436,821068
154,821100
0,821132
283,821164
438,821196
748,821228
927,821260
1197,821292
1389,821324
1625,821356
1851,821388
2092,821420
2286,821452
2106,821484
1833,821516
1565,821548
1359,821580
1100,821612
512,821644
640,821676
75,821708
0,821740
0,821772
168,821804
392,821836
616,821868
841,821900
1111,821932
1291,821964
1565,821996
2169,822028
1933,822060
2075,822092
1432,822124
1596,822156
1337,822188
745,822220
871,822252
648,822284
368,822316
172,822348
301,822380
601,822412
751,822444
618,822476
1259,822508
1069,822540
1326,822572
1915,822604
1789,822636
1864,822668
1936,822700
1398,822732
1464,822764
860,822796
713,822828
408,822860
217,822892
441,822924
0,822956
72,822988
252,823020
521,823052
749,823084
1293,823116
1205,823148
1851,823180
1662,823212
2329,823244
2175,823276
1991,823308
1703,823340
1430,823372
1229,823404
968,823436
703,823468
496,823500
249,823532
171,823564
396,823596
634,823628
506,823660
1081,823692
955,823724
1240,823756
1404,823788
1704,823820
1978,823852
1720,823884
1528,823916
1301,823948
1067,823980
843,824012
524,824044
731,824076
508,824108
0,824140
313,824172
512,824204
697,824236
967,824268
1160,824300
1465,824332
1624,824364
1470,824396
2173,824428
1839,824460
1611,824492
1802,824524
1146,824556
944,824588
1066,824620
492,824652
603,824684
23,824716
0,824748
0,824780
169,824812
889,824844
1049,824876
874,824908
1511,824940
1322,824972
1610,825004
2218,825036
1853,825068
2044,825100
1386,825132
1575,825164
1291,825196
1111,825228
831,825260
606,825292
365,825324
170,825356
377,825388
638,825420
830,825452
1023,825484
1288,825516
1485,825548
1354,825580
1949,825612
1821,825644
1782,825676
1484,825708
1310,825740
1085,825772
856,825804
634,825836
445,825868
183,825900
0,825932
251,825964
139,825996
717,826028
556,826060
1176,826092
1373,826124
1596,826156
1837,826188
2077,826220
1977,826252
2090,826284
1808,826316
1659,826348
1341,826380
747,826412
937,826444
295,826476
107,826508
206,826540
0,826572
472,826604
701,826636
632,826668
1160,826700
1020,826732
1308,826764
1973,826796
1736,826828
2365,826860
1638,826892
1450,826924
1591,826956
988,826988
766,827020
540,827052
311,827084
479,827116
125,827148
409,827180
267,827212
861,827244
1049,827276
1230,827308
1498,827340
1694,827372
1900,827404
2168,827436
2154,827468
1915,827500
1677,827532
1448,827564
859,827596
986,827628
410,827660
238,827692
0,827724
0,827756
89,827788
278,827820
539,827852
775,827884
987,827916
1224,827948
1354,827980
2045,828012
2301,828044
2142,828076
1949,828108
1678,828140
1127,828172
1213,828204
952,828236
797,828268
490,828300
0,828332
253,828364
48,828396
269,828428
920,828460
730,828492
1366,828524
1564,828556
1436,828588
2031,828620
1884,828652
1738,828684
1929,828716
1208,828748
1481,828780
778,828812
554,828844
727,828876
94,828908
0,828940
0,828972
183,829004
811,829036
951,829068
1261,829100
1451,829132
1725,829164
1915,829196
2154,829228
2281,829260
2048,829292
1774,829324
1578,829356
1305,829388
1049,829420
844,829452
589,829484
22,829516
120,829548
0,829580
220,829612
395,829644
668,829676
904,829708
1120,829740
1354,829772
1625,829804
1818,829836
1879,829868
1547,829900
1405,829932
1547,829964
1263,829996
1080,830028
816,830060
235,830092
351,830124
155,830156
89,830188
620,830220
814,830252
1117,830284
1263,830316
1131,830348
1788,830380
1593,830412
1853,830444
2110,830476
1516,830508
1335,830540
1406,830572
876,830604
653,830636
352,830668
199,830700
0,830732
0,830764
551,830796
304,830828
583,830860
763,830892
1034,830924
1259,830956
1821,830988
1724,831020
2381,831052
1736,831084
1929,831116
1643,831148
1450,831180
1179,831212
908,831244
713,831276
446,831308
185,831340
268,831372
457,831404
688,831436
910,831468
1144,831500
1016,831532
1595,831564
1467,831596
1768,831628
1836,831660
1660,831692
1467,831724
1208,831756
1011,831788
1039,831820
557,831852
331,831884
443,831916
203,831948
377,831980
220,832012
831,832044
1035,832076
937,832108
1485,832140
1680,832172
1997,832204
2153,832236
1785,832268
2013,832300
1312,832332
1086,832364
1275,832396
636,832428
432,832460
554,832492
0,832524
0,832556
5,832588
297,832620
444,832652
680,832684
1403,832716
1160,832748
1385,832780
2041,832812
1850,832844
1800,832876
1936,832908
1334,832940
1512,832972
877,833004
1051,833036
779,833068
587,833100
313,833132
250,833164
58,833196
700,833228
890,833260
1150,833292
1352,833324
1549,833356
1816,833388
2015,833420
1882,833452
2028,833484
1432,833516
1256,833548
970,833580
806,833612
574,833644
346,833676
122,833708
186,833740
0,833772
202,833804
777,833836
652,833868
1239,833900
1068,833932
1693,833964
1901,833996
1757,834028
2267,834060
2039,834092
1469,834124
1560,834156
1290,834188
1134,834220
830,834252
237,834284
415,834316
0,834348
0,834380
536,834412
424,834444
696,834476
1216,834508
1146,834540
1678,834572
1534,834604
1847,834636
1774,834668
1578,834700
1835,834732
1114,834764
936,834796
1065,834828
478,834860
251,834892
27,834924
0,834956
463,834988
573,835020
921,835052
1103,835084
1260,835116
1565,835148
1756,835180
2029,835212
2222,835244
2090,835276
1886,835308
1615,835340
1388,835372
1151,835404
925,835436
348,835468
464,835500
0,835532
0,835564
59,835596
342,835628
601,835660
782,835692
1051,835724
1277,835756
1512,835788
1742,835820
1880,835852
2124,835884
1899,835916
1254,835948
1421,835980
1161,836012
615,836044
697,836076
431,836108
269,836140
240,836172
111,836204
778,836236
558,836268
793,836300
1435,836332
1242,836364
1500,836396
2094,836428
1866,836460
1992,836492
1374,836524
1214,836556
912,836588
696,836620
967,836652
267,836684
42,836716
201,836748
0,836780
244,836812
424,836844
693,836876
1321,836908
1467,836940
1789,836972
1981,837004
2139,837036
2223,837068
1996,837100
1751,837132
1518,837164
1246,837196
1056,837228
792,837260
537,837292
329,837324
105,837356
5,837388
572,837420
447,837452
730,837484
903,837516
1188,837548
1415,837580
1644,837612
1880,837644
1817,837676
1543,837708
1353,837740
1024,837772
891,837804
1021,837836
406,837868
555,837900
299,837932
0,837964
457,837996
696,838028
601,838060
1144,838092
1328,838124
1643,838156
1800,838188
1648,838220
2316,838252
1660,838284
1454,838316
1580,838348
1001,838380
822,838412
893,838444
372,838476
426,838508
0,838540
0,838572
110,838604
364,838636
1065,838668
815,838700
1096,838732
1274,838764
1548,838796
1783,838828
2250,838860
1676,838892
1865,838924
1502,838956
1399,838988
1117,839020
937,839052
655,839084
392,839116
185,839148
320,839180
512,839212
551,839244
971,839276
1200,839308
1434,839340
1661,839372
1530,839404
2128,839436
1775,839468
1604,839500
1311,839532
1142,839564
952,839596
684,839628
503,839660
528,839692
43,839724
0,839756
5,839788
652,839820
895,839852
731,839884
1351,839916
1547,839948
1452,839980
2014,840012
2216,840044
2189,840076
1870,840108
1259,840140
1482,840172
799,840204
574,840236
760,840268
122,840300
0,840332
188,840364
86,840396
648,840428
510,840460
815,840492
956,840524
1193,840556
1933,840588
1676,840620
1914,840652
2110,840684
1451,840716
1274,840748
1407,840780
822,840812
999,840844
682,840876
535,840908
255,840940
344,840972
527,841004
762,841036
985,841068
1226,841100
1405,841132
1680,841164
1880,841196
2078,841228
2236,841260
1967,841292
1368,841324
1497,841356
911,841388
745,841420
462,841452
296,841484
61,841516
0,841548
2,841580
510,841612
443,841644
714,841676
1289,841708
1163,841740
1769,841772
1590,841804
2231,841836
2207,841868
1595,841900
1735,841932
1502,841964
951,841996
1038,842028
777,842060
618,842092
312,842124
0,842156
408,842188
221,842220
476,842252
1050,842284
934,842316
1502,842348
1741,842380
1672,842412
2206,842444
1722,842476
1562,842508
1257,842540
1064,842572
1305,842604
603,842636
424,842668
553,842700
0,842732
0,842764
442,842796
349,842828
987,842860
1088,842892
1439,842924
1629,842956
1911,842988
2103,843020
2296,843052
2103,843084
1834,843116
1563,843148
1358,843180
1098,843212
874,843244
381,843276
411,843308
0,843340
233,843372
112,843404
392,843436
559,843468
842,843500
1111,843532
1294,843564
1566,843596
1805,843628
1931,843660
1694,843692
1370,843724
1596,843756
1372,843788
746,843820
895,843852
640,843884
376,843916
173,843948
311,843980
607,844012
762,844044
621,844076
1304,844108
1080,844140
1306,844172
1964,844204
1768,844236
2202,844268
1930,844300
1338,844332
1456,844364
859,844396
708,844428
398,844460
185,844492
442,844524
181,844556
36,844588
653,844620
475,844652
746,844684
1338,844716
1205,844748
1852,844780
1995,844812
2327,844844
2171,844876
1977,844908
1693,844940
1464,844972
1225,845004
992,845036
733,845068
540,845100
270,845132
172,845164
110,845196
632,845228
507,845260
1086,845292
958,845324
1242,845356
1408,845388
1706,845420
1944,845452
1710,845484
1481,845516
1293,845548
1017,845580
828,845612
512,845644
381,845676
503,845708
0,845740
316,845772
521,845804
736,845836
971,845868
1208,845900
1115,845932
1662,845964
1865,845996
2173,846028
2220,846060
1600,846092
1801,846124
1144,846156
943,846188
1056,846220
490,846252
312,846284
368,846316
0,846348
299,846380
172,846412
472,846444
1101,846476
878,846508
1582,846540
1325,846572
1610,846604
2217,846636
1852,846668
1625,846700
1720,846732
1160,846764
1337,846796
703,846828
879,846860
603,846892
413,846924
173,846956
380,846988
637,847020
840,847052
1024,847084
963,847116
1488,847148
1724,847180
1962,847212
2191,847244
1712,847276
1850,847308
1256,847340
1081,847372
798,847404
622,847436
442,847468
172,847500
0,847532
172,847564
151,847596
379,847628
506,847660
1179,847692
1419,847724
1599,847756
1881,847788
2079,847820
1981,847852
2089,847884
1816,847916
1659,847948
1342,847980
747,848012
966,848044
286,848076
62,848108
237,848140
0,848172
142,848204
712,848236
590,848268
1162,848300
1020,848332
1320,848364
1975,848396
1712,848428
2361,848460
1628,848492
1400,848524
1581,848556
947,848588
764,848620
894,848652
310,848684
475,848716
0,848748
409,848780
591,848812
871,848844
1051,848876
1278,848908
1499,848940
1752,848972
1934,849004
1770,849036
2176,849068
1912,849100
1708,849132
1438,849164
848,849196
975,849228
411,849260
234,849292
0,849324
0,849356
59,849388
280,849420
505,849452
1024,849484
954,849516
1226,849548
1819,849580
1689,849612
2297,849644
2139,849676
1947,849708
1679,849740
1082,849772
1211,849804
986,849836
441,849868
524,849900
264,849932
265,849964
423,849996
285,850028
921,850060
734,850092
986,850124
1566,850156
1448,850188
2040,850220
2272,850252
1736,850284
1501,850316
1197,850348
1047,850380
743,850412
553,850444
793,850476
90,850508
0,850540
301,850572
185,850604
412,850636
644,850668
871,850700
1499,850732
1612,850764
1975,850796
2157,850828
2329,850860
2043,850892
1774,850924
1136,850956
1304,850988
1040,851020
844,851052
586,851084
360,851116
119,851148
288,851180
172,851212
746,851244
779,851276
904,851308
1068,851340
1356,851372
1626,851404
1821,851436
1879,851468
1643,851500
1404,851532
1179,851564
1305,851596
1069,851628
848,851660
234,851692
383,851724
169,851756
93,851788
631,851820
824,851852
1129,851884
1274,851916
1136,851948
1823,851980
1596,852012
1832,852044
2144,852076
1486,852108
1673,852140
1402,852172
826,852204
651,852236
350,852268
200,852300
0,852332
0,852364
541,852396
313,852428
546,852460
1165,852492
986,852524
1268,852556
1448,852588
1726,852620
2391,852652
2064,852684
1917,852716
1641,852748
1446,852780
1175,852812
952,852844
296,852876
480,852908
215,852940
300,852972
491,853004
687,853036
944,853068
1147,853100
1020,853132
1609,853164
1472,853196
1766,853228
1834,853260
1658,853292
1419,853324
1194,853356
967,853388
779,853420
509,853452
327,853484
439,853516
0,853548
381,853580
222,853612
837,853644
1035,853676
904,853708
1487,853740
1726,853772
1629,853804
2200,853836
2175,853868
2011,853900
1691,853932
1084,853964
1272,853996
624,854028
430,854060
544,854092
0,854124
0,854156
364,854188
308,854220
816,854252
684,854284
974,854316
1132,854348
1388,854380
2121,854412
1851,854444
1800,854476
1512,854508
1324,854540
1101,854572
1194,854604
648,854636
823,854668
190,854700
361,854732
249,854764
411,854796
701,854828
892,854860
1159,854892
1354,854924
1549,854956
1820,854988
2015,855020
2254,855052
2027,855084
1791,855116
1194,855148
1322,855180
744,855212
571,855244
286,855276
120,855308
0,855340
0,855372
204,855404
437,855436
652,855468
891,855500
1014,855532
1704,855564
1948,855596
1768,855628
2299,855660
2029,855692
1464,855724
1560,855756
1289,855788
1133,855820
826,855852
237,855884
443,855916
0,855948
0,855980
582,856012
396,856044
652,856076
1224,856108
1100,856140
1680,856172
1535,856204
1848,856236
1771,856268
1549,856300
1831,856332
1104,856364
888,856396
1062,856428
436,856460
250,856492
376,856524
0,856556
469,856588
299,856620
925,856652
1113,856684
1260,856716
1575,856748
1806,856780
2031,856812
2272,856844
2122,856876
1919,856908
1648,856940
1384,856972
1183,857004
924,857036
348,857068
463,857100
0,857132
0,857164
63,857196
334,857228
568,857260
792,857292
1016,857324
1287,857356
1469,857388
1751,857420
2349,857452
1757,857484
1897,857516
1244,857548
1416,857580
1161,857612
568,857644
697,857676
464,857708
0,857740
282,857772
476,857804
781,857836
935,857868
796,857900
1438,857932
1245,857964
1511,857996
2104,858028
1864,858060
1983,858092
1754,858124
1210,858156
1280,858188
687,858220
535,858252
232,858284
40,858316
265,858348
0,858380
248,858412
827,858444
696,858476
923,858508
1148,858540
1372,858572
2031,858604
2142,858636
2279,858668
1991,858700
1797,858732
1517,858764
1242,858796
1051,858828
780,858860
526,858892
330,858924
106,858956
348,858988
576,859020
809,859052
680,859084
1257,859116
1130,859148
1418,859180
1584,859212
1882,859244
1815,859276
1542,859308
1342,859340
1117,859372
890,859404
667,859436
346,859468
555,859500
333,859532
0,859564
493,859596
695,859628
601,859660
1147,859692
1337,859724
1184,859756
1802,859788
1657,859820
2351,859852
1659,859884
1422,859916
1622,859948
968,859980
1148,860012
890,860044
316,860076
426,860108
0,860140
0,860172
110,860204
354,860236
1067,860268
816,860300
1050,860332
1689,860364
1501,860396
1788,860428
1864,860460
1676,860492
1864,860524
1533,860556
1389,860588
1116,860620
926,860652
653,860684
428,860716
173,860748
362,860780
554,860812
816,860844
1004,860876
1208,860908
1465,860940
1664,860972
1531,861004
2139,861036
1773,861068
1595,861100
1306,861132
1133,861164
908,861196
680,861228
456,861260
266,861292
8,861324
0,861356
429,861388
327,861420
903,861452
730,861484
1353,861516
1559,861548
1417,861580
2015,861612
2264,861644
2095,861676
1904,861708
1632,861740
1481,861772
1166,861804
574,861836
760,861868
122,861900
0,861932
190,861964
88,861996
364,862028
876,862060
810,862092
1340,862124
1195,862156
1487,862188
1658,862220
1914,862252
2183,862284
1450,862316
1274,862348
999,862380
818,862412
599,862444
672,862476
135,862508
299,862540
0,862572
585,862604
767,862636
1039,862668
1225,862700
1416,862732
1686,862764
1882,862796
2080,862828
2236,862860
1966,862892
1737,862924
1497,862956
1263,862988
684,863020
810,863052
234,863084
60,863116
0,863148
7,863180
265,863212
454,863244
716,863276
1278,863308
1175,863340
1400,863372
1532,863404
2235,863436
2247,863468
1596,863500
1771,863532
1499,863564
1216,863596
1037,863628
768,863660
617,863692
313,863724
0,863756
440,863788
233,863820
456,863852
1096,863884
907,863916
1162,863948
1752,863980
1624,864012
2216,864044
1721,864076
1562,864108
1248,864140
1022,864172
1304,864204
1001,864236
376,864268
541,864300
0,864332
0,864364
478,864396
359,864428
987,864460
810,864492
1447,864524
1631,864556
1911,864588
2105,864620
2336,864652
2093,864684
1868,864716
1593,864748
1391,864780
1128,864812
864,864844
667,864876
410,864908
0,864940
233,864972
119,865004
398,865036
571,865068
846,865100
1080,865132
1304,865164
1531,865196
1815,865228
1886,865260
1692,865292
1831,865324
1229,865356
1365,865388
742,865420
894,865452
637,865484
407,865516
167,865548
350,865580
265,865612
800,865644
992,865676
1303,865708
1452,865740
1309,865772
1965,865804
1770,865836
1804,865868
1930,865900
1335,865932
1452,865964
1228,865996
698,866028
766,866060
184,866092
24,866124
233,866156
39,866188
729,866220
479,866252
758,866284
1341,866316
1210,866348
1437,866380
1674,866412
1909,866444
2217,866476
1854,866508
1743,866540
1455,866572
1263,866604
991,866636
732,866668
527,866700
268,866732
176,866764
442,866796
638,866828
862,866860
1087,866892
1319,866924
1192,866956
1788,866988
1648,867020
1946,867052
1656,867084
1478,867116
1289,867148
1018,867180
839,867212
605,867244
378,867276
155,867308
0,867340
315,867372
557,867404
746,867436
1004,867468
1209,867500
1113,867532
1672,867564
1868,867596
2183,867628
2218,867660
1597,867692
1834,867724
1135,867756
911,867788
1097,867820
456,867852
624,867884
376,867916
0,867948
303,867980
175,868012
472,868044
1099,868076
856,868108
1591,868140
1327,868172
1564,868204
2221,868236
1800,868268
1620,868300
1337,868332
1158,868364
1325,868396
1016,868428
873,868460
601,868492
410,868524
181,868556
426,868588
647,868620
879,868652
1069,868684
1338,868716
1530,868748
1728,868780
1995,868812
2201,868844
1710,868876
1848,868908
1247,868940
1081,868972
795,869004
622,869036
397,869068
170,869100
0,869132
0,869164
119,869196
378,869228
511,869260
827,869292
1419,869324
1609,869356
1883,869388
2089,869420
1944,869452
2079,869484
1851,869516
1291,869548
1373,869580
1114,869612
957,869644
653,869676
61,869708
236,869740
0,869772
143,869804
713,869836
590,869868
873,869900
1399,869932
1330,869964
1560,869996
1712,870028
1911,870060
1598,870092
1401,870124
1645,870156
939,870188
760,870220
488,870252
308,870284
77,870316
151,870348
21,870380
649,870412
471,870444
1099,870476
1289,870508
1561,870540
1751,870572
1946,870604
2215,870636
2176,870668
1912,870700
1706,870732
1438,870764
1210,870796
975,870828
749,870860
174,870892
295,870924
0,870956
58,870988
233,871020
507,871052
778,871084
966,871116
1228,871148
1726,871180
1691,871212
1931,871244
2184,871276
1943,871308
1711,871340
1080,871372
1243,871404
985,871436
439,871468
523,871500
255,871532
265,871564
426,871596
287,871628
959,871660
743,871692
960,871724
1615,871756
1424,871788
1688,871820
2280,871852
1688,871884
1499,871916
1199,871948
1044,871980
734,872012
520,872044
779,872076
91,872108
0,872140
313,872172
150,872204
422,872236
1002,872268
870,872300
1501,872332
1331,872364
1979,872396
2169,872428
2330,872460
2043,872492
1818,872524
1134,872556
1340,872588
1070,872620
876,872652
608,872684
350,872716
138,872748
298,872780
175,872812
749,872844
624,872876
906,872908
1072,872940
1366,872972
1596,873004
1832,873036
1831,873068
1904,873100
1356,873132
1175,873164
1293,873196
715,873228
845,873260
230,873292
377,873324
169,873356
57,873388
633,873420
872,873452
777,873484
1323,873516
1514,873548
1833,873580
1980,873612
1834,873644
2143,873676
1482,873708
1277,873740
1402,873772
825,873804
648,873836
714,873868
188,873900
251,873932
0,873964
136,873996
283,874028
550,874060
1241,874092
999,874124
1272,874156
1871,874188
1734,874220
1965,874252
1736,874284
1496,874316
1687,874348
1325,874380
1223,874412
939,874444
638,874476
477,874508
206,874540
301,874572
504,874604
698,874636
956,874668
1149,874700
1384,874732
1613,874764
1851,874796
1710,874828
2200,874860
1595,874892
1417,874924
1132,874956
964,874988
776,875020
518,875052
327,875084
93,875116
0,875148
43,875180
176,875212
839,875244
1080,875276
906,875308
1165,875340
1737,875372
1638,875404
2202,875436
2159,875468
2007,875500
1687,875532
1082,875564
1305,875596
622,875628
399,875660
574,875692
0,875724
0,875756
376,875788
256,875820
826,875852
686,875884
983,875916
1134,875948
1368,875980
2121,876012
1855,876044
1740,876076
1929,876108
1274,876140
1096,876172
824,876204
645,876236
813,876268
503,876300
357,876332
251,876364
412,876396
713,876428
942,876460
1161,876492
1402,876524
1593,876556
1864,876588
2062,876620
2263,876652
2056,876684
1789,876716
1192,876748
1321,876780
735,876812
568,876844
285,876876
120,876908
0,876940
0,876972
171,877004
439,877036
620,877068
890,877100
1020,877132
1351,877164
1949,877196
1770,877228
2296,877260
2027,877292
1418,877324
1551,877356
1324,877388
777,877420
859,877452
600,877484
441,877516
123,877548
0,877580
585,877612
397,877644
667,877676
1230,877708
1103,877740
1386,877772
1930,877804
1848,877836
2155,877868
1544,877900
1374,877932
1080,877964
878,877996
1129,878028
427,878060
250,878092
0,878124
0,878156
77,878188
620,878220
535,878252
1161,878284
1272,878316
1625,878348
1807,878380
2089,878412
2280,878444
2122,878476
1917,878508
1646,878540
1376,878572
1180,878604
922,878636
696,878668
464,878700
236,878732
0,878764
409,878796
294,878828
570,878860
742,878892
1020,878924
1288,878956
1478,878988
1755,879020
2256,879052
1753,879084
1515,879116
1192,879148
1404,879180
1193,879212
566,879244
719,879276
463,879308
0,879340
287,879372
494,879404
783,879436
938,879468
796,879500
1480,879532
1256,879564
1483,879596
2144,879628
1831,879660
1628,879692
1752,879724
1160,879756
1276,879788
685,879820
534,879852
223,879884
9,879916
248,879948
0,879980
204,880012
829,880044
658,880076
926,880108
1518,880140
1383,880172
2039,880204
2184,880236
2269,880268
1983,880300
1798,880332
1515,880364
1279,880396
1049,880428
824,880460
555,880492
362,880524
149,880556
351,880588
606,880620
811,880652
683,880684
1262,880716
1134,880748
1420,880780
1596,880812
1884,880844
1769,880876
1530,880908
1303,880940
1385,880972
841,881004
663,881036
777,881068
203,881100
325,881132
0,881164
491,881196
697,881228
569,881260
1149,881292
1387,881324
1290,881356
1849,881388
2045,881420
2359,881452
2032,881484
1421,881516
1613,881548
960,881580
765,881612
878,881644
314,881676
416,881708
200,881740
0,881772
479,881804
346,881836
648,881868
798,881900
1052,881932
1769,881964
1511,881996
1798,882028
2281,882060
1670,882092
1438,882124
1532,882156
981,882188
1161,882220
810,882252
701,882284
425,882316
231,882348
365,882380
558,882412
824,882444
1008,882476
1210,882508
1472,882540
1675,882572
1914,882604
1878,882636
2138,882668
1530,882700
1672,882732
1072,882764
906,882796
620,882828
454,882860
265,882892
5,882924
0,882956
93,882988
328,883020
555,883052
684,883084
1355,883116
1598,883148
1420,883180
2063,883212
2267,883244
2092,883276
1900,883308
1628,883340
1477,883372
1164,883404
568,883436
781,883468
122,883500
0,883532
244,883564
63,883596
684,883628
888,883660
774,883692
1340,883724
1195,883756
1498,883788
1659,883820
1894,883852
2183,883884
1865,883916
1222,883948
1399,883980
761,884012
588,884044
717,884076
124,884108
299,884140
279,884172
587,884204
777,884236
1048,884268
1227,884300
1462,884332
1687,884364
1930,884396
2122,884428
2270,884460
1997,884492
1727,884524
1192,884556
1260,884588
680,884620
808,884652
234,884684
60,884716
0,884748
7,884780
232,884812
454,884844
681,884876
951,884908
1131,884940
1403,884972
1536,885004
1869,885036
2247,885068
1594,885100
1765,885132
1488,885164
1257,885196
1024,885228
812,885260
265,885292
346,885324
137,885356
445,885388
600,885420
458,885452
1099,885484
909,885516
1168,885548
1756,885580
1627,885612
1914,885644
2096,885676
1558,885708
1627,885740
1022,885772
872,885804
1039,885836
368,885868
617,885900
0,885932
0,885964
490,885996
363,886028
589,886060
1136,886092
1037,886124
1689,886156
1501,886188
2157,886220
2335,886252
2141,886284
1865,886316
1590,886348
1389,886380
1120,886412
861,886444
344,886476
400,886508
183,886540
238,886572
463,886604
346,886636
923,886668
799,886700
1080,886732
1254,886764
1543,886796
1815,886828
1884,886860
1689,886892
1724,886924
1226,886956
1001,886988
680,887020
891,887052
669,887084
397,887116
187,887148
352,887180
267,887212
811,887244
1002,887276
1307,887308
1454,887340
1390,887372
2013,887404
1773,887436
1771,887468
1966,887500
1306,887532
1104,887564
1214,887596
650,887628
761,887660
174,887692
21,887724
231,887756
18,887788
728,887820
485,887852
713,887884
1351,887916
1162,887948
1448,887980
2048,888012
1910,888044
2214,888076
1559,888108
1738,888140
1455,888172
1261,888204
989,888236
764,888268
528,888300
302,888332
218,888364
70,888396
667,888428
864,888460
1128,888492
1325,888524
1194,888556
1789,888588
1660,888620
1946,888652
1645,888684
1476,888716
1245,888748
1016,888780
791,888812
861,888844
343,888876
151,888908
253,888940
0,888972
557,889004
746,889036
1014,889068
1215,889100
1079,889132
1675,889164
1912,889196
1817,889228
2253,889260
1981,889292
1821,889324
1504,889356
908,889388
1097,889420
448,889452
263,889484
364,889516
0,889548
312,889580
542,889612
476,889644
711,889676
858,889708
1159,889740
1310,889772
1576,889804
2299,889836
1792,889868
1612,889900
1751,889932
1148,889964
925,889996
697,890028
471,890060
639,890092
298,890124
233,890156
427,890188
703,890220
879,890252
1080,890284
911,890316
1534,890348
1737,890380
1998,890412
2204,890444
2080,890476
1839,890508
1612,890540
1008,890572
1144,890604
570,890636
394,890668
120,890700
0,890732
0,890764
120,890796
380,890828
605,890860
839,890892
1064,890924
1658,890956
1884,890988
2127,891020
1944,891052
2119,891084
1849,891116
1287,891148
1371,891180
1111,891212
957,891244
648,891276
60,891308
266,891340
0,891372
123,891404
752,891436
571,891468
1208,891500
1404,891532
1286,891564
1562,891596
1722,891628
1908,891660
1595,891692
1360,891724
1644,891756
935,891788
712,891820
877,891852
252,891884
84,891916
0,891948
22,891980
651,892012
793,892044
1101,892076
1289,892108
1562,892140
1753,892172
1992,892204
1773,892236
2218,892268
1935,892300
1740,892332
1467,892364
1200,892396
1001,892428
748,892460
172,892492
288,892524
0,892556
62,892588
235,892620
516,892652
744,892684
968,892716
1194,892748
1465,892780
1655,892812
1929,892844
2171,892876
1575,892908
1709,892940
1068,892972
1229,893004
975,893036
393,893068
511,893100
287,893132
0,893164
461,893196
656,893228
957,893260
1114,893292
970,893324
1623,893356
1422,893388
1692,893420
2270,893452
1676,893484
1496,893516
1576,893548
1036,893580
1101,893612
508,893644
352,893676
48,893708
0,893740
383,893772
152,893804
426,893836
604,893868
872,893900
1102,893932
1657,893964
1561,893996
2217,894028
1911,894060
2093,894092
1807,894124
1496,894156
1337,894188
1070,894220
873,894252
608,894284
350,894316
136,894348
300,894380
527,894412
751,894444
975,894476
848,894508
1438,894540
1308,894572
1596,894604
1771,894636
1819,894668
1629,894700
1356,894732
1165,894764
939,894796
713,894828
489,894860
172,894892
377,894924
205,894956
66,894988
671,895020
864,895052
780,895084
1322,895116
1519,895148
1837,895180
1983,895212
1836,895244
2184,895276
1480,895308
1245,895340
1438,895372
792,895404
592,895436
702,895468
140,895500
239,895532
0,895564
138,895596
286,895628
522,895660
1242,895692
999,895724
1228,895756
1870,895788
1687,895820
1962,895852
2106,895884
1494,895916
1675,895948
1035,895980
1211,896012
939,896044
636,896076
475,896108
246,896140
309,896172
540,896204
731,896236
992,896268
1184,896300
1385,896332
1647,896364
1849,896396
1712,896428
2191,896460
1583,896492
1415,896524
1129,896556
954,896588
733,896620
506,896652
280,896684
89,896716
0,896748
41,896780
607,896812
493,896844
1080,896876
908,896908
1531,896940
1739,896972
1597,897004
2203,897036
2203,897068
1629,897100
1722,897132
1451,897164
1294,897196
987,897228
396,897260
576,897292
0,897324
0,897356
377,897388
264,897420
829,897452
1056,897484
986,897516
1515,897548
1374,897580
1675,897612
1832,897644
1740,897676
1997,897708
1273,897740
1096,897772
1227,897804
636,897836
421,897868
186,897900
0,897932
299,897964
414,897996
763,898028
951,898060
1213,898092
1403,898124
1594,898156
1865,898188
2064,898220
2254,898252
2048,898284
1784,898316
1551,898348
1311,898380
1085,898412
507,898444
632,898476
59,898508
0,898540
0,898572
180,898604
441,898636
630,898668
892,898700
1129,898732
1351,898764
1581,898796
1720,898828
2294,898860
2061,898892
1414,898924
1581,898956
1321,898988
765,899020
860,899052
600,899084
6,899116
120,899148
0,899180
619,899212
408,899244
624,899276
1272,899308
1082,899340
1726,899372
1709,899404
1802,899436
2154,899468
1535,899500
1374,899532
1070,899564
846,899596
1127,899628
424,899660
201,899692
365,899724
0,899756
88,899788
266,899820
536,899852
1163,899884
1308,899916
1628,899948
1817,899980
2094,900012
2285,900044
2158,900076
1915,900108
1688,900140
1408,900172
1210,900204
952,900236
688,900268
489,900300
233,900332
0,900364
411,900396
296,900428
578,900460
745,900492
1030,900524
1256,900556
1482,900588
1717,900620
1981,900652
1704,900684
1511,900716
1641,900748
1051,900780
1181,900812
566,900844
715,900876
462,900908
0,900940
297,900972
525,901004
712,901036
976,901068
1176,901100
1483,901132
1630,901164
1486,901196
2153,901228
1822,901260
1624,901292
1742,901324
1160,901356
982,901388
1050,901420
532,901452
589,901484
8,901516
0,901548
0,901580
206,901612
909,901644
660,901676
935,901708
1112,901740
1385,901772
1623,901804
2188,901836
1847,901868
2031,901900
1373,901932
1561,901964
1279,901996
1095,902028
814,902060
544,902092
361,902124
152,902156
365,902188
608,902220
812,902252
1040,902284
1264,902316
1499,902348
1360,902380
1966,902412
1832,902444
1766,902476
1468,902508
1295,902540
1111,902572
842,902604
651,902636
429,902668
201,902700
0,902732
0,902764
494,902796
734,902828
581,902860
1193,902892
1389,902924
1577,902956
1851,902988
2047,903020
2350,903052
2031,903084
1419,903116
1646,903148
958,903180
734,903212
919,903244
283,903276
80,903308
188,903340
0,903372
487,903404
351,903436
648,903468
799,903500
1032,903532
1773,903564
1933,903596
1752,903628
2281,903660
1612,903692
1434,903724
1568,903756
980,903788
1148,903820
530,903852
696,903884
415,903916
219,903948
375,903980
606,904012
827,904044
1054,904076
1246,904108
1514,904140
1708,904172
1914,904204
2173,904236
2138,904268
1530,904300
1660,904332
1072,904364
902,904396
618,904428
452,904460
220,904492
1,904524
0,904556
104,904588
295,904620
554,904652
1131,904684
1005,904716
1607,904748
1422,904780
2063,904812
2269,904844
2127,904876
1897,904908
1664,904940
1111,904972
1197,905004
928,905036
779,905068
474,905100
0,905132
248,905164
61,905196
328,905228
890,905260
768,905292
1340,905324
1580,905356
1500,905388
2047,905420
1884,905452
1722,905484
1913,905516
1216,905548
1465,905580
762,905612
584,905644
713,905676
124,905708
0,905740
0,905772
190,905804
827,905836
928,905868
1277,905900
1465,905932
1739,905964
1933,905996
2124,906028
2265,906060
1994,906092
1722,906124
1518,906156
1260,906188
1024,906220
797,906252
574,906284
5,906316
105,906348
0,906380
234,906412
407,906444
684,906476
953,906508
1133,906540
1405,906572
1645,906604
1879,906636
1867,906668
1530,906700
1757,906732
1531,906764
1248,906796
1055,906828
800,906860
254,906892
344,906924
139,906956
445,906988
601,907020
461,907052
1135,907084
911,907116
1147,907148
1802,907180
1607,907212
2256,907244
2094,907276
1496,907308
1615,907340
1018,907372
860,907404
1036,907436
335,907468
603,907500
0,907532
0,907564
489,907596
324,907628
598,907660
774,907692
1047,907724
1691,907756
1838,907788
2164,907820
2333,907852
2139,907884
1855,907916
1628,907948
1385,907980
1162,908012
893,908044
698,908076
430,908108
170,908140
270,908172
464,908204
348,908236
924,908268
808,908300
1084,908332
1257,908364
1544,908396
1773,908428
1880,908460
1643,908492
1452,908524
1177,908556
989,908588
680,908620
541,908652
665,908684
393,908716
187,908748
352,908780
235,908812
811,908844
1049,908876
953,908908
1499,908940
1694,908972
2013,909004
2160,909036
1770,909068
1963,909100
1305,909132
1100,909164
1224,909196
649,909228
471,909260
537,909292
17,909324
0,909356
21,909388
313,909420
458,909452
718,909484
1421,909516
1166,909548
1450,909580
1639,909612
1912,909644
1785,909676
1885,909708
1320,909740
1499,909772
861,909804
1039,909836
763,909868
573,909900
301,909932
220,909964
477,909996
680,910028
874,910060
1130,910092
1327,910124
1563,910156
1790,910188
2029,910220
1881,910252
2013,910284
1408,910316
1242,910348
956,910380
783,910412
602,910444
332,910476
138,910508
172,910540
0,910572
216,910604
792,910636
1016,910668
1257,910700
1082,910732
1711,910764
1916,910796
1817,910828
2251,910860
1978,910892
1821,910924
1502,910956
906,910988
1118,911020
445,911052
228,911084
410,911116
0,911148
1,911180
553,911212
432,911244
712,911276
863,911308
1160,911340
1311,911372
1550,911404
1835,911436
1788,911468
1562,911500
1741,911532
1098,911564
922,911596
1054,911628
470,911660
635,911692
21,911724
232,911756
431,911788
708,911820
889,911852
1118,911884
920,911916
1582,911948
1772,911980
2044,912012
2238,912044
2074,912076
1869,912108
1599,912140
1018,912172
1145,912204
559,912236
394,912268
112,912300
0,912332
0,912364
120,912396
347,912428
873,912460
798,912492
1066,912524
1656,912556
1527,912588
2135,912620
1935,912652
2107,912684
1848,912716
1239,912748
1371,912780
1145,912812
603,912844
683,912876
415,912908
253,912940
255,912972
120,913004
761,913036
573,913068
831,913100
1406,913132
1288,913164
1564,913196
2108,913228
1900,913260
1978,913292
1359,913324
1207,913356
894,913388
710,913420
943,913452
252,913484
73,913516
173,913548
27,913580
253,913612
485,913644
711,913676
1337,913708
1449,913740
1805,913772
1995,913804
2154,913836
2215,913868
1934,913900
1737,913932
1456,913964
1199,913996
1002,914028
746,914060
510,914092
284,914124
122,914156
20,914188
588,914220
462,914252
744,914284
910,914316
1194,914348
1468,914380
1658,914412
1933,914444
1801,914476
1564,914508
1336,914540
1016,914572
1228,914604
1007,914636
392,914668
543,914700
284,914732
0,914764
464,914796
666,914828
969,914860
1116,914892
973,914924
1662,914956
1424,914988
1673,915020
2314,915052
1647,915084
1446,915116
1566,915148
986,915180
1098,915212
506,915244
358,915276
46,915308
0,915340
391,915372
153,915404
380,915436
1003,915468
836,915500
1102,915532
1288,915564
1562,915596
2220,915628
2232,915660
2089,915692
1803,915724
1487,915756
1325,915788
1104,915820
871,915852
650,915884
375,915916
169,915948
331,915980
526,916012
783,916044
987,916076
860,916108
1440,916140
1319,916172
1606,916204
1773,916236
1820,916268
1582,916300
1352,916332
1127,916364
938,916396
668,916428
487,916460
169,916492
27,916524
205,916556
70,916588
670,916620
877,916652
743,916684
1327,916716
1566,916748
1469,916780
2028,916812
2224,916844
2171,916876
1855,916908
1244,916940
1435,916972
791,917004
592,917036
700,917068
139,917100
0,917132
204,917164
146,917196
656,917228
523,917260
823,917292
972,917324
1227,917356
1945,917388
1691,917420
1962,917452
1674,917484
1485,917516
1259,917548
1354,917580
807,917612
975,917644
634,917676
521,917708
237,917740
361,917772
549,917804
736,917836
999,917868
1194,917900
1388,917932
1658,917964
1852,917996
2092,918028
2190,918060
1951,918092
1354,918124
1486,918156
904,918188
728,918220
446,918252
281,918284
88,918316
0,918348
44,918380
528,918412
503,918444
731,918476
858,918508
1533,918540
1783,918572
1605,918604
2239,918636
2200,918668
1627,918700
1721,918732
1450,918764
1293,918796
986,918828
396,918860
606,918892
0,918924
0,918956
415,918988
239,919020
492,919052
1054,919084
940,919116
1516,919148
1376,919180
1686,919212
1837,919244
1708,919276
1992,919308
1272,919340
1037,919372
1223,919404
596,919436
410,919468
538,919500
0,919532
310,919564
456,919596
766,919628
953,919660
1223,919692
1405,919724
1642,919756
1869,919788
2112,919820
2286,919852
2080,919884
1816,919916
1546,919948
1342,919980
1084,920012
505,920044
623,920076
58,920108
0,920140
0,920172
175,920204
408,920236
632,920268
857,920300
1388,920332
1309,920364
1591,920396
2187,920428
1914,920460
2056,920492
1414,920524
1580,920556
1312,920588
729,920620
857,920652
632,920684
91,920716
151,920748
318,920780
623,920812
777,920844
637,920876
1274,920908
1087,920940
1343,920972
1934,921004
1806,921036
2144,921068
1915,921100
1372,921132
1439,921164
845,921196
695,921228
381,921260
199,921292
429,921324
0,921356
90,921388
665,921420
540,921452
763,921484
1310,921516
1223,921548
1869,921580
1978,921612
2343,921644
2153,921676
1961,921708
1677,921740
1406,921772
1211,921804
942,921836
685,921868
489,921900
223,921932
188,921964
165,921996
649,922028
522,922060
1099,922092
971,922124
1256,922156
1424,922188
1722,922220
1976,922252
1702,922284
1511,922316
1277,922348
1050,922380
827,922412
506,922444
715,922476
491,922508
0,922540
331,922572
537,922604
714,922636
986,922668
1180,922700
1485,922732
1632,922764
1488,922796
2190,922828
1821,922860
1592,922892
1784,922924
1129,922956
1304,922988
1040,923020
475,923052
586,923084
3,923116
0,923148
0,923180
187,923212
907,923244
1065,923276
888,923308
1527,923340
1340,923372
1626,923404
2235,923436
1771,923468
2027,923500
1704,923532
1550,923564
1277,923596
1084,923628
813,923660
588,923692
346,923724
200,923756
394,923788
654,923820
844,923852
1040,923884
970,923916
1501,923948
1371,923980
1976,924012
1839,924044
1756,924076
1468,924108
1292,924140
1066,924172
840,924204
616,924236
425,924268
156,924300
0,924332
0,924364
157,924396
742,924428
579,924460
1191,924492
1389,924524
1612,924556
1855,924588
2094,924620
1979,924652
2060,924684
1802,924716
1645,924748
1324,924780
730,924812
919,924844
285,924876
88,924908
185,924940
0,924972
202,925004
720,925036
659,925068
1178,925100
1037,925132
1336,925164
1993,925196
1753,925228
2345,925260
1613,925292
1432,925324
1565,925356
971,925388
747,925420
832,925452
295,925484
463,925516
0,925548
425,925580
607,925612
878,925644
1063,925676
1248,925708
1517,925740
1720,925772
1915,925804
1838,925836
2126,925868
1897,925900
1660,925932
1424,925964
841,925996
959,926028
394,926060
220,926092
0,926124
0,926156
105,926188
296,926220
567,926252
1048,926284
1006,926316
1243,926348
1372,926380
2072,926412
2315,926444
2124,926476
1933,926508
1663,926540
1111,926572
1195,926604
926,926636
777,926668
472,926700
0,926732
271,926764
72,926796
299,926828
938,926860
747,926892
1000,926924
1581,926956
1454,926988
2047,927020
1882,927052
1721,927084
1911,927116
1190,927148
1464,927180
760,927212
536,927244
701,927276
84,927308
0,927340
328,927372
200,927404
827,927436
651,927468
1287,927500
1467,927532
1742,927564
1935,927596
2169,927628
2263,927660
2032,927692
1756,927724
1127,927756
1288,927788
1023,927820
827,927852
571,927884
5,927916
101,927948
0,927980
234,928012
411,928044
687,928076
919,928108
1144,928140
1370,928172
1917,928204
1834,928236
1863,928268
1993,928300
1386,928332
1527,928364
1245,928396
1061,928428
799,928460
217,928492
335,928524
184,928556
107,928588
640,928620
841,928652
1145,928684
1290,928716
1147,928748
1802,928780
1610,928812
1871,928844
2092,928876
1496,928908
1612,928940
1388,928972
858,929004
635,929036
336,929068
175,929100
0,929132
0,929164
559,929196
328,929228
600,929260
1179,929292
1050,929324
1275,929356
1511,929388
1740,929420
2379,929452
2014,929484
1913,929516
1623,929548
1431,929580
1161,929612
892,929644
281,929676
430,929708
170,929740
280,929772
473,929804
702,929836
926,929868
1161,929900
1022,929932
1624,929964
1484,929996
1784,930028
1818,930060
1641,930092
1448,930124
1178,930156
988,930188
765,930220
538,930252
313,930284
426,930316
183,930348
397,930380
237,930412
855,930444
1050,930476
955,930508
1501,930540
1696,930572
2013,930604
2171,930636
1760,930668
1993,930700
1296,930732
1067,930764
1258,930796
616,930828
793,930860
536,930892
0,930924
0,930956
24,930988
313,931020
463,931052
698,931084
1421,931116
1178,931148
1403,931180
2057,931212
1866,931244
1784,931276
1496,931308
1317,931340
1495,931372
1177,931404
1033,931436
763,931468
569,931500
299,931532
266,931564
76,931596
720,931628
909,931660
1176,931692
1368,931724
1567,931756
1824,931788
2031,931820
1872,931852
2008,931884
1408,931916
1230,931948
953,931980
780,932012
555,932044
328,932076
103,932108
0,932140
0,932172
217,932204
793,932236
679,932268
1259,932300
1092,932332
1710,932364
1919,932396
1781,932428
2249,932460
2014,932492
1449,932524
1536,932556
1272,932588
1117,932620
812,932652
221,932684
396,932716
0,932748
0,932780
554,932812
440,932844
712,932876
1232,932908
1170,932940
1696,932972
1552,933004
1863,933036
1756,933068
1561,933100
1817,933132
1097,933164
920,933196
647,933228
458,933260
238,933292
320,933324
0,933356
479,933388
313,933420
941,933452
1129,933484
1279,933516
1583,933548
1783,933580
2043,933612
2248,933644
2075,933676
1867,933708
1598,933740
1371,933772
1134,933804
909,933836
332,933868
448,933900
0,933932
0,933964
72,933996
358,934028
615,934060
798,934092
1068,934124
1303,934156
1530,934188
1768,934220
1879,934252
2104,934284
1883,934316
1239,934348
1401,934380
1145,934412
591,934444
680,934476
413,934508
251,934540
266,934572
136,934604
797,934636
576,934668
811,934700
1452,934732
1260,934764
1519,934796
2112,934828
1848,934860
1967,934892
1354,934924
1196,934956
890,934988
680,935020
941,935052
250,935084
25,935116
171,935148
0,935180
263,935212
844,935244
712,935276
1339,935308
1162,935340
1815,935372
1997,935404
2157,935436
2207,935468
1482,935500
1727,935532
1502,935564
1229,935596
1036,935628
766,935660
510,935692
312,935724
126,935756
23,935788
587,935820
471,935852
750,935884
912,935916
1198,935948
1434,935980
1661,936012
1898,936044
1800,936076
1517,936108
1335,936140
1464,936172
874,936204
1003,936236
388,936268
536,936300
283,936332
0,936364
472,936396
703,936428
619,936460
1163,936492
1356,936524
1662,936556
1808,936588
1664,936620
2313,936652
1645,936684
1446,936716
1566,936748
982,936780
1088,936812
873,936844
348,936876
411,936908
0,936940
0,936972
123,937004
383,937036
1083,937068
831,937100
1112,937132
1709,937164
1564,937196
1803,937228
1898,937260
1659,937292
1849,937324
1485,937356
1375,937388
1099,937420
919,937452
637,937484
376,937516
163,937548
344,937580
538,937612
794,937644
990,937676
1214,937708
1451,937740
1687,937772
1546,937804
2153,937836
1753,937868
1580,937900
1290,937932
1126,937964
936,937996
666,938028
475,938060
253,938092
25,938124
0,938156
23,938188
680,938220
911,938252
746,938284
1369,938316
1577,938348
1470,938380
2032,938412
2235,938444
1694,938476
1850,938508
1242,938540
1466,938572
781,938604
559,938636
745,938668
107,938700
269,938732
204,938764
106,938796
656,938828
526,938860
826,938892
974,938924
1210,938956
1959,938988
1702,939020
1911,939052
2093,939084
1434,939116
1258,939148
983,939180
796,939212
972,939244
664,939276
509,939308
235,939340
363,939372
555,939404
782,939436
1000,939468
1242,939500
1422,939532
1696,939564
1896,939596
2095,939628
2219,939660
1951,939692
1353,939724
1481,939756
895,939788
726,939820
442,939852
268,939884
44,939916
0,939948
20,939980
279,940012
460,940044
731,940076
1307,940108
1182,940140
1787,940172
1608,940204
2251,940236
2191,940268
1579,940300
1719,940332
1486,940364
1208,940396
1018,940428
759,940460
603,940492
297,940524
0,940556
424,940588
239,940620
504,940652
1068,940684
944,940716
1225,940748
1760,940780
1688,940812
2224,940844
1706,940876
1543,940908
1232,940940
1039,940972
1287,941004
585,941036
410,941068
140,941100
0,941132
0,941164
458,941196
376,941228
1003,941260
824,941292
1465,941324
1655,941356
1929,941388
2110,941420
2282,941452
2079,941484
1816,941516
1536,941548
1340,941580
1081,941612
848,941644
620,941676
396,941708
0,941740
239,941772
128,941804
410,941836
586,941868
868,941900
1129,941932
1320,941964
1591,941996
1829,942028
1914,942060
1677,942092
1350,942124
1577,942156
1353,942188
728,942220
879,942252
623,942284
349,942316
151,942348
328,942380
621,942412
778,942444
637,942476
1312,942508
1096,942540
1324,942572
1980,942604
1787,942636
1790,942668
1914,942700
1320,942732
1434,942764
844,942796
692,942828
384,942860
168,942892
426,942924
201,942956
52,942988
669,943020
501,943052
776,943084
1356,943116
1223,943148
1878,943180
1688,943212
2343,943244
2153,943276
1961,943308
1677,943340
1440,943372
1199,943404
986,943436
713,943468
512,943500
253,943532
191,943564
453,943596
652,943628
526,943660
1103,943692
976,943724
1258,943756
1434,943788
1723,943820
1931,943852
1692,943884
1463,943916
1275,943948
1005,943980
823,944012
941,944044
365,944076
478,944108
0,944140
331,944172
543,944204
759,944236
987,944268
1224,944300
1129,944332
1680,944364
1884,944396
2201,944428
2202,944460
1582,944492
1775,944524
1119,944556
924,944588
1038,944620
472,944652
576,944684
351,944716
0,944748
318,944780
190,944812
491,944844
1115,944876
893,944908
1599,944940
1344,944972
1628,945004
2237,945036
1833,945068
1605,945100
1370,945132
1141,945164
1321,945196
968,945228
861,945260
587,945292
397,945324
201,945356
398,945388
655,945420
856,945452
1051,945484
1308,945516
1504,945548
1744,945580
1979,945612
2217,945644
1694,945676
1832,945708
1232,945740
1066,945772
780,945804
614,945836
425,945868
156,945900
0,945932
0,945964
167,945996
395,946028
524,946060
1195,946092
1437,946124
1624,946156
1895,946188
2104,946220
1975,946252
2063,946284
1792,946316
1641,946348
1324,946380
730,946412
941,946444
271,946476
47,946508
218,946540
0,946572
526,946604
728,946636
614,946668
1180,946700
1038,946732
1336,946764
1993,946796
1728,946828
2345,946860
1610,946892
1382,946924
1561,946956
920,946988
746,947020
472,947052
284,947084
457,947116
125,947148
424,947180
615,947212
875,947244
1067,947276
1302,947308
1517,947340
1760,947372
1951,947404
2234,947436
2160,947468
1897,947500
1335,947532
1422,947564
840,947596
959,947628
391,947660
208,947692
0,947724
0,947756
73,947788
298,947820
524,947852
791,947884
973,947916
1244,947948
1376,947980
1707,948012
2315,948044
2121,948076
1928,948108
1661,948140
1064,948172
1195,948204
968,948236
427,948268
504,948300
239,948332
281,948364
432,948396
300,948428
939,948460
752,948492
1007,948524
1592,948556
1466,948588
1752,948620
2267,948652
1718,948684
1485,948716
1180,948748
1021,948780
718,948812
525,948844
775,948876
73,948908
0,948940
0,948972
203,949004
439,949036
972,949068
878,949100
1517,949132
1339,949164
1995,949196
2175,949228
2313,949260
2027,949292
1752,949324
1549,949356
1280,949388
1019,949420
826,949452
560,949484
335,949516
90,949548
302,949580
190,949612
762,949644
638,949676
921,949708
1084,949740
1373,949772
1656,949804
1839,949836
1852,949868
1888,949900
1385,949932
1159,949964
1280,949996
1049,950028
830,950060
216,950092
365,950124
189,950156
119,950188
639,950220
845,950252
1145,950284
1291,950316
1150,950348
1850,950380
1614,950412
1850,950444
2126,950476
1467,950508
1263,950540
1386,950572
812,950604
632,950636
329,950668
180,950700
0,950732
0,950764
570,950796
330,950828
562,950860
1189,950892
1003,950924
1286,950956
1886,950988
1749,951020
2377,951052
1719,951084
1900,951116
1623,951148
1421,951180
1151,951212
924,951244
272,951276
464,951308
199,951340
314,951372
509,951404
704,951436
967,951468
1164,951500
1035,951532
1627,951564
1496,951596
1786,951628
1808,951660
1638,951692
1403,951724
1176,951756
949,951788
1018,951820
491,951852
311,951884
423,951916
0,951948
399,951980
248,952012
853,952044
1053,952076
919,952108
1503,952140
1752,952172
1655,952204
2208,952236
2143,952268
1991,952300
1675,952332
1065,952364
1247,952396
608,952428
420,952460
526,952492
0,952524
0,952556
384,952588
317,952620
840,952652
700,952684
989,952716
1150,952748
1406,952780
2139,952812
1868,952844
1772,952876
1913,952908
1306,952940
1084,952972
856,953004
631,953036
799,953068
457,953100
343,953132
267,953164
429,953196
719,953228
918,953260
1177,953292
1372,953324
1576,953356
1838,953388
2032,953420
2240,953452
1999,953484
1770,953516
1176,953548
1306,953580
720,953612
555,953644
269,953676
102,953708
0,953740
0,953772
221,953804
445,953836
680,953868
907,953900
1037,953932
1723,953964
1965,953996
1784,954028
2281,954060
2013,954092
1439,954124
1532,954156
1263,954188
1114,954220
812,954252
219,954284
425,954316
0,954348
0,954380
598,954412
412,954444
676,954476
1242,954508
1125,954540
1704,954572
1560,954604
1864,954636
1755,954668
1528,954700
1805,954732
1086,954764
872,954796
1037,954828
412,954860
234,954892
0,954924
0,954956
478,954988
633,955020
940,955052
1131,955084
1280,955116
1593,955148
1822,955180
2048,955212
2297,955244
2103,955276
1901,955308
1630,955340
1360,955372
1164,955404
905,955436
330,955468
456,955500
0,955532
0,955564
77,955596
360,955628
586,955660
808,955692
1035,955724
1305,955756
1495,955788
1770,955820
1868,955852
1735,955884
1879,955916
1228,955948
1388,955980
1135,956012
552,956044
671,956076
455,956108
0,956140
301,956172
496,956204
797,956236
952,956268
813,956300
1455,956332
1263,956364
1528,956396
2121,956428
1838,956460
1658,956492
1728,956524
1192,956556
1260,956588
670,956620
508,956652
208,956684
23,956716
235,956748
0,956780
276,956812
444,956844
713,956876
941,956908
1486,956940
1398,956972
2057,957004
2158,957036
2255,957068
1975,957100
1783,957132
1497,957164
1226,957196
1033,957228
766,957260
510,957292
304,957324
135,957356
367,957388
592,957420
825,957452
696,957484
1276,957516
1149,957548
1436,957580
1610,957612
1900,957644
1799,957676
1514,957708
1333,957740
1358,957772
873,957804
647,957836
330,957868
536,957900
312,957932
0,957964
507,957996
715,958028
620,958060
1164,958092
1357,958124
1673,958156
1820,958188
1674,958220
2345,958252
1639,958284
1405,958316
1598,958348
943,958380
750,958412
872,958444
298,958476
398,958508
0,958540
0,958572
128,958604
362,958636
1081,958668
840,958700
1068,958732
1717,958764
1526,958796
1804,958828
2268,958860
1656,958892
1838,958924
1517,958956
1369,958988
1099,959020
909,959052
637,959084
410,959116
155,959148
380,959180
573,959212
832,959244
1024,959276
1226,959308
1485,959340
1690,959372
1550,959404
2156,959436
1754,959468
1578,959500
1288,959532
1052,959564
892,959596
664,959628
439,959660
504,959692
0,959724
0,959756
453,959788
343,959820
919,959852
748,959884
1372,959916
1579,959948
1434,959980
2041,960012
2281,960044
1789,960076
1886,960108
1612,960140
1465,960172
1147,960204
544,960236
735,960268
104,960300
0,960332
215,960364
107,960396
668,960428
904,960460
828,960492
1354,960524
1211,960556
1514,960588
1674,960620
1901,960652
2167,960684
1434,960716
1256,960748
1385,960780
795,960812
572,960844
662,960876
119,960908
271,960940
253,960972
603,961004
783,961036
1053,961068
1245,961100
1434,961132
1705,961164
1902,961196
2096,961228
2218,961260
1950,961292
1712,961324
1211,961356
1245,961388
667,961420
793,961452
218,961484
43,961516
0,961548
23,961580
279,961612
472,961644
735,961676
957,961708
1193,961740
1419,961772
1551,961804
2252,961836
2233,961868
1578,961900
1743,961932
1481,961964
1198,961996
1019,962028
751,962060
156,962092
288,962124
0,962156
457,962188
249,962220
474,962252
1114,962284
922,962316
1566,962348
1771,962380
1641,962412
2234,962444
1704,962476
1532,962508
1230,962540
1006,962572
1287,962604
985,962636
360,962668
523,962700
0,962732
0,962764
504,962796
377,962828
1003,962860
1147,962892
1467,962924
1657,962956
1930,962988
2121,963020
2318,963052
2086,963084
1850,963116
1576,963148
1374,963180
1113,963212
848,963244
328,963276
393,963308
0,963340
250,963372
140,963404
422,963436
587,963468
870,963500
1093,963532
1320,963564
1559,963596
1831,963628
1866,963660
1676,963692
1342,963724
1210,963756
1342,963788
717,963820
875,963852
619,963884
380,963916
147,963948
365,963980
285,964012
825,964044
1008,964076
1321,964108
1472,964140
1334,964172
1984,964204
1788,964236
1786,964268
1912,964300
1320,964332
1142,964364
1208,964396
680,964428
749,964460
158,964492
8,964524
251,964556
56,964588
745,964620
504,964652
776,964684
1357,964716
1227,964748
1463,964780
2016,964812
1927,964844
2201,964876
1534,964908
1721,964940
1437,964972
1255,965004
975,965036
704,965068
509,965100
250,965132
202,965164
137,965196
654,965228
880,965260
1104,965292
1339,965324
1208,965356
1803,965388
1672,965420
1928,965452
1631,965484
1456,965516
1271,965548
1000,965580
812,965612
847,965644
362,965676
139,965708
0,965740
335,965772
575,965804
760,965836
1031,965868
1227,965900
1130,965932
1689,965964
1884,965996
2201,966028
2192,966060
1580,966092
1815,966124
1117,966156
890,966188
1081,966220
432,966252
240,966284
350,966316
0,966348
320,966380
191,966412
490,966444
1116,966476
874,966508
1608,966540
1352,966572
1590,966604
2238,966636
1783,966668
1597,966700
1738,966732
1132,966764
1310,966796
681,966828
856,966860
575,966892
392,966924
203,966956
444,966988
665,967020
904,967052
1086,967084
928,967116
1549,967148
1752,967180
2013,967212
2218,967244
1692,967276
1820,967308
1227,967340
1064,967372
777,967404
605,967436
377,967468
154,967500
0,967532
189,967564
135,967596
396,967628
969,967660
855,967692
1438,967724
1625,967756
1899,967788
2109,967820
1928,967852
2063,967884
1836,967916
1273,967948
1358,967980
1088,968012
939,968044
632,968076
46,968108
216,968140
0,968172
171,968204
730,968236
616,968268
1182,968300
1418,968332
1340,968364
1576,968396
1740,968428
1885,968460
1580,968492
1382,968524
1629,968556
919,968588
744,968620
871,968652
284,968684
61,968716
0,968748
40,968780
663,968812
768,968844
1117,968876
1303,968908
1577,968940
1771,968972
1962,969004
1791,969036
2158,969068
1886,969100
1688,969132
1419,969164
1193,969196
957,969228
731,969260
158,969292
271,969324
0,969356
76,969388
250,969420
526,969452
793,969484
975,969516
1246,969548
1481,969580
1708,969612
1947,969644
2158,969676
1927,969708
1695,969740
1062,969772
1225,969804
967,969836
423,969868
496,969900
235,969932
283,969964
442,969996
313,970028
973,970060
752,970092
985,970124
1630,970156
1446,970188
2096,970220
2264,970252
1670,970284
1480,970316
1168,970348
1018,970380
717,970412
493,970444
764,970476
74,970508
0,970540
331,970572
156,970604
440,970636
617,970668
887,970700
1527,970732
1672,970764
1990,970796
2185,970828
2309,970860
2025,970892
1790,970924
1120,970956
1324,970988
1050,971020
856,971052
598,971084
331,971116
119,971148
314,971180
190,971212
765,971244
648,971276
926,971308
1088,971340
1384,971372
1620,971404
1848,971436
1812,971468
1611,971500
1340,971532
1159,971564
764,971596
699,971628
827,971660
216,971692
359,971724
191,971756
75,971788
652,971820
888,971852
795,971884
1339,971916
1532,971948
1851,971980
1997,972012
1851,972044
2124,972076
1456,972108
1261,972140
1376,972172
810,972204
630,972236
696,972268
178,972300
231,972332
0,972364
155,972396
304,972428
560,972460
1261,972492
1007,972524
1288,972556
1469,972588
1752,972620
1948,972652
2042,972684
1477,972716
1661,972748
1019,972780
1193,972812
923,972844
621,972876
461,972908
186,972940
325,972972
512,973004
716,973036
970,973068
1166,973100
1400,973132
1628,973164
1866,973196
1728,973228
2175,973260
1577,973292
1400,973324
1116,973356
942,973388
759,973420
490,973452
299,973484
77,973516
0,973548
61,973580
198,973612
855,973644
1097,973676
922,973708
1549,973740
1753,973772
1656,973804
2219,973836
2141,973868
1991,973900
1662,973932
1065,973964
1287,973996
607,974028
380,974060
560,974092
0,974124
0,974156
384,974188
280,974220
843,974252
700,974284
1000,974316
1152,974348
1390,974380
2139,974412
1880,974444
1724,974476
1913,974508
1255,974540
1081,974572
1212,974604
619,974636
797,974668
171,974700
332,974732
267,974764
430,974796
733,974828
959,974860
1179,974892
1420,974924
1610,974956
1882,974988
2078,975020
2239,975052
2031,975084
1771,975116
1176,975148
1296,975180
719,975212
550,975244
267,975276
92,975308
0,975340
0,975372
188,975404
455,975436
647,975468
906,975500
1494,975532
1369,975564
1966,975596
1785,975628
2279,975660
2011,975692
1399,975724
1519,975756
1306,975788
761,975820
840,975852
576,975884
423,975916
91,975948
0,975980
604,976012
415,976044
679,976076
1244,976108
1128,976140
1706,976172
1948,976204
1866,976236
2139,976268
1518,976300
1359,976332
1054,976364
860,976396
1103,976428
400,976460
232,976492
349,976524
0,976556
107,976588
326,976620
552,976652
1179,976684
1288,976716
1643,976748
1833,976780
2109,976812
2299,976844
2104,976876
1899,976908
1288,976940
1357,976972
1162,977004
904,977036
680,977068
443,977100
217,977132
0,977164
171,977196
303,977228
588,977260
751,977292
1038,977324
1306,977356
1495,977388
1770,977420
1973,977452
1735,977484
1499,977516
1168,977548
1396,977580
1168,977612
550,977644
701,977676
445,977708
0,977740
315,977772
507,977804
352,977836
955,977868
813,977900
1497,977932
1264,977964
1510,977996
2170,978028
1814,978060
1997,978092
1728,978124
1146,978156
1260,978188
668,978220
505,978252
683,978284
0,978316
231,978348
2,978380
230,978412
846,978444
671,978476
950,978508
1128,978540
1402,978572
2059,978604
2204,978636
2248,978668
1967,978700
1771,978732
1497,978764
1262,978796
1021,978828
800,978860
538,978892
336,978924
169,978956
368,978988
623,979020
827,979052
700,979084
1279,979116
1151,979148
1444,979180
1612,979212
1900,979244
1751,979276
1512,979308
1287,979340
1097,979372
826,979404
647,979436
763,979468
185,979500
311,979532
0,979564
508,979596
717,979628
586,979660
1165,979692
1402,979724
1584,979756
1868,979788
2062,979820
2334,979852
2014,979884
1404,979916
1595,979948
951,979980
748,980012
862,980044
299,980076
118,980108
174,980140
0,980172
495,980204
366,980236
665,980268
812,980300
1070,980332
1785,980364
1530,980396
1814,980428
1836,980460
1654,980492
1419,980524
1514,980556
967,980588
1143,980620
508,980652
685,980684
407,980716
201,980748
381,980780
584,980812
841,980844
1024,980876
1226,980908
1486,980940
1693,980972
1929,981004
2158,981036
2123,981068
1514,981100
1648,981132
1064,981164
890,981196
602,981228
430,981260
248,981292
0,981324
0,981356
119,981388
343,981420
571,981452
702,981484
1371,981516
1616,981548
1446,981580
2077,981612
2287,981644
2075,981676
1883,981708
1612,981740
1453,981772
1146,981804
544,981836
764,981868
95,981900
0,981932
253,981964
88,981996
334,982028
906,982060
782,982092
1358,982124
1216,982156
1524,982188
1664,982220
1872,982252
2157,982284
1850,982316
1206,982348
1383,982380
745,982412
570,982444
698,982476
115,982508
277,982540
0,982572
605,982604
791,982636
1063,982668
1245,982700
1480,982732
1705,982764
1948,982796
2142,982828
2253,982860
1977,982892
1710,982924
1503,982956
1242,982988
664,983020
791,983052
216,983084
40,983116
0,983148
25,983180
250,983212
475,983244
697,983276
967,983308
1150,983340
1421,983372
2023,983404
1886,983436
2221,983468
1574,983500
1741,983532
1481,983564
1240,983596
628,983628
784,983660
249,983692
320,983724
155,983756
461,983788
616,983820
477,983852
1117,983884
928,983916
1192,983948
1771,983980
1644,984012
2236,984044
2079,984076
1534,984108
1609,984140
1005,984172
845,984204
1023,984236
358,984268
585,984300
0,984332
0,984364
509,984396
376,984428
605,984460
830,984492
1054,984524
1709,984556
1816,984588
2174,984620
2317,984652
2125,984684
1849,984716
1566,984748
1369,984780
1102,984812
845,984844
648,984876
384,984908
166,984940
254,984972
487,985004
364,985036
941,985068
814,985100
1098,985132
1264,985164
1551,985196
1833,985228
1866,985260
1672,985292
1437,985324
1209,985356
973,985388
666,985420
872,985452
652,985484
377,985516
167,985548
368,985580
283,985612
829,985644
1019,985676
1325,985708
1470,985740
1328,985772
2028,985804
1791,985836
1753,985868
1947,985900
1290,985932
1468,985964
1200,985996
632,986028
746,986060
155,986092
1,986124
253,986156
36,986188
749,986220
505,986252
730,986284
1367,986316
1180,986348
1466,986380
1645,986412
1931,986444
2189,986476
1867,986508
1719,986540
1435,986572
1243,986604
973,986636
748,986668
507,986700
286,986732
232,986764
492,986796
687,986828
880,986860
1145,986892
1341,986924
1212,986956
1806,986988
1676,987020
1928,987052
1630,987084
1452,987116
1226,987148
1000,987180
775,987212
584,987244
314,987276
135,987308
0,987340
8,987372
574,987404
763,987436
1035,987468
1231,987500
1096,987532
1691,987564
1932,987596
1833,987628
2234,987660
1965,987692
1805,987724
1487,987756
891,987788
1078,987820
429,987852
240,987884
350,987916
0,987948
42,987980
559,988012
500,988044
727,988076
876,988108
1175,988140
1325,988172
1594,988204
2327,988236
1775,988268
1594,988300
1318,988332
1132,988364
907,988396
990,988428
453,988460
621,988492
4,988524
255,988556
447,988588
715,988620
905,988652
1098,988684
1355,988716
1550,988748
1755,988780
2014,988812
2220,988844
2061,988876
1822,988908
1593,988940
1000,988972
1128,989004
553,989036
378,989068
104,989100
0,989132
0,989164
136,989196
407,989228
888,989260
855,989292
1085,989324
1672,989356
1901,989388
2152,989420
1926,989452
2095,989484
1835,989516
1261,989548
1358,989580
1087,989612
937,989644
636,989676
43,989708
239,989740
0,989772
142,989804
777,989836
590,989868
846,989900
1420,989932
1293,989964
1578,989996
1740,990028
1884,990060
1577,990092
1344,990124
1625,990156
911,990188
695,990220
861,990252
242,990284
58,990316
155,990348
41,990380
667,990412
499,990444
1128,990476
1309,990508
1579,990540
1773,990572
2012,990604
1799,990636
2200,990668
1918,990700
1720,990732
1451,990764
1183,990796
986,990828
729,990860
154,990892
269,990924
0,990956
80,990988
252,991020
537,991052
760,991084
984,991116
1213,991148
1755,991180
1674,991212
1949,991244
2155,991276
1559,991308
1693,991340
1053,991372
1213,991404
958,991436
379,991468
493,991500
268,991532
0,991564
478,991596
680,991628
973,991660
1131,991692
990,991724
1641,991756
1448,991788
1708,991820
2252,991852
1661,991884
1478,991916
1552,991948
1016,991980
1085,992012
490,992044
343,992076
40,992108
0,992140
397,992172
169,992204
440,992236
1019,992268
889,992300
1117,992332
1352,992364
1579,992396
2237,992428
2184,992460
2073,992492
1785,992524
1472,992556
1321,992588
1050,992620
857,992652
588,992684
333,992716
119,992748
315,992780
552,992812
768,992844
1002,992876
874,992908
1456,992940
1328,992972
1616,993004
1790,993036
1804,993068
1610,993100
1338,993132
1148,993164
925,993196
696,993228
470,993260
156,993292
359,993324
233,993356
78,993388
685,993420
889,993452
795,993484
1341,993516
1536,993548
1851,993580
1998,993612
1854,993644
2159,993676
1456,993708
1228,993740
1416,993772
776,993804
583,993836
688,993868
124,993900
224,993932
0,993964
156,993996
303,994028
540,994060
1261,994092
1007,994124
1243,994156
1896,994188
1706,994220
1946,994252
1658,994284
1478,994316
1655,994348
1336,994380
1192,994412
923,994444
619,994476
459,994508
222,994540
327,994572
556,994604
748,994636
1018,994668
1210,994700
1403,994732
1663,994764
1869,994796
1738,994828
2174,994860
1576,994892
1392,994924
1114,994956
938,994988
713,995020
487,995052
263,995084
72,995116
0,995148
60,995180
201,995212
509,995244
1099,995276
925,995308
1548,995340
1757,995372
1623,995404
2219,995436
2176,995468
1613,995500
1706,995532
1434,995564
1277,995596
970,995628
295,995660
558,995692
0,995724
0,995756
396,995788
283,995820
562,995852
1080,995884
1012,995916
1531,995948
1390,995980
1693,996012
1851,996044
1720,996076
1981,996108
1244,996140
1078,996172
807,996204
618,996236
397,996268
478,996300
0,996332
319,996364
431,996396
781,996428
967,996460
1231,996492
1421,996524
1614,996556
1883,996588
2088,996620
2236,996652
2031,996684
1759,996716
1530,996748
1293,996780
1070,996812
490,996844
616,996876
43,996908
0,996940
0,996972
197,997004
456,997036
646,997068
919,997100
1402,997132
1367,997164
1599,997196
1736,997228
2270,997260
2043,997292
1399,997324
1565,997356
1305,997388
759,997420
841,997452
575,997484
413,997516
91,997548
0,997580
634,997612
424,997644
651,997676
1294,997708
1103,997740
1356,997772
1950,997804
1828,997836
2128,997868
1516,997900
1364,997932
1051,997964
830,997996
1100,998028
408,998060
184,998092
345,998124
0,998156
104,998188
682,998220
553,998252
1181,998284
1325,998316
1655,998348
1835,998380
2119,998412
2303,998444
2140,998476
1899,998508
1664,998540
1390,998572
1196,998604
926,998636
670,998668
472,998700
208,998732
0,998764
426,998796
313,998828
589,998860
763,998892
1039,998924
1272,998956
1500,998988
1737,999020
2235,999052
1687,999084
1495,999116
1625,999148
1035,999180
1165,999212
550,999244
699,999276
444,999308
0,999340
313,999372
544,999404
458,999436
992,999468
1193,999500
1501,999532
1648,999564
1502,999596
2171,999628
1805,999660
1599,999692
1724,999724
1134,999756
1256,999788
1024,999820
504,999852
570,999884
0,999916
0,999948
0,999980
232,1000012
921,1000044
680,1000076
953,1000108
1545,1000140
1405,1000172
1643,1000204
2204,1000236
1821,1000268
2011,1000300
1648,1000332
1535,1000364
1261,1000396
1079,1000428
799,1000460
536,1000492
333,1000524
172,1000556
378,1000588
636,1000620
828,1000652
1064,1000684
1022,1000716
1517,1000748
1386,1000780
1984,1000812
1852,1000844
1750,1000876
1451,1000908
1285,1000940
1095,1000972
826,1001004
636,1001036
411,1001068
186,1001100
0,1001132
0,1001164
520,1001196
752,1001228
588,1001260
1211,1001292
1407,1001324
1592,1001356
1872,1001388
2064,1001420
2333,1001452
2012,1001484
1401,1001516
1627,1001548
942,1001580
716,1001612
904,1001644
266,1001676
430,1001708
171,1001740
0,1001772
504,1001804
366,1001836
670,1001868
815,1001900
1052,1001932
1789,1001964
1951,1001996
1770,1002028
2263,1002060
1597,1002092
1418,1002124
1559,1002156
954,1002188
1131,1002220
824,1002252
679,1002284
398,1002316
197,1002348
393,1002380
622,1002412
843,1002444
1082,1002476
1264,1002508
1533,1002540
1727,1002572
1932,1002604
1850,1002636
2112,1002668
1512,1002700
1645,1002732
1054,1002764
878,1002796
603,1002828
426,1002860
204,1002892
0,1002924
0,1002956
119,1002988
311,1003020
570,1003052
702,1003084
1021,1003116
1627,1003148
1447,1003180
2087,1003212
2287,1003244
2110,1003276
1883,1003308
1647,1003340
1096,1003372
1180,1003404
912,1003436
761,1003468
456,1003500
0,1003532
264,1003564
87,1003596
345,1003628
908,1003660
793,1003692
1068,1003724
1596,1003756
1526,1003788
2060,1003820
1868,1003852
1707,1003884
1897,1003916
1196,1003948
1449,1003980
743,1004012
568,1004044
686,1004076
113,1004108
0,1004140
300,1004172
216,1004204
843,1004236
669,1004268
1293,1004300
1483,1004332
1757,1004364
1951,1004396
2142,1004428
2249,1004460
1978,1004492
1708,1004524
1166,1004556
1232,1004588
1008,1004620
783,1004652
556,1004684
0,1004716
75,1004748
0,1004780
250,1004812
426,1004844
710,1004876
969,1004908
1158,1004940
1432,1004972
1934,1005004
1895,1005036
1846,1005068
1512,1005100
1740,1005132
1515,1005164
1231,1005196
1039,1005228
784,1005260
247,1005292
319,1005324
158,1005356
461,1005388
618,1005420
480,1005452
1151,1005484
936,1005516
1165,1005548
1818,1005580
1627,1005612
1892,1005644
2075,1005676
1480,1005708
1600,1005740
1002,1005772
852,1005804
1019,1005836
326,1005868
585,1005900
0,1005932
0,1005964
507,1005996
343,1006028
616,1006060
1198,1006092
1065,1006124
1707,1006156
1525,1006188
2183,1006220
2315,1006252
2124,1006284
1847,1006316
1610,1006348
1369,1006380
1146,1006412
875,1006444
266,1006476
411,1006508
155,1006540
287,1006572
491,1006604
367,1006636
942,1006668
824,1006700
1101,1006732
1274,1006764
1562,1006796
1799,1006828
1864,1006860
1624,1006892
1705,1006924
1163,1006956
975,1006988
1101,1007020
525,1007052
649,1007084
377,1007116
163,1007148
380,1007180
251,1007212
828,1007244
1064,1007276
969,1007308
1516,1007340
1712,1007372
2030,1007404
2187,1007436
1752,1007468
1945,1007500
1276,1007532
1085,1007564
1198,1007596
624,1007628
735,1007660
170,1007692
1,1007724
0,1007756
31,1007788
330,1007820
477,1007852
742,1007884
1438,1007916
1191,1007948
1467,1007980
2075,1008012
1932,1008044
1771,1008076
1530,1008108
1303,1008140
1483,1008172
1131,1008204
1021,1008236
747,1008268
557,1008300
283,1008332
236,1008364
92,1008396
698,1008428
892,1008460
1158,1008492
1342,1008524
1580,1008556
1808,1008588
2048,1008620
1865,1008652
1996,1008684
1392,1008716
1224,1008748
939,1008780
772,1008812
583,1008844
314,1008876
125,1008908
0,1008940
8,1008972
235,1009004
808,1009036
1035,1009068
1275,1009100
1099,1009132
1737,1009164
1944,1009196
1836,1009228
2235,1009260
1960,1009292
1801,1009324
1483,1009356
888,1009388
1111,1009420
431,1009452
205,1009484
382,1009516
0,1009548
365,1009580
568,1009612
455,1009644
730,1009676
879,1009708
1176,1009740
1328,1009772
1574,1009804
2327,1009836
1772,1009868
1546,1009900
1725,1009932
1079,1009964
904,1009996
629,1010028
445,1010060
619,1010092
300,1010124
263,1010156
455,1010188
727,1010220
909,1010252
1142,1010284
938,1010316
1598,1010348
1798,1010380
2063,1010412
2266,1010444
2057,1010476
1852,1010508
1584,1010540
991,1010572
1120,1010604
544,1010636
376,1010668
100,1010700
0,1010732
0,1010764
140,1010796
363,1010828
631,1010860
812,1010892
1084,1010924
1675,1010956
1544,1010988
2155,1011020
1916,1011052
2091,1011084
1824,1011116
1223,1011148
1355,1011180
1128,1011212
585,1011244
666,1011276
399,1011308
235,1011340
281,1011372
144,1011404
779,1011436
601,1011468
856,1011500
1422,1011532
1304,1011564
1590,1011596
2128,1011628
1882,1011660
1951,1011692
1340,1011724
1188,1011756
877,1011788
686,1011820
927,1011852
234,1011884
56,1011916
0,1011948
42,1011980
283,1012012
812,1012044
727,1012076
1357,1012108
1179,1012140
1831,1012172
2013,1012204
2172,1012236
2191,1012268
1916,1012300
1719,1012332
1440,1012364
1180,1012396
976,1012428
720,1012460
495,1012492
264,1012524
141,1012556
40,1012588
606,1012620
478,1012652
762,1012684
936,1012716
1220,1012748
1483,1012780
1678,1012812
1959,1012844
1785,1012876
1548,1012908
1323,1012940
990,1012972
1221,1013004
991,1013036
376,1013068
523,1013100
268,1013132
0,1013164
491,1013196
684,1013228
987,1013260
1133,1013292
991,1013324
1679,1013356
1452,1013388
1680,1013420
2298,1013452
1629,1013484
1432,1013516
1548,1013548
966,1013580
1081,1013612
489,1013644
340,1013676
30,1013708
0,1013740
407,1013772
172,1013804
406,1013836
1021,1013868
853,1013900
1127,1013932
1724,1013964
1587,1013996
2237,1014028
1880,1014060
2071,1014092
1785,1014124
1471,1014156
1311,1014188
1088,1014220
845,1014252
632,1014284
352,1014316
139,1014348
349,1014380
553,1014412
810,1014444
1006,1014476
877,1014508
1465,1014540
1328,1014572
1624,1014604
1792,1014636
1802,1014668
1566,1014700
1338,1014732
1108,1014764
921,1014796
650,1014828
471,1014860
585,1014892
18,1014924
231,1014956
88,1014988
696,1015020
895,1015052
763,1015084
1353,1015116
1582,1015148
1485,1015180
2046,1015212
2250,1015244
2153,1015276
1836,1015308
1227,1015340
1416,1015372
765,1015404
574,1015436
683,1015468
123,1015500
221,1015532
222,1015564
156,1015596
681,1015628
541,1015660
840,1015692
988,1015724
1254,1015756
1977,1015788
1708,1015820
1944,1015852
2077,1015884
1468,1015916
1245,1015948
1016,1015980
791,1016012
959,1016044
617,1016076
493,1016108
221,1016140
378,1016172
569,1016204
752,1016236
1015,1016268
1210,1016300
1406,1016332
1674,1016364
1880,1016396
2111,1016428
2171,1016460
1944,1016492
1336,1016524
1468,1016556
878,1016588
712,1016620
430,1016652
262,1016684
71,1016716
0,1016748
62,1016780
295,1016812
520,1016844
747,1016876
876,1016908
1557,1016940
1805,1016972
1624,1017004
2267,1017036
2173,1017068
1609,1017100
1705,1017132
1422,1017164
824,1017196
969,1017228
376,1017260
591,1017292
0,1017324
0,1017356
440,1017388
263,1017420
888,1017452
1082,1017484
964,1017516
1536,1017548
1392,1017580
1704,1017612
1856,1017644
1690,1017676
1976,1017708
1254,1017740
1020,1017772
1197,1017804
572,1017836
394,1017868
122,1017900
0,1017932
327,1017964
473,1017996
791,1018028
969,1018060
1239,1018092
1423,1018124
1662,1018156
1885,1018188
2136,1018220
2268,1018252
2072,1018284
1792,1018316
1520,1018348
1324,1018380
1066,1018412
490,1018444
606,1018476
40,1018508
0,1018540
0,1018572
200,1018604
425,1018636
652,1018668
884,1018700
1144,1018732
1336,1018764
1608,1018796
2203,1018828
1898,1018860
2040,1018892
1389,1018924
1560,1018956
1295,1018988
713,1019020
831,1019052
608,1019084
332,1019116
123,1019148
344,1019180
639,1019212
796,1019244
656,1019276
1291,1019308
1103,1019340
1360,1019372
1950,1019404
1832,1019436
1820,1019468
1898,1019500
1354,1019532
1421,1019564
828,1019596
679,1019628
367,1019660
174,1019692
0,1019724
0,1019756
106,1019788
293,1019820
562,1019852
789,1019884
1326,1019916
1240,1019948
1887,1019980
1703,1020012
2363,1020044
2139,1020076
1946,1020108
1661,1020140
1388,1020172
1193,1020204
928,1020236
668,1020268
464,1020300
206,1020332
207,1020364
432,1020396
666,1020428
542,1020460
1116,1020492
989,1020524
1276,1020556
1450,1020588
1740,1020620
1961,1020652
1687,1020684
1495,1020716
1261,1020748
1032,1020780
811,1020812
488,1020844
696,1020876
473,1020908
0,1020940
347,1020972
553,1021004
733,1021036
1003,1021068
1196,1021100
1501,1021132
1660,1021164
1513,1021196
2207,1021228
1804,1021260
1576,1021292
1769,1021324
1112,1021356
910,1021388
1024,1021420
457,1021452
568,1021484
0,1021516
0,1021548
0,1021580
208,1021612
925,1021644
1085,1021676
910,1021708
1549,1021740
1366,1021772
1643,1021804
2254,1021836
1817,1021868
2008,1021900
1355,1021932
1531,1021964
1259,1021996
1067,1022028
797,1022060
572,1022092
333,1022124
218,1022156
410,1022188
672,1022220
863,1022252
1066,1022284
1325,1022316
1518,1022348
1389,1022380
1994,1022412
1855,1022444
1740,1022476
1451,1022508
1274,1022540
1049,1022572
826,1022604
599,1022636
409,1022668
140,1022700
0,1022732
285,1022764
173,1022796
763,1022828
599,1022860
1210,1022892
1417,1022924
1632,1022956
1869,1022988
2112,1023020
1961,1023052
2048,1023084
1776,1023116
1623,1023148
1307,1023180
714,1023212
903,1023244
264,1023276
62,1023308
168,1023340
0,1023372
506,1023404
736,1023436
670,1023468
1192,1023500
1054,1023532
1353,1023564
2009,1023596
1774,1023628
2329,1023660
1595,1023692
1416,1023724
1549,1023756
952,1023788
731,1023820
504,1023852
271,1023884
443,1023916
75,1023948
442,1023980
633,1024012
903,1024044
1081,1024076
1272,1024108
1533,1024140
1738,1024172
1935,1024204
2204,1024236
2110,1024268
1882,1024300
1643,1024332
1406,1024364
824,1024396
944,1024428
368,1024460
202,1024492
0,1024524
0,1024556
123,1024588
314,1024620
573,1024652
799,1024684
1023,1024716
1259,1024748
1390,1024780
2091,1024812
2331,1024844
2107,1024876
1913,1024908
1645,1024940
1084,1024972
1178,1025004
910,1025036
761,1025068
456,1025100
0,1025132
297,1025164
80,1025196
316,1025228
954,1025260
766,1025292
1402,1025324
1609,1025356
1480,1025388
2064,1025420
1866,1025452
1704,1025484
1895,1025516
1166,1025548
1447,1025580
742,1025612
520,1025644
685,1025676
58,1025708
0,1025740
0,1025772
219,1025804
845,1025836
989,1025868
1304,1025900
1487,1025932
1765,1025964
1959,1025996
2200,1026028
2247,1026060
2012,1026092
1737,1026124
1534,1026156
1273,1026188
1007,1026220
812,1026252
553,1026284
0,1026316
72,1026348
0,1026380
263,1026412
429,1026444
712,1026476
937,1026508
1162,1026540
1396,1026572
1660,1026604
1852,1026636
1836,1026668
1504,1026700
1369,1026732
1510,1026764
1227,1026796
1036,1026828
783,1026860
200,1026892
315,1026924
202,1026956
121,1026988
664,1027020
856,1027052
1161,1027084
1307,1027116
1167,1027148
1821,1027180
1627,1027212
1896,1027244
2073,1027276
1480,1027308
1300,1027340
1371,1027372
840,1027404
616,1027436
317,1027468
158,1027500
0,1027532
0,1027564
583,1027596
347,1027628
618,1027660
803,1027692
1066,1027724
1303,1027756
1856,1027788
1756,1027820
2361,1027852
1704,1027884
1885,1027916
1607,1027948
1413,1027980
1143,1028012
874,1028044
679,1028076
412,1028108
153,1028140
298,1028172
493,1028204
728,1028236
954,1028268
1177,1028300
1050,1028332
1642,1028364
1502,1028396
1802,1028428
1800,1028460
1625,1028492
1433,1028524
1161,1028556
971,1028588
1004,1028620
512,1028652
286,1028684
408,1028716
163,1028748
413,1028780
260,1028812
863,1028844
1067,1028876
972,1028908
1526,1028940
1724,1028972
2039,1029004
2186,1029036
1742,1029068
1978,1029100
1276,1029132
1052,1029164
1241,1029196
592,1029228
400,1029260
510,1029292
0,1029324
0,1029356
31,1029388
338,1029420
478,1029452
713,1029484
1447,1029516
1194,1029548
1430,1029580
2077,1029612
1885,1029644
1766,1029676
1902,1029708
1290,1029740
1480,1029772
841,1029804
1017,1029836
743,1029868
552,1029900
281,1029932
282,1029964
95,1029996
736,1030028
925,1030060
1194,1030092
1385,1030124
1583,1030156
1850,1030188
2048,1030220
1853,1030252
1993,1030284
1390,1030316
1220,1030348
936,1030380
764,1030412
539,1030444
315,1030476
87,1030508
142,1030540
0,1030572
244,1030604
809,1030636
695,1030668
1277,1030700
1100,1030732
1737,1030764
1945,1030796
1802,1030828
2231,1030860
1997,1030892
1433,1030924
1519,1030956
1247,1030988
1099,1031020
793,1031052
203,1031084
379,1031116
0,1031148
9,1031180
572,1031212
458,1031244
732,1031276
1248,1031308
1182,1031340
1709,1031372
1576,1031404
1882,1031436
1739,1031468
1533,1031500
1801,1031532
1071,1031564
902,1031596
1021,1031628
441,1031660
219,1031692
1,1031724
320,1031756
503,1031788
618,1031820
958,1031852
1145,1031884
1294,1031916
1609,1031948
1802,1031980
2063,1032012
2268,1032044
2048,1032076
1850,1032108
1583,1032140
1352,1032172
1118,1032204
893,1032236
316,1032268
432,1032300
0,1032332
0,1032364
92,1032396
376,1032428
635,1032460
824,1032492
1085,1032524
1321,1032556
1546,1032588
1784,1032620
1854,1032652
2089,1032684
1865,1032716
1221,1032748
1385,1032780
1127,1032812
583,1032844
663,1032876
396,1032908
233,1032940
279,1032972
153,1033004
814,1033036
602,1033068
827,1033100
1472,1033132
1278,1033164
1544,1033196
2136,1033228
1830,1033260
1950,1033292
1338,1033324
1180,1033356
877,1033388
655,1033420
923,1033452
232,1033484
16,1033516
151,1033548
17,1033580
282,1033612
458,1033644
730,1033676
1357,1033708
1502,1033740
1832,1033772
2013,1033804
2175,1033836
2189,1033868
1962,1033900
1709,1033932
1484,1033964
1211,1033996
1018,1034028
750,1034060
493,1034092
296,1034124
151,1034156
41,1034188
604,1034220
490,1034252
764,1034284
937,1034316
1220,1034348
1451,1034380
1688,1034412
1915,1034444
1783,1034476
1499,1034508
1309,1034540
988,1034572
858,1034604
984,1034636
368,1034668
519,1034700
256,1034732
0,1034764
492,1034796
728,1034828
637,1034860
1178,1034892
1370,1034924
1678,1034956
1836,1034988
1691,1035020
2296,1035052
1625,1035084
1420,1035116
1546,1035148
967,1035180
790,1035212
855,1035244
338,1035276
394,1035308
0,1035340
0,1035372
142,1035404
400,1035436
1101,1035468
848,1035500
1130,1035532
1308,1035564
1590,1035596
1829,1035628
2206,1035660
1643,1035692
1835,1035724
1469,1035756
1357,1035788
1083,1035820
893,1035852
621,1035884
352,1035916
137,1035948
352,1035980
556,1036012
812,1036044
1016,1036076
1242,1036108
1467,1036140
1705,1036172
1566,1036204
2172,1036236
1739,1036268
1562,1036300
1273,1036332
1099,1036364
919,1036396
652,1036428
459,1036460
491,1036492
8,1036524
0,1036556
41,1036588
710,1036620
937,1036652
772,1036684
1387,1036716
1593,1036748
1495,1036780
2048,1036812
2251,1036844
2151,1036876
1834,1036908
1224,1036940
1449,1036972
763,1037004
541,1037036
718,1037068
80,1037100
0,1037132
224,1037164
121,1037196
684,1037228
552,1037260
842,1037292
989,1037324
1227,1037356
1977,1037388
1711,1037420
1892,1037452
2077,1037484
1416,1037516
1240,1037548
1370,1037580
789,1037612
956,1037644
639,1037676
494,1037708
217,1037740
379,1037772
573,1037804
798,1037836
1019,1037868
1258,1037900
1449,1037932
1712,1037964
1917,1037996
2122,1038028
2202,1038060
1933,1038092
1328,1038124
1464,1038156
877,1038188
710,1038220
428,1038252
261,1038284
28,1038316
0,1038348
27,1038380
554,1038412
477,1038444
757,1038476
1325,1038508
1207,1038540
1805,1038572
1626,1038604
2267,1038636
2172,1038668
1562,1038700
1693,1038732
1469,1038764
919,1038796
1002,1038828
734,1038860
585,1038892
280,1038924
0,1038956
442,1038988
255,1039020
512,1039052
1085,1039084
969,1039116
1534,1039148
1786,1039180
1706,1039212
2251,1039244
1680,1039276
1519,1039308
1213,1039340
1020,1039372
1264,1039404
570,1039436
392,1039468
507,1039500
0,1039532
0,1039564
476,1039596
391,1039628
1019,1039660
1131,1039692
1481,1039724
1671,1039756
1945,1039788
2137,1039820
2266,1039852
2063,1039884
1790,1039916
1528,1039948
1323,1039980
1065,1040012
831,1040044
349,1040076
378,1040108
0,1040140
266,1040172
154,1040204
428,1040236
602,1040268
886,1040300
1147,1040332
1334,1040364
1611,1040396
1845,1040428
1896,1040460
1661,1040492
1336,1040524
1559,1040556
1337,1040588
708,1040620
863,1040652
605,1040684
334,1040716
125,1040748
344,1040780
649,1040812
796,1040844
655,1040876
1337,1040908
1113,1040940
1340,1040972
1997,1041004
1802,1041036
2159,1041068
1888,1041100
1304,1041132
1418,1041164
827,1041196
668,1041228
368,1041260
144,1041292
407,1041324
221,1041356
71,1041388
685,1041420
520,1041452
792,1041484
1376,1041516
1239,1041548
1895,1041580
2040,1041612
2361,1041644
2137,1041676
1943,1041708
1657,1041740
1432,1041772
1191,1041804
968,1041836
697,1041868
504,1041900
235,1041932
205,1041964
142,1041996
669,1042028
543,1042060
1120,1042092
999,1042124
1284,1042156
1451,1042188
1742,1042220
1914,1042252
1676,1042284
1447,1042316
1255,1042348
983,1042380
798,1042412
479,1042444
346,1042476
462,1042508
0,1042540
350,1042572
559,1042604
778,1042636
1005,1042668
1244,1042700
1149,1042732
1696,1042764
1900,1042796
2219,1042828
2187,1042860
1565,1042892
1759,1042924
1103,1042956
907,1042988
1022,1043020
456,1043052
281,1043084
332,1043116
0,1043148
336,1043180
205,1043212
506,1043244
1133,1043276
912,1043308
1615,1043340
1368,1043372
1653,1043404
2261,1043436
1818,1043468
1582,1043500
1677,1043532
1127,1043564
1303,1043596
669,1043628
839,1043660
567,1043692
379,1043724
219,1043756
184,1043788
679,1043820
874,1043852
1069,1043884
998,1043916
1530,1043948
1758,1043980
1994,1044012
2236,1044044
1676,1044076
1808,1044108
1215,1044140
1040,1044172
760,1044204
588,1044236
407,1044268
138,1044300
0,1044332
208,1044364
184,1044396
413,1044428
550,1044460
1213,1044492
1455,1044524
1641,1044556
1915,1044588
2123,1044620
1949,1044652
2045,1044684
1775,1044716
1615,1044748
1304,1044780
712,1044812
926,1044844
252,1044876
36,1044908
203,1044940
0,1044972
176,1045004
746,1045036
624,1045068
1195,1045100
1054,1045132
1356,1045164
2009,1045196
1754,1045228
2325,1045260
1593,1045292
1366,1045324
1535,1045356
904,1045388
730,1045420
858,1045452
275,1045484
441,1045516
0,1045548
444,1045580
631,1045612
903,1045644
1085,1045676
1312,1045708
1543,1045740
1786,1045772
1979,1045804
1803,1045836
2141,1045868
1871,1045900
1672,1045932
1404,1045964
824,1045996
941,1046028
368,1046060
200,1046092
0,1046124
0,1046156
91,1046188
315,1046220
540,1046252
1070,1046284
999,1046316
1260,1046348
1855,1046380
1725,1046412
2335,1046444
2104,1046476
1912,1046508
1644,1046540
1048,1046572
1167,1046604
952,1046636
409,1046668
478,1046700
220,1046732
301,1046764
456,1046796
318,1046828
957,1046860
767,1046892
1032,1046924
1608,1046956
1482,1046988
2064,1047020
2240,1047052
1693,1047084
1471,1047116
1164,1047148
1003,1047180
701,1047212
510,1047244
751,1047276
59,1047308
0,1047340
345,1047372
221,1047404
454,1047436
680,1047468
903,1047500
1535,1047532
1647,1047564
2013,1047596
2201,1047628
2293,1047660
2009,1047692
1738,1047724
1102,1047756
1264,1047788
1004,1047820
810,1047852
543,1047884
316,1047916
73,1047948
329,1047980
206,1048012
781,1048044
662,1048076
938,1048108
1104,1048140
1390,1048172
1671,1048204
1865,1048236
1836,1048268
1597,1048300
1368,1048332
1135,1048364
1270,1048396
1035,1048428
813,1048460
196,1048492
345,1048524
206,1048556
124,1048588
670,1048620
860,1048652
1163,1048684
1310,1048716
1167,1048748
1865,1048780
1628,1048812
1866,1048844
2112,1048876
1450,1048908
1628,1048940
1368,1048972
794,1049004
618,1049036
314,1049068
158,1049100
0,1049132
0,1049164
585,1049196
346,1049228
581,1049260
1208,1049292
1022,1049324
1304,1049356
1483,1049388
1767,1049420
2359,1049452
2028,1049484
1883,1049516
1599,1049548
1405,1049580
1143,1049612
908,1049644
255,1049676
446,1049708
171,1049740
334,1049772
536,1049804
730,1049836
983,1049868
1183,1049900
1052,1049932
1646,1049964
1512,1049996
1804,1050028
1790,1050060
1614,1050092
1384,1050124
1159,1050156
924,1050188
744,1050220
472,1050252
286,1050284
406,1050316
0,1050348
414,1050380
260,1050412
872,1050444
1071,1050476
938,1050508
1528,1050540
1770,1050572
1671,1050604
2234,1050636
2127,1050668
1965,1050700
1656,1050732
1040,1050764
1230,1050796
592,1050828
400,1050860
507,1050892
0,1050924
0,1050956
400,1050988
339,1051020
856,1051052
717,1051084
1015,1051116
1165,1051148
1424,1051180
2155,1051212
1896,1051244
1756,1051276
1470,1051308
1290,1051340
1065,1051372
1152,1051404
615,1051436
783,1051468
158,1051500
319,1051532
287,1051564
446,1051596
745,1051628
938,1051660
1195,1051692
1390,1051724
1593,1051756
1851,1051788
2048,1051820
2224,1051852
1984,1051884
1754,1051916
1158,1051948
1288,1051980
703,1052012
536,1052044
252,1052076
78,1052108
0,1052140
0,1052172
247,1052204
473,1052236
695,1052268
923,1052300
1053,1052332
1737,1052364
1991,1052396
1804,1052428
2255,1052460
1992,1052492
1421,1052524
1516,1052556
1246,1052588
1097,1052620
792,1052652
200,1052684
409,1052716
0,1052748
0,1052780
619,1052812
429,1052844
687,1052876
1259,1052908
1132,1052940
1722,1052972
1579,1053004
1884,1053036
1738,1053068
1512,1053100
1790,1053132
1069,1053164
844,1053196
1021,1053228
394,1053260
218,1053292
332,1053324
0,1053356
507,1053388
341,1053420
968,1053452
1147,1053484
1305,1053516
1609,1053548
1848,1053580
2073,1053612
2316,1053644
2080,1053676
1884,1053708
1611,1053740
1343,1053772
1147,1053804
890,1053836
312,1053868
429,1053900
0,1053932
0,1053964
101,1053996
376,1054028
602,1054060
826,1054092
1051,1054124
1321,1054156
1512,1054188
1787,1054220
2317,1054252
1719,1054284
1853,1054316
1212,1054348
1381,1054380
1118,1054412
535,1054444
653,1054476
431,1054508
0,1054540
318,1054572
512,1054604
815,1054636
970,1054668
831,1054700
1479,1054732
1288,1054764
1546,1054796
2128,1054828
1822,1054860
1944,1054892
1712,1054924
1176,1054956
1244,1054988
652,1055020
494,1055052
191,1055084
5,1055116
229,1055148
20,1055180
284,1055212
861,1055244
732,1055276
967,1055308
1192,1055340
1415,1055372
2075,1055404
2184,1055436
2237,1055468
1951,1055500
1757,1055532
1481,1055564
1208,1055596
1007,1055628
748,1055660
490,1055692
286,1055724
151,1055756
384,1055788
420,1055820
840,1055852
716,1055884
1294,1055916
1168,1055948
1452,1055980
1626,1056012
1926,1056044
1773,1056076
1498,1056108
1308,1056140
1085,1056172
856,1056204
629,1056236
313,1056268
509,1056300
287,1056332
0,1056364
525,1056396
730,1056428
638,1056460
1183,1056492
1374,1056524
1226,1056556
1840,1056588
1693,1056620
2329,1056652
1615,1056684
1390,1056716
1579,1056748
934,1056780
1112,1056812
856,1056844
282,1056876
384,1056908
0,1056940
16,1056972
144,1057004
379,1057036
1101,1057068
856,1057100
1084,1057132
1725,1057164
1543,1057196
1832,1057228
1820,1057260
1640,1057292
1821,1057324
1498,1057356
1352,1057388
1081,1057420
890,1057452
617,1057484
392,1057516
137,1057548
400,1057580
588,1057612
856,1057644
1050,1057676
1242,1057708
1501,1057740
1708,1057772
1575,1057804
2174,1057836
1736,1057868
1558,1057900
1274,1057932
1098,1057964
873,1057996
649,1058028
423,1058060
232,1058092
0,1058124
0,1058156
473,1058188
359,1058220
939,1058252
774,1058284
1388,1058316
1597,1058348
1451,1058380
2048,1058412
2298,1058444
2060,1058476
1866,1058508
1598,1058540
1449,1058572
1129,1058604
536,1058636
718,1058668
79,1058700
0,1058732
232,1058764
125,1058796
396,1058828
922,1058860
852,1058892
1371,1058924
1227,1058956
1530,1058988
1690,1059020
1882,1059052
2139,1059084
1416,1059116
1230,1059148
959,1059180
776,1059212
556,1059244
636,1059276
92,1059308
255,1059340
5,1059372
621,1059404
799,1059436
1081,1059468
1259,1059500
1452,1059532
1721,1059564
1920,1059596
2123,1059628
2192,1059660
1928,1059692
1692,1059724
1454,1059756
1229,1059788
648,1059820
766,1059852
199,1059884
25,1059916
0,1059948
42,1059980
300,1060012
488,1060044
759,1060076
983,1060108
1208,1060140
1435,1060172
1575,1060204
2270,1060236
2205,1060268
1560,1060300
1727,1060332
1467,1060364
1182,1060396
1000,1060428
731,1060460
573,1060492
279,1060524
0,1060556
475,1060588
267,1060620
492,1060652
1131,1060684
943,1060716
1197,1060748
1790,1060780
1658,1060812
2252,1060844
1680,1060876
1522,1060908
1212,1060940
988,1060972
1258,1061004
967,1061036
344,1061068
505,1061100
0,1061132
0,1061164
522,1061196
394,1061228
1021,1061260
851,1061292
1480,1061324
1675,1061356
1947,1061388
2137,1061420
2300,1061452
2059,1061484
1832,1061516
1550,1061548
1356,1061580
1085,1061612
831,1061644
624,1061676
377,1061708
0,1061740
267,1061772
155,1061804
432,1061836
602,1061868
878,1061900
1113,1061932
1339,1061964
1575,1061996
1847,1062028
1848,1062060
1658,1062092
1787,1062124
1193,1062156
1325,1062188
698,1062220
859,1062252
602,1062284
362,1062316
135,1062348
392,1062380
301,1062412
840,1062444
1035,1062476
1339,1062508
1487,1062540
1344,1062572
2008,1062604
1806,1062636
1768,1062668
