1623,44
1356,76
1520,108
1262,140
728,172
798,204
233,236
90,268
0,300
19,332
619,364
458,396
695,428
1274,460
1143,492
1406,524
1967,556
1883,588
2235,620
1918,652
1757,684
1488,716
1289,748
1022,780
799,812
568,844
343,876
137,908
408,940
601,972
462,1004
1052,1036
912,1068
1177,1100
1373,1132
1638,1164
1915,1196
1738,1228
1547,1260
1323,1292
1094,1324
861,1356
568,1388
411,1420
607,1452
0,1484
303,1516
491,1548
372,1580
944,1612
1133,1644
1048,1676
1596,1708
1836,1740
2187,1772
2254,1804
2024,1836
1867,1868
1536,1900
968,1932
1120,1964
512,1996
342,2028
400,2060
0,2092
247,2124
484,2156
441,2188
924,2220
806,2252
1119,2284
1260,2316
1546,2348
2192,2380
1882,2412
1691,2444
1789,2476
1227,2508
1001,2540
1051,2572
543,2604
656,2636
8,2668
184,2700
352,2732
618,2764
814,2796
1002,2828
1263,2860
1464,2892
1322,2924
1929,2956
1785,2988
1768,3020
2028,3052
1306,3084
1100,3116
842,3148
649,3180
469,3212
199,3244
21,3276
0,3308
89,3340
733,3372
458,3404
1165,3436
1355,3468
1174,3500
1823,3532
2060,3564
1914,3596
2156,3628
1881,3660
1757,3692
1407,3724
1146,3756
991,3788
685,3820
110,3852
310,3884
0,3916
74,3948
681,3980
523,4012
1133,4044
1337,4076
1257,4108
1792,4140
1662,4172
1980,4204
1646,4236
1478,4268
1645,4300
1006,4332
793,4364
922,4396
332,4428
151,4460
222,4492
0,4524
569,4556
726,4588
1019,4620
1214,4652
1479,4684
1678,4716
1914,4748
2144,4780
2251,4812
1979,4844
1784,4876
1501,4908
905,4940
757,4972
444,5004
261,5036
3,5068
0,5100
28,5132
206,5164
477,5196
1000,5228
936,5260
1163,5292
1320,5324
1627,5356
2311,5388
1797,5420
2027,5452
1752,5484
1148,5516
1275,5548
1004,5580
462,5612
544,5644
320,5676
265,5708
361,5740
592,5772
894,5804
1040,5836
920,5868
1546,5900
1371,5932
2009,5964
2217,5996
1766,6028
1838,6060
1613,6092
1111,6124
1144,6156
570,6188
427,6220
110,6252
0,6284
268,6316
122,6348
382,6380
928,6412
842,6444
1069,6476
1582,6508
1528,6540
2136,6572
2350,6604
2111,6636
1840,6668
1641,6700
1372,6732
1101,6764
909,6796
638,6828
48,6860
0,6892
0,6924
138,6956
348,6988
582,7020
838,7052
1024,7084
1287,7116
1870,7148
1743,7180
1898,7212
2087,7244
1432,7276
1641,7308
906,7340
1149,7372
879,7404
511,7436
425,7468
183,7500
330,7532
606,7564
795,7596
1133,7628
1245,7660
1452,7692
1767,7724
1917,7756
1785,7788
2218,7820
1529,7852
1736,7884
1470,7916
845,7948
1001,7980
748,8012
219,8044
280,8076
0,8108
105,8140
681,8172
522,8204
1133,8236
969,8268
1207,8300
1802,8332
1660,8364
1943,8396
2138,8428
1575,8460
1707,8492
1113,8524
1229,8556
972,8588
766,8620
510,8652
282,8684
234,8716
464,8748
664,8780
553,8812
1117,8844
973,8876
1577,8908
1434,8940
1692,8972
1881,9004
1676,9036
1496,9068
1210,9100
1032,9132
811,9164
583,9196
350,9228
58,9260
0,9292
393,9324
158,9356
827,9388
1007,9420
1192,9452
1467,9484
1660,9516
1565,9548
2125,9580
2235,9612
2119,9644
1724,9676
1487,9708
1343,9740
1024,9772
872,9804
606,9836
8,9868
0,9900
312,9932
236,9964
760,9996
1002,10028
953,10060
1189,10092
1316,10124
1645,10156
1774,10188
1822,10220
1998,10252
1352,10284
1163,10316
1260,10348
715,10380
489,10412
263,10444
30,10476
207,10508
22,10540
672,10572
874,10604
1132,10636
1334,10668
1520,10700
1414,10732
1992,10764
1840,10796
2089,10828
1472,10860
1243,10892
1007,10924
793,10956
588,10988
335,11020
137,11052
0,11084
0,11116
146,11148
296,11180
597,11212
1254,11244
971,11276
1691,11308
1883,11340
2107,11372
2331,11404
2106,11436
1493,11468
1616,11500
1352,11532
1229,11564
892,11596
636,11628
479,11660
171,11692
0,11724
553,11756
352,11788
584,11820
1196,11852
1033,11884
1658,11916
1864,11948
1783,11980
1916,12012
1592,12044
1451,12076
1130,12108
954,12140
1118,12172
504,12204
283,12236
398,12268
0,12300
55,12332
234,12364
503,12396
1081,12428
1231,12460
1545,12492
1740,12524
2009,12556
2216,12588
2191,12620
1562,12652
1721,12684
1440,12716
1246,12748
988,12780
393,12812
524,12844
0,12876
0,12908
20,12940
268,12972
539,13004
716,13036
990,13068
1520,13100
1449,13132
1689,13164
1839,13196
1785,13228
1995,13260
1675,13292
1497,13324
1216,13356
636,13388
761,13420
492,13452
0,13484
218,13516
448,13548
795,13580
873,13612
1104,13644
1417,13676
1563,13708
1436,13740
2075,13772
1882,13804
2046,13836
1787,13868
1240,13900
1053,13932
1086,13964
599,13996
623,14028
60,14060
0,14092
0,14124
186,14156
794,14188
634,14220
906,14252
1092,14284
1355,14316
1593,14348
2111,14380
1925,14412
2057,14444
1817,14476
1580,14508
1308,14540
680,14572
856,14604
586,14636
393,14668
119,14700
0,14732
542,14764
400,14796
636,14828
860,14860
1094,14892
1351,14924
1549,14956
1814,14988
2152,15020
1550,15052
1373,15084
1550,15116
919,15148
1116,15180
809,15212
635,15244
365,15276
0,15308
432,15340
681,15372
541,15404
1120,15436
1309,15468
1659,15500
1773,15532
1983,15564
2299,15596
2076,15628
1471,15660
1689,15692
1008,15724
1209,15756
952,15788
334,15820
169,15852
235,15884
0,15916
413,15948
302,15980
616,16012
751,16044
1034,16076
1661,16108
1484,16140
1723,16172
2315,16204
1704,16236
1513,16268
1609,16300
1051,16332
1179,16364
601,16396
713,16428
458,16460
0,16492
300,16524
524,16556
760,16588
987,16620
1179,16652
1440,16684
1632,16716
1497,16748
2107,16780
1824,16812
1616,16844
1355,16876
1160,16908
970,16940
699,16972
532,17004
299,17036
72,17068
0,17100
416,17132
253,17164
919,17196
678,17228
1339,17260
1531,17292
1396,17324
1997,17356
2190,17388
1847,17420
1932,17452
1696,17484
1579,17516
1196,17548
972,17580
816,17612
511,17644
350,17676
156,17708
25,17740
296,17772
816,17804
748,17836
1276,17868
1513,17900
1468,17932
1978,17964
1848,17996
1801,18028
1470,18060
1303,18092
1468,18124
842,18156
651,18188
746,18220
199,18252
0,18284
0,18316
169,18348
736,18380
527,18412
1198,18444
1388,18476
1660,18508
1850,18540
2047,18572
2303,18604
2031,18636
1419,18668
1560,18700
955,18732
733,18764
495,18796
280,18828
87,18860
0,18892
0,18924
201,18956
380,18988
660,19020
1277,19052
1109,19084
1773,19116
1495,19148
2221,19180
2271,19212
1620,19244
1803,19276
1565,19308
979,19340
1100,19372
832,19404
715,19436
0,19468
101,19500
379,19532
525,19564
412,19596
1069,19628
872,19660
1096,19692
1721,19724
1549,19756
2187,19788
2138,19820
1581,19852
1658,19884
1072,19916
935,19948
620,19980
444,20012
605,20044
0,20076
0,20108
426,20140
296,20172
567,20204
746,20236
1017,20268
1609,20300
1760,20332
2064,20364
2270,20396
2170,20428
1896,20460
1659,20492
1420,20524
1194,20556
924,20588
731,20620
464,20652
0,20684
200,20716
74,20748
330,20780
512,20812
780,20844
1052,20876
1228,20908
1512,20940
1751,20972
1964,21004
1723,21036
1416,21068
1262,21100
1465,21132
760,21164
985,21196
711,21228
124,21260
239,21292
283,21324
203,21356
735,21388
970,21420
1311,21452
1390,21484
1628,21516
1947,21548
2094,21580
1831,21612
1996,21644
1354,21676
1515,21708
1260,21740
728,21772
798,21804
573,21836
88,21868
99,21900
0,21932
281,21964
422,21996
696,22028
1311,22060
1144,22092
1418,22124
1608,22156
1883,22188
1865,22220
1915,22252
1389,22284
1520,22316
1287,22348
1056,22380
796,22412
606,22444
336,22476
138,22508
399,22540
606,22572
463,22604
1067,22636
922,22668
1148,22700
1386,22732
1610,22764
1870,22796
1706,22828
1495,22860
1319,22892
1037,22924
859,22956
1035,22988
407,23020
603,23052
0,23084
301,23116
495,23148
330,23180
953,23212
1182,23244
1052,23276
1644,23308
1838,23340
2028,23372
2282,23404
2013,23436
1865,23468
1546,23500
957,23532
1162,23564
506,23596
696,23628
429,23660
0,23692
280,23724
479,23756
409,23788
928,23820
812,23852
1128,23884
1262,23916
1548,23948
2189,23980
1879,24012
1643,24044
1786,24076
1177,24108
988,24140
1085,24172
541,24204
661,24236
89,24268
183,24300
362,24332
621,24364
810,24396
1050,24428
1274,24460
1501,24492
1704,24524
1968,24556
2169,24588
1769,24620
1903,24652
1303,24684
1100,24716
832,24748
646,24780
471,24812
188,24844
16,24876
0,24908
90,24940
315,24972
460,25004
766,25036
1423,25068
1176,25100
1869,25132
2063,25164
1926,25196
2153,25228
1880,25260
1629,25292
1402,25324
1177,25356
1065,25388
671,25420
458,25452
300,25484
185,25516
479,25548
685,25580
526,25612
808,25644
1340,25676
1259,25708
1790,25740
2042,25772
1976,25804
2010,25836
1414,25868
1275,25900
954,25932
792,25964
953,25996
329,26028
140,26060
220,26092
0,26124
223,26156
444,26188
679,26220
1256,26252
1038,26284
1720,26316
1930,26348
2188,26380
2250,26412
1963,26444
1769,26476
1500,26508
895,26540
1036,26572
443,26604
220,26636
1,26668
0,26700
0,26732
184,26764
440,26796
713,26828
880,26860
1171,26892
1804,26924
1625,26956
2312,26988
1758,27020
2023,27052
1741,27084
1099,27116
1275,27148
1040,27180
766,27212
586,27244
316,27276
267,27308
394,27340
592,27372
896,27404
1051,27436
923,27468
1594,27500
1375,27532
1612,27564
2252,27596
1702,27628
1868,27660
1610,27692
1064,27724
1134,27756
560,27788
426,27820
541,27852
0,27884
281,27916
130,27948
359,27980
938,28012
807,28044
1069,28076
1260,28108
1530,28140
2135,28172
2268,28204
2107,28236
1836,28268
1643,28300
1368,28332
1134,28364
910,28396
672,28428
413,28460
216,28492
265,28524
125,28556
717,28588
585,28620
840,28652
1024,28684
1290,28716
1575,28748
1753,28780
1896,28812
1659,28844
1431,28876
1195,28908
892,28940
747,28972
942,29004
250,29036
457,29068
169,29100
333,29132
607,29164
797,29196
713,29228
1258,29260
1486,29292
1837,29324
1918,29356
2159,29388
2207,29420
1886,29452
1296,29484
1466,29516
841,29548
992,29580
745,29612
216,29644
284,29676
136,29708
106,29740
335,29772
474,29804
793,29836
920,29868
1208,29900
1840,29932
1668,29964
1945,29996
1755,30028
1564,30060
1339,30092
1385,30124
877,30156
1002,30188
767,30220
540,30252
282,30284
270,30316
474,30348
667,30380
927,30412
1120,30444
974,30476
1579,30508
1436,30540
1674,30572
1872,30604
1644,30636
1437,30668
1178,30700
974,30732
796,30764
525,30796
347,30828
508,30860
0,30892
391,30924
134,30956
828,30988
1016,31020
1228,31052
1469,31084
1708,31116
1576,31148
2175,31180
2234,31212
2107,31244
1755,31276
1483,31308
1337,31340
1023,31372
447,31404
649,31436
3,31468
190,31500
345,31532
196,31564
794,31596
992,31628
920,31660
1191,31692
1322,31724
1655,31756
1786,31788
1820,31820
1995,31852
1351,31884
1128,31916
1258,31948
665,31980
487,32012
569,32044
28,32076
205,32108
109,32140
681,32172
876,32204
1133,32236
1336,32268
1565,32300
1406,32332
2032,32364
2234,32396
2122,32428
1852,32460
1242,32492
1376,32524
782,32556
588,32588
331,32620
138,32652
0,32684
0,32716
150,32748
379,32780
599,32812
827,32844
974,32876
1287,32908
1961,32940
2108,32972
2379,33004
2093,33036
1491,33068
1623,33100
1352,33132
805,33164
888,33196
665,33228
541,33260
157,33292
252,33324
560,33356
702,33388
1000,33420
1206,33452
1036,33484
1322,33516
1871,33548
1784,33580
1917,33612
1960,33644
1447,33676
1480,33708
902,33740
765,33772
446,33804
279,33836
425,33868
0,33900
57,33932
591,33964
505,33996
733,34028
957,34060
1195,34092
1784,34124
1564,34156
2250,34188
2188,34220
1532,34252
1721,34284
1440,34316
1246,34348
975,34380
394,34412
512,34444
0,34476
0,34508
20,34540
240,34572
494,34604
697,34636
942,34668
1224,34700
1402,34732
1690,34764
1848,34796
1783,34828
1991,34860
1673,34892
1485,34924
1215,34956
585,34988
751,35020
532,35052
0,35084
264,35116
457,35148
795,35180
908,35212
1112,35244
1419,35276
1567,35308
1438,35340
2125,35372
1872,35404
1642,35436
1817,35468
1178,35500
1005,35532
1084,35564
554,35596
621,35628
58,35660
0,35692
0,35724
184,35756
797,35788
635,35820
860,35852
1455,35884
1319,35916
1593,35948
1785,35980
1917,36012
2045,36044
1739,36076
1577,36108
1309,36140
680,36172
846,36204
621,36236
392,36268
139,36300
328,36332
586,36364
779,36396
639,36428
1230,36460
1099,36492
1352,36524
1550,36556
1816,36588
1834,36620
1551,36652
1369,36684
1439,36716
916,36748
685,36780
859,36812
235,36844
427,36876
0,36908
493,36940
672,36972
542,37004
1127,37036
1312,37068
1227,37100
1775,37132
2024,37164
2377,37196
2073,37228
1838,37260
1680,37292
1370,37324
784,37356
951,37388
332,37420
168,37452
232,37484
0,37516
415,37548
654,37580
619,37612
1102,37644
976,37676
1303,37708
1434,37740
1732,37772
2345,37804
1692,37836
1500,37868
1231,37900
1047,37932
823,37964
872,37996
366,38028
480,38060
0,38092
332,38124
528,38156
792,38188
988,38220
1181,38252
1440,38284
1645,38316
1496,38348
2109,38380
1820,38412
1584,38444
1351,38476
1128,38508
925,38540
668,38572
472,38604
584,38636
22,38668
0,38700
427,38732
261,38764
919,38796
646,38828
1339,38860
1535,38892
1351,38924
1997,38956
2239,38988
1835,39020
1968,39052
1695,39084
1579,39116
1226,39148
971,39180
815,39212
506,39244
0,39276
202,39308
25,39340
260,39372
859,39404
698,39436
1309,39468
1514,39500
1434,39532
1978,39564
1850,39596
1799,39628
1468,39660
1292,39692
1465,39724
838,39756
616,39788
744,39820
155,39852
0,39884
248,39916
169,39948
745,39980
896,40012
1197,40044
1390,40076
1659,40108
1864,40140
2096,40172
2303,40204
2064,40236
1791,40268
1595,40300
1323,40332
730,40364
860,40396
271,40428
78,40460
0,40492
0,40524
215,40556
382,40588
662,40620
878,40652
1111,40684
1339,40716
1498,40748
1805,40780
2347,40812
1612,40844
1849,40876
1565,40908
969,40940
1099,40972
829,41004
285,41036
366,41068
123,41100
456,41132
540,41164
767,41196
1079,41228
1223,41260
1099,41292
1727,41324
1550,41356
1850,41388
2136,41420
1580,41452
1656,41484
1424,41516
927,41548
959,41580
392,41612
251,41644
0,41676
0,41708
462,41740
298,41772
567,41804
1112,41836
1017,41868
1247,41900
1768,41932
1709,41964
2314,41996
1708,42028
1930,42060
1659,42092
1455,42124
1194,42156
924,42188
729,42220
462,42252
0,42284
203,42316
76,42348
302,42380
1003,42412
760,42444
1007,42476
1199,42508
1465,42540
1751,42572
1898,42604
1720,42636
1407,42668
1255,42700
1463,42732
730,42764
971,42796
700,42828
83,42860
235,42892
328,42924
212,42956
781,42988
972,43020
1317,43052
1430,43084
1632,43116
1948,43148
2096,43180
1820,43212
2032,43244
1354,43276
1131,43308
1288,43340
668,43372
825,43404
570,43436
55,43468
89,43500
62,43532
281,43564
421,43596
698,43628
1321,43660
1146,43692
1384,43724
1984,43756
1847,43788
1854,43820
1950,43852
1387,43884
1517,43916
1214,43948
1051,43980
792,44012
589,44044
332,44076
185,44108
414,44140
652,44172
843,44204
1099,44236
1294,44268
1151,44300
1464,44332
1616,44364
1880,44396
1696,44428
1487,44460
1309,44492
1035,44524
856,44556
921,44588
404,44620
183,44652
0,44684
0,44716
573,44748
331,44780
1003,44812
1193,44844
1053,44876
1647,44908
1849,44940
1753,44972
2282,45004
2048,45036
1933,45068
1535,45100
1310,45132
1163,45164
848,45196
272,45228
438,45260
0,45292
280,45324
480,45356
412,45388
938,45420
1167,45452
1130,45484
1628,45516
1497,45548
1833,45580
1816,45612
1641,45644
1818,45676
1174,45708
985,45740
1082,45772
537,45804
311,45836
360,45868
0,45900
398,45932
621,45964
854,45996
1050,46028
1311,46060
1512,46092
1706,46124
1977,46156
2172,46188
1760,46220
1607,46252
1294,46284
1067,46316
830,46348
618,46380
410,46412
156,46444
0,46476
148,46508
47,46540
325,46572
941,46604
775,46636
1431,46668
1159,46700
1879,46732
2063,46764
1878,46796
2143,46828
1916,46860
1308,46892
1440,46924
1168,46956
1053,46988
713,47020
456,47052
299,47084
200,47116
79,47148
732,47180
528,47212
1179,47244
1374,47276
1210,47308
1836,47340
2044,47372
1930,47404
2008,47436
1406,47468
1272,47500
1405,47532
780,47564
939,47596
328,47628
104,47660
216,47692
0,47724
221,47756
767,47788
681,47820
1261,47852
1133,47884
1725,47916
1920,47948
2189,47980
2248,48012
2010,48044
1772,48076
1532,48108
1272,48140
699,48172
810,48204
219,48236
348,48268
0,48300
3,48332
187,48364
444,48396
716,48428
894,48460
1173,48492
1400,48524
1639,48556
1867,48588
1757,48620
1598,48652
1815,48684
1095,48716
1309,48748
1040,48780
765,48812
587,48844
314,48876
0,48908
398,48940
634,48972
971,49004
1054,49036
1279,49068
1597,49100
1744,49132
2047,49164
2256,49196
1703,49228
1516,49260
1599,49292
1064,49324
1132,49356
910,49388
423,49420
199,49452
0,49484
0,49516
78,49548
362,49580
973,49612
808,49644
1080,49676
1630,49708
1532,49740
1773,49772
1976,49804
1737,49836
1872,49868
1184,49900
1398,49932
1134,49964
936,49996
670,50028
408,50060
0,50092
267,50124
135,50156
718,50188
589,50220
813,50252
1035,50284
1272,50316
1527,50348
1726,50380
1847,50412
1658,50444
1380,50476
1194,50508
892,50540
744,50572
941,50604
208,50636
453,50668
168,50700
366,50732
615,50764
844,50796
713,50828
1294,50860
1494,50892
1838,50924
1962,50956
2169,50988
2217,51020
1887,51052
1292,51084
1502,51116
841,51148
614,51180
767,51212
157,51244
300,51276
137,51308
75,51340
343,51372
476,51404
793,51436
925,51468
1210,51500
1849,51532
1671,51564
1912,51596
2136,51628
1515,51660
1335,51692
1065,51724
873,51756
991,51788
697,51820
537,51852
279,51884
277,51916
470,51948
702,51980
560,52012
1164,52044
1355,52076
1627,52108
1819,52140
1679,52172
2255,52204
1641,52236
1435,52268
1177,52300
972,52332
804,52364
525,52396
345,52428
400,52460
0,52492
0,52524
138,52556
429,52588
1088,52620
1241,52652
1519,52684
1719,52716
1575,52748
2185,52780
2222,52812
1659,52844
1744,52876
1516,52908
1401,52940
1018,52972
796,53004
647,53036
334,53068
0,53100
348,53132
192,53164
796,53196
991,53228
921,53260
1192,53292
1692,53324
1656,53356
2157,53388
1764,53420
1622,53452
1289,53484
1118,53516
1289,53548
663,53580
477,53612
216,53644
24,53676
0,53708
381,53740
347,53772
912,53804
1145,53836
1372,53868
1568,53900
1390,53932
2042,53964
2237,53996
2122,54028
1848,54060
1241,54092
1373,54124
782,54156
556,54188
327,54220
105,54252
0,54284
0,54316
107,54348
668,54380
557,54412
829,54444
1462,54476
1288,54508
1963,54540
2119,54572
2375,54604
2095,54636
1435,54668
1613,54700
1386,54732
803,54764
923,54796
653,54828
539,54860
187,54892
256,54924
556,54956
714,54988
589,55020
1244,55052
1039,55084
1696,55116
1903,55148
1735,55180
1869,55212
1952,55244
1403,55276
1472,55308
893,55340
760,55372
444,55404
270,55436
422,55468
0,55500
25,55532
636,55564
471,55596
734,55628
1280,55660
1193,55692
1787,55724
1658,55756
2253,55788
2187,55820
1530,55852
1710,55884
1480,55916
1242,55948
1016,55980
749,56012
554,56044
286,56076
0,56108
384,56140
248,56172
505,56204
704,56236
954,56268
1239,56300
1404,56332
1691,56364
1931,56396
1769,56428
1544,56460
1723,56492
1079,56524
1289,56556
586,56588
799,56620
525,56652
0,56684
267,56716
458,56748
377,56780
919,56812
1148,56844
1495,56876
1575,56908
1808,56940
2127,56972
2240,57004
2077,57036
1815,57068
1179,57100
1004,57132
1080,57164
552,57196
620,57228
395,57260
0,57292
250,57324
141,57356
457,57388
588,57420
874,57452
1498,57484
1322,57516
1597,57548
2160,57580
1913,57612
1679,57644
1447,57676
1213,57708
1340,57740
670,57772
886,57804
620,57836
416,57868
136,57900
328,57932
590,57964
781,57996
640,58028
1240,58060
1101,58092
1325,58124
1552,58156
1798,58188
1784,58220
1516,58252
1320,58284
1141,58316
861,58348
683,58380
853,58412
232,58444
422,58476
0,58508
491,58540
683,58572
503,58604
1131,58636
1368,58668
1227,58700
1824,58732
2025,58764
2379,58796
2096,58828
1835,58860
1679,58892
1360,58924
780,58956
986,58988
334,59020
104,59052
255,59084
0,59116
458,59148
662,59180
586,59212
1112,59244
986,59276
1308,59308
1448,59340
1736,59372
2345,59404
1690,59436
1463,59468
1598,59500
1003,59532
823,59564
552,59596
363,59628
477,59660
173,59692
333,59724
538,59756
806,59788
992,59820
1225,59852
1452,59884
1691,59916
1885,59948
2157,59980
2202,60012
1582,60044
1725,60076
1118,60108
921,60140
666,60172
464,60204
297,60236
21,60268
0,60300
45,60332
265,60364
493,60396
649,60428
942,60460
1613,60492
1354,60524
2063,60556
2251,60588
1834,60620
1967,60652
1691,60684
1143,60716
1230,60748
992,60780
879,60812
507,60844
283,60876
219,60908
367,60940
254,60972
863,61004
700,61036
1310,61068
1518,61100
1438,61132
1984,61164
2224,61196
1799,61228
1833,61260
1238,61292
1097,61324
779,61356
614,61388
766,61420
154,61452
0,61484
0,61516
173,61548
397,61580
906,61612
848,61644
1436,61676
1672,61708
1900,61740
2106,61772
2336,61804
2062,61836
1786,61868
1584,61900
1321,61932
720,61964
859,61996
269,62028
44,62060
0,62092
0,62124
166,62156
367,62188
620,62220
890,62252
1066,62284
1350,62316
1995,62348
1814,62380
2344,62412
1581,62444
1837,62476
1563,62508
921,62540
1097,62572
863,62604
284,62636
408,62668
121,62700
304,62732
571,62764
768,62796
1080,62828
1227,62860
1100,62892
1784,62924
1551,62956
2234,62988
2158,63020
1518,63052
1688,63084
1421,63116
889,63148
957,63180
390,63212
248,63244
0,63276
0,63308
457,63340
302,63372
535,63404
1112,63436
983,63468
1256,63500
1817,63532
1719,63564
2318,63596
1799,63628
1917,63660
1648,63692
1453,63724
1182,63756
956,63788
728,63820
492,63852
233,63884
239,63916
447,63948
303,63980
893,64012
763,64044
1017,64076
1209,64108
1470,64140
1754,64172
1898,64204
1717,64236
1483,64268
1244,64300
1019,64332
719,64364
571,64396
767,64428
75,64460
267,64492
330,64524
213,64556
783,64588
974,64620
1200,64652
1433,64684
1674,64716
2027,64748
2106,64780
2187,64812
2031,64844
1710,64876
1547,64908
1288,64940
666,64972
493,65004
570,65036
40,65068
77,65100
315,65132
283,65164
768,65196
652,65228
968,65260
1100,65292
1384,65324
2028,65356
1846,65388
1851,65420
1951,65452
1384,65484
1160,65516
924,65548
701,65580
826,65612
160,65644
360,65676
188,65708
456,65740
654,65772
844,65804
1101,65836
1296,65868
1160,65900
1760,65932
1616,65964
1862,65996
1694,66028
1466,66060
1260,66092
1002,66124
808,66156
631,66188
357,66220
179,66252
333,66284
0,66316
574,66348
301,66380
1004,66412
1193,66444
1015,66476
1647,66508
1888,66540
2074,66572
2329,66604
2047,66636
1929,66668
1566,66700
1308,66732
1161,66764
847,66796
281,66828
462,66860
0,66892
0,66924
525,66956
362,66988
970,67020
1167,67052
1099,67084
1631,67116
1508,67148
1832,67180
2281,67212
1639,67244
1815,67276
1174,67308
951,67340
1072,67372
488,67404
311,67436
41,67468
0,67500
397,67532
557,67564
574,67596
1052,67628
1320,67660
1516,67692
1752,67724
1981,67756
2220,67788
2140,67820
1936,67852
1673,67884
1067,67916
1197,67948
606,67980
411,68012
154,68044
0,68076
0,68108
54,68140
328,68172
555,68204
779,68236
1004,68268
1150,68300
1463,68332
2143,68364
1882,68396
2199,68428
1915,68460
1626,68492
1437,68524
1166,68556
622,68588
711,68620
479,68652
361,68684
192,68716
431,68748
735,68780
887,68812
764,68844
1376,68876
1212,68908
1838,68940
2058,68972
1928,69004
1997,69036
1772,69068
1271,69100
1039,69132
720,69164
589,69196
268,69228
100,69260
248,69292
0,69324
232,69356
413,69388
683,69420
909,69452
1420,69484
1369,69516
1968,69548
2201,69580
2282,69612
2000,69644
1804,69676
1532,69708
1259,69740
1068,69772
810,69804
217,69836
343,69868
0,69900
0,69932
190,69964
420,69996
679,70028
873,70060
1128,70092
1402,70124
1583,70156
1874,70188
2249,70220
1593,70252
1805,70284
1064,70316
1307,70348
1037,70380
796,70412
575,70444
348,70476
0,70508
442,70540
636,70572
987,70604
1086,70636
1289,70668
1609,70700
1754,70732
1616,70764
2313,70796
1691,70828
1899,70860
1632,70892
1002,70924
1162,70956
908,70988
379,71020
201,71052
0,71084
0,71116
91,71148
364,71180
973,71212
813,71244
1039,71276
1641,71308
1496,71340
1774,71372
2301,71404
1735,71436
1865,71468
1271,71500
1391,71532
1130,71564
928,71596
666,71628
443,71660
0,71692
304,71724
504,71756
763,71788
958,71820
814,71852
1408,71884
1275,71916
1532,71948
1737,71980
1838,72012
1656,72044
1372,72076
1194,72108
964,72140
742,72172
509,72204
206,72236
59,72268
229,72300
377,72332
667,72364
847,72396
726,72428
1305,72460
1498,72492
1405,72524
1962,72556
2204,72588
2283,72620
1884,72652
1660,72684
1501,72716
1182,72748
1023,72780
764,72812
157,72844
0,72876
139,72908
78,72940
347,72972
830,73004
795,73036
1288,73068
1162,73100
1481,73132
1616,73164
1912,73196
2167,73228
1514,73260
1325,73292
1420,73324
871,73356
653,73388
414,73420
191,73452
302,73484
0,73516
510,73548
713,73580
538,73612
1168,73644
1357,73676
1630,73708
1824,73740
1678,73772
2252,73804
1640,73836
1405,73868
1167,73900
944,73932
748,73964
490,73996
295,74028
116,74060
0,74092
0,74124
138,74156
439,74188
1095,74220
1241,74252
1527,74284
1721,74316
1529,74348
2187,74380
2266,74412
1655,74444
1788,74476
1504,74508
1389,74540
1050,74572
792,74604
637,74636
331,74668
0,74700
394,74732
201,74764
426,74796
1048,74828
872,74860
1159,74892
1694,74924
1613,74956
2158,74988
1754,75020
1621,75052
1290,75084
1118,75116
1279,75148
662,75180
439,75212
558,75244
0,75276
0,75308
87,75340
345,75372
921,75404
1072,75436
1384,75468
1578,75500
1392,75532
2044,75564
2281,75596
2122,75628
1883,75660
1613,75692
1407,75724
1145,75756
553,75788
683,75820
94,75852
0,75884
0,75916
109,75948
382,75980
558,76012
831,76044
1357,76076
1288,76108
1517,76140
2173,76172
1947,76204
2157,76236
1424,76268
1661,76300
1387,76332
794,76364
919,76396
652,76428
111,76460
186,76492
296,76524
633,76556
703,76588
944,76620
1255,76652
1403,76684
1274,76716
1911,76748
1739,76780
1868,76812
1949,76844
1400,76876
1470,76908
1244,76940
759,76972
784,77004
216,77036
75,77068
0,77100
25,77132
636,77164
472,77196
747,77228
924,77260
1195,77292
1423,77324
1949,77356
1897,77388
2218,77420
1528,77452
1742,77484
1472,77516
1276,77548
1006,77580
746,77612
553,77644
285,77676
0,77708
379,77740
253,77772
486,77804
704,77836
936,77868
1192,77900
1386,77932
1645,77964
2237,77996
1721,78028
1542,78060
1719,78092
1082,78124
1277,78156
552,78188
795,78220
523,78252
0,78284
269,78316
505,78348
381,78380
968,78412
1151,78444
1495,78476
1609,78508
1817,78540
2137,78572
2236,78604
1639,78636
1852,78668
1176,78700
951,78732
1112,78764
492,78796
647,78828
393,78860
0,78892
255,78924
139,78956
455,78988
591,79020
876,79052
1499,79084
1326,79116
1563,79148
2170,79180
1865,79212
1676,79244
1771,79276
1211,79308
1337,79340
1034,79372
875,79404
616,79436
411,79468
134,79500
365,79532
592,79564
827,79596
719,79628
1275,79660
1470,79692
1336,79724
1945,79756
1791,79788
1784,79820
1516,79852
1322,79884
1132,79916
859,79948
689,79980
455,80012
230,80044
4,80076
0,80108
93,80140
749,80172
505,80204
1179,80236
1369,80268
1238,80300
1835,80332
2026,80364
1931,80396
2094,80428
1856,80460
1743,80492
1356,80524
1132,80556
984,80588
668,80620
106,80652
252,80684
0,80716
138,80748
665,80780
588,80812
1114,80844
1353,80876
1310,80908
1806,80940
1678,80972
1975,81004
1638,81036
1462,81068
1640,81100
998,81132
812,81164
894,81196
359,81228
135,81260
172,81292
10,81324
574,81356
375,81388
1032,81420
1228,81452
1496,81484
1694,81516
1886,81548
2157,81580
2201,81612
1578,81644
1722,81676
1117,81708
890,81740
1132,81772
432,81804
236,81836
0,81868
0,81900
42,81932
226,81964
500,81996
649,82028
951,82060
1612,82092
1328,82124
2059,82156
2251,82188
1782,82220
1963,82252
1728,82284
1140,82316
1258,82348
990,82380
875,82412
538,82444
271,82476
215,82508
368,82540
256,82572
907,82604
704,82636
940,82668
1560,82700
1388,82732
2025,82764
2224,82796
1752,82828
1822,82860
1228,82892
1095,82924
776,82956
605,82988
765,83020
152,83052
0,83084
264,83116
135,83148
407,83180
943,83212
857,83244
1439,83276
1597,83308
1903,83340
2108,83372
2329,83404
2060,83436
1821,83468
1582,83500
1355,83532
1085,83564
891,83596
623,83628
43,83660
0,83692
0,83724
171,83756
363,83788
620,83820
890,83852
1070,83884
1352,83916
1885,83948
1816,83980
1885,84012
1578,84044
1419,84076
1629,84108
910,84140
1133,84172
864,84204
282,84236
400,84268
119,84300
43,84332
574,84364
810,84396
1151,84428
1229,84460
1468,84492
1775,84524
1932,84556
1800,84588
2156,84620
1514,84652
1678,84684
1420,84716
888,84748
954,84780
740,84812
247,84844
268,84876
0,84908
121,84940
252,84972
536,85004
1150,85036
985,85068
1259,85100
1818,85132
1721,85164
1959,85196
2078,85228
1559,85260
1688,85292
1453,85324
1214,85356
954,85388
760,85420
494,85452
233,85484
249,85516
445,85548
304,85580
615,85612
765,85644
991,85676
1215,85708
1451,85740
1708,85772
1865,85804
1658,85836
1776,85868
1195,85900
1015,85932
1191,85964
567,85996
763,86028
40,86060
267,86092
335,86124
170,86156
792,86188
1021,86220
890,86252
1482,86284
1676,86316
2025,86348
2142,86380
2186,86412
2029,86444
1709,86476
1116,86508
1320,86540
664,86572
855,86604
601,86636
0,86668
115,86700
316,86732
249,86764
776,86796
651,86828
967,86860
1561,86892
1387,86924
2027,86956
1852,86988
1813,87020
1946,87052
1341,87084
1149,87116
1242,87148
698,87180
815,87212
247,87244
349,87276
190,87308
459,87340
656,87372
889,87404
1104,87436
1339,87468
1532,87500
1417,87532
2008,87564
1863,87596
2064,87628
1464,87660
1256,87692
999,87724
806,87756
628,87788
348,87820
168,87852
0,87884
0,87916
157,87948
312,87980
613,88012
1263,88044
1020,88076
1707,88108
1899,88140
2079,88172
2317,88204
2040,88236
1479,88268
1568,88300
1336,88332
1225,88364
830,88396
617,88428
460,88460
153,88492
319,88524
526,88556
365,88588
650,88620
1179,88652
1099,88684
1631,88716
1880,88748
1834,88780
1913,88812
1576,88844
1437,88876
1115,88908
940,88940
1104,88972
488,89004
301,89036
384,89068
0,89100
63,89132
295,89164
521,89196
1098,89228
888,89260
1560,89292
1756,89324
2026,89356
2222,89388
2138,89420
1546,89452
1662,89484
1068,89516
1199,89548
602,89580
391,89612
151,89644
0,89676
0,89708
27,89740
280,89772
556,89804
732,89836
1002,89868
1162,89900
1468,89932
2137,89964
1860,89996
2187,90028
1915,90060
1658,90092
1435,90124
1208,90156
631,90188
746,90220
476,90252
349,90284
234,90316
442,90348
744,90380
890,90412
766,90444
1432,90476
1215,90508
1448,90540
2090,90572
1866,90604
2028,90636
1771,90668
1225,90700
1036,90732
717,90764
584,90796
266,90828
93,90860
237,90892
0,90924
203,90956
778,90988
647,91020
908,91052
1100,91084
1371,91116
1965,91148
2127,91180
2269,91212
1998,91244
1801,91276
1528,91308
1295,91340
688,91372
831,91404
574,91436
376,91468
103,91500
0,91532
559,91564
426,91596
680,91628
966,91660
1130,91692
1405,91724
1592,91756
1880,91788
2138,91820
1593,91852
1358,91884
1054,91916
907,91948
1113,91980
795,92012
619,92044
347,92076
0,92108
447,92140
639,92172
557,92204
1098,92236
1326,92268
1677,92300
1755,92332
1994,92364
2315,92396
2048,92428
1455,92460
1630,92492
1001,92524
1152,92556
904,92588
377,92620
187,92652
216,92684
0,92716
431,92748
318,92780
633,92812
764,92844
1047,92876
1691,92908
1499,92940
1784,92972
1926,93004
1725,93036
1497,93068
1551,93100
1037,93132
1164,93164
925,93196
702,93228
440,93260
0,93292
316,93324
510,93356
765,93388
960,93420
826,93452
1417,93484
1278,93516
1510,93548
1738,93580
1806,93612
1607,93644
1339,93676
1142,93708
1257,93740
685,93772
507,93804
671,93836
54,93868
219,93900
383,93932
667,93964
857,93996
682,94028
1309,94060
1548,94092
1405,94124
2010,94156
2206,94188
2280,94220
1916,94252
1656,94284
1499,94316
1182,94348
605,94380
809,94412
156,94444
332,94476
183,94508
40,94540
301,94572
840,94604
760,94636
1290,94668
1164,94700
1483,94732
1625,94764
1914,94796
2157,94828
1512,94860
1278,94892
1418,94924
823,94956
638,94988
728,95020
187,95052
298,95084
0,95116
521,95148
716,95180
542,95212
1178,95244
1405,95276
1632,95308
1870,95340
2064,95372
2286,95404
2014,95436
1402,95468
1536,95500
941,95532
747,95564
479,95596
295,95628
115,95660
0,95692
0,95724
219,95756
440,95788
667,95820
1295,95852
1125,95884
1791,95916
1532,95948
2237,95980
2263,96012
1656,96044
1787,96076
1512,96108
957,96140
1049,96172
825,96204
703,96236
329,96268
84,96300
397,96332
552,96364
843,96396
1038,96428
875,96460
1162,96492
1706,96524
1624,96556
2169,96588
2123,96620
1611,96652
1643,96684
1060,96716
923,96748
601,96780
440,96812
588,96844
0,96876
0,96908
432,96940
349,96972
573,97004
798,97036
1033,97068
1623,97100
1392,97132
2088,97164
2286,97196
2152,97228
1882,97260
1608,97292
1404,97324
1136,97356
552,97388
681,97420
93,97452
0,97484
0,97516
88,97548
345,97580
528,97612
791,97644
1067,97676
1244,97708
1525,97740
2181,97772
1943,97804
2155,97836
1400,97868
1659,97900
1376,97932
743,97964
912,97996
688,98028
116,98060
218,98092
300,98124
636,98156
750,98188
954,98220
1257,98252
1405,98284
1276,98316
1964,98348
1740,98380
1806,98412
1981,98444
1338,98476
1499,98508
1243,98540
713,98572
782,98604
216,98636
72,98668
0,98700
29,98732
637,98764
486,98796
711,98828
1294,98860
1162,98892
1432,98924
1623,98956
1897,98988
2217,99020
1901,99052
1739,99084
1468,99116
1264,99148
1004,99180
782,99212
552,99244
320,99276
155,99308
424,99340
619,99372
478,99404
1071,99436
927,99468
1192,99500
1389,99532
1656,99564
1932,99596
1712,99628
1530,99660
1295,99692
1076,99724
845,99756
543,99788
395,99820
589,99852
0,99884
319,99916
509,99948
382,99980
967,100012
1152,100044
1067,100076
1624,100108
1854,100140
2207,100172
2222,100204
1999,100236
1848,100268
1529,100300
943,100332
1111,100364
489,100396
637,100428
383,100460
0,100492
267,100524
493,100556
459,100588
943,100620
824,100652
1145,100684
1275,100716
1562,100748
2207,100780
1863,100812
1672,100844
1392,100876
1207,100908
975,100940
1024,100972
525,101004
640,101036
407,101068
159,101100
378,101132
636,101164
830,101196
1008,101228
1287,101260
1482,101292
1338,101324
1946,101356
1803,101388
1754,101420
1513,101452
1286,101484
1083,101516
829,101548
632,101580
455,101612
170,101644
2,101676
263,101708
105,101740
758,101772
486,101804
1181,101836
1373,101868
1193,101900
1839,101932
2080,101964
1941,101996
2138,102028
1853,102060
1581,102092
1387,102124
1132,102156
975,102188
668,102220
103,102252
284,102284
0,102316
494,102348
700,102380
540,102412
1149,102444
1357,102476
1275,102508
1816,102540
1688,102572
1962,102604
1628,102636
1452,102668
1623,102700
996,102732
777,102764
904,102796
315,102828
125,102860
190,102892
8,102924
583,102956
461,102988
1037,103020
1232,103052
1497,103084
1694,103116
1931,103148
2168,103180
2232,103212
1960,103244
1756,103276
1484,103308
889,103340
1018,103372
429,103404
236,103436
0,103468
0,103500
53,103532
232,103564
504,103596
731,103628
953,103660
1196,103692
1336,103724
1643,103756
2331,103788
1773,103820
2007,103852
1727,103884
1129,103916
1259,103948
986,103980
752,104012
526,104044
300,104076
285,104108
377,104140
607,104172
921,104204
1056,104236
1356,104268
1564,104300
1389,104332
1684,104364
2234,104396
1742,104428
1820,104460
1592,104492
1095,104524
1118,104556
550,104588
413,104620
94,104652
0,104684
296,104716
139,104748
408,104780
954,104812
860,104844
1085,104876
1319,104908
1545,104940
2154,104972
1870,105004
2094,105036
1820,105068
1616,105100
1354,105132
1085,105164
887,105196
621,105228
39,105260
155,105292
0,105324
144,105356
365,105388
592,105420
855,105452
1040,105484
1304,105516
1591,105548
1769,105580
1882,105612
2063,105644
1416,105676
1625,105708
878,105740
1128,105772
859,105804
234,105836
395,105868
151,105900
348,105932
622,105964
812,105996
1149,106028
1271,106060
1470,106092
1787,106124
1932,106156
1804,106188
2200,106220
1512,106252
1292,106284
1452,106316
826,106348
986,106380
730,106412
200,106444
267,106476
0,106508
122,106540
697,106572
543,106604
1161,106636
985,106668
1224,106700
1820,106732
1687,106764
1960,106796
1741,106828
1549,106860
1679,106892
1372,106924
1213,106956
952,106988
749,107020
492,107052
256,107084
252,107116
489,107148
682,107180
939,107212
1133,107244
998,107276
1593,107308
1452,107340
1712,107372
1863,107404
1657,107436
1468,107468
1194,107500
1015,107532
795,107564
554,107596
333,107628
40,107660
0,107692
410,107724
172,107756
845,107788
1033,107820
1210,107852
1485,107884
1688,107916
1591,107948
2142,107980
2220,108012
2095,108044
1705,108076
1472,108108
1321,108140
1004,108172
432,108204
590,108236
0,108268
103,108300
330,108332
260,108364
778,108396
1008,108428
971,108460
1207,108492
1338,108524
1661,108556
1801,108588
1803,108620
1980,108652
1334,108684
1149,108716
886,108748
695,108780
469,108812
512,108844
22,108876
235,108908
461,108940
700,108972
891,109004
1150,109036
1352,109068
1545,109100
1816,109132
2010,109164
1867,109196
2064,109228
1453,109260
1226,109292
990,109324
775,109356
580,109388
315,109420
119,109452
0,109484
0,109516
167,109548
781,109580
615,109612
1271,109644
1000,109676
1708,109708
1903,109740
2123,109772
2313,109804
2079,109836
1479,109868
1608,109900
1336,109932
1211,109964
871,109996
617,110028
464,110060
153,110092
0,110124
574,110156
375,110188
1016,110220
1215,110252
1051,110284
1675,110316
1883,110348
1799,110380
1901,110412
1574,110444
1432,110476
1104,110508
940,110540
1101,110572
485,110604
263,110636
380,110668
0,110700
71,110732
606,110764
521,110796
1097,110828
973,110860
1563,110892
1760,110924
2027,110956
2224,110988
2172,111020
1546,111052
1696,111084
1424,111116
1227,111148
968,111180
379,111212
508,111244
0,111276
0,111308
26,111340
285,111372
568,111404
741,111436
1013,111468
1241,111500
1467,111532
1707,111564
1864,111596
1771,111628
1979,111660
1657,111692
1481,111724
1200,111756
625,111788
743,111820
473,111852
0,111884
235,111916
473,111948
813,111980
893,112012
1120,112044
1435,112076
1581,112108
1897,112140
2093,112172
1864,112204
1688,112236
1760,112268
1223,112300
1035,112332
1068,112364
583,112396
603,112428
41,112460
0,112492
0,112524
203,112556
814,112588
650,112620
923,112652
1468,112684
1371,112716
1609,112748
1846,112780
1901,112812
2042,112844
1343,112876
1562,112908
1292,112940
664,112972
838,113004
570,113036
376,113068
87,113100
0,113132
559,113164
429,113196
654,113228
879,113260
1112,113292
1367,113324
1578,113356
1832,113388
1820,113420
1534,113452
1353,113484
1053,113516
902,113548
1096,113580
793,113612
619,113644
346,113676
0,113708
455,113740
684,113772
564,113804
1135,113836
1335,113868
1675,113900
1799,113932
1997,113964
2319,113996
2048,114028
1455,114060
1673,114092
992,114124
774,114156
928,114188
324,114220
141,114252
207,114284
0,114316
430,114348
318,114380
633,114412
767,114444
1050,114476
1679,114508
1502,114540
1751,114572
2296,114604
1687,114636
1495,114668
1223,114700
1033,114732
1161,114764
858,114796
697,114828
438,114860
0,114892
314,114924
552,114956
768,114988
1005,115020
1196,115052
1455,115084
1658,115116
1514,115148
2123,115180
1803,115212
1596,115244
1338,115276
1134,115308
953,115340
684,115372
503,115404
569,115436
54,115468
0,115500
441,115532
279,115564
927,115596
682,115628
1359,115660
1551,115692
1788,115724
2011,115756
2207,115788
1821,115820
1913,115852
1679,115884
1563,115916
1179,115948
955,115980
808,116012
490,116044
0,116076
183,116108
41,116140
322,116172
841,116204
770,116236
1292,116268
1531,116300
1495,116332
1994,116364
1864,116396
1784,116428
1452,116460
1276,116492
1448,116524
822,116556
635,116588
375,116620
184,116652
0,116684
221,116716
185,116748
752,116780
553,116812
1212,116844
1406,116876
1678,116908
1880,116940
2074,116972
2283,117004
2012,117036
1391,117068
1531,117100
939,117132
714,117164
479,117196
262,117228
69,117260
0,117292
0,117324
506,117356
396,117388
669,117420
1293,117452
1127,117484
1799,117516
1514,117548
2247,117580
2255,117612
1595,117644
1783,117676
1549,117708
953,117740
1084,117772
814,117804
699,117836
359,117868
75,117900
397,117932
552,117964
430,117996
1086,118028
880,118060
1114,118092
1741,118124
1576,118156
2204,118188
2112,118220
1564,118252
1641,118284
1053,118316
919,118348
603,118380
428,118412
585,118444
0,118476
0,118508
432,118540
313,118572
584,118604
1120,118636
1035,118668
1623,118700
1784,118732
2090,118764
2286,118796
2150,118828
1872,118860
1642,118892
1405,118924
1168,118956
909,118988
715,119020
456,119052
0,119084
217,119116
93,119148
347,119180
540,119212
804,119244
1076,119276
1252,119308
1528,119340
1758,119372
1940,119404
1707,119436
1392,119468
1240,119500
1449,119532
742,119564
957,119596
686,119628
105,119660
217,119692
299,119724
221,119756
760,119788
987,119820
1325,119852
1407,119884
1644,119916
1963,119948
2112,119980
1804,120012
1978,120044
1336,120076
1164,120108
1232,120140
712,120172
778,120204
558,120236
62,120268
73,120300
0,120332
297,120364
428,120396
712,120428
1336,120460
1164,120492
1433,120524
1999,120556
1901,120588
1849,120620
1898,120652
1373,120684
1500,120716
829,120748
1036,120780
780,120812
574,120844
318,120876
167,120908
427,120940
621,120972
480,121004
1081,121036
941,121068
1165,121100
1885,121132
1637,121164
1894,121196
1678,121228
1480,121260
1303,121292
1018,121324
843,121356
540,121388
391,121420
583,121452
0,121484
327,121516
523,121548
346,121580
971,121612
1208,121644
1075,121676
1662,121708
1864,121740
2215,121772
2265,121804
1997,121836
1849,121868
1515,121900
941,121932
1144,121964
491,121996
266,122028
414,122060
0,122092
296,122124
494,122156
426,122188
952,122220
828,122252
1144,122284
1278,122316
1575,122348
2217,122380
1851,122412
1625,122444
1760,122476
1159,122508
972,122540
1067,122572
523,122604
637,122636
343,122668
153,122700
380,122732
635,122764
840,122796
1066,122828
1290,122860
1520,122892
1722,122924
1992,122956
2189,122988
1744,123020
1591,123052
1277,123084
1084,123116
825,123148
623,123180
454,123212
170,123244
1,123276
165,123308
106,123340
333,123372
480,123404
791,123436
1449,123468
1196,123500
1887,123532
2080,123564
1943,123596
2137,123628
1854,123660
1291,123692
1384,123724
1152,123756
1049,123788
663,123820
442,123852
283,123884
206,123916
102,123948
702,123980
543,124012
1151,124044
1355,124076
1276,124108
1819,124140
2060,124172
1950,124204
1984,124236
1398,124268
1257,124300
939,124332
763,124364
926,124396
311,124428
124,124460
202,124492
18,124524
249,124556
744,124588
697,124620
1278,124652
1499,124684
1742,124716
1942,124748
2208,124780
2232,124812
1948,124844
1755,124876
1480,124908
879,124940
731,124972
426,125004
204,125036
0,125068
0,125100
18,125132
202,125164
458,125196
1021,125228
909,125260
1190,125292
1831,125324
1651,125356
2331,125388
1740,125420
2005,125452
1725,125484
1079,125516
1248,125548
1023,125580
444,125612
568,125644
300,125676
297,125708
411,125740
608,125772
921,125804
1065,125836
940,125868
1610,125900
1400,125932
2064,125964
2270,125996
1678,126028
1851,126060
1584,126092
1048,126124
1116,126156
549,126188
411,126220
523,126252
0,126284
297,126316
142,126348
375,126380
954,126412
825,126444
1095,126476
1642,126508
1557,126540
2155,126572
1961,126604
2087,126636
1818,126668
1612,126700
1344,126732
1118,126764
888,126796
655,126828
396,126860
0,126892
281,126924
143,126956
733,126988
603,127020
856,127052
1053,127084
1317,127116
1591,127148
1772,127180
1879,127212
1645,127244
1405,127276
1181,127308
878,127340
728,127372
925,127404
234,127436
441,127468
153,127500
350,127532
631,127564
815,127596
731,127628
1264,127660
1504,127692
1864,127724
1641,127756
2175,127788
2199,127820
1880,127852
1707,127884
1449,127916
826,127948
650,127980
720,128012
202,128044
267,128076
155,128108
122,128140
359,128172
490,128204
807,128236
940,128268
1226,128300
1866,128332
1686,128364
1963,128396
2120,128428
1545,128460
1319,128492
1083,128524
861,128556
986,128588
318,128620
520,128652
256,128684
286,128716
490,128748
684,128780
571,128812
1144,128844
1000,128876
1598,128908
1456,128940
1691,128972
1853,129004
1626,129036
1418,129068
1162,129100
966,129132
791,129164
508,129196
328,129228
30,129260
0,129292
411,129324
144,129356
845,129388
1035,129420
1244,129452
1487,129484
1726,129516
1594,129548
2190,129580
2206,129612
2091,129644
1735,129676
1467,129708
1312,129740
1005,129772
428,129804
631,129836
0,129868
0,129900
352,129932
213,129964
811,129996
1015,130028
936,130060
1209,130092
1340,130124
1671,130156
1804,130188
1800,130220
1967,130252
1326,130284
1101,130316
1241,130348
650,130380
472,130412
199,130444
16,130476
237,130508
407,130540
697,130572
895,130604
1165,130636
1356,130668
1582,130700
1432,130732
2048,130764
2251,130796
2105,130828
1832,130860
1225,130892
1356,130924
765,130956
570,130988
315,131020
112,131052
0,131084
0,131116
168,131148
683,131180
618,131212
843,131244
1000,131276
1302,131308
1981,131340
2127,131372
2359,131404
2077,131436
1468,131468
1599,131500
1334,131532
791,131564
864,131596
640,131628
512,131660
139,131692
272,131724
573,131756
720,131788
604,131820
1216,131852
1054,131884
1676,131916
1885,131948
1802,131980
1897,132012
1936,132044
1432,132076
1463,132108
876,132140
745,132172
428,132204
262,132236
409,132268
0,132300
72,132332
266,132364
523,132396
749,132428
1257,132460
1209,132492
1804,132524
2029,132556
2268,132588
2168,132620
1514,132652
1694,132684
1421,132716
1226,132748
960,132780
376,132812
503,132844
0,132876
0,132908
30,132940
267,132972
521,133004
714,133036
968,133068
1536,133100
1419,133132
1714,133164
2359,133196
1753,133228
1966,133260
1647,133292
1469,133324
1199,133356
568,133388
735,133420
510,133452
0,133484
286,133516
474,133548
821,133580
938,133612
1131,133644
1437,133676
1592,133708
1455,133740
2140,133772
1852,133804
2062,133836
1792,133868
1162,133900
987,133932
1066,133964
537,133996
602,134028
40,134060
0,134092
0,134124
204,134156
813,134188
652,134220
887,134252
1472,134284
1339,134316
1612,134348
2175,134380
1897,134412
2029,134444
1432,134476
1561,134508
1290,134540
656,134572
830,134604
601,134636
368,134668
123,134700
343,134732
604,134764
797,134796
664,134828
1246,134860
1115,134892
1370,134924
1568,134956
1833,134988
1817,135020
1533,135052
1353,135084
1117,135116
900,135148
667,135180
843,135212
219,135244
409,135276
0,135308
505,135340
699,135372
567,135404
1145,135436
1336,135468
1243,135500
1800,135532
2041,135564
2395,135596
2048,135628
1819,135660
1662,135692
1352,135724
1183,135756
926,135788
315,135820
138,135852
205,135884
0,135916
443,135948
678,135980
636,136012
1129,136044
1001,136076
1321,136108
1454,136140
1751,136172
2328,136204
1677,136236
1485,136268
1583,136300
1031,136332
809,136364
573,136396
347,136428
460,136460
0,136492
352,136524
554,136556
813,136588
1004,136620
1197,136652
1465,136684
1659,136716
1516,136748
2128,136780
1803,136812
1574,136844
1336,136876
1110,136908
904,136940
649,136972
456,137004
276,137036
5,137068
0,137100
443,137132
281,137164
939,137196
656,137228
1356,137260
1552,137292
1368,137324
2015,137356
2255,137388
1818,137420
1951,137452
1677,137484
1559,137516
1210,137548
952,137580
795,137612
490,137644
0,137676
220,137708
41,137740
268,137772
875,137804
714,137836
1327,137868
1534,137900
1451,137932
1999,137964
1868,137996
1783,138028
1448,138060
1274,138092
1449,138124
814,138156
599,138188
719,138220
137,138252
0,138284
0,138316
185,138348
761,138380
919,138412
1215,138444
1408,138476
1677,138508
1884,138540
2120,138572
2280,138604
2045,138636
1771,138668
1579,138700
1306,138732
713,138764
842,138796
253,138828
62,138860
0,138892
0,138924
219,138956
400,138988
679,139020
907,139052
1128,139084
1355,139116
1519,139148
1832,139180
2329,139212
1594,139244
1823,139276
1547,139308
952,139340
1081,139372
812,139404
267,139436
349,139468
119,139500
474,139532
558,139564
784,139596
1099,139628
1242,139660
1116,139692
1752,139724
1575,139756
2265,139788
2110,139820
1562,139852
1631,139884
1406,139916
919,139948
942,139980
366,140012
234,140044
0,140076
0,140108
472,140140
314,140172
587,140204
774,140236
1037,140268
1271,140300
1788,140332
1735,140364
2334,140396
2141,140428
1912,140460
1632,140492
1438,140524
1166,140556
893,140588
715,140620
444,140652
0,140684
221,140716
95,140748
327,140780
541,140812
776,140844
1029,140876
1228,140908
1482,140940
1769,140972
1883,141004
1702,141036
1883,141068
1237,141100
1438,141132
710,141164
955,141196
683,141228
58,141260
217,141292
345,141324
221,141356
797,141388
990,141420
1180,141452
1451,141484
1648,141516
1967,141548
2122,141580
1802,141612
2016,141644
1327,141676
1534,141708
1272,141740
652,141772
810,141804
544,141836
25,141868
77,141900
0,141932
297,141964
432,141996
718,142028
1337,142060
1164,142092
1404,142124
2008,142156
1865,142188
1847,142220
1933,142252
1373,142284
1502,142316
919,142348
1023,142380
778,142412
573,142444
314,142476
205,142508
440,142540
666,142572
856,142604
1120,142636
1311,142668
1176,142700
1776,142732
1631,142764
1896,142796
1677,142828
1479,142860
1292,142892
1018,142924
839,142956
607,142988
389,143020
157,143052
0,143084
0,143116
591,143148
350,143180
1019,143212
1211,143244
1077,143276
1671,143308
1866,143340
2089,143372
2256,143404
2027,143436
1913,143468
1517,143500
1294,143532
1147,143564
831,143596
669,143628
410,143660
0,143692
0,143724
507,143756
438,143788
955,143820
1193,143852
1149,143884
1647,143916
1515,143948
1849,143980
1792,144012
1623,144044
1800,144076
1156,144108
971,144140
1066,144172
519,144204
287,144236
60,144268
0,144300
414,144332
208,144364
874,144396
1070,144428
1328,144460
1530,144492
1722,144524
1992,144556
2191,144588
1742,144620
1883,144652
1273,144684
1049,144716
815,144748
589,144780
395,144812
140,144844
0,144876
0,144908
70,144940
341,144972
967,145004
793,145036
1451,145068
1175,145100
1895,145132
2080,145164
1895,145196
2125,145228
1898,145260
1611,145292
1420,145324
1150,145356
1036,145388
695,145420
430,145452
271,145484
217,145516
104,145548
750,145580
553,145612
778,145644
1391,145676
1228,145708
1853,145740
2062,145772
1913,145804
1992,145836
1392,145868
1256,145900
1383,145932
760,145964
925,145996
309,146028
87,146060
198,146092
0,146124
237,146156
428,146188
699,146220
1277,146252
1436,146284
1741,146316
1944,146348
2215,146380
2222,146412
1993,146444
1754,146476
1516,146508
1244,146540
1052,146572
783,146604
201,146636
331,146668
0,146700
21,146732
206,146764
462,146796
733,146828
910,146860
1191,146892
1419,146924
1654,146956
1883,146988
1740,147020
1579,147052
1789,147084
1072,147116
1293,147148
1021,147180
745,147212
555,147244
288,147276
0,147308
416,147340
653,147372
989,147404
1070,147436
1308,147468
1613,147500
1760,147532
1639,147564
2281,147596
1677,147628
1837,147660
1583,147692
1038,147724
1115,147756
890,147788
397,147820
183,147852
0,147884
0,147916
102,147948
379,147980
992,148012
826,148044
1099,148076
1286,148108
1559,148140
1789,148172
2240,148204
1721,148236
1853,148268
1625,148300
1374,148332
1116,148364
920,148396
654,148428
391,148460
185,148492
286,148524
152,148556
735,148588
605,148620
838,148652
1056,148684
1290,148716
1545,148748
1744,148780
1827,148812
1642,148844
1356,148876
1177,148908
1350,148940
725,148972
923,149004
200,149036
429,149068
163,149100
394,149132
633,149164
864,149196
734,149228
1320,149260
1512,149292
1865,149324
1977,149356
2188,149388
2191,149420
1869,149452
1274,149484
1483,149516
824,149548
1006,149580
750,149612
140,149644
286,149676
159,149708
93,149740
361,149772
492,149804
809,149836
942,149868
1227,149900
1867,149932
1691,149964
1928,149996
2110,150028
1496,150060
1319,150092
1402,150124
857,150156
975,150188
407,150220
511,150252
254,150284
297,150316
492,150348
727,150380
584,150412
1182,150444
1375,150476
1644,150508
1839,150540
1693,150572
2237,150604
1616,150636
1418,150668
1152,150700
954,150732
789,150764
505,150796
328,150828
107,150860
0,150892
4,150924
152,150956
455,150988
1113,151020
1247,151052
1547,151084
1737,151116
1593,151148
2201,151180
2205,151212
1643,151244
1727,151276
1498,151308
1375,151340
1001,151372
778,151404
622,151436
316,151468
141,151500
374,151532
216,151564
490,151596
1019,151628
940,151660
1209,151692
1710,151724
1674,151756
2174,151788
1738,151820
1597,151852
1274,151884
1100,151916
1274,151948
648,151980
459,152012
540,152044
8,152076
0,152108
135,152140
363,152172
936,152204
730,152236
1390,152268
1592,152300
1408,152332
2062,152364
2254,152396
2104,152428
1822,152460
1227,152492
1359,152524
763,152556
538,152588
303,152620
80,152652
0,152684
0,152716
121,152748
403,152780
571,152812
852,152844
1004,152876
1304,152908
1980,152940
2137,152972
2356,153004
2075,153036
1415,153068
1595,153100
1368,153132
787,153164
905,153196
637,153228
510,153260
173,153292
280,153324
584,153356
729,153388
615,153420
1271,153452
1064,153484
1290,153516
1929,153548
1752,153580
1859,153612
1934,153644
1384,153676
1454,153708
878,153740
743,153772
427,153804
250,153836
397,153868
0,153900
40,153932
618,153964
488,153996
759,154028
939,154060
1209,154092
1803,154124
1965,154156
2271,154188
2167,154220
1514,154252
1694,154284
1456,154316
1226,154348
992,154380
730,154412
537,154444
269,154476
0,154508
397,154540
269,154572
522,154604
716,154636
970,154668
1245,154700
1424,154732
1716,154764
2253,154796
1754,154828
1518,154860
1705,154892
1065,154924
1263,154956
568,154988
779,155020
505,155052
0,155084
287,155116
478,155148
399,155180
928,155212
1165,155244
1513,155276
1593,155308
1834,155340
2143,155372
2220,155404
1616,155436
1791,155468
1152,155500
986,155532
1065,155564
534,155596
600,155628
376,155660
0,155692
269,155724
166,155756
475,155788
604,155820
888,155852
1514,155884
1349,155916
1613,155948
1814,155980
1895,156012
1659,156044
1719,156076
1197,156108
1320,156140
652,156172
860,156204
600,156236
398,156268
136,156300
347,156332
607,156364
799,156396
667,156428
1247,156460
1115,156492
1351,156524
1579,156556
1817,156588
1769,156620
1500,156652
1296,156684
1408,156716
843,156748
665,156780
838,156812
214,156844
407,156876
0,156908
502,156940
697,156972
512,157004
1149,157036
1384,157068
1244,157100
1848,157132
2042,157164
2396,157196
2080,157228
1817,157260
1659,157292
1340,157324
764,157356
960,157388
312,157420
90,157452
224,157484
0,157516
477,157548
680,157580
600,157612
1128,157644
1002,157676
1325,157708
1464,157740
1754,157772
2327,157804
1672,157836
1448,157868
1580,157900
984,157932
798,157964
889,157996
345,158028
461,158060
155,158092
350,158124
558,158156
821,158188
1006,158220
1244,158252
1472,158284
1709,158316
1901,158348
2175,158380
2176,158412
1562,158444
1704,158476
1101,158508
905,158540
650,158572
447,158604
266,158636
2,158668
0,158700
59,158732
283,158764
507,158796
665,158828
959,158860
1631,158892
1374,158924
2075,158956
2267,158988
1815,159020
1947,159052
1674,159084
1116,159116
1208,159148
974,159180
864,159212
478,159244
264,159276
235,159308
392,159340
270,159372
888,159404
718,159436
1004,159468
1536,159500
1463,159532
2000,159564
2239,159596
1769,159628
1807,159660
1212,159692
1081,159724
762,159756
588,159788
748,159820
136,159852
0,159884
270,159916
190,159948
421,159980
921,160012
873,160044
1456,160076
1241,160108
1920,160140
2124,160172
2318,160204
2042,160236
1773,160268
1567,160300
1305,160332
704,160364
841,160396
251,160428
26,160460
251,160492
0,160524
184,160556
378,160588
635,160620
907,160652
1084,160684
1368,160716
1518,160748
1831,160780
2326,160812
1562,160844
1819,160876
1535,160908
903,160940
1071,160972
848,161004
273,161036
383,161068
121,161100
475,161132
589,161164
796,161196
1101,161228
1243,161260
1128,161292
1800,161324
1582,161356
1819,161388
2142,161420
1498,161452
1672,161484
1404,161516
877,161548
939,161580
366,161612
233,161644
0,161676
0,161708
473,161740
324,161772
555,161804
1134,161836
1000,161868
1272,161900
1824,161932
1737,161964
2335,161996
2064,162028
1901,162060
1631,162092
1433,162124
1166,162156
941,162188
710,162220
477,162252
217,162284
265,162316
459,162348
328,162380
621,162412
778,162444
1023,162476
1227,162508
1486,162540
1772,162572
1880,162604
1694,162636
1768,162668
1229,162700
1003,162732
703,162764
555,162796
749,162828
66,162860
251,162892
351,162924
231,162956
807,162988
992,163020
907,163052
1454,163084
1692,163116
2043,163148
2122,163180
2170,163212
2013,163244
1692,163276
1100,163308
1270,163340
639,163372
800,163404
544,163436
23,163468
87,163500
332,163532
311,163564
784,163596
675,163628
987,163660
1118,163692
1403,163724
2044,163756
1867,163788
1833,163820
1851,163852
1368,163884
1143,163916
1191,163948
686,163980
806,164012
573,164044
344,164076
206,164108
476,164140
672,164172
862,164204
1129,164236
1322,164268
1180,164300
1483,164332
1642,164364
1871,164396
1664,164428
1450,164460
1244,164492
985,164524
781,164556
902,164588
333,164620
155,164652
315,164684
0,164716
589,164748
326,164780
1019,164812
1212,164844
1032,164876
1675,164908
1920,164940
1779,164972
2301,165004
2024,165036
1911,165068
1549,165100
1290,165132
1143,165164
828,165196
253,165228
447,165260
0,165292
334,165324
541,165356
390,165388
988,165420
1199,165452
1116,165484
1648,165516
1518,165548
1852,165580
2255,165612
1614,165644
1789,165676
1156,165708
925,165740
1054,165772
471,165804
285,165836
374,165868
0,165900
425,165932
301,165964
873,165996
1072,166028
1337,166060
1534,166092
1770,166124
2008,166156
2238,166188
2124,166220
1531,166252
1646,166284
1040,166316
1181,166348
589,166380
394,166412
128,166444
0,166476
0,166508
74,166540
344,166572
571,166604
793,166636
1021,166668
1179,166700
1481,166732
2159,166764
1900,166796
2171,166828
1897,166860
1600,166892
1421,166924
1148,166956
604,166988
686,167020
462,167052
345,167084
206,167116
447,167148
760,167180
905,167212
1197,167244
1402,167276
1229,167308
1516,167340
2064,167372
1903,167404
1984,167436
1755,167468
1255,167500
1023,167532
708,167564
569,167596
252,167628
76,167660
218,167692
0,167724
251,167756
794,167788
701,167820
927,167852
1159,167884
1387,167916
1990,167948
1759,167980
2254,168012
1982,168044
1786,168076
1514,168108
1242,168140
677,168172
784,168204
190,168236
329,168268
0,168300
3,168332
215,168364
441,168396
696,168428
890,168460
1145,168492
1431,168524
1608,168556
1894,168588
1728,168620
1588,168652
1787,168684
1039,168716
1288,168748
1021,168780
780,168812
560,168844
332,168876
0,168908
462,168940
654,168972
998,169004
1111,169036
1308,169068
1625,169100
1772,169132
1642,169164
2330,169196
1674,169228
1446,169260
1611,169292
985,169324
1136,169356
890,169388
361,169420
171,169452
0,169484
0,169516
108,169548
380,169580
990,169612
826,169644
1064,169676
1660,169708
1514,169740
1788,169772
1911,169804
1720,169836
1849,169868
1532,169900
1373,169932
1116,169964
909,169996
650,170028
428,170060
0,170092
328,170124
512,170156
782,170188
974,170220
840,170252
1435,170284
1291,170316
1548,170348
1754,170380
1820,170412
1639,170444
1354,170476
1175,170508
1242,170540
724,170572
492,170604
192,170636
39,170668
235,170700
399,170732
685,170764
874,170796
734,170828
1321,170860
1515,170892
1421,170924
1982,170956
2222,170988
2265,171020
1870,171052
1640,171084
1483,171116
1167,171148
592,171180
748,171212
138,171244
282,171276
166,171308
100,171340
363,171372
846,171404
811,171436
1304,171468
1176,171500
1504,171532
1643,171564
1932,171596
2153,171628
1486,171660
1305,171692
1038,171724
855,171756
633,171788
681,171820
171,171852
280,171884
299,171916
528,171948
732,171980
558,172012
1184,172044
1376,172076
1655,172108
1851,172140
1704,172172
2232,172204
1614,172236
1387,172268
1152,172300
924,172332
732,172364
474,172396
281,172428
381,172460
0,172492
16,172524
635,172556
455,172588
1102,172620
1259,172652
1547,172684
1739,172716
1547,172748
2203,172780
2248,172812
1639,172844
1770,172876
1488,172908
1373,172940
1024,172972
776,173004
623,173036
312,173068
0,173100
414,173132
220,173164
856,173196
1054,173228
901,173260
1175,173292
1721,173324
1639,173356
2184,173388
1738,173420
1593,173452
1273,173484
1098,173516
1261,173548
646,173580
412,173612
538,173644
0,173676
0,173708
445,173740
365,173772
937,173804
814,173836
1391,173868
1598,173900
1416,173932
2064,173964
2298,173996
2094,174028
1864,174060
1592,174092
1388,174124
1120,174156
534,174188
668,174220
78,174252
0,174284
0,174316
134,174348
404,174380
574,174412
855,174444
1083,174476
1306,174508
1534,174540
2189,174572
1927,174604
2139,174636
1417,174668
1641,174700
1359,174732
778,174764
905,174796
632,174828
93,174860
158,174892
304,174924
655,174956
731,174988
969,175020
1273,175052
1418,175084
1727,175116
1930,175148
1755,175180
1849,175212
1930,175244
1382,175276
1440,175308
1230,175340
732,175372
766,175404
200,175436
61,175468
0,175500
44,175532
652,175564
491,175596
765,175628
1310,175660
1214,175692
1449,175724
1676,175756
1913,175788
2202,175820
1502,175852
1256,175884
1455,175916
1272,175948
992,175980
728,176012
528,176044
268,176076
0,176108
409,176140
268,176172
491,176204
718,176236
950,176268
1208,176300
1406,176332
1669,176364
1949,176396
1703,176428
1524,176460
1692,176492
1052,176524
1259,176556
526,176588
776,176620
505,176652
0,176684
297,176716
526,176748
406,176780
984,176812
1167,176844
1515,176876
1630,176908
1835,176940
2154,176972
2222,177004
1614,177036
1836,177068
1151,177100
934,177132
1098,177164
476,177196
632,177228
368,177260
0,177292
280,177324
168,177356
476,177388
616,177420
894,177452
1517,177484
1350,177516
1579,177548
2190,177580
1849,177612
1659,177644
1373,177676
1191,177708
1321,177740
1017,177772
855,177804
592,177836
393,177868
140,177900
384,177932
616,177964
842,177996
1035,178028
1305,178060
1496,178092
1355,178124
1963,178156
1821,178188
1767,178220
1488,178252
1294,178284
1115,178316
840,178348
665,178380
438,178412
214,178444
0,178476
0,178508
109,178540
767,178572
526,178604
1197,178636
1387,178668
1255,178700
1851,178732
2044,178764
1950,178796
2077,178828
1840,178860
1726,178892
1337,178924
1116,178956
968,178988
655,179020
80,179052
234,179084
0,179116
478,179148
683,179180
604,179212
1131,179244
1368,179276
1325,179308
1832,179340
1703,179372
1947,179404
1614,179436
1438,179468
1612,179500
981,179532
796,179564
524,179596
343,179628
111,179660
151,179692
26,179724
598,179756
825,179788
1056,179820
1246,179852
1517,179884
1708,179916
1904,179948
2175,179980
2174,180012
1563,180044
1696,180076
1100,180108
873,180140
640,180172
420,180204
217,180236
0,180268
0,180300
62,180332
238,180364
517,180396
1134,180428
966,180460
1631,180492
1353,180524
2085,180556
2269,180588
1765,180620
1949,180652
1710,180684
1116,180716
1242,180748
972,180780
712,180812
509,180844
267,180876
235,180908
394,180940
282,180972
928,181004
731,181036
1374,181068
1579,181100
1402,181132
2042,181164
2251,181196
1731,181228
1804,181260
1213,181292
1079,181324
762,181356
589,181388
745,181420
136,181452
0,181484
280,181516
155,181548
425,181580
968,181612
875,181644
1453,181676
1335,181708
1929,181740
2124,181772
2317,181804
2041,181836
1803,181868
1564,181900
1338,181932
1070,181964
874,181996
607,182028
23,182060
138,182092
0,182124
188,182156
382,182188
646,182220
916,182252
1086,182284
1367,182316
1597,182348
1834,182380
1869,182412
1560,182444
1401,182476
1613,182508
892,182540
1117,182572
846,182604
277,182636
383,182668
123,182700
361,182732
600,182764
830,182796
1167,182828
1248,182860
1484,182892
1802,182924
1950,182956
2255,182988
2144,183020
1498,183052
1324,183084
1406,183116
872,183148
936,183180
715,183212
222,183244
250,183276
0,183308
141,183340
280,183372
554,183404
1179,183436
1003,183468
1275,183500
1836,183532
1739,183564
1978,183596
1770,183628
1533,183660
1672,183692
990,183724
1198,183756
936,183788
732,183820
476,183852
214,183884
267,183916
474,183948
333,183980
921,184012
782,184044
1006,184076
1231,184108
1466,184140
1734,184172
1850,184204
1641,184236
1461,184268
1178,184300
999,184332
1179,184364
550,184396
743,184428
21,184460
247,184492
351,184524
185,184556
813,184588
1040,184620
1225,184652
1500,184684
1694,184716
2044,184748
2159,184780
2168,184812
2009,184844
1678,184876
1100,184908
1308,184940
637,184972
422,185004
585,185036
0,185068
119,185100
347,185132
278,185164
795,185196
678,185228
987,185260
1581,185292
1406,185324
2055,185356
1868,185388
1787,185420
1932,185452
1323,185484
1132,185516
871,185548
680,185580
797,185612
504,185644
335,185676
216,185708
477,185740
670,185772
907,185804
1130,185836
1358,185868
1559,185900
1822,185932
2027,185964
1872,185996
2058,186028
1438,186060
1242,186092
983,186124
782,186156
603,186188
334,186220
151,186252
0,186284
0,186316
174,186348
332,186380
635,186412
1293,186444
1036,186476
1727,186508
1915,186540
2095,186572
2301,186604
2015,186636
1463,186668
1548,186700
1321,186732
1199,186764
827,186796
602,186828
444,186860
124,186892
0,186924
552,186956
384,186988
1000,187020
1197,187052
1118,187084
1660,187116
1897,187148
1855,187180
1895,187212
1550,187244
1419,187276
1098,187308
922,187340
1088,187372
472,187404
281,187436
21,187468
0,187500
79,187532
585,187564
539,187596
1116,187628
1339,187660
1578,187692
1772,187724
2044,187756
2240,187788
2121,187820
1918,187852
1644,187884
969,187916
1179,187948
587,187980
361,188012
138,188044
0,188076
0,188108
46,188140
301,188172
573,188204
749,188236
1021,188268
1660,188300
1484,188332
2171,188364
1880,188396
2171,188428
1900,188460
1641,188492
1417,188524
1195,188556
604,188588
728,188620
461,188652
333,188684
253,188716
458,188748
763,188780
908,188812
784,188844
1448,188876
1232,188908
1902,188940
2107,188972
1850,189004
2014,189036
1755,189068
1208,189100
1017,189132
701,189164
567,189196
253,189228
77,189260
217,189292
0,189324
215,189356
796,189388
663,189420
935,189452
1481,189484
1391,189516
1993,189548
1863,189580
2253,189612
1980,189644
1785,189676
1504,189708
1277,189740
676,189772
824,189804
553,189836
1,189868
107,189900
2,189932
575,189964
444,189996
698,190028
894,190060
1160,190092
1431,190124
1611,190156
1897,190188
1815,190220
1574,190252
1337,190284
1036,190316
885,190348
1086,190380
779,190412
603,190444
330,190476
0,190508
463,190540
664,190572
573,190604
1114,190636
1351,190668
1693,190700
1774,190732
2012,190764
2331,190796
2039,190828
1879,190860
1608,190892
982,190924
812,190956
888,190988
360,191020
167,191052
202,191084
0,191116
455,191148
332,191180
649,191212
782,191244
1065,191276
1704,191308
1527,191340
1800,191372
2282,191404
1709,191436
1479,191468
1246,191500
1019,191532
1148,191564
476,191596
682,191628
427,191660
0,191692
332,191724
512,191756
791,191788
976,191820
848,191852
1436,191884
1295,191916
1532,191948
1757,191980
1788,192012
1581,192044
1324,192076
1126,192108
947,192140
665,192172
497,192204
188,192236
50,192268
235,192300
408,192332
684,192364
877,192396
699,192428
1327,192460
1565,192492
1430,192524
2029,192556
2223,192588
2252,192620
1897,192652
1632,192684
1471,192716
1164,192748
588,192780
783,192812
137,192844
0,192876
192,192908
46,192940
332,192972
856,193004
780,193036
1296,193068
1190,193100
1499,193132
1644,193164
1932,193196
2137,193228
1496,193260
1271,193292
1402,193324
809,193356
619,193388
359,193420
167,193452
281,193484
246,193516
537,193548
732,193580
571,193612
1194,193644
1422,193676
1656,193708
1895,193740
2092,193772
2267,193804
1998,193836
1384,193868
1518,193900
925,193932
730,193964
464,193996
281,194028
89,194060
0,194092
17,194124
525,194156
458,194188
695,194220
1311,194252
1141,194284
1815,194316
1550,194348
2263,194380
2237,194412
1630,194444
1765,194476
1497,194508
941,194540
1022,194572
800,194604
687,194636
304,194668
101,194700
415,194732
568,194764
446,194796
1065,194828
896,194860
1178,194892
1722,194924
1642,194956
2189,194988
2106,195020
1591,195052
1626,195084
1036,195116
909,195148
585,195180
414,195212
574,195244
0,195276
0,195308
103,195340
375,195372
597,195404
1101,195436
1050,195468
1640,195500
1418,195532
2110,195564
2312,195596
2137,195628
1856,195660
1582,195692
1388,195724
1118,195756
526,195788
665,195820
77,195852
0,195884
0,195916
108,195948
363,195980
556,196012
810,196044
1385,196076
1262,196108
1544,196140
2199,196172
1927,196204
2137,196236
1384,196268
1640,196300
1359,196332
728,196364
895,196396
672,196428
93,196460
199,196492
314,196524
651,196556
765,196588
972,196620
1277,196652
1422,196684
1294,196716
1980,196748
1758,196780
1796,196812
1964,196844
1320,196876
1483,196908
1226,196940
695,196972
761,197004
203,197036
56,197068
0,197100
44,197132
653,197164
492,197196
731,197228
1311,197260
1179,197292
1449,197324
2010,197356
1917,197388
2199,197420
1883,197452
1725,197484
1464,197516
1246,197548
988,197580
763,197612
524,197644
303,197676
181,197708
440,197740
638,197772
502,197804
1088,197836
955,197868
1211,197900
1407,197932
1672,197964
1959,197996
1694,198028
1512,198060
1287,198092
1052,198124
828,198156
525,198188
376,198220
567,198252
0,198284
347,198316
527,198348
408,198380
987,198412
1178,198444
1087,198476
1640,198508
1871,198540
2233,198572
2219,198604
1980,198636
1833,198668
1512,198700
924,198732
1086,198764
472,198796
298,198828
375,198860
0,198892
272,198924
508,198956
477,198988
967,199020
842,199052
1162,199084
1293,199116
1588,199148
2234,199180
1846,199212
1655,199244
1744,199276
1182,199308
959,199340
1007,199372
505,199404
634,199436
0,199468
174,199500
384,199532
650,199564
846,199596
1049,199628
1305,199660
1499,199692
1356,199724
1967,199756
1818,199788
1726,199820
1991,199852
1263,199884
1066,199916
827,199948
612,199980
427,200012
162,200044
0,200076
0,200108
120,200140
765,200172
494,200204
1197,200236
1391,200268
1209,200300
1855,200332
2095,200364
1961,200396
2121,200428
1840,200460
1723,200492
1369,200524
1114,200556
959,200588
652,200620
79,200652
268,200684
0,200716
108,200748
717,200780
566,200812
1176,200844
1374,200876
1292,200908
1835,200940
1706,200972
1944,201004
1611,201036
1434,201068
1609,201100
972,201132
748,201164
878,201196
296,201228
106,201260
183,201292
26,201324
589,201356
759,201388
1063,201420
1248,201452
1515,201484
1722,201516
1952,201548
2186,201580
2208,201612
1943,201644
1739,201676
1467,201708
864,201740
715,201772
416,201804
216,201836
0,201868
0,201900
71,201932
246,201964
529,201996
1038,202028
968,202060
1206,202092
1355,202124
1661,202156
2349,202188
1753,202220
1991,202252
1709,202284
1111,202316
1241,202348
972,202380
428,202412
506,202444
284,202476
303,202508
396,202540
632,202572
928,202604
1084,202636
958,202668
1584,202700
1406,202732
2046,202764
2252,202796
1723,202828
1802,202860
1574,202892
1067,202924
1103,202956
526,202988
393,203020
73,203052
0,203084
312,203116
156,203148
426,203180
968,203212
887,203244
1113,203276
1627,203308
1565,203340
2172,203372
2311,203404
2074,203436
1803,203468
1608,203500
1336,203532
1067,203564
873,203596
603,203628
22,203660
0,203692
0,203724
166,203756
390,203788
618,203820
873,203852
1068,203884
1323,203916
1915,203948
1787,203980
1865,204012
2046,204044
1400,204076
1605,204108
862,204140
1109,204172
843,204204
228,204236
381,204268
168,204300
63,204332
638,204364
832,204396
1175,204428
1288,204460
1498,204492
1806,204524
1951,204556
1821,204588
2186,204620
1488,204652
1694,204684
1432,204716
810,204748
968,204780
717,204812
185,204844
249,204876
0,204908
141,204940
717,204972
570,205004
1177,205036
1014,205068
1241,205100
1840,205132
1694,205164
1979,205196
2103,205228
1529,205260
1661,205292
1069,205324
1195,205356
928,205388
734,205420
476,205452
238,205484
270,205516
507,205548
698,205580
596,205612
1151,205644
1008,205676
1615,205708
1470,205740
1736,205772
1838,205804
1640,205836
1452,205868
1176,205900
999,205932
766,205964
540,205996
315,206028
20,206060
0,206092
432,206124
196,206156
861,206188
1049,206220
1240,206252
1503,206284
1704,206316
1609,206348
2168,206380
2192,206412
2077,206444
1679,206476
1452,206508
1303,206540
991,206572
826,206604
570,206636
0,206668
0,206700
346,206732
279,206764
797,206796
1033,206828
987,206860
1225,206892
1354,206924
1687,206956
1818,206988
1786,207020
1964,207052
1309,207084
1132,207116
1224,207148
669,207180
453,207212
221,207244
2,207276
250,207308
57,207340
720,207372
910,207404
1176,207436
1368,207468
1563,207500
1447,207532
2030,207564
1883,207596
2047,207628
1434,207660
1210,207692
971,207724
748,207756
553,207788
298,207820
107,207852
0,207884
0,207916
181,207948
334,207980
633,208012
1291,208044
1006,208076
1735,208108
1927,208140
2140,208172
2297,208204
2061,208236
1460,208268
1590,208300
1312,208332
1195,208364
857,208396
601,208428
443,208460
125,208492
0,208524
586,208556
396,208588
622,208620
1239,208652
1068,208684
1690,208716
1901,208748
1817,208780
1883,208812
1550,208844
1415,208876
1088,208908
921,208940
1085,208972
459,209004
248,209036
366,209068
0,209100
79,209132
282,209164
541,209196
1117,209228
1274,209260
1579,209292
1783,209324
2045,209356
2252,209388
2155,209420
1519,209452
1678,209484
1405,209516
1213,209548
952,209580
363,209612
488,209644
0,209676
0,209708
48,209740
304,209772
583,209804
752,209836
1032,209868
1563,209900
1491,209932
1723,209964
1882,209996
1749,210028
1959,210060
1632,210092
1455,210124
1182,210156
600,210188
719,210220
456,210252
0,210284
262,210316
479,210348
839,210380
908,210412
1150,210444
1455,210476
1608,210508
1483,210540
2110,210572
1839,210604
2010,210636
1753,210668
1198,210700
1016,210732
1052,210764
567,210796
588,210828
25,210860
0,210892
0,210924
218,210956
830,210988
668,211020
937,211052
1126,211084
1399,211116
1629,211148
2154,211180
1881,211212
2016,211244
1773,211276
1546,211308
1274,211340
646,211372
816,211404
542,211436
351,211468
116,211500
2,211532
588,211564
446,211596
680,211628
896,211660
1132,211692
1384,211724
1584,211756
1849,211788
2110,211820
1513,211852
1339,211884
1511,211916
877,211948
528,211980
767,212012
599,212044
329,212076
0,212108
471,212140
701,212172
583,212204
1164,212236
1354,212268
1703,212300
1818,212332
2015,212364
2335,212396
2032,212428
1435,212460
1646,212492
973,212524
1176,212556
912,212588
308,212620
135,212652
187,212684
0,212716
457,212748
344,212780
650,212812
784,212844
1070,212876
1695,212908
1528,212940
1767,212972
2280,213004
1671,213036
1469,213068
1565,213100
1005,213132
1145,213164
567,213196
685,213228
416,213260
0,213292
332,213324
568,213356
792,213388
1021,213420
1212,213452
1480,213484
1675,213516
1532,213548
2143,213580
1785,213612
1580,213644
1320,213676
1114,213708
938,213740
656,213772
478,213804
253,213836
29,213868
0,213900
459,213932
296,213964
953,213996
708,214028
1375,214060
1577,214092
1432,214124
2031,214156
2232,214188
1803,214220
1888,214252
1662,214284
1545,214316
1163,214348
939,214380
781,214412
474,214444
313,214476
200,214508
57,214540
334,214572
861,214604
791,214636
1307,214668
1548,214700
1511,214732
2011,214764
1882,214796
1767,214828
1439,214860
1260,214892
1434,214924
810,214956
619,214988
713,215020
167,215052
0,215084
0,215116
205,215148
778,215180
569,215212
1228,215244
1424,215276
1696,215308
1898,215340
2092,215372
2265,215404
1984,215436
1375,215468
1516,215500
912,215532
696,215564
461,215596
236,215628
44,215660
0,215692
0,215724
235,215756
421,215788
693,215820
1319,215852
1144,215884
1817,215916
1529,215948
2263,215980
2239,216012
1578,216044
1759,216076
1531,216108
936,216140
1066,216172
798,216204
680,216236
333,216268
105,216300
425,216332
572,216364
447,216396
1112,216428
904,216460
1130,216492
1758,216524
1590,216556
2222,216588
2095,216620
1547,216652
1614,216684
1038,216716
903,216748
584,216780
410,216812
559,216844
0,216876
0,216908
458,216940
328,216972
601,217004
791,217036
1051,217068
1641,217100
1804,217132
2109,217164
2312,217196
2125,217228
1852,217260
1623,217292
1376,217324
1152,217356
890,217388
697,217420
432,217452
0,217484
236,217516
109,217548
362,217580
558,217612
814,217644
1093,217676
1273,217708
1555,217740
1787,217772
1917,217804
1687,217836
1374,217868
1223,217900
1421,217932
719,217964
939,217996
669,218028
87,218060
199,218092
316,218124
233,218156
776,218188
1005,218220
1353,218252
1423,218284
1664,218316
1981,218348
2136,218380
1784,218412
1961,218444
1312,218476
1480,218508
1222,218540
687,218572
752,218604
538,218636
44,218668
101,218700
7,218732
313,218764
446,218796
732,218828
1354,218860
1180,218892
1451,218924
1643,218956
1916,218988
1821,219020
1872,219052
1355,219084
1482,219116
1247,219148
1020,219180
762,219212
560,219244
298,219276
187,219308
447,219340
637,219372
511,219404
1097,219436
958,219468
1191,219500
1418,219532
1646,219564
1914,219596
1663,219628
1462,219660
1276,219692
1000,219724
823,219756
999,219788
372,219820
558,219852
0,219884
345,219916
537,219948
372,219980
991,220012
1224,220044
1085,220076
1680,220108
1882,220140
2073,220172
2248,220204
1978,220236
1821,220268
1503,220300
921,220332
1130,220364
460,220396
652,220428
396,220460
0,220492
327,220524
512,220556
452,220588
969,220620
846,220652
1163,220684
1294,220716
1591,220748
2233,220780
1845,220812
1609,220844
1741,220876
1143,220908
952,220940
1052,220972
495,221004
621,221036
47,221068
185,221100
396,221132
655,221164
856,221196
1082,221228
1308,221260
1536,221292
1739,221324
2010,221356
2205,221388
1724,221420
1868,221452
1260,221484
1064,221516
797,221548
606,221580
427,221612
158,221644
0,221676
0,221708
134,221740
358,221772
504,221804
808,221836
1469,221868
1210,221900
1915,221932
2105,221964
1961,221996
2109,222028
1836,222060
1593,222092
1358,222124
1145,222156
1020,222188
640,222220
416,222252
256,222284
232,222316
524,222348
726,222380
560,222412
843,222444
1375,222476
1294,222508
1838,222540
2078,222572
1943,222604
1966,222636
1382,222668
1241,222700
912,222732
748,222764
908,222796
297,222828
105,222860
184,222892
28,222924
265,222956
487,222988
713,223020
1294,223052
1080,223084
1756,223116
1952,223148
2235,223180
2206,223212
1934,223244
1735,223276
1465,223308
862,223340
1000,223372
400,223404
184,223436
0,223468
0,223500
28,223532
228,223564
487,223596
745,223628
932,223660
1207,223692
1851,223724
1672,223756
2349,223788
1723,223820
1979,223852
1705,223884
1064,223916
1231,223948
1006,223980
282,224012
544,224044
272,224076
315,224108
429,224140
634,224172
937,224204
1086,224236
960,224268
1632,224300
1416,224332
1654,224364
2298,224396
1660,224428
1832,224460
1565,224492
1031,224524
1100,224556
525,224588
393,224620
507,224652
0,224684
315,224716
168,224748
394,224780
976,224812
843,224844
1111,224876
1303,224908
1575,224940
2173,224972
2233,225004
2063,225036
1802,225068
1595,225100
1326,225132
1100,225164
872,225196
637,225228
379,225260
171,225292
301,225324
172,225356
752,225388
620,225420
875,225452
1071,225484
1324,225516
1608,225548
1790,225580
1864,225612
1627,225644
1389,225676
1163,225708
862,225740
711,225772
909,225804
206,225836
427,225868
183,225900
377,225932
648,225964
842,225996
750,226028
1292,226060
1530,226092
1881,226124
1963,226156
2200,226188
2173,226220
1852,226252
1260,226284
1423,226316
809,226348
968,226380
704,226412
182,226444
238,226476
175,226508
151,226540
377,226572
508,226604
823,226636
958,226668
1243,226700
1885,226732
1706,226764
1981,226796
1720,226828
1528,226860
1295,226892
1344,226924
843,226956
960,226988
730,227020
496,227052
237,227084
312,227116
508,227148
702,227180
968,227212
1160,227244
1017,227276
1615,227308
1481,227340
1708,227372
1836,227404
1608,227436
1400,227468
1144,227500
942,227532
763,227564
488,227596
311,227628
475,227660
0,227692
427,227724
169,227756
859,227788
1053,227820
1262,227852
1511,227884
1754,227916
1609,227948
2216,227980
2188,228012
2064,228044
1710,228076
1453,228108
1303,228140
984,228172
412,228204
604,228236
0,228268
167,228300
381,228332
230,228364
830,228396
1034,228428
954,228460
1225,228492
1356,228524
1689,228556
1823,228588
1784,228620
1961,228652
1310,228684
1085,228716
1224,228748
631,228780
443,228812
535,228844
0,228876
253,228908
153,228940
715,228972
912,229004
1182,229036
1372,229068
1599,229100
1449,229132
2076,229164
2269,229196
2088,229228
1816,229260
1198,229292
1340,229324
747,229356
554,229388
297,229420
104,229452
0,229484
0,229516
187,229548
411,229580
634,229612
862,229644
1018,229676
1323,229708
1999,229740
2144,229772
2333,229804
2058,229836
1449,229868
1581,229900
1308,229932
763,229964
846,229996
622,230028
504,230060
121,230092
288,230124
602,230156
746,230188
1039,230220
1240,230252
1072,230284
1356,230316
1901,230348
1820,230380
1883,230412
1918,230444
1405,230476
1439,230508
868,230540
729,230572
410,230604
237,230636
392,230668
0,230700
93,230732
632,230764
540,230796
766,230828
999,230860
1229,230892
1822,230924
1599,230956
2296,230988
2144,231020
1497,231052
1678,231084
1404,231116
1209,231148
941,231180
349,231212
479,231244
0,231276
0,231308
48,231340
282,231372
538,231404
732,231436
986,231468
1257,231500
1445,231532
1725,231564
1884,231596
1740,231628
1949,231660
1631,231692
1452,231724
1183,231756
551,231788
715,231820
490,231852
0,231884
302,231916
494,231948
839,231980
952,232012
1150,232044
1464,232076
1610,232108
1480,232140
2158,232172
1836,232204
1611,232236
1774,232268
1144,232300
968,232332
1051,232364
521,232396
584,232428
23,232460
0,232492
0,232524
228,232556
832,232588
668,232620
905,232652
1488,232684
1353,232716
1639,232748
1819,232780
1879,232812
2013,232844
1696,232876
1533,232908
1272,232940
638,232972
812,233004
576,233036
350,233068
163,233100
360,233132
619,233164
816,233196
681,233228
1272,233260
1132,233292
1390,233324
1593,233356
1854,233388
1801,233420
1515,233452
1334,233484
1392,233516
874,233548
651,233580
814,233612
203,233644
383,233676
0,233708
523,233740
712,233772
583,233804
1163,233836
1356,233868
1269,233900
1818,233932
2060,233964
2413,233996
2028,234028
1800,234060
1647,234092
1326,234124
750,234156
906,234188
299,234220
131,234252
188,234284
0,234316
458,234348
698,234380
653,234412
1144,234444
1019,234476
1339,234508
1480,234540
1768,234572
2304,234604
1656,234636
1467,234668
1196,234700
1006,234732
781,234764
832,234796
327,234828
442,234860
0,234892
376,234924
570,234956
829,234988
1024,235020
1216,235052
1483,235084
1680,235116
1532,235148
2153,235180
1783,235212
1548,235244
1312,235276
1084,235308
889,235340
632,235372
430,235404
551,235436
0,235468
0,235500
461,235532
306,235564
955,235596
679,235628
1383,235660
1577,235692
1386,235724
2041,235756
2283,235788
1800,235820
1932,235852
1660,235884
1544,235916
1192,235948
928,235980
780,236012
73,236044
0,236076
248,236108
59,236140
296,236172
895,236204
733,236236
1342,236268
1551,236300
1479,236332
2013,236364
1895,236396
1755,236428
1432,236460
1256,236492
1420,236524
798,236556
573,236588
700,236620
121,236652
0,236684
286,236716
203,236748
781,236780
939,236812
1231,236844
1432,236876
1695,236908
1900,236940
2142,236972
2265,237004
2028,237036
1744,237068
1551,237100
1288,237132
687,237164
828,237196
236,237228
45,237260
0,237292
0,237324
247,237356
423,237388
697,237420
923,237452
1144,237484
1375,237516
1534,237548
1848,237580
2301,237612
1577,237644
1805,237676
1529,237708
935,237740
1065,237772
794,237804
253,237836
331,237868
139,237900
491,237932
573,237964
809,237996
1113,238028
1259,238060
1133,238092
1760,238124
1593,238156
1882,238188
2093,238220
1544,238252
1615,238284
1389,238316
892,238348
924,238380
356,238412
217,238444
0,238476
0,238508
492,238540
333,238572
603,238604
1148,238636
1053,238668
1279,238700
1805,238732
1753,238764
2352,238796
1664,238828
1886,238860
1624,238892
1420,238924
1150,238956
888,238988
687,239020
427,239052
0,239084
247,239116
120,239148
336,239180
1039,239212
792,239244
1048,239276
1254,239308
1500,239340
1786,239372
1854,239404
1685,239436
1371,239468
1221,239500
1415,239532
686,239564
936,239596
665,239628
49,239660
187,239692
366,239724
247,239756
816,239788
1015,239820
1355,239852
1466,239884
1671,239916
1983,239948
2139,239980
1784,240012
1996,240044
1318,240076
1092,240108
1246,240140
633,240172
792,240204
538,240236
18,240268
103,240300
8,240332
315,240364
458,240396
734,240428
1357,240460
1180,240492
1419,240524
2024,240556
1884,240588
1819,240620
1916,240652
1355,240684
1481,240716
1177,240748
1015,240780
758,240812
555,240844
296,240876
224,240908
448,240940
684,240972
878,241004
1136,241036
1328,241068
1194,241100
1499,241132
1656,241164
1916,241196
1659,241228
1452,241260
1274,241292
998,241324
823,241356
891,241388
363,241420
139,241452
0,241484
0,241516
607,241548
376,241580
1039,241612
1228,241644
1087,241676
1689,241708
1884,241740
1789,241772
2238,241804
2000,241836
1887,241868
1498,241900
1274,241932
1119,241964
812,241996
238,242028
394,242060
0,242092
316,242124
512,242156
454,242188
971,242220
1210,242252
1175,242284
1662,242316
1532,242348
1867,242380
1774,242412
1604,242444
1772,242476
1141,242508
953,242540
1040,242572
503,242604
281,242636
317,242668
0,242700
430,242732
662,242764
894,242796
1086,242828
1352,242860
1548,242892
1742,242924
2013,242956
2218,242988
1724,243020
1564,243052
1258,243084
1031,243116
797,243148
582,243180
377,243212
120,243244
0,243276
186,243308
79,243340
359,243372
987,243404
809,243436
1467,243468
1194,243500
1913,243532
2107,243564
1914,243596
2107,243628
1872,243660
1272,243692
1402,243724
1132,243756
1019,243788
671,243820
413,243852
263,243884
235,243916
122,243948
766,243980
570,244012
1211,244044
1416,244076
1253,244108
1872,244140
2088,244172
1893,244204
1967,244236
1380,244268
1239,244300
1367,244332
746,244364
905,244396
286,244428
62,244460
170,244492
4,244524
264,244556
809,244588
715,244620
1303,244652
1175,244684
1767,244716
1963,244748
2234,244780
2206,244812
1966,244844
1728,244876
1499,244908
1228,244940
664,244972
767,245004
186,245036
304,245068
0,245100
28,245132
221,245164
486,245196
759,245228
936,245260
1210,245292
1437,245324
1672,245356
1902,245388
1722,245420
1563,245452
1774,245484
1056,245516
1275,245548
1002,245580
728,245612
539,245644
279,245676
0,245708
440,245740
668,245772
1007,245804
1095,245836
1322,245868
1631,245900
1786,245932
2091,245964
2302,245996
1659,246028
1484,246060
1563,246092
1018,246124
1096,246156
874,246188
381,246220
157,246252
0,246284
0,246316
121,246348
394,246380
1008,246412
844,246444
1111,246476
1664,246508
1577,246540
1821,246572
1932,246604
1701,246636
1835,246668
1150,246700
1358,246732
1098,246764
896,246796
624,246828
377,246860
0,246892
311,246924
171,246956
761,246988
624,247020
855,247052
1072,247084
1307,247116
1573,247148
1768,247180
1802,247212
1625,247244
1338,247276
1160,247308
848,247340
708,247372
903,247404
176,247436
411,247468
185,247500
413,247532
651,247564
887,247596
757,247628
1338,247660
1531,247692
1883,247724
1995,247756
2202,247788
2172,247820
1852,247852
1258,247884
1466,247916
806,247948
582,247980
732,248012
132,248044
153,248076
182,248108
108,248140
377,248172
510,248204
826,248236
959,248268
1246,248300
1883,248332
1704,248364
1947,248396
2092,248428
1480,248460
1292,248492
1020,248524
840,248556
967,248588
664,248620
493,248652
234,248684
317,248716
512,248748
748,248780
592,248812
1199,248844
1399,248876
1662,248908
1856,248940
1712,248972
2207,249004
1608,249036
1400,249068
1144,249100
940,249132
761,249164
490,249196
309,249228
368,249260
0,249292
20,249324
172,249356
462,249388
1131,249420
1273,249452
1565,249484
1755,249516
1619,249548
2219,249580
2187,249612
1615,249644
1710,249676
1483,249708
1367,249740
976,249772
762,249804
616,249836
297,249868
0,249900
382,249932
232,249964
832,249996
1038,250028
956,250060
1229,250092
1736,250124
1691,250156
2192,250188
1719,250220
1581,250252
1253,250284
1082,250316
1246,250348
620,250380
443,250412
174,250444
0,250476
0,250508
426,250540
379,250572
954,250604
1179,250636
1416,250668
1612,250700
1432,250732
2078,250764
2269,250796
2087,250828
1806,250860
1197,250892
1336,250924
743,250956
520,250988
285,251020
72,251052
0,251084
0,251116
142,251148
712,251180
590,251212
883,251244
1499,251276
1322,251308
1995,251340
2155,251372
2331,251404
2061,251436
1398,251468
1581,251500
1352,251532
756,251564
888,251596
621,251628
495,251660
147,251692
298,251724
604,251756
748,251788
622,251820
1290,251852
1079,251884
1740,251916
1947,251948
1768,251980
1835,252012
1915,252044
1367,252076
1437,252108
857,252140
727,252172
400,252204
236,252236
381,252268
0,252300
59,252332
634,252364
507,252396
778,252428
1323,252460
1229,252492
1823,252524
1703,252556
2297,252588
2144,252620
1498,252652
1674,252684
1437,252716
1208,252748
974,252780
704,252812
512,252844
254,252876
0,252908
414,252940
284,252972
550,253004
734,253036
988,253068
1271,253100
1449,253132
1734,253164
1963,253196
1735,253228
1501,253260
1679,253292
1039,253324
1245,253356
552,253388
761,253420
491,253452
0,253484
301,253516
495,253548
413,253580
954,253612
1184,253644
1533,253676
1612,253708
1850,253740
2169,253772
2203,253804
2041,253836
1771,253868
1136,253900
968,253932
1040,253964
508,253996
576,254028
361,254060
0,254092
296,254124
176,254156
493,254188
622,254220
906,254252
1532,254284
1356,254316
1639,254348
2204,254380
1870,254412
1645,254444
1404,254476
1177,254508
1304,254540
636,254572
832,254604
583,254636
378,254668
168,254700
367,254732
629,254764
824,254796
684,254828
1274,254860
1134,254892
1370,254924
1595,254956
1830,254988
1742,255020
1482,255052
1277,255084
1098,255116
823,255148
649,255180
813,255212
188,255244
379,255276
0,255308
523,255340
715,255372
540,255404
1165,255436
1402,255468
1270,255500
1867,255532
2062,255564
2412,255596
2063,255628
1791,255660
1643,255692
1324,255724
746,255756
950,255788
297,255820
72,255852
216,255884
0,255916
494,255948
698,255980
628,256012
1148,256044
1023,256076
1341,256108
1482,256140
1784,256172
2311,256204
1655,256236
1422,256268
1562,256300
968,256332
779,256364
519,256396
327,256428
441,256460
136,256492
377,256524
574,256556
839,256588
1024,256620
1262,256652
1486,256684
1726,256716
1928,256748
2202,256780
2160,256812
1546,256844
1689,256876
1084,256908
880,256940
623,256972
428,257004
250,257036
0,257068
0,257100
76,257132
307,257164
527,257196
686,257228
983,257260
1645,257292
1392,257324
2093,257356
2285,257388
1799,257420
1931,257452
1656,257484
1099,257516
1182,257548
958,257580
842,257612
471,257644
240,257676
253,257708
409,257740
295,257772
905,257804
744,257836
1354,257868
1562,257900
1479,257932
2016,257964
2267,257996
1753,258028
1788,258060
1196,258092
1065,258124
744,258156
580,258188
732,258220
118,258252
0,258284
0,258316
205,258348
441,258380
938,258412
889,258444
1478,258476
1709,258508
1948,258540
2140,258572
2299,258604
2026,258636
1753,258668
1551,258700
1279,258732
686,258764
824,258796
235,258828
20,258860
0,258892
0,258924
204,258956
397,258988
653,259020
926,259052
1102,259084
1385,259116
2038,259148
1848,259180
2299,259212
1544,259244
1799,259276
1519,259308
886,259340
1055,259372
828,259404
250,259436
367,259468
141,259500
346,259532
607,259564
814,259596
1117,259628
1259,259660
1136,259692
1817,259724
1595,259756
2270,259788
2125,259820
1480,259852
1646,259884
1386,259916
855,259948
924,259980
356,260012
204,260044
0,260076
0,260108
493,260140
341,260172
571,260204
1150,260236
1019,260268
1291,260300
1850,260332
1755,260364
2361,260396
1755,260428
1885,260460
1612,260492
1417,260524
1150,260556
926,260588
686,260620
461,260652
189,260684
285,260716
477,260748
347,260780
927,260812
797,260844
1052,260876
1248,260908
1511,260940
1797,260972
1864,261004
1674,261036
1447,261068
1212,261100
984,261132
686,261164
539,261196
733,261228
40,261260
231,261292
368,261324
247,261356
827,261388
1019,261420
1240,261452
1471,261484
1709,261516
2059,261548
2141,261580
2143,261612
1993,261644
1674,261676
1502,261708
1244,261740
633,261772
456,261804
527,261836
7,261868
106,261900
358,261932
318,261964
808,261996
684,262028
1001,262060
1132,262092
1421,262124
2064,262156
1884,262188
1816,262220
1914,262252
1351,262284
1117,262316
892,262348
665,262380
782,262412
128,262444
316,262476
222,262508
490,262540
688,262572
880,262604
1136,262636
1338,262668
1196,262700
1800,262732
1659,262764
1886,262796
1658,262828
1424,262860
1224,262892
968,262924
776,262956
587,262988
314,263020
138,263052
286,263084
0,263116
605,263148
346,263180
1047,263212
1228,263244
1049,263276
1693,263308
1932,263340
2111,263372
2282,263404
2000,263436
1883,263468
1532,263500
1272,263532
1119,263564
810,263596
237,263628
428,263660
0,263692
0,263724
570,263756
398,263788
1006,263820
1210,263852
1132,263884
1673,263916
1535,263948
1868,263980
2237,264012
1598,264044
1783,264076
1130,264108
908,264140
1038,264172
456,264204
275,264236
8,264268
0,264300
439,264332
601,264364
893,264396
1098,264428
1355,264460
1552,264492
1787,264524
2016,264556
2256,264588
2096,264620
1903,264652
1627,264684
1022,264716
1163,264748
571,264780
368,264812
112,264844
0,264876
0,264908
91,264940
369,264972
587,265004
819,265036
1038,265068
1196,265100
1499,265132
2187,265164
1915,265196
2159,265228
1869,265260
1582,265292
1401,265324
1130,265356
589,265388
668,265420
443,265452
328,265484
236,265516
464,265548
776,265580
924,265612
797,265644
1420,265676
1254,265708
1882,265740
2088,265772
1886,265804
1965,265836
1738,265868
1228,265900
1005,265932
686,265964
553,265996
234,266028
62,266060
199,266092
3,266124
279,266156
456,266188
727,266220
951,266252
1454,266284
1405,266316
2009,266348
2237,266380
2238,266412
1964,266444
1770,266476
1496,266508
1226,266540
1023,266572
765,266604
170,266636
301,266668
0,266700
17,266732
232,266764
458,266796
714,266828
908,266860
1165,266892
1438,266924
1616,266956
1912,266988
2213,267020
1558,267052
1768,267084
1020,267116
1272,267148
1002,267180
759,267212
539,267244
312,267276
0,267308
478,267340
669,267372
1015,267404
1129,267436
1337,267468
1643,267500
1789,267532
1660,267564
2350,267596
1656,267628
1864,267660
1594,267692
968,267724
1119,267756
864,267788
344,267820
152,267852
0,267884
0,267916
124,267948
405,267980
1017,268012
846,268044
1081,268076
1676,268108
1532,268140
1816,268172
2265,268204
1693,268236
1823,268268
1229,268300
1353,268332
1096,268364
893,268396
636,268428
407,268460
0,268492
346,268524
542,268556
798,268588
989,268620
856,268652
1449,268684
1309,268716
1575,268748
1773,268780
1802,268812
1620,268844
1328,268876
1159,268908
925,268940
699,268972
475,269004
172,269036
24,269068
265,269100
413,269132
699,269164
888,269196
759,269228
1343,269260
1533,269292
1437,269324
2008,269356
2238,269388
2239,269420
1849,269452
1613,269484
1466,269516
1146,269548
988,269580
728,269612
123,269644
0,269676
174,269708
120,269740
391,269772
874,269804
839,269836
1322,269868
1196,269900
1517,269932
1658,269964
1946,269996
2125,270028
1478,270060
1289,270092
1386,270124
839,270156
605,270188
379,270220
153,270252
264,270284
0,270316
554,270348
748,270380
583,270412
1208,270444
1401,270476
1671,270508
1868,270540
1722,270572
2208,270604
1599,270636
1370,270668
1134,270700
908,270732
717,270764
456,270796
262,270828
76,270860
0,270892
22,270924
174,270956
472,270988
1131,271020
1275,271052
1563,271084
1756,271116
1572,271148
2223,271180
2224,271212
1620,271244
1752,271276
1471,271308
1355,271340
1006,271372
760,271404
601,271436
288,271468
0,271500
430,271532
237,271564
458,271596
1080,271628
909,271660
1194,271692
1739,271724
1657,271756
2191,271788
1720,271820
1578,271852
1247,271884
1080,271916
1241,271948
620,271980
395,272012
524,272044
0,272076
0,272108
475,272140
381,272172
957,272204
1116,272236
1407,272268
1614,272300
1433,272332
2088,272364
2318,272396
2076,272428
1840,272460
1568,272492
1370,272524
1104,272556
509,272588
648,272620
62,272652
0,272684
0,272716
152,272748
423,272780
601,272812
872,272844
1402,272876
1336,272908
1563,272940
2216,272972
1912,273004
2125,273036
1391,273068
1625,273100
1343,273132
760,273164
879,273196
617,273228
77,273260
138,273292
330,273324
667,273356
749,273388
985,273420
1293,273452
1439,273484
1310,273516
1948,273548
1772,273580
1832,273612
1913,273644
1358,273676
1434,273708
1212,273740
715,273772
748,273804
174,273836
41,273868
0,273900
70,273932
672,273964
517,273996
776,274028
964,274060
1229,274092
1465,274124
1983,274156
1931,274188
2176,274220
1486,274252
1708,274284
1436,274316
1240,274348
972,274380
704,274412
509,274444
251,274476
0,274508
429,274540
286,274572
519,274604
736,274636
970,274668
1225,274700
1424,274732
1688,274764
2272,274796
1678,274828
1497,274860
1675,274892
1036,274924
1243,274956
518,274988
759,275020
488,275052
0,275084
313,275116
544,275148
421,275180
998,275212
1191,275244
1531,275276
1648,275308
1856,275340
2173,275372
2202,275404
1596,275436
1816,275468
1133,275500
909,275532
1070,275564
456,275596
606,275628
352,275660
0,275692
296,275724
176,275756
492,275788
633,275820
908,275852
1535,275884
1366,275916
1607,275948
2206,275980
1820,276012
1639,276044
1728,276076
1179,276108
1303,276140
992,276172
838,276204
572,276236
376,276268
156,276300
408,276332
632,276364
861,276396
1052,276428
1312,276460
1514,276492
1371,276524
1980,276556
1837,276588
1740,276620
1480,276652
1275,276684
1097,276716
825,276748
638,276780
413,276812
197,276844
0,276876
0,276908
137,276940
783,276972
550,277004
1215,277036
1405,277068
1271,277100
1869,277132
2064,277164
1973,277196
2057,277228
1823,277260
1707,277292
1323,277324
1098,277356
944,277388
638,277420
74,277452
215,277484
0,277516
170,277548
700,277580
622,277612
1150,277644
1388,277676
1352,277708
1848,277740
1720,277772
1929,277804
1594,277836
1421,277868
1593,277900
964,277932
779,277964
864,277996
317,278028
95,278060
123,278092
41,278124
618,278156
408,278188
1070,278220
1264,278252
1533,278284
1734,278316
1929,278348
2201,278380
2156,278412
1535,278444
1678,278476
1081,278508
848,278540
1099,278572
397,278604
204,278636
0,278668
0,278700
87,278732
264,278764
535,278796
685,278828
986,278860
1655,278892
1370,278924
2092,278956
2299,278988
1740,279020
1927,279052
1693,279084
1097,279116
1216,279148
957,279180
839,279212
491,279244
235,279276
255,279308
411,279340
299,279372
953,279404
745,279436
971,279468
1598,279500
1421,279532
2062,279564
2266,279596
1707,279628
1787,279660
1192,279692
1053,279724
736,279756
568,279788
717,279820
116,279852
0,279884
298,279916
171,279948
441,279980
986,280012
892,280044
1481,280076
1644,280108
1945,280140
2144,280172
2295,280204
2024,280236
1786,280268
1546,280300
1311,280332
1051,280364
857,280396
591,280428
8,280460
0,280492
0,280524
202,280556
398,280588
656,280620
932,280652
1102,280684
1394,280716
1928,280748
1851,280780
1849,280812
1545,280844
1384,280876
1592,280908
877,280940
1099,280972
829,281004
248,281036
365,281068
152,281100
77,281132
616,281164
847,281196
1192,281228
1263,281260
1500,281292
1819,281324
1968,281356
1836,281388
2122,281420
1480,281452
1644,281484
1376,281516
853,281548
912,281580
698,281612
205,281644
232,281676
0,281708
157,281740
296,281772
573,281804
1196,281836
1020,281868
1291,281900
1856,281932
1755,281964
1990,281996
2042,282028
1513,282060
1646,282092
1405,282124
1178,282156
920,282188
716,282220
460,282252
190,282284
287,282316
480,282348
348,282380
650,282412
799,282444
1023,282476
1258,282508
1484,282540
1742,282572
1831,282604
1622,282636
1741,282668
1162,282700
983,282732
1149,282764
532,282796
727,282828
7,282860
227,282892
376,282924
201,282956
831,282988
1066,283020
934,283052
1518,283084
1711,283116
2071,283148
2183,283180
2141,283212
1993,283244
1672,283276
1082,283308
1280,283340
622,283372
813,283404
554,283436
0,283468
142,283500
362,283532
285,283564
810,283596
687,283628
1004,283660
1597,283692
1430,283724
2073,283756
1886,283788
1771,283820
1904,283852
1303,283884
1115,283916
1208,283948
663,283980
783,284012
205,284044
317,284076
236,284108
493,284140
487,284172
923,284204
1150,284236
1385,284268
1579,284300
1461,284332
2042,284364
1896,284396
2030,284428
1424,284460
1223,284492
957,284524
764,284556
585,284588
304,284620
134,284652
0,284684
0,284716
198,284748
348,284780
651,284812
1305,284844
1052,284876
1743,284908
1935,284940
2121,284972
2281,285004
1998,285036
1437,285068
1528,285100
1304,285132
1179,285164
809,285196
576,285228
426,285260
104,285292
365,285324
566,285356
408,285388
685,285420
1213,285452
1133,285484
1676,285516
1916,285548
1879,285580
1869,285612
1534,285644
1401,285676
1081,285708
904,285740
1068,285772
444,285804
267,285836
349,285868
0,285900
105,285932
327,285964
557,285996
1132,286028
922,286060
1594,286092
1790,286124
2064,286156
2266,286188
2095,286220
1511,286252
1626,286284
1022,286316
1162,286348
567,286380
344,286412
111,286444
0,286476
0,286508
63,286540
317,286572
599,286604
774,286636
1047,286668
1196,286700
1499,286732
2187,286764
1886,286796
2152,286828
1867,286860
1616,286892
1401,286924
1168,286956
584,286988
711,287020
442,287052
315,287084
279,287116
475,287148
779,287180
926,287212
807,287244
1468,287276
1258,287308
1488,287340
2126,287372
1832,287404
1994,287436
1728,287468
1192,287500
1000,287532
684,287564
551,287596
232,287628
56,287660
189,287692
6,287724
237,287756
814,287788
695,287820
952,287852
1143,287884
1405,287916
2009,287948
2171,287980
2233,288012
1962,288044
1757,288076
1488,288108
1260,288140
652,288172
798,288204
539,288236
343,288268
135,288300
20,288332
599,288364
461,288396
718,288428
910,288460
1166,288492
1448,288524
1628,288556
1915,288588
2093,288620
1557,288652
1323,288684
1020,288716
869,288748
1069,288780
762,288812
585,288844
311,288876
0,288908
491,288940
680,288972
597,289004
1144,289036
1367,289068
1721,289100
1792,289132
2031,289164
2336,289196
2015,289228
1420,289260
1592,289292
959,289324
1117,289356
863,289388
332,289420
153,289452
176,289484
0,289516
464,289548
358,289580
669,289612
808,289644
1084,289676
1722,289708
1544,289740
1820,289772
1882,289804
1689,289836
1463,289868
1513,289900
1001,289932
1128,289964
889,289996
656,290028
398,290060
0,290092
352,290124
543,290156
800,290188
1001,290220
861,290252
1453,290284
1310,290316
1550,290348
1776,290380
1771,290412
1563,290444
1308,290476
1098,290508
1215,290540
648,290572
472,290604
635,290636
22,290668
251,290700
416,290732
702,290764
893,290796
715,290828
1343,290860
1580,290892
1448,290924
2048,290956
2250,290988
2235,291020
1880,291052
1611,291084
1455,291116
1149,291148
569,291180
766,291212
120,291244
298,291276
218,291308
72,291340
347,291372
876,291404
796,291436
1325,291468
1207,291500
1527,291532
1661,291564
1946,291596
2121,291628
1469,291660
1246,291692
1374,291724
782,291756
603,291788
681,291820
153,291852
261,291884
0,291916
557,291948
750,291980
575,292012
1210,292044
1440,292076
1673,292108
1904,292140
2104,292172
2250,292204
1983,292236
1368,292268
1501,292300
909,292332
712,292364
446,292396
262,292428
72,292460
0,292492
25,292524
253,292556
476,292588
709,292620
1335,292652
1160,292684
1835,292716
1576,292748
2281,292780
2221,292812
1610,292844
1743,292876
1468,292908
923,292940
1006,292972
779,293004
667,293036
286,293068
121,293100
440,293132
587,293164
880,293196
1082,293228
912,293260
1198,293292
1741,293324
1658,293356
2204,293388
2086,293420
1578,293452
1608,293484
1018,293516
887,293548
568,293580
394,293612
554,293644
0,293676
0,293708
464,293740
391,293772
615,293804
840,293836
1067,293868
1658,293900
1438,293932
2126,293964
2314,293996
2120,294028
1836,294060
1567,294092
1370,294124
1103,294156
509,294188
640,294220
59,294252
0,294284
0,294316
124,294348
378,294380
572,294412
829,294444
1108,294476
1278,294508
1575,294540
2219,294572
1900,294604
2119,294636
1358,294668
1614,294700
1341,294732
703,294764
875,294796
653,294828
72,294860
172,294892
335,294924
679,294956
793,294988
991,295020
1293,295052
1438,295084
1320,295116
1996,295148
1776,295180
1770,295212
1935,295244
1302,295276
1466,295308
1208,295340
680,295372
745,295404
173,295436
30,295468
0,295500
62,295532
679,295564
522,295596
745,295628
1326,295660
1191,295692
1467,295724
1660,295756
1933,295788
2173,295820
1866,295852
1703,295884
1440,295916
1229,295948
974,295980
736,296012
508,296044
283,296076
192,296108
461,296140
656,296172
589,296204
1112,296236
973,296268
1230,296300
1423,296332
1690,296364
1960,296396
1676,296428
1492,296460
1262,296492
1033,296524
811,296556
507,296588
359,296620
551,296652
0,296684
361,296716
559,296748
424,296780
1005,296812
1194,296844
1101,296876
1658,296908
1898,296940
2249,296972
2199,297004
1964,297036
1807,297068
1495,297100
908,297132
1068,297164
456,297196
604,297228
348,297260
0,297292
297,297324
536,297356
503,297388
984,297420
868,297452
1181,297484
1311,297516
1610,297548
2252,297580
1820,297612
1629,297644
1357,297676
1175,297708
939,297740
989,297772
489,297804
606,297836
365,297868
202,297900
410,297932
672,297964
864,297996
1056,298028
1323,298060
1516,298092
1373,298124
1981,298156
1839,298188
1708,298220
1470,298252
1254,298284
1049,298316
791,298348
590,298380
411,298412
138,298444
0,298476
299,298508
146,298540
793,298572
524,298604
1224,298636
1415,298668
1234,298700
1879,298732
2121,298764
1961,298796
2096,298828
1821,298860
1548,298892
1352,298924
1086,298956
944,298988
634,299020
61,299052
251,299084
0,299116
536,299148
735,299180
582,299212
1194,299244
1391,299276
1308,299308
1853,299340
1722,299372
1927,299404
1596,299436
1416,299468
1582,299500
956,299532
732,299564
860,299596
279,299628
89,299660
155,299692
47,299724
619,299756
495,299788
1081,299820
1272,299852
1533,299884
1736,299916
1975,299948
2203,299980
2191,300012
1917,300044
1723,300076
1449,300108
846,300140
976,300172
395,300204
202,300236
0,300268
0,300300
87,300332
264,300364
537,300396
765,300428
996,300460
1214,300492
1372,300524
1688,300556
2365,300588
1738,300620
1967,300652
1689,300684
1095,300716
1216,300748
952,300780
714,300812
479,300844
256,300876
327,300908
413,300940
647,300972
955,301004
1099,301036
1405,301068
1598,301100
1432,301132
1723,301164
2253,301196
1706,301228
1776,301260
1551,301292
1051,301324
1082,301356
510,301388
367,301420
60,301452
0,301484
330,301516
170,301548
440,301580
986,301612
903,301644
1119,301676
1353,301708
1583,301740
2188,301772
1833,301804
2056,301836
1790,301868
1580,301900
1310,301932
1040,301964
848,301996
586,302028
7,302060
119,302092
0,302124
184,302156
400,302188
634,302220
887,302252
1084,302284
1339,302316
1623,302348
1802,302380
1843,302412
2024,302444
1373,302476
1590,302508
844,302540
1095,302572
816,302604
199,302636
359,302668
197,302700
383,302732
664,302764
857,302796
1192,302828
1308,302860
1503,302892
1823,302924
1968,302956
1840,302988
2158,303020
1470,303052
1242,303084
1408,303116
793,303148
944,303180
696,303212
155,303244
232,303276
0,303308
156,303340
743,303372
582,303404
1197,303436
1020,303468
1261,303500
1850,303532
1719,303564
1981,303596
1707,303628
1513,303660
1643,303692
1338,303724
1175,303756
910,303788
711,303820
446,303852
222,303884
288,303916
512,303948
718,303980
976,304012
1168,304044
1024,304076
1631,304108
1496,304140
1757,304172
1822,304204
1614,304236
1434,304268
1152,304300
979,304332
748,304364
520,304396
299,304428
6,304460
0,304492
454,304524
218,304556
879,304588
1067,304620
1246,304652
1517,304684
1720,304716
1627,304748
2186,304780
2174,304812
2059,304844
1663,304876
1435,304908
1280,304940
971,304972
396,305004
554,305036
0,305068
152,305100
363,305132
298,305164
813,305196
1051,305228
1006,305260
1243,305292
1384,305324
1705,305356
1838,305388
1769,305420
1944,305452
1294,305484
1112,305516
842,305548
654,305580
429,305612
476,305644
0,305676
266,305708
494,305740
734,305772
928,305804
1184,305836
1388,305868
1581,305900
1853,305932
2045,305964
1882,305996
2028,306028
1418,306060
1192,306092
956,306124
738,306156
538,306188
278,306220
78,306252
0,306284
0,306316
203,306348
815,306380
652,306412
1307,306444
1033,306476
1751,306508
1935,306540
2159,306572
2271,306604
2041,306636
1432,306668
1565,306700
1292,306732
1175,306764
830,306796
588,306828
426,306860
101,306892
0,306924
606,306956
410,306988
1052,307020
1256,307052
1094,307084
1711,307116
1920,307148
1836,307180
1864,307212
1532,307244
1389,307276
1070,307308
903,307340
1065,307372
451,307404
231,307436
345,307468
0,307500
105,307532
639,307564
557,307596
1146,307628
1015,307660
1597,307692
1800,307724
2071,307756
2270,307788
2139,307820
1500,307852
1660,307884
1387,307916
1194,307948
935,307980
334,308012
471,308044
0,308076
0,308108
64,308140
330,308172
599,308204
876,308236
1050,308268
1277,308300
1510,308332
1749,308364
1883,308396
1723,308428
1943,308460
1614,308492
1437,308524
1165,308556
584,308588
701,308620
440,308652
0,308684
278,308716
507,308748
848,308780
928,308812
1163,308844
1471,308876
1625,308908
1929,308940
2136,308972
1821,309004
1644,309036
1725,309068
1180,309100
999,309132
1036,309164
539,309196
570,309228
7,309260
0,309292
0,309324
246,309356
857,309388
693,309420
956,309452
1504,309484
1415,309516
1645,309548
1879,309580
1865,309612
1996,309644
1307,309676
1518,309708
1248,309740
622,309772
798,309804
535,309836
329,309868
137,309900
22,309932
602,309964
464,309996
696,310028
910,310060
1145,310092
1403,310124
1608,310156
1866,310188
1785,310220
1497,310252
1320,310284
1008,310316
861,310348
1067,310380
751,310412
571,310444
303,310476
0,310508
491,310540
718,310572
601,310604
1179,310636
1369,310668
1719,310700
1834,310732
2042,310764
2344,310796
2013,310828
1418,310860
1631,310892
956,310924
732,310956
893,310988
281,311020
109,311052
171,311084
0,311116
462,311148
360,311180
667,311212
812,311244
1086,311276
1721,311308
1548,311340
1784,311372
2254,311404
1641,311436
1452,311468
1182,311500
999,311532
1117,311564
815,311596
653,311628
396,311660
0,311692
360,311724
585,311756
810,311788
1039,311820
1228,311852
1498,311884
1694,311916
1550,311948
2168,311980
1768,312012
1561,312044
1296,312076
1098,312108
919,312140
650,312172
468,312204
525,312236
20,312268
0,312300
478,312332
315,312364
971,312396
718,312428
1403,312460
1593,312492
1448,312524
2059,312556
2251,312588
1784,312620
1870,312652
1643,312684
1527,312716
1145,312748
911,312780
766,312812
458,312844
0,312876
222,312908
76,312940
358,312972
876,313004
800,313036
1328,313068
1572,313100
1529,313132
2029,313164
1884,313196
1741,313228
1416,313260
1241,313292
1406,313324
782,313356
600,313388
332,313420
139,313452
0,313484
265,313516
219,313548
796,313580
576,313612
1246,313644
1450,313676
1712,313708
1916,313740
2108,313772
2247,313804
1968,313836
1355,313868
1499,313900
896,313932
683,313964
443,313996
232,314028
28,314060
0,314092
0,314124
543,314156
431,314188
711,314220
1335,314252
1163,314284
1835,314316
1549,314348
2280,314380
2219,314412
1561,314444
1741,314476
1513,314508
919,314540
1040,314572
777,314604
661,314636
317,314668
124,314700
441,314732
589,314764
472,314796
1129,314828
921,314860
1145,314892
1783,314924
1608,314956
2238,314988
2077,315020
1527,315052
1609,315084
1017,315116
876,315148
558,315180
394,315212
553,315244
0,315276
0,315308
476,315340
347,315372
619,315404
1160,315436
1067,315468
1661,315500
1820,315532
2125,315564
2313,315596
2108,315628
1834,315660
1609,315692
1368,315724
1134,315756
872,315788
682,315820
415,315852
0,315884
254,315916
125,315948
388,315980
576,316012
838,316044
1109,316076
1290,316108
1572,316140
1803,316172
1898,316204
1661,316236
1356,316268
1197,316300
1405,316332
708,316364
921,316396
649,316428
71,316460
171,316492
344,316524
254,316556
792,316588
1021,316620
1370,316652
1448,316684
1688,316716
1999,316748
2153,316780
1768,316812
1932,316844
1303,316876
1128,316908
1208,316940
676,316972
735,317004
523,317036
29,317068
123,317100
23,317132
331,317164
462,317196
746,317228
1372,317260
1196,317292
1469,317324
2041,317356
1943,317388
1805,317420
1855,317452
1335,317484
1464,317516
793,317548
1002,317580
735,317612
540,317644
282,317676
203,317708
460,317740
656,317772
524,317804
1115,317836
974,317868
1208,317900
1928,317932
1672,317964
1903,317996
1646,318028
1444,318060
1269,318092
976,318124
806,318156
505,318188
348,318220
555,318252
0,318284
363,318316
555,318348
380,318380
1007,318412
1241,318444
1111,318476
1695,318508
1899,318540
2251,318572
2222,318604
1962,318636
1805,318668
1483,318700
904,318732
1112,318764
446,318796
228,318828
378,318860
0,318892
332,318924
541,318956
467,318988
986,319020
871,319052
1191,319084
1323,319116
1608,319148
2253,319180
1816,319212
1581,319244
1724,319276
1118,319308
937,319340
1022,319372
487,319404
603,319436
304,319468
205,319500
412,319532
681,319564
878,319596
1100,319628
1328,319660
1563,319692
1757,319724
2028,319756
2224,319788
1706,319820
1559,319852
1244,319884
1040,319916
782,319948
588,319980
409,320012
139,320044
0,320076
205,320108
149,320140
375,320172
525,320204
824,320236
1097,320268
1232,320300
1933,320332
2121,320364
1960,320396
2093,320428
1816,320460
1259,320492
1342,320524
1118,320556
1005,320588
621,320620
400,320652
249,320684
240,320716
139,320748
747,320780
583,320812
1194,320844
1403,320876
1320,320908
1856,320940
2094,320972
1915,321004
1950,321036
1357,321068
1223,321100
895,321132
733,321164
890,321196
278,321228
87,321260
153,321292
56,321324
271,321356
779,321388
733,321420
1308,321452
1534,321484
1776,321516
1980,321548
2251,321580
2189,321612
1913,321644
1709,321676
1438,321708
843,321740
695,321772
383,321804
167,321836
0,321868
0,321900
44,321932
238,321964
494,321996
1064,322028
944,322060
1223,322092
1864,322124
1689,322156
2375,322188
1706,322220
1964,322252
1687,322284
1044,322316
1215,322348
987,322380
408,322412
524,322444
264,322476
347,322508
460,322540
650,322572
956,322604
1100,322636
976,322668
1648,322700
1436,322732
2109,322764
2286,322796
1642,322828
1818,322860
1550,322892
1006,322924
1083,322956
504,322988
375,323020
489,323052
0,323084
333,323116
182,323148
413,323180
988,323212
859,323244
1128,323276
1689,323308
1593,323340
2189,323372
1917,323404
2045,323436
1774,323468
1576,323500
1310,323532
1080,323564
855,323596
621,323628
352,323660
0,323692
319,323724
192,323756
767,323788
638,323820
892,323852
1088,323884
1350,323916
1628,323948
1818,323980
1848,324012
1611,324044
1368,324076
1143,324108
843,324140
686,324172
879,324204
196,324236
409,324268
203,324300
394,324332
667,324364
860,324396
775,324428
1309,324460
1549,324492
1898,324524
1979,324556
2220,324588
2159,324620
1836,324652
1675,324684
1404,324716
784,324748
616,324780
683,324812
156,324844
221,324876
197,324908
167,324940
397,324972
527,325004
845,325036
976,325068
1260,325100
1900,325132
1724,325164
1977,325196
2074,325228
1511,325260
1273,325292
1049,325324
823,325356
952,325388
295,325420
478,325452
220,325484
332,325516
528,325548
720,325580
616,325612
1176,325644
1039,325676
1641,325708
1497,325740
1734,325772
1818,325804
1594,325836
1383,325868
1130,325900
933,325932
744,325964
471,325996
306,326028
2,326060
0,326092
457,326124
187,326156
887,326188
1069,326220
1280,326252
1529,326284
1770,326316
1629,326348
2234,326380
2171,326412
2055,326444
1694,326476
1424,326508
1277,326540
970,326572
396,326604
600,326636
0,326668
0,326700
399,326732
248,326764
855,326796
1052,326828
969,326860
1243,326892
1383,326924
1719,326956
1837,326988
1756,327020
1942,327052
1292,327084
1066,327116
1192,327148
615,327180
427,327212
157,327244
0,327276
269,327308
441,327340
733,327372
926,327404
1195,327436
1390,327468
1626,327500
1466,327532
2093,327564
2268,327596
2064,327628
1790,327660
1190,327692
1321,327724
731,327756
528,327788
272,327820
76,327852
0,327884
0,327916
202,327948
719,327980
662,328012
887,328044
1035,328076
1339,328108
2013,328140
2159,328172
2315,328204
2040,328236
1431,328268
1563,328300
1292,328332
747,328364
830,328396
602,328428
479,328460
103,328492
312,328524
619,328556
763,328588
640,328620
1260,328652
1096,328684
1720,328716
1919,328748
1840,328780
1863,328812
1899,328844
1386,328876
1422,328908
842,328940
703,328972
392,329004
218,329036
366,329068
0,329100
109,329132
298,329164
567,329196
795,329228
1295,329260
1241,329292
1838,329324
2075,329356
2312,329388
2126,329420
1480,329452
1658,329484
1376,329516
1191,329548
925,329580
331,329612
472,329644
0,329676
0,329708
64,329740
298,329772
556,329804
748,329836
1003,329868
1581,329900
1455,329932
1754,329964
2379,329996
1720,330028
1931,330060
1611,330092
1431,330124
1163,330156
533,330188
697,330220
472,330252
0,330284
318,330316
507,330348
855,330380
967,330412
1167,330444
1479,330476
1628,330508
1498,330540
2176,330572
1820,330604
2026,330636
1754,330668
1126,330700
955,330732
1022,330764
503,330796
569,330828
5,330860
0,330892
0,330924
236,330956
857,330988
696,331020
923,331052
1514,331084
1372,331116
1655,331148
2219,331180
1863,331212
1994,331244
1386,331276
1517,331308
1246,331340
620,331372
794,331404
568,331436
334,331468
176,331500
380,331532
639,331564
832,331596
701,331628
1289,331660
1149,331692
1414,331724
1613,331756
1870,331788
1781,331820
1498,331852
1318,331884
1085,331916
857,331948
635,331980
807,332012
173,332044
365,332076
0,332108
540,332140
729,332172
602,332204
1183,332236
1374,332268
1739,332300
1836,332332
2077,332364
2399,332396
2011,332428
1784,332460
1628,332492
1305,332524
1147,332556
894,332588
282,332620
104,332652
170,332684
0,332716
476,332748
713,332780
679,332812
1162,332844
1039,332876
1357,332908
1496,332940
1786,332972
2287,333004
1644,333036
1451,333068
1536,333100
988,333132
765,333164
537,333196
315,333228
428,333260
0,333292
392,333324
590,333356
848,333388
1040,333420
1241,333452
1503,333484
1694,333516
1560,333548
2170,333580
1759,333612
1528,333644
1291,333676
1070,333708
872,333740
616,333772
410,333804
234,333836
0,333868
0,333900
486,333932
317,333964
968,333996
708,334028
1403,334060
1595,334092
1405,334124
2059,334156
2300,334188
1781,334220
1914,334252
1631,334284
1517,334316
1164,334348
912,334380
763,334412
448,334444
0,334476
267,334508
79,334540
310,334572
920,334604
749,334636
1374,334668
1568,334700
1495,334732
2027,334764
1881,334796
1739,334828
1406,334860
1240,334892
1405,334924
778,334956
555,334988
672,335020
103,335052
0,335084
0,335116
221,335148
797,335180
955,335212
1257,335244
1452,335276
1719,335308
1920,335340
2167,335372
2238,335404
2009,335436
1727,335468
1536,335500
1263,335532
671,335564
808,335596
217,335628
24,335660
0,335692
2,335724
265,335756
446,335788
715,335820
939,335852
1173,335884
1399,335916
1552,335948
1867,335980
2281,336012
1551,336044
1787,336076
1503,336108
920,336140
1039,336172
777,336204
235,336236
314,336268
168,336300
507,336332
590,336364
824,336396
1133,336428
1276,336460
1160,336492
1785,336524
1610,336556
2248,336588
2076,336620
1527,336652
1596,336684
1370,336716
876,336748
908,336780
333,336812
191,336844
0,336876
0,336908
508,336940
350,336972
627,337004
808,337036
1069,337068
1307,337100
1832,337132
1769,337164
2346,337196
2107,337228
1868,337260
1598,337292
1402,337324
1134,337356
864,337388
667,337420
412,337452
0,337484
265,337516
127,337548
362,337580
576,337612
812,337644
1069,337676
1263,337708
1518,337740
1812,337772
1848,337804
1659,337836
1838,337868
1194,337900
1403,337932
678,337964
910,337996
648,338028
24,338060
167,338092
382,338124
263,338156
840,338188
1024,338220
1215,338252
1484,338284
1693,338316
2007,338348
2154,338380
1766,338412
1976,338444
1293,338476
1495,338508
1231,338540
619,338572
766,338604
508,338636
5,338668
126,338700
27,338732
343,338764
474,338796
758,338828
1386,338860
1208,338892
1435,338924
2042,338956
1898,338988
1800,339020
1898,339052
1337,339084
1465,339116
879,339148
989,339180
734,339212
537,339244
270,339276
239,339308
474,339340
701,339372
895,339404
1160,339436
1352,339468
1211,339500
1816,339532
1673,339564
1903,339596
1644,339628
1436,339660
1257,339692
974,339724
807,339756
574,339788
347,339820
123,339852
0,339884
0,339916
631,339948
391,339980
1065,340012
1245,340044
1113,340076
1709,340108
1902,340140
2128,340172
2221,340204
1994,340236
1871,340268
1482,340300
1260,340332
1103,340364
794,340396
633,340428
378,340460
0,340492
19,340524
540,340556
471,340588
987,340620
1227,340652
1191,340684
1689,340716
1561,340748
1885,340780
1756,340812
1582,340844
1756,340876
1117,340908
935,340940
1024,340972
476,341004
253,341036
25,341068
0,341100
456,341132
252,341164
910,341196
1110,341228
1371,341260
1566,341292
1760,341324
2039,341356
2232,341388
1705,341420
1848,341452
1241,341484
1018,341516
780,341548
556,341580
361,341612
105,341644
0,341676
0,341708
103,341740
379,341772
1003,341804
825,341836
1485,341868
1212,341900
1931,341932
2127,341964
1908,341996
2091,342028
1854,342060
1567,342092
1384,342124
1115,342156
992,342188
654,342220
399,342252
237,342284
251,342316
140,342348
792,342380
587,342412
812,342444
1436,342476
1262,342508
1896,342540
2105,342572
1879,342604
1948,342636
1354,342668
1213,342700
1341,342732
729,342764
889,342796
266,342828
43,342860
151,342892
24,342924
284,342956
471,342988
743,343020
1321,343052
1471,343084
1785,343116
1980,343148
2253,343180
2188,343212
1951,343244
1709,343276
1480,343308
1213,343340
1008,343372
749,343404
168,343436
286,343468
0,343500
54,343532
248,343564
495,343596
776,343628
954,343660
1226,343692
1454,343724
1690,343756
1928,343788
1703,343820
1534,343852
1757,343884
1034,343916
1259,343948
985,343980
713,344012
525,344044
262,344076
0,344108
457,344140
686,344172
1035,344204
1104,344236
1340,344268
1661,344300
1530,344332
1674,344364
2286,344396
1640,344428
1806,344460
1536,344492
1000,344524
1072,344556
857,344588
364,344620
141,344652
0,344684
6,344716
138,344748
412,344780
1034,344812
861,344844
1131,344876
1321,344908
1592,344940
1824,344972
2204,345004
1677,345036
1816,345068
1565,345100
1340,345132
1078,345164
878,345196
620,345228
351,345260
137,345292
330,345324
190,345356
777,345388
648,345420
873,345452
1096,345484
1326,345516
1582,345548
1784,345580
1787,345612
1605,345644
1318,345676
1143,345708
1307,345740
683,345772
891,345804
156,345836
399,345868
207,345900
429,345932
668,345964
906,345996
776,346028
1353,346060
1552,346092
1901,346124
2015,346156
2219,346188
2155,346220
1835,346252
1242,346284
1440,346316
781,346348
970,346380
716,346412
104,346444
251,346476
192,346508
135,346540
395,346572
536,346604
855,346636
976,346668
1270,346700
1903,346732
1732,346764
1934,346796
2074,346828
1463,346860
1273,346892
1369,346924
823,346956
939,346988
374,347020
475,347052
222,347084
333,347116
528,347148
765,347180
620,347212
1215,347244
1416,347276
1679,347308
1883,347340
1728,347372
2204,347404
1582,347436
1383,347468
1128,347500
920,347532
745,347564
459,347596
296,347628
70,347660
0,347692
39,347724
189,347756
488,347788
1149,347820
1291,347852
1581,347884
1771,347916
1628,347948
2237,347980
2168,348012
1597,348044
1690,348076
1464,348108
1343,348140
956,348172
735,348204
585,348236
282,348268
191,348300
400,348332
252,348364
532,348396
1054,348428
982,348460
1244,348492
1754,348524
1719,348556
2220,348588
1692,348620
1561,348652
1232,348684
1066,348716
1228,348748
605,348780
424,348812
508,348844
0,348876
0,348908
168,348940
395,348972
972,349004
763,349036
1424,349068
1628,349100
1448,349132
2106,349164
2264,349196
2061,349228
1792,349260
1180,349292
1320,349324
719,349356
495,349388
270,349420
46,349452
0,349484
0,349516
167,349548
439,349580
617,349612
888,349644
1039,349676
1340,349708
2027,349740
2172,349772
2315,349804
2032,349836
1381,349868
1563,349900
1336,349932
744,349964
864,349996
601,350028
477,350060
119,350092
315,350124
620,350156
767,350188
648,350220
1306,350252
1104,350284
1324,350316
1963,350348
1786,350380
1815,350412
1899,350444
1351,350476
1418,350508
842,350540
700,350572
391,350604
206,350636
363,350668
0,350700
76,350732
654,350764
537,350796
796,350828
983,350860
1246,350892
1849,350924
1998,350956
2313,350988
2126,351020
1472,351052
1658,351084
1420,351116
1184,351148
956,351180
697,351212
496,351244
236,351276
0,351308
431,351340
303,351372
559,351404
750,351436
1014,351468
1291,351500
1466,351532
1752,351564
2255,351596
1718,351628
1483,351660
1661,351692
1020,351724
1227,351756
524,351788
735,351820
473,351852
0,351884
329,351916
524,351948
439,351980
974,352012
1209,352044
1551,352076
1631,352108
1869,352140
2187,352172
2187,352204
1582,352236
1754,352268
1127,352300
954,352332
1020,352364
494,352396
559,352428
344,352460
0,352492
313,352524
200,352556
509,352588
646,352620
924,352652
1552,352684
1380,352716
1656,352748
1848,352780
1851,352812
1625,352844
1677,352876
1161,352908
1280,352940
620,352972
816,353004
558,353036
362,353068
184,353100
382,353132
648,353164
841,353196
700,353228
1290,353260
1160,353292
1386,353324
1614,353356
1851,353388
1733,353420
1466,353452
1258,353484
1375,353516
808,353548
631,353580
795,353612
181,353644
359,353676
0,353708
539,353740
745,353772
554,353804
1183,353836
1418,353868
1289,353900
1883,353932
2080,353964
2395,353996
2032,354028
1774,354060
1625,354092
1304,354124
720,354156
926,354188
270,354220
54,354252
199,354284
0,354316
510,354348
714,354380
647,354412
1167,354444
1038,354476
1365,354508
1500,354540
1790,354572
2283,354604
1639,354636
1403,354668
1535,354700
941,354732
764,354764
848,354796
313,354828
415,354860
107,354892
395,354924
598,354956
861,354988
1054,355020
1279,355052
1514,355084
1742,355116
1944,355148
2217,355180
2140,355212
1529,355244
1662,355276
1065,355308
862,355340
605,355372
410,355404
231,355436
0,355468
0,355500
91,355532
325,355564
551,355596
701,355628
999,355660
1664,355692
1413,355724
2119,355756
2301,355788
1771,355820
1913,355852
1631,355884
1083,355916
1165,355948
939,355980
825,356012
446,356044
221,356076
270,356108
428,356140
315,356172
920,356204
762,356236
1038,356268
1577,356300
1495,356332
1769,356364
2250,356396
1736,356428
1771,356460
1178,356492
1039,356524
718,356556
554,356588
712,356620
103,356652
0,356684
312,356716
232,356748
457,356780
956,356812
909,356844
1497,356876
1275,356908
1962,356940
2168,356972
2272,357004
2008,357036
1727,357068
1530,357100
1262,357132
670,357164
799,357196
215,357228
0,357260
203,357292
0,357324
220,357356
412,357388
676,357420
951,357452
1126,357484
1399,357516
1552,357548
1867,357580
2281,357612
1517,357644
1773,357676
1501,357708
869,357740
1039,357772
810,357804
233,357836
346,357868
168,357900
510,357932
631,357964
829,357996
1133,358028
1280,358060
1160,358092
1824,358124
1614,358156
1853,358188
2106,358220
1466,358252
1626,358284
1360,358316
839,358348
904,358380
332,358412
190,358444
0,358476
0,358508
509,358540
358,358572
587,358604
1168,358636
1037,358668
1307,358700
1866,358732
1771,358764
2345,358796
2027,358828
1863,358860
1595,358892
1391,358924
1134,358956
905,358988
670,359020
444,359052
173,359084
299,359116
494,359148
362,359180
668,359212
814,359244
1068,359276
1273,359308
1528,359340
1816,359372
1837,359404
1658,359436
1728,359468
1192,359500
967,359532
668,359564
508,359596
715,359628
23,359660
201,359692
393,359724
265,359756
843,359788
1035,359820
939,359852
1487,359884
1728,359916
2087,359948
2157,359980
2126,360012
1977,360044
1658,360076
1066,360108
1228,360140
604,360172
764,360204
510,360236
0,360268
137,360300
377,360332
344,360364
825,360396
711,360428
1017,360460
1152,360492
1438,360524
2088,360556
1909,360588
1800,360620
1888,360652
1325,360684
1101,360716
1151,360748
639,360780
764,360812
525,360844
302,360876
248,360908
508,360940
712,360972
896,361004
1164,361036
1356,361068
1215,361100
1525,361132
1675,361164
1870,361196
1641,361228
1414,361260
1207,361292
942,361324
746,361356
861,361388
297,361420
117,361452
269,361484
0,361516
635,361548
362,361580
1055,361612
1247,361644
1076,361676
1709,361708
1950,361740
1816,361772
2266,361804
1992,361836
1879,361868
1513,361900
1246,361932
1102,361964
783,361996
218,362028
412,362060
0,362092
376,362124
574,362156
423,362188
1022,362220
1230,362252
1159,362284
1690,362316
1562,362348
1893,362380
2219,362412
1578,362444
1753,362476
1114,362508
891,362540
1018,362572
439,362604
247,362636
330,362668
0,362700
457,362732
345,362764
912,362796
1114,362828
1374,362860
1578,362892
1808,362924
2043,362956
2280,362988
2078,363020
1495,363052
1610,363084
1006,363116
1146,363148
554,363180
364,363212
95,363244
0,363276
0,363308
106,363340
379,363372
603,363404
828,363436
1063,363468
1215,363500
1525,363532
2205,363564
1900,363596
2137,363628
1853,363660
1564,363692
1375,363724
1112,363756
572,363788
649,363820
426,363852
301,363884
252,363916
491,363948
793,363980
941,364012
1239,364044
1436,364076
1272,364108
1560,364140
2108,364172
1868,364204
1950,364236
1711,364268
1209,364300
987,364332
668,364364
528,364396
217,364428
44,364460
170,364492
23,364524
285,364556
828,364588
744,364620
965,364652
1195,364684
1421,364716
2028,364748
1792,364780
2219,364812
1946,364844
1744,364876
1472,364908
1210,364940
636,364972
746,365004
159,365036
283,365068
0,365100
25,365132
251,365164
476,365196
731,365228
924,365260
1188,365292
1463,365324
1641,365356
1929,365388
1694,365420
1533,365452
1752,365484
1003,365516
1255,365548
987,365580
736,365612
521,365644
286,365676
0,365708
504,365740
696,365772
1035,365804
1147,365836
1344,365868
1659,365900
1808,365932
1674,365964
2332,365996
1640,366028
1413,366060
1568,366092
950,366124
1103,366156
857,366188
328,366220
139,366252
0,366284
8,366316
141,366348
424,366380
1038,366412
871,366444
1101,366476
1690,366508
1560,366540
1835,366572
1868,366604
1677,366636
1807,366668
1496,366700
1337,366732
1070,366764
875,366796
618,366828
384,366860
0,366892
375,366924
556,366956
822,366988
1007,367020
874,367052
1468,367084
1327,367116
1592,367148
1790,367180
1784,367212
1595,367244
1318,367276
1141,367308
1200,367340
680,367372
459,367404
153,367436
5,367468
271,367500
431,367532
719,367564
908,367596
778,367628
1359,367660
1560,367692
1463,367724
2016,367756
2265,367788
2223,367820
1824,367852
1598,367884
1448,367916
1128,367948
556,367980
712,368012
108,368044
238,368076
200,368108
138,368140
395,368172
891,368204
855,368236
1341,368268
1213,368300
1533,368332
1673,368364
1879,368396
2108,368428
1452,368460
1271,368492
1002,368524
811,368556
591,368588
633,368620
137,368652
238,368684
345,368716
574,368748
768,368780
602,368812
1228,368844
1419,368876
1689,368908
1886,368940
1737,368972
2189,369004
1579,369036
1352,369068
1114,369100
890,369132
696,369164
432,369196
238,369228
347,369260
0,369292
39,369324
661,369356
490,369388
1147,369420
1296,369452
1580,369484
1775,369516
1593,369548
2245,369580
2208,369612
1596,369644
1726,369676
1462,369708
1335,369740
989,369772
736,369804
587,369836
270,369868
0,369900
446,369932
255,369964
894,369996
1098,370028
925,370060
1219,370092
1758,370124
1673,370156
2221,370188
1703,370220
1560,370252
1230,370284
1066,370316
1225,370348
601,370380
391,370412
504,370444
0,370476
0,370508
488,370540
409,370572
985,370604
857,370636
1435,370668
1630,370700
1449,370732
2106,370764
2299,370796
2062,370828
1822,370860
1560,370892
1355,370924
1086,370956
491,370988
624,371020
44,371052
0,371084
0,371116
168,371148
440,371180
620,371212
891,371244
1118,371276
1340,371308
1579,371340
2235,371372
1883,371404
2105,371436
1372,371468
1607,371500
1325,371532
741,371564
863,371596
600,371628
59,371660
119,371692
349,371724
695,371756
768,371788
1004,371820
1309,371852
1456,371884
1759,371916
1964,371948
1792,371980
1815,372012
1900,372044
1338,372076
1418,372108
1194,372140
697,372172
730,372204
165,372236
22,372268
0,372300
86,372332
696,372364
536,372396
807,372428
1350,372460
1256,372492
1485,372524
1719,372556
1949,372588
2158,372620
1467,372652
1688,372684
1418,372716
1213,372748
954,372780
688,372812
493,372844
223,372876
0,372908
440,372940
303,372972
536,373004
752,373036
986,373068
1244,373100
1450,373132
1707,373164
1944,373196
1659,373228
1480,373260
1659,373292
1017,373324
1223,373356
489,373388
743,373420
462,373452
0,373484
331,373516
569,373548
442,373580
1018,373612
1210,373644
1550,373676
1664,373708
1871,373740
2199,373772
2184,373804
1578,373836
1792,373868
1114,373900
890,373932
1052,373964
441,373996
590,374028
334,374060
0,374092
313,374124
202,374156
507,374188
651,374220
934,374252
1559,374284
1384,374316
1624,374348
2222,374380
1803,374412
1623,374444
1339,374476
1161,374508
1277,374540
973,374572
825,374604
556,374636
347,374668
182,374700
427,374732
649,374764
880,374796
1070,374828
1339,374860
1531,374892
1389,374924
1997,374956
1854,374988
1721,375020
1456,375052
1258,375084
1080,375116
807,375148
627,375180
395,375212
170,375244
0,375276
0,375308
155,375340
809,375372
566,375404
1231,375436
1431,375468
1298,375500
1895,375532
2080,375564
1947,375596
2042,375628
1806,375660
1691,375692
1304,375724
1072,375756
925,375788
616,375820
56,375852
191,375884
0,375916
512,375948
716,375980
648,376012
1165,376044
1404,376076
1368,376108
1856,376140
1738,376172
1913,376204
1577,376236
1400,376268
1577,376300
941,376332
759,376364
491,376396
311,376428
86,376460
103,376492
61,376524
634,376556
861,376588
1086,376620
1278,376652
1552,376684
1754,376716
1948,376748
2217,376780
2138,376812
1517,376844
1673,376876
1064,376908
831,376940
603,376972
378,377004
186,377036
0,377068
0,377100
94,377132
282,377164
555,377196
1179,377228
1004,377260
1675,377292
1388,377324
2119,377356
2313,377388
1721,377420
1903,377452
1674,377484
1080,377516
1200,377548
938,377580
669,377612
475,377644
218,377676
280,377708
426,377740
314,377772
960,377804
764,377836
1417,377868
1614,377900
1447,377932
2080,377964
2239,377996
1692,378028
1760,378060
1180,378092
1036,378124
719,378156
552,378188
703,378220
90,378252
0,378284
314,378316
199,378348
457,378380
1002,378412
909,378444
1497,378476
1369,378508
1965,378540
2168,378572
2269,378604
1998,378636
1769,378668
1528,378700
1295,378732
1035,378764
841,378796
574,378828
0,378860
91,378892
0,378924
232,378956
415,378988
679,379020
951,379052
1132,379084
1403,379116
1640,379148
1877,379180
1833,379212
1518,379244
1356,379276
1567,379308
860,379340
1083,379372
809,379404
221,379436
347,379468
172,379500
399,379532
634,379564
861,379596
1209,379628
1280,379660
1520,379692
1837,379724
1992,379756
2295,379788
2104,379820
1464,379852
1286,379884
1360,379916
826,379948
896,379980
680,380012
186,380044
214,380076
0,380108
173,380140
312,380172
598,380204
1214,380236
1037,380268
1319,380300
1882,380332
1783,380364
1965,380396
2040,380428
1497,380460
1630,380492
951,380524
1162,380556
894,380588
702,380620
442,380652
159,380684
304,380716
495,380748
366,380780
955,380812
822,380844
1049,380876
1273,380908
1500,380940
1772,380972
1806,381004
1607,381036
1419,381068
1135,381100
965,381132
1132,381164
508,381196
702,381228
0,381260
199,381292
395,381324
229,381356
847,381388
1084,381420
1259,381452
1533,381484
1736,381516
2091,381548
2200,381580
2122,381612
1976,381644
1645,381676
1064,381708
1263,381740
604,381772
390,381804
537,381836
0,381868
168,381900
379,381932
301,381964
829,381996
712,382028
1031,382060
1613,382092
1450,382124
2091,382156
1912,382188
1752,382220
1888,382252
1279,382284
1098,382316
827,382348
647,382380
761,382412
461,382444
297,382476
250,382508
509,382540
716,382572
940,382604
1166,382636
1392,382668
1594,382700
1866,382732
2063,382764
1870,382796
2014,382828
1407,382860
1207,382892
942,382924
744,382956
567,382988
296,383020
119,383052
0,383084
0,383116
219,383148
366,383180
667,383212
1323,383244
1070,383276
1759,383308
1965,383340
2139,383372
2263,383404
1981,383436
1419,383468
1504,383500
1278,383532
1163,383564
783,383596
568,383628
413,383660
77,383692
0,383724
587,383756
428,383788
1034,383820
1241,383852
1160,383884
1690,383916
1935,383948
1895,383980
1851,384012
1517,384044
1382,384076
1060,384108
888,384140
1048,384172
429,384204
247,384236
0,384268
0,384300
125,384332
621,384364
573,384396
1148,384428
1381,384460
1614,384492
1818,384524
2088,384556
2284,384588
2078,384620
1880,384652
1600,384684
1002,384716
1146,384748
542,384780
326,384812
93,384844
0,384876
0,384908
80,384940
334,384972
616,385004
792,385036
1067,385068
1707,385100
1524,385132
2215,385164
1871,385196
2126,385228
1849,385260
1598,385292
1373,385324
1150,385356
568,385388
686,385420
416,385452
297,385484
287,385516
491,385548
796,385580
944,385612
826,385644
1486,385676
1275,385708
1945,385740
2143,385772
1804,385804
1978,385836
1709,385868
1166,385900
983,385932
666,385964
525,385996
208,386028
33,386060
167,386092
25,386124
251,386156
832,386188
699,386220
971,386252
1517,386284
1431,386316
2029,386348
1897,386380
2217,386412
1944,386444
1738,386476
1470,386508
1242,386540
635,386572
781,386604
512,386636
316,386668
153,386700
29,386732
615,386764
478,386796
731,386828
940,386860
1192,386892
1463,386924
1642,386956
1940,386988
1771,387020
1529,387052
1304,387084
1000,387116
845,387148
1053,387180
735,387212
559,387244
285,387276
0,387308
507,387340
698,387372
617,387404
1148,387436
1384,387468
1737,387500
1816,387532
2058,387564
2317,387596
1998,387628
1837,387660
1566,387692
942,387724
778,387756
846,387788
316,387820
135,387852
164,387884
16,387916
486,387948
366,387980
685,388012
815,388044
1112,388076
1740,388108
1562,388140
1836,388172
2238,388204
1673,388236
1437,388268
1210,388300
975,388332
1104,388364
441,388396
640,388428
379,388460
0,388492
376,388524
569,388556
825,388588
1018,388620
876,388652
1472,388684
1340,388716
1573,388748
1792,388780
1753,388812
1544,388844
1280,388876
1083,388908
903,388940
624,388972
453,389004
155,389036
4,389068
283,389100
440,389132
717,389164
921,389196
734,389228
1359,389260
1607,389292
1467,389324
2074,389356
2269,389388
2217,389420
1854,389452
1594,389484
1439,389516
1129,389548
554,389580
748,389612
104,389644
0,389676
236,389708
92,389740
375,389772
896,389804
812,389836
1343,389868
1224,389900
1545,389932
1675,389964
1929,389996
2103,390028
1450,390060
1226,390092
1358,390124
765,390156
587,390188
317,390220
125,390252
237,390284
281,390316
573,390348
778,390380
601,390412
1230,390444
1464,390476
1693,390508
1933,390540
2127,390572
2232,390604
1952,390636
1344,390668
1482,390700
892,390732
685,390764
429,390796
233,390828
56,390860
0,390892
50,390924
560,390956
503,390988
731,391020
1359,391052
1180,391084
1855,391116
1594,391148
2297,391180
2203,391212
1592,391244
1727,391276
1452,391308
907,391340
988,391372
764,391404
648,391436
267,391468
149,391500
447,391532
604,391564
487,391596
1098,391628
938,391660
1222,391692
1757,391724
1676,391756
2223,391788
2062,391820
1559,391852
1583,391884
1001,391916
873,391948
554,391980
376,392012
528,392044
0,392076
0,392108
136,392140
409,392172
633,392204
1135,392236
1095,392268
1678,392300
1454,392332
2152,392364
2298,392396
2094,392428
1421,392460
1536,392492
1353,392524
1084,392556
491,392588
623,392620
40,392652
0,392684
0,392716
144,392748
398,392780
590,392812
844,392844
1419,392876
1294,392908
1579,392940
2235,392972
1882,393004
2101,393036
1350,393068
1597,393100
1323,393132
691,393164
859,393196
632,393228
56,393260
148,393292
351,393324
686,393356
800,393388
1005,393420
1311,393452
1464,393484
1339,393516
2016,393548
1802,393580
1752,393612
1920,393644
1288,393676
1448,393708
1184,393740
663,393772
730,393804
165,393836
20,393868
0,393900
88,393932
697,393964
537,393996
765,394028
1344,394060
1213,394092
1486,394124
2048,394156
1961,394188
2157,394220
1848,394252
1677,394284
1416,394316
1213,394348
956,394380
718,394412
492,394444
265,394476
219,394508
478,394540
682,394572
540,394604
1130,394636
989,394668
1244,394700
1449,394732
1708,394764
1945,394796
1660,394828
1468,394860
1243,394892
1014,394924
795,394956
488,394988
335,395020
528,395052
0,395084
379,395116
573,395148
439,395180
1021,395212
1213,395244
1127,395276
1675,395308
1915,395340
2270,395372
2173,395404
1945,395436
1791,395468
1469,395500
890,395532
1052,395564
431,395596
266,395628
332,395660
0,395692
316,395724
555,395756
509,395788
1004,395820
876,395852
1197,395884
1328,395916
1622,395948
2270,395980
1802,396012
1612,396044
1709,396076
1147,396108
925,396140
972,396172
473,396204
588,396236
0,396268
222,396300
430,396332
688,396364
890,396396
1081,396428
1339,396460
1534,396492
1390,396524
2008,396556
1856,396588
1691,396620
1959,396652
1226,396684
1029,396716
764,396748
572,396780
394,396812
119,396844
0,396876
0,396908
165,396940
811,396972
539,397004
1244,397036
1424,397068
1254,397100
1899,397132
2138,397164
1945,397196
2079,397228
1805,397260
1677,397292
1335,397324
1071,397356
924,397388
617,397420
47,397452
222,397484
0,397516
153,397548
762,397580
600,397612
1208,397644
1408,397676
1335,397708
1870,397740
1743,397772
1911,397804
1575,397836
1400,397868
1565,397900
937,397932
715,397964
842,397996
263,398028
75,398060
131,398092
71,398124
639,398156
795,398188
1096,398220
1290,398252
1561,398284
1754,398316
1994,398348
2218,398380
2174,398412
1899,398444
1696,398476
1424,398508
829,398540
680,398572
379,398604
184,398636
0,398668
0,398700
103,398732
284,398764
562,398796
1071,398828
1003,398860
1243,398892
1392,398924
1707,398956
2383,398988
1720,399020
1949,399052
1675,399084
1077,399116
1197,399148
928,399180
395,399212
474,399244
249,399276
348,399308
440,399340
668,399372
972,399404
1128,399436
1002,399468
1624,399500
1455,399532
2079,399564
2236,399596
1688,399628
1759,399660
1532,399692
1036,399724
1066,399756
490,399788
351,399820
40,399852
0,399884
348,399916
200,399948
471,399980
1004,400012
919,400044
1145,400076
1660,400108
1607,400140
2206,400172
2267,400204
2032,400236
1760,400268
1566,400300
1294,400332
1023,400364
830,400396
570,400428
0,400460
0,400492
0,400524
202,400556
415,400588
652,400620
906,400652
1102,400684
1359,400716
1949,400748
1830,400780
1822,400812
2007,400844
1354,400876
1563,400908
826,400940
1069,400972
800,401004
183,401036
335,401068
218,401100
105,401132
681,401164
864,401196
1211,401228
1322,401260
1520,401292
1837,401324
1992,401356
1864,401388
2142,401420
1466,401452
1659,401484
1398,401516
776,401548
927,401580
669,401612
151,401644
206,401676
0,401708
174,401740
761,401772
600,401804
1213,401836
1040,401868
1275,401900
1880,401932
1736,401964
1961,401996
2059,402028
1495,402060
1625,402092
1035,402124
1151,402156
892,402188
697,402220
440,402252
201,402284
314,402316
538,402348
734,402380
632,402412
1194,402444
1051,402476
1648,402508
1503,402540
1772,402572
1803,402604
1598,402636
1420,402668
1136,402700
954,402732
731,402764
506,402796
283,402828
0,402860
0,402892
463,402924
232,402956
895,402988
1087,403020
1263,403052
1543,403084
1739,403116
1643,403148
2206,403180
2154,403212
2031,403244
1645,403276
1417,403308
1259,403340
955,403372
795,403404
537,403436
0,403468
0,403500
382,403532
302,403564
832,403596
1068,403628
1023,403660
1262,403692
1390,403724
1723,403756
1856,403788
1750,403820
1918,403852
1274,403884
1095,403916
1182,403948
636,403980
413,404012
185,404044
0,404076
286,404108
93,404140
750,404172
944,404204
1210,404236
1406,404268
1599,404300
1483,404332
2064,404364
1868,404396
2010,404428
1401,404460
1150,404492
938,404524
714,404556
520,404588
264,404620
62,404652
0,404684
0,404716
217,404748
374,404780
665,404812
1325,404844
1050,404876
1771,404908
1963,404940
2176,404972
2255,405004
2025,405036
1415,405068
1548,405100
1276,405132
1159,405164
811,405196
557,405228
409,405260
75,405292
0,405324
631,405356
429,405388
651,405420
1273,405452
1102,405484
1727,405516
1936,405548
1851,405580
1847,405612
1515,405644
1372,405676
1054,405708
886,405740
1049,405772
426,405804
205,405836
328,405868
0,405900
123,405932
312,405964
584,405996
1151,406028
1322,406060
1615,406092
1820,406124
2089,406156
2284,406188
2112,406220
1484,406252
1641,406284
1370,406316
1176,406348
909,406380
318,406412
446,406444
0,406476
0,406508
87,406540
336,406572
617,406604
794,406636
1079,406668
1597,406700
1527,406732
1771,406764
1864,406796
1707,406828
1915,406860
1595,406892
1417,406924
1147,406956
567,406988
683,407020
413,407052
0,407084
298,407116
528,407148
873,407180
944,407212
1179,407244
1487,407276
1642,407308
1512,407340
2152,407372
1805,407404
1967,407436
1706,407468
1164,407500
983,407532
1008,407564
520,407596
555,407628
0,407660
0,407692
0,407724
254,407756
874,407788
708,407820
973,407852
1162,407884
1431,407916
1671,407948
2192,407980
1847,408012
1976,408044
1737,408076
1502,408108
1240,408140
614,408172
778,408204
507,408236
313,408268
157,408300
40,408332
621,408364
477,408396
714,408428
928,408460
1163,408492
1420,408524
1626,408556
1892,408588
2074,408620
1477,408652
1300,408684
1469,408716
844,408748
1039,408780
731,408812
555,408844
287,408876
0,408908
507,408940
743,408972
617,409004
1195,409036
1389,409068
1739,409100
1855,409132
2048,409164
2319,409196
1995,409228
1392,409260
1612,409292
938,409324
1133,409356
874,409388
264,409420
90,409452
152,409484
0,409516
478,409548
376,409580
695,409612
826,409644
1112,409676
1739,409708
1563,409740
1803,409772
2238,409804
1624,409836
1436,409868
1529,409900
971,409932
1101,409964
525,409996
637,410028
379,410060
0,410092
378,410124
603,410156
828,410188
1065,410220
1256,410252
1513,410284
1711,410316
1568,410348
2184,410380
1744,410412
1544,410444
1279,410476
1080,410508
903,410540
622,410572
442,410604
219,410636
2,410668
0,410700
495,410732
331,410764
987,410796
744,410828
1419,410860
1611,410892
1465,410924
2075,410956
2270,410988
1767,411020
1852,411052
1625,411084
1503,411116
1120,411148
894,411180
748,411212
440,411244
271,411276
248,411308
94,411340
376,411372
894,411404
822,411436
1344,411468
1595,411500
1546,411532
2048,411564
1866,411596
1725,411628
1390,411660
1224,411692
1391,411724
762,411756
575,411788
668,411820
124,411852
0,411884
16,411916
237,411948
812,411980
603,412012
1274,412044
1466,412076
1738,412108
1934,412140
2128,412172
2221,412204
1952,412236
1340,412268
1480,412300
880,412332
654,412364
427,412396
203,412428
8,412460
0,412492
7,412524
279,412556
456,412588
729,412620
1353,412652
1188,412684
1853,412716
1576,412748
2301,412780
2201,412812
1543,412844
1721,412876
1488,412908
903,412940
1023,412972
763,413004
647,413036
297,413068
155,413100
457,413132
603,413164
489,413196
1146,413228
940,413260
1165,413292
1802,413324
1628,413356
2267,413388
2060,413420
1511,413452
1580,413484
1002,413516
859,413548
552,413580
376,413612
527,413644
0,413676
0,413708
492,413740
375,413772
634,413804
823,413836
1087,413868
1679,413900
1838,413932
2157,413964
2295,413996
2091,414028
1818,414060
1580,414092
1344,414124
1116,414156
856,414188
664,414220
396,414252
0,414284
279,414316
143,414348
396,414380
592,414412
856,414444
1130,414476
1306,414508
1590,414540
1819,414572
1879,414604
1645,414636
1338,414668
1180,414700
1389,414732
684,414764
895,414796
633,414828
55,414860
141,414892
360,414924
271,414956
812,414988
1040,415020
1385,415052
1468,415084
1706,415116
2027,415148
2172,415180
1744,415212
1916,415244
1275,415276
1438,415308
1182,415340
650,415372
717,415404
496,415436
16,415468
142,415500
42,415532
351,415564
492,415596
765,415628
1390,415660
1222,415692
1485,415724
1688,415756
1960,415788
1786,415820
1838,415852
1319,415884
1450,415916
1211,415948
984,415980
718,416012
520,416044
254,416076
220,416108
479,416140
683,416172
543,416204
1134,416236
991,416268
1228,416300
1450,416332
1690,416364
1895,416396
1628,416428
1419,416460
1244,416492
988,416524
791,416556
955,416588
331,416620
524,416652
0,416684
381,416716
573,416748
406,416780
1023,416812
1272,416844
1128,416876
1722,416908
1920,416940
2111,416972
2203,417004
1936,417036
1787,417068
1468,417100
892,417132
1084,417164
429,417196
616,417228
362,417260
0,417292
350,417324
560,417356
488,417388
1007,417420
888,417452
1197,417484
1336,417516
1626,417548
2269,417580
1800,417612
1565,417644
1706,417676
1101,417708
920,417740
1016,417772
463,417804
585,417836
18,417868
233,417900
440,417932
697,417964
890,417996
1120,418028
1342,418060
1583,418092
1783,418124
2045,418156
2250,418188
1690,418220
1832,418252
1224,418284
1020,418316
764,418348
571,418380
393,418412
120,418444
0,418476
0,418508
159,418540
391,418572
542,418604
843,418636
1502,418668
1257,418700
1949,418732
2141,418764
1941,418796
2075,418828
1801,418860
1551,418892
1327,418924
1101,418956
987,418988
606,419020
380,419052
219,419084
265,419116
560,419148
762,419180
600,419212
886,419244
1416,419276
1334,419308
1881,419340
2120,419372
1897,419404
1934,419436
1336,419468
1197,419500
875,419532
712,419564
872,419596
252,419628
73,419660
134,419692
71,419724
297,419756
523,419788
751,419820
1328,419852
1118,419884
1802,419916
1996,419948
2268,419980
2170,420012
1888,420044
1695,420076
1422,420108
828,420140
957,420172
368,420204
151,420236
0,420268
0,420300
69,420332
254,420364
510,420396
791,420428
956,420460
1240,420492
1883,420524
1705,420556
2393,420588
1690,420620
1947,420652
1663,420684
1020,420716
1195,420748
971,420780
695,420812
506,420844
246,420876
347,420908
472,420940
669,420972
973,421004
1119,421036
1000,421068
1663,421100
1452,421132
1688,421164
2268,421196
1624,421228
1792,421260
1529,421292
987,421324
1056,421356
488,421388
349,421420
459,421452
0,421484
349,421516
197,421548
427,421580
1008,421612
877,421644
1159,421676
1337,421708
1609,421740
2207,421772
2190,421804
2027,421836
1756,421868
1561,421900
1290,421932
1056,421964
826,421996
601,422028
334,422060
119,422092
335,422124
202,422156
793,422188
655,422220
910,422252
1104,422284
1368,422316
1653,422348
1834,422380
1819,422412
1591,422444
1352,422476
1128,422508
824,422540
669,422572
873,422604
174,422636
381,422668
220,422700
409,422732
684,422764
875,422796
792,422828
1334,422860
1566,422892
1916,422924
1996,422956
2234,422988
2139,423020
1818,423052
1224,423084
1388,423116
764,423148
924,423180
668,423212
142,423244
204,423276
216,423308
183,423340
411,423372
550,423404
861,423436
999,423468
1278,423500
1918,423532
1741,423564
1958,423596
1687,423628
1484,423660
1259,423692
1311,423724
799,423756
926,423788
695,423820
462,423852
190,423884
350,423916
542,423948
743,423980
1003,424012
1196,424044
1054,424076
1658,424108
1517,424140
1744,424172
1802,424204
1572,424236
1358,424268
1103,424300
906,424332
729,424364
456,424396
277,424428
441,424460
0,424492
469,424524
202,424556
904,424588
1088,424620
1294,424652
1547,424684
1787,424716
1653,424748
2254,424780
2153,424812
2027,424844
1672,424876
1404,424908
1261,424940
942,424972
375,425004
570,425036
0,425068
216,425100
414,425132
266,425164
874,425196
1071,425228
999,425260
1259,425292
1400,425324
1723,425356
1865,425388
1740,425420
1917,425452
1272,425484
1049,425516
1182,425548
599,425580
408,425612
490,425644
0,425676
297,425708
185,425740
763,425772
954,425804
1211,425836
1406,425868
1646,425900
1482,425932
2109,425964
2249,425996
2044,426028
1772,426060
1164,426092
1306,426124
712,426156
519,426188
251,426220
58,426252
0,426284
0,426316
220,426348
444,426380
669,426412
904,426444
1054,426476
1356,426508
2039,426540
2189,426572
2299,426604
2015,426636
1407,426668
1545,426700
1274,426732
727,426764
810,426796
586,426828
462,426860
74,426892
330,426924
633,426956
780,426988
1079,427020
1275,427052
1115,427084
1390,427116
1936,427148
1864,427180
1847,427212
1884,427244
1371,427276
1402,427308
826,427340
685,427372
376,427404
204,427436
348,427468
0,427500
123,427532
666,427564
583,427596
810,427628
1035,427660
1263,427692
1854,427724
1640,427756
2332,427788
2108,427820
1455,427852
1642,427884
1368,427916
1167,427948
908,427980
314,428012
446,428044
0,428076
0,428108
91,428140
316,428172
580,428204
766,428236
1019,428268
1303,428300
1480,428332
1768,428364
1856,428396
1701,428428
1911,428460
1592,428492
1416,428524
652,428556
507,428588
683,428620
448,428652
0,428684
343,428716
538,428748
875,428780
986,428812
1184,428844
1497,428876
1645,428908
1514,428940
2204,428972
1800,429004
1566,429036
1740,429068
1110,429100
935,429132
1005,429164
476,429196
544,429228
0,429260
0,429292
0,429324
264,429356
873,429388
712,429420
939,429452
1532,429484
1388,429516
1672,429548
1864,429580
1835,429612
1965,429644
1659,429676
1497,429708
1230,429740
605,429772
776,429804
541,429836
304,429868
201,429900
396,429932
664,429964
847,429996
716,430028
1307,430060
1166,430092
1422,430124
1628,430156
1896,430188
1757,430220
1478,430252
1299,430284
1359,430316
840,430348
619,430380
783,430412
166,430444
349,430476
0,430508
559,430540
749,430572
617,430604
1199,430636
1390,430668
1293,430700
1855,430732
2094,430764
2391,430796
1982,430828
1758,430860
1609,430892
1292,430924
713,430956
872,430988
255,431020
90,431052
143,431084
0,431116
491,431148
731,431180
695,431212
1182,431244
1064,431276
1383,431308
1513,431340
1805,431372
2268,431404
1622,431436
1433,431468
1162,431500
971,431532
746,431564
798,431596
299,431628
410,431660
0,431692
412,431724
606,431756
874,431788
1066,431820
1248,431852
1519,431884
1722,431916
1578,431948
2186,431980
1739,432012
1513,432044
1276,432076
1050,432108
847,432140
590,432172
396,432204
507,432236
0,432268
0,432300
492,432332
347,432364
987,432396
714,432428
1420,432460
1613,432492
1429,432524
2077,432556
2319,432588
1757,432620
1898,432652
1616,432684
1497,432716
1149,432748
892,432780
745,432812
440,432844
0,432876
287,432908
93,432940
327,432972
937,433004
776,433036
1389,433068
1594,433100
1511,433132
2048,433164
1864,433196
1722,433228
1389,433260
1222,433292
1385,433324
760,433356
551,433388
664,433420
87,433452
0,433484
318,433516
247,433548
825,433580
970,433612
1273,433644
1470,433676
1741,433708
1936,433740
2174,433772
2222,433804
1992,433836
1711,433868
1513,433900
1247,433932
653,433964
784,433996
203,434028
10,434060
0,434092
11,434124
280,434156
459,434188
733,434220
965,434252
1191,434284
1419,434316
1576,434348
1883,434380
2263,434412
1532,434444
1769,434476
1485,434508
889,434540
1019,434572
751,434604
219,434636
288,434668
186,434700
527,434732
608,434764
844,434796
1149,434828
1296,434860
1168,434892
1806,434924
1630,434956
1928,434988
2048,435020
1500,435052
1578,435084
1354,435116
857,435148
890,435180
316,435212
183,435244
0,435276
0,435308
528,435340
375,435372
647,435404
1184,435436
1087,435468
1325,435500
1848,435532
1789,435564
2328,435596
1630,435628
1852,435660
1582,435692
1386,435724
1118,435756
848,435788
652,435820
396,435852
0,435884
282,435916
144,435948
378,435980
1079,436012
826,436044
1082,436076
1286,436108
1546,436140
1831,436172
1831,436204
1641,436236
1328,436268
1178,436300
1383,436332
651,436364
903,436396
623,436428
16,436460
153,436492
406,436524
281,436556
858,436588
1051,436620
1387,436652
1501,436684
1710,436716
2029,436748
2175,436780
1740,436812
1952,436844
1273,436876
1052,436908
1210,436940
599,436972
747,437004
493,437036
0,437068
144,437100
43,437132
350,437164
491,437196
776,437228
1401,437260
1223,437292
1464,437324
2061,437356
1927,437388
1783,437420
1879,437452
1309,437484
1437,437516
1134,437548
973,437580
714,437612
519,437644
252,437676
267,437708
492,437740
719,437772
918,437804
1178,437836
1371,437868
1228,437900
1532,437932
1692,437964
1886,437996
1616,438028
1418,438060
1239,438092
957,438124
778,438156
847,438188
328,438220
103,438252
0,438284
4,438316
653,438348
408,438380
1079,438412
1263,438444
1130,438476
1727,438508
1928,438540
1835,438572
2202,438604
1968,438636
1853,438668
1465,438700
1230,438732
1085,438764
777,438796
206,438828
352,438860
0,438892
349,438924
557,438956
490,438988
1008,439020
1244,439052
1207,439084
1707,439116
1573,439148
1911,439180
1739,439212
1564,439244
1738,439276
1098,439308
909,439340
1004,439372
460,439404
233,439436
281,439468
0,439500
473,439532
697,439564
926,439596
1128,439628
1391,439660
1584,439692
1784,439724
2057,439756
2253,439788
1679,439820
1527,439852
1216,439884
989,439916
761,439948
540,439980
344,440012
79,440044
0,440076
232,440108
123,440140
402,440172
1019,440204
852,440236
1511,440268
1228,440300
1951,440332
2143,440364
1882,440396
2073,440428
1838,440460
1238,440492
1368,440524
1098,440556
856,440588
635,440620
379,440652
217,440684
266,440716
159,440748
810,440780
604,440812
1248,440844
1452,440876
1288,440908
1916,440940
2124,440972
1851,441004
1929,441036
1336,441068
1196,441100
1325,441132
711,441164
862,441196
260,441228
26,441260
135,441292
28,441324
299,441356
842,441388
750,441420
1339,441452
1209,441484
1801,441516
1998,441548
2269,441580
2168,441612
1931,441644
1690,441676
1456,441708
1194,441740
627,441772
732,441804
143,441836
271,441868
0,441900
74,441932
256,441964
522,441996
795,442028
968,442060
1245,442092
1480,442124
1716,442156
1947,442188
1678,442220
1517,442252
1737,442284
1018,442316
1243,442348
969,442380
696,442412
507,442444
237,442476
0,442508
472,442540
704,442572
1051,442604
1129,442636
1359,442668
1675,442700
1822,442732
2137,442764
2266,442796
1624,442828
1448,442860
1520,442892
985,442924
1055,442956
831,442988
346,443020
122,443052
0,443084
22,443116
166,443148
430,443180
1052,443212
886,443244
1151,443276
1710,443308
1611,443340
1851,443372
1897,443404
1661,443436
1792,443468
1114,443500
1322,443532
1056,443564
860,443596
600,443628
332,443660
0,443692
343,443724
221,443756
798,443788
656,443820
902,443852
1113,443884
1341,443916
1607,443948
1806,443980
1768,444012
1580,444044
1303,444076
1117,444108
814,444140
665,444172
863,444204
142,444236
377,444268
233,444300
448,444332
687,444364
924,444396
792,444428
1374,444460
1566,444492
1918,444524
2030,444556
2240,444588
2137,444620
1817,444652
1226,444684
1432,444716
764,444748
540,444780
697,444812
89,444844
232,444876
218,444908
151,444940
413,444972
555,445004
871,445036
1001,445068
1288,445100
1929,445132
1740,445164
1915,445196
2048,445228
1439,445260
1257,445292
985,445324
798,445356
923,445388
620,445420
459,445452
198,445484
349,445516
556,445548
782,445580
636,445612
1241,445644
1433,445676
1696,445708
1900,445740
1754,445772
2174,445804
1566,445836
1355,445868
1101,445900
904,445932
727,445964
447,445996
276,446028
330,446060
0,446092
61,446124
207,446156
507,446188
1165,446220
1309,446252
1597,446284
1791,446316
1655,446348
2255,446380
2144,446412
1575,446444
1674,446476
1439,446508
1325,446540
943,446572
719,446604
569,446636
255,446668
0,446700
424,446732
268,446764
875,446796
1080,446828
1000,446860
1271,446892
1771,446924
1735,446956
2236,446988
1679,447020
1547,447052
1212,447084
1048,447116
1213,447148
587,447180
397,447212
138,447244
0,447276
0,447308
459,447340
413,447372
990,447404
1213,447436
1452,447468
1648,447500
1466,447532
2122,447564
2240,447596
2043,447628
1770,447660
1162,447692
1296,447724
703,447756
476,447788
251,447820
27,447852
0,447884
0,447916
183,447948
736,447980
633,448012
913,448044
1533,448076
1366,448108
2040,448140
2191,448172
2296,448204
2011,448236
1356,448268
1535,448300
1308,448332
727,448364
846,448396
575,448428
461,448460
117,448492
333,448524
636,448556
792,448588
667,448620
1324,448652
1116,448684
1775,448716
1982,448748
1806,448780
1799,448812
1871,448844
1324,448876
1401,448908
816,448940
682,448972
365,449004
199,449036
347,449068
0,449100
93,449132
671,449164
551,449196
813,449228
1358,449260
1273,449292
1865,449324
1737,449356
2333,449388
2110,449420
1452,449452
1632,449484
1402,449516
1166,449548
938,449580
671,449612
477,449644
217,449676
0,449708
456,449740
319,449772
584,449804
768,449836
1024,449868
1304,449900
1484,449932
1769,449964
1931,449996
1694,450028
1465,450060
1641,450092
1003,450124
1209,450156
506,450188
719,450220
447,450252
0,450284
347,450316
540,450348
459,450380
990,450412
1225,450444
1577,450476
1646,450508
1884,450540
2204,450572
2168,450604
1997,450636
1738,450668
1101,450700
936,450732
1004,450764
473,450796
542,450828
319,450860
0,450892
328,450924
216,450956
525,450988
663,451020
940,451052
1577,451084
1400,451116
1676,451148
2238,451180
1835,451212
1598,451244
1371,451276
1143,451308
1262,451340
592,451372
798,451404
540,451436
346,451468
204,451500
407,451532
667,451564
859,451596
718,451628
1310,451660
1175,451692
1405,451724
1630,451756
1870,451788
1707,451820
1447,451852
1240,451884
1064,451916
783,451948
606,451980
779,452012
154,452044
347,452076
0,452108
558,452140
750,452172
572,452204
1207,452236
1437,452268
1306,452300
1912,452332
2105,452364
2380,452396
2024,452428
1758,452460
1600,452492
1289,452524
704,452556
908,452588
230,452620
29,452652
171,452684
0,452716
528,452748
732,452780
654,452812
1183,452844
1065,452876
1385,452908
1516,452940
1812,452972
2267,453004
1622,453036
1385,453068
1519,453100
923,453132
743,453164
475,453196
287,453228
399,453260
103,453292
411,453324
618,453356
875,453388
1066,453420
1295,453452
1530,453484
1756,453516
1962,453548
2235,453580
2122,453612
1502,453644
1645,453676
1040,453708
844,453740
588,453772
394,453804
215,453836
0,453868
0,453900
117,453932
345,453964
568,453996
719,454028
1017,454060
1689,454092
1432,454124
2137,454156
2329,454188
1754,454220
1887,454252
1613,454284
1065,454316
1148,454348
923,454380
809,454412
428,454444
204,454476
288,454508
446,454540
330,454572
938,454604
781,454636
1390,454668
1598,454700
1514,454732
2060,454764
2224,454796
1709,454828
1744,454860
1160,454892
1021,454924
701,454956
536,454988
686,455020
76,455052
0,455084
0,455116
249,455148
475,455180
974,455212
925,455244
1513,455276
1751,455308
1982,455340
2176,455372
2256,455404
1982,455436
1718,455468
1515,455500
1241,455532
652,455564
782,455596
192,455628
0,455660
0,455692
0,455724
237,455756
432,455788
695,455820
967,455852
1135,455884
1419,455916
2075,455948
1886,455980
2264,456012
1500,456044
1765,456076
1483,456108
851,456140
1019,456172
794,456204
215,456236
330,456268
202,456300
383,456332
648,456364
846,456396
1151,456428
1304,456460
1180,456492
1852,456524
1632,456556
2312,456588
2090,456620
1446,456652
1608,456684
1356,456716
813,456748
880,456780
313,456812
172,456844
0,456876
0,456908
537,456940
375,456972
604,457004
1192,457036
1055,457068
1335,457100
1886,457132
1791,457164
2317,457196
1720,457228
1847,457260
1578,457292
1373,457324
1112,457356
878,457388
650,457420
425,457452
152,457484
320,457516
511,457548
381,457580
969,457612
840,457644
1094,457676
1291,457708
1547,457740
1832,457772
1820,457804
1639,457836
1403,457868
1175,457900
951,457932
652,457964
491,457996
687,458028
5,458060
199,458092
409,458124
283,458156
863,458188
1051,458220
1274,458252
1512,458284
1753,458316
2105,458348
2184,458380
2108,458412
1961,458444
1630,458476
1469,458508
1210,458540
591,458572
422,458604
491,458636
0,458668
153,458700
392,458732
359,458764
844,458796
720,458828
1037,458860
1176,458892
1464,458924
2106,458956
1926,458988
1783,459020
1872,459052
1307,459084
1081,459116
856,459148
631,459180
748,459212
91,459244
280,459276
268,459308
528,459340
730,459372
920,459404
1180,459436
1375,459468
1231,459500
1838,459532
1695,459564
1864,459596
1615,459628
1386,459660
1189,459692
934,459724
731,459756
553,459788
272,459820
93,459852
251,459884
7,459916
653,459948
380,459980
1081,460012
1263,460044
1085,460076
1727,460108
1975,460140
2153,460172
2238,460204
1965,460236
1847,460268
1497,460300
1228,460332
1083,460364
764,460396
202,460428
392,460460
0,460492
1,460524
600,460556
440,460588
1050,460620
1246,460652
1175,460684
1708,460716
1580,460748
1911,460780
2205,460812
1563,460844
1737,460876
1096,460908
875,460940
1002,460972
423,461004
231,461036
0,461068
0,461100
475,461132
635,461164
927,461196
1130,461228
1398,461260
1596,461292
1836,461324
2060,461356
2298,461388
2063,461420
1866,461452
1584,461484
986,461516
1127,461548
536,461580
343,461612
77,461644
0,461676
0,461708
124,461740
404,461772
632,461804
854,461836
1083,461868
1232,461900
1543,461932
2221,461964
1881,461996
2121,462028
1835,462060
1536,462092
1357,462124
1095,462156
555,462188
634,462220
411,462252
283,462284
272,462316
507,462348
813,462380
956,462412
841,462444
1454,462476
1289,462508
1928,462540
2125,462572
1850,462604
1928,462636
1703,462668
1194,462700
969,462732
648,462764
509,462796
202,462828
27,462860
169,462892
39,462924
311,462956
492,462988
760,463020
985,463052
1495,463084
1445,463116
2044,463148
2277,463180
2202,463212
1928,463244
1724,463276
1454,463308
1182,463340
989,463372
730,463404
138,463436
267,463468
0,463500
46,463532
268,463564
492,463596
748,463628
943,463660
1209,463692
1481,463724
1662,463756
1948,463788
2171,463820
1524,463852
1725,463884
986,463916
1228,463948
969,463980
718,464012
496,464044
271,464076
0,464108
524,464140
714,464172
1051,464204
1163,464236
1360,464268
1679,464300
1834,464332
1703,464364
2302,464396
1616,464428
1820,464460
1550,464492
925,464524
1086,464556
830,464588
311,464620
0,464652
0,464684
24,464716
159,464748
440,464780
1053,464812
888,464844
1116,464876
1721,464908
1576,464940
1852,464972
2220,465004
1657,465036
1789,465068
1195,465100
1321,465132
1054,465164
857,465196
602,465228
364,465260
0,465292
382,465324
576,465356
840,465388
1034,465420
893,465452
1487,465484
1354,465516
1609,465548
1807,465580
1768,465612
1577,465644
1293,465676
1115,465708
891,465740
664,465772
443,465804
139,465836
0,465868
301,465900
457,465932
736,465964
926,465996
803,466028
1385,466060
1577,466092
1481,466124
2042,466156
2282,466188
2203,466220
1806,466252
1579,466284
1423,466316
1112,466348
944,466380
696,466412
79,466444
0,466476
220,466508
152,466540
423,466572
906,466604
872,466636
1357,466668
1230,466700
1559,466732
1694,466764
1912,466796
2088,466828
1436,466860
1257,466892
1342,466924
795,466956
569,466988
344,467020
109,467052
216,467084
0,467116
590,467148
782,467180
616,467212
1246,467244
1436,467276
1707,467308
1902,467340
1758,467372
2174,467404
1561,467436
1326,467468
1101,467500
874,467532
679,467564
413,467596
219,467628
42,467660
0,467692
58,467724
208,467756
510,467788
1165,467820
1311,467852
1605,467884
1802,467916
1611,467948
2267,467980
2189,468012
1577,468044
1711,468076
1433,468108
1321,468140
970,468172
717,468204
567,468236
253,468268
0,468300
470,468332
271,468364
504,468396
1118,468428
951,468460
1239,468492
1774,468524
1692,468556
2240,468588
1677,468620
1531,468652
1209,468684
1038,468716
1209,468748
586,468780
364,468812
488,468844
0,468876
0,468908
155,468940
425,468972
991,469004
1148,469036
1453,469068
1656,469100
1470,469132
2124,469164
2281,469196
2032,469228
1803,469260
1530,469292
1338,469324
1068,469356
472,469388
607,469420
30,469452
0,469484
0,469516
185,469548
455,469580
637,469612
915,469644
1435,469676
1366,469708
1597,469740
2256,469772
1867,469804
2087,469836
1356,469868
1582,469900
1306,469932
724,469964
845,469996
576,470028
43,470060
119,470092
366,470124
713,470156
795,470188
1022,470220
1326,470252
1480,470284
1352,470316
1983,470348
1817,470380
1795,470412
1870,470444
1322,470476
1390,470508
1176,470540
681,470572
712,470604
140,470636
6,470668
0,470700
102,470732
715,470764
552,470796
814,470828
1000,470860
1274,470892
1501,470924
2027,470956
1979,470988
2144,471020
1451,471052
1662,471084
1400,471116
1198,471148
928,471180
671,471212
477,471244
213,471276
0,471308
459,471340
330,471372
560,471404
776,471436
1004,471468
1257,471500
1466,471532
1722,471564
2237,471596
1642,471628
1463,471660
1639,471692
992,471724
1197,471756
472,471788
716,471820
443,471852
0,471884
349,471916
584,471948
455,471980
1036,472012
1226,472044
1566,472076
1689,472108
1887,472140
2207,472172
2158,472204
1563,472236
1773,472268
1098,472300
874,472332
1037,472364
423,472396
571,472428
317,472460
0,472492
333,472524
219,472556
535,472588
666,472620
950,472652
1578,472684
1400,472716
1640,472748
2250,472780
1787,472812
1597,472844
1691,472876
1131,472908
1261,472940
957,472972
797,473004
538,473036
333,473068
206,473100
444,473132
670,473164
904,473196
1096,473228
1354,473260
1552,473292
1406,473324
2016,473356
1879,473388
1706,473420
1438,473452
1240,473484
1062,473516
782,473548
605,473580
379,473612
151,473644
0,473676
0,473708
187,473740
829,473772
584,473804
1256,473836
1447,473868
1308,473900
1913,473932
2107,473964
1931,473996
2016,474028
1788,474060
1664,474092
1279,474124
1055,474156
909,474188
592,474220
27,474252
170,474284
0,474316
218,474348
733,474380
664,474412
1184,474444
1424,474476
1386,474508
1896,474540
1756,474572
1885,474604
1560,474636
1385,474668
1561,474700
920,474732
743,474764
828,474796
283,474828
61,474860
105,474892
79,474924
654,474956
444,474988
1112,475020
1306,475052
1568,475084
1770,475116
1966,475148
2237,475180
2112,475212
1501,475244
1643,475276
1038,475308
813,475340
1067,475372
362,475404
166,475436
0,475468
0,475500
120,475532
298,475564
572,475596
719,475628
1021,475660
1692,475692
1416,475724
2136,475756
2329,475788
1716,475820
1887,475852
1658,475884
1062,475916
1182,475948
920,475980
798,476012
457,476044
201,476076
299,476108
455,476140
333,476172
986,476204
780,476236
1014,476268
1632,476300
1466,476332
2104,476364
2223,476396
1671,476428
1742,476460
1152,476492
1016,476524
700,476556
526,476588
685,476620
74,476652
219,476684
334,476716
217,476748
475,476780
1018,476812
927,476844
1517,476876
1673,476908
1981,476940
2186,476972
2251,477004
1982,477036
1743,477068
1504,477100
1277,477132
1004,477164
813,477196
554,477228
0,477260
0,477292
0,477324
239,477356
441,477388
696,477420
968,477452
1146,477484
1427,477516
1963,477548
1894,477580
1805,477612
1500,477644
1342,477676
1549,477708
844,477740
1065,477772
795,477804
210,477836
328,477868
201,477900
119,477932
666,477964
889,477996
1225,478028
1296,478060
1545,478092
1855,478124
2009,478156
1872,478188
2088,478220
1437,478252
1610,478284
1341,478316
812,478348
880,478380
655,478412
172,478444
190,478476
0,478508
192,478540
329,478572
616,478604
1230,478636
1063,478668
1325,478700
1898,478732
1799,478764
1949,478796
1998,478828
1481,478860
1612,478892
1371,478924
1144,478956
878,478988
686,479020
416,479052
151,479084
327,479116
512,479148
382,479180
693,479212
841,479244
1066,479276
1290,479308
1520,479340
1784,479372
1789,479404
1581,479436
1707,479468
1117,479500
947,479532
1115,479564
488,479596
679,479628
0,479660
203,479692
411,479724
247,479756
863,479788
1103,479820
968,479852
1562,479884
1755,479916
2107,479948
2219,479980
2105,480012
1949,480044
1630,480076
1040,480108
1244,480140
588,480172
777,480204
511,480236
0,480268
187,480300
396,480332
328,480364
847,480396
730,480428
1048,480460
1641,480492
1466,480524
2107,480556
1928,480588
1735,480620
1868,480652
1259,480684
1080,480716
1166,480748
622,480780
745,480812
171,480844
281,480876
270,480908
535,480940
732,480972
958,481004
1182,481036
1421,481068
1615,481100
1497,481132
2091,481164
1851,481196
1992,481228
1390,481260
1181,481292
923,481324
720,481356
544,481388
270,481420
92,481452
0,481484
16,481516
235,481548
384,481580
686,481612
1343,481644
1093,481676
1785,481708
1977,481740
2157,481772
2237,481804
1962,481836
1401,481868
1487,481900
1260,481932
1145,481964
765,481996
541,482028
393,482060
99,482092
399,482124
602,482156
446,482188
728,482220
1248,482252
1176,482284
1710,482316
1959,482348
1913,482380
1835,482412
1498,482444
1366,482476
1038,482508
872,482540
1036,482572
412,482604
231,482636
314,482668
0,482700
137,482732
375,482764
589,482796
1177,482828
955,482860
1644,482892
1836,482924
2106,482956
2304,482988
2060,483020
1469,483052
1584,483084
984,483116
1128,483148
536,483180
302,483212
79,483244
0,483276
0,483308
102,483340
358,483372
632,483404
808,483436
1083,483468
1232,483500
1543,483532
2230,483564
1848,483596
2110,483628
1831,483660
1579,483692
1357,483724
1131,483756
552,483788
670,483820
400,483852
267,483884
316,483916
508,483948
815,483980
959,484012
845,484044
1502,484076
1291,484108
1526,484140
2169,484172
1788,484204
1960,484236
1692,484268
1148,484300
959,484332
648,484364
505,484396
192,484428
23,484460
173,484492
40,484524
279,484556
846,484588
727,484620
987,484652
1177,484684
1449,484716
2047,484748
2205,484780
2189,484812
1920,484844
1723,484876
1452,484908
1216,484940
619,484972
762,485004
503,485036
300,485068
175,485100
56,485132
634,485164
503,485196
751,485228
944,485260
1208,485292
1483,485324
1671,485356
1948,485388
2048,485420
1512,485452
1278,485484
985,485516
827,485548
1035,485580
717,485612
544,485644
272,485676
0,485708
523,485740
728,485772
635,485804
1166,485836
1403,485868
1769,485900
1835,485932
2073,485964
2312,485996
1982,486028
1384,486060
1550,486092
922,486124
1082,486156
829,486188
298,486220
119,486252
135,486284
24,486316
507,486348
394,486380
703,486412
841,486444
1118,486476
1755,486508
1578,486540
1853,486572
1848,486604
1655,486636
1421,486668
1480,486700
967,486732
1086,486764
855,486796
630,486828
362,486860
0,486892
392,486924
585,486956
843,486988
1036,487020
894,487052
1487,487084
1355,487116
1583,487148
1820,487180
1725,487212
1526,487244
1262,487276
1064,487308
1180,487340
615,487372
437,487404
603,487436
0,487468
301,487500
459,487532
743,487564
927,487596
759,487628
1385,487660
1624,487692
1492,487724
2092,487756
2286,487788
2199,487820
1840,487852
1576,487884
1423,487916
1113,487948
528,487980
730,488012
79,488044
252,488076
252,488108
106,488140
391,488172
910,488204
837,488236
1360,488268
1243,488300
1561,488332
1702,488364
1903,488396
2077,488428
1436,488460
1211,488492
1342,488524
749,488556
569,488588
653,488620
109,488652
217,488684
382,488716
601,488748
798,488780
616,488812
1246,488844
1482,488876
1710,488908
1947,488940
2141,488972
2208,489004
1935,489036
1325,489068
1467,489100
864,489132
671,489164
411,489196
218,489228
39,489260
0,489292
71,489324
299,489356
520,489388
747,489420
1371,489452
1196,489484
1879,489516
1612,489548
2315,489580
2187,489612
1574,489644
1707,489676
1436,489708
887,489740
969,489772
746,489804
624,489836
252,489868
168,489900
474,489932
622,489964
923,489996
1116,490028
954,490060
1238,490092
1783,490124
1702,490156
2239,490188
2044,490220
1531,490252
1564,490284
986,490316
846,490348
526,490380
362,490412
509,490444
0,490476
0,490508
509,490540
424,490572
651,490604
877,490636
1101,490668
1696,490700
1471,490732
2168,490764
2272,490796
2076,490828
1802,490860
1520,490892
1328,490924
1056,490956
464,490988
605,491020
25,491052
0,491084
0,491116
164,491148
420,491180
616,491212
869,491244
1143,491276
1321,491308
1605,491340
2254,491372
1865,491404
2075,491436
1322,491468
1579,491500
1303,491532
667,491564
841,491596
617,491628
37,491660
167,491692
375,491724
715,491756
825,491788
1024,491820
1339,491852
1481,491884
1358,491916
2040,491948
1818,491980
1735,492012
1902,492044
1260,492076
1423,492108
1167,492140
635,492172
712,492204
139,492236
2,492268
0,492300
108,492332
714,492364
555,492396
781,492428
1370,492460
1239,492492
1512,492524
1705,492556
1977,492588
2141,492620
1823,492652
1661,492684
1390,492716
1197,492748
936,492780
704,492812
472,492844
234,492876
237,492908
502,492940
698,492972
558,493004
1148,493036
1007,493068
1264,493100
1469,493132
1726,493164
1928,493196
1642,493228
1458,493260
1227,493292
999,493324
779,493356
463,493388
315,493420
511,493452
0,493484
399,493516
591,493548
466,493580
1039,493612
1232,493644
1144,493676
1691,493708
1930,493740
2285,493772
2156,493804
1920,493836
1771,493868
1452,493900
874,493932
1024,493964
424,493996
570,494028
315,494060
0,494092
334,494124
573,494156
537,494188
1019,494220
894,494252
1213,494284
1357,494316
1644,494348
2285,494380
1786,494412
1595,494444
1320,494476
1131,494508
905,494540
956,494572
455,494604
570,494636
331,494668
248,494700
446,494732
712,494764
908,494796
1098,494828
1359,494860
1561,494892
1421,494924
2025,494956
1880,494988
1673,495020
1435,495052
1210,495084
1004,495116
749,495148
554,495180
378,495212
104,495244
0,495276
335,495308
180,495340
830,495372
556,495404
1259,495436
1451,495468
1270,495500
1919,495532
2156,495564
1928,495596
2062,495628
1785,495660
1504,495692
1307,495724
1053,495756
905,495788
602,495820
25,495852
205,495884
0,495916
585,495948
776,495980
616,496012
1229,496044
1423,496076
1351,496108
1896,496140
1769,496172
1884,496204
1551,496236
1382,496268
1549,496300
918,496332
696,496364
826,496396
237,496428
55,496460
151,496492
87,496524
653,496556
541,496588
1115,496620
1306,496652
1577,496684
1773,496716
2010,496748
2239,496780
2154,496812
1882,496844
1678,496876
1406,496908
812,496940
943,496972
352,497004
168,497036
0,497068
0,497100
122,497132
301,497164
584,497196
797,497228
1020,497260
1256,497292
1408,497324
1723,497356
2409,497388
1701,497420
1932,497452
1647,497484
1051,497516
1179,497548
911,497580
685,497612
456,497644
222,497676
365,497708
458,497740
684,497772
989,497804
1135,497836
1437,497868
1642,497900
1467,497932
1758,497964
2219,497996
1670,498028
1740,498060
1513,498092
1016,498124
1050,498156
474,498188
335,498220
25,498252
0,498284
366,498316
216,498348
487,498380
1020,498412
936,498444
1165,498476
1388,498508
1627,498540
2233,498572
1802,498604
2012,498636
1741,498668
1546,498700
1274,498732
1005,498764
811,498796
544,498828
0,498860
106,498892
3,498924
218,498956
920,498988
679,499020
922,499052
1124,499084
1384,499116
1659,499148
1839,499180
1801,499212
1981,499244
1336,499276
1547,499308
809,499340
1053,499372
784,499404
157,499436
319,499468
238,499500
425,499532
698,499564
891,499596
1227,499628
1342,499660
1550,499692
1865,499724
2012,499756
1881,499788
2124,499820
1435,499852
1210,499884
1370,499916
760,499948
909,499980
653,500012
135,500044
189,500076
0,500108
199,500140
775,500172
616,500204
1231,500236
1064,500268
1303,500300
1901,500332
1755,500364
1945,500396
1661,500428
1479,500460
1605,500492
1294,500524
1143,500556
874,500588
679,500620
412,500652
181,500684
332,500716
361,500748
752,500780
1016,500812
1212,500844
1068,500876
1674,500908
1530,500940
1788,500972
1784,501004
1579,501036
1399,501068
1117,501100
939,501132
715,501164
479,501196
264,501228
0,501260
0,501292
489,501324
250,501356
921,501388
1103,501420
1280,501452
1563,501484
1755,501516
1662,501548
2222,501580
2138,501612
2015,501644
1627,501676
1392,501708
1243,501740
928,501772
361,501804
512,501836
0,501868
197,501900
397,501932
332,501964
848,501996
1086,502028
1049,502060
1277,502092
1416,502124
1741,502156
1880,502188
1723,502220
1902,502252
1259,502284
1079,502316
808,502348
619,502380
393,502412
442,502444
0,502476
314,502508
539,502540
766,502572
960,502604
1230,502636
1422,502668
1623,502700
1888,502732
2088,502764
1839,502796
1992,502828
1374,502860
1156,502892
921,502924
698,502956
493,502988
240,503020
44,503052
0,503084
0,503116
247,503148
861,503180
692,503212
1341,503244
1067,503276
1787,503308
1981,503340
2202,503372
2235,503404
1998,503436
1397,503468
1528,503500
1248,503532
1134,503564
794,503596
541,503628
379,503660
92,503692
7,503724
650,503756
445,503788
1097,503820
1291,503852
1128,503884
1754,503916
1962,503948
1879,503980
1831,504012
1496,504044
1356,504076
1036,504108
870,504140
1021,504172
408,504204
187,504236
312,504268
0,504300
139,504332
681,504364
601,504396
1175,504428
1051,504460
1641,504492
1836,504524
2109,504556
2312,504588
2094,504620
1466,504652
1624,504684
1352,504716
1151,504748
890,504780
301,504812
430,504844
0,504876
0,504908
96,504940
363,504972
634,505004
812,505036
1092,505068
1319,505100
1546,505132
1785,505164
1837,505196
1688,505228
1899,505260
1577,505292
1401,505324
1129,505356
538,505388
664,505420
396,505452
0,505484
312,505516
544,505548
891,505580
971,505612
1197,505644
1513,505676
1658,505708
1966,505740
2169,505772
1787,505804
1611,505836
1690,505868
1146,505900
957,505932
997,505964
504,505996
536,506028
0,506060
0,506092
2,506124
278,506156
890,506188
726,506220
990,506252
1546,506284
1449,506316
1689,506348
1918,506380
1831,506412
1960,506444
1275,506476
1482,506508
1216,506540
588,506572
760,506604
490,506636
298,506668
184,506700
56,506732
636,506764
504,506796
731,506828
953,506860
1189,506892
1437,506924
1642,506956
1911,506988
1748,507020
1456,507052
1276,507084
974,507116
823,507148
1021,507180
715,507212
539,507244
266,507276
0,507308
527,507340
763,507372
633,507404
1212,507436
1404,507468
1755,507500
1868,507532
2080,507564
2299,507596
1978,507628
1386,507660
1594,507692
924,507724
696,507756
858,507788
246,507820
74,507852
126,507884
0,507916
511,507948
393,507980
712,508012
843,508044
1127,508076
1759,508108
1580,508140
1817,508172
2217,508204
1608,508236
1416,508268
1144,508300
955,508332
1083,508364
780,508396
619,508428
352,508460
0,508492
394,508524
619,508556
848,508588
1072,508620
1272,508652
1536,508684
1738,508716
1593,508748
2203,508780
1726,508812
1519,508844
1261,508876
1063,508908
884,508940
614,508972
433,509004
492,509036
0,509068
0,509100
510,509132
349,509164
1006,509196
760,509228
1435,509260
1627,509292
1493,509324
2093,509356
2287,509388
1739,509420
1834,509452
1599,509484
1487,509516
1101,509548
877,509580
732,509612
423,509644
0,509676
264,509708
110,509740
392,509772
911,509804
840,509836
1369,509868
1609,509900
1563,509932
2064,509964
1838,509996
1705,510028
1373,510060
1198,510092
1372,510124
745,510156
567,510188
300,510220
107,510252
0,510284
303,510316
255,510348
830,510380
623,510412
1290,510444
1484,510476
1756,510508
1952,510540
2153,510572
2205,510604
1934,510636
1320,510668
1454,510700
864,510732
638,510764
410,510796
186,510828
0,510860
0,510892
26,510924
584,510956
472,510988
753,511020
1371,511052
1204,511084
1879,511116
1584,511148
2316,511180
2175,511212
1516,511244
1705,511276
1470,511308
883,511340
1005,511372
745,511404
621,511436
280,511468
173,511500
477,511532
632,511564
508,511596
1162,511628
955,511660
1191,511692
1819,511724
1644,511756
2284,511788
2040,511820
1491,511852
1560,511884
976,511916
843,511948
525,511980
348,512012
507,512044
0,512076
0,512108
510,512140
381,512172
654,512204
1199,512236
1111,512268
1695,512300
1856,512332
2169,512364
2270,512396
2063,512428
1800,512460
1564,512492
1325,512524
1100,512556
831,512588
638,512620
378,512652
0,512684
298,512716
168,512748
520,512780
608,512812
873,512844
1148,512876
1323,512908
1608,512940
1837,512972
1864,513004
1627,513036
1320,513068
1163,513100
1369,513132
666,513164
880,513196
616,513228
30,513260
169,513292
377,513324
299,513356
828,513388
1055,513420
1403,513452
1484,513484
1736,513516
2041,513548
2191,513580
1724,513612
1897,513644
1259,513676
1094,513708
1165,513740
634,513772
698,513804
484,513836
1,513868
168,513900
46,513932
367,513964
507,513996
791,514028
1407,514060
1240,514092
1511,514124
2075,514156
1978,514188
1769,514220
1819,514252
1293,514284
1432,514316
759,514348
960,514380
700,514412
504,514444
238,514476
248,514508
510,514540
698,514572
558,514604
1151,514636
1019,514668
1242,514700
1966,514732
1708,514764
1868,514796
1608,514828
1401,514860
1224,514892
942,514924
764,514956
460,514988
313,515020
507,515052
0,515084
407,515116
590,515148
423,515180
1039,515212
1276,515244
1145,515276
1740,515308
1941,515340
2296,515372
2187,515404
1917,515436
1773,515468
1449,515500
863,515532
1068,515564
414,515596
198,515628
334,515660
0,515692
375,515724
574,515756
504,515788
1020,515820
904,515852
1215,515884
1358,515916
1644,515948
2287,515980
1774,516012
1547,516044
1678,516076
1081,516108
903,516140
986,516172
445,516204
559,516236
256,516268
249,516300
448,516332
713,516364
910,516396
1144,516428
1368,516460
1598,516492
1791,516524
2064,516556
2267,516588
1672,516620
1510,516652
1200,516684
1002,516716
749,516748
552,516780
375,516812
100,516844
0,516876
239,516908
183,516940
411,516972
559,517004
859,517036
1529,517068
1274,517100
1967,517132
2158,517164
1916,517196
2047,517228
1774,517260
1223,517292
1306,517324
1083,517356
969,517388
585,517420
362,517452
201,517484
285,517516
171,517548
780,517580
619,517612
1231,517644
1434,517676
1352,517708
1885,517740
2138,517772
1880,517804
1912,517836
1320,517868
1181,517900
862,517932
696,517964
846,517996
236,518028
55,518060
162,518092
91,518124
317,518156
815,518188
767,518220
1353,518252
1579,518284
1808,518316
2012,518348
2284,518380
2153,518412
1870,518444
1675,518476
1403,518508
808,518540
658,518572
351,518604
135,518636
0,518668
0,518700
79,518732
282,518764
537,518796
1099,518828
974,518860
1259,518892
1900,518924
1722,518956
2408,518988
1668,519020
1927,519052
1647,519084
1000,519116
1179,519148
953,519180
374,519212
490,519244
220,519276
375,519308
489,519340
697,519372
991,519404
1146,519436
1017,519468
1690,519500
1468,519532
2141,519564
2250,519596
1610,519628
1771,519660
1504,519692
970,519724
1038,519756
472,519788
331,519820
445,519852
0,519884
367,519916
218,519948
443,519980
1024,520012
893,520044
1165,520076
1721,520108
1629,520140
2233,520172
1881,520204
2009,520236
1740,520268
1545,520300
1272,520332
1040,520364
814,520396
584,520428
315,520460
0,520492
351,520524
221,520556
811,520588
672,520620
936,520652
1128,520684
1384,520716
1671,520748
1850,520780
1802,520812
1565,520844
1333,520876
1100,520908
808,520940
651,520972
856,521004
154,521036
363,521068
239,521100
429,521132
701,521164
894,521196
808,521228
1342,521260
1584,521292
1945,521324
2016,521356
2256,521388
2121,521420
1800,521452
1631,521484
1370,521516
748,521548
582,521580
649,521612
122,521644
187,521676
234,521708
203,521740
429,521772
560,521804
879,521836
1016,521868
1304,521900
1936,521932
1765,521964
1943,521996
2040,522028
1467,522060
1245,522092
1004,522124
783,522156
906,522188
240,522220
444,522252
174,522284
367,522316
570,522348
761,522380
649,522412
1213,522444
1079,522476
1676,522508
1533,522540
1770,522572
1776,522604
1550,522636
1349,522668
1084,522700
889,522732
711,522764
430,522796
261,522828
0,522860
0,522892
488,522924
222,522956
921,522988
1113,523020
1325,523052
1565,523084
1805,523116
1671,523148
2272,523180
2136,523212
2011,523244
1658,523276
1390,523308
1241,523340
926,523372
360,523404
552,523436
0,523468
0,523500
439,523532
282,523564
891,523596
1088,523628
1015,523660
1277,523692
1419,523724
1751,523756
1883,523788
1722,523820
1887,523852
1256,523884
1024,523916
1162,523948
574,523980
391,524012
123,524044
0,524076
317,524108
478,524140
775,524172
972,524204
1229,524236
1424,524268
1662,524300
1510,524332
2137,524364
2222,524396
2027,524428
1754,524460
1147,524492
1287,524524
688,524556
493,524588
236,524620
40,524652
0,524684
0,524716
243,524748
752,524780
791,524812
923,524844
1070,524876
1374,524908
2059,524940
2205,524972
2281,525004
1997,525036
1397,525068
1517,525100
1256,525132
711,525164
794,525196
568,525228
447,525260
103,525292
347,525324
653,525356
799,525388
682,525420
1293,525452
1129,525484
1757,525516
1964,525548
1880,525580
1818,525612
1854,525644
1354,525676
1386,525708
808,525740
669,525772
348,525804
174,525836
332,525868
0,525900
151,525932
334,525964
603,525996
827,526028
1336,526060
1277,526092
1880,526124
2109,526156
2350,526188
2092,526220
1436,526252
1614,526284
1343,526316
1161,526348
888,526380
299,526412
432,526444
0,526476
0,526508
107,526540
334,526572
590,526604
784,526636
1039,526668
1626,526700
1498,526732
1785,526764
2334,526796
1686,526828
1899,526860
1578,526892
1390,526924
1119,526956
499,526988
655,527020
439,527052
0,527084
362,527116
553,527148
891,527180
1004,527212
1200,527244
1515,527276
1662,527308
1532,527340
2220,527372
1783,527404
1983,527436
1720,527468
1092,527500
919,527532
988,527564
459,527596
528,527628
0,527660
0,527692
7,527724
282,527756
889,527788
728,527820
956,527852
1549,527884
1417,527916
1689,527948
2253,527980
1817,528012
1949,528044
1355,528076
1479,528108
1214,528140
584,528172
748,528204
525,528236
296,528268
220,528300
416,528332
682,528364
875,528396
732,528428
1326,528460
1184,528492
1448,528524
1645,528556
1912,528588
1738,528620
1454,528652
1274,528684
1051,528716
822,528748
590,528780
765,528812
139,528844
329,528876
0,528908
587,528940
765,528972
635,529004
1223,529036
1408,529068
1319,529100
1880,529132
2112,529164
2367,529196
1976,529228
1740,529260
1583,529292
1273,529324
1104,529356
858,529388
237,529420
73,529452
122,529484
1,529516
508,529548
749,529580
712,529612
1194,529644
1080,529676
1401,529708
1530,529740
1820,529772
2250,529804
1606,529836
1415,529868
1502,529900
951,529932
729,529964
503,529996
271,530028
384,530060
0,530092
428,530124
632,530156
892,530188
1084,530220
1273,530252
1544,530284
1739,530316
1595,530348
2206,530380
1724,530412
1488,530444
1260,530476
1034,530508
835,530540
574,530572
378,530604
200,530636
0,530668
0,530700
511,530732
358,530764
1006,530796
732,530828
1447,530860
1631,530892
1448,530924
2103,530956
2335,530988
1739,531020
1872,531052
1597,531084
1481,531116
1130,531148
877,531180
719,531212
413,531244
0,531276
310,531308
112,531340
346,531372
953,531404
793,531436
1405,531468
1612,531500
1531,531532
2078,531564
1837,531596
1703,531628
1371,531660
1205,531692
1369,531724
744,531756
512,531788
640,531820
61,531852
0,531884
0,531916
265,531948
831,531980
990,532012
1291,532044
1488,532076
1757,532108
1962,532140
2192,532172
2201,532204
1975,532236
1695,532268
1498,532300
1226,532332
634,532364
767,532396
183,532428
0,532460
0,532492
34,532524
306,532556
474,532588
758,532620
973,532652
1206,532684
1433,532716
1593,532748
1901,532780
2251,532812
1514,532844
1751,532876
1467,532908
882,532940
1005,532972
736,533004
203,533036
270,533068
204,533100
544,533132
632,533164
863,533196
1167,533228
1320,533260
1194,533292
1822,533324
1648,533356
2286,533388
2032,533420
1482,533452
1552,533484
1328,533516
840,533548
873,533580
300,533612
157,533644
0,533676
0,533708
544,533740
394,533772
663,533804
854,533836
1112,533868
1341,533900
1865,533932
1815,533964
2304,533996
2063,534028
1834,534060
1561,534092
1360,534124
1098,534156
829,534188
635,534220
366,534252
0,534284
299,534316
170,534348
398,534380
617,534412
844,534444
1100,534476
1296,534508
1562,534540
1848,534572
1805,534604
1624,534636
1803,534668
1160,534700
1367,534732
633,534764
875,534796
603,534828
0,534860
179,534892
426,534924
305,534956
876,534988
1068,535020
1257,535052
1528,535084
1726,535116
2047,535148
2200,535180
1725,535212
1934,535244
1256,535276
1456,535308
1194,535340
582,535372
734,535404
476,535436
0,535468
159,535500
61,535532
376,535564
508,535596
793,535628
1407,535660
1242,535692
1479,535724
2080,535756
1944,535788
1767,535820
1853,535852
1293,535884
1421,535916
839,535948
957,535980
698,536012
493,536044
236,536076
282,536108
508,536140
736,536172
927,536204
1195,536236
1387,536268
1255,536300
1852,536332
1711,536364
1867,536396
1599,536428
1392,536460
1213,536492
940,536524
762,536556
539,536588
312,536620
89,536652
0,536684
20,536716
667,536748
428,536780
1097,536812
1006,536844
1148,536876
1751,536908
1943,536940
2170,536972
2176,537004
1950,537036
1836,537068
1440,537100
1212,537132
1067,537164
751,537196
592,537228
332,537260
0,537292
66,537324
582,537356
506,537388
1024,537420
1262,537452
1225,537484
1724,537516
1594,537548
1929,537580
1720,537612
1559,537644
1720,537676
1081,537708
906,537740
986,537772
441,537804
219,537836
0,537868
0,537900
492,537932
287,537964
944,537996
1146,538028
1418,538060
1608,538092
1804,538124
2071,538156
2281,538188
1664,538220
1805,538252
1197,538284
970,538316
745,538348
521,538380
326,538412
68,538444
0,538476
0,538508
140,538540
415,538572
1037,538604
861,538636
1531,538668
1245,538700
1973,538732
2158,538764
1864,538796
2047,538828
1820,538860
1533,538892
1342,538924
1080,538956
958,538988
619,539020
362,539052
201,539084
286,539116
175,539148
828,539180
622,539212
856,539244
1472,539276
1304,539308
1934,539340
2142,539372
1836,539404
1904,539436
1320,539468
1179,539500
1305,539532
684,539564
845,539596
232,539628
17,539660
164,539692
59,539724
327,539756
504,539788
776,539820
1353,539852
1513,539884
1819,539916
2016,539948
2285,539980
2144,540012
1914,540044
1672,540076
1438,540108
1175,540140
976,540172
715,540204
124,540236
252,540268
0,540300
90,540332
280,540364
538,540396
810,540428
986,540460
1269,540492
1496,540524
1724,540556
1965,540588
1659,540620
1501,540652
1721,540684
1391,540716
1223,540748
953,540780
668,540812
491,540844
218,540876
0,540908
492,540940
728,540972
1067,541004
1146,541036
1384,541068
1695,541100
1848,541132
1712,541164
2250,541196
1599,541228
1774,541260
1502,541292
968,541324
1037,541356
815,541388
328,541420
105,541452
0,541484
39,541516
176,541548
455,541580
1070,541612
902,541644
1173,541676
1356,541708
1629,541740
1869,541772
2169,541804
1641,541836
1774,541868
1531,541900
1306,541932
1036,541964
842,541996
584,542028
312,542060
153,542092
352,542124
223,542156
813,542188
681,542220
908,542252
1132,542284
1368,542316
1623,542348
1835,542380
1751,542412
1561,542444
1274,542476
1108,542508
1275,542540
661,542572
839,542604
123,542636
360,542668
249,542700
472,542732
711,542764
939,542796
810,542828
1400,542860
1592,542892
1943,542924
2056,542956
2264,542988
2111,543020
1791,543052
1196,543084
1408,543116
748,543148
928,543180
680,543212
72,543244
214,543276
236,543308
167,543340
439,543372
572,543404
888,543436
1018,543468
1311,543500
1945,543532
1770,543564
1896,543596
2030,543628
1419,543660
1240,543692
1323,543724
781,543756
905,543788
331,543820
441,543852
169,543884
381,543916
570,543948
799,543980
654,544012
1260,544044
1450,544076
1720,544108
1917,544140
1772,544172
2157,544204
1545,544236
1342,544268
1084,544300
878,544332
710,544364
430,544396
253,544428
28,544460
0,544492
75,544524
230,544556
525,544588
1181,544620
1325,544652
1623,544684
1817,544716
1672,544748
2281,544780
2135,544812
1563,544844
1647,544876
1421,544908
1305,544940
924,544972
699,545004
543,545036
234,545068
237,545100
442,545132
286,545164
568,545196
1098,545228
1030,545260
1288,545292
1792,545324
1754,545356
2250,545388
1662,545420
1526,545452
1198,545484
1032,545516
1196,545548
572,545580
391,545612
472,545644
0,545676
0,545708
203,545740
431,545772
1014,545804
799,545836
1468,545868
1672,545900
1484,545932
2140,545964
2223,545996
2015,546028
1753,546060
1145,546092
1279,546124
687,546156
460,546188
233,546220
12,546252
0,546284
0,546316
203,546348
472,546380
651,546412
923,546444
1072,546476
1383,546508
2059,546540
2207,546572
2269,546604
1995,546636
1337,546668
1529,546700
1290,546732
700,546764
828,546796
558,546828
439,546860
137,546892
348,546924
653,546956
800,546988
685,547020
1340,547052
1134,547084
1368,547116
1998,547148
1830,547180
1774,547212
1855,547244
1306,547276
1376,547308
805,547340
664,547372
348,547404
172,547436
329,547468
0,547500
119,547532
696,547564
567,547596
829,547628
1015,547660
1289,547692
1885,547724
2042,547756
2349,547788
2090,547820
1435,547852
1612,547884
1376,547916
1148,547948
922,547980
653,548012
460,548044
191,548076
0,548108
477,548140
345,548172
602,548204
798,548236
1051,548268
1322,548300
1498,548332
1788,548364
2220,548396
1687,548428
1448,548460
1623,548492
987,548524
1193,548556
488,548588
703,548620
429,548652
0,548684
363,548716
556,548748
475,548780
1003,548812
1243,548844
1565,548876
1673,548908
1912,548940
2223,548972
2144,549004
1547,549036
1710,549068
1083,549100
910,549132
986,549164
458,549196
512,549228
300,549260
0,549292
346,549324
232,549356
553,549388
682,549420
970,549452
1596,549484
1418,549516
1692,549548
1885,549580
1817,549612
1581,549644
1631,549676
1119,549708
1245,549740
585,549772
780,549804
522,549836
328,549868
218,549900
416,549932
683,549964
877,549996
745,550028
1328,550060
1195,550092
1420,550124
1657,550156
1893,550188
1689,550220
1421,550252
1224,550284
1341,550316
766,550348
595,550380
763,550412
128,550444
317,550476
0,550508
584,550540
765,550572
600,550604
1225,550636
1465,550668
1329,550700
1929,550732
2123,550764
2361,550796
1998,550828
1738,550860
1579,550892
1264,550924
685,550956
892,550988
236,551020
17,551052
150,551084
0,551116
554,551148
751,551180
681,551212
1200,551244
1083,551276
1400,551308
1534,551340
1832,551372
2247,551404
1605,551436
1367,551468
1501,551500
909,551532
728,551564
810,551596
267,551628
383,551660
124,551692
431,551724
634,551756
893,551788
1086,551820
1312,551852
1550,551884
1788,551916
1981,551948
2251,551980
2105,552012
1486,552044
1627,552076
1024,552108
827,552140
570,552172
376,552204
198,552236
0,552268
0,552300
139,552332
360,552364
587,552396
734,552428
1036,552460
1711,552492
1450,552524
2159,552556
2345,552588
1737,552620
1871,552652
1596,552684
1039,552716
1130,552748
908,552780
783,552812
411,552844
187,552876
314,552908
462,552940
348,552972
958,553004
796,553036
1080,553068
1614,553100
1532,553132
2078,553164
2213,553196
1693,553228
1728,553260
1134,553292
1005,553324
686,553356
518,553388
670,553420
58,553452
0,553484
350,553516
264,553548
491,553580
992,553612
943,553644
1532,553676
1320,553708
1998,553740
2202,553772
2238,553804
1964,553836
1691,553868
1495,553900
1225,553932
633,553964
766,553996
175,554028
0,554060
235,554092
8,554124
264,554156
456,554188
709,554220
983,554252
1160,554284
1435,554316
1596,554348
1910,554380
2239,554412
1482,554444
1741,554476
1466,554508
827,554540
999,554572
778,554604
191,554636
304,554668
207,554700
551,554732
668,554764
872,554796
1175,554828
1312,554860
1196,554892
1870,554924
1657,554956
1895,554988
2064,555020
1422,555052
1592,555084
1326,555116
796,555148
864,555180
296,555212
154,555244
0,555276
0,555308
553,555340
396,555372
631,555404
1200,555436
1069,555468
1341,555500
1911,555532
1815,555564
2299,555596
1984,555628
1830,555660
1560,555692
1369,555724
1086,555756
860,555788
636,555820
407,555852
123,555884
346,555916
537,555948
399,555980
699,556012
856,556044
1111,556076
1308,556108
1562,556140
1850,556172
1801,556204
1620,556236
1690,556268
1150,556300
923,556332
633,556364
475,556396
671,556428
0,556460
231,556492
429,556524
311,556556
879,556588
1070,556620
987,556652
1529,556684
1769,556716
2137,556748
2202,556780
2091,556812
1934,556844
1616,556876
1024,556908
1192,556940
572,556972
729,557004
463,557036
0,557068
174,557100
410,557132
381,557164
857,557196
744,557228
1055,557260
1194,557292
1482,557324
2124,557356
1950,557388
1756,557420
1852,557452
1289,557484
1069,557516
1114,557548
615,557580
730,557612
493,557644
262,557676
288,557708
552,557740
748,557772
940,557804
1198,557836
1391,557868
1258,557900
1561,557932
1711,557964
1836,557996
1598,558028
1372,558060
1162,558092
907,558124
713,558156
824,558188
264,558220
82,558252
235,558284
21,558316
667,558348
398,558380
1101,558412
1291,558444
1111,558476
1753,558508
1992,558540
1850,558572
2223,558604
1949,558636
1833,558668
1469,558700
1213,558732
1055,558764
750,558796
175,558828
374,558860
0,558892
412,558924
608,558956
458,558988
1068,559020
1264,559052
1192,559084
1727,559116
1597,559148
1929,559180
2185,559212
1544,559244
1709,559276
1080,559308
855,559340
984,559372
397,559404
215,559436
287,559468
0,559500
493,559532
377,559564
955,559596
1150,559628
1415,559660
1614,559692
1850,559724
2079,559756
2318,559788
2042,559820
1452,559852
1567,559884
969,559916
1104,559948
511,559980
324,560012
62,560044
0,560076
0,560108
141,560140
423,560172
637,560204
870,560236
1099,560268
1256,560300
1558,560332
2238,560364
1864,560396
2093,560428
1819,560460
1529,560492
1343,560524
1080,560556
526,560588
618,560620
384,560652
263,560684
288,560716
527,560748
841,560780
976,560812
1277,560844
1480,560876
1400,560908
1605,560940
2144,560972
1834,561004
1902,561036
1680,561068
1177,561100
953,561132
624,561164
493,561196
184,561228
7,561260
200,561292
56,561324
327,561356
872,561388
777,561420
1005,561452
1229,561484
1465,561516
2064,561548
1838,561580
2184,561612
1904,561644
1710,561676
1436,561708
1176,561740
600,561772
704,561804
121,561836
250,561868
0,561900
68,561932
286,561964
520,561996
773,562028
966,562060
1222,562092
1497,562124
1678,562156
1972,562188
1658,562220
1498,562252
1709,562284
970,562316
1212,562348
943,562380
701,562412
479,562444
252,562476
0,562508
538,562540
732,562572
1081,562604
1182,562636
1388,562668
1695,562700
1852,562732
1722,562764
2286,562796
1600,562828
1369,562860
1534,562892
908,562924
1068,562956
813,562988
285,563020
93,563052
0,563084
41,563116
186,563148
458,563180
1070,563212
910,563244
1143,563276
1737,563308
1593,563340
1879,563372
1831,563404
1631,563436
1773,563468
1455,563500
1293,563532
1038,563564
841,563596
584,563628
346,563660
0,563692
400,563724
600,563756
860,563788
1050,563820
911,563852
1504,563884
1370,563916
1628,563948
1833,563980
1740,564012
1561,564044
1276,564076
1096,564108
1167,564140
647,564172
416,564204
112,564236
0,564268
319,564300
475,564332
761,564364
944,564396
821,564428
1399,564460
1596,564492
1499,564524
2061,564556
2299,564588
2184,564620
1787,564652
1560,564684
1405,564716
1096,564748
512,564780
678,564812
64,564844
204,564876
238,564908
172,564940
439,564972
934,565004
888,565036
1382,565068
1254,565100
1577,565132
1718,565164
1886,565196
2064,565228
1418,565260
1228,565292
966,565324
779,565356
553,565388
601,565420
93,565452
200,565484
379,565516
606,565548
808,565580
635,565612
1262,565644
1453,565676
1724,565708
1919,565740
1775,565772
2159,565804
1544,565836
1309,565868
1084,565900
848,565932
654,565964
396,565996
201,566028
311,566060
0,566092
83,566124
699,566156
534,566188
1180,566220
1335,566252
1627,566284
1819,566316
1627,566348
2281,566380
2172,566412
1560,566444
1690,566476
1419,566508
1294,566540
955,566572
699,566604
543,566636
235,566668
0,566700
488,566732
295,566764
936,566796
1131,566828
970,566860
1255,566892
1803,566924
1709,566956
2256,566988
1647,567020
1517,567052
1194,567084
1018,567116
1181,567148
569,567180
344,567212
464,567244
0,567276
0,567308
521,567340
439,567372
1017,567404
889,567436
1479,567468
1674,567500
1487,567532
2142,567564
2264,567596
2015,567628
1787,567660
1512,567692
1321,567724
1051,567756
457,567788
591,567820
8,567852
0,567884
0,567916
202,567948
475,567980
654,568012
934,568044
1159,568076
1384,568108
1623,568140
2269,568172
1851,568204
2063,568236
1336,568268
1563,568300
1291,568332
700,568364
827,568396
556,568428
24,568460
148,568492
391,568524
731,568556
811,568588
1040,568620
1352,568652
1487,568684
1803,568716
2008,568748
1836,568780
1770,568812
1855,568844
1305,568876
1376,568908
1150,568940
664,568972
684,569004
124,569036
0,569068
0,569100
120,569132
732,569164
580,569196
839,569228
1387,569260
1289,569292
1529,569324
1755,569356
1991,569388
2123,569420
1433,569452
1646,569484
1374,569516
1182,569548
922,569580
653,569612
456,569644
189,569676
0,569708
475,569740
345,569772
572,569804
796,569836
1021,569868
1285,569900
1480,569932
1741,569964
1911,569996
1624,570028
1446,570060
1615,570092
986,570124
1179,570156
456,570188
699,570220
429,570252
0,570284
363,570316
602,570348
475,570380
1054,570412
1246,570444
1591,570476
1708,570508
1914,570540
2231,570572
2143,570604
1534,570636
1756,570668
1084,570700
856,570732
1019,570764
398,570796
544,570828
296,570860
0,570892
349,570924
236,570956
554,570988
684,571020
968,571052
1597,571084
1418,571116
1659,571148
2266,571180
1767,571212
1576,571244
1304,571276
1115,571308
1247,571340
942,571372
781,571404
524,571436
317,571468
232,571500
462,571532
684,571564
921,571596
1112,571628
1373,571660
1568,571692
1432,571724
2031,571756
1888,571788
1688,571820
1423,571852
1222,571884
1045,571916
764,571948
585,571980
363,572012
135,572044
0,572076
0,572108
188,572140
847,572172
606,572204
1273,572236
1466,572268
1334,572300
1929,572332
2125,572364
1913,572396
1998,572428
1769,572460
1645,572492
1262,572524
1038,572556
889,572588
583,572620
22,572652
149,572684
0,572716
554,572748
752,572780
682,572812
1209,572844
1450,572876
1404,572908
1630,572940
1772,572972
1869,573004
1532,573036
1358,573068
1532,573100
906,573132
718,573164
457,573196
265,573228
41,573260
135,573292
95,573324
670,573356
895,573388
1130,573420
1322,573452
1594,573484
1790,573516
1984,573548
2264,573580
2096,573612
1483,573644
1624,573676
1017,573708
796,573740
560,573772
346,573804
143,573836
0,573868
0,573900
148,573932
314,573964
597,573996
1211,574028
1046,574060
1709,574092
1422,574124
2155,574156
2345,574188
1687,574220
1867,574252
1630,574284
1044,574316
1166,574348
896,574380
631,574412
431,574444
184,574476
315,574508
461,574540
350,574572
1004,574604
798,574636
1452,574668
1658,574700
1481,574732
2123,574764
2204,574796
1655,574828
1727,574860
1134,574892
999,574924
686,574956
518,574988
665,575020
68,575052
0,575084
352,575116
231,575148
494,575180
1038,575212
951,575244
1533,575276
1405,575308
1997,575340
2202,575372
2233,575404
1962,575436
1726,575468
1484,575500
1259,575532
990,575564
796,575596
528,575628
0,575660
123,575692
18,575724
268,575756
457,575788
714,575820
996,575852
1166,575884
1447,575916
1677,575948
1914,575980
1787,576012
1480,576044
1323,576076
1531,576108
826,576140
1040,576172
768,576204
188,576236
311,576268
214,576300
432,576332
668,576364
905,576396
1243,576428
1324,576460
1563,576492
1881,576524
2026,576556
2332,576588
2060,576620
1420,576652
1244,576684
1324,576716
792,576748
861,576780
644,576812
151,576844
171,576876
0,576908
207,576940
346,576972
634,577004
1246,577036
1080,577068
1353,577100
1914,577132
1816,577164
1933,577196
1694,577228
1455,577260
1598,577292
910,577324
1118,577356
864,577388
666,577420
400,577452
120,577484
345,577516
539,577548
409,577580
992,577612
859,577644
1084,577676
1311,577708
1548,577740
1806,577772
1770,577804
1562,577836
1384,577868
1102,577900
923,577932
1099,577964
473,577996
667,578028
0,578060
231,578092
431,578124
264,578156
891,578188
1119,578220
1295,578252
1579,578284
1773,578316
2123,578348
2234,578380
2089,578412
1932,578444
1610,578476
1022,578508
1228,578540
571,578572
346,578604
494,578636
0,578668
216,578700
414,578732
345,578764
864,578796
746,578828
1065,578860
1657,578892
1481,578924
2137,578956
1944,578988
1719,579020
1848,579052
1242,579084
1062,579116
792,579148
605,579180
729,579212
425,579244
261,579276
288,579308
551,579340
752,579372
976,579404
1208,579436
1436,579468
1631,579500
1901,579532
2106,579564
1833,579596
1978,579628
1360,579660
1162,579692
905,579724
703,579756
535,579788
252,579820
74,579852
0,579884
26,579916
251,579948
399,579980
701,580012
1359,580044
1113,580076
1803,580108
1995,580140
2175,580172
2221,580204
1947,580236
1382,580268
1468,580300
1243,580332
1119,580364
745,580396
524,580428
367,580460
119,580492
20,580524
620,580556
459,580588
1070,580620
1272,580652
1193,580684
1737,580716
1976,580748
1932,580780
1815,580812
1480,580844
1339,580876
1024,580908
854,580940
1016,580972
394,581004
206,581036
0,581068
0,581100
155,581132
662,581164
615,581196
1194,581228
1418,581260
1658,581292
1852,581324
2123,581356
2316,581388
2040,581420
1838,581452
1565,581484
968,581516
1100,581548
508,581580
296,581612
57,581644
0,581676
0,581708
120,581740
376,581772
649,581804
824,581836
1107,581868
1739,581900
1562,581932
2247,581964
1832,581996
2091,582028
1807,582060
1562,582092
1339,582124
1114,582156
535,582188
652,582220
381,582252
251,582284
329,582316
526,582348
831,582380
974,582412
859,582444
1518,582476
1311,582508
1980,582540
2187,582572
1770,582604
1931,582636
1675,582668
1129,582700
940,582732
624,582764
488,582796
170,582828
5,582860
201,582892
68,582924
295,582956
872,582988
743,583020
1002,583052
1562,583084
1467,583116
2077,583148
1933,583180
2173,583212
1914,583244
1705,583276
1434,583308
1199,583340
600,583372
744,583404
476,583436
281,583468
191,583500
64,583532
651,583564
520,583596
775,583628
968,583660
1226,583692
1509,583724
1689,583756
1974,583788
1735,583820
1494,583852
1263,583884
960,583916
811,583948
1008,583980
700,584012
525,584044
249,584076
0,584108
543,584140
734,584172
651,584204
1184,584236
1421,584268
1772,584300
1852,584332
2094,584364
2285,584396
1963,584428
1800,584460
1532,584492
907,584524
733,584556
811,584588
280,584620
93,584652
108,584684
40,584716
527,584748
420,584780
731,584812
858,584844
1144,584876
1775,584908
1595,584940
2349,584972
2202,585004
1628,585036
1401,585068
1175,585100
941,585132
1066,585164
398,585196
604,585228
344,585260
0,585292
410,585324
603,585356
863,585388
1053,585420
912,585452
1515,585484
1374,585516
1608,585548
1835,585580
1710,585612
1501,585644
1243,585676
1040,585708
871,585740
588,585772
412,585804
110,585836
0,585868
329,585900
473,585932
763,585964
944,585996
776,586028
1403,586060
1642,586092
1501,586124
2108,586156
2296,586188
2173,586220
1819,586252
1552,586284
1401,586316
1087,586348
509,586380
712,586412
58,586444
0,586476
278,586508
124,586540
407,586572
928,586604
857,586636
1376,586668
1258,586700
1580,586732
1721,586764
1883,586796
2062,586828
1416,586860
1191,586892
1324,586924
731,586956
551,586988
281,587020
91,587052
189,587084
315,587116
615,587148
812,587180
635,587212
1272,587244
1499,587276
1728,587308
1967,587340
2167,587372
2191,587404
1917,587436
1307,587468
1440,587500
845,587532
653,587564
394,587596
202,587628
24,587660
0,587692
86,587724
600,587756
536,587788
763,587820
1389,587852
1211,587884
1897,587916
1628,587948
2333,587980
2159,588012
1556,588044
1691,588076
1416,588108
862,588140
944,588172
730,588204
605,588236
233,588268
186,588300
491,588332
639,588364
524,588396
1132,588428
969,588460
1258,588492
1802,588524
1719,588556
2254,588588
2024,588620
1511,588652
1546,588684
968,588716
829,588748
509,588780
344,588812
492,588844
0,588876
0,588908
176,588940
441,588972
669,589004
1178,589036
1119,589068
1710,589100
1497,589132
2188,589164
2264,589196
2056,589228
1784,589260
1503,589292
1311,589324
1040,589356
456,589388
587,589420
6,589452
0,589484
0,589516
176,589548
431,589580
624,589612
892,589644
1453,589676
1338,589708
1625,589740
2279,589772
1846,589804
2057,589836
1306,589868
1563,589900
1290,589932
648,589964
825,589996
591,590028
21,590060
188,590092
395,590124
731,590156
844,590188
1040,590220
1354,590252
1501,590284
1372,590316
2060,590348
1836,590380
1708,590412
1883,590444
1243,590476
1405,590508
1150,590540
619,590572
686,590604
122,590636
0,590668
0,590700
122,590732
733,590764
570,590796
797,590828
1390,590860
1255,590892
1528,590924
2093,590956
1981,590988
2121,591020
1805,591052
1643,591084
1374,591116
1177,591148
912,591180
683,591212
454,591244
230,591276
255,591308
523,591340
715,591372
574,591404
1164,591436
1024,591468
1287,591500
1484,591532
1754,591564
1909,591596
1614,591628
1434,591660
1207,591692
981,591724
757,591756
447,591788
299,591820
493,591852
0,591884
414,591916
607,591948
474,591980
1065,592012
1247,592044
1163,592076
1712,592108
1950,592140
2303,592172
2137,592204
1904,592236
1753,592268
1432,592300
847,592332
1015,592364
396,592396
230,592428
296,592460
0,592492
359,592524
588,592556
556,592588
1036,592620
920,592652
1240,592684
1372,592716
1660,592748
2304,592780
1768,592812
1575,592844
1672,592876
1112,592908
889,592940
937,592972
429,593004
554,593036
0,593068
266,593100
472,593132
731,593164
924,593196
1116,593228
1383,593260
1579,593292
1434,593324
2042,593356
1884,593388
1656,593420
1915,593452
1193,593484
985,593516
733,593548
537,593580
360,593612
77,593644
0,593676
0,593708
198,593740
845,593772
580,593804
1275,593836
1469,593868
1287,593900
1935,593932
2174,593964
1908,593996
2032,594028
1758,594060
1643,594092
1291,594124
1038,594156
889,594188
574,594220
19,594252
183,594284
0,594316
186,594348
796,594380
632,594412
1243,594444
1450,594476
1368,594508
1914,594540
1785,594572
1864,594604
1530,594636
1358,594668
1529,594700
904,594732
680,594764
808,594796
219,594828
39,594860
172,594892
95,594924
681,594956
832,594988
1133,595020
1324,595052
1593,595084
1800,595116
2030,595148
2256,595180
2136,595212
1855,595244
1659,595276
1388,595308
794,595340
637,595372
336,595404
142,595436
0,595468
0,595500
137,595532
318,595564
598,595596
1115,595628
1048,595660
1275,595692
1434,595724
1739,595756
2411,595788
1676,595820
1913,595852
1631,595884
1035,595916
1161,595948
894,595980
351,596012
432,596044
203,596076
383,596108
473,596140
702,596172
1008,596204
1152,596236
1024,596268
1660,596300
1484,596332
2124,596364
2200,596396
1644,596428
1723,596460
1497,596492
999,596524
1024,596556
454,596588
313,596620
9,596652
0,596684
382,596716
231,596748
503,596780
1048,596812
953,596844
1181,596876
1696,596908
1643,596940
2248,596972
1708,597004
1994,597036
1724,597068
1520,597100
1256,597132
988,597164
797,597196
533,597228
0,597260
0,597292
22,597324
238,597356
458,597388
686,597420
943,597452
1144,597484
1400,597516
1984,597548
1865,597580
1784,597612
1964,597644
1319,597676
1528,597708
796,597740
1035,597772
767,597804
151,597836
299,597868
256,597900
145,597932
718,597964
907,597996
1245,598028
1368,598060
1566,598092
1883,598124
2032,598156
1884,598188
2104,598220
1416,598252
1614,598284
1356,598316
732,598348
889,598380
634,598412
105,598444
171,598476
0,598508
215,598540
793,598572
634,598604
1247,598636
1082,598668
1309,598700
1918,598732
1773,598764
1927,598796
2016,598828
1453,598860
1583,598892
999,598924
1117,598956
858,598988
654,599020
396,599052
153,599084
348,599116
585,599148
779,599180
666,599212
1228,599244
1087,599276
1691,599308
1550,599340
1816,599372
1773,599404
1562,599436
1372,599468
1096,599500
920,599532
699,599564
474,599596
246,599628
0,599660
0,599692
505,599724
268,599756
939,599788
1129,599820
1306,599852
1581,599884
1775,599916
1687,599948
2240,599980
2120,600012
1997,600044
1610,600076
1374,600108
1225,600140
911,600172
752,600204
492,600236
0,600268
0,600300
413,600332
348,600364
872,600396
1101,600428
1067,600460
1295,600492
1434,600524
1757,600556
1881,600588
1720,600620
1882,600652
1241,600684
1052,600716
1145,600748
600,600780
375,600812
151,600844
0,600876
330,600908
137,600940
784,600972
985,601004
1246,601036
1448,601068
1642,601100
1517,601132
2109,601164
1831,601196
1976,601228
1359,601260
1132,601292
896,601324
680,601356
477,601388
229,601420
27,601452
0,601484
0,601516
260,601548
410,601580
711,601612
1358,601644
1094,601676
1805,601708
1997,601740
2220,601772
2217,601804
1982,601836
1374,601868
1502,601900
1242,601932
1119,601964
778,601996
512,602028
365,602060
121,602092
25,602124
664,602156
463,602188
696,602220
1309,602252
1158,602284
1772,602316
1979,602348
1896,602380
1804,602412
1479,602444
1337,602476
1019,602508
844,602540
1005,602572
392,602604
171,602636
286,602668
0,602700
156,602732
347,602764
617,602796
1195,602828
1344,602860
1657,602892
1856,602924
2125,602956
2304,602988
2077,603020
1448,603052
1600,603084
1327,603116
1132,603148
872,603180
284,603212
412,603244
0,603276
0,603308
124,603340
380,603372
651,603404
828,603436
1111,603468
1632,603500
1564,603532
1803,603564
1822,603596
1671,603628
1883,603660
1563,603692
1373,603724
1111,603756
523,603788
651,603820
378,603852
0,603884
334,603916
560,603948
907,603980
986,604012
1215,604044
1531,604076
1678,604108
1548,604140
2190,604172
1760,604204
1930,604236
1664,604268
1126,604300
939,604332
974,604364
488,604396
508,604428
0,604460
0,604492
23,604524
297,604556
909,604588
746,604620
1015,604652
1198,604684
1468,604716
1705,604748
2233,604780
1801,604812
1934,604844
1703,604876
1466,604908
1198,604940
570,604972
736,605004
472,605036
279,605068
202,605100
73,605132
653,605164
522,605196
748,605228
974,605260
1206,605292
1463,605324
1662,605356
1903,605388
2030,605420
1444,605452
1267,605484
1433,605516
811,605548
1004,605580
697,605612
512,605644
249,605676
0,605708
543,605740
780,605772
659,605804
1238,605836
1422,605868
1773,605900
1887,605932
2095,605964
2281,605996
1961,606028
1358,606060
1568,606092
896,606124
1096,606156
832,606188
230,606220
56,606252
106,606284
17,606316
525,606348
420,606380
729,606412
861,606444
1146,606476
1775,606508
1606,606540
1838,606572
2200,606604
1581,606636
1399,606668
1482,606700
939,606732
1065,606764
489,606796
601,606828
343,606860
0,606892
412,606924
639,606956
862,606988
1098,607020
1290,607052
1559,607084
1755,607116
1611,607148
2220,607180
1708,607212
1501,607244
1243,607276
1038,607308
859,607340
588,607372
409,607404
187,607436
0,607468
0,607500
539,607532
372,607564
1023,607596
778,607628
1453,607660
1647,607692
1511,607724
2119,607756
2287,607788
1725,607820
1818,607852
1583,607884
1467,607916
1083,607948
860,607980
713,608012
396,608044
233,608076
282,608108
136,608140
410,608172
938,608204
858,608236
1385,608268
1628,608300
1591,608332
2091,608364
1820,608396
1687,608428
1354,608460
1182,608492
1356,608524
728,608556
541,608588
632,608620
91,608652
0,608684
44,608716
281,608748
848,608780
640,608812
1306,608844
1501,608876
1784,608908
1976,608940
2171,608972
2185,609004
1917,609036
1305,609068
1439,609100
844,609132
620,609164
392,609196
168,609228
0,609260
0,609292
44,609324
318,609356
491,609388
765,609420
1397,609452
1222,609484
1896,609516
1608,609548
2343,609580
2159,609612
1498,609644
1679,609676
1452,609708
859,609740
990,609772
718,609804
604,609836
253,609868
191,609900
494,609932
647,609964
527,609996
1181,610028
973,610060
1207,610092
1836,610124
1671,610156
2285,610188
2016,610220
1475,610252
1545,610284
966,610316
824,610348
506,610380
340,610412
489,610444
0,610476
0,610508
528,610540
407,610572
669,610604
857,610636
1129,610668
1721,610700
1881,610732
2187,610764
2250,610796
2045,610828
1776,610860
1545,610892
1308,610924
1082,610956
813,610988
621,611020
360,611052
0,611084
317,611116
185,611148
444,611180
633,611212
888,611244
1171,611276
1340,611308
1626,611340
1867,611372
1838,611404
1609,611436
1304,611468
1145,611500
1353,611532
649,611564
863,611596
591,611628
18,611660
199,611692
398,611724
315,611756
847,611788
1084,611820
1423,611852
1503,611884
1742,611916
2063,611948
2216,611980
1707,612012
1882,612044
1244,612076
1403,612108
1147,612140
618,612172
684,612204
461,612236
0,612268
185,612300
76,612332
393,612364
523,612396
810,612428
1432,612460
1258,612492
1531,612524
1722,612556
1979,612588
1743,612620
1801,612652
1277,612684
1406,612716
1175,612748
940,612780
682,612812
478,612844
220,612876
256,612908
524,612940
718,612972
575,613004
1168,613036
1035,613068
1261,613100
1487,613132
1726,613164
1852,613196
1584,613228
1386,613260
1205,613292
923,613324
745,613356
923,613388
296,613420
477,613452
0,613484
423,613516
607,613548
440,613580
1067,613612
1304,613644
1171,613676
1760,613708
1960,613740
2143,613772
2169,613804
1900,613836
1743,613868
1432,613900
845,613932
1048,613964
394,613996
575,614028
318,614060
0,614092
391,614124
592,614156
522,614188
1040,614220
922,614252
1241,614284
1374,614316
1670,614348
2313,614380
1766,614412
1527,614444
1662,614476
1064,614508
879,614540
969,614572
426,614604
543,614636
0,614668
269,614700
464,614732
733,614764
928,614796
1161,614828
1385,614860
1624,614892
1817,614924
2090,614956
2266,614988
1647,615020
1788,615052
1183,615084
986,615116
729,615148
528,615180
349,615212
78,615244
0,615276
0,615308
200,615340
427,615372
584,615404
877,615436
1545,615468
1290,615500
1984,615532
2175,615564
1898,615596
2031,615628
1758,615660
1516,615692
1288,615724
1056,615756
952,615788
572,615820
344,615852
173,615884
304,615916
601,615948
796,615980
636,616012
922,616044
1452,616076
1372,616108
1919,616140
2156,616172
1863,616204
1896,616236
1296,616268
1165,616300
842,616332
678,616364
838,616396
215,616428
28,616460
183,616492
110,616524
333,616556
567,616588
783,616620
1370,616652
1151,616684
1836,616716
2032,616748
2312,616780
2136,616812
1854,616844
1657,616876
1387,616908
792,616940
922,616972
333,617004
110,617036
0,617068
0,617100
104,617132
296,617164
553,617196
826,617228
1000,617260
1275,617292
1927,617324
1749,617356
2408,617388
1646,617420
1911,617452
1628,617484
983,617516
1161,617548
928,617580
655,617612
472,617644
203,617676
391,617708
509,617740
714,617772
1017,617804
1163,617836
1038,617868
1708,617900
1488,617932
1726,617964
2232,617996
1582,618028
1742,618060
1496,618092
953,618124
1024,618156
455,618188
312,618220
429,618252
0,618284
392,618316
236,618348
471,618380
1050,618412
919,618444
1191,618476
1370,618508
1645,618540
2251,618572
2144,618604
1991,618636
1721,618668
1517,618700
1258,618732
1021,618764
794,618796
569,618828
299,618860
171,618892
380,618924
249,618956
829,618988
698,619020
944,619052
1147,619084
1402,619116
1688,619148
1868,619180
1784,619212
1547,619244
1317,619276
1085,619308
784,619340
635,619372
829,619404
138,619436
345,619468
267,619500
447,619532
719,619564
908,619596
823,619628
1369,619660
1609,619692
1951,619724
2032,619756
2252,619788
2103,619820
1774,619852
1191,619884
1344,619916
731,619948
880,619980
632,620012
105,620044
168,620076
252,620108
219,620140
447,620172
585,620204
905,620236
1034,620268
1320,620300
1962,620332
1784,620364
1927,620396
1642,620428
1449,620460
1225,620492
1275,620524
765,620556
888,620588
653,620620
424,620652
152,620684
390,620716
586,620748
778,620780
1039,620812
1240,620844
1096,620876
1694,620908
1551,620940
1787,620972
1758,621004
1531,621036
1333,621068
1068,621100
872,621132
693,621164
413,621196
242,621228
405,621260
0,621292
505,621324
238,621356
939,621388
1131,621420
1340,621452
1583,621484
1824,621516
1688,621548
2297,621580
2111,621612
1991,621644
1640,621676
1371,621708
1216,621740
910,621772
335,621804
535,621836
0,621868
252,621900
448,621932
300,621964
907,621996
1104,622028
1032,622060
1307,622092
1435,622124
1768,622156
1880,622188
1706,622220
1879,622252
1242,622284
1005,622316
1146,622348
552,622380
375,622412
456,622444
0,622476
333,622508
221,622540
793,622572
988,622604
1247,622636
1450,622668
1678,622700
1518,622732
2153,622764
2206,622796
2011,622828
1736,622860
1130,622892
1264,622924
671,622956
476,622988
219,623020
34,623052
0,623084
1,623116
263,623148
487,623180
712,623212
939,623244
1088,623276
1389,623308
2075,623340
2231,623372
2263,623404
1979,623436
1371,623468
1503,623500
1230,623532
695,623564
767,623596
554,623628
427,623660
124,623692
363,623724
667,623756
825,623788
1115,623820
1310,623852
1149,623884
1436,623916
1984,623948
1898,623980
1802,624012
1836,624044
1335,624076
1369,624108
792,624140
653,624172
332,624204
168,624236
312,624268
0,624300
168,624332
704,624364
618,624396
845,624428
1070,624460
1303,624492
1900,624524
1676,624556
2346,624588
2074,624620
1421,624652
1598,624684
1325,624716
1133,624748
862,624780
281,624812
409,624844
0,624876
0,624908
126,624940
361,624972
613,625004
809,625036
1064,625068
1337,625100
1517,625132
1804,625164
1820,625196
1659,625228
1870,625260
1551,625292
1383,625324
1103,625356
473,625388
639,625420
414,625452
0,625484
376,625516
570,625548
921,625580
1020,625612
1226,625644
1533,625676
1688,625708
1552,625740
2237,625772
1759,625804
1528,625836
1696,625868
1068,625900
903,625932
971,625964
443,625996
506,626028
0,626060
0,626092
24,626124
298,626156
909,626188
747,626220
972,626252
1568,626284
1432,626316
1707,626348
1899,626380
1801,626412
1933,626444
1616,626476
1463,626508
1194,626540
559,626572
732,626604
506,626636
270,626668
240,626700
440,626732
699,626764
891,626796
751,626828
1343,626860
1209,626892
1476,626924
1662,626956
1904,626988
1721,627020
1436,627052
1257,627084
1324,627116
810,627148
581,627180
747,627212
123,627244
301,627276
0,627308
591,627340
784,627372
661,627404
1241,627436
1433,627468
1339,627500
1897,627532
2137,627564
2348,627596
1951,627628
1722,627660
1576,627692
1248,627724
680,627756
830,627788
223,627820
46,627852
103,627884
21,627916
536,627948
764,627980
731,628012
1215,628044
1096,628076
1417,628108
1547,628140
1846,628172
2232,628204
1578,628236
1390,628268
1118,628300
935,628332
715,628364
760,628396
255,628428
368,628460
0,628492
446,628524
649,628556
906,628588
1102,628620
1293,628652
1566,628684
1759,628716
1614,628748
2232,628780
1704,628812
1478,628844
1240,628876
1015,628908
811,628940
557,628972
361,629004
462,629036
0,629068
0,629100
539,629132
375,629164
1024,629196
750,629228
1454,629260
1657,629292
1464,629324
2119,629356
2331,629388
1720,629420
1854,629452
1578,629484
1453,629516
1115,629548
857,629580
701,629612
397,629644
0,629676
328,629708
136,629740
362,629772
970,629804
812,629836
1430,629868
1632,629900
1548,629932
2094,629964
1817,629996
1685,630028
1354,630060
1180,630092
1351,630124
726,630156
503,630188
624,630220
44,630252
0,630284
362,630316
281,630348
857,630380
1016,630412
1307,630444
1504,630476
1783,630508
1978,630540
2208,630572
2184,630604
1948,630636
1677,630668
1472,630700
1210,630732
619,630764
748,630796
160,630828
0,630860
0,630892
44,630924
315,630956
494,630988
775,631020
999,631052
1226,631084
1453,631116
1612,631148
1927,631180
2224,631212
1498,631244
1727,631276
1449,631308
857,631340
985,631372
717,631404
182,631436
254,631468
223,631500
575,631532
639,631564
887,631596
1193,631628
1337,631660
1210,631692
1840,631724
1672,631756
1933,631788
2013,631820
1464,631852
1535,631884
1318,631916
823,631948
848,631980
281,632012
138,632044
0,632076
0,632108
572,632140
410,632172
679,632204
1216,632236
1129,632268
1367,632300
1884,632332
1831,632364
2286,632396
1593,632428
1816,632460
1534,632492
1340,632524
1080,632556
811,632588
617,632620
350,632652
0,632684
317,632716
187,632748
412,632780
1113,632812
870,632844
1124,632876
1320,632908
1579,632940
1866,632972
1774,633004
1606,633036
1293,633068
1127,633100
1340,633132
618,633164
860,633196
587,633228
0,633260
201,633292
442,633324
317,633356
894,633388
1085,633420
1422,633452
1546,633484
1744,633516
2063,633548
2216,633580
1706,633612
1918,633644
1240,633676
1014,633708
1177,633740
558,633772
713,633804
457,633836
0,633868
189,633900
79,633932
391,633964
527,633996
809,634028
1433,634060
1262,634092
1497,634124
2106,634156
1931,634188
1739,634220
1835,634252
1277,634284
1401,634316
1100,634348
941,634380
679,634412
477,634444
214,634476
310,634508
526,634540
761,634572
951,634604
1216,634636
1407,634668
1263,634700
1575,634732
1727,634764
1849,634796
1583,634828
1382,634860
1196,634892
922,634924
744,634956
811,634988
294,635020
61,635052
0,635084
31,635116
685,635148
442,635180
1115,635212
1305,635244
1171,635276
1769,635308
1952,635340
1854,635372
2168,635404
1930,635436
1816,635468
1423,635500
1195,635532
1051,635564
743,635596
168,635628
319,635660
0,635692
397,635724
608,635756
523,635788
1050,635820
1279,635852
1243,635884
1740,635916
1612,635948
1945,635980
1704,636012
1526,636044
1706,636076
1062,636108
875,636140
968,636172
423,636204
191,636236
237,636268
0,636300
510,636332
733,636364
970,636396
1162,636428
1424,636460
1626,636492
1821,636524
2095,636556
2264,636588
1646,636620
1482,636652
1181,636684
954,636716
730,636748
494,636780
302,636812
44,636844
0,636876
266,636908
165,636940
437,636972
1053,637004
885,637036
1547,637068
1262,637100
1992,637132
2187,637164
1848,637196
2029,637228
1800,637260
1204,637292
1326,637324
1055,637356
941,637388
599,637420
344,637452
169,637484
304,637516
200,637548
844,637580
640,637612
1289,637644
1488,637676
1322,637708
1959,637740
2160,637772
1816,637804
1885,637836
1295,637868
1162,637900
1289,637932
676,637964
827,637996
215,638028
0,638060
184,638092
72,638124
333,638156
876,638188
793,638220
1373,638252
1245,638284
1837,638316
2040,638348
2313,638380
2124,638412
1888,638444
1648,638476
1420,638508
1151,638540
585,638572
696,638604
105,638636
234,638668
0,638700
106,638732
299,638764
556,638796
826,638828
1000,638860
1287,638892
1515,638924
1754,638956
1949,638988
1642,639020
1480,639052
1693,639084
975,639116
1197,639148
927,639180
652,639212
463,639244
199,639276
0,639308
508,639340
744,639372
1085,639404
1166,639436
1402,639468
1712,639500
1856,639532
2173,639564
2223,639596
1582,639628
1411,639660
1486,639692
950,639724
1021,639756
806,639788
311,639820
89,639852
0,639884
57,639916
190,639948
473,639980
1086,640012
920,640044
1194,640076
1752,640108
1655,640140
1887,640172
1863,640204
1625,640236
1757,640268
1070,640300
1280,640332
1020,640364
832,640396
566,640428
299,640460
0,640492
380,640524
249,640556
831,640588
701,640620
924,640652
1150,640684
1386,640716
1643,640748
1848,640780
1725,640812
1544,640844
1259,640876
1081,640908
780,640940
629,640972
829,641004
104,641036
341,641068
267,641100
480,641132
729,641164
968,641196
828,641228
1416,641260
1611,641292
1959,641324
2075,641356
2250,641388
2095,641420
1775,641452
1182,641484
1390,641516
728,641548
504,641580
664,641612
45,641644
189,641676
253,641708
186,641740
455,641772
588,641804
907,641836
1038,641868
1324,641900
1963,641932
1786,641964
1879,641996
2014,642028
1399,642060
1214,642092
951,642124
761,642156
889,642188
584,642220
423,642252
142,642284
395,642316
592,642348
816,642380
679,642412
1277,642444
1470,642476
1740,642508
1944,642540
1790,642572
2138,642604
1528,642636
1321,642668
1066,642700
870,642732
692,642764
418,642796
234,642828
296,642860
0,642892
91,642924
248,642956
551,642988
1198,643020
1344,643052
1641,643084
1835,643116
1688,643148
2297,643180
2110,643212
1531,643244
1631,643276
1403,643308
1279,643340
906,643372
684,643404
527,643436
220,643468
0,643500
457,643532
303,643564
909,643596
1114,643628
1037,643660
1305,643692
1815,643724
1769,643756
2248,643788
1642,643820
1501,643852
1180,643884
1004,643916
1176,643948
552,643980
364,644012
102,644044
0,644076
6,644108
507,644140
455,644172
1024,644204
1257,644236
1486,644268
1690,644300
1502,644332
2158,644364
2205,644396
2007,644428
1727,644460
1127,644492
1262,644524
667,644556
441,644588
218,644620
1,644652
0,644684
0,644716
219,644748
790,644780
664,644812
940,644844
1579,644876
1399,644908
2085,644940
2233,644972
2253,645004
1979,645036
1322,645068
1501,645100
829,645132
693,645164
810,645196
541,645228
423,645260
163,645292
367,645324
672,645356
825,645388
701,645420
1360,645452
1151,645484
1820,645516
2016,645548
1848,645580
1752,645612
1838,645644
1288,645676
1360,645708
782,645740
649,645772
332,645804
158,645836
301,645868
0,645900
136,645932
714,645964
584,645996
855,646028
1400,646060
1305,646092
1901,646124
1771,646156
2335,646188
2062,646220
1418,646252
1596,646284
1359,646316
1132,646348
906,646380
636,646412
443,646444
173,646476
0,646508
491,646540
364,646572
616,646604
808,646636
1067,646668
1339,646700
1530,646732
1813,646764
1895,646796
1657,646828
1422,646860
1599,646892
968,646924
1167,646956
472,646988
685,647020
424,647052
0,647084
383,647116
574,647148
491,647180
1024,647212
1262,647244
1611,647276
1689,647308
1928,647340
2251,647372
2124,647404
1961,647436
1692,647468
1065,647500
898,647532
969,647564
438,647596
505,647628
284,647660
0,647692
365,647724
252,647756
569,647788
702,647820
984,647852
1612,647884
1436,647916
1709,647948
2284,647980
1790,648012
1565,648044
1335,648076
1103,648108
1228,648140
556,648172
764,648204
504,648236
302,648268
240,648300
440,648332
701,648364
894,648396
752,648428
1355,648460
1212,648492
1438,648524
1674,648556
1871,648588
1669,648620
1406,648652
1199,648684
1019,648716
748,648748
569,648780
743,648812
120,648844
301,648876
0,648908
603,648940
784,648972
616,649004
1241,649036
1480,649068
1337,649100
1946,649132
2140,649164
2343,649196
1982,649228
1720,649260
1563,649292
1245,649324
670,649356
873,649388
220,649420
3,649452
124,649484
0,649516
569,649548
768,649580
698,649612
1227,649644
1099,649676
1419,649708
1560,649740
1850,649772
2223,649804
1576,649836
1343,649868
1484,649900
887,649932
701,649964
439,649996
249,650028
367,650060
151,650092
455,650124
652,650156
917,650188
1112,650220
1339,650252
1566,650284
1805,650316
1997,650348
2270,650380
2079,650412
1468,650444
1609,650476
1007,650508
809,650540
544,650572
360,650604
180,650636
0,650668
0,650700
155,650732
377,650764
605,650796
760,650828
1053,650860
1727,650892
1456,650924
2173,650956
2331,650988
1719,651020
1851,651052
1578,651084
1021,651116
1112,651148
880,651180
767,651212
393,651244
166,651276
331,651308
480,651340
376,651372
972,651404
813,651436
1434,651468
1632,651500
1550,651532
2096,651564
2190,651596
1677,651628
1708,651660
1128,651692
985,651724
668,651756
494,651788
655,651820
42,651852
0,651884
23,651916
282,651948
511,651980
1016,652012
959,652044
1550,652076
1789,652108
2016,652140
2220,652172
2220,652204
1950,652236
1672,652268
1471,652300
1200,652332
607,652364
748,652396
157,652428
0,652460
0,652492
25,652524
279,652556
472,652588
730,652620
1000,652652
1179,652684
1463,652716
2109,652748
1928,652780
2229,652812
1466,652844
1722,652876
1455,652908
808,652940
975,652972
760,653004
179,653036
296,653068
233,653100
425,653132
685,653164
889,653196
1197,653228
1340,653260
1215,653292
1896,653324
1674,653356
2314,653388
2046,653420
1404,653452
1565,653484
1310,653516
778,653548
846,653580
279,653612
127,653644
0,653676
0,653708
569,653740
421,653772
639,653804
1227,653836
1095,653868
1367,653900
1930,653932
1833,653964
2285,653996
1677,654028
1805,654060
1532,654092
1339,654124
1072,654156
844,654188
618,654220
382,654252
104,654284
352,654316
557,654348
416,654380
1006,654412
874,654444
1128,654476
1325,654508
1584,654540
1869,654572
1785,654604
1605,654636
1368,654668
1140,654700
908,654732
616,654764
455,654796
653,654828
0,654860
251,654892
445,654924
315,654956
905,654988
1097,655020
1310,655052
1547,655084
1787,655116
2141,655148
2221,655180
2064,655212
1919,655244
1595,655276
1435,655308
1168,655340
555,655372
388,655404
448,655436
0,655468
201,655500
428,655532
395,655564
878,655596
759,655628
1081,655660
1211,655692
1498,655724
2144,655756
1930,655788
1737,655820
1834,655852
1272,655884
1049,655916
812,655948
601,655980
714,656012
56,656044
248,656076
312,656108
570,656140
764,656172
956,656204
1216,656236
1406,656268
1273,656300
1882,656332
1727,656364
1818,656396
1581,656428
1351,656460
1146,656492
892,656524
686,656556
509,656588
240,656620
58,656652
203,656684
40,656716
685,656748
422,656780
1116,656812
1307,656844
1128,656876
1771,656908
2012,656940
2190,656972
2204,657004
1930,657036
1806,657068
1451,657100
1194,657132
953,657164
732,657196
172,657228
351,657260
0,657292
38,657324
636,657356
474,657388
1086,657420
1289,657452
1208,657484
1753,657516
1616,657548
1948,657580
2157,657612
1515,657644
1693,657676
1063,657708
839,657740
960,657772
377,657804
189,657836
0,657868
0,657900
510,657932
679,657964
971,657996
1166,658028
1433,658060
1630,658092
1867,658124
2095,658156
2301,658188
2026,658220
1821,658252
1550,658284
944,658316
1083,658348
494,658380
300,658412
44,658444
0,658476
0,658508
166,658540
436,658572
667,658604
888,658636
1115,658668
1272,658700
1575,658732
2263,658764
1848,658796
2075,658828
1801,658860
1504,658892
1323,658924
1056,658956
510,658988
600,659020
368,659052
233,659084
315,659116
543,659148
855,659180
991,659212
875,659244
1498,659276
1323,659308
1960,659340
2159,659372
1806,659404
1884,659436
1660,659468
1159,659500
927,659532
616,659564
473,659596
165,659628
0,659660
220,659692
76,659724
343,659756
527,659788
795,659820
1023,659852
1534,659884
1483,659916
2088,659948
2315,659980
2160,660012
1886,660044
1688,660076
1418,660108
1149,660140
952,660172
695,660204
106,660236
233,660268
0,660300
87,660332
302,660364
536,660396
793,660428
984,660460
1241,660492
1515,660524
1704,660556
1947,660588
2135,660620
1478,660652
1691,660684
942,660716
1195,660748
927,660780
683,660812
459,660844
224,660876
0,660908
557,660940
748,660972
1085,661004
1199,661036
1404,661068
1720,661100
1866,661132
1736,661164
2268,661196
1579,661228
1784,661260
1516,661292
888,661324
1051,661356
798,661388
265,661420
77,661452
0,661484
57,661516
192,661548
474,661580
1097,661612
920,661644
1159,661676
1754,661708
1613,661740
1896,661772
2186,661804
1613,661836
1753,661868
1161,661900
1277,661932
1017,661964
813,661996
556,662028
328,662060
0,662092
425,662124
620,662156
874,662188
1068,662220
926,662252
1519,662284
1386,662316
1646,662348
1850,662380
1723,662412
1543,662444
1258,662476
1079,662508
855,662540
629,662572
397,662604
102,662636
0,662668
343,662700
491,662732
777,662764
969,662796
839,662828
1419,662860
1622,662892
1517,662924
2076,662956
2283,662988
2157,663020
1770,663052
1546,663084
1387,663116
1069,663148
911,663180
654,663212
44,663244
0,663276
256,663308
188,663340
457,663372
944,663404
915,663436
1390,663468
1272,663500
1595,663532
1727,663564
1868,663596
2044,663628
1398,663660
1211,663692
1307,663724
760,663756
537,663788
301,663820
77,663852
169,663884
0,663916
624,663948
826,663980
654,664012
1288,664044
1472,664076
1743,664108
1947,664140
1800,664172
2138,664204
1519,664236
1293,664268
1064,664300
838,664332
634,664364
379,664396
186,664428
4,664460
0,664492
103,664524
251,664556
552,664588
1205,664620
1353,664652
1640,664684
1837,664716
1651,664748
2301,664780
2152,664812
1533,664844
1673,664876
1401,664908
1287,664940
938,664972
680,665004
528,665036
218,665068
0,665100
505,665132
304,665164
540,665196
1149,665228
984,665260
1271,665292
1818,665324
1735,665356
2240,665388
1642,665420
1497,665452
1178,665484
1002,665516
1175,665548
541,665580
327,665612
444,665644
0,665676
8,665708
190,665740
457,665772
1037,665804
1194,665836
1487,665868
1694,665900
1504,665932
2160,665964
2237,665996
1997,666028
1760,666060
1496,666092
1296,666124
1033,666156
432,666188
572,666220
0,666252
0,666284
0,666316
228,666348
491,666380
680,666412
950,666444
1468,666476
1402,666508
1640,666540
2287,666572
1835,666604
2045,666636
1324,666668
1547,666700
1263,666732
679,666764
811,666796
540,666828
6,666860
168,666892
410,666924
751,666956
827,666988
1064,667020
1369,667052
1514,667084
1387,667116
2026,667148
1853,667180
1752,667212
1833,667244
1289,667276
1356,667308
1135,667340
648,667372
668,667404
104,667436
0,667468
0,667500
137,667532
748,667564
586,667596
856,667628
1038,667660
1307,667692
1547,667724
2064,667756
1965,667788
2106,667820
1415,667852
1628,667884
1358,667916
1162,667948
896,667980
636,668012
441,668044
171,668076
0,668108
493,668140
363,668172
590,668204
814,668236
1040,668268
1293,668300
1510,668332
1767,668364
2200,668396
1608,668428
1419,668460
1599,668492
966,668524
1163,668556
432,668588
684,668620
412,668652
0,668684
391,668716
620,668748
498,668780
1079,668812
1272,668844
1611,668876
1725,668908
1931,668940
2251,668972
2123,669004
1517,669036
1736,669068
1069,669100
842,669132
992,669164
398,669196
535,669228
282,669260
0,669292
366,669324
252,669356
569,669388
702,669420
984,669452
1613,669484
1438,669516
1676,669548
2284,669580
1752,669612
1561,669644
1657,669676
1097,669708
1225,669740
923,669772
761,669804
496,669836
309,669868
250,669900
479,669932
714,669964
938,669996
1131,670028
1391,670060
1594,670092
1450,670124
2060,670156
1868,670188
1671,670220
1402,670252
1200,670284
1019,670316
745,670348
571,670380
347,670412
114,670444
0,670476
0,670508
215,670540
863,670572
618,670604
1293,670636
1482,670668
1351,670700
1949,670732
2142,670764
1885,670796
1978,670828
1754,670860
1640,670892
1243,670924
1020,670956
864,670988
559,671020
3,671052
119,671084
0,671116
258,671148
777,671180
708,671212
1226,671244
1466,671276
1431,671308
1930,671340
1800,671372
1849,671404
1514,671436
1342,671468
1514,671500
886,671532
699,671564
784,671596
247,671628
24,671660
155,671692
119,671724
696,671756
479,671788
1146,671820
1340,671852
1612,671884
1808,671916
2008,671948
2271,671980
2074,672012
1456,672044
1610,672076
1004,672108
778,672140
1021,672172
328,672204
125,672236
0,672268
0,672300
157,672332
334,672364
612,672396
761,672428
1063,672460
1735,672492
1450,672524
2172,672556
2329,672588
1661,672620
1851,672652
1616,672684
1016,672716
1148,672748
876,672780
763,672812
415,672844
165,672876
332,672908
489,672940
368,672972
1022,673004
814,673036
1050,673068
1677,673100
1500,673132
2139,673164
2187,673196
1629,673228
1708,673260
1118,673292
984,673324
668,673356
491,673388
650,673420
41,673452
0,673484
376,673516
251,673548
519,673580
1054,673612
968,673644
1561,673676
1719,673708
2027,673740
2234,673772
2217,673804
1944,673836
1708,673868
1466,673900
1243,673932
973,673964
779,673996
512,674028
0,674060
0,674092
25,674124
285,674156
476,674188
740,674220
1001,674252
1178,674284
1464,674316
2008,674348
1931,674380
1771,674412
1464,674444
1307,674476
1513,674508
808,674540
1023,674572
749,674604
175,674636
285,674668
235,674700
157,674732
688,674764
922,674796
1263,674828
1342,674860
1592,674892
1897,674924
2045,674956
1868,674988
2040,675020
1402,675052
1563,675084
1307,675116
774,675148
844,675180
620,675212
135,675244
153,675276
0,675308
233,675340
364,675372
648,675404
1272,675436
1098,675468
1371,675500
1933,675532
1835,675564
1911,675596
1965,675628
1439,675660
1568,675692
1339,675724
1102,675756
842,675788
656,675820
390,675852
99,675884
367,675916
558,675948
424,675980
727,676012
877,676044
1103,676076
1327,676108
1562,676140
1822,676172
1744,676204
1547,676236
1660,676268
1084,676300
905,676332
1079,676364
455,676396
651,676428
0,676460
251,676492
447,676524
280,676556
905,676588
1136,676620
1012,676652
1596,676684
1791,676716
2151,676748
2263,676780
2062,676812
1912,676844
1593,676876
1002,676908
1213,676940
553,676972
744,677004
477,677036
0,677068
224,677100
431,677132
362,677164
878,677196
764,677228
1081,677260
1677,677292
1500,677324
2141,677356
1927,677388
1690,677420
1832,677452
1226,677484
1039,677516
1131,677548
587,677580
711,677612
137,677644
237,677676
312,677708
571,677740
768,677772
1000,677804
1227,677836
1463,677868
1656,677900
1532,677932
2123,677964
1808,677996
1960,678028
1344,678060
1146,678092
888,678124
688,678156
507,678188
234,678220
59,678252
0,678284
42,678316
277,678348
424,678380
718,678412
1383,678444
1130,678476
1823,678508
2012,678540
2202,678572
2203,678604
1928,678636
1368,678668
1449,678700
1225,678732
1111,678764
730,678796
506,678828
349,678860
142,678892
441,678924
636,678956
478,678988
770,679020
1290,679052
1212,679084
1754,679116
1995,679148
1959,679180
1789,679212
1456,679244
1325,679276
1000,679308
838,679340
990,679372
375,679404
189,679436
268,679468
0,679500
175,679532
407,679564
633,679596
1212,679628
991,679660
1674,679692
1870,679724
2142,679756
2294,679788
2011,679820
1432,679852
1547,679884
941,679916
1083,679948
492,679980
268,680012
41,680044
0,680076
0,680108
138,680140
396,680172
665,680204
845,680236
1117,680268
1276,680300
1577,680332
2264,680364
1806,680396
2071,680428
1789,680460
1545,680492
1321,680524
1096,680556
508,680588
634,680620
365,680652
227,680684
351,680716
552,680748
857,680780
1001,680812
878,680844
1536,680876
1328,680908
1564,680940
2205,680972
1751,681004
1917,681036
1656,681068
1114,681100
926,681132
614,681164
471,681196
122,681228
0,681260
221,681292
86,681324
312,681356
890,681388
760,681420
1023,681452
1209,681484
1483,681516
2091,681548
2248,681580
2154,681612
1884,681644
1679,681676
1418,681708
1181,681740
574,681772
729,681804
459,681836
255,681868
220,681900
89,681932
668,681964
539,681996
793,682028
986,682060
1244,682092
1525,682124
1706,682156
1944,682188
2015,682220
1479,682252
1245,682284
942,682316
793,682348
990,682380
684,682412
495,682444
233,682476
0,682508
559,682540
752,682572
667,682604
1209,682636
1440,682668
1791,682700
1871,682732
2110,682764
2267,682796
1944,682828
1342,682860
1504,682892
889,682924
1038,682956
793,682988
263,683020
77,683052
87,683084
71,683116
551,683148
428,683180
745,683212
876,683244
1160,683276
1792,683308
1624,683340
1897,683372
2184,683404
1623,683436
1385,683468
1435,683500
923,683532
1051,683564
813,683596
588,683628
330,683660
0,683692
428,683724
620,683756
879,683788
1070,683820
938,683852
1531,683884
1391,683916
1629,683948
1854,683980
1692,684012
1488,684044
1226,684076
1021,684108
1145,684140
581,684172
393,684204
571,684236
0,684268
343,684300
502,684332
779,684364
971,684396
793,684428
1423,684460
1662,684492
1524,684524
2126,684556
2272,684588
2155,684620
1801,684652
1532,684684
1385,684716
1070,684748
492,684780
697,684812
43,684844
216,684876
298,684908
142,684940
425,684972
953,685004
875,685036
1403,685068
1276,685100
1597,685132
1740,685164
1869,685196
2043,685228
1398,685260
1165,685292
1306,685324
715,685356
535,685388
617,685420
75,685452
169,685484
62,685516
635,685548
830,685580
656,685612
1292,685644
1516,685676
1744,685708
1984,685740
2185,685772
2173,685804
1897,685836
1289,685868
1424,685900
830,685932
634,685964
378,685996
175,686028
16,686060
0,686092
105,686124
331,686156
552,686188
780,686220
1407,686252
1229,686284
1915,686316
1654,686348
2361,686380
2143,686412
1531,686444
1671,686476
1391,686508
845,686540
928,686572
704,686604
587,686636
208,686668
205,686700
509,686732
656,686764
956,686796
1150,686828
988,686860
1275,686892
1819,686924
1738,686956
2236,686988
2000,687020
1496,687052
1529,687084
938,687116
809,687148
490,687180
326,687212
474,687244
0,687276
8,687308
544,687340
459,687372
687,687404
919,687436
1141,687468
1738,687500
1513,687532
2204,687564
2237,687596
2040,687628
1768,687660
1485,687692
1291,687724
1024,687756
432,687788
567,687820
0,687852
0,687884
0,687916
204,687948
456,687980
650,688012
904,688044
1179,688076
1354,688108
1651,688140
2299,688172
1822,688204
2039,688236
1286,688268
1534,688300
1271,688332
632,688364
799,688396
575,688428
3,688460
214,688492
411,688524
749,688556
863,688588
1066,688620
1373,688652
1518,688684
1390,688716
2077,688748
1854,688780
1692,688812
1866,688844
1228,688876
1388,688908
1131,688940
601,688972
667,689004
105,689036
0,689068
0,689100
142,689132
757,689164
588,689196
823,689228
1406,689260
1272,689292
1548,689324
1738,689356
1963,689388
2103,689420
1788,689452
1629,689484
1356,689516
1161,689548
892,689580
665,689612
432,689644
191,689676
280,689708
538,689740
730,689772
600,689804
1184,689836
1051,689868
1305,689900
1503,689932
1770,689964
1883,689996
1600,690028
1418,690060
1195,690092
964,690124
731,690156
431,690188
283,690220
477,690252
0,690284
439,690316
623,690348
501,690380
1083,690412
1274,690444
1179,690476
1728,690508
1968,690540
2330,690572
2112,690604
1886,690636
1735,690668
1407,690700
830,690732
990,690764
380,690796
528,690828
271,690860
0,690892
368,690924
612,690956
573,690988
1064,691020
940,691052
1257,691084
1390,691116
1676,691148
2330,691180
1752,691212
1559,691244
1284,691276
1096,691308
871,691340
920,691372
411,691404
528,691436
297,691468
284,691500
490,691532
748,691564
942,691596
1133,691628
1401,691660
1597,691692
1453,691724
2062,691756
1869,691788
1640,691820
1400,691852
1166,691884
970,691916
716,691948
510,691980
343,692012
59,692044
0,692076
379,692108
217,692140
871,692172
600,692204
1293,692236
1485,692268
1304,692300
1951,692332
2201,692364
1883,692396
2025,692428
1743,692460
1470,692492
1275,692524
1018,692556
863,692588
557,692620
0,692652
153,692684
0,692716
608,692748
812,692780
652,692812
1264,692844
1467,692876
1387,692908
1930,692940
1800,692972
1848,693004
1514,693036
1340,693068
1513,693100
886,693132
663,693164
792,693196
200,693228
269,693260
189,693292
123,693324
697,693356
573,693388
1149,693420
1344,693452
1613,693484
1818,693516
2048,693548
2282,693580
2112,693612
1838,693644
1640,693676
1369,693708
778,693740
910,693772
319,693804
134,693836
0,693868
0,693900
158,693932
343,693964
618,693996
843,694028
1065,694060
1292,694092
1451,694124
1765,694156
2395,694188
1670,694220
1897,694252
1614,694284
1013,694316
1145,694348
876,694380
638,694412
414,694444
185,694476
411,694508
492,694540
728,694572
1031,694604
1180,694636
1479,694668
1677,694700
1511,694732
1802,694764
2176,694796
1628,694828
1704,694860
1472,694892
983,694924
1004,694956
440,694988
301,695020
0,695052
0,695084
414,695116
258,695148
521,695180
1066,695212
971,695244
1209,695276
1433,695308
1673,695340
2268,695372
1756,695404
1980,695436
1706,695468
1500,695500
1242,695532
970,695564
777,695596
512,695628
0,695660
155,695692
29,695724
264,695756
476,695788
710,695820
967,695852
1161,695884
1417,695916
1704,695948
1883,695980
1769,696012
1947,696044
1303,696076
1509,696108
776,696140
1016,696172
747,696204
121,696236
283,696268
280,696300
461,696332
734,696364
925,696396
1273,696428
1374,696460
1584,696492
1899,696524
2047,696556
1868,696588
2080,696620
1400,696652
1164,696684
1336,696716
716,696748
864,696780
620,696812
89,696844
151,696876
0,696908
234,696940
809,696972
653,697004
1273,697036
1100,697068
1336,697100
1944,697132
1800,697164
1902,697196
1626,697228
1433,697260
1565,697292
1258,697324
1101,697356
840,697388
645,697420
378,697452
131,697484
366,697516
602,697548
795,697580
1052,697612
1247,697644
1104,697676
1708,697708
1567,697740
1833,697772
1743,697804
1544,697836
1355,697868
1082,697900
904,697932
670,697964
444,697996
219,698028
0,698060
0,698092
525,698124
282,698156
957,698188
1151,698220
1322,698252
1599,698284
1802,698316
1707,698348
2265,698380
2094,698412
1979,698444
1584,698476
1358,698508
1209,698540
893,698572
319,698604
477,698636
0,698668
232,698700
446,698732
365,698764
890,698796
1128,698828
1084,698860
1321,698892
1452,698924
1775,698956
1864,698988
1690,699020
1856,699052
1222,699084
1035,699116
764,699148
585,699180
359,699212
399,699244
0,699276
350,699308
581,699340
810,699372
1004,699404
1270,699436
1466,699468
1658,699500
1930,699532
2126,699564
1805,699596
1951,699628
1343,699660
1115,699692
878,699724
654,699756
459,699788
202,699820
19,699852
0,699884
5,699916
281,699948
901,699980
725,700012
1384,700044
1114,700076
1831,700108
2016,700140
2240,700172
2191,700204
1963,700236
1354,700268
1494,700300
1216,700332
1099,700364
750,700396
503,700428
348,700460
141,700492
40,700524
685,700556
487,700588
1130,700620
1327,700652
1164,700684
1790,700716
1996,700748
1915,700780
1788,700812
1455,700844
1319,700876
991,700908
828,700940
989,700972
366,701004
152,701036
270,701068
0,701100
183,701132
717,701164
637,701196
1211,701228
1086,701260
1677,701292
1872,701324
2150,701356
2288,701388
2059,701420
1422,701452
1581,701484
1312,701516
1115,701548
848,701580
267,701612
395,701644
0,701676
0,701708
144,701740
404,701772
669,701804
847,701836
1126,701868
1355,701900
1591,701932
1821,701964
1803,701996
1644,702028
1855,702060
1545,702092
1359,702124
1087,702156
505,702188
623,702220
362,702252
0,702284
350,702316
585,702348
926,702380
1005,702412
1241,702444
1549,702476
1692,702508
2009,702540
2206,702572
1743,702604
1565,702636
1647,702668
1110,702700
921,702732
954,702764
471,702796
490,702828
0,702860
0,702892
39,702924
314,702956
927,702988
763,703020
1035,703052
1592,703084
1484,703116
1725,703148
1960,703180
1787,703212
1918,703244
1231,703276
1450,703308
1180,703340
552,703372
720,703404
458,703436
253,703468
219,703500
90,703532
670,703564
539,703596
772,703628
990,703660
1224,703692
1480,703724
1679,703756
1895,703788
1707,703820
1416,703852
1241,703884
942,703916
789,703948
989,703980
681,704012
503,704044
223,704076
0,704108
567,704140
798,704172
668,704204
1248,704236
1449,704268
1790,704300
1904,704332
2112,704364
2263,704396
1935,704428
1339,704460
1549,704492
888,704524
662,704556
827,704588
214,704620
39,704652
87,704684
28,704716
544,704748
428,704780
745,704812
878,704844
1164,704876
1791,704908
1624,704940
1863,704972
2174,705004
1563,705036
1383,705068
1111,705100
921,705132
1039,705164
745,705196
585,705228
320,705260
252,705292
432,705324
664,705356
880,705388
1118,705420
1309,705452
1578,705484
1773,705516
1627,705548
2238,705580
1691,705612
1483,705644
1224,705676
1020,705708
841,705740
572,705772
392,705804
447,705836
0,705868
0,705900
555,705932
391,705964
1039,705996
796,706028
1479,706060
1664,706092
1529,706124
2136,706156
2270,706188
1707,706220
1792,706252
1562,706284
1449,706316
1067,706348
842,706380
696,706412
383,706444
0,706476
300,706508
151,706540
426,706572
953,706604
876,706636
1406,706668
1647,706700
1608,706732
2108,706764
1804,706796
1671,706828
1339,706860
1166,706892
1328,706924
710,706956
525,706988
265,707020
72,707052
0,707084
343,707116
297,707148
872,707180
665,707212
1328,707244
1518,707276
1792,707308
1992,707340
2188,707372
2169,707404
1896,707436
1280,707468
1419,707500
828,707532
602,707564
368,707596
152,707628
0,707660
0,707692
58,707724
622,707756
508,707788
788,707820
1415,707852
1239,707884
1913,707916
1626,707948
2361,707980
2139,708012
1480,708044
1663,708076
1435,708108
843,708140
971,708172
701,708204
587,708236
236,708268
208,708300
512,708332
666,708364
551,708396
1200,708428
991,708460
1226,708492
1864,708524
1679,708556
2268,708588
2000,708620
1448,708652
1520,708684
940,708716
808,708748
488,708780
314,708812
462,708844
0,708876
0,708908
556,708940
426,708972
696,709004
1239,709036
1145,709068
1741,709100
1897,709132
2205,709164
2232,709196
2029,709228
1756,709260
1527,709292
1288,709324
1064,709356
797,709388
604,709420
336,709452
0,709484
332,709516
203,709548
458,709580
654,709612
910,709644
1179,709676
1360,709708
1643,709740
1883,709772
1820,709804
1589,709836
1279,709868
1131,709900
1327,709932
622,709964
843,709996
571,710028
16,710060
217,710092
414,710124
333,710156
874,710188
1101,710220
1447,710252
1528,710284
1758,710316
2087,710348
2232,710380
1690,710412
1856,710444
1224,710476
1052,710508
1129,710540
602,710572
667,710604
443,710636
0,710668
204,710700
98,710732
410,710764
540,710796
826,710828
1450,710860
1274,710892
1548,710924
2120,710956
1962,710988
1725,711020
1783,711052
1259,711084
1388,711116
719,711148
924,711180
665,711212
462,711244
200,711276
280,711308
542,711340
734,711372
601,711404
1193,711436
1055,711468
1286,711500
2007,711532
1742,711564
1833,711596
1574,711628
1367,711660
1180,711692
906,711724
730,711756
427,711788
279,711820
471,711852
0,711884
439,711916
633,711948
457,711980
1083,712012
1320,712044
1181,712076
1784,712108
1979,712140
2326,712172
2144,712204
1882,712236
1724,712268
1408,712300
829,712332
1024,712364
368,712396
154,712428
301,712460
0,712492
409,712524
616,712556
548,712588
1065,712620
940,712652
1259,712684
1392,712716
1687,712748
2331,712780
1738,712812
1512,712844
1645,712876
1051,712908
859,712940
955,712972
409,713004
525,713036
223,713068
295,713100
490,713132
749,713164
952,713196
1180,713228
1404,713260
1643,713292
1836,713324
2108,713356
2240,713388
1630,713420
1471,713452
1167,713484
968,713516
713,713548
511,713580
332,713612
60,713644
0,713676
281,713708
216,713740
445,713772
602,713804
903,713836
1565,713868
1307,713900
2009,713932
2203,713964
1882,713996
2023,714028
1740,714060
1182,714092
1272,714124
1040,714156
927,714188
553,714220
331,714252
153,714284
318,714316
206,714348
814,714380
654,714412
1272,714444
1471,714476
1390,714508
1934,714540
2174,714572
1847,714604
1880,714636
1287,714668
1145,714700
828,714732
652,714764
812,714796
200,714828
20,714860
202,714892
126,714924
351,714956
858,714988
809,715020
1388,715052
1623,715084
1854,715116
2048,715148
2329,715180
2110,715212
1836,715244
1640,715276
1369,715308
766,715340
618,715372
315,715404
90,715436
0,715468
0,715500
123,715532
315,715564
572,715596
1136,715628
1019,715660
1302,715692
1947,715724
1766,715756
2379,715788
1628,715820
1884,715852
1609,715884
967,715916
1143,715948
910,715980
339,716012
444,716044
184,716076
408,716108
525,716140
729,716172
1035,716204
1180,716236
1062,716268
1726,716300
1514,716332
2186,716364
2208,716396
1564,716428
1736,716460
1469,716492
936,716524
1003,716556
431,716588
296,716620
413,716652
0,716684
411,716716
262,716748
487,716780
1069,716812
935,716844
1207,716876
1756,716908
1661,716940
2270,716972
1838,717004
1975,717036
1696,717068
1497,717100
1240,717132
1003,717164
776,717196
542,717228
282,717260
0,717292
560,717324
265,717356
846,717388
714,717420
968,717452
1164,717484
1422,717516
1706,717548
1894,717580
1759,717612
1528,717644
1299,717676
1067,717708
766,717740
619,717772
815,717804
121,717836
319,717868
287,717900
464,717932
743,717964
936,717996
845,718028
1387,718060
1626,718092
1977,718124
2059,718156
2234,718188
2077,718220
1758,718252
1595,718284
1336,718316
712,718348
539,718380
608,718412
80,718444
143,718476
270,718508
236,718540
471,718572
603,718604
923,718636
1053,718668
1338,718700
1980,718732
1800,718764
1899,718796
1996,718828
1431,718860
1199,718892
972,718924
745,718956
872,718988
206,719020
408,719052
123,719084
408,719116
608,719148
795,719180
684,719212
1256,719244
1114,719276
1711,719308
1575,719340
1806,719372
1741,719404
1512,719436
1304,719468
1050,719500
847,719532
669,719564
397,719596
218,719628
0,719660
0,719692
525,719724
262,719756
955,719788
1149,719820
1358,719852
1607,719884
1848,719916
1706,719948
2314,719980
2092,720012
1975,720044
1614,720076
1359,720108
1199,720140
894,720172
319,720204
510,720236
0,720268
0,720300
474,720332
324,720364
925,720396
1120,720428
1049,720460
1320,720492
1452,720524
1784,720556
1856,720588
1686,720620
1853,720652
1221,720684
989,720716
1128,720748
539,720780
349,720812
88,720844
0,720876
349,720908
511,720940
811,720972
1004,721004
1273,721036
1468,721068
1704,721100
1546,721132
2170,721164
2188,721196
1992,721228
1710,721260
1112,721292
1244,721324
652,721356
457,721388
201,721420
9,721452
0,721484
7,721516
280,721548
797,721580
728,721612
967,721644
1112,721676
1415,721708
2089,721740
2249,721772
2239,721804
1967,721836
1355,721868
1483,721900
1214,721932
669,721964
749,721996
527,722028
412,722060
152,722092
384,722124
687,722156
842,722188
717,722220
1338,722252
1166,722284
1791,722316
1999,722348
1916,722380
1783,722412
1820,722444
1319,722476
1341,722508
766,722540
637,722572
316,722604
150,722636
296,722668
0,722700
187,722732
374,722764
637,722796
863,722828
1372,722860
1321,722892
1916,722924
2152,722956
2328,722988
2048,723020
1402,723052
1580,723084
1307,723116
1115,723148
846,723180
255,723212
393,723244
0,723276
0,723308
142,723340
377,723372
621,723404
825,723436
1082,723468
1660,723500
1534,723532
1822,723564
2299,723596
1642,723628
1851,723660
1533,723692
1355,723724
1085,723756
455,723788
623,723820
396,723852
0,723884
397,723916
588,723948
935,723980
1039,724012
1242,724044
1552,724076
1705,724108
1576,724140
2264,724172
1740,724204
1948,724236
1678,724268
1053,724300
878,724332
953,724364
423,724396
492,724428
0,724460
0,724492
42,724524
316,724556
934,724588
774,724620
996,724652
1594,724684
1450,724716
1725,724748
2296,724780
1784,724812
1915,724844
1319,724876
1437,724908
1178,724940
543,724972
716,725004
490,725036
252,725068
265,725100
456,725132
716,725164
911,725196
768,725228
1359,725260
1228,725292
1482,725324
1688,725356
1893,725388
1705,725420
1417,725452
1239,725484
1005,725516
789,725548
557,725580
729,725612
104,725644
285,725676
0,725708
617,725740
799,725772
678,725804
1259,725836
1452,725868
1355,725900
1916,725932
2157,725964
2327,725996
1935,726028
1705,726060
1547,726092
1230,726124
1069,726156
813,726188
204,726220
37,726252
75,726284
29,726316
554,726348
784,726380
757,726412
1232,726444
1114,726476
1435,726508
1574,726540
1866,726572
2208,726604
1561,726636
1368,726668
1466,726700
919,726732
693,726764
460,726796
235,726828
348,726860
0,726892
462,726924
668,726956
926,726988
1120,727020
1310,727052
1581,727084
1775,727116
1631,727148
2249,727180
1680,727212
1452,727244
1215,727276
996,727308
794,727340
538,727372
334,727404
157,727436
0,727468
0,727500
557,727532
392,727564
1047,727596
776,727628
1479,727660
1673,727692
1481,727724
2136,727756
2314,727788
1703,727820
1836,727852
1561,727884
1451,727916
1098,727948
841,727980
684,728012
377,728044
0,728076
346,728108
155,728140
386,728172
990,728204
826,728236
1447,728268
1647,728300
1564,728332
2120,728364
1803,728396
1659,728428
1338,728460
1161,728492
1325,728524
700,728556
487,728588
606,728620
24,728652
0,728684
41,728716
297,728748
873,728780
1034,728812
1325,728844
1530,728876
1799,728908
1998,728940
2233,728972
2158,729004
1931,729036
1658,729068
1453,729100
1184,729132
600,729164
733,729196
141,729228
0,729260
0,729292
70,729324
429,729356
511,729388
791,729420
1019,729452
1242,729484
1469,729516
1631,729548
1943,729580
2207,729612
1478,729644
1705,729676
1433,729708
840,729740
967,729772
700,729804
155,729836
234,729868
239,729900
588,729932
669,729964
895,729996
1211,730028
1354,730060
1230,730092
1865,730124
1691,730156
2264,730188
1996,730220
1448,730252
1519,730284
1293,730316
807,730348
829,730380
264,730412
121,730444
0,730476
0,730508
590,730540
428,730572
698,730604
879,730636
1147,730668
1385,730700
1900,730732
1849,730764
2268,730796
2025,730828
1790,730860
1516,730892
1323,730924
1064,730956
795,730988
599,731020
332,731052
0,731084
335,731116
205,731148
430,731180
656,731212
888,731244
1135,731276
1338,731308
1597,731340
1883,731372
1767,731404
1588,731436
1765,731468
1117,731500
1323,731532
590,731564
841,731596
571,731628
0,731660
219,731692
457,731724
340,731756
911,731788
1102,731820
1292,731852
1563,731884
1769,731916
2080,731948
2236,731980
1688,732012
1900,732044
1214,732076
1417,732108
1160,732140
540,732172
695,732204
440,732236
0,732268
206,732300
103,732332
410,732364
553,732396
828,732428
1449,732460
1284,732492
1514,732524
2124,732556
1911,732588
1725,732620
1818,732652
1257,732684
1385,732716
799,732748
921,732780
656,732812
457,732844
188,732876
318,732908
554,732940
780,732972
971,733004
1232,733036
1423,733068
1289,733100
1898,733132
1754,733164
1830,733196
1563,733228
1360,733260
1179,733292
904,733324
727,733356
494,733388
275,733420
44,733452
0,733484
55,733516
702,733548
461,733580
1133,733612
1322,733644
1183,733676
1785,733708
1980,733740
2205,733772
2142,733804
1913,733836
1791,733868
1404,733900
1179,733932
1032,733964
717,733996
557,734028
297,734060
0,734092
100,734124
618,734156
552,734188
1067,734220
1304,734252
1261,734284
1758,734316
1638,734348
1963,734380
1676,734412
1502,734444
1678,734476
1048,734508
859,734540
954,734572
407,734604
185,734636
0,734668
0,734700
528,734732
320,734764
986,734796
1180,734828
1450,734860
1644,734892
1840,734924
2109,734956
2238,734988
1627,735020
1770,735052
1164,735084
936,735116
704,735148
484,735180
294,735212
26,735244
0,735276
3,735308
174,735340
447,735372
1079,735404
903,735436
1564,735468
1288,735500
2011,735532
2203,735564
1829,735596
2011,735628
1784,735660
1487,735692
1307,735724
1037,735756
923,735788
575,735820
328,735852
155,735884
331,735916
207,735948
860,735980
664,736012
890,736044
1513,736076
1340,736108
1978,736140
2184,736172
1799,736204
1866,736236
1278,736268
1143,736300
1273,736332
650,736364
809,736396
195,736428
0,736460
205,736492
91,736524
351,736556
542,736588
811,736620
1399,736652
1548,736684
1862,736716
2064,736748
2329,736780
2108,736812
1869,736844
1630,736876
1402,736908
1131,736940
941,736972
671,737004
88,737036
215,737068
0,737100
133,737132
316,737164
574,737196
850,737228
1022,737260
1304,737292
1531,737324
1768,737356
1933,737388
1626,737420
1464,737452
1675,737484
966,737516
1183,737548
910,737580
635,737612
446,737644
174,737676
4,737708
536,737740
764,737772
1103,737804
1182,737836
1418,737868
1737,737900
1883,737932
1754,737964
2206,737996
1566,738028
1728,738060
1467,738092
934,738124
1001,738156
781,738188
287,738220
63,738252
0,738284
73,738316
216,738348
488,738380
1104,738412
940,738444
1208,738476
1399,738508
1672,738540
1903,738572
2125,738604
1597,738636
1738,738668
1495,738700
1260,738732
1000,738764
808,738796
542,738828
280,738860
200,738892
398,738924
267,738956
859,738988
716,739020
942,739052
1176,739084
1403,739116
1660,739148
1864,739180
1706,739212
1526,739244
1243,739276
1063,739308
1229,739340
613,739372
811,739404
80,739436
316,739468
287,739500
494,739532
747,739564
976,739596
855,739628
1433,739660
1628,739692
1979,739724
2092,739756
2224,739788
2075,739820
1755,739852
1162,739884
1370,739916
703,739948
894,739980
637,740012
36,740044
171,740076
271,740108
201,740140
472,740172
612,740204
922,740236
1054,740268
1338,740300
1981,740332
1804,740364
1851,740396
1994,740428
1384,740460
1197,740492
1291,740524
743,740556
863,740588
297,740620
397,740652
135,740684
411,740716
614,740748
841,740780
686,740812
1303,740844
1486,740876
1757,740908
1959,740940
1808,740972
2121,741004
1502,741036
1306,741068
1049,741100
845,741132
667,741164
396,741196
215,741228
0,741260
0,741292
109,741324
266,741356
1001,741388
1215,741420
1369,741452
1657,741484
1850,741516
1707,741548
2315,741580
2091,741612
1526,741644
1612,741676
1386,741708
1263,741740
888,741772
665,741804
509,741836
190,741868
272,741900
476,741932
320,741964
604,741996
1132,742028
1053,742060
1323,742092
1831,742124
1786,742156
2218,742188
1624,742220
1485,742252
1162,742284
988,742316
1160,742348
536,742380
345,742412
428,742444
0,742476
24,742508
247,742540
473,742572
1052,742604
840,742636
1502,742668
1720,742700
1530,742732
2176,742764
2176,742796
1981,742828
1709,742860
1104,742892
1243,742924
651,742956
425,742988
191,743020
0,743052
0,743084
0,743116
235,743148
505,743180
687,743212
966,743244
1114,743276
1428,743308
2103,743340
2251,743372
2232,743404
1959,743436
1303,743468
1483,743500
1248,743532
665,743564
795,743596
523,743628
407,743660
185,743692
392,743724
697,743756
843,743788
726,743820
1384,743852
1168,743884
1402,743916
2042,743948
1864,743980
1739,744012
1816,744044
1271,744076
1341,744108
764,744140
632,744172
313,744204
141,744236
285,744268
0,744300
156,744332
731,744364
601,744396
872,744428
1053,744460
1323,744492
1919,744524
2080,744556
2317,744588
2046,744620
1392,744652
1578,744684
1343,744716
1114,744748
879,744780
620,744812
414,744844
153,744876
0,744908
512,744940
378,744972
634,745004
830,745036
1084,745068
1365,745100
1544,745132
1831,745164
2176,745196
1639,745228
1403,745260
1583,745292
951,745324
1149,745356
454,745388
667,745420
393,745452
0,745484
400,745516
590,745548
507,745580
1048,745612
1278,745644
1641,745676
1706,745708
1946,745740
2271,745772
2108,745804
1500,745836
1674,745868
1040,745900
874,745932
943,745964
422,745996
480,746028
266,746060
0,746092
382,746124
268,746156
585,746188
716,746220
1000,746252
1631,746284
1452,746316
1735,746348
1932,746380
1772,746412
1547,746444
1596,746476
1081,746508
1210,746540
541,746572
748,746604
488,746636
284,746668
264,746700
459,746732
719,746764
911,746796
777,746828
1370,746860
1229,746892
1465,746924
1693,746956
1852,746988
1647,747020
1387,747052
1190,747084
1305,747116
729,747148
553,747180
731,747212
103,747244
279,747276
0,747308
620,747340
811,747372
633,747404
1261,747436
1496,747468
1365,747500
1964,747532
2159,747564
2327,747596
1962,747628
1696,747660
1547,747692
1226,747724
652,747756
856,747788
203,747820
0,747852
119,747884
1,747916
590,747948
795,747980
724,748012
1241,748044
1116,748076
1437,748108
1582,748140
1866,748172
2205,748204
1562,748236
1335,748268
1464,748300
873,748332
684,748364
776,748396
231,748428
345,748460
169,748492
471,748524
668,748556
925,748588
1128,748620
1356,748652
1592,748684
1821,748716
2024,748748
2286,748780
2062,748812
1451,748844
1592,748876
988,748908
795,748940
528,748972
344,749004
156,749036
0,749068
0,749100
171,749132
394,749164
619,749196
777,749228
1079,749260
1753,749292
1484,749324
2189,749356
2313,749388
1701,749420
1835,749452
1560,749484
1005,749516
1096,749548
862,749580
749,749612
376,749644
140,749676
350,749708
496,749740
383,749772
990,749804
832,749836
1116,749868
1656,749900
1576,749932
2122,749964
2168,749996
1657,750028
1692,750060
1100,750092
966,750124
648,750156
475,750188
634,750220
25,750252
0,750284
382,750316
299,750348
537,750380
1035,750412
983,750444
1576,750476
1354,750508
2040,750540
2237,750572
2205,750604
1930,750636
1656,750668
1449,750700
1184,750732
591,750764
731,750796
141,750828
0,750860
268,750892
42,750924
296,750956
490,750988
748,751020
1019,751052
1198,751084
1481,751116
1632,751148
1944,751180
2203,751212
1448,751244
1703,751276
1424,751308
791,751340
959,751372
734,751404
155,751436
270,751468
250,751500
587,751532
703,751564
906,751596
1211,751628
1357,751660
1230,751692
1904,751724
1693,751756
1860,751788
2026,751820
1384,751852
1550,751884
1291,751916
760,751948
828,751980
254,752012
119,752044
0,752076
0,752108
601,752140
436,752172
663,752204
1244,752236
1111,752268
1384,752300
1948,752332
1853,752364
2265,752396
1947,752428
1787,752460
1514,752492
1321,752524
1054,752556
828,752588
592,752620
365,752652
101,752684
379,752716
573,752748
439,752780
743,752812
891,752844
1146,752876
1344,752908
1607,752940
1895,752972
1766,753004
1578,753036
1648,753068
1124,753100
891,753132
588,753164
440,753196
634,753228
0,753260
269,753292
461,753324
343,753356
921,753388
1307,753420
1019,753452
1567,753484
1804,753516
2159,753548
2234,753580
2046,753612
1897,753644
1579,753676
989,753708
1150,753740
540,753772
686,753804
430,753836
0,753868
208,753900
455,753932
413,753964
892,753996
778,754028
1097,754060
1239,754092
1514,754124
2167,754156
1910,754188
1720,754220
1816,754252
1255,754284
1023,754316
1079,754348
571,754380
698,754412
457,754444
220,754476
328,754508
588,754540
782,754572
972,754604
1241,754636
1435,754668
1292,754700
1595,754732
1754,754764
1800,754796
1560,754828
1328,754860
1129,754892
872,754924
678,754956
783,754988
220,755020
43,755052
199,755084
57,755116
711,755148
440,755180
1132,755212
1338,755244
1146,755276
1789,755308
2028,755340
1886,755372
2185,755404
1912,755436
1787,755468
1435,755500
1178,755532
1023,755564
716,755596
143,755628
332,755660
0,755692
448,755724
654,755756
490,755788
1103,755820
1305,755852
1227,755884
1768,755916
1640,755948
1964,755980
2141,756012
1500,756044
1673,756076
1036,756108
825,756140
942,756172
363,756204
183,756236
252,756268
0,756300
537,756332
413,756364
989,756396
1182,756428
1449,756460
1648,756492
1884,756524
2120,756556
2272,756588
1999,756620
1418,756652
1529,756684
935,756716
1071,756748
480,756780
282,756812
24,756844
0,756876
16,756908
176,756940
455,756972
683,757004
905,757036
1132,757068
1292,757100
1595,757132
2281,757164
1821,757196
2059,757228
1775,757260
1488,757292
1307,757324
1038,757356
491,757388
574,757420
349,757452
229,757484
330,757516
569,757548
863,757580
1008,757612
1309,757644
1515,757676
1352,757708
1638,757740
2186,757772
1786,757804
1868,757836
1640,757868
1143,757900
909,757932
592,757964
457,757996
140,758028
0,758060
238,758092
93,758124
361,758156
896,758188
823,758220
1039,758252
1271,758284
1499,758316
2106,758348
1880,758380
2142,758412
1868,758444
1664,758476
1400,758508
1131,758540
567,758572
668,758604
80,758636
206,758668
0,758700
104,758732
318,758764
553,758796
808,758828
1002,758860
1258,758892
1533,758924
1720,758956
1928,758988
1616,759020
1463,759052
1672,759084
926,759116
1176,759148
907,759180
665,759212
443,759244
214,759276
16,759308
574,759340
766,759372
1110,759404
1224,759436
1421,759468
1737,759500
1884,759532
1755,759564
2250,759596
1561,759628
1333,759660
1498,759692
874,759724
1033,759756
768,759788
250,759820
58,759852
0,759884
75,759916
220,759948
492,759980
1111,760012
940,760044
1176,760076
1774,760108
1630,760140
1912,760172
1786,760204
1595,760236
1727,760268
1419,760300
1259,760332
990,760364
794,760396
538,760428
312,760460
0,760492
443,760524
632,760556
895,760588
1087,760620
952,760652
1536,760684
1405,760716
1672,760748
1868,760780
1706,760812
1525,760844
1242,760876
1062,760908
1130,760940
604,760972
379,761004
78,761036
0,761068
350,761100
509,761132
797,761164
985,761196
855,761228
1435,761260
1630,761292
1534,761324
2096,761356
2256,761388
2141,761420
1753,761452
1515,761484
1371,761516
1054,761548
485,761580
636,761612
26,761644
167,761676
281,761708
214,761740
475,761772
968,761804
926,761836
1417,761868
1292,761900
1613,761932
1754,761964
1851,761996
2026,762028
1382,762060
1194,762092
924,762124
743,762156
509,762188
568,762220
59,762252
170,762284
413,762316
650,762348
844,762380
679,762412
1304,762444
1496,762476
1768,762508
1960,762540
1818,762572
2112,762604
1499,762636
1274,762668
1038,762700
813,762732
617,762764
362,762796
168,762828
269,762860
0,762892
121,762924
733,762956
569,762988
1223,763020
1371,763052
1659,763084
1853,763116
1662,763148
2319,763180
2126,763212
1515,763244
1657,763276
1376,763308
1259,763340
920,763372
656,763404
507,763436
200,763468
0,763500
525,763532
331,763564
970,763596
1167,763628
1004,763660
1291,763692
1834,763724
1752,763756
2221,763788
1624,763820
1481,763852
1160,763884
984,763916
1146,763948
527,763980
311,764012
426,764044
0,764076
24,764108
567,764140
475,764172
1051,764204
925,764236
1513,764268
1712,764300
1520,764332
2176,764364
2219,764396
1980,764428
1752,764460
1471,764492
1276,764524
1005,764556
423,764588
555,764620
0,764652
0,764684
0,764716
239,764748
508,764780
688,764812
966,764844
1195,764876
1428,764908
1659,764940
2313,764972
1806,765004
2025,765036
1294,765068
1527,765100
1247,765132
665,765164
783,765196
512,765228
0,765260
188,765292
425,765324
765,765356
846,765388
1080,765420
1436,765452
1532,765484
1847,765516
2045,765548
1870,765580
1732,765612
1808,765644
1272,765676
1337,765708
1115,765740
628,765772
649,765804
87,765836
0,765868
0,765900
156,765932
764,765964
603,765996
872,766028
1420,766060
1332,766092
1563,766124
1799,766156
1949,766188
2078,766220
1390,766252
1608,766284
1338,766316
1146,766348
880,766380
617,766412
413,766444
153,766476
0,766508
512,766540
381,766572
606,766604
831,766636
1064,766668
1319,766700
1515,766732
1783,766764
1867,766796
1582,766828
1400,766860
1579,766892
940,766924
1145,766956
422,766988
665,767020
400,767052
0,767084
409,767116
638,767148
508,767180
1096,767212
1289,767244
1628,767276
1751,767308
1949,767340
2267,767372
2104,767404
1500,767436
1712,767468
1040,767500
822,767532
974,767564
364,767596
508,767628
256,767660
0,767692
384,767724
271,767756
587,767788
719,767820
1004,767852
1637,767884
1462,767916
1703,767948
2304,767980
1725,768012
1544,768044
1271,768076
1079,768108
1199,768140
911,768172
745,768204
476,768236
279,768268
268,768300
495,768332
720,768364
957,768396
1149,768428
1408,768460
1616,768492
1467,768524
2078,768556
1851,768588
1645,768620
1384,768652
1180,768684
1001,768716
730,768748
542,768780
319,768812
91,768844
0,768876
0,768908
235,768940
889,768972
644,769004
1311,769036
1499,769068
1369,769100
1967,769132
2166,769164
1867,769196
1962,769228
1728,769260
1609,769292
1227,769324
1001,769356
845,769388
540,769420
0,769452
120,769484
2,769516
590,769548
794,769580
717,769612
1245,769644
1482,769676
1447,769708
1948,769740
1816,769772
1833,769804
1500,769836
1323,769868
1498,769900
870,769932
682,769964
422,769996
221,770028
6,770060
173,770092
139,770124
714,770156
935,770188
1164,770220
1358,770252
1628,770284
1832,770316
2024,770348
2299,770380
2058,770412
1448,770444
1583,770476
985,770508
762,770540
526,770572
300,770604
107,770636
0,770668
0,770700
172,770732
359,770764
632,770796
1255,770828
1079,770860
1753,770892
1465,770924
2190,770956
2301,770988
1651,771020
1823,771052
1595,771084
1001,771116
1128,771148
860,771180
591,771212
398,771244
138,771276
359,771308
504,771340
394,771372
1038,771404
840,771436
1485,771468
1692,771500
1516,771532
2158,771564
2160,771596
1611,771628
1689,771660
1100,771692
967,771724
648,771756
475,771788
631,771820
20,771852
0,771884
394,771916
266,771948
536,771980
1079,772012
985,772044
1577,772076
1449,772108
2041,772140
2240,772172
2197,772204
1920,772236
1692,772268
1450,772300
1225,772332
956,772364
762,772396
494,772428
0,772460
169,772492
46,772524
300,772556
491,772588
748,772620
1020,772652
1200,772684
1479,772716
1719,772748
1948,772780
1752,772812
1439,772844
1287,772876
1487,772908
783,772940
1004,772972
731,773004
152,773036
267,773068
254,773100
476,773132
712,773164
941,773196
1289,773228
1368,773260
1597,773292
1915,773324
2064,773356
2294,773388
2024,773420
1376,773452
1208,773484
1290,773516
750,773548
826,773580
604,773612
109,773644
134,773676
0,773708
249,773740
388,773772
666,773804
1290,773836
1114,773868
1387,773900
1952,773932
1853,773964
1895,773996
1643,774028
1417,774060
1549,774092
875,774124
1084,774156
826,774188
621,774220
364,774252
104,774284
383,774316
576,774348
442,774380
1024,774412
891,774444
1126,774476
1354,774508
1582,774540
1840,774572
1726,774604
1527,774636
1342,774668
1064,774700
889,774732
1063,774764
436,774796
630,774828
0,774860
275,774892
461,774924
307,774956
923,774988
1160,775020
1338,775052
1614,775084
1817,775116
2165,775148
2280,775180
2045,775212
1887,775244
1568,775276
987,775308
1194,775340
527,775372
312,775404
460,775436
0,775468
249,775500
448,775532
379,775564
907,775596
782,775628
1098,775660
1693,775692
1516,775724
2173,775756
1898,775788
1673,775820
1806,775852
1207,775884
1019,775916
748,775948
567,775980
685,776012
382,776044
215,776076
330,776108
599,776140
792,776172
1016,776204
1244,776236
1472,776268
1664,776300
1946,776332
2143,776364
1789,776396
1933,776428
1326,776460
1128,776492
862,776524
666,776556
487,776588
220,776620
40,776652
0,776684
59,776716
285,776748
443,776780
747,776812
1403,776844
1148,776876
1847,776908
2029,776940
2217,776972
2175,777004
1902,777036
1341,777068
1434,777100
1210,777132
1087,777164
703,777196
492,777228
331,777260
164,777292
62,777324
654,777356
496,777388
1112,777420
1310,777452
1317,777484
1769,777516
2012,777548
1975,777580
1773,777612
1446,777644
1305,777676
983,777708
810,777740
974,777772
358,777804
169,777836
0,777868
0,777900
199,777932
699,777964
653,777996
1228,778028
1453,778060
1690,778092
1888,778124
2158,778156
2272,778188
1996,778220
1801,778252
1529,778284
924,778316
1065,778348
473,778380
252,778412
23,778444
0,778476
0,778508
155,778540
420,778572
683,778604
858,778636
1142,778668
1783,778700
1605,778732
2281,778764
1798,778796
2055,778828
1773,778860
1518,778892
1295,778924
1071,778956
489,778988
608,779020
348,779052
235,779084
366,779116
569,779148
875,779180
1018,779212
894,779244
1564,779276
1353,779308
2016,779340
2223,779372
1735,779404
1898,779436
1630,779468
1095,779500
904,779532
587,779564
455,779596
140,779628
0,779660
249,779692
102,779724
329,779756
908,779788
778,779820
1047,779852
1597,779884
1499,779916
2105,779948
1977,779980
2137,780012
1864,780044
1659,780076
1392,780108
1162,780140
560,780172
703,780204
441,780236
246,780268
235,780300
106,780332
688,780364
558,780396
810,780428
1003,780460
1261,780492
1543,780524
1721,780556
1927,780588
1691,780620
1452,780652
1227,780684
924,780716
775,780748
973,780780
665,780812
480,780844
203,780876
16,780908
575,780940
776,780972
685,781004
1226,781036
1456,781068
1816,781100
1896,781132
2128,781164
2240,781196
1920,781228
1757,781260
1488,781292
862,781324
705,781356
768,781388
247,781420
55,781452
97,781484
74,781516
560,781548
444,781580
763,781612
892,781644
1178,781676
1817,781708
1639,781740
1915,781772
2159,781804
1594,781836
1367,781868
1417,781900
905,781932
1024,781964
364,781996
568,782028
302,782060
0,782092
444,782124
638,782156
895,782188
1087,782220
956,782252
1548,782284
1407,782316
1642,782348
1871,782380
1674,782412
1466,782444
1210,782476
1003,782508
826,782540
554,782572
377,782604
79,782636
0,782668
364,782700
511,782732
795,782764
987,782796
809,782828
1447,782860
1678,782892
1544,782924
2143,782956
2252,782988
2139,783020
1775,783052
1519,783084
1360,783116
1051,783148
488,783180
672,783212
26,783244
0,783276
316,783308
168,783340
443,783372
968,783404
891,783436
1420,783468
1292,783500
1623,783532
1758,783564
1848,783596
2021,783628
1372,783660
1151,783692
1280,783724
695,783756
507,783788
248,783820
57,783852
175,783884
351,783916
651,783948
848,783980
680,784012
1306,784044
1532,784076
1770,784108
2009,784140
2202,784172
2152,784204
1880,784236
1274,784268
1403,784300
810,784332
616,784364
359,784396
164,784428
0,784460
0,784492
122,784524
636,784556
580,784588
797,784620
1421,784652
1255,784684
1933,784716
1672,784748
2377,784780
2123,784812
1513,784844
1647,784876
1374,784908
827,784940
909,784972
684,785004
570,785036
191,785068
223,785100
527,785132
680,785164
558,785196
1178,785228
1005,785260
1292,785292
1836,785324
1754,785356
2217,785388
1982,785420
1479,785452
1511,785484
932,785516
793,785548
471,785580
300,785612
454,785644
0,785676
28,785708
220,785740
473,785772
713,785804
1212,785836
1161,785868
1754,785900
1533,785932
2222,785964
2218,785996
2013,786028
1742,786060
1470,786092
1273,786124
1004,786156
412,786188
551,786220
0,786252
0,786284
0,786316
219,786348
473,786380
669,786412
921,786444
1499,786476
1381,786508
1658,786540
2315,786572
1804,786604
2013,786636
1263,786668
1515,786700
1245,786732
615,786764
783,786796
556,786828
0,786860
233,786892
427,786924
779,786956
887,786988
1083,787020
1389,787052
1536,787084
1408,787116
2094,787148
1872,787180
1674,787212
1847,787244
1210,787276
1369,787308
1112,787340
585,787372
651,787404
78,787436
0,787468
0,787500
166,787532
775,787564
616,787596
840,787628
1432,787660
1291,787692
1563,787724
2135,787756
1945,787788
2077,787820
1760,787852
1607,787884
1338,787916
1134,787948
878,787980
652,788012
422,788044
183,788076
296,788108
557,788140
750,788172
608,788204
1200,788236
1069,788268
1322,788300
1520,788332
1786,788364
1866,788396
1581,788428
1400,788460
1166,788492
939,788524
715,788556
413,788588
263,788620
461,788652
0,788684
457,788716
648,788748
511,788780
1099,788812
1290,788844
1195,788876
1752,788908
1983,788940
2347,788972
2094,789004
1870,789036
1711,789068
1391,789100
826,789132
970,789164
362,789196
184,789228
255,789260
0,789292
393,789324
623,789356
589,789388
1072,789420
954,789452
1275,789484
1872,789516
1704,789548
2346,789580
1722,789612
1531,789644
1630,789676
1079,789708
847,789740
895,789772
397,789804
520,789836
0,789868
304,789900
506,789932
766,789964
960,789996
1151,790028
1417,790060
1613,790092
1468,790124
2080,790156
1850,790188
1613,790220
1868,790252
1148,790284
952,790316
698,790348
494,790380
317,790412
43,790444
0,790476
0,790508
234,790540
887,790572
616,790604
1319,790636
1502,790668
1321,790700
1977,790732
2216,790764
1867,790796
1997,790828
1723,790860
1607,790892
1256,790924
992,790956
845,790988
537,791020
0,791052
168,791084
2,791116
221,791148
829,791180
670,791212
1278,791244
1484,791276
1412,791308
1951,791340
1817,791372
1820,791404
1496,791436
1322,791468
1486,791500
860,791532
637,791564
764,791596
184,791628
4,791660
216,791692
139,791724
713,791756
872,791788
1167,791820
1368,791852
1639,791884
1836,791916
2064,791948
2299,791980
2094,792012
1822,792044
1624,792076
1354,792108
752,792140
603,792172
300,792204
108,792236
0,792268
0,792300
180,792332
361,792364
631,792396
1150,792428
1082,792460
1318,792492
1468,792524
1781,792556
2375,792588
1642,792620
1871,792652
1595,792684
999,792716
1127,792748
860,792780
315,792812
395,792844
168,792876
426,792908
508,792940
744,792972
1040,793004
1196,793036
1070,793068
1694,793100
1527,793132
2159,793164
2157,793196
1608,793228
1688,793260
1454,793292
956,793324
988,793356
420,793388
283,793420
0,793452
0,793484
427,793516
276,793548
539,793580
1084,793612
989,793644
1225,793676
1740,793708
1686,793740
2286,793772
2197,793804
1960,793836
1688,793868
1484,793900
1216,793932
954,793964
760,793996
490,794028
0,794060
0,794092
55,794124
279,794156
495,794188
728,794220
976,794252
1179,794284
1433,794316
2016,794348
1900,794380
1751,794412
1931,794444
1288,794476
1483,794508
749,794540
1000,794572
731,794604
104,794636
265,794668
298,794700
181,794732
758,794764
942,794796
1289,794828
1402,794860
1608,794892
1919,794924
2074,794956
1849,794988
2062,795020
1376,795052
1579,795084
1312,795116
697,795148
856,795180
599,795212
72,795244
123,795276
0,795308
251,795340
829,795372
668,795404
1289,795436
1116,795468
1352,795500
1951,795532
1817,795564
1883,795596
1981,795628
1419,795660
1547,795692
957,795724
1081,795756
816,795788
619,795820
360,795852
149,795884
382,795916
621,795948
812,795980
710,796012
1263,796044
1129,796076
1728,796108
1584,796140
1848,796172
1724,796204
1519,796236
1338,796268
1064,796300
887,796332
654,796364
427,796396
203,796428
0,796460
0,796492
542,796524
302,796556
973,796588
1165,796620
1340,796652
1615,796684
1818,796716
1721,796748
2283,796780
2076,796812
1961,796844
1566,796876
1338,796908
1183,796940
878,796972
719,797004
456,797036
0,797068
0,797100
460,797132
389,797164
909,797196
1136,797228
1108,797260
1339,797292
1465,797324
1801,797356
1839,797388
1671,797420
1840,797452
1206,797484
1017,797516
1112,797548
557,797580
343,797612
108,797644
0,797676
368,797708
170,797740
826,797772
1020,797804
1279,797836
1482,797868
1677,797900
1552,797932
2144,797964
1789,797996
1932,798028
1323,798060
1096,798092
863,798124
636,798156
443,798188
185,798220
0,798252
0,798284
23,798316
303,798348
443,798380
744,798412
1403,798444
1128,798476
1848,798508
2031,798540
2256,798572
2173,798604
1947,798636
1335,798668
1469,798700
1198,798732
1083,798764
735,798796
478,798828
330,798860
167,798892
48,798924
703,798956
508,798988
732,799020
1353,799052
1180,799084
1807,799116
2014,799148
1933,799180
1773,799212
1438,799244
1302,799276
974,799308
810,799340
969,799372
349,799404
135,799436
248,799468
0,799500
203,799532
380,799564
653,799596
1239,799628
1389,799660
1693,799692
1888,799724
2167,799756
2268,799788
2040,799820
1406,799852
1564,799884
1291,799916
1099,799948
832,799980
239,800012
379,800044
0,800076
0,800108
160,800140
422,800172
692,800204
871,800236
1144,800268
1675,800300
1607,800332
1838,800364
1787,800396
1627,800428
1839,800460
1519,800492
1339,800524
1071,800556
487,800588
607,800620
344,800652
0,800684
366,800716
603,800748
943,800780
1022,800812
1262,800844
1568,800876
1723,800908
1593,800940
2232,800972
1724,801004
1896,801036
1628,801068
1094,801100
903,801132
938,801164
443,801196
476,801228
0,801260
0,801292
48,801324
332,801356
944,801388
782,801420
1051,801452
1231,801484
1502,801516
2171,801548
2271,801580
1771,801612
1900,801644
1659,801676
1422,801708
1161,801740
526,801772
704,801804
441,801836
247,801868
239,801900
106,801932
695,801964
557,801996
783,802028
1007,802060
1242,802092
1497,802124
1704,802156
1869,802188
1993,802220
1400,802252
1225,802284
1389,802316
765,802348
967,802380
665,802412
476,802444
205,802476
0,802508
587,802540
821,802572
696,802604
1274,802636
1466,802668
1815,802700
1931,802732
2137,802764
2240,802796
1918,802828
1322,802860
1534,802892
864,802924
1056,802956
797,802988
186,803020
22,803052
105,803084
55,803116
569,803148
447,803180
766,803212
1351,803244
1182,803276
1821,803308
1642,803340
1879,803372
2158,803404
1547,803436
1357,803468
1451,803500
905,803532
1021,803564
455,803596
567,803628
302,803660
0,803692
444,803724
682,803756
906,803788
1133,803820
1326,803852
1595,803884
1792,803916
1646,803948
2266,803980
1672,804012
1464,804044
1199,804076
1003,804108
824,804140
555,804172
376,804204
151,804236
0,804268
0,804300
573,804332
407,804364
1065,804396
812,804428
1487,804460
1691,804492
1548,804524
2153,804556
2252,804588
1689,804620
1774,804652
1536,804684
1424,804716
1049,804748
824,804780
669,804812
362,804844
187,804876
318,804908
169,804940
451,804972
972,805004
902,805036
1408,805068
1664,805100
1627,805132
2128,805164
1786,805196
1653,805228
1320,805260
1148,805292
1312,805324
692,805356
507,805388
590,805420
55,805452
0,805484
87,805516
315,805548
890,805580
672,805612
1342,805644
1546,805676
1818,805708
2012,805740
2205,805772
2144,805804
1872,805836
1264,805868
1403,805900
810,805932
584,805964
349,805996
134,806028
0,806060
0,806092
80,806124
347,806156
525,806188
807,806220
1435,806252
1258,806284
1933,806316
1646,806348
2379,806380
2123,806412
1465,806444
1643,806476
1418,806508
825,806540
953,806572
683,806604
567,806636
219,806668
237,806700
528,806732
685,806764
567,806796
1224,806828
1007,806860
1241,806892
1872,806924
1704,806956
2247,806988
1980,807020
1431,807052
1503,807084
924,807116
792,807148
464,807180
298,807212
445,807244
0,807276
0,807308
574,807340
443,807372
711,807404
896,807436
1161,807468
1769,807500
1914,807532
2223,807564
2216,807596
2009,807628
1742,807660
1501,807692
1274,807724
1039,807756
778,807788
586,807820
316,807852
0,807884
351,807916
220,807948
475,807980
669,808012
933,808044
1207,808076
1384,808108
1670,808140
1899,808172
1802,808204
1565,808236
1260,808268
1103,808300
1308,808332
614,808364
827,808396
553,808428
0,808460
235,808492
430,808524
350,808556
888,808588
1117,808620
1466,808652
1536,808684
1784,808716
2105,808748
2251,808780
1672,808812
1836,808844
1199,808876
1366,808908
1114,808940
582,808972
638,809004
426,809036
0,809068
231,809100
109,809132
427,809164
560,809196
842,809228
1465,809260
1292,809292
1565,809324
1757,809356
1943,809388
1709,809420
1758,809452
1243,809484
1372,809516
1133,809548
906,809580
648,809612
446,809644
172,809676
301,809708
559,809740
761,809772
622,809804
1209,809836
1072,809868
1304,809900
1530,809932
1769,809964
1807,809996
1548,810028
1350,810060
1173,810092
888,810124
714,810156
878,810188
262,810220
446,810252
0,810284
459,810316
651,810348
473,810380
1099,810412
1339,810444
1204,810476
1802,810508
1996,810540
2188,810572
2125,810604
1864,810636
1709,810668
1390,810700
812,810732
1016,810764
360,810796
540,810828
284,810860
0,810892
429,810924
634,810956
556,810988
1083,811020
958,811052
1276,811084
1416,811116
1706,811148
2349,811180
1723,811212
1495,811244
1628,811276
1032,811308
843,811340
928,811372
393,811404
507,811436
0,811468
311,811500
508,811532
767,811564
970,811596
1195,811628
1421,811660
1660,811692
1855,811724
2127,811756
2224,811788
1613,811820
1756,811852
1150,811884
951,811916
695,811948
494,811980
312,812012
43,812044
0,812076
20,812108
235,812140
462,812172
618,812204
919,812236
1578,812268
1326,812300
2029,812332
2219,812364
1864,812396
1993,812428
1723,812460
1479,812492
1246,812524
1021,812556
911,812588
537,812620
303,812652
173,812684
336,812716
637,812748
840,812780
677,812812
962,812844
1488,812876
1414,812908
1960,812940
2200,812972
1820,813004
1854,813036
1260,813068
1129,813100
807,813132
633,813164
796,813196
172,813228
8,813260
232,813292
151,813324
377,813356
600,813388
829,813420
1405,813452
1194,813484
1872,813516
2076,813548
2224,813580
2092,813612
1818,813644
1615,813676
1343,813708
750,813740
888,813772
297,813804
76,813836
0,813868
0,813900
140,813932
330,813964
586,813996
858,814028
1037,814060
1319,814092
1963,814124
1784,814156
2366,814188
1609,814220
1869,814252
1593,814284
947,814316
1127,814348
896,814380
617,814412
430,814444
155,814476
427,814508
543,814540
748,814572
1051,814604
1197,814636
1071,814668
1750,814700
1529,814732
1768,814764
2191,814796
1548,814828
1710,814860
1454,814892
919,814924
985,814956
413,814988
279,815020
393,815052
0,815084
429,815116
278,815148
505,815180
1086,815212
952,815244
1223,815276
1416,815308
1689,815340
2295,815372
2111,815404
1949,815436
1688,815468
1481,815500
1216,815532
985,815564
752,815596
525,815628
263,815660
216,815692
411,815724
283,815756
863,815788
732,815820
986,815852
1182,815884
1448,815916
1724,815948
1912,815980
1749,816012
1511,816044
1276,816076
1051,816108
748,816140
600,816172
797,816204
103,816236
301,816268
303,816300
480,816332
761,816364
944,816396
859,816428
1405,816460
1644,816492
1995,816524
2076,816556
2216,816588
2059,816620
1738,816652
1150,816684
1310,816716
688,816748
845,816780
591,816812
72,816844
108,816876
295,816908
264,816940
495,816972
622,817004
937,817036
1070,817068
1356,817100
1996,817132
1820,817164
1881,817196
1608,817228
1415,817260
1183,817292
1240,817324
729,817356
856,817388
617,817420
382,817452
152,817484
424,817516
620,817548
815,817580
1082,817612
1273,817644
1133,817676
1736,817708
1596,817740
1822,817772
1724,817804
1497,817836
1289,817868
1034,817900
838,817932
658,817964
378,817996
210,818028
363,818060
0,818092
542,818124
280,818156
982,818188
1164,818220
1376,818252
1627,818284
1866,818316
1726,818348
2332,818380
2072,818412
1949,818444
1598,818476
1339,818508
1181,818540
874,818572
300,818604
494,818636
0,818668
288,818700
494,818732
342,818764
942,818796
1148,818828
1067,818860
1337,818892
1471,818924
1802,818956
1839,818988
1674,819020
1837,819052
1194,819084
972,819116
1104,819148
511,819180
344,819212
414,819244
0,819276
367,819308
265,819340
829,819372
1023,819404
1289,819436
1486,819468
1725,819500
1562,819532
2190,819564
2170,819596
1967,819628
1693,819660
1088,819692
1228,819724
635,819756
442,819788
188,819820
0,819852
0,819884
27,819916
296,819948
523,819980
755,820012
973,820044
1130,820076
1433,820108
2121,820140
2267,820172
2221,820204
1943,820236
1336,820268
1467,820300
1196,820332
653,820364
733,820396
496,820428
392,820460
171,820492
408,820524
712,820556
859,820588
1149,820620
1358,820652
1195,820684
1476,820716
2016,820748
1932,820780
1767,820812
1805,820844
1293,820876
1326,820908
750,820940
617,820972
299,821004
123,821036
270,821068
0,821100
204,821132
746,821164
651,821196
889,821228
1111,821260
1337,821292
1934,821324
1711,821356
2304,821388
2028,821420
1384,821452
1562,821484
1290,821516
1097,821548
827,821580
237,821612
368,821644
0,821676
0,821708
168,821740
394,821772
649,821804
844,821836
1099,821868
1373,821900
1561,821932
1846,821964
1784,821996
1622,822028
1835,822060
1513,822092
1339,822124
1067,822156
440,822188
604,822220
379,822252
0,822284
416,822316
607,822348
942,822380
1064,822412
1262,822444
1577,822476
1724,822508
1595,822540
2281,822572
1722,822604
1486,822636
1660,822668
1034,822700
861,822732
928,822764
408,822796
473,822828
0,822860
0,822892
57,822924
332,822956
943,822988
791,823020
1015,823052
1610,823084
1465,823116
1751,823148
1943,823180
1757,823212
1897,823244
1583,823276
1417,823308
1152,823340
524,823372
698,823404
474,823436
234,823468
280,823500
461,823532
734,823564
926,823596
793,823628
1384,823660
1246,823692
1502,823724
1708,823756
1867,823788
1687,823820
1390,823852
1213,823884
1280,823916
761,823948
540,823980
704,824012
91,824044
265,824076
0,824108
635,824140
825,824172
698,824204
1277,824236
1467,824268
1383,824300
1932,824332
2173,824364
2311,824396
1916,824428
1680,824460
1531,824492
1214,824524
636,824556
796,824588
186,824620
19,824652
105,824684
53,824716
572,824748
810,824780
765,824812
1257,824844
1132,824876
1453,824908
1593,824940
1894,824972
2190,825004
1544,825036
1355,825068
1082,825100
903,825132
671,825164
719,825196
218,825228
333,825260
0,825292
480,825324
685,825356
954,825388
1134,825420
1335,825452
1599,825484
1801,825516
1657,825548
2267,825580
2012,825612
1434,825644
1197,825676
972,825708
776,825740
512,825772
324,825804
430,825836
0,825868
0,825900
573,825932
408,825964
1067,825996
794,826028
1498,826060
1690,826092
1501,826124
2159,826156
2288,826188
1687,826220
1817,826252
1536,826284
1420,826316
1071,826348
815,826380
667,826412
362,826444
0,826476
362,826508
171,826540
406,826572
1016,826604
846,826636
1465,826668
1672,826700
1592,826732
2136,826764
1785,826796
1643,826828
1310,826860
1144,826892
1309,826924
684,826956
461,826988
586,827020
9,827052
0,827084
398,827116
317,827148
893,827180
1051,827212
1353,827244
1548,827276
1818,827308
2016,827340
2253,827372
2144,827404
1914,827436
1632,827468
1437,827500
1176,827532
576,827564
712,827596
127,827628
0,827660
0,827692
78,827724
359,827756
536,827788
811,827820
1035,827852
1260,827884
1495,827916
1656,827948
1963,827980
2189,828012
1456,828044
1691,828076
1415,828108
823,828140
951,828172
681,828204
141,828236
216,828268
265,828300
604,828332
687,828364
923,828396
1227,828428
1370,828460
1246,828492
1882,828524
1707,828556
1898,828588
1977,828620
1422,828652
1488,828684
1275,828716
791,828748
811,828780
238,828812
105,828844
0,828876
6,828908
607,828940
453,828972
716,829004
1259,829036
1175,829068
1401,829100
1919,829132
1869,829164
2250,829196
1560,829228
1772,829260
1502,829292
1304,829324
1038,829356
766,829388
575,829420
314,829452
0,829484
360,829516
224,829548
455,829580
1148,829612
906,829644
1160,829676
1368,829708
1623,829740
1910,829772
1740,829804
1564,829836
1260,829868
1098,829900
1307,829932
574,829964
823,829996
552,830028
0,830060
239,830092
476,830124
359,830156
928,830188
1129,830220
1465,830252
1581,830284
1790,830316
2107,830348
2255,830380
1662,830412
1882,830444
1198,830476
974,830508
1134,830540
520,830572
668,830604
423,830636
0,830668
224,830700
122,830732
427,830764
572,830796
856,830828
1469,830860
1293,830892
1534,830924
2142,830956
1895,830988
1705,831020
1792,831052
1241,831084
1367,831116
1065,831148
903,831180
639,831212
446,831244
168,831276
344,831308
572,831340
800,831372
987,831404
1256,831436
1451,831468
1307,831500
1612,831532
1772,831564
1808,831596
1547,831628
1341,831660
1161,831692
878,831724
711,831756
776,831788
251,831820
28,831852
0,831884
73,831916
727,831948
478,831980
1147,832012
1339,832044
1210,832076
1806,832108
1997,832140
1902,832172
2124,832204
1887,832236
1771,832268
1385,832300
1164,832332
1005,832364
700,832396
137,832428
272,832460
0,832492
429,832524
636,832556
570,832588
1086,832620
1321,832652
1278,832684
1775,832716
1656,832748
1989,832780
1660,832812
1482,832844
1660,832876
1020,832908
843,832940
937,832972
380,833004
167,833036
203,833068
0,833100
544,833132
778,833164
1004,833196
1198,833228
1468,833260
1664,833292
1865,833324
2135,833356
2220,833388
1609,833420
1448,833452
1145,833484
919,833516
686,833548
459,833580
268,833612
8,833644
0,833676
301,833708
200,833740
471,833772
1100,833804
924,833836
1589,833868
1306,833900
2027,833932
2221,833964
1803,833996
1997,834028
1758,834060
1161,834092
1290,834124
1019,834156
907,834188
557,834220
301,834252
184,834284
346,834316
234,834348
887,834380
682,834412
1326,834444
1528,834476
1357,834508
1997,834540
2200,834572
1773,834604
1853,834636
1260,834668
1127,834700
1247,834732
635,834764
783,834796
184,834828
0,834860
224,834892
106,834924
379,834956
920,834988
827,835020
1415,835052
1289,835084
1881,835116
2076,835148
2345,835180
2090,835212
1865,835244
1614,835276
1385,835308
1104,835340
553,835372
653,835404
72,835436
192,835468
0,835500
144,835532
334,835564
590,835596
871,835628
1049,835660
1323,835692
1557,835724
1796,835756
1915,835788
1608,835820
1447,835852
1657,835884
940,835916
1165,835948
891,835980
616,836012
429,836044
154,836076
22,836108
552,836140
782,836172
1119,836204
1199,836236
1435,836268
1753,836300
1902,836332
2215,836364
2188,836396
1536,836428
1371,836460
1450,836492
908,836524
976,836556
760,836588
267,836620
45,836652
0,836684
91,836716
233,836748
508,836780
1120,836812
955,836844
1226,836876
1776,836908
1691,836940
1931,836972
1817,837004
1581,837036
1720,837068
1024,837100
1244,837132
984,837164
784,837196
526,837228
263,837260
0,837292
415,837324
295,837356
874,837388
732,837420
966,837452
1192,837484
1420,837516
1678,837548
1883,837580
1688,837612
1451,837644
1226,837676
1048,837708
744,837740
589,837772
795,837804
68,837836
299,837868
311,837900
526,837932
765,837964
992,837996
871,838028
1451,838060
1646,838092
1995,838124
2110,838156
2207,838188
2059,838220
1738,838252
1146,838284
1352,838316
685,838348
462,838380
620,838412
21,838444
148,838476
297,838508
221,838540
487,838572
624,838604
942,838636
1072,838668
1358,838700
1999,838732
1822,838764
1835,838796
1976,838828
1367,838860
1180,838892
909,838924
727,838956
845,838988
552,839020
381,839052
156,839084
429,839116
632,839148
859,839180
714,839212
1312,839244
1503,839276
1784,839308
1979,839340
1832,839372
2096,839404
1486,839436
1287,839468
1034,839500
826,839532
647,839564
378,839596
199,839628
254,839660
0,839692
125,839724
284,839756
587,839788
1241,839820
1375,839852
1675,839884
1867,839916
1726,839948
2335,839980
2073,840012
1501,840044
1596,840076
1360,840108
1244,840140
864,840172
640,840204
492,840236
185,840268
0,840300
494,840332
346,840364
954,840396
1148,840428
1070,840460
1339,840492
1850,840524
1815,840556
2203,840588
1608,840620
1469,840652
1144,840684
970,840716
1132,840748
508,840780
328,840812
68,840844
0,840876
40,840908
539,840940
491,840972
1068,841004
1291,841036
1529,841068
1726,841100
1544,841132
2200,841164
2168,841196
1965,841228
1692,841260
1086,841292
1226,841324
632,841356
411,841388
176,841420
0,841452
0,841484
7,841516
254,841548
816,841580
702,841612
984,841644
1613,841676
1432,841708
2123,841740
2269,841772
2217,841804
1935,841836
1287,841868
1465,841900
1239,841932
648,841964
776,841996
504,842028
381,842060
205,842092
409,842124
713,842156
864,842188
744,842220
1400,842252
1192,842284
1856,842316
2060,842348
1886,842380
1721,842412
1792,842444
1255,842476
1325,842508
749,842540
606,842572
299,842604
122,842636
265,842668
0,842700
171,842732
747,842764
619,842796
888,842828
1432,842860
1341,842892
1943,842924
1805,842956
2301,842988
2028,843020
1376,843052
1560,843084
1322,843116
1088,843148
862,843180
602,843212
397,843244
133,843276
0,843308
535,843340
394,843372
654,843404
854,843436
1102,843468
1383,843500
1562,843532
1849,843564
1851,843596
1624,843628
1387,843660
1565,843692
935,843724
1133,843756
432,843788
651,843820
377,843852
0,843884
415,843916
618,843948
525,843980
1067,844012
1295,844044
1645,844076
1728,844108
1964,844140
2283,844172
2087,844204
1919,844236
1656,844268
1024,844300
858,844332
927,844364
408,844396
459,844428
248,844460
0,844492
397,844524
293,844556
605,844588
742,844620
1016,844652
1648,844684
1476,844716
1753,844748
2318,844780
1756,844812
1519,844844
1289,844876
1065,844908
1194,844940
512,844972
726,845004
462,845036
264,845068
284,845100
478,845132
745,845164
937,845196
797,845228
1388,845260
1247,845292
1482,845324
1707,845356
1834,845388
1627,845420
1369,845452
1164,845484
986,845516
714,845548
535,845580
699,845612
83,845644
263,845676
0,845708
637,845740
827,845772
649,845804
1279,845836
1518,845868
1381,845900
1982,845932
2176,845964
2299,845996
1946,846028
1679,846060
1520,846092
1208,846124
634,846156
832,846188
174,846220
0,846252
147,846284
7,846316
607,846348
810,846380
730,846412
1258,846444
1136,846476
1463,846508
1596,846540
1884,846572
2187,846604
1532,846636
1307,846668
1440,846700
856,846732
666,846764
398,846796
217,846828
329,846860
189,846892
489,846924
688,846956
953,846988
1146,847020
1374,847052
1608,847084
1848,847116
2042,847148
2312,847180
2041,847212
1432,847244
1567,847276
971,847308
776,847340
510,847372
318,847404
139,847436
0,847468
0,847500
187,847532
412,847564
637,847596
792,847628
1095,847660
1769,847692
1508,847724
2217,847756
2295,847788
1685,847820
1807,847852
1534,847884
985,847916
1079,847948
846,847980
731,848012
358,848044
121,848076
376,848108
512,848140
399,848172
1016,848204
856,848236
1466,848268
1676,848300
1594,848332
2137,848364
2152,848396
1639,848428
1673,848460
1084,848492
941,848524
632,848556
458,848588
618,848620
7,848652
0,848684
60,848716
315,848748
553,848780
1052,848812
1003,848844
1596,848876
1821,848908
2060,848940
2254,848972
2183,849004
1904,849036
1631,849068
1436,849100
1167,849132
575,849164
703,849196
122,849228
0,849260
0,849292
61,849324
315,849356
505,849388
766,849420
1037,849452
1212,849484
1498,849516
2151,849548
1964,849580
2184,849612
1422,849644
1608,849676
1404,849708
766,849740
943,849772
717,849804
143,849836
250,849868
271,849900
460,849932
719,849964
923,849996
1239,850028
1374,850060
1256,850092
1931,850124
1711,850156
2271,850188
2008,850220
1369,850252
1529,850284
1264,850316
743,850348
810,850380
239,850412
103,850444
0,850476
3,850508
607,850540
454,850572
683,850604
1263,850636
1131,850668
1404,850700
1966,850732
1867,850764
2247,850796
1641,850828
1769,850860
1497,850892
1302,850924
1024,850956
808,850988
574,851020
348,851052
123,851084
396,851116
592,851148
448,851180
1040,851212
909,851244
1165,851276
1359,851308
1625,851340
1911,851372
1742,851404
1560,851436
1325,851468
1098,851500
871,851532
576,851564
423,851596
617,851628
0,851660
297,851692
479,851724
360,851756
937,851788
1130,851820
1352,851852
1582,851884
1823,851916
2187,851948
2256,851980
2027,852012
1881,852044
1552,852076
1389,852108
1132,852140
512,852172
345,852204
414,852236
0,852268
232,852300
472,852332
439,852364
921,852396
794,852428
1117,852460
1247,852492
1532,852524
2186,852556
1894,852588
1703,852620
1800,852652
1229,852684
1005,852716
777,852748
555,852780
670,852812
22,852844
200,852876
347,852908
608,852940
808,852972
991,853004
1260,853036
1452,853068
1307,853100
1919,853132
1771,853164
1775,853196
1536,853228
1310,853260
1112,853292
856,853324
653,853356
475,853388
202,853420
24,853452
231,853484
82,853516
728,853548
458,853580
1149,853612
1341,853644
1163,853676
1807,853708
2045,853740
2232,853772
2168,853804
1886,853836
1771,853868
1417,853900
1162,853932
1003,853964
698,853996
127,854028
315,854060
0,854092
74,854124
682,854156
518,854188
1129,854220
1324,854252
1243,854284
1785,854316
1660,854348
1981,854380
2125,854412
1480,854444
1657,854476
1019,854508
796,854540
924,854572
343,854604
155,854636
0,854668
0,854700
553,854732
713,854764
1005,854796
1210,854828
1469,854860
1672,854892
1902,854924
2139,854956
2256,854988
1984,855020
1786,855052
1512,855084
909,855116
1040,855148
456,855180
268,855212
8,855244
0,855276
24,855308
202,855340
485,855372
700,855404
922,855436
1150,855468
1306,855500
1611,855532
2299,855564
1803,855596
2031,855628
1757,855660
1468,855692
1288,855724
1017,855756
477,855788
557,855820
330,855852
253,855884
347,855916
585,855948
890,855980
1022,856012
910,856044
1532,856076
1360,856108
1998,856140
2205,856172
1772,856204
1850,856236
1624,856268
1114,856300
893,856332
574,856364
441,856396
122,856428
0,856460
256,856492
110,856524
376,856556
568,856588
829,856620
1065,856652
1577,856684
1517,856716
2124,856748
2349,856780
2126,856812
1852,856844
1656,856876
1374,856908
1113,856940
921,856972
652,857004
60,857036
190,857068
0,857100
132,857132
336,857164
570,857196
828,857228
1018,857260
1285,857292
1559,857324
1736,857356
1912,857388
2091,857420
1450,857452
1648,857484
908,857516
1163,857548
889,857580
640,857612
429,857644
184,857676
21,857708
592,857740
782,857772
1118,857804
1241,857836
1436,857868
1755,857900
1902,857932
1772,857964
2232,857996
1535,858028
1740,858060
1480,858092
854,858124
1006,858156
752,858188
232,858220
43,858252
0,858284
91,858316
235,858348
518,858380
1129,858412
965,858444
1195,858476
1790,858508
1655,858540
1931,858572
2143,858604
1579,858636
1709,858668
1115,858700
1241,858732
976,858764
777,858796
512,858828
285,858860
0,858892
459,858924
652,858956
910,858988
1101,859020
968,859052
1565,859084
1432,859116
1688,859148
1896,859180
1680,859212
1498,859244
1212,859276
1044,859308
813,859340
586,859372
363,859404
62,859436
0,859468
383,859500
527,859532
813,859564
1000,859596
873,859628
1455,859660
1657,859692
1560,859724
2119,859756
2240,859788
2121,859820
1726,859852
1498,859884
1343,859916
1037,859948
875,859980
618,860012
20,860044
0,860076
297,860108
232,860140
491,860172
975,860204
951,860236
1436,860268
1306,860300
1641,860332
1769,860364
1830,860396
2010,860428
1366,860460
1177,860492
1262,860524
717,860556
493,860588
266,860620
41,860652
198,860684
20,860716
666,860748
860,860780
686,860812
1320,860844
1515,860876
1785,860908
1981,860940
1837,860972
2104,861004
1484,861036
1257,861068
1019,861100
794,861132
601,861164
344,861196
142,861228
0,861260
0,861292
133,861324
287,861356
587,861388
1239,861420
1389,861452
1677,861484
1879,861516
1687,861548
2345,861580
2108,861612
1499,861644
1632,861676
1388,861708
1243,861740
895,861772
638,861804
489,861836
183,861868
0,861900
541,861932
349,861964
582,861996
1184,862028
1028,862060
1307,862092
1855,862124
1769,862156
2192,862188
1607,862220
1464,862252
1135,862284
968,862316
1129,862348
507,862380
285,862412
410,862444
0,862476
41,862508
222,862540
491,862572
1069,862604
1227,862636
1545,862668
1726,862700
1549,862732
2202,862764
2204,862796
1962,862828
1712,862860
1451,862892
1258,862924
990,862956
398,862988
537,863020
0,863052
0,863084
7,863116
263,863148
535,863180
712,863212
984,863244
1512,863276
1438,863308
1675,863340
2329,863372
1787,863404
1999,863436
1276,863468
1503,863500
1231,863532
649,863564
767,863596
503,863628
0,863660
216,863692
443,863724
783,863756
862,863788
1098,863820
1404,863852
1560,863884
1420,863916
2062,863948
1896,863980
1710,864012
1790,864044
1244,864076
1321,864108
1097,864140
615,864172
635,864204
70,864236
0,864268
0,864300
172,864332
783,864364
628,864396
890,864428
1081,864460
1351,864492
1581,864524
2108,864556
1929,864588
2061,864620
1375,864652
1590,864684
1322,864716
1130,864748
860,864780
590,864812
397,864844
121,864876
0,864908
538,864940
398,864972
634,865004
846,865036
1080,865068
1338,865100
1535,865132
1800,865164
2156,865196
1564,865228
1386,865260
1563,865292
924,865324
1127,865356
398,865388
637,865420
367,865452
0,865484
425,865516
666,865548
537,865580
1114,865612
1306,865644
1645,865676
1759,865708
1967,865740
2287,865772
2080,865804
1483,865836
1694,865868
1020,865900
806,865932
958,865964
348,865996
495,866028
237,866060
0,866092
410,866124
293,866156
606,866188
745,866220
1020,866252
1647,866284
1480,866316
1719,866348
2319,866380
1706,866412
1517,866444
1611,866476
1063,866508
1183,866540
877,866572
727,866604
460,866636
253,866668
286,866700
512,866732
746,866764
974,866796
1167,866828
1432,866860
1629,866892
1484,866924
2094,866956
1836,866988
1624,867020
1359,867052
1166,867084
983,867116
714,867148
535,867180
301,867212
83,867244
0,867276
0,867308
249,867340
907,867372
654,867404
1335,867436
1519,867468
1383,867500
1993,867532
2185,867564
1851,867596
1936,867628
1709,867660
1595,867692
1209,867724
976,867756
830,867788
523,867820
0,867852
151,867884
11,867916
296,867948
812,867980
744,868012
1261,868044
1501,868076
1464,868108
1967,868140
1836,868172
1815,868204
1480,868236
1306,868268
1480,868300
846,868332
664,868364
752,868396
215,868428
0,868460
192,868492
153,868524
730,868556
512,868588
1184,868620
1376,868652
1648,868684
1850,868716
2046,868748
2314,868780
2042,868812
1424,868844
1564,868876
968,868908
743,868940
987,868972
292,869004
92,869036
0,869068
0,869100
190,869132
362,869164
648,869196
798,869228
1099,869260
1771,869292
1482,869324
2215,869356
2285,869388
1625,869420
1805,869452
1579,869484
984,869516
1113,869548
844,869580
717,869612
378,869644
109,869676
379,869708
523,869740
411,869772
1056,869804
857,869836
1090,869868
1711,869900
1546,869932
2184,869964
2141,869996
1595,870028
1664,870060
1081,870092
941,870124
622,870156
456,870188
607,870220
3,870252
0,870284
410,870316
283,870348
557,870380
1096,870412
1003,870444
1595,870476
1754,870508
2063,870540
2264,870572
2173,870604
1902,870636
1672,870668
1434,870700
1198,870732
939,870764
736,870796
474,870828
0,870860
0,870892
64,870924
325,870956
509,870988
776,871020
1047,871052
1224,871084
1498,871116
2040,871148
1964,871180
1737,871212
1421,871244
1262,871276
1469,871308
774,871340
987,871372
715,871404
136,871436
249,871468
270,871500
200,871532
732,871564
958,871596
1305,871628
1376,871660
1624,871692
1933,871724
2088,871756
1832,871788
2011,871820
1359,871852
1529,871884
1264,871916
732,871948
808,871980
589,872012
91,872044
103,872076
0,872108
271,872140
400,872172
684,872204
1306,872236
1133,872268
1404,872300
1966,872332
1871,872364
1871,872396
1929,872428
1401,872460
1531,872492
1293,872524
1066,872556
800,872588
606,872620
346,872652
133,872684
399,872716
602,872748
459,872780
761,872812
910,872844
1145,872876
1360,872908
1608,872940
1864,872972
1709,873004
1509,873036
1628,873068
1049,873100
870,873132
1037,873164
412,873196
607,873228
0,873260
299,873292
489,873324
327,873356
939,873388
1176,873420
1044,873452
1632,873484
1824,873516
2187,873548
2298,873580
2026,873612
1871,873644
1550,873676
969,873708
1036,873740
509,873772
702,873804
442,873836
0,873868
268,873900
464,873932
405,873964
922,873996
807,874028
1116,874060
1719,874092
1544,874124
2185,874156
1885,874188
1656,874220
1791,874252
1191,874284
999,874316
1087,874348
541,874380
667,874412
93,874444
195,874476
348,874508
605,874540
808,874572
1024,874604
1261,874636
1488,874668
1691,874700
1575,874732
2159,874764
1773,874796
1913,874828
1307,874860
1104,874892
846,874924
650,874956
473,874988
202,875020
21,875052
0,875084
82,875116
311,875148
459,875180
761,875212
1419,875244
1166,875276
1863,875308
2048,875340
2234,875372
2159,875404
1883,875436
1323,875468
1408,875500
1182,875532
1071,875564
695,875596
464,875628
313,875660
175,875692
475,875724
672,875756
512,875788
796,875820
1323,875852
1256,875884
1789,875916
2030,875948
1981,875980
1755,876012
1422,876044
1287,876076
959,876108
794,876140
956,876172
331,876204
153,876236
234,876268
0,876300
217,876332
441,876364
669,876396
1254,876428
1038,876460
1710,876492
1912,876524
2176,876556
2262,876588
1979,876620
1388,876652
1504,876684
906,876716
1040,876748
446,876780
232,876812
6,876844
0,876876
0,876908
174,876940
429,876972
711,877004
877,877036
1160,877068
1310,877100
1622,877132
2301,877164
1770,877196
2027,877228
1753,877260
1502,877292
1279,877324
1055,877356
472,877388
598,877420
331,877452
253,877484
382,877516
587,877548
891,877580
1040,877612
921,877644
1582,877676
1370,877708
1607,877740
2247,877772
1708,877804
1872,877836
1612,877868
1079,877900
888,877932
570,877964
442,877996
122,878028
0,878060
269,878092
120,878124
347,878156
926,878188
793,878220
1067,878252
1255,878284
1527,878316
2125,878348
2280,878380
2119,878412
1848,878444
1644,878476
1372,878508
1146,878540
548,878572
685,878604
425,878636
221,878668
264,878700
121,878732
712,878764
574,878796
827,878828
1022,878860
1279,878892
1563,878924
1740,878956
1912,878988
1978,879020
1435,879052
1212,879084
910,879116
758,879148
955,879180
647,879212
463,879244
185,879276
27,879308
603,879340
792,879372
709,879404
1246,879436
1480,879468
1833,879500
1914,879532
2144,879564
2223,879596
1910,879628
1306,879660
1472,879692
846,879724
1005,879756
748,879788
220,879820
40,879852
122,879884
93,879916
585,879948
462,879980
781,880012
910,880044
1196,880076
1835,880108
1656,880140
1931,880172
1766,880204
1575,880236
1351,880268
1399,880300
889,880332
1006,880364
777,880396
550,880428
286,880460
0,880492
462,880524
655,880556
921,880588
1114,880620
971,880652
1568,880684
1424,880716
1661,880748
1888,880780
1656,880812
1448,880844
1194,880876
995,880908
1102,880940
537,880972
359,881004
523,881036
0,881068
381,881100
539,881132
823,881164
1003,881196
826,881228
1463,881260
1704,881292
1561,881324
2170,881356
2237,881388
2119,881420
1759,881452
1498,881484
1341,881516
1024,881548
463,881580
654,881612
9,881644
170,881676
333,881708
184,881740
456,881772
987,881804
907,881836
1439,881868
1316,881900
1639,881932
1774,881964
1830,881996
1997,882028
1356,882060
1133,882092
1262,882124
670,882156
489,882188
573,882220
30,882252
205,882284
103,882316
669,882348
862,882380
697,882412
1324,882444
1552,882476
1790,882508
2027,882540
2221,882572
2137,882604
1855,882636
1247,882668
1390,882700
797,882732
592,882764
336,882796
142,882828
0,882860
0,882892
149,882924
363,882956
587,882988
813,883020
1451,883052
1271,883084
1949,883116
1690,883148
2393,883180
2120,883212
1496,883244
1631,883276
1356,883308
811,883340
892,883372
667,883404
552,883436
174,883468
248,883500
542,883532
699,883564
991,883596
1195,883628
1024,883660
1310,883692
1854,883724
1774,883756
2200,883788
1964,883820
1463,883852
1486,883884
908,883916
774,883948
457,883980
282,884012
432,884044
0,884076
43,884108
586,884140
493,884172
727,884204
953,884236
1181,884268
1774,884300
1551,884332
2239,884364
2200,884396
1998,884428
1724,884460
1454,884492
1258,884524
989,884556
397,884588
535,884620
0,884652
0,884684
9,884716
235,884748
488,884780
685,884812
939,884844
1213,884876
1390,884908
1686,884940
2333,884972
1786,885004
1997,885036
1246,885068
1499,885100
1227,885132
599,885164
767,885196
542,885228
0,885260
252,885292
446,885324
793,885356
902,885388
1101,885420
1406,885452
1562,885484
1433,885516
2112,885548
1886,885580
1657,885612
1822,885644
1182,885676
1352,885708
1087,885740
957,885772
632,885804
62,885836
0,885868
0,885900
184,885932
793,885964
632,885996
859,886028
1448,886060
1307,886092
1591,886124
1773,886156
1927,886188
2061,886220
1752,886252
1582,886284
1310,886316
1118,886348
858,886380
634,886412
394,886444
153,886476
312,886508
575,886540
768,886572
648,886604
1215,886636
1085,886668
1340,886700
1536,886732
1804,886764
1850,886796
1562,886828
1373,886860
1148,886892
934,886924
699,886956
394,886988
247,887020
439,887052
0,887084
475,887116
666,887148
537,887180
1117,887212
1307,887244
1223,887276
1770,887308
2010,887340
2361,887372
2076,887404
1851,887436
1691,887468
1374,887500
798,887532
954,887564
344,887596
496,887628
234,887660
0,887692
399,887724
651,887756
615,887788
1099,887820
972,887852
1293,887884
1421,887916
1721,887948
2360,887980
1704,888012
1513,888044
1244,888076
1053,888108
831,888140
878,888172
377,888204
492,888236
253,888268
320,888300
512,888332
784,888364
984,888396
1176,888428
1433,888460
1632,888492
1488,888524
2103,888556
1823,888588
1595,888620
1358,888652
1142,888684
937,888716
680,888748
484,888780
299,888812
26,888844
0,888876
413,888908
258,888940
907,888972
634,889004
1336,889036
1533,889068
1342,889100
1993,889132
2234,889164
1847,889196
1980,889228
1706,889260
1434,889292
1229,889324
974,889356
827,889388
512,889420
0,889452
199,889484
22,889516
650,889548
846,889580
696,889612
1296,889644
1504,889676
1420,889708
1968,889740
1838,889772
1805,889804
1479,889836
1304,889868
1470,889900
840,889932
619,889964
748,889996
158,890028
0,890060
238,890092
157,890124
733,890156
615,890188
1181,890220
1376,890252
1657,890284
1852,890316
2090,890348
2312,890380
2064,890412
1801,890444
1600,890476
1327,890508
743,890540
872,890572
283,890604
90,890636
0,890668
0,890700
201,890732
377,890764
650,890796
877,890828
1108,890860
1335,890892
1486,890924
1800,890956
2351,890988
1624,891020
1853,891052
1577,891084
980,891116
1103,891148
840,891180
600,891212
378,891244
137,891276
443,891308
528,891340
762,891372
1067,891404
1213,891436
1513,891468
1719,891500
1536,891532
1836,891564
2142,891596
1592,891628
1661,891660
1436,891692
939,891724
972,891756
398,891788
265,891820
0,891852
0,891884
444,891916
294,891948
555,891980
1101,892012
1016,892044
1241,892076
1465,892108
1703,892140
2312,892172
1721,892204
1934,892236
1662,892268
1468,892300
1196,892332
937,892364
735,892396
474,892428
0,892460
192,892492
72,892524
300,892556
511,892588
748,892620
1001,892652
1200,892684
1454,892716
1739,892748
1912,892780
1725,892812
1911,892844
1258,892876
1465,892908
732,892940
987,892972
712,893004
88,893036
238,893068
316,893100
504,893132
776,893164
968,893196
1305,893228
1422,893260
1630,893292
1943,893324
2080,893356
1832,893388
2045,893420
1356,893452
1132,893484
1302,893516
678,893548
832,893580
576,893612
57,893644
100,893676
0,893708
269,893740
847,893772
694,893804
1309,893836
1141,893868
1373,893900
1976,893932
1835,893964
1866,893996
1592,894028
1399,894060
1527,894092
1216,894124
1063,894156
798,894188
591,894220
336,894252
172,894284
407,894316
648,894348
830,894380
1097,894412
1288,894444
1147,894476
1751,894508
1609,894540
1867,894572
1709,894604
1500,894636
1319,894668
1040,894700
872,894732
637,894764
409,894796
187,894828
0,894860
0,894892
560,894924
328,894956
991,894988
1182,895020
1358,895052
1631,895084
1834,895116
1737,895148
2287,895180
2060,895212
1948,895244
1536,895276
1320,895308
1180,895340
860,895372
286,895404
442,895436
0,895468
268,895500
475,895532
408,895564
926,895596
1162,895628
1118,895660
1357,895692
1485,895724
1819,895756
1830,895788
1656,895820
1821,895852
1181,895884
999,895916
732,895948
551,895980
319,896012
364,896044
0,896076
384,896108
617,896140
844,896172
1040,896204
1306,896236
1500,896268
1695,896300
1965,896332
2167,896364
1770,896396
1913,896428
1304,896460
1080,896492
845,896524
620,896556
424,896588
170,896620
0,896652
0,896684
40,896716
313,896748
927,896780
762,896812
1419,896844
1157,896876
1867,896908
2059,896940
2270,896972
2157,897004
1927,897036
1320,897068
1452,897100
1180,897132
1067,897164
717,897196
464,897228
311,897260
185,897292
76,897324
728,897356
523,897388
1166,897420
1370,897452
1197,897484
1824,897516
2040,897548
1943,897580
1752,897612
1420,897644
1277,897676
959,897708
793,897740
953,897772
188,897804
108,897836
222,897868
0,897900
216,897932
759,897964
669,897996
1257,898028
1127,898060
1710,898092
1916,898124
2187,898156
2252,898188
2014,898220
1388,898252
1546,898284
1276,898316
1072,898348
815,898380
223,898412
352,898444
0,898476
1,898508
176,898540
440,898572
711,898604
880,898636
1162,898668
1389,898700
1623,898732
1854,898764
1758,898796
1611,898828
1821,898860
1499,898892
1324,898924
1051,898956
469,898988
591,899020
320,899052
0,899084
384,899116
620,899148
969,899180
1040,899212
1276,899244
1592,899276
1739,899308
2043,899340
2253,899372
1707,899404
1532,899436
1611,899468
1069,899500
887,899532
912,899564
428,899596
457,899628
0,899660
0,899692
73,899724
351,899756
972,899788
796,899820
1068,899852
1626,899884
1528,899916
1767,899948
1979,899980
1743,900012
1882,900044
1194,900076
1406,900108
1136,900140
508,900172
684,900204
415,900236
217,900268
253,900300
126,900332
715,900364
576,900396
807,900428
1024,900460
1260,900492
1515,900524
1723,900556
1849,900588
1671,900620
1384,900652
1207,900684
904,900716
755,900748
951,900780
637,900812
459,900844
171,900876
0,900908
603,900940
840,900972
711,901004
1290,901036
1483,901068
1835,901100
1948,901132
2155,901164
2221,901196
1901,901228
1305,901260
1514,901292
845,901324
622,901356
780,901388
182,901420
4,901452
125,901484
73,901516
584,901548
472,901580
781,901612
919,901644
1198,901676
1847,901708
1658,901740
1897,901772
2140,901804
1527,901836
1339,901868
1079,901900
887,901932
1003,901964
702,901996
543,902028
283,902060
0,902092
472,902124
698,902156
926,902188
1144,902220
1342,902252
1614,902284
1816,902316
1663,902348
2264,902380
1656,902412
1447,902444
1182,902476
987,902508
808,902540
537,902572
360,902604
413,902636
0,902668
0,902700
603,902732
423,902764
1081,902796
838,902828
1515,902860
1711,902892
1885,902924
2169,902956
2234,902988
1671,903020
1758,903052
1529,903084
1407,903116
1024,903148
800,903180
651,903212
345,903244
0,903276
344,903308
188,903340
459,903372
989,903404
910,903436
1440,903468
1680,903500
1642,903532
2152,903564
1768,903596
1625,903628
1305,903660
1128,903692
1294,903724
668,903756
488,903788
218,903820
28,903852
0,903884
377,903916
331,903948
910,903980
699,904012
1368,904044
1560,904076
1836,904108
2038,904140
2223,904172
2127,904204
1853,904236
1246,904268
1384,904300
792,904332
560,904364
334,904396
110,904428
0,904460
0,904492
103,904524
656,904556
548,904588
823,904620
1447,904652
1284,904684
1950,904716
1662,904748
2382,904780
2105,904812
1446,904844
1625,904876
1398,904908
807,904940
927,904972
670,905004
551,905036
201,905068
250,905100
556,905132
698,905164
587,905196
1241,905228
1024,905260
1262,905292
1898,905324
1722,905356
2231,905388
1965,905420
1415,905452
1483,905484
905,905516
766,905548
456,905580
283,905612
429,905644
0,905676
20,905708
591,905740
459,905772
729,905804
1263,905836
1179,905868
1773,905900
1935,905932
2249,905964
2190,905996
1991,906028
1720,906060
1484,906092
1247,906124
1021,906156
762,906188
556,906220
298,906252
0,906284
367,906316
239,906348
493,906380
686,906412
942,906444
1224,906476
1400,906508
1685,906540
1917,906572
1783,906604
1559,906636
1245,906668
1085,906700
1289,906732
588,906764
811,906796
538,906828
0,906860
263,906892
455,906924
365,906956
906,906988
1136,907020
1483,907052
1565,907084
1801,907116
2125,907148
2252,907180
1645,907212
1821,907244
1182,907276
1016,907308
1088,907340
556,907372
633,907404
400,907436
0,907468
247,907500
135,907532
445,907564
574,907596
858,907628
1484,907660
1317,907692
1592,907724
2156,907756
1927,907788
1689,907820
1741,907852
1225,907884
1344,907916
683,907948
888,907980
632,908012
424,908044
154,908076
317,908108
584,908140
777,908172
636,908204
1226,908236
1087,908268
1321,908300
2043,908332
1786,908364
1788,908396
1528,908428
1324,908460
1146,908492
870,908524
695,908556
392,908588
237,908620
427,908652
0,908684
475,908716
667,908748
491,908780
1117,908812
1354,908844
1221,908876
1817,908908
2011,908940
2365,908972
2107,909004
1839,909036
1693,909068
1371,909100
792,909132
989,909164
335,909196
108,909228
254,909260
0,909292
447,909324
652,909356
583,909388
1097,909420
975,909452
1303,909484
1435,909516
1722,909548
2350,909580
1703,909612
1468,909644
1610,909676
1004,909708
824,909740
910,909772
375,909804
398,909836
185,909868
329,909900
538,909932
791,909964
986,909996
1213,910028
1438,910060
1677,910092
1879,910124
2143,910156
2203,910188
1592,910220
1435,910252
1131,910284
926,910316
672,910348
474,910380
296,910412
25,910444
0,910476
316,910508
252,910540
479,910572
638,910604
936,910636
1599,910668
1350,910700
2045,910732
2238,910764
1847,910796
1977,910828
1706,910860
1147,910892
1229,910924
1003,910956
890,910988
510,911020
286,911052
203,911084
362,911116
240,911148
856,911180
697,911212
1304,911244
1513,911276
1434,911308
1976,911340
2220,911372
1800,911404
1835,911436
1242,911468
1113,911500
792,911532
618,911564
778,911596
156,911628
0,911660
236,911692
157,911724
393,911756
895,911788
845,911820
1430,911852
1657,911884
1896,911916
2094,911948
2348,911980
2076,912012
1800,912044
1597,912076
1326,912108
731,912140
584,912172
279,912204
48,912236
0,912268
0,912300
156,912332
348,912364
614,912396
1175,912428
1064,912460
1337,912492
1982,912524
1801,912556
2347,912588
1592,912620
1848,912652
1565,912684
934,912716
1101,912748
875,912780
306,912812
414,912844
135,912876
452,912908
566,912940
763,912972
1071,913004
1214,913036
1087,913068
1768,913100
1550,913132
2221,913164
2170,913196
1542,913228
1693,913260
1435,913292
904,913324
968,913356
396,913388
254,913420
373,913452
0,913484
445,913516
294,913548
523,913580
1104,913612
969,913644
1241,913676
1803,913708
1709,913740
2311,913772
1802,913804
1931,913836
1660,913868
1465,913900
1198,913932
971,913964
734,913996
506,914028
246,914060
0,914092
427,914124
299,914156
889,914188
750,914220
1004,914252
1200,914284
1456,914316
1748,914348
1904,914380
1725,914412
1494,914444
1256,914476
1032,914508
730,914540
583,914572
777,914604
78,914636
281,914668
320,914700
506,914732
779,914764
969,914796
879,914828
1420,914860
1661,914892
2015,914924
2092,914956
2200,914988
2041,915020
1721,915052
1561,915084
1292,915116
671,915148
505,915180
573,915212
55,915244
101,915276
312,915308
283,915340
507,915372
646,915404
957,915436
1086,915468
1374,915500
2024,915532
1836,915564
1863,915596
1962,915628
1388,915660
1165,915692
940,915724
711,915756
828,915788
171,915820
366,915852
184,915884
444,915916
640,915948
832,915980
728,916012
1292,916044
1148,916076
1756,916108
1612,916140
1838,916172
1707,916204
1470,916236
1271,916268
1008,916300
808,916332
635,916364
360,916396
183,916428
0,916460
0,916492
567,916524
296,916556
999,916588
1183,916620
1403,916652
1643,916684
1898,916716
1751,916748
2330,916780
2060,916812
1931,916844
1577,916876
1312,916908
1163,916940
859,916972
283,917004
478,917036
0,917068
0,917100
510,917132
360,917164
959,917196
1165,917228
1095,917260
1358,917292
1497,917324
1819,917356
1822,917388
1643,917420
1817,917452
1178,917484
955,917516
1086,917548
503,917580
315,917612
44,917644
0,917676
391,917708
554,917740
847,917772
1048,917804
1307,917836
1502,917868
1739,917900
1581,917932
2216,917964
2144,917996
1950,918028
1676,918060
1069,918092
1211,918124
607,918156
423,918188
160,918220
0,918252
0,918284
42,918316
315,918348
831,918380
765,918412
1000,918444
1147,918476
1451,918508
2135,918540
2285,918572
2205,918604
1919,918636
1319,918668
1449,918700
1179,918732
635,918764
715,918796
489,918828
367,918860
190,918892
425,918924
727,918956
876,918988
752,919020
1371,919052
1197,919084
1834,919116
2032,919148
1934,919180
1751,919212
1786,919244
1276,919276
1308,919308
729,919340
599,919372
280,919404
106,919436
250,919468
0,919500
221,919532
409,919564
668,919596
905,919628
1407,919660
1357,919692
1962,919724
2189,919756
2284,919788
2014,919820
1368,919852
1546,919884
1264,919916
1081,919948
812,919980
221,920012
351,920044
0,920076
0,920108
175,920140
412,920172
666,920204
860,920236
1125,920268
1696,920300
1576,920332
1865,920364
2263,920396
1605,920428
1817,920460
1497,920492
1323,920524
1049,920556
423,920588
588,920620
362,920652
0,920684
438,920716
632,920748
971,920780
1083,920812
1279,920844
1584,920876
1741,920908
1612,920940
2297,920972
1706,921004
1904,921036
1642,921068
1014,921100
839,921132
911,921164
391,921196
447,921228
0,921260
0,921292
77,921324
360,921356
967,921388
808,921420
1038,921452
1631,921484
1483,921516
1771,921548
2313,921580
1741,921612
1879,921644
1277,921676
1401,921708
1146,921740
507,921772
682,921804
454,921836
104,921868
298,921900
493,921932
749,921964
943,921996
810,922028
1404,922060
1263,922092
1515,922124
1723,922156
1840,922188
1660,922220
1382,922252
1203,922284
971,922316
746,922348
521,922380
685,922412
63,922444
237,922476
2,922508
656,922540
844,922572
713,922604
1291,922636
1486,922668
1400,922700
1952,922732
2187,922764
2287,922796
1896,922828
1661,922860
1504,922892
1196,922924
1034,922956
768,922988
169,923020
0,923052
127,923084
72,923116
589,923148
825,923180
791,923212
1274,923244
1150,923276
1469,923308
1612,923340
1900,923372
2172,923404
1517,923436
1339,923468
1434,923500
876,923532
653,923564
425,923596
201,923628
314,923660
0,923692
504,923724
700,923756
958,923788
1162,923820
1352,923852
1625,923884
1817,923916
1675,923948
2264,923980
1658,924012
1417,924044
1180,924076
954,924108
752,924140
494,924172
303,924204
124,924236
0,924268
0,924300
599,924332
435,924364
1083,924396
810,924428
1515,924460
1707,924492
1525,924524
2175,924556
2272,924588
1670,924620
1799,924652
1526,924684
1403,924716
1054,924748
798,924780
650,924812
335,924844
0,924876
380,924908
188,924940
422,924972
1023,925004
862,925036
1482,925068
1689,925100
1609,925132
2155,925164
1768,925196
1625,925228
1292,925260
1126,925292
1291,925324
667,925356
443,925388
570,925420
0,925452
0,925484
73,925516
345,925548
909,925580
1067,925612
1375,925644
1566,925676
1835,925708
2028,925740
2268,925772
2126,925804
1887,925836
1623,925868
1421,925900
1152,925932
558,925964
688,925996
108,926028
0,926060
0,926092
102,926124
376,926156
555,926188
826,926220
1053,926252
1276,926284
1513,926316
1673,926348
1959,926380
2173,926412
1436,926444
1663,926476
1389,926508
807,926540
923,926572
665,926604
121,926636
189,926668
285,926700
624,926732
704,926764
941,926796
1244,926828
1392,926860
1276,926892
1902,926924
1728,926956
2218,926988
1960,927020
1414,927052
1484,927084
1257,927116
762,927148
795,927180
230,927212
89,927244
0,927276
21,927308
620,927340
470,927372
731,927404
922,927436
1192,927468
1419,927500
1946,927532
1887,927564
2224,927596
1991,927628
1756,927660
1484,927692
1280,927724
1020,927756
760,927788
558,927820
297,927852
0,927884
377,927916
248,927948
464,927980
687,928012
925,928044
1188,928076
1374,928108
1642,928140
1927,928172
1724,928204
1545,928236
1723,928268
1083,928300
1289,928332
558,928364
796,928396
528,928428
0,928460
255,928492
496,928524
375,928556
954,928588
1148,928620
1328,928652
1599,928684
1806,928716
2125,928748
2248,928780
1644,928812
1865,928844
1180,928876
1374,928908
1116,928940
504,928972
652,929004
397,929036
0,929068
248,929100
140,929132
445,929164
588,929196
870,929228
1485,929260
1318,929292
1559,929324
2158,929356
1879,929388
1687,929420
1776,929452
1215,929484
1353,929516
765,929548
887,929580
618,929612
414,929644
150,929676
360,929708
588,929740
812,929772
1006,929804
1272,929836
1467,929868
1324,929900
1934,929932
1788,929964
1789,929996
1520,930028
1322,930060
1144,930092
871,930124
693,930156
459,930188
231,930220
18,930252
0,930284
91,930316
744,930348
496,930380
1167,930412
1359,930444
1224,930476
1823,930508
2016,930540
2240,930572
2108,930604
1871,930636
1755,930668
1370,930700
1144,930732
989,930764
684,930796
511,930828
256,930860
0,930892
134,930924
652,930956
584,930988
1103,931020
1340,931052
1303,931084
1801,931116
1672,931148
1974,931180
1642,931212
1466,931244
1644,931276
1005,931308
825,931340
910,931372
375,931404
141,931436
0,931468
2,931500
570,931532
363,931564
1020,931596
1224,931628
1486,931660
1688,931692
1869,931724
2152,931756
2203,931788
1592,931820
1726,931852
1128,931884
904,931916
666,931948
442,931980
247,932012
0,932044
0,932076
39,932108
219,932140
487,932172
1113,932204
939,932236
1609,932268
1322,932300
2044,932332
2238,932364
1788,932396
1975,932428
1742,932460
1440,932492
1272,932524
1001,932556
878,932588
541,932620
286,932652
205,932684
367,932716
251,932748
896,932780
699,932812
922,932844
1549,932876
1374,932908
2011,932940
2221,932972
1756,933004
1823,933036
1242,933068
1111,933100
1229,933132
616,933164
767,933196
155,933228
0,933260
250,933292
125,933324
395,933356
585,933388
845,933420
1433,933452
1593,933484
1899,933516
2094,933548
2342,933580
2072,933612
1832,933644
1594,933676
1367,933708
1097,933740
896,933772
637,933804
45,933836
172,933868
398,933900
168,933932
350,933964
617,933996
886,934028
1066,934060
1340,934092
1579,934124
1804,934156
1895,934188
1581,934220
1422,934252
1641,934284
922,934316
1145,934348
875,934380
602,934412
409,934444
133,934476
39,934508
569,934540
800,934572
1144,934604
1225,934636
1453,934668
1774,934700
1920,934732
1792,934764
2169,934796
1520,934828
1680,934860
1424,934892
890,934924
960,934956
744,934988
251,935020
28,935052
0,935084
109,935116
250,935148
536,935180
1148,935212
972,935244
1245,935276
1434,935308
1719,935340
1945,935372
2090,935404
1565,935436
1694,935468
1463,935500
1228,935532
960,935564
766,935596
504,935628
236,935660
237,935692
446,935724
303,935756
890,935788
763,935820
986,935852
1200,935884
1448,935916
1703,935948
1871,935980
1671,936012
1483,936044
1208,936076
1019,936108
1195,936140
571,936172
775,936204
46,936236
279,936268
331,936300
542,936332
780,936364
1016,936396
888,936428
1468,936460
1672,936492
2014,936524
2135,936556
2192,936588
2041,936620
1712,936652
1128,936684
1336,936716
670,936748
860,936780
604,936812
1,936844
121,936876
314,936908
247,936940
507,936972
648,937004
965,937036
1096,937068
1384,937100
2023,937132
1845,937164
1816,937196
1952,937228
1340,937260
1164,937292
1247,937324
713,937356
827,937388
251,937420
361,937452
187,937484
453,937516
640,937548
878,937580
730,937612
1337,937644
1528,937676
1792,937708
1994,937740
1850,937772
2080,937804
1471,937836
1263,937868
1006,937900
810,937932
632,937964
360,937996
173,938028
0,938060
0,938092
151,938124
300,938156
603,938188
1257,938220
1404,938252
1695,938284
1887,938316
1753,938348
2327,938380
2046,938412
1483,938444
1575,938476
1340,938508
1225,938540
848,938572
636,938604
475,938636
154,938668
316,938700
512,938732
362,938764
648,938796
1166,938828
1094,938860
1367,938892
1868,938924
1831,938956
2186,938988
1580,939020
1449,939052
1126,939084
953,939116
1116,939148
491,939180
315,939212
398,939244
0,939276
61,939308
281,939340
509,939372
1086,939404
877,939436
1546,939468
1744,939500
1565,939532
2216,939564
2140,939596
1947,939628
1673,939660
1068,939692
1208,939724
618,939756
391,939788
155,939820
0,939852
0,939884
21,939916
271,939948
550,939980
720,940012
1000,940044
1148,940076
1462,940108
2139,940140
2285,940172
2200,940204
1916,940236
1268,940268
1439,940300
1224,940332
632,940364
750,940396
488,940428
363,940460
222,940492
426,940524
733,940556
880,940588
760,940620
1421,940652
1210,940684
1438,940716
2078,940748
1868,940780
1703,940812
1776,940844
1229,940876
1305,940908
728,940940
589,940972
272,941004
106,941036
251,941068
0,941100
189,941132
764,941164
638,941196
906,941228
1096,941260
1357,941292
1963,941324
2122,941356
2281,941388
2008,941420
1359,941452
1534,941484
1308,941516
1081,941548
845,941580
576,941612
381,941644
103,941676
0,941708
554,941740
414,941772
678,941804
864,941836
1126,941868
1401,941900
1582,941932
1866,941964
2141,941996
1606,942028
1371,942060
1547,942092
909,942124
1113,942156
412,942188
633,942220
351,942252
0,942284
443,942316
633,942348
542,942380
1084,942412
1312,942444
1661,942476
1752,942508
1982,942540
2303,942572
2064,942604
1468,942636
1642,942668
1004,942700
840,942732
910,942764
388,942796
447,942828
228,942860
0,942892
424,942924
312,942956
622,942988
762,943020
1036,943052
1672,943084
1496,943116
1769,943148
1930,943180
1737,943212
1503,943244
1561,943276
1039,943308
1168,943340
505,943372
712,943404
446,943436
240,943468
302,943500
502,943532
761,943564
954,943596
814,943628
1405,943660
1264,943692
1500,943724
1726,943756
1817,943788
1609,943820
1351,943852
1146,943884
1264,943916
697,943948
519,943980
683,944012
60,944044
231,944076
0,944108
663,944140
845,944172
668,944204
1307,944236
1535,944268
1399,944300
2000,944332
2192,944364
2283,944396
1919,944428
1657,944460
1503,944492
1184,944524
615,944556
822,944588
167,944620
0,944652
167,944684
27,944716
634,944748
826,944780
759,944812
1276,944844
1151,944876
1479,944908
1611,944940
1910,944972
2167,945004
1514,945036
1291,945068
1422,945100
839,945132
649,945164
732,945196
199,945228
311,945260
208,945292
509,945324
712,945356
967,945388
1164,945420
1399,945452
1627,945484
1863,945516
2060,945548
2297,945580
2024,945612
1407,945644
1549,945676
953,945708
751,945740
493,945772
300,945804
120,945836
0,945868
0,945900
637,945932
438,945964
667,945996
810,946028
1112,946060
1789,946092
1520,946124
2231,946156
2269,946188
1658,946220
1791,946252
1517,946284
959,946316
1052,946348
827,946380
716,946412
334,946444
91,946476
383,946508
541,946540
425,946572
1034,946604
872,946636
1148,946668
1692,946700
1612,946732
2156,946764
2126,946796
1623,946828
1648,946860
1066,946892
925,946924
616,946956
442,946988
592,947020
0,947052
0,947084
425,947116
343,947148
573,947180
1082,947212
1017,947244
1612,947276
1400,947308
2076,947340
2282,947372
2160,947404
1896,947436
1612,947468
1417,947500
1148,947532
556,947564
694,947596
96,947628
0,947660
315,947692
78,947724
333,947756
524,947788
781,947820
1063,947852
1239,947884
1524,947916
1678,947948
1947,947980
2167,948012
1413,948044
1661,948076
1389,948108
757,948140
923,948172
702,948204
122,948236
234,948268
286,948300
630,948332
744,948364
943,948396
1247,948428
1391,948460
1272,948492
1950,948524
1736,948556
1816,948588
1983,948620
1352,948652
1513,948684
1247,948716
727,948748
791,948780
220,948812
87,948844
0,948876
24,948908
637,948940
469,948972
698,949004
1276,949036
1147,949068
1421,949100
1983,949132
1895,949164
2233,949196
1912,949228
1751,949260
1482,949292
1277,949324
1016,949356
793,949388
556,949420
329,949452
151,949484
415,949516
608,949548
474,949580
779,949612
925,949644
1192,949676
1384,949708
1644,949740
1925,949772
1724,949804
1543,949836
1611,949868
1081,949900
855,949932
550,949964
397,949996
603,950028
0,950060
315,950092
505,950124
379,950156
955,950188
1146,950220
1063,950252
1608,950284
1839,950316
2201,950348
2239,950380
2010,950412
1853,950444
1534,950476
952,950508
1116,950540
494,950572
651,950604
396,950636
0,950668
252,950700
488,950732
455,950764
938,950796
814,950828
1133,950860
1264,950892
1560,950924
2201,950956
1866,950988
1678,951020
1773,951052
1212,951084
989,951116
1038,951148
535,951180
652,951212
422,951244
168,951276
364,951308
624,951340
824,951372
1017,951404
1277,951436
1470,951468
1326,951500
1641,951532
1790,951564
1757,951596
1530,951628
1292,951660
1094,951692
831,951724
634,951756
750,951788
188,951820
16,951852
251,951884
92,951916
747,951948
474,951980
1176,952012
1367,952044
1180,952076
1823,952108
2072,952140
1929,952172
2144,952204
1866,952236
1750,952268
1390,952300
1135,952332
987,952364
680,952396
106,952428
288,952460
0,952492
488,952524
694,952556
535,952588
1144,952620
1343,952652
1271,952684
1803,952716
1678,952748
1964,952780
2105,952812
1464,952844
1630,952876
998,952908
777,952940
896,952972
317,953004
136,953036
216,953068
8,953100
573,953132
457,953164
1035,953196
1226,953228
1485,953260
1690,953292
1928,953324
2155,953356
2234,953388
1966,953420
1373,953452
1488,953484
893,953516
1034,953548
442,953580
240,953612
0,953644
0,953676
39,953708
218,953740
492,953772
727,953804
950,953836
1175,953868
1327,953900
1639,953932
2318,953964
1784,953996
2015,954028
1737,954060
1450,954092
1263,954124
992,954156
459,954188
537,954220
314,954252
271,954284
368,954316
603,954348
907,954380
1053,954412
1352,954444
1552,954476
1383,954508
1674,954540
2223,954572
1754,954604
1823,954636
1597,954668
1099,954700
877,954732
555,954764
413,954796
105,954828
0,954860
282,954892
133,954924
407,954956
940,954988
855,955020
1083,955052
1307,955084
1533,955116
2139,955148
1883,955180
2096,955212
1832,955244
1628,955276
1368,955308
1097,955340
525,955372
633,955404
46,955436
171,955468
0,955500
138,955532
362,955564
588,955596
842,955628
1035,955660
1293,955692
1578,955724
1756,955756
1895,955788
1583,955820
1419,955852
1627,955884
892,955916
1141,955948
863,955980
632,956012
409,956044
167,956076
41,956108
624,956140
813,956172
1143,956204
1258,956236
1464,956268
1775,956300
1928,956332
1792,956364
2206,956396
1520,956428
1290,956460
1463,956492
838,956524
987,956556
744,956588
215,956620
24,956652
0,956684
119,956716
255,956748
526,956780
1147,956812
982,956844
1211,956876
1816,956908
1671,956940
1947,956972
1754,957004
1561,957036
1693,957068
1376,957100
1225,957132
958,957164
761,957196
502,957228
270,957260
0,957292
475,957324
672,957356
928,957388
1127,957420
985,957452
1582,957484
1448,957516
1708,957548
1868,957580
1660,957612
1479,957644
1200,957676
1020,957708
1087,957740
571,957772
347,957804
44,957836
0,957868
400,957900
553,957932
832,957964
1020,957996
888,958028
1479,958060
1672,958092
1579,958124
2139,958156
2220,958188
2111,958220
1708,958252
1483,958284
1327,958316
1018,958348
442,958380
602,958412
1,958444
116,958476
318,958508
248,958540
510,958572
1002,958604
967,958636
1452,958668
1326,958700
1657,958732
1790,958764
1816,958796
1982,958828
1339,958860
1160,958892
888,958924
697,958956
477,958988
524,959020
28,959052
220,959084
455,959116
688,959148
880,959180
704,959212
1340,959244
1532,959276
1803,959308
1998,959340
1851,959372
2076,959404
1467,959436
1241,959468
1000,959500
778,959532
583,959564
319,959596
125,959628
232,959660
0,959692
152,959724
779,959756
606,959788
1261,959820
1407,959852
1703,959884
1897,959916
1706,959948
2317,959980
2090,960012
1479,960044
1612,960076
1338,960108
1223,960140
878,960172
619,960204
472,960236
155,960268
0,960300
558,960332
365,960364
1004,960396
1212,960428
1047,960460
1335,960492
1871,960524
1787,960556
2171,960588
1579,960620
1436,960652
1118,960684
950,960716
1113,960748
488,960780
268,960812
393,960844
0,960876
59,960908
599,960940
509,960972
1087,961004
969,961036
1549,961068
1752,961100
1566,961132
2220,961164
2175,961196
1944,961228
1709,961260
1437,961292
1241,961324
972,961356
383,961388
511,961420
0,961452
0,961484
25,961516
282,961548
553,961580
730,961612
1002,961644
1229,961676
1466,961708
1693,961740
2347,961772
1775,961804
1983,961836
1258,961868
1485,961900
1213,961932
631,961964
747,961996
476,962028
0,962060
223,962092
464,962124
809,962156
888,962188
1115,962220
1423,962252
1576,962284
1882,962316
2080,962348
1869,962380
1694,962412
1773,962444
1226,962476
1304,962508
1080,962540
585,962572
617,962604
44,962636
0,962668
0,962700
192,962732
808,962764
645,962796
907,962828
1466,962860
1367,962892
1597,962924
1832,962956
1911,962988
2043,963020
1354,963052
1576,963084
1304,963116
1104,963148
844,963180
576,963212
379,963244
103,963276
0,963308
555,963340
416,963372
650,963404
872,963436
1110,963468
1356,963500
1560,963532
1830,963564
1831,963596
1546,963628
1371,963660
1533,963692
907,963724
1102,963756
380,963788
621,963820
347,963852
0,963884
443,963916
672,963948
552,963980
1131,964012
1321,964044
1671,964076
1786,964108
1993,964140
2304,964172
2063,964204
1465,964236
1676,964268
1002,964300
778,964332
938,964364
328,964396
472,964428
218,964460
0,964492
425,964524
312,964556
632,964588
763,964620
1040,964652
1673,964684
1496,964716
1736,964748
2301,964780
1690,964812
1499,964844
1227,964876
1047,964908
1167,964940
863,964972
701,965004
442,965036
233,965068
310,965100
538,965132
762,965164
1000,965196
1184,965228
1452,965260
1646,965292
1501,965324
2111,965356
1815,965388
1609,965420
1340,965452
1145,965484
967,965516
686,965548
506,965580
283,965612
58,965644
0,965676
0,965708
267,965740
921,965772
670,965804
1353,965836
1536,965868
1401,965900
2009,965932
2202,965964
1831,965996
1918,966028
1690,966060
1575,966092
1182,966124
960,966156
813,966188
506,966220
0,966252
172,966284
26,966316
633,966348
830,966380
759,966412
1288,966444
1518,966476
1480,966508
1983,966540
1854,966572
1789,966604
1456,966636
1289,966668
1452,966700
828,966732
637,966764
376,966796
188,966828
0,966860
217,966892
175,966924
746,966956
973,966988
1208,967020
1400,967052
1674,967084
1866,967116
2062,967148
2295,967180
2014,967212
1404,967244
1536,967276
944,967308
718,967340
490,967372
267,967404
73,967436
0,967468
0,967500
215,967532
393,967564
666,967596
1287,967628
1113,967660
1787,967692
1500,967724
2233,967756
2267,967788
1607,967820
1787,967852
1561,967884
959,967916
1086,967948
827,967980
557,968012
363,968044
87,968076
395,968108
542,968140
428,968172
1080,968204
874,968236
1528,968268
1728,968300
1560,968332
2192,968364
2125,968396
1576,968428
1644,968460
1067,968492
924,968524
613,968556
437,968588
590,968620
0,968652
0,968684
428,968716
311,968748
571,968780
1119,968812
1021,968844
1613,968876
1479,968908
2087,968940
2282,968972
2157,969004
1885,969036
1647,969068
1408,969100
1179,969132
921,969164
729,969196
457,969228
0,969260
207,969292
79,969324
344,969356
526,969388
792,969420
1063,969452
1241,969484
1527,969516
1755,969548
1945,969580
1717,969612
1402,969644
1246,969676
1453,969708
746,969740
971,969772
697,969804
118,969836
223,969868
296,969900
512,969932
747,969964
1180,969996
1323,970028
1402,970060
1642,970092
1951,970124
2105,970156
2251,970188
1984,970220
1342,970252
1176,970284
1246,970316
716,970348
783,970380
560,970412
74,970444
77,970476
0,970508
286,970540
425,970572
700,970604
1324,970636
1157,970668
1431,970700
1994,970732
1896,970764
1853,970796
1613,970828
1385,970860
1504,970892
842,970924
1040,970956
782,970988
587,971020
328,971052
153,971084
424,971116
619,971148
475,971180
1069,971212
927,971244
1160,971276
1384,971308
1616,971340
1879,971372
1692,971404
1484,971436
1305,971468
1021,971500
854,971532
1022,971564
395,971596
588,971628
0,971660
316,971692
507,971724
343,971756
959,971788
1195,971820
1372,971852
1658,971884
1850,971916
2203,971948
2282,971980
2000,972012
1855,972044
1531,972076
951,972108
1152,972140
492,972172
276,972204
424,972236
0,972268
285,972300
492,972332
415,972364
941,972396
824,972428
1143,972460
1737,972492
1562,972524
2205,972556
1866,972588
1639,972620
1771,972652
1164,972684
983,972716
716,972748
535,972780
649,972812
347,972844
165,972876
368,972908
629,972940
828,972972
1054,973004
1278,973036
1514,973068
1709,973100
1982,973132
2176,973164
1755,973196
1897,973228
1289,973260
1093,973292
828,973324
634,973356
455,973388
176,973420
5,973452
0,973484
93,973516
329,973548
476,973580
781,973612
1437,973644
1190,973676
1883,973708
2079,973740
2254,973772
2139,973804
1866,973836
1307,973868
1390,973900
1168,973932
1053,973964
670,973996
444,974028
299,974060
200,974092
91,974124
698,974156
537,974188
1146,974220
1344,974252
1272,974284
1806,974316
2046,974348
1965,974380
1737,974412
1402,974444
1263,974476
940,974508
778,974540
938,974572
324,974604
136,974636
0,974668
8,974700
235,974732
733,974764
687,974796
1262,974828
1495,974860
1726,974892
1930,974924
2201,974956
2236,974988
1964,975020
1759,975052
1488,975084
896,975116
1022,975148
439,975180
214,975212
0,975244
0,975276
7,975308
190,975340
453,975372
724,975404
903,975436
1177,975468
1819,975500
1641,975532
2325,975564
1756,975596
2011,975628
1735,975660
1482,975692
1263,975724
1034,975756
445,975788
574,975820
312,975852
283,975884
408,975916
608,975948
909,975980
1055,976012
936,976044
1599,976076
1387,976108
2060,976140
2266,976172
1691,976204
1863,976236
1597,976268
1053,976300
872,976332
555,976364
413,976396
105,976428
0,976460
285,976492
134,976524
364,976556
942,976588
814,976620
1081,976652
1641,976684
1545,976716
2143,976748
1963,976780
2093,976812
1824,976844
1625,976876
1356,976908
1132,976940
524,976972
668,977004
399,977036
203,977068
271,977100
141,977132
729,977164
591,977196
856,977228
1040,977260
1296,977292
1580,977324
1768,977356
1884,977388
1657,977420
1416,977452
1192,977484
888,977516
733,977548
941,977580
622,977612
445,977644
161,977676
47,977708
619,977740
812,977772
727,977804
1260,977836
1500,977868
1851,977900
1931,977932
2171,977964
2207,977996
1882,978028
1723,978060
1455,978092
829,978124
664,978156
732,978188
205,978220
24,978252
141,978284
120,978316
603,978348
486,978380
797,978412
934,978444
1222,978476
1852,978508
1676,978540
1959,978572
2124,978604
1559,978636
1325,978668
1095,978700
863,978732
990,978764
329,978796
526,978828
266,978860
0,978892
478,978924
681,978956
938,978988
1132,979020
990,979052
1593,979084
1449,979116
1680,979148
1865,979180
1640,979212
1431,979244
1180,979276
970,979308
794,979340
509,979372
340,979404
41,979436
0,979468
397,979500
556,979532
839,979564
1023,979596
852,979628
1481,979660
1721,979692
1579,979724
2186,979756
2218,979788
2093,979820
1739,979852
1480,979884
1325,979916
1007,979948
440,979980
634,980012
0,980044
0,980076
352,980108
202,980140
476,980172
1004,980204
924,980236
1464,980268
1336,980300
1659,980332
1791,980364
1806,980396
1981,980428
1338,980460
1115,980492
1245,980524
653,980556
473,980588
204,980620
24,980652
231,980684
394,980716
685,980748
890,980780
715,980812
1340,980844
1579,980876
1805,980908
2045,980940
2248,980972
2121,981004
1850,981036
1230,981068
1368,981100
780,981132
582,981164
319,981196
124,981228
0,981260
0,981292
154,981324
680,981356
606,981388
843,981420
1467,981452
1291,981484
1977,981516
1707,981548
2367,981580
2091,981612
1480,981644
1609,981676
1337,981708
791,981740
874,981772
651,981804
535,981836
153,981868
266,981900
572,981932
718,981964
600,981996
1262,982028
1040,982060
1327,982092
1872,982124
1799,982156
2174,982188
1947,982220
1436,982252
1467,982284
891,982316
749,982348
440,982380
268,982412
414,982444
0,982476
61,982508
252,982540
520,982572
747,982604
1245,982636
1207,982668
1790,982700
1567,982732
2266,982764
2175,982796
1979,982828
1706,982860
1434,982892
1228,982924
970,982956
379,982988
508,983020
0,983052
0,983084
27,983116
250,983148
507,983180
700,983212
964,983244
1533,983276
1417,983308
1704,983340
2349,983372
1768,983404
1977,983436
1228,983468
1480,983500
1209,983532
574,983564
736,983596
512,983628
0,983660
270,983692
462,983724
811,983756
921,983788
1119,983820
1423,983852
1579,983884
1453,983916
2136,983948
1868,983980
1630,984012
1804,984044
1175,984076
1336,984108
1072,984140
540,984172
616,984204
45,984236
0,984268
0,984300
200,984332
809,984364
648,984396
875,984428
1466,984460
1325,984492
1607,984524
2171,984556
1901,984588
2039,984620
1726,984652
1565,984684
1294,984716
1101,984748
832,984780
607,984812
378,984844
129,984876
334,984908
592,984940
792,984972
651,985004
1243,985036
1104,985068
1359,985100
1561,985132
1830,985164
1822,985196
1544,985228
1364,985260
1132,985292
900,985324
679,985356
376,985388
221,985420
413,985452
0,985484
493,985516
681,985548
554,985580
1143,985612
1324,985644
1237,985676
1788,985708
2028,985740
2383,985772
2062,985804
1832,985836
1675,985868
1354,985900
778,985932
942,985964
328,985996
153,986028
218,986060
0,986092
429,986124
667,986156
631,986188
1115,986220
996,986252
1309,986284
1448,986316
1740,986348
2332,986380
1688,986412
1497,986444
1592,986476
1035,986508
813,986540
859,986572
360,986604
474,986636
0,986668
346,986700
542,986732
808,986764
1000,986796
1193,986828
1454,986860
1657,986892
1502,986924
2123,986956
1807,986988
1578,987020
1835,987052
1114,987084
909,987116
654,987148
460,987180
279,987212
9,987244
0,987276
0,987308
269,987340
922,987372
650,987404
1355,987436
1547,987468
1367,987500
2011,987532
2253,987564
1822,987596
1961,987628
1690,987660
1579,987692
1212,987724
957,987756
813,987788
495,987820
0,987852
216,987884
33,987916
262,987948
872,987980
710,988012
1320,988044
1520,988076
1447,988108
1984,988140
1854,988172
1786,988204
1452,988236
1280,988268
1451,988300
838,988332
603,988364
730,988396
142,988428
0,988460
255,988492
175,988524
751,988556
908,988588
1209,988620
1404,988652
1673,988684
1870,988716
2109,988748
2286,988780
2058,988812
1773,988844
1583,988876
1309,988908
714,988940
568,988972
266,989004
72,989036
0,989068
0,989100
219,989132
394,989164
668,989196
1190,989228
1118,989260
1351,989292
1503,989324
1819,989356
2329,989388
1604,989420
1833,989452
1551,989484
965,989516
1085,989548
824,989580
283,989612
351,989644
107,989676
463,989708
543,989740
777,989772
1087,989804
1229,989836
1104,989868
1740,989900
1562,989932
2200,989964
2120,989996
1574,990028
1644,990060
1419,990092
919,990124
952,990156
380,990188
239,990220
0,990252
0,990284
464,990316
302,990348
583,990380
1120,990412
1021,990444
1259,990476
1773,990508
1721,990540
2332,990572
2151,990604
1916,990636
1646,990668
1440,990700
1180,990732
910,990764
717,990796
458,990828
0,990860
0,990892
90,990924
304,990956
528,990988
764,991020
1019,991052
1214,991084
1470,991116
2063,991148
1894,991180
1706,991212
1885,991244
1243,991276
1436,991308
715,991340
967,991372
688,991404
71,991436
221,991468
344,991500
216,991532
796,991564
986,991596
1323,991628
1437,991660
1644,991692
1963,991724
2110,991756
1804,991788
2024,991820
1340,991852
1536,991884
1277,991916
662,991948
815,991980
558,992012
39,992044
71,992076
0,992108
296,992140
863,992172
712,992204
1321,992236
1162,992268
1399,992300
1992,992332
1851,992364
1848,992396
1944,992428
1373,992460
1511,992492
921,992524
1039,992556
780,992588
583,992620
318,992652
192,992684
426,992716
650,992748
846,992780
743,992812
1306,992844
1164,992876
1769,992908
1630,992940
1886,992972
1690,993004
1484,993036
1303,993068
1020,993100
851,993132
619,993164
395,993196
169,993228
0,993260
0,993292
587,993324
344,993356
1017,993388
1197,993420
1387,993452
1659,993484
1854,993516
1757,993548
2267,993580
2032,993612
1919,993644
1529,993676
1296,993708
1149,993740
844,993772
681,993804
414,993836
0,993868
0,993900
494,993932
428,993964
943,993996
1182,994028
1613,994060
1373,994092
1510,994124
1839,994156
1802,994188
1627,994220
1806,994252
1163,994284
985,994316
1068,994348
523,994380
301,994412
73,994444
0,994476
410,994508
206,994540
860,994572
1056,994604
1322,994636
1518,994668
1720,994700
1596,994732
2187,994764
1744,994796
1888,994828
1289,994860
1062,994892
816,994924
602,994956
407,994988
152,995020
0,995052
0,995084
57,995116
328,995148
478,995180
788,995212
1435,995244
1162,995276
1885,995308
2077,995340
2299,995372
2139,995404
1902,995436
1303,995468
1432,995500
1162,995532
1049,995564
698,995596
447,995628
287,995660
201,995692
104,995724
743,995756
540,995788
774,995820
1390,995852
1224,995884
1849,995916
2048,995948
1927,995980
1725,996012
1402,996044
1260,996076
939,996108
776,996140
926,996172
312,996204
92,996236
204,996268
0,996300
235,996332
780,996364
687,996396
1273,996428
1423,996460
1739,996492
1934,996524
2205,996556
2232,996588
1994,996620
1370,996652
1519,996684
1256,996716
1054,996748
795,996780
206,996812
335,996844
0,996876
9,996908
201,996940
456,996972
727,997004
907,997036
1179,997068
1712,997100
1641,997132
1879,997164
1744,997196
1593,997228
1801,997260
1483,997292
1305,997324
1033,997356
453,997388
571,997420
301,997452
0,997484
410,997516
640,997548
984,997580
1066,997612
1292,997644
1611,997676
1756,997708
1630,997740
2269,997772
1689,997804
1852,997836
1592,997868
1050,997900
871,997932
903,997964
408,997996
439,998028
0,998060
0,998092
88,998124
374,998156
984,998188
822,998220
1085,998252
1287,998284
1547,998316
1785,998348
2253,998380
1727,998412
1854,998444
1623,998476
1388,998508
1120,998540
492,998572
666,998604
397,998636
199,998668
280,998700
144,998732
730,998764
600,998796
825,998828
1040,998860
1276,998892
1542,998924
1738,998956
1835,998988
1950,999020
1368,999052
1181,999084
1357,999116
728,999148
935,999180
619,999212
443,999244
153,999276
16,999308
623,999340
858,999372
731,999404
1310,999436
1501,999468
1852,999500
1965,999532
2173,999564
2203,999596
1881,999628
1278,999660
1496,999692
828,999724
1019,999756
763,999788
156,999820
0,999852
144,999884
87,999916
602,999948
489,999980
796,1000012
940,1000044
1224,1000076
1853,1000108
1685,1000140
1915,1000172
2124,1000204
1502,1000236
1320,1000268
1416,1000300
861,1000332
985,1000364
409,1000396
525,1000428
266,1000460
0,1000492
490,1000524
717,1000556
942,1000588
1178,1000620
1369,1000652
1632,1000684
1835,1000716
1688,1000748
2248,1000780
1629,1000812
1423,1000844
1163,1000876
968,1000908
791,1000940
510,1000972
342,1001004
107,1001036
0,1001068
0,1001100
608,1001132
443,1001164
1101,1001196
846,1001228
1533,1001260
1725,1001292
1588,1001324
2189,1001356
2208,1001388
1647,1001420
1738,1001452
1504,1001484
1387,1001516
1007,1001548
781,1001580
633,1001612
318,1001644
137,1001676
361,1001708
208,1001740
490,1001772
1006,1001804
936,1001836
1464,1001868
1706,1001900
1671,1001932
2160,1001964
1751,1001996
1611,1002028
1278,1002060
1112,1002092
1276,1002124
652,1002156
471,1002188
554,1002220
18,1002252
0,1002284
123,1002316
347,1002348
926,1002380
718,1002412
1376,1002444
1580,1002476
1852,1002508
2048,1002540
2249,1002572
2108,1002604
1835,1002636
1228,1002668
1372,1002700
765,1002732
540,1002764
319,1002796
92,1002828
0,1002860
0,1002892
119,1002924
392,1002956
568,1002988
849,1003020
1468,1003052
1293,1003084
1973,1003116
1690,1003148
2362,1003180
2078,1003212
1430,1003244
1607,1003276
1375,1003308
791,1003340
910,1003372
648,1003404
525,1003436
170,1003468
269,1003500
573,1003532
717,1003564
603,1003596
1258,1003628
1053,1003660
1285,1003692
1917,1003724
1742,1003756
2202,1003788
1945,1003820
1388,1003852
1465,1003884
880,1003916
748,1003948
430,1003980
264,1004012
411,1004044
0,1004076
28,1004108
606,1004140
476,1004172
747,1004204
936,1004236
1207,1004268
1801,1004300
1962,1004332
2269,1004364
2172,1004396
1975,1004428
1704,1004460
1467,1004492
1228,1004524
1003,1004556
743,1004588
541,1004620
281,1004652
0,1004684
392,1004716
253,1004748
511,1004780
709,1004812
958,1004844
1240,1004876
1420,1004908
1704,1004940
1943,1004972
1767,1005004
1531,1005036
1225,1005068
1068,1005100
1277,1005132
580,1005164
793,1005196
523,1005228
0,1005260
281,1005292
472,1005324
391,1005356
925,1005388
1162,1005420
1501,1005452
1580,1005484
1820,1005516
2139,1005548
2235,1005580
1631,1005612
1801,1005644
1166,1005676
1325,1005708
1068,1005740
549,1005772
606,1005804
392,1005836
0,1005868
255,1005900
144,1005932
461,1005964
601,1005996
886,1006028
1502,1006060
1367,1006092
1608,1006124
1802,1006156
1911,1006188
1673,1006220
1722,1006252
1207,1006284
1328,1006316
1099,1006348
864,1006380
606,1006412
408,1006444
122,1006476
344,1006508
601,1006540
794,1006572
653,1006604
1243,1006636
1112,1006668
1338,1006700
1568,1006732
1804,1006764
1772,1006796
1512,1006828
1306,1006860
1128,1006892
846,1006924
669,1006956
843,1006988
220,1007020
411,1007052
0,1007084
494,1007116
685,1007148
508,1007180
1136,1007212
1372,1007244
1239,1007276
1836,1007308
2040,1007340
2223,1007372
2092,1007404
1823,1007436
1675,1007468
1354,1007500
775,1007532
971,1007564
316,1007596
496,1007628
247,1007660
0,1007692
462,1007724
671,1007756
601,1007788
1120,1007820
999,1007852
1319,1007884
1451,1007916
1740,1007948
2331,1007980
1678,1008012
1450,1008044
1592,1008076
986,1008108
807,1008140
896,1008172
349,1008204
469,1008236
0,1008268
345,1008300
552,1008332
813,1008364
1002,1008396
1230,1008428
1465,1008460
1693,1008492
1897,1008524
2169,1008556
2189,1008588
1576,1008620
1710,1008652
1113,1008684
912,1008716
654,1008748
462,1008780
279,1008812
7,1008844
0,1008876
44,1008908
280,1008940
505,1008972
654,1009004
955,1009036
1625,1009068
1368,1009100
2063,1009132
2255,1009164
1821,1009196
1951,1009228
1679,1009260
1437,1009292
1212,1009324
987,1009356
876,1009388
495,1009420
269,1009452
221,1009484
379,1009516
671,1009548
875,1009580
713,1009612
998,1009644
1529,1009676
1448,1009708
1993,1009740
2236,1009772
1783,1009804
1819,1009836
1228,1009868
1086,1009900
768,1009932
601,1009964
764,1009996
138,1010028
0,1010060
266,1010092
184,1010124
413,1010156
634,1010188
861,1010220
1450,1010252
1229,1010284
1914,1010316
2110,1010348
2328,1010380
2048,1010412
1784,1010444
1580,1010476
1307,1010508
716,1010540
846,1010572
263,1010604
39,1010636
0,1010668
0,1010700
174,1010732
376,1010764
623,1010796
903,1010828
1080,1010860
1356,1010892
2007,1010924
1818,1010956
2329,1010988
1574,1011020
1832,1011052
1549,1011084
913,1011116
1083,1011148
858,1011180
576,1011212
394,1011244
103,1011276
471,1011308
585,1011340
783,1011372
1087,1011404
1231,1011436
1115,1011468
1787,1011500
1565,1011532
1806,1011564
2152,1011596
1512,1011628
1677,1011660
1416,1011692
885,1011724
943,1011756
378,1011788
236,1011820
361,1011852
0,1011884
462,1011916
314,1011948
541,1011980
1129,1012012
988,1012044
1271,1012076
1450,1012108
1724,1012140
2329,1012172
2075,1012204
1913,1012236
1644,1012268
1437,1012300
1180,1012332
943,1012364
716,1012396
491,1012428
220,1012460
254,1012492
447,1012524
317,1012556
907,1012588
766,1012620
1030,1012652
1224,1012684
1481,1012716
1766,1012748
1884,1012780
1704,1012812
1467,1012844
1239,1012876
1015,1012908
712,1012940
556,1012972
751,1013004
62,1013036
263,1013068
347,1013100
523,1013132
798,1013164
986,1013196
903,1013228
1439,1013260
1678,1013292
2031,1013324
2111,1013356
2172,1013388
2025,1013420
1705,1013452
1114,1013484
1277,1013516
656,1013548
810,1013580
557,1013612
29,1013644
75,1013676
331,1013708
296,1013740
527,1013772
662,1013804
973,1013836
1110,1013868
1400,1013900
2040,1013932
1862,1013964
1847,1013996
1564,1014028
1372,1014060
1149,1014092
1197,1014124
687,1014156
812,1014188
574,1014220
348,1014252
200,1014284
460,1014316
666,1014348
856,1014380
1117,1014412
1309,1014444
1166,1014476
1774,1014508
1631,1014540
1866,1014572
1679,1014604
1450,1014636
1253,1014668
998,1014700
796,1014732
615,1014764
345,1014796
166,1014828
327,1014860
0,1014892
587,1014924
316,1014956
1017,1014988
1200,1015020
1420,1015052
1663,1015084
1902,1015116
1767,1015148
2313,1015180
2038,1015212
1915,1015244
1561,1015276
1294,1015308
1145,1015340
841,1015372
266,1015404
456,1015436
0,1015468
330,1015500
527,1015532
378,1015564
983,1015596
1182,1015628
1111,1015660
1383,1015692
1516,1015724
1847,1015756
1801,1015788
1625,1015820
1803,1015852
1160,1015884
935,1015916
1068,1015948
476,1015980
294,1016012
379,1016044
0,1016076
411,1016108
299,1016140
863,1016172
1068,1016204
1325,1016236
1520,1016268
1760,1016300
1606,1016332
2234,1016364
2127,1016396
1929,1016428
1658,1016460
1052,1016492
1192,1016524
601,1016556
398,1016588
142,1016620
0,1016652
0,1016684
62,1016716
342,1016748
567,1016780
792,1016812
1013,1016844
1166,1016876
1467,1016908
2157,1016940
2302,1016972
2185,1017004
1901,1017036
1300,1017068
1423,1017100
1152,1017132
617,1017164
698,1017196
464,1017228
351,1017260
207,1017292
440,1017324
747,1017356
893,1017388
1193,1017420
1389,1017452
1224,1017484
1514,1017516
2061,1017548
1916,1017580
1723,1017612
1766,1017644
1259,1017676
1290,1017708
716,1017740
574,1017772
256,1017804
88,1017836
236,1017868
0,1017900
238,1017932
782,1017964
695,1017996
925,1018028
1146,1018060
1381,1018092
1984,1018124
1755,1018156
2266,1018188
1992,1018220
1343,1018252
1528,1018284
1248,1018316
1055,1018348
793,1018380
207,1018412
331,1018444
0,1018476
0,1018508
205,1018540
430,1018572
683,1018604
878,1018636
1134,1018668
1415,1018700
1594,1018732
1881,1018764
1742,1018796
1589,1018828
1799,1018860
1472,1018892
1303,1018924
1035,1018956
404,1018988
567,1019020
336,1019052
0,1019084
454,1019116
648,1019148
985,1019180
1098,1019212
1295,1019244
1613,1019276
1760,1019308
1639,1019340
2317,1019372
1688,1019404
1450,1019436
1623,1019468
990,1019500
824,1019532
894,1019564
375,1019596
430,1019628
0,1019660
0,1019692
93,1019724
378,1019756
985,1019788
824,1019820
1051,1019852
1646,1019884
1502,1019916
1785,1019948
1915,1019980
1723,1020012
1853,1020044
1546,1020076
1383,1020108
1118,1020140
490,1020172
664,1020204
430,1020236
188,1020268
316,1020300
509,1020332
776,1020364
968,1020396
827,1020428
1422,1020460
1287,1020492
1544,1020524
1743,1020556
1830,1020588
1642,1020620
1359,1020652
1181,1020684
1247,1020716
728,1020748
503,1020780
669,1020812
45,1020844
219,1020876
9,1020908
669,1020940
861,1020972
730,1021004
1311,1021036
1503,1021068
1419,1021100
1978,1021132
2208,1021164
2269,1021196
1872,1021228
1645,1021260
1485,1021292
1178,1021324
603,1021356
760,1021388
143,1021420
0,1021452
156,1021484
90,1021516
606,1021548
843,1021580
808,1021612
1292,1021644
1166,1021676
1497,1021708
1628,1021740
1926,1021772
2154,1021804
1499,1021836
1318,1021868
1040,1021900
861,1021932
637,1021964
684,1021996
183,1022028
288,1022060
0,1022092
526,1022124
720,1022156
984,1022188
1178,1022220
1371,1022252
1639,1022284
1837,1022316
1694,1022348
2238,1022380
1628,1022412
1392,1022444
1162,1022476
936,1022508
743,1022540
476,1022572
282,1022604
396,1022636
0,1022668
1,1022700
615,1022732
443,1022764
1099,1022796
826,1022828
1533,1022860
1737,1022892
1545,1022924
2199,1022956
2252,1022988
1640,1023020
1785,1023052
1501,1023084
1383,1023116
1039,1023148
781,1023180
633,1023212
316,1023244
0,1023276
406,1023308
208,1023340
438,1023372
1050,1023404
886,1023436
1501,1023468
1708,1023500
1626,1023532
2172,1023564
1743,1023596
1608,1023628
1279,1023660
1103,1023692
1273,1023724
650,1023756
427,1023788
556,1023820
0,1023852
0,1023884
441,1023916
359,1023948
927,1023980
1087,1024012
1389,1024044
1582,1024076
1863,1024108
2058,1024140
2285,1024172
2106,1024204
1870,1024236
1597,1024268
1402,1024300
1133,1024332
541,1024364
672,1024396
88,1024428
0,1024460
0,1024492
122,1024524
393,1024556
572,1024588
850,1024620
1068,1024652
1302,1024684
1530,1024716
1693,1024748
1933,1024780
2153,1024812
1418,1024844
1647,1024876
1370,1024908
788,1024940
907,1024972
637,1025004
105,1025036
172,1025068
302,1025100
647,1025132
728,1025164
957,1025196
1261,1025228
1408,1025260
1289,1025292
1917,1025324
1742,1025356
1863,1025388
1944,1025420
1386,1025452
1456,1025484
1240,1025516
745,1025548
778,1025580
202,1025612
61,1025644
0,1025676
38,1025708
648,1025740
488,1025772
763,1025804
1304,1025836
1207,1025868
1437,1025900
1964,1025932
1911,1025964
2206,1025996
1517,1026028
1736,1026060
1464,1026092
1272,1026124
1000,1026156
734,1026188
541,1026220
280,1026252
0,1026284
395,1026316
256,1026348
490,1026380
1191,1026412
942,1026444
1197,1026476
1391,1026508
1657,1026540
1944,1026572
1707,1026604
1527,1026636
1215,1026668
1067,1026700
1270,1026732
540,1026764
780,1026796
508,1026828
0,1026860
283,1026892
510,1026924
401,1026956
970,1026988
1163,1027020
1501,1027052
1626,1027084
1824,1027116
2143,1027148
2224,1027180
1626,1027212
1838,1027244
1163,1027276
936,1027308
1101,1027340
486,1027372
634,1027404
380,1027436
0,1027468
267,1027500
156,1027532
471,1027564
603,1027596
886,1027628
1512,1027660
1338,1027692
1575,1027724
2176,1027756
1851,1027788
1671,1027820
1759,1027852
1195,1027884
1327,1027916
1020,1027948
863,1027980
602,1028012
399,1028044
132,1028076
377,1028108
604,1028140
840,1028172
1024,1028204
1292,1028236
1485,1028268
1342,1028300
1654,1028332
1807,1028364
1770,1028396
1502,1028428
1304,1028460
1128,1028492
846,1028524
668,1028556
732,1028588
216,1028620
0,1028652
0,1028684
107,1028716
765,1028748
522,1028780
1191,1028812
1375,1028844
1244,1028876
1839,1028908
2040,1028940
1943,1028972
2080,1029004
1853,1029036
1739,1029068
1344,1029100
1118,1029132
971,1029164
665,1029196
93,1029228
238,1029260
0,1029292
476,1029324
671,1029356
602,1029388
1128,1029420
1356,1029452
1321,1029484
1818,1029516
1698,1029548
1959,1029580
1623,1029612
1450,1029644
1614,1029676
985,1029708
799,1029740
890,1029772
347,1029804
127,1029836
165,1029868
20,1029900
588,1029932
809,1029964
1040,1029996
1240,1030028
1502,1030060
1708,1030092
1897,1030124
1803,1030156
2187,1030188
1574,1030220
1414,1030252
1101,1030284
877,1030316
650,1030348
426,1030380
230,1030412
0,1030444
0,1030476
336,1030508
235,1030540
507,1030572
1131,1030604
970,1030636
1627,1030668
1339,1030700
2073,1030732
2265,1030764
1767,1030796
1951,1030828
1722,1030860
1127,1030892
1247,1030924
986,1030956
871,1030988
523,1031020
266,1031052
231,1031084
380,1031116
269,1031148
924,1031180
714,1031212
1360,1031244
1568,1031276
1400,1031308
2038,1031340
2237,1031372
1736,1031404
1817,1031436
1224,1031468
1084,1031500
1211,1031532
600,1031564
749,1031596
137,1031628
0,1031660
266,1031692
151,1031724
413,1031756
955,1031788
861,1031820
1451,1031852
1319,1031884
1917,1031916
2122,1031948
2317,1031980
2046,1032012
1818,1032044
1579,1032076
1342,1032108
1081,1032140
519,1032172
619,1032204
40,1032236
156,1032268
0,1032300
176,1032332
376,1032364
634,1032396
905,1032428
1082,1032460
1364,1032492
1592,1032524
1831,1032556
1880,1032588
1566,1032620
1403,1032652
1615,1032684
905,1032716
1129,1032748
857,1032780
574,1032812
395,1032844
115,1032876
59,1032908
588,1032940
824,1032972
1163,1033004
1243,1033036
1480,1033068
1791,1033100
1936,1033132
2251,1033164
2156,1033196
1500,1033228
1335,1033260
1419,1033292
876,1033324
943,1033356
718,1033388
235,1033420
8,1033452
0,1033484
125,1033516
270,1033548
550,1033580
1162,1033612
996,1033644
1271,1033676
1824,1033708
1725,1033740
1965,1033772
1771,1033804
1547,1033836
1676,1033868
1000,1033900
1208,1033932
940,1033964
748,1033996
488,1034028
220,1034060
0,1034092
459,1034124
319,1034156
909,1034188
775,1034220
1002,1034252
1227,1034284
1456,1034316
1720,1034348
1854,1034380
1646,1034412
1465,1034444
1181,1034476
1002,1034508
703,1034540
553,1034572
749,1034604
40,1034636
263,1034668
346,1034700
567,1034732
807,1034764
1036,1034796
904,1034828
1494,1034860
1689,1034892
2039,1034924
2155,1034956
2173,1034988
2013,1035020
1703,1035052
1103,1035084
1311,1035116
650,1035148
428,1035180
585,1035212
0,1035244
107,1035276
332,1035308
263,1035340
524,1035372
656,1035404
983,1035436
1114,1035468
1400,1035500
2041,1035532
1864,1035564
1799,1035596
1934,1035628
1325,1035660
1144,1035692
875,1035724
685,1035756
809,1035788
508,1035820
335,1035852
202,1035884
470,1035916
670,1035948
904,1035980
750,1036012
1357,1036044
1536,1036076
1817,1036108
2014,1036140
1867,1036172
2060,1036204
1451,1036236
1247,1036268
990,1036300
793,1036332
615,1036364
336,1036396
157,1036428
215,1036460
0,1036492
171,1036524
318,1036556
621,1036588
1277,1036620
1423,1036652
1719,1036684
1914,1036716
1768,1036748
2303,1036780
2028,1036812
1467,1036844
1560,1036876
1326,1036908
1213,1036940
830,1036972
607,1037004
457,1037036
139,1037068
0,1037100
538,1037132
380,1037164
986,1037196
1184,1037228
1114,1037260
1383,1037292
1894,1037324
1847,1037356
2160,1037388
1572,1037420
1433,1037452
1101,1037484
926,1037516
1096,1037548
476,1037580
298,1037612
27,1037644
0,1037676
77,1037708
573,1037740
527,1037772
1102,1037804
1327,1037836
1564,1037868
1760,1037900
1578,1037932
2224,1037964
2126,1037996
1919,1038028
1648,1038060
1050,1038092
1183,1038124
589,1038156
366,1038188
140,1038220
0,1038252
0,1038284
39,1038316
298,1038348
857,1038380
743,1038412
1017,1038444
1655,1038476
1477,1038508
2156,1038540
2303,1038572
2174,1038604
1899,1038636
1242,1038668
1423,1038700
1198,1038732
615,1038764
734,1038796
471,1038828
347,1038860
248,1038892
447,1038924
751,1038956
903,1038988
779,1039020
1436,1039052
1229,1039084
1897,1039116
2095,1039148
1853,1039180
1677,1039212
1758,1039244
1212,1039276
1280,1039308
712,1039340
570,1039372
255,1039404
88,1039436
229,1039468
0,1039500
212,1039532
792,1039564
663,1039596
923,1039628
1472,1039660
1383,1039692
1981,1039724
1850,1039756
2255,1039788
1984,1039820
1340,1039852
1516,1039884
1290,1039916
1054,1039948
825,1039980
566,1040012
365,1040044
91,1040076
0,1040108
570,1040140
429,1040172
686,1040204
888,1040236
1136,1040268
1418,1040300
1607,1040332
1884,1040364
1819,1040396
1579,1040428
1351,1040460
1529,1040492
891,1040524
1097,1040556
392,1040588
617,1040620
333,1040652
0,1040684
463,1040716
652,1040748
569,1040780
1100,1040812
1336,1040844
1687,1040876
1758,1040908
2000,1040940
2327,1040972
2046,1041004
1884,1041036
1624,1041068
986,1041100
824,1041132
893,1041164
362,1041196
429,1041228
203,1041260
0,1041292
443,1041324
328,1041356
637,1041388
778,1041420
1062,1041452
1692,1041484
1512,1041516
1789,1041548
2286,1041580
1720,1041612
1485,1041644
1256,1041676
1023,1041708
1150,1041740
479,1041772
684,1041804
428,1041836
218,1041868
326,1041900
512,1041932
781,1041964
971,1041996
840,1042028
1433,1042060
1289,1042092
1518,1042124
1744,1042156
2142,1042188
1592,1042220
1326,1042252
1129,1042284
952,1042316
678,1042348
504,1042380
667,1042412
44,1042444
215,1042476
0,1042508
679,1042540
863,1042572
695,1042604
1321,1042636
1560,1042668
1419,1042700
2016,1042732
2220,1042764
2265,1042796
1901,1042828
1640,1042860
1485,1042892
1177,1042924
592,1042956
798,1042988
141,1043020
0,1043052
189,1043084
44,1043116
650,1043148
843,1043180
775,1043212
1296,1043244
1178,1043276
1496,1043308
1639,1043340
1926,1043372
2153,1043404
1497,1043436
1274,1043468
1406,1043500
811,1043532
636,1043564
363,1043596
183,1043628
283,1043660
232,1043692
523,1043724
728,1043756
985,1043788
1190,1043820
1416,1043852
1644,1043884
1883,1043916
2077,1043948
2281,1043980
2000,1044012
1390,1044044
1531,1044076
928,1044108
732,1044140
475,1044172
282,1044204
103,1044236
0,1044268
16,1044300
223,1044332
453,1044364
683,1044396
828,1044428
1131,1044460
1807,1044492
1546,1044524
2253,1044556
2249,1044588
1641,1044620
1773,1044652
1500,1044684
955,1044716
1034,1044748
810,1044780
687,1044812
317,1044844
87,1044876
409,1044908
557,1044940
443,1044972
1052,1045004
896,1045036
1503,1045068
1710,1045100
1626,1045132
2173,1045164
2112,1045196
1607,1045228
1628,1045260
1050,1045292
909,1045324
592,1045356
424,1045388
576,1045420
0,1045452
0,1045484
101,1045516
360,1045548
587,1045580
1086,1045612
1037,1045644
1630,1045676
1863,1045708
2094,1045740
2298,1045772
2142,1045804
1868,1045836
1595,1045868
1401,1045900
1130,1045932
538,1045964
669,1045996
80,1046028
0,1046060
0,1046092
102,1046124
358,1046156
548,1046188
804,1046220
1077,1046252
1256,1046284
1532,1046316
2187,1046348
1930,1046380
2142,1046412
1387,1046444
1643,1046476
1369,1046508
731,1046540
905,1046572
672,1046604
103,1046636
202,1046668
312,1046700
493,1046732
760,1046764
969,1046796
1271,1046828
1418,1046860
1294,1046892
1967,1046924
1752,1046956
2234,1046988
1976,1047020
1333,1047052
1486,1047084
1230,1047116
708,1047148
768,1047180
203,1047212
61,1047244
0,1047276
42,1047308
649,1047340
489,1047372
713,1047404
1306,1047436
1163,1047468
1435,1047500
2008,1047532
1911,1047564
2205,1047596
1607,1047628
1725,1047660
1456,1047692
1258,1047724
1000,1047756
768,1047788
538,1047820
311,1047852
171,1047884
427,1047916
634,1047948
494,1047980
1081,1048012
944,1048044
1199,1048076
1403,1048108
1660,1048140
1945,1048172
1706,1048204
1524,1048236
1291,1048268
1063,1048300
839,1048332
536,1048364
379,1048396
573,1048428
0,1048460
333,1048492
525,1048524
401,1048556
971,1048588
1164,1048620
1385,1048652
1624,1048684
1867,1048716
2219,1048748
2222,1048780
1992,1048812
1839,1048844
1518,1048876
1353,1048908
1096,1048940
476,1048972
312,1049004
379,1049036
0,1049068
269,1049100
506,1049132
472,1049164
958,1049196
828,1049228
1151,1049260
1290,1049292
1577,1049324
2222,1049356
1849,1049388
1659,1049420
1757,1049452
1195,1049484
969,1049516
734,1049548
519,1049580
634,1049612
0,1049644
168,1049676
382,1049708
649,1049740
844,1049772
1024,1049804
1294,1049836
1484,1049868
1344,1049900
1960,1049932
1807,1049964
1738,1049996
1500,1050028
1274,1050060
1070,1050092
812,1050124
618,1050156
442,1050188
167,1050220
0,1050252
267,1050284
118,1050316
763,1050348
491,1050380
1195,1050412
1386,1050444
1204,1050476
1849,1050508
2092,1050540
2268,1050572
2125,1050604
1848,1050636
1735,1050668
1373,1050700
1117,1050732
960,1050764
653,1050796
93,1050828
280,1050860
0,1050892
106,1050924
714,1050956
552,1050988
1162,1051020
1359,1051052
1288,1051084
1817,1051116
1704,1051148
1948,1051180
2089,1051212
1440,1051244
1613,1051276
981,1051308
760,1051340
888,1051372
302,1051404
120,1051436
0,1051468
24,1051500
587,1051532
749,1051564
1040,1051596
1244,1051628
1511,1051660
1710,1051692
1945,1051724
2175,1051756
2218,1051788
1948,1051820
1742,1051852
1471,1051884
875,1051916
1007,1051948
424,1051980
234,1052012
0,1052044
0,1052076
58,1052108
238,1052140
507,1052172
741,1052204
966,1052236
1195,1052268
1344,1052300
1655,1052332
2345,1052364
1767,1052396
1997,1052428
1721,1052460
1434,1052492
1247,1052524
974,1052556
443,1052588
522,1052620
297,1052652
309,1052684
382,1052716
622,1052748
925,1052780
1070,1052812
952,1052844
1568,1052876
1401,1052908
2040,1052940
2239,1052972
1736,1053004
1808,1053036
1582,1053068
1083,1053100
857,1053132
538,1053164
405,1053196
86,1053228
0,1053260
300,1053292
152,1053324
413,1053356
604,1053388
872,1053420
1101,1053452
1613,1053484
1561,1053516
2170,1053548
2315,1053580
2080,1053612
1818,1053644
1612,1053676
1338,1053708
1067,1053740
879,1053772
608,1053804
29,1053836
153,1053868
0,1053900
156,1053932
382,1053964
614,1053996
859,1054028
1060,1054060
1319,1054092
1593,1054124
1775,1054156
1875,1054188
1945,1054220
1401,1054252
1607,1054284
872,1054316
1115,1054348
846,1054380
606,1054412
391,1054444
163,1054476
56,1054508
633,1054540
825,1054572
1163,1054604
1275,1054636
1481,1054668
1791,1054700
1945,1054732
1815,1054764
2191,1054796
1498,1054828
1705,1054860
1436,1054892
814,1054924
971,1054956
720,1054988
196,1055020
8,1055052
0,1055084
126,1055116
269,1055148
552,1055180
1167,1055212
1000,1055244
1228,1055276
1834,1055308
1691,1055340
1976,1055372
2106,1055404
1545,1055436
1671,1055468
1081,1055500
1209,1055532
940,1055564
747,1055596
478,1055628
248,1055660
0,1055692
495,1055724
686,1055756
953,1055788
1146,1055820
1005,1055852
1609,1055884
1463,1055916
1722,1055948
1851,1055980
1644,1056012
1463,1056044
1180,1056076
1001,1056108
779,1056140
551,1056172
325,1056204
25,1056236
0,1056268
425,1056300
568,1056332
857,1056364
1039,1056396
906,1056428
1497,1056460
1692,1056492
1595,1056524
2156,1056556
2207,1056588
2091,1056620
1695,1056652
1464,1056684
1310,1056716
988,1056748
843,1056780
576,1056812
0,1056844
0,1056876
332,1056908
267,1056940
535,1056972
1020,1057004
983,1057036
1472,1057068
1342,1057100
1675,1057132
1818,1057164
1797,1057196
1966,1057228
1326,1057260
1134,1057292
1230,1057324
680,1057356
457,1057388
231,1057420
6,1057452
246,1057484
46,1057516
700,1057548
906,1057580
729,1057612
1356,1057644
1551,1057676
1820,1057708
2016,1057740
1880,1057772
2048,1057804
1449,1057836
1222,1057868
983,1057900
752,1057932
567,1057964
302,1057996
105,1058028
0,1058060
0,1058092
179,1058124
319,1058156
630,1058188
1277,1058220
1432,1058252
1720,1058284
1913,1058316
1722,1058348
2301,1058380
2074,1058412
1464,1058444
1596,1058476
1321,1058508
1197,1058540
858,1058572
606,1058604
445,1058636
135,1058668
0,1058700
576,1058732
382,1058764
616,1058796
1228,1058828
1064,1058860
1351,1058892
1897,1058924
1815,1058956
2159,1058988
1562,1059020
1420,1059052
1099,1059084
926,1059116
1087,1059148
471,1059180
251,1059212
366,1059244
0,1059276
75,1059308
268,1059340
525,1059372
1113,1059404
1263,1059436
1575,1059468
1770,1059500
1593,1059532
2238,1059564
2168,1059596
1920,1059628
1689,1059660
1416,1059692
1214,1059724
957,1059756
364,1059788
496,1059820
0,1059852
0,1059884
42,1059916
297,1059948
571,1059980
748,1060012
1022,1060044
1550,1060076
1480,1060108
1720,1060140
2365,1060172
1755,1060204
1977,1060236
1242,1060268
1467,1060300
1195,1060332
604,1060364
731,1060396
464,1060428
0,1060460
240,1060492
479,1060524
825,1060556
895,1060588
1133,1060620
1449,1060652
1597,1060684
1467,1060716
2105,1060748
1849,1060780
1675,1060812
1757,1060844
1212,1060876
1279,1060908
1064,1060940
569,1060972
601,1061004
36,1061036
0,1061068
0,1061100
214,1061132
826,1061164
662,1061196
935,1061228
1116,1061260
1383,1061292
1623,1061324
2143,1061356
1887,1061388
2026,1061420
1339,1061452
1550,1061484
1288,1061516
1084,1061548
826,1061580
556,1061612
361,1061644
103,1061676
0,1061708
576,1061740
432,1061772
668,1061804
891,1061836
1124,1061868
1381,1061900
1579,1061932
1836,1061964
2120,1061996
1526,1062028
1342,1062060
1517,1062092
889,1062124
1095,1062156
362,1062188
605,1062220
332,1062252
0,1062284
461,1062316
697,1062348
567,1062380
1149,1062412
1340,1062444
1691,1062476
1803,1062508
2011,1062540
2329,1062572
2044,1062604
1448,1062636
1658,1062668
985,1062700
770,1062732
922,1062764
312,1062796
459,1062828
203,1062860
0,1062892
443,1062924
331,1062956
649,1062988
782,1063020
1064,1063052
1693,1063084
1516,1063116
1753,1063148
2284,1063180
1674,1063212
1480,1063244
1577,1063276
1019,1063308
1145,1063340
844,1063372
687,1063404
426,1063436
219,1063468
330,1063500
556,1063532
782,1063564
1008,1063596
1207,1063628
1471,1063660
1672,1063692
1520,1063724
2137,1063756
1792,1063788
1591,1063820
1324,1063852
1128,1063884
950,1063916
670,1063948
489,1063980
270,1064012
39,1064044
0,1064076
0,1064108
283,1064140
941,1064172
688,1064204
1369,1064236
1564,1064268
1427,1064300
2025,1064332
2222,1064364
1815,1064396
1901,1064428
1673,1064460
1547,1064492
1165,1064524
942,1064556
796,1064588
489,1064620
0,1064652
190,1064684
44,1064716
328,1064748
857,1064780
778,1064812
1305,1064844
1535,1064876
1498,1064908
1998,1064940
1872,1064972
1773,1065004
1437,1065036
1271,1065068
1436,1065100
810,1065132
631,1065164
716,1065196
172,1065228
0,1065260
234,1065292
189,1065324
765,1065356
558,1065388
1226,1065420
1418,1065452
1692,1065484
1888,1065516
2080,1065548
2272,1065580
1998,1065612
1386,1065644
1529,1065676
928,1065708
710,1065740
950,1065772
240,1065804
56,1065836
0,1065868
0,1065900
232,1065932
410,1065964
682,1065996
830,1066028
1140,1066060
1815,1066092
1518,1066124
2251,1066156
2249,1066188
1589,1066220
1696,1066252
1544,1066284
948,1066316
1070,1066348
800,1066380
683,1066412
344,1066444
87,1066476
412,1066508
565,1066540
444,1066572
1101,1066604
893,1066636
1118,1066668
1752,1066700
1580,1066732
2218,1066764
2106,1066796
1559,1066828
1628,1066860
1038,1066892
906,1066924
588,1066956
424,1066988
571,1067020
0,1067052
0,1067084
446,1067116
319,1067148
588,1067180
1133,1067212
1040,1067244
1631,1067276
1789,1067308
2103,1067340
2301,1067372
2141,1067404
1868,1067436
1628,1067468
1390,1067500
1166,1067532
896,1067564
704,1067596
441,1067628
0,1067660
0,1067692
105,1067724
360,1067756
552,1067788
810,1067820
1082,1067852
1258,1067884
1534,1067916
2088,1067948
1928,1067980
1693,1068012
1386,1068044
1227,1068076
1435,1068108
730,1068140
953,1068172
680,1068204
101,1068236
205,1068268
312,1068300
224,1068332
766,1068364
991,1068396
1344,1068428
1422,1068460
1658,1068492
1977,1068524
2123,1068556
1790,1068588
1965,1068620
1324,1068652
1486,1068684
1228,1068716
698,1068748
765,1068780
549,1068812
59,1068844
89,1068876
1,1068908
301,1068940
442,1068972
724,1069004
1340,1069036
1175,1069068
1447,1069100
2010,1069132
1912,1069164
1833,1069196
1886,1069228
1359,1069260
1488,1069292
1259,1069324
1024,1069356
764,1069388
570,1069420
304,1069452
170,1069484
443,1069516
633,1069548
506,1069580
797,1069612
954,1069644
1180,1069676
1404,1069708
1642,1069740
1902,1069772
1672,1069804
1466,1069836
1582,1069868
1003,1069900
838,1069932
1003,1069964
377,1069996
571,1070028
0,1070060
331,1070092
527,1070124
361,1070156
975,1070188
1212,1070220
1081,1070252
1678,1070284
1870,1070316
2221,1070348
2252,1070380
1983,1070412
1835,1070444
1515,1070476
926,1070508
1133,1070540
473,1070572
662,1070604
398,1070636
0,1070668
302,1070700
508,1070732
440,1070764
957,1070796
840,1070828
1159,1070860
1753,1070892
1580,1070924
2221,1070956
1848,1070988
1621,1071020
1754,1071052
1147,1071084
970,1071116
1053,1071148
509,1071180
633,1071212
57,1071244
169,1071276
384,1071308
649,1071340
846,1071372
1072,1071404
1294,1071436
1532,1071468
1726,1071500
1619,1071532
2201,1071564
1738,1071596
1872,1071628
1264,1071660
1068,1071692
813,1071724
616,1071756
439,1071788
168,1071820
0,1071852
0,1071884
120,1071916
347,1071948
493,1071980
795,1072012
1452,1072044
1208,1072076
1899,1072108
2090,1072140
2272,1072172
2123,1072204
1848,1072236
1285,1072268
1374,1072300
1148,1072332
1024,1072364
653,1072396
430,1072428
271,1072460
217,1072492
512,1072524
714,1072556
557,1072588
839,1072620
1370,1072652
1290,1072684
1834,1072716
2073,1072748
1946,1072780
1719,1072812
1386,1072844
1245,1072876
924,1072908
762,1072940
922,1072972
298,1073004
119,1073036
188,1073068
25,1073100
253,1073132
475,1073164
703,1073196
1288,1073228
1072,1073260
1758,1073292
1946,1073324
2220,1073356
2218,1073388
1944,1073420
1354,1073452
1469,1073484
871,1073516
1005,1073548
415,1073580
200,1073612
0,1073644
0,1073676
23,1073708
216,1073740
462,1073772
743,1073804
920,1073836
1194,1073868
1355,1073900
1657,1073932
2343,1073964
1736,1073996
1992,1074028
1709,1074060
1454,1074092
1243,1074124
1016,1074156
439,1074188
558,1074220
285,1074252
299,1074284
426,1074316
621,1074348
927,1074380
1070,1074412
944,1074444
1624,1074476
1406,1074508
1642,1074540
2283,1074572
1672,1074604
1838,1074636
1578,1074668
1035,1074700
846,1074732
536,1074764
394,1074796
91,1074828
0,1074860
301,1074892
156,1074924
381,1074956
960,1074988
839,1075020
1099,1075052
1289,1075084
1562,1075116
2167,1075148
2237,1075180
2075,1075212
1804,1075244
1607,1075276
1336,1075308
1102,1075340
508,1075372
649,1075404
381,1075436
173,1075468
288,1075500
156,1075532
747,1075564
608,1075596
870,1075628
1064,1075660
1320,1075692
1605,1075724
1785,1075756
1868,1075788
1934,1075820
1400,1075852
1175,1075884
860,1075916
728,1075948
921,1075980
605,1076012
431,1076044
167,1076076
63,1076108
635,1076140
828,1076172
747,1076204
1288,1076236
1516,1076268
1869,1076300
1950,1076332
2189,1076364
2189,1076396
1866,1076428
1272,1076460
1436,1076492
812,1076524
970,1076556
716,1076588
187,1076620
8,1076652
166,1076684
138,1076716
620,1076748
502,1076780
821,1076812
954,1076844
1239,1076876
1870,1076908
1692,1076940
1975,1076972
1732,1077004
1533,1077036
1309,1077068
1356,1077100
847,1077132
972,1077164
733,1077196
510,1077228
250,1077260
0,1077292
506,1077324
696,1077356
955,1077388
1150,1077420
1007,1077452
1611,1077484
1469,1077516
1704,1077548
1849,1077580
1614,1077612
1414,1077644
1148,1077676
953,1077708
1069,1077740
495,1077772
327,1077804
485,1077836
0,1077868
427,1077900
575,1077932
857,1077964
1040,1077996
861,1078028
1499,1078060
1740,1078092
1598,1078124
2204,1078156
2200,1078188
2075,1078220
1276,1078252
1454,1078284
1307,1078316
999,1078348
425,1078380
618,1078412
0,1078444
152,1078476
377,1078508
218,1078540
503,1078572
1022,1078604
951,1078636
1482,1078668
1354,1078700
1687,1078732
1818,1078764
1786,1078796
1961,1078828
1320,1078860
1096,1078892
1226,1078924
637,1078956
455,1078988
538,1079020
2,1079052
249,1079084
139,1079116
711,1079148
906,1079180
732,1079212
1360,1079244
1596,1079276
1832,1079308
2063,1079340
2264,1079372
2092,1079404
1819,1079436
1213,1079468
1344,1079500
752,1079532
559,1079564
300,1079596
104,1079628
0,1079660
0,1079692
179,1079724
405,1079756
632,1079788
859,1079820
1485,1079852
1307,1079884
1993,1079916
1737,1079948
2347,1079980
2063,1080012
1460,1080044
1593,1080076
1322,1080108
776,1080140
856,1080172
632,1080204
511,1080236
126,1080268
282,1080300
587,1080332
732,1080364
1033,1080396
1228,1080428
1066,1080460
1352,1080492
1900,1080524
1816,1080556
2158,1080588
1929,1080620
1418,1080652
1452,1080684
872,1080716
733,1080748
412,1080780
248,1080812
396,1080844
0,1080876
87,1080908
622,1080940
537,1080972
765,1081004
987,1081036
1213,1081068
1818,1081100
1592,1081132
2282,1081164
2156,1081196
1960,1081228
1689,1081260
1407,1081292
1214,1081324
953,1081356
361,1081388
490,1081420
0,1081452
0,1081484
47,1081516
270,1081548
524,1081580
718,1081612
973,1081644
1255,1081676
1433,1081708
1720,1081740
2375,1081772
1752,1081804
1961,1081836
1210,1081868
1462,1081900
1193,1081932
555,1081964
729,1081996
494,1082028
0,1082060
288,1082092
480,1082124
827,1082156
940,1082188
1136,1082220
1451,1082252
1597,1082284
1468,1082316
2156,1082348
1848,1082380
1614,1082412
1788,1082444
1156,1082476
1309,1082508
1052,1082540
523,1082572
601,1082604
25,1082636
0,1082668
0,1082700
218,1082732
827,1082764
664,1082796
891,1082828
1484,1082860
1351,1082892
1624,1082924
1815,1082956
1885,1082988
2013,1083020
1709,1083052
1547,1083084
1276,1083116
1081,1083148
816,1083180
588,1083212
360,1083244
139,1083276
351,1083308
617,1083340
809,1083372
669,1083404
1259,1083436
1128,1083468
1382,1083500
1582,1083532
1848,1083564
1805,1083596
1518,1083628
1338,1083660
1115,1083692
886,1083724
653,1083756
362,1083788
205,1083820
397,1083852
0,1083884
509,1083916
703,1083948
571,1083980
1151,1084012
1342,1084044
1259,1084076
1816,1084108
2046,1084140
2399,1084172
2041,1084204
1804,1084236
1647,1084268
1337,1084300
762,1084332
922,1084364
302,1084396
447,1084428
201,1084460
0,1084492
448,1084524
684,1084556
649,1084588
1134,1084620
1006,1084652
1326,1084684
1466,1084716
1756,1084748
2316,1084780
1672,1084812
1479,1084844
1568,1084876
1019,1084908
793,1084940
840,1084972
343,1085004
448,1085036
215,1085068
362,1085100
558,1085132
816,1085164
1016,1085196
1210,1085228
1479,1085260
1675,1085292
1528,1085324
2137,1085356
1787,1085388
1560,1085420
1323,1085452
1098,1085484
891,1085516
636,1085548
443,1085580
266,1085612
1,1085644
0,1085676
455,1085708
286,1085740
940,1085772
678,1085804
1371,1085836
1567,1085868
1383,1085900
2041,1085932
2270,1085964
1813,1085996
1944,1086028
1671,1086060
1390,1086092
1196,1086124
940,1086156
793,1086188
478,1086220
0,1086252
238,1086284
46,1086316
686,1086348
889,1086380
726,1086412
1340,1086444
1548,1086476
1465,1086508
2009,1086540
1872,1086572
1769,1086604
1438,1086636
1270,1086668
1433,1086700
808,1086732
586,1086764
704,1086796
126,1086828
0,1086860
280,1086892
199,1086924
767,1086956
649,1086988
1227,1087020
1422,1087052
1691,1087084
1888,1087116
2136,1087148
2270,1087180
2040,1087212
1760,1087244
1565,1087276
1295,1087308
699,1087340
839,1087372
247,1087404
48,1087436
0,1087468
0,1087500
234,1087532
422,1087564
695,1087596
919,1087628
1143,1087660
1371,1087692
1529,1087724
1835,1087756
2315,1087788
1582,1087820
1819,1087852
1533,1087884
937,1087916
1067,1087948
798,1087980
569,1088012
342,1088044
125,1088076
488,1088108
568,1088140
798,1088172
1103,1088204
1255,1088236
1549,1088268
1757,1088300
1581,1088332
1879,1088364
2106,1088396
1548,1088428
1624,1088460
1400,1088492
905,1088524
936,1088556
360,1088588
221,1088620
0,1088652
0,1088684
486,1088716
329,1088748
589,1088780
1134,1088812
1050,1088844
1289,1088876
1501,1088908
1741,1088940
2348,1088972
1679,1089004
1898,1089036
1628,1089068
1424,1089100
1164,1089132
895,1089164
699,1089196
431,1089228
0,1089260
238,1089292
104,1089324
330,1089356
555,1089388
782,1089420
1035,1089452
1238,1089484
1494,1089516
1783,1089548
1871,1089580
1689,1089612
1867,1089644
1225,1089676
1430,1089708
699,1089740
941,1089772
669,1089804
52,1089836
201,1089868
352,1089900
541,1089932
812,1089964
1003,1089996
1339,1090028
1455,1090060
1663,1090092
1979,1090124
2126,1090156
1788,1090188
2008,1090220
1321,1090252
1404,1090284
1258,1090316
650,1090348
793,1090380
540,1090412
24,1090444
91,1090476
5,1090508
312,1090540
889,1090572
728,1090604
1351,1090636
1178,1090668
1405,1090700
2014,1090732
1879,1090764
1830,1090796
1549,1090828
1355,1090860
1485,1090892
1183,1090924
1021,1090956
762,1090988
557,1091020
300,1091052
216,1091084
444,1091116
680,1091148
872,1091180
1132,1091212
1324,1091244
1182,1091276
1787,1091308
1647,1091340
1904,1091372
1672,1091404
1466,1091436
1274,1091468
1004,1091500
826,1091532
605,1091564
376,1091596
142,1091628
0,1091660
0,1091692
603,1091724
362,1091756
1033,1091788
1227,1091820
1402,1091852
1679,1091884
1872,1091916
1783,1091948
2251,1091980
2016,1092012
1901,1092044
1515,1092076
1279,1092108
1135,1092140
824,1092172
249,1092204
408,1092236
0,1092268
313,1092300
510,1092332
442,1092364
957,1092396
1198,1092428
1160,1092460
1391,1092492
1528,1092524
1863,1092556
1786,1092588
1610,1092620
1785,1092652
1154,1092684
958,1092716
694,1092748
504,1092780
281,1092812
320,1092844
0,1092876
426,1092908
651,1092940
880,1092972
1082,1093004
1342,1093036
1536,1093068
1736,1093100
1999,1093132
2202,1093164
1726,1093196
1869,1093228
1262,1093260
1036,1093292
808,1093324
576,1093356
390,1093388
134,1093420
0,1093452
0,1093484
74,1093516
345,1093548
973,1093580
798,1093612
1454,1093644
1180,1093676
1901,1093708
2095,1093740
2315,1093772
2119,1093804
1886,1093836
1286,1093868
1406,1093900
1144,1093932
1033,1093964
681,1093996
416,1094028
265,1094060
224,1094092
109,1094124
762,1094156
558,1094188
1211,1094220
1407,1094252
1240,1094284
1866,1094316
2078,1094348
1900,1094380
1719,1094412
1385,1094444
1241,1094476
922,1094508
749,1094540
909,1094572
296,1094604
73,1094636
186,1094668
0,1094700
252,1094732
795,1094764
711,1094796
1289,1094828
1165,1094860
1753,1094892
1952,1094924
2221,1094956
2216,1094988
1978,1095020
1353,1095052
1503,1095084
1240,1095116
1038,1095148
777,1095180
189,1095212
318,1095244
0,1095276
25,1095308
217,1095340
474,1095372
744,1095404
925,1095436
1204,1095468
1431,1095500
1660,1095532
1899,1095564
1726,1095596
1566,1095628
1785,1095660
1465,1095692
1279,1095724
1007,1095756
435,1095788
553,1095820
284,1095852
0,1095884
428,1095916
666,1095948
1003,1095980
1083,1096012
1311,1096044
1627,1096076
1773,1096108
2078,1096140
2284,1096172
1672,1096204
1492,1096236
1567,1096268
1034,1096300
844,1096332
880,1096364
391,1096396
414,1096428
0,1096460
0,1096492
110,1096524
392,1096556
1004,1096588
840,1096620
1111,1096652
1661,1096684
1565,1096716
1803,1096748
1946,1096780
1707,1096812
1838,1096844
1160,1096876
1372,1096908
1104,1096940
472,1096972
638,1097004
382,1097036
171,1097068
296,1097100
168,1097132
749,1097164
616,1097196
842,1097228
1067,1097260
1294,1097292
1552,1097324
1758,1097356
1815,1097388
1629,1097420
1341,1097452
1172,1097484
861,1097516
712,1097548
909,1097580
603,1097612
425,1097644
173,1097676
25,1097708
639,1097740
876,1097772
746,1097804
1325,1097836
1519,1097868
1879,1097900
1991,1097932
2191,1097964
2185,1097996
1855,1098028
1262,1098060
1472,1098092
810,1098124
586,1098156
746,1098188
136,1098220
0,1098252
168,1098284
105,1098316
633,1098348
506,1098380
824,1098412
955,1098444
1242,1098476
1881,1098508
1702,1098540
1943,1098572
2104,1098604
1484,1098636
1304,1098668
1035,1098700
843,1098732
969,1098764
666,1098796
505,1098828
252,1098860
0,1098892
510,1098924
735,1098956
956,1098988
1193,1099020
1388,1099052
1658,1099084
1854,1099116
1708,1099148
2222,1099180
1612,1099212
1404,1099244
1147,1099276
944,1099308
765,1099340
490,1099372
314,1099404
377,1099436
0,1099468
20,1099500
632,1099532
460,1099564
1116,1099596
872,1099628
1551,1099660
1741,1099692
1608,1099724
2207,1099756
2191,1099788
1627,1099820
1720,1099852
1484,1099884
1369,1099916
989,1099948
764,1099980
608,1100012
304,1100044
0,1100076
378,1100108
220,1100140
504,1100172
1024,1100204
952,1100236
1484,1100268
1724,1100300
1687,1100332
2188,1100364
1724,1100396
1593,1100428
1262,1100460
1094,1100492
1259,1100524
632,1100556
455,1100588
184,1100620
0,1100652
0,1100684
414,1100716
377,1100748
942,1100780
734,1100812
1404,1100844
1600,1100876
1871,1100908
2074,1100940
2269,1100972
2089,1101004
1819,1101036
1209,1101068
1344,1101100
750,1101132
524,1101164
298,1101196
76,1101228
0,1101260
0,1101292
138,1101324
700,1101356
587,1101388
859,1101420
1495,1101452
1316,1101484
1993,1101516
1705,1101548
2343,1101580
2063,1101612
1403,1101644
1583,1101676
1356,1101708
766,1101740
894,1101772
634,1101804
509,1101836
155,1101868
285,1101900
589,1101932
736,1101964
620,1101996
1276,1102028
1072,1102060
1304,1102092
1934,1102124
1756,1102156
2189,1102188
1920,1102220
1373,1102252
1451,1102284
824,1102316
728,1102348
415,1102380
246,1102412
397,1102444
0,1102476
45,1102508
632,1102540
503,1102572
763,1102604
1310,1102636
1223,1102668
1819,1102700
1976,1102732
2285,1102764
2156,1102796
1950,1102828
1674,1102860
1449,1102892
1212,1102924
984,1102956
728,1102988
524,1103020
256,1103052
0,1103084
400,1103116
282,1103148
536,1103180
732,1103212
984,1103244
1260,1103276
1438,1103308
1723,1103340
1950,1103372
1748,1103404
1511,1103436
1198,1103468
1053,1103500
1255,1103532
552,1103564
767,1103596
495,1103628
0,1103660
297,1103692
488,1103724
411,1103756
938,1103788
1178,1103820
1517,1103852
1600,1103884
1839,1103916
2157,1103948
2217,1103980
1612,1104012
1784,1104044
1146,1104076
970,1104108
1052,1104140
523,1104172
591,1104204
363,1104236
0,1104268
282,1104300
170,1104332
479,1104364
620,1104396
902,1104428
1528,1104460
1356,1104492
1627,1104524
2200,1104556
1883,1104588
1655,1104620
1706,1104652
1191,1104684
1310,1104716
648,1104748
846,1104780
592,1104812
384,1104844
152,1104876
360,1104908
619,1104940
815,1104972
680,1105004
1264,1105036
1130,1105068
1356,1105100
2087,1105132
1820,1105164
1752,1105196
1495,1105228
1288,1105260
1112,1105292
828,1105324
651,1105356
351,1105388
201,1105420
395,1105452
0,1105484
519,1105516
703,1105548
537,1105580
1163,1105612
1399,1105644
1257,1105676
1862,1105708
2061,1105740
2407,1105772
2064,1105804
1804,1105836
1647,1105868
1336,1105900
751,1105932
954,1105964
300,1105996
86,1106028
222,1106060
0,1106092
479,1106124
686,1106156
615,1106188
1136,1106220
1016,1106252
1337,1106284
1471,1106316
1758,1106348
2313,1106380
1660,1106412
1432,1106444
1566,1106476
971,1106508
791,1106540
876,1106572
333,1106604
447,1106636
140,1106668
365,1106700
570,1106732
827,1106764
1022,1106796
1255,1106828
1480,1106860
1721,1106892
1914,1106924
2187,1106956
2168,1106988
1550,1107020
1399,1107052
1088,1107084
892,1107116
635,1107148
442,1107180
263,1107212
0,1107244
0,1107276
359,1107308
296,1107340
523,1107372
670,1107404
971,1107436
1642,1107468
1382,1107500
2089,1107532
2271,1107564
1799,1107596
1935,1107628
1661,1107660
1112,1107692
1194,1107724
971,1107756
859,1107788
474,1107820
249,1107852
247,1107884
398,1107916
285,1107948
892,1107980
730,1108012
1342,1108044
1550,1108076
1468,1108108
2010,1108140
2253,1108172
1767,1108204
1803,1108236
1200,1108268
1069,1108300
750,1108332
582,1108364
736,1108396
123,1108428
0,1108460
284,1108492
200,1108524
431,1108556
927,1108588
879,1108620
1466,1108652
1695,1108684
1942,1108716
2136,1108748
2302,1108780
2030,1108812
1758,1108844
1562,1108876
1290,1108908
696,1108940
541,1108972
238,1109004
23,1109036
0,1109068
0,1109100
198,1109132
391,1109164
648,1109196
1216,1109228
1097,1109260
1373,1109292
2024,1109324
1836,1109356
2303,1109388
1549,1109420
1806,1109452
1531,1109484
890,1109516
1065,1109548
842,1109580
254,1109612
378,1109644
137,1109676
491,1109708
600,1109740
808,1109772
1113,1109804
1258,1109836
1132,1109868
1806,1109900
1592,1109932
2265,1109964
2136,1109996
1486,1110028
1656,1110060
1392,1110092
859,1110124
925,1110156
360,1110188
219,1110220
335,1110252
0,1110284
489,1110316
340,1110348
559,1110380
1148,1110412
1005,1110444
1277,1110476
1838,1110508
1751,1110540
2347,1110572
1759,1110604
1897,1110636
1624,1110668
1417,1110700
1152,1110732
927,1110764
700,1110796
464,1110828
201,1110860
0,1110892
473,1110924
333,1110956
925,1110988
791,1111020
1040,1111052
1243,1111084
1498,1111116
1783,1111148
1868,1111180
1688,1111212
1451,1111244
1223,1111276
989,1111308
696,1111340
540,1111372
735,1111404
41,1111436
235,1111468
363,1111500
541,1111532
813,1111564
1007,1111596
919,1111628
1464,1111660
1696,1111692
2057,1111724
2138,1111756
2154,1111788
1999,1111820
1679,1111852
1519,1111884
1256,1111916
635,1111948
460,1111980
542,1112012
17,1112044
103,1112076
348,1112108
315,1112140
541,1112172
680,1112204
989,1112236
1130,1112268
1416,1112300
2059,1112332
1880,1112364
1821,1112396
1918,1112428
1355,1112460
1129,1112492
903,1112524
671,1112556
794,1112588
136,1112620
330,1112652
222,1112684
478,1112716
682,1112748
873,1112780
761,1112812
1326,1112844
1184,1112876
1789,1112908
1648,1112940
1884,1112972
1661,1113004
1434,1113036
1229,1113068
972,1113100
775,1113132
599,1113164
327,1113196
147,1113228
0,1113260
0,1113292
605,1113324
332,1113356
1035,1113388
1226,1113420
1437,1113452
1679,1113484
1920,1113516
1783,1113548
2287,1113580
2012,1113612
1896,1113644
1544,1113676
1276,1113708
1119,1113740
809,1113772
237,1113804
438,1113836
0,1113868
0,1113900
544,1113932
396,1113964
992,1113996
1200,1114028
1127,1114060
1399,1114092
1532,1114124
1863,1114156
1784,1114188
1600,1114220
1775,1114252
1142,1114284
921,1114316
968,1114348
459,1114380
279,1114412
18,1114444
0,1114476
429,1114508
588,1114540
887,1114572
1082,1114604
1342,1114636
1546,1114668
1784,1114700
1624,1114732
2253,1114764
2109,1114796
1914,1114828
1631,1114860
1036,1114892
1167,1114924
584,1114956
394,1114988
122,1115020
0,1115052
0,1115084
78,1115116
348,1115148
863,1115180
811,1115212
1035,1115244
1192,1115276
1499,1115308
2173,1115340
2319,1115372
2171,1115404
1885,1115436
1277,1115468
1405,1115500
1143,1115532
599,1115564
680,1115596
448,1115628
328,1115660
233,1115692
456,1115724
765,1115756
911,1115788
793,1115820
1408,1115852
1242,1115884
1871,1115916
2078,1115948
1894,1115980
1705,1116012
1743,1116044
1240,1116076
1260,1116108
688,1116140
555,1116172
240,1116204
72,1116236
206,1116268
2,1116300
264,1116332
444,1116364
715,1116396
939,1116428
1451,1116460
1391,1116492
1996,1116524
2237,1116556
2250,1116588
1976,1116620
1323,1116652
1502,1116684
1232,1116716
1035,1116748
767,1116780
187,1116812
316,1116844
0,1116876
5,1116908
221,1116940
446,1116972
708,1117004
892,1117036
1159,1117068
1740,1117100
1613,1117132
1909,1117164
2221,1117196
1564,1117228
1774,1117260
1456,1117292
1285,1117324
1007,1117356
379,1117388
544,1117420
320,1117452
0,1117484
474,1117516
668,1117548
1005,1117580
1120,1117612
1323,1117644
1631,1117676
1787,1117708
1648,1117740
2336,1117772
1663,1117804
1868,1117836
1600,1117868
972,1117900
807,1117932
875,1117964
349,1117996
408,1118028
0,1118060
0,1118092
111,1118124
394,1118156
1003,1118188
844,1118220
1069,1118252
1672,1118284
1527,1118316
1806,1118348
2268,1118380
1703,1118412
1837,1118444
1241,1118476
1359,1118508
1102,1118540
471,1118572
640,1118604
413,1118636
170,1118668
335,1118700
537,1118732
792,1118764
987,1118796
845,1118828
1440,1118860
1296,1118892
1563,1118924
1767,1118956
1816,1118988
1626,1119020
1340,1119052
1173,1119084
939,1119116
712,1119148
478,1119180
651,1119212
29,1119244
249,1119276
27,1119308
687,1119340
879,1119372
754,1119404
1337,1119436
1520,1119468
1435,1119500
1994,1119532
2236,1119564
2249,1119596
1855,1119628
1627,1119660
1471,1119692
1162,1119724
1001,1119756
732,1119788
138,1119820
0,1119852
174,1119884
106,1119916
632,1119948
868,1119980
826,1120012
1310,1120044
1192,1120076
1513,1120108
1644,1120140
1944,1120172
2128,1120204
1482,1120236
1292,1120268
1389,1120300
839,1120332
619,1120364
392,1120396
169,1120428
270,1120460
0,1120492
540,1120524
736,1120556
1002,1120588
1198,1120620
1390,1120652
1661,1120684
1856,1120716
1709,1120748
2221,1120780
1611,1120812
1374,1120844
1145,1120876
920,1120908
715,1120940
459,1120972
267,1121004
88,1121036
0,1121068
17,1121100
635,1121132
468,1121164
1117,1121196
845,1121228
1559,1121260
1753,1121292
1562,1121324
2217,1121356
2236,1121388
1625,1121420
1758,1121452
1483,1121484
1367,1121516
1017,1121548
764,1121580
615,1121612
301,1121644
0,1121676
416,1121708
233,1121740
456,1121772
1065,1121804
904,1121836
1519,1121868
1726,1121900
1653,1121932
2191,1121964
1724,1121996
1582,1122028
1260,1122060
1094,1122092
1257,1122124
630,1122156
410,1122188
536,1122220
0,1122252
0,1122284
107,1122316
377,1122348
953,1122380
1110,1122412
1405,1122444
1610,1122476
1879,1122508
2076,1122540
2314,1122572
2088,1122604
1853,1122636
1581,1122668
1376,1122700
1115,1122732
523,1122764
655,1122796
72,1122828
0,1122860
0,1122892
138,1122924
411,1122956
589,1122988
862,1123020
1085,1123052
1321,1123084
1548,1123116
1707,1123148
1915,1123180
2127,1123212
1400,1123244
1631,1123276
1354,1123308
764,1123340
891,1123372
622,1123404
87,1123436
151,1123468
328,1123500
665,1123532
747,1123564
974,1123596
1287,1123628
1434,1123660
1304,1123692
1944,1123724
1769,1123756
2184,1123788
1920,1123820
1368,1123852
1440,1123884
1215,1123916
727,1123948
759,1123980
190,1124012
45,1124044
0,1124076
57,1124108
666,1124140
502,1124172
775,1124204
966,1124236
1226,1124268
1453,1124300
1981,1124332
1927,1124364
2190,1124396
1946,1124428
1720,1124460
1440,1124492
1246,1124524
984,1124556
717,1124588
523,1124620
256,1124652
0,1124684
410,1124716
282,1124748
505,1124780
729,1124812
958,1124844
1221,1124876
1418,1124908
1675,1124940
1962,1124972
1689,1125004
1501,1125036
1685,1125068
1050,1125100
1245,1125132
520,1125164
763,1125196
488,1125228
0,1125260
299,1125292
540,1125324
411,1125356
990,1125388
1181,1125420
1371,1125452
1642,1125484
1849,1125516
2168,1125548
2206,1125580
1608,1125612
1822,1125644
1145,1125676
1340,1125708
1080,1125740
461,1125772
619,1125804
362,1125836
0,1125868
287,1125900
172,1125932
487,1125964
620,1125996
905,1126028
1529,1126060
1354,1126092
1594,1126124
2202,1126156
1833,1126188
1644,1126220
1742,1126252
1181,1126284
1305,1126316
973,1126348
845,1126380
584,1126412
379,1126444
152,1126476
397,1126508
632,1126540
857,1126572
1048,1126604
1306,1126636
1504,1126668
1360,1126700
1976,1126732
1823,1126764
1754,1126796
1483,1126828
1288,1126860
1111,1126892
829,1126924
650,1126956
427,1126988
202,1127020
0,1127052
0,1127084
126,1127116
782,1127148
537,1127180
1211,1127212
1392,1127244
1267,1127276
1867,1127308
2059,1127340
2284,1127372
2064,1127404
1836,1127436
1711,1127468
1326,1127500
1102,1127532
955,1127564
639,1127596
477,1127628
216,1127660
0,1127692
170,1127724
698,1127756
617,1127788
1146,1127820
1384,1127852
1339,1127884
1838,1127916
1709,1127948
1933,1127980
1598,1128012
1432,1128044
1598,1128076
967,1128108
780,1128140
874,1128172
328,1128204
105,1128236
0,1128268
33,1128300
616,1128332
408,1128364
1066,1128396
1260,1128428
1520,1128460
1722,1128492
1916,1128524
2191,1128556
2167,1128588
1549,1128620
1690,1128652
1086,1128684
861,1128716
632,1128748
408,1128780
204,1128812
0,1128844
0,1128876
73,1128908
253,1128940
531,1128972
1147,1129004
980,1129036
1644,1129068
1358,1129100
2089,1129132
2283,1129164
1751,1129196
1933,1129228
1705,1129260
1417,1129292
1230,1129324
968,1129356
843,1129388
503,1129420
240,1129452
250,1129484
407,1129516
287,1129548
942,1129580
734,1129612
966,1129644
1584,1129676
1416,1129708
2048,1129740
2264,1129772
1721,1129804
1791,1129836
1198,1129868
1068,1129900
1195,1129932
581,1129964
745,1129996
120,1130028
0,1130060
284,1130092
169,1130124
436,1130156
619,1130188
887,1130220
1467,1130252
1627,1130284
1933,1130316
2137,1130348
2297,1130380
2030,1130412
1791,1130444
1560,1130476
1325,1130508
1055,1130540
860,1130572
605,1130604
12,1130636
135,1130668
0,1130700
203,1130732
393,1130764
650,1130796
921,1130828
1100,1130860
1386,1130892
1611,1130924
1847,1130956
1864,1130988
1536,1131020
1388,1131052
1597,1131084
887,1131116
1103,1131148
841,1131180
554,1131212
367,1131244
139,1131276
75,1131308
606,1131340
841,1131372
1181,1131404
1258,1131436
1496,1131468
1807,1131500
1961,1131532
1831,1131564
2134,1131596
1484,1131628
1656,1131660
1388,1131692
858,1131724
925,1131756
703,1131788
215,1131820
2,1131852
0,1131884
143,1131916
284,1131948
568,1131980
1182,1132012
1015,1132044
1287,1132076
1476,1132108
1751,1132140
1981,1132172
2046,1132204
1527,1132236
1658,1132268
1419,1132300
1192,1132332
926,1132364
730,1132396
472,1132428
199,1132460
280,1132492
473,1132524
336,1132556
927,1132588
792,1132620
1029,1132652
1246,1132684
1478,1132716
1738,1132748
1832,1132780
1627,1132812
1446,1132844
1163,1132876
985,1132908
1159,1132940
535,1132972
731,1133004
12,1133036
235,1133068
365,1133100
576,1133132
816,1133164
1052,1133196
923,1133228
1514,1133260
1706,1133292
2059,1133324
2173,1133356
2154,1133388
1997,1133420
1677,1133452
1086,1133484
1291,1133516
634,1133548
825,1133580
567,1133612
0,1133644
136,1133676
347,1133708
281,1133740
551,1133772
685,1133804
1000,1133836
1133,1133868
1431,1133900
2061,1133932
1882,1133964
1783,1133996
1918,1134028
1307,1134060
1127,1134092
1213,1134124
669,1134156
793,1134188
205,1134220
327,1134252
222,1134284
479,1134316
684,1134348
919,1134380
764,1134412
1373,1134444
1566,1134476
1837,1134508
2040,1134540
1886,1134572
2042,1134604
1424,1134636
1224,1134668
968,1134700
776,1134732
599,1134764
326,1134796
145,1134828
0,1134860
0,1134892
187,1134924
336,1134956
637,1134988
1295,1135020
1447,1135052
1737,1135084
1929,1135116
1787,1135148
2285,1135180
2009,1135212
1449,1135244
1531,1135276
1309,1135308
1193,1135340
815,1135372
587,1135404
429,1135436
117,1135468
352,1135500
553,1135532
397,1135564
680,1135596
1212,1135628
1130,1135660
1401,1135692
1904,1135724
1865,1135756
2151,1135788
1546,1135820
1415,1135852
1084,1135884
910,1135916
1082,1135948
456,1135980
280,1136012
352,1136044
0,1136076
93,1136108
327,1136140
551,1136172
1118,1136204
912,1136236
1582,1136268
1786,1136300
1598,1136332
2254,1136364
2109,1136396
1901,1136428
1631,1136460
1023,1136492
1167,1136524
575,1136556
348,1136588
111,1136620
0,1136652
0,1136684
58,1136716
315,1136748
585,1136780
761,1136812
1036,1136844
1194,1136876
1495,1136908
2173,1136940
2316,1136972
2157,1137004
1881,1137036
1226,1137068
1407,1137100
1180,1137132
598,1137164
716,1137196
446,1137228
325,1137260
264,1137292
473,1137324
767,1137356
912,1137388
797,1137420
1454,1137452
1245,1137484
1482,1137516
2122,1137548
1834,1137580
1659,1137612
1740,1137644
1196,1137676
1263,1137708
685,1137740
556,1137772
239,1137804
62,1137836
203,1137868
5,1137900
222,1137932
809,1137964
670,1137996
940,1138028
1128,1138060
1400,1138092
1997,1138124
2156,1138156
2237,1138188
1968,1138220
1321,1138252
1498,1138284
1276,1138316
1024,1138348
429,1138380
543,1138412
346,1138444
120,1138476
8,1138508
591,1138540
455,1138572
715,1138604
905,1138636
1162,1138668
1434,1138700
1624,1138732
1909,1138764
2105,1138796
1566,1138828
1327,1138860
1503,1138892
875,1138924
1071,1138956
386,1138988
587,1139020
319,1139052
0,1139084
479,1139116
666,1139148
587,1139180
1120,1139212
1356,1139244
1705,1139276
1786,1139308
2026,1139340
2335,1139372
2028,1139404
1431,1139436
1598,1139468
971,1139500
806,1139532
874,1139564
346,1139596
400,1139628
176,1139660
0,1139692
458,1139724
346,1139756
655,1139788
796,1139820
1078,1139852
1710,1139884
1531,1139916
1815,1139948
1896,1139980
1703,1140012
1469,1140044
1530,1140076
1007,1140108
1132,1140140
464,1140172
666,1140204
408,1140236
200,1140268
346,1140300
540,1140332
795,1140364
987,1140396
848,1140428
1440,1140460
1308,1140492
1533,1140524
1768,1140556
1774,1140588
1576,1140620
1308,1140652
1112,1140684
1228,1140716
653,1140748
476,1140780
651,1140812
23,1140844
235,1140876
5,1140908
699,1140940
889,1140972
702,1141004
1328,1141036
1579,1141068
1438,1141100
2042,1141132
2237,1141164
2247,1141196
1885,1141228
1616,1141260
1469,1141292
1160,1141324
576,1141356
778,1141388
125,1141420
0,1141452
217,1141484
58,1141516
667,1141548
864,1141580
791,1141612
1312,1141644
1195,1141676
1513,1141708
1656,1141740
1946,1141772
2125,1141804
1480,1141836
1255,1141868
1386,1141900
795,1141932
606,1141964
697,1141996
155,1142028
265,1142060
251,1142092
541,1142124
746,1142156
1003,1142188
1200,1142220
1432,1142252
1660,1142284
1897,1142316
2104,1142348
2255,1142380
1984,1142412
1374,1142444
1512,1142476
910,1142508
716,1142540
457,1142572
264,1142604
87,1142636
0,1142668
23,1142700
237,1142732
471,1142764
699,1142796
848,1142828
1147,1142860
1823,1142892
1564,1142924
2271,1142956
2224,1142988
1623,1143020
1755,1143052
1482,1143084
934,1143116
1006,1143148
793,1143180
669,1143212
299,1143244
107,1143276
425,1143308
576,1143340
461,1143372
1078,1143404
908,1143436
1192,1143468
1736,1143500
1656,1143532
2201,1143564
2091,1143596
1579,1143628
1614,1143660
1024,1143692
893,1143724
572,1143756
406,1143788
556,1143820
0,1143852
0,1143884
458,1143916
376,1143948
605,1143980
1113,1144012
1065,1144044
1644,1144076
1424,1144108
2122,1144140
2316,1144172
2122,1144204
1852,1144236
1579,1144268
1376,1144300
1112,1144332
512,1144364
652,1144396
62,1144428
0,1144460
348,1144492
111,1144524
365,1144556
568,1144588
823,1144620
1095,1144652
1273,1144684
1559,1144716
1711,1144748
1913,1144780
2125,1144812
1372,1144844
1627,1144876
1343,1144908
713,1144940
887,1144972
666,1145004
84,1145036
184,1145068
328,1145100
667,1145132
780,1145164
984,1145196
1289,1145228
1437,1145260
1307,1145292
1984,1145324
1771,1145356
1782,1145388
1950,1145420
1308,1145452
1471,1145484
1211,1145516
684,1145548
751,1145580
186,1145612
42,1145644
0,1145676
57,1145708
669,1145740
506,1145772
733,1145804
1322,1145836
1192,1145868
1465,1145900
2026,1145932
1929,1145964
2187,1145996
1869,1146028
1707,1146060
1438,1146092
1254,1146124
976,1146156
758,1146188
522,1146220
286,1146252
188,1146284
448,1146316
651,1146348
509,1146380
811,1146412
960,1146444
1225,1146476
1420,1146508
1678,1146540
1962,1146572
1688,1146604
1501,1146636
1575,1146668
1044,1146700
814,1146732
510,1146764
363,1146796
557,1146828
0,1146860
349,1146892
541,1146924
412,1146956
991,1146988
1182,1147020
1099,1147052
1645,1147084
1886,1147116
2251,1147148
2203,1147180
1977,1147212
1823,1147244
1498,1147276
911,1147308
1083,1147340
458,1147372
616,1147404
364,1147436
0,1147468
41,1147500
525,1147532
487,1147564
974,1147596
847,1147628
1177,1147660
1306,1147692
1596,1147724
2240,1147756
1833,1147788
1640,1147820
1738,1147852
1176,1147884
953,1147916
1004,1147948
493,1147980
608,1148012
377,1148044
188,1148076
408,1148108
664,1148140
856,1148172
1051,1148204
1311,1148236
1511,1148268
1360,1148300
1683,1148332
1833,1148364
1724,1148396
1484,1148428
1257,1148460
1052,1148492
803,1148524
602,1148556
713,1148588
152,1148620
0,1148652
295,1148684
135,1148716
782,1148748
508,1148780
1211,1148812
1407,1148844
1213,1148876
1869,1148908
2107,1148940
1972,1148972
2106,1149004
1832,1149036
1708,1149068
1355,1149100
1098,1149132
943,1149164
638,1149196
71,1149228
254,1149260
0,1149292
534,1149324
728,1149356
569,1149388
1182,1149420
1385,1149452
1304,1149484
1848,1149516
1711,1149548
1929,1149580
2063,1149612
1422,1149644
1597,1149676
966,1149708
744,1149740
864,1149772
295,1149804
103,1149836
169,1149868
41,1149900
605,1149932
491,1149964
1067,1149996
1260,1150028
1528,1150060
1726,1150092
1965,1150124
2192,1150156
2200,1150188
1930,1150220
1337,1150252
1453,1150284
848,1150316
990,1150348
407,1150380
158,1150412
0,1150444
0,1150476
81,1150508
254,1150540
532,1150572
763,1150604
983,1150636
1211,1150668
1368,1150700
1676,1150732
2359,1150764
1740,1150796
1979,1150828
1705,1150860
1408,1150892
1227,1150924
958,1150956
423,1150988
496,1151020
270,1151052
315,1151084
407,1151116
637,1151148
943,1151180
1095,1151212
1388,1151244
1594,1151276
1420,1151308
1709,1151340
2266,1151372
1711,1151404
1788,1151436
1562,1151468
1055,1151500
841,1151532
512,1151564
381,1151596
64,1151628
0,1151660
320,1151692
170,1151724
439,1151756
974,1151788
890,1151820
1117,1151852
1343,1151884
1577,1151916
2184,1151948
1850,1151980
2062,1152012
1788,1152044
1594,1152076
1322,1152108
1054,1152140
489,1152172
599,1152204
12,1152236
123,1152268
0,1152300
171,1152332
394,1152364
622,1152396
878,1152428
1072,1152460
1338,1152492
1611,1152524
1800,1152556
1863,1152588
1545,1152620
1383,1152652
1581,1152684
857,1152716
1100,1152748
841,1152780
590,1152812
367,1152844
185,1152876
73,1152908
652,1152940
845,1152972
1179,1153004
1293,1153036
1498,1153068
1817,1153100
1966,1153132
1833,1153164
2172,1153196
1482,1153228
1256,1153260
1418,1153292
796,1153324
952,1153356
698,1153388
169,1153420
0,1153452
0,1153484
152,1153516
295,1153548
570,1153580
1193,1153612
1014,1153644
1255,1153676
1852,1153708
1709,1153740
1991,1153772
1716,1153804
1517,1153836
1657,1153868
1343,1153900
1183,1153932
920,1153964
723,1153996
462,1154028
234,1154060
0,1154092
511,1154124
712,1154156
972,1154188
1168,1154220
1023,1154252
1627,1154284
1480,1154316
1740,1154348
1824,1154380
1626,1154412
1446,1154444
1164,1154476
983,1154508
1052,1154540
535,1154572
309,1154604
9,1154636
0,1154668
441,1154700
587,1154732
875,1154764
1055,1154796
925,1154828
1515,1154860
1710,1154892
1623,1154924
2174,1154956
2184,1154988
2064,1155020
1673,1155052
1439,1155084
1291,1155116
984,1155148
408,1155180
559,1155212
0,1155244
137,1155276
349,1155308
284,1155340
553,1155372
1038,1155404
999,1155436
1487,1155468
1368,1155500
1693,1155532
1831,1155564
1772,1155596
1947,1155628
1303,1155660
1127,1155692
856,1155724
664,1155756
441,1155788
489,1155820
0,1155852
264,1155884
493,1155916
720,1155948
921,1155980
746,1156012
1376,1156044
1568,1156076
1837,1156108
2042,1156140
1897,1156172
2040,1156204
1423,1156236
1195,1156268
972,1156300
742,1156332
550,1156364
292,1156396
91,1156428
189,1156460
0,1156492
185,1156524
811,1156556
636,1156588
1303,1156620
1450,1156652
1740,1156684
1932,1156716
1748,1156748
2283,1156780
2046,1156812
1436,1156844
1578,1156876
1305,1156908
1181,1156940
841,1156972
583,1157004
428,1157036
117,1157068
0,1157100
602,1157132
398,1157164
1040,1157196
1245,1157228
1082,1157260
1367,1157292
1914,1157324
1834,1157356
2139,1157388
1544,1157420
1401,1157452
1082,1157484
919,1157516
1069,1157548
454,1157580
235,1157612
348,1157644
0,1157676
103,1157708
638,1157740
553,1157772
1129,1157804
1001,1157836
1591,1157868
1790,1157900
1609,1157932
2264,1157964
2140,1157996
1902,1158028
1673,1158060
1391,1158092
1198,1158124
936,1158156
347,1158188
475,1158220
0,1158252
0,1158284
58,1158316
315,1158348
595,1158380
762,1158412
1047,1158444
1275,1158476
1496,1158508
1739,1158540
2393,1158572
1735,1158604
1947,1158636
1224,1158668
1449,1158700
1177,1158732
596,1158764
715,1158796
444,1158828
0,1158860
268,1158892
494,1158924
843,1158956
921,1158988
1151,1159020
1465,1159052
1612,1159084
1918,1159116
2126,1159148
1833,1159180
1656,1159212
1736,1159244
1192,1159276
1261,1159308
1040,1159340
552,1159372
576,1159404
18,1159436
0,1159468
0,1159500
232,1159532
844,1159564
680,1159596
952,1159628
1498,1159660
1401,1159692
1641,1159724
1868,1159756
1869,1159788
2006,1159820
1312,1159852
1534,1159884
1262,1159916
1068,1159948
808,1159980
541,1160012
344,1160044
125,1160076
18,1160108
598,1160140
457,1160172
696,1160204
908,1160236
1136,1160268
1388,1160300
1597,1160332
1854,1160364
1788,1160396
1499,1160428
1332,1160460
1499,1160492
872,1160524
1069,1160556
345,1160588
587,1160620
315,1160652
0,1160684
477,1160716
715,1160748
586,1160780
1166,1160812
1357,1160844
1707,1160876
1821,1160908
2027,1160940
2347,1160972
2025,1161004
1423,1161036
1641,1161068
960,1161100
744,1161132
894,1161164
294,1161196
431,1161228
184,1161260
0,1161292
462,1161324
356,1161356
664,1161388
797,1161420
1080,1161452
1707,1161484
1542,1161516
1771,1161548
2264,1161580
1655,1161612
1463,1161644
1192,1161676
1001,1161708
1129,1161740
828,1161772
667,1161804
408,1161836
189,1161868
346,1161900
573,1161932
800,1161964
1035,1161996
1226,1162028
1486,1162060
1691,1162092
1546,1162124
2155,1162156
1772,1162188
1574,1162220
1308,1162252
1102,1162284
924,1162316
653,1162348
472,1162380
251,1162412
2,1162444
0,1162476
9,1162508
301,1162540
959,1162572
715,1162604
1387,1162636
1580,1162668
1446,1162700
2045,1162732
2247,1162764
1789,1162796
1882,1162828
1648,1162860
1532,1162892
1149,1162924
924,1162956
775,1162988
462,1163020
0,1163052
216,1163084
62,1163116
669,1163148
874,1163180
796,1163212
1322,1163244
1562,1163276
1515,1163308
2025,1163340
1894,1163372
1755,1163404
1421,1163436
1254,1163468
1420,1163500
792,1163532
615,1163564
344,1163596
152,1163628
0,1163660
256,1163692
207,1163724
784,1163756
1007,1163788
1242,1163820
1436,1163852
1708,1163884
1904,1163916
2105,1163948
2249,1163980
1979,1164012
1368,1164044
1504,1164076
905,1164108
683,1164140
448,1164172
233,1164204
38,1164236
0,1164268
0,1164300
248,1164332
428,1164364
699,1164396
1323,1164428
1149,1164460
1831,1164492
1545,1164524
2269,1164556
2221,1164588
1564,1164620
1751,1164652
1515,1164684
932,1164716
1053,1164748
783,1164780
523,1164812
328,1164844
109,1164876
431,1164908
586,1164940
462,1164972
1114,1165004
908,1165036
1566,1165068
1773,1165100
1595,1165132
2235,1165164
2089,1165196
1532,1165228
1610,1165260
1024,1165292
888,1165324
572,1165356
398,1165388
553,1165420
0,1165452
0,1165484
464,1165516
347,1165548
605,1165580
1152,1165612
1065,1165644
1655,1165676
1527,1165708
2125,1165740
2317,1165772
2119,1165804
1850,1165836
1610,1165868
1374,1165900
1147,1165932
879,1165964
685,1165996
423,1166028
0,1166060
251,1166092
121,1166124
377,1166156
569,1166188
827,1166220
1098,1166252
1274,1166284
1560,1166316
1789,1166348
1910,1166380
1675,1166412
1359,1166444
1211,1166476
1415,1166508
710,1166540
937,1166572
655,1166604
82,1166636
175,1166668
332,1166700
554,1166732
780,1166764
1016,1166796
1356,1166828
1437,1166860
1676,1166892
1995,1166924
2142,1166956
2208,1166988
1946,1167020
1307,1167052
1132,1167084
1211,1167116
680,1167148
746,1167180
522,1167212
39,1167244
109,1167276
19,1167308
329,1167340
460,1167372
742,1167404
1358,1167436
1192,1167468
1464,1167500
2029,1167532
1931,1167564
1817,1167596
1576,1167628
1341,1167660
1480,1167692
799,1167724
1006,1167756
747,1167788
544,1167820
286,1167852
200,1167884
459,1167916
651,1167948
510,1167980
1111,1168012
968,1168044
1199,1168076
1422,1168108
1660,1168140
1924,1168172
1646,1168204
1447,1168236
1269,1168268
996,1168300
810,1168332
987,1168364
360,1168396
555,1168428
0,1168460
357,1168492
543,1168524
377,1168556
1003,1168588
1239,1168620
1417,1168652
1692,1168684
1896,1168716
2238,1168748
2232,1168780
1966,1168812
1807,1168844
1497,1168876
910,1168908
1116,1168940
458,1168972
232,1169004
394,1169036
0,1169068
318,1169100
527,1169132
455,1169164
973,1169196
858,1169228
1176,1169260
1773,1169292
1604,1169324
2237,1169356
1830,1169388
1594,1169420
1736,1169452
1129,1169484
949,1169516
670,1169548
491,1169580
607,1169612
312,1169644
191,1169676
406,1169708
665,1169740
862,1169772
1086,1169804
1320,1169836
1552,1169868
1753,1169900
2016,1169932
2220,1169964
1711,1169996
1855,1170028
1247,1170060
1050,1170092
793,1170124
591,1170156
412,1170188
142,1170220
0,1170252
0,1170284
135,1170316
363,1170348
509,1170380
811,1170412
1471,1170444
1225,1170476
1917,1170508
2119,1170540
2297,1170572
2103,1170604
1822,1170636
1261,1170668
1356,1170700
1132,1170732
1017,1170764
632,1170796
411,1170828
255,1170860
239,1170892
127,1170924
730,1170956
574,1170988
1182,1171020
1388,1171052
1306,1171084
1848,1171116
2091,1171148
1927,1171180
1703,1171212
1367,1171244
1229,1171276
908,1171308
740,1171340
894,1171372
282,1171404
92,1171436
0,1171468
41,1171500
271,1171532
777,1171564
729,1171596
1306,1171628
1531,1171660
1774,1171692
1966,1171724
2238,1171756
2190,1171788
1918,1171820
1723,1171852
1453,1171884
856,1171916
989,1171948
396,1171980
185,1172012
0,1172044
0,1172076
44,1172108
232,1172140
490,1172172
761,1172204
937,1172236
1214,1172268
1863,1172300
1674,1172332
2361,1172364
1710,1172396
1966,1172428
1695,1172460
1440,1172492
1225,1172524
1002,1172556
412,1172588
537,1172620
270,1172652
325,1172684
443,1172716
640,1172748
955,1172780
1098,1172812
972,1172844
1640,1172876
1423,1172908
2095,1172940
2298,1172972
1656,1173004
1818,1173036
1550,1173068
1018,1173100
828,1173132
511,1173164
378,1173196
62,1173228
0,1173260
327,1173292
170,1173324
398,1173356
984,1173388
855,1173420
1118,1173452
1678,1173484
1579,1173516
2185,1173548
1929,1173580
2057,1173612
1786,1173644
1581,1173676
1312,1173708
1085,1173740
488,1173772
624,1173804
365,1173836
153,1173868
304,1173900
184,1173932
763,1173964
633,1173996
890,1174028
1082,1174060
1339,1174092
1620,1174124
1802,1174156
1849,1174188
1611,1174220
1382,1174252
1149,1174284
847,1174316
700,1174348
904,1174380
586,1174412
409,1174444
0,1174476
88,1174508
656,1174540
846,1174572
763,1174604
1295,1174636
1534,1174668
1887,1174700
1964,1174732
2207,1174764
2169,1174796
1848,1174828
1678,1174860
1417,1174892
796,1174924
621,1174956
699,1174988
168,1175020
0,1175052
188,1175084
154,1175116
635,1175148
523,1175180
829,1175212
971,1175244
1246,1175276
1888,1175308
1717,1175340
1981,1175372
2080,1175404
1515,1175436
1289,1175468
1064,1175500
829,1175532
956,1175564
287,1175596
492,1175628
224,1175660
0,1175692
524,1175724
716,1175756
974,1175788
1167,1175820
1024,1175852
1629,1175884
1486,1175916
1721,1175948
1823,1175980
1598,1176012
1388,1176044
1131,1176076
933,1176108
757,1176140
487,1176172
305,1176204
7,1176236
0,1176268
441,1176300
591,1176332
876,1176364
1063,1176396
888,1176428
1517,1176460
1758,1176492
1611,1176524
2221,1176556
2176,1176588
2059,1176620
1705,1176652
1435,1176684
1279,1176716
973,1176748
399,1176780
601,1176812
0,1176844
0,1176876
384,1176908
234,1176940
521,1176972
1040,1177004
967,1177036
1497,1177068
1372,1177100
1703,1177132
1834,1177164
1768,1177196
1945,1177228
1303,1177260
1080,1177292
1210,1177324
619,1177356
439,1177388
170,1177420
0,1177452
269,1177484
428,1177516
729,1177548
924,1177580
747,1177612
1384,1177644
1614,1177676
1848,1177708
2080,1177740
2272,1177772
2074,1177804
1802,1177836
1192,1177868
1328,1177900
735,1177932
541,1177964
285,1177996
90,1178028
0,1178060
0,1178092
199,1178124
714,1178156
649,1178188
875,1178220
1501,1178252
1324,1178284
2011,1178316
1742,1178348
2329,1178380
2045,1178412
1434,1178444
1567,1178476
1303,1178508
749,1178540
840,1178572
615,1178604
493,1178636
105,1178668
302,1178700
606,1178732
750,1178764
635,1178796
1248,1178828
1083,1178860
1368,1178892
1916,1178924
1834,1178956
2128,1178988
1904,1179020
1400,1179052
1434,1179084
845,1179116
717,1179148
397,1179180
234,1179212
378,1179244
0,1179276
104,1179308
292,1179340
555,1179372
783,1179404
1289,1179436
1231,1179468
1834,1179500
1608,1179532
2300,1179564
2140,1179596
1932,1179628
1672,1179660
1390,1179692
1195,1179724
928,1179756
344,1179788
473,1179820
0,1179852
0,1179884
58,1179916
296,1179948
554,1179980
742,1180012
1000,1180044
1568,1180076
1451,1180108
1739,1180140
2380,1180172
1734,1180204
1932,1180236
1192,1180268
1439,1180300
1167,1180332
540,1180364
711,1180396
477,1180428
0,1180460
314,1180492
506,1180524
843,1180556
956,1180588
1152,1180620
1467,1180652
1616,1180684
1486,1180716
2168,1180748
1822,1180780
1594,1180812
1772,1180844
1132,1180876
1291,1180908
1037,1180940
505,1180972
569,1181004
10,1181036
0,1181068
0,1181100
234,1181132
845,1181164
684,1181196
916,1181228
1500,1181260
1367,1181292
1641,1181324
2207,1181356
1867,1181388
1997,1181420
1689,1181452
1529,1181484
1258,1181516
1069,1181548
798,1181580
571,1181612
336,1181644
165,1181676
376,1181708
635,1181740
829,1181772
686,1181804
1278,1181836
1144,1181868
1400,1181900
1597,1181932
1866,1181964
1788,1181996
1508,1182028
1321,1182060
1096,1182092
870,1182124
637,1182156
336,1182188
187,1182220
379,1182252
0,1182284
527,1182316
719,1182348
597,1182380
1175,1182412
1368,1182444
1275,1182476
1822,1182508
2063,1182540
2413,1182572
2024,1182604
1787,1182636
1629,1182668
1311,1182700
744,1182732
894,1182764
283,1182796
109,1182828
182,1182860
0,1182892
472,1182924
700,1182956
668,1182988
1150,1183020
1024,1183052
1353,1183084
1486,1183116
1772,1183148
2298,1183180
1654,1183212
1455,1183244
1550,1183276
1000,1183308
777,1183340
825,1183372
319,1183404
432,1183436
0,1183468
382,1183500
584,1183532
842,1183564
1038,1183596
1230,1183628
1496,1183660
1694,1183692
1548,1183724
2157,1183756
1772,1183788
1533,1183820
1799,1183852
1072,1183884
878,1183916
618,1183948
423,1183980
243,1184012
0,1184044
0,1184076
9,1184108
312,1184140
965,1184172
684,1184204
1389,1184236
1584,1184268
1400,1184300
2057,1184332
2288,1184364
1788,1184396
1916,1184428
1646,1184460
1527,1184492
1181,1184524
922,1184556
767,1184588
456,1184620
0,1184652
264,1184684
73,1184716
300,1184748
908,1184780
746,1184812
1355,1184844
1565,1184876
1480,1184908
2028,1184940
1883,1184972
1752,1185004
1418,1185036
1242,1185068
1417,1185100
791,1185132
568,1185164
688,1185196
107,1185228
0,1185260
298,1185292
219,1185324
793,1185356
942,1185388
1241,1185420
1438,1185452
1709,1185484
1914,1185516
2144,1185548
2250,1185580
2016,1185612
1741,1185644
1536,1185676
1275,1185708
684,1185740
535,1185772
223,1185804
38,1185836
0,1185868
0,1185900
253,1185932
428,1185964
711,1185996
1227,1186028
1159,1186060
1389,1186092
1536,1186124
1862,1186156
2286,1186188
1562,1186220
1788,1186252
1520,1186284
923,1186316
1051,1186348
791,1186380
251,1186412
328,1186444
153,1186476
488,1186508
586,1186540
815,1186572
1129,1186604
1264,1186636
1147,1186668
1772,1186700
1600,1186732
2238,1186764
2089,1186796
1528,1186828
1609,1186860
1382,1186892
887,1186924
920,1186956
344,1186988
201,1187020
0,1187052
0,1187084
496,1187116
345,1187148
615,1187180
1152,1187212
1064,1187244
1293,1187276
1821,1187308
1759,1187340
2352,1187372
2117,1187404
1882,1187436
1608,1187468
1406,1187500
1144,1187532
877,1187564
681,1187596
413,1187628
0,1187660
0,1187692
120,1187724
348,1187756
572,1187788
798,1187820
1053,1187852
1255,1187884
1513,1187916
2106,1187948
1852,1187980
1673,1188012
1851,1188044
1206,1188076
1403,1188108
682,1188140
924,1188172
653,1188204
38,1188236
173,1188268
376,1188300
252,1188332
830,1188364
1021,1188396
1359,1188428
1479,1188460
1678,1188492
1999,1188524
2143,1188556
1772,1188588
1984,1188620
1304,1188652
1498,1188684
1242,1188716
618,1188748
778,1188780
512,1188812
4,1188844
111,1188876
23,1188908
343,1188940
907,1188972
748,1189004
1371,1189036
1194,1189068
1431,1189100
2030,1189132
1895,1189164
1815,1189196
1899,1189228
1339,1189260
1469,1189292
889,1189324
1001,1189356
748,1189388
541,1189420
284,1189452
238,1189484
461,1189516
699,1189548
891,1189580
778,1189612
1341,1189644
1198,1189676
1804,1189708
1661,1189740
1914,1189772
1646,1189804
1447,1189836
1268,1189868
986,1189900
809,1189932
587,1189964
350,1189996
135,1190028
0,1190060
0,1190092
617,1190124
388,1190156
1050,1190188
1239,1190220
1417,1190252
1695,1190284
1897,1190316
1800,1190348
2224,1190380
1998,1190412
1883,1190444
1486,1190476
1264,1190508
1113,1190540
798,1190572
636,1190604
382,1190636
0,1190668
19,1190700
537,1190732
456,1190764
974,1190796
1215,1190828
1178,1190860
1415,1190892
1546,1190924
1881,1190956
1766,1190988
1598,1191020
1769,1191052
1129,1191084
951,1191116
1036,1191148
487,1191180
265,1191212
39,1191244
0,1191276
446,1191308
240,1191340
904,1191372
1099,1191404
1358,1191436
1562,1191468
1756,1191500
1641,1191532
2223,1191564
1710,1191596
1851,1191628
1247,1191660
1018,1191692
784,1191724
567,1191756
364,1191788
110,1191820
0,1191852
0,1191884
89,1191916
371,1191948
512,1191980
822,1192012
1479,1192044
1198,1192076
1927,1192108
2120,1192140
2319,1192172
2095,1192204
1866,1192236
1268,1192268
1389,1192300
1119,1192332
1005,1192364
664,1192396
410,1192428
251,1192460
239,1192492
125,1192524
780,1192556
574,1192588
808,1192620
1422,1192652
1256,1192684
1886,1192716
2104,1192748
1882,1192780
1689,1192812
1360,1192844
1224,1192876
904,1192908
732,1192940
893,1192972
270,1193004
57,1193036
154,1193068
16,1193100
279,1193132
471,1193164
727,1193196
1307,1193228
1465,1193260
1771,1193292
1976,1193324
2253,1193356
2200,1193388
1960,1193420
1334,1193452
1481,1193484
1214,1193516
1020,1193548
751,1193580
169,1193612
298,1193644
0,1193676
42,1193708
236,1193740
489,1193772
773,1193804
940,1193836
1223,1193868
1754,1193900
1684,1193932
1917,1193964
1709,1193996
1548,1194028
1759,1194060
1439,1194092
1261,1194124
992,1194156
412,1194188
525,1194220
268,1194252
0,1194284
446,1194316
683,1194348
1019,1194380
1101,1194412
1335,1194444
1645,1194476
1800,1194508
1672,1194540
2288,1194572
1645,1194604
1817,1194636
1550,1194668
1014,1194700
825,1194732
861,1194764
375,1194796
398,1194828
0,1194860
0,1194892
138,1194924
412,1194956
1019,1194988
858,1195020
1127,1195052
1316,1195084
1581,1195116
1821,1195148
2219,1195180
1689,1195212
1820,1195244
1579,1195276
1352,1195308
1088,1195340
456,1195372
632,1195404
364,1195436
151,1195468
311,1195500
189,1195532
766,1195564
635,1195596
860,1195628
1083,1195660
1320,1195692
1574,1195724
1776,1195756
1797,1195788
1915,1195820
1323,1195852
1149,1195884
1323,1195916
696,1195948
893,1195980
584,1196012
408,1196044
199,1196076
51,1196108
665,1196140
892,1196172
766,1196204
1344,1196236
1536,1196268
1895,1196300
2010,1196332
2217,1196364
2167,1196396
1837,1196428
1245,1196460
1452,1196492
793,1196524
986,1196556
728,1196588
110,1196620
0,1196652
189,1196684
123,1196716
638,1196748
527,1196780
840,1196812
972,1196844
1256,1196876
1897,1196908
1719,1196940
1943,1196972
2080,1197004
1469,1197036
1278,1197068
1374,1197100
827,1197132
943,1197164
377,1197196
477,1197228
218,1197260
0,1197292
528,1197324
751,1197356
976,1197388
1210,1197420
1405,1197452
1674,1197484
1871,1197516
1726,1197548
2203,1197580
1593,1197612
1386,1197644
1131,1197676
933,1197708
756,1197740
476,1197772
297,1197804
75,1197836
0,1197868
39,1197900
651,1197932
477,1197964
1135,1197996
890,1198028
1575,1198060
1769,1198092
1624,1198124
2231,1198156
2172,1198188
1607,1198220
1696,1198252
1467,1198284
1353,1198316
973,1198348
747,1198380
591,1198412
284,1198444
187,1198476
395,1198508
329,1198540
524,1198572
1049,1198604
968,1198636
1500,1198668
1741,1198700
1704,1198732
2206,1198764
1708,1198796
1567,1198828
1243,1198860
1070,1198892
1243,1198924
616,1198956
429,1198988
522,1199020
0,1199052
0,1199084
167,1199116
393,1199148
960,1199180
763,1199212
1422,1199244
1624,1199276
1896,1199308
2092,1199340
2268,1199372
2074,1199404
1791,1199436
1184,1199468
1325,1199500
732,1199532
504,1199564
272,1199596
58,1199628
0,1199660
0,1199692
164,1199724
425,1199756
602,1199788
882,1199820
1510,1199852
1335,1199884
2011,1199916
1733,1199948
2317,1199980
2043,1200012
1384,1200044
1567,1200076
1338,1200108
756,1200140
876,1200172
606,1200204
487,1200236
136,1200268
304,1200300
607,1200332
761,1200364
639,1200396
1294,1200428
1087,1200460
1322,1200492
1952,1200524
1784,1200556
2170,1200588
1902,1200620
1355,1200652
1424,1200684
847,1200716
714,1200748
399,1200780
220,1200812
373,1200844
0,1200876
72,1200908
650,1200940
521,1200972
791,1201004
971,1201036
1241,1201068
1837,1201100
1996,1201132
2301,1201164
2140,1201196
1931,1201228
1672,1201260
1432,1201292
1194,1201324
969,1201356
699,1201388
507,1201420
237,1201452
0,1201484
426,1201516
299,1201548
554,1201580
747,1201612
1002,1201644
1276,1201676
1454,1201708
1748,1201740
1963,1201772
1722,1201804
1495,1201836
1192,1201868
1033,1201900
1241,1201932
528,1201964
751,1201996
479,1202028
0,1202060
319,1202092
508,1202124
425,1202156
966,1202188
1197,1202220
1544,1202252
1616,1202284
1865,1202316
2175,1202348
2192,1202380
1596,1202412
1760,1202444
1131,1202476
1279,1202508
1024,1202540
502,1202572
571,1202604
359,1202636
0,1202668
300,1202700
188,1202732
503,1202764
636,1202796
922,1202828
1546,1202860
1370,1202892
1652,1202924
1835,1202956
1863,1202988
1629,1203020
1680,1203052
1165,1203084
1292,1203116
1063,1203148
828,1203180
572,1203212
368,1203244
172,1203276
379,1203308
638,1203340
830,1203372
696,1203404
1280,1203436
1148,1203468
1373,1203500
1610,1203532
1837,1203564
1737,1203596
1470,1203628
1273,1203660
1095,1203692
811,1203724
635,1203756
807,1203788
181,1203820
379,1203852
0,1203884
535,1203916
720,1203948
551,1203980
1179,1204012
1415,1204044
1276,1204076
1880,1204108
2073,1204140
2249,1204172
2048,1204204
1785,1204236
1629,1204268
1312,1204300
741,1204332
938,1204364
282,1204396
461,1204428
201,1204460
0,1204492
504,1204524
704,1204556
635,1204588
1152,1204620
1034,1204652
1352,1204684
1486,1204716
1782,1204748
2285,1204780
1642,1204812
1415,1204844
1550,1204876
951,1204908
765,1204940
860,1204972
315,1205004
429,1205036
0,1205068
393,1205100
588,1205132
841,1205164
1040,1205196
1272,1205228
1500,1205260
1728,1205292
1933,1205324
2203,1205356
2144,1205388
1532,1205420
1676,1205452
1072,1205484
872,1205516
619,1205548
424,1205580
247,1205612
0,1205644
0,1205676
91,1205708
313,1205740
541,1205772
699,1205804
988,1205836
1661,1205868
1400,1205900
2107,1205932
2297,1205964
1784,1205996
1917,1206028
1643,1206060
1402,1206092
1176,1206124
953,1206156
831,1206188
456,1206220
233,1206252
266,1206284
409,1206316
711,1206348
910,1206380
750,1206412
1034,1206444
1568,1206476
1485,1206508
2030,1206540
2256,1206572
1749,1206604
1775,1206636
1189,1206668
1053,1206700
731,1206732
567,1206764
720,1206796
104,1206828
0,1206860
302,1206892
218,1206924
447,1206956
668,1206988
905,1207020
1485,1207052
1273,1207084
1960,1207116
2155,1207148
2284,1207180
2014,1207212
1738,1207244
1535,1207276
1273,1207308
678,1207340
811,1207372
221,1207404
3,1207436
0,1207468
0,1207500
216,1207532
400,1207564
664,1207596
935,1207628
1115,1207660
1397,1207692
2040,1207724
1864,1207756
2286,1207788
1530,1207820
1783,1207852
1515,1207884
872,1207916
1049,1207948
816,1207980
542,1208012
358,1208044
169,1208076
503,1208108
620,1208140
825,1208172
1131,1208204
1273,1208236
1148,1208268
1822,1208300
1608,1208332
1846,1208364
2120,1208396
1467,1208428
1632,1208460
1373,1208492
841,1208524
911,1208556
335,1208588
201,1208620
317,1208652
0,1208684
505,1208716
348,1208748
583,1208780
1162,1208812
1020,1208844
1303,1208876
1485,1208908
1767,1208940
2349,1208972
2040,1209004
1869,1209036
1600,1209068
1405,1209100
1134,1209132
907,1209164
682,1209196
445,1209228
184,1209260
294,1209292
488,1209324
352,1209356
942,1209388
808,1209420
1064,1209452
1260,1209484
1518,1209516
1801,1209548
1848,1209580
1660,1209612
1435,1209644
1204,1209676
971,1209708
670,1209740
521,1209772
718,1209804
27,1209836
217,1209868
383,1209900
567,1209932
839,1209964
1024,1209996
925,1210028
1482,1210060
1722,1210092
2075,1210124
2152,1210156
2137,1210188
1981,1210220
1660,1210252
1070,1210284
1239,1210316
619,1210348
768,1210380
512,1210412
0,1210444
123,1210476
364,1210508
332,1210540
556,1210572
698,1210604
1007,1210636
1145,1210668
1434,1210700
2080,1210732
1898,1210764
1802,1210796
1527,1210828
1337,1210860
1113,1210892
1162,1210924
653,1210956
768,1210988
541,1211020
304,1211052
238,1211084
496,1211116
700,1211148
894,1211180
1157,1211212
1343,1211244
1209,1211276
1807,1211308
1664,1211340
1882,1211372
1644,1211404
1417,1211436
1211,1211468
956,1211500
751,1211532
583,1211564
300,1211596
124,1211628
285,1211660
0,1211692
621,1211724
359,1211756
1051,1211788
1243,1211820
1464,1211852
1705,1211884
1944,1211916
1803,1211948
2268,1211980
1996,1212012
1870,1212044
1516,1212076
1258,1212108
1113,1212140
797,1212172
231,1212204
414,1212236
0,1212268
366,1212300
571,1212332
411,1212364
1021,1212396
1216,1212428
1143,1212460
1419,1212492
1550,1212524
1881,1212556
1758,1212588
1592,1212620
1765,1212652
1117,1212684
891,1212716
1024,1212748
442,1212780
263,1212812
343,1212844
0,1212876
447,1212908
334,1212940
909,1212972
1102,1213004
1366,1213036
1564,1213068
1801,1213100
1642,1213132
2270,1213164
2091,1213196
1887,1213228
1615,1213260
1016,1213292
1150,1213324
558,1213356
364,1213388
96,1213420
0,1213452
0,1213484
105,1213516
375,1213548
599,1213580
826,1213612
1051,1213644
1210,1213676
1511,1213708
2199,1213740
2319,1213772
2141,1213804
1864,1213836
1267,1213868
1389,1213900
1118,1213932
585,1213964
654,1213996
431,1214028
313,1214060
251,1214092
476,1214124
783,1214156
926,1214188
1229,1214220
1432,1214252
1261,1214284
1556,1214316
2104,1214348
1880,1214380
1689,1214412
1726,1214444
1223,1214476
1257,1214508
678,1214540
539,1214572
219,1214604
55,1214636
185,1214668
18,1214700
280,1214732
814,1214764
730,1214796
957,1214828
1191,1214860
1419,1214892
2012,1214924
1791,1214956
2224,1214988
1952,1215020
1308,1215052
1480,1215084
1213,1215116
1022,1215148
751,1215180
168,1215212
299,1215244
0,1215276
22,1215308
237,1215340
462,1215372
727,1215404
920,1215436
1177,1215468
1450,1215500
1639,1215532
1925,1215564
1707,1215596
1546,1215628
1757,1215660
1437,1215692
1259,1215724
989,1215756
361,1215788
527,1215820
300,1215852
0,1215884
489,1215916
684,1215948
1021,1215980
1133,1216012
1339,1216044
1647,1216076
1801,1216108
1664,1216140
2333,1216172
1642,1216204
1414,1216236
1582,1216268
954,1216300
781,1216332
858,1216364
329,1216396
395,1216428
0,1216460
0,1216492
127,1216524
410,1216556
1021,1216588
860,1216620
1095,1216652
1690,1216684
1544,1216716
1821,1216748
1879,1216780
1679,1216812
1817,1216844
1502,1216876
1352,1216908
1082,1216940
456,1216972
618,1217004
395,1217036
138,1217068
352,1217100
544,1217132
812,1217164
1002,1217196
872,1217228
1456,1217260
1323,1217292
1578,1217324
1785,1217356
1787,1217388
1608,1217420
1322,1217452
1145,1217484
1210,1217516
693,1217548
461,1217580
633,1217612
16,1217644
269,1217676
44,1217708
715,1217740
894,1217772
765,1217804
1343,1217836
1546,1217868
1452,1217900
2010,1217932
2251,1217964
2231,1217996
1831,1218028
1600,1218060
1452,1218092
1132,1218124
560,1218156
719,1218188
110,1218220
0,1218252
190,1218284
124,1218316
649,1218348
886,1218380
841,1218412
1336,1218444
1206,1218476
1529,1218508
1663,1218540
1934,1218572
2110,1218604
1466,1218636
1277,1218668
1004,1218700
823,1218732
601,1218764
649,1218796
141,1218828
248,1218860
0,1218892
560,1218924
762,1218956
1020,1218988
1214,1219020
1406,1219052
1675,1219084
1872,1219116
1726,1219148
2202,1219180
1584,1219212
1356,1219244
1119,1219276
896,1219308
698,1219340
441,1219372
248,1219404
352,1219436
0,1219468
31,1219500
651,1219532
499,1219564
1134,1219596
860,1219628
1575,1219660
1771,1219692
1578,1219724
2235,1219756
2218,1219788
1599,1219820
1741,1219852
1466,1219884
1341,1219916
1002,1219948
744,1219980
591,1220012
283,1220044
0,1220076
440,1220108
248,1220140
474,1220172
1087,1220204
922,1220236
1535,1220268
1744,1220300
1661,1220332
2208,1220364
1704,1220396
1564,1220428
1242,1220460
1070,1220492
1227,1220524
614,1220556
392,1220588
520,1220620
0,1220652
0,1220684
475,1220716
393,1220748
969,1220780
1128,1220812
1431,1220844
1624,1220876
1897,1220908
2096,1220940
2304,1220972
2072,1221004
1834,1221036
1562,1221068
1360,1221100
1097,1221132
496,1221164
636,1221196
46,1221228
0,1221260
0,1221292
170,1221324
436,1221356
614,1221388
887,1221420
1111,1221452
1336,1221484
1575,1221516
1725,1221548
1899,1221580
2111,1221612
1386,1221644
1611,1221676
1337,1221708
753,1221740
873,1221772
604,1221804
73,1221836
133,1221868
336,1221900
683,1221932
763,1221964
989,1221996
1305,1222028
1449,1222060
1325,1222092
1952,1222124
1787,1222156
1818,1222188
1898,1222220
1353,1222252
1422,1222284
1197,1222316
711,1222348
732,1222380
168,1222412
30,1222444
0,1222476
74,1222508
686,1222540
521,1222572
1243,1222604
1328,1222636
1243,1222668
1481,1222700
1996,1222732
1945,1222764
2170,1222796
1480,1222828
1694,1222860
1424,1222892
1228,1222924
970,1222956
697,1222988
504,1223020
238,1223052
0,1223084
428,1223116
301,1223148
526,1223180
1227,1223212
974,1223244
1238,1223276
1434,1223308
1700,1223340
1959,1223372
1662,1223404
1491,1223436
1180,1223468
1030,1223500
1227,1223532
495,1223564
743,1223596
476,1223628
0,1223660
317,1223692
556,1223724
435,1223756
1006,1223788
1198,1223820
1547,1223852
1658,1223884
1867,1223916
2185,1223948
2188,1223980
1584,1224012
1802,1224044
1128,1224076
904,1224108
1056,1224140
455,1224172
600,1224204
336,1224236
0,1224268
302,1224300
200,1224332
504,1224364
638,1224396
922,1224428
1547,1224460
1374,1224492
1609,1224524
2218,1224556
1815,1224588
1626,1224620
1721,1224652
1161,1224684
1289,1224716
985,1224748
825,1224780
567,1224812
361,1224844
184,1224876
414,1224908
640,1224940
875,1224972
1066,1225004
1327,1225036
1519,1225068
1384,1225100
1691,1225132
1840,1225164
1735,1225196
1468,1225228
1264,1225260
1084,1225292
809,1225324
633,1225356
697,1225388
184,1225420
0,1225452
0,1225484
143,1225516
797,1225548
556,1225580
1227,1225612
1419,1225644
1277,1225676
1883,1225708
2075,1225740
1958,1225772
2044,1225804
1819,1225836
1695,1225868
1307,1225900
1083,1225932
927,1225964
622,1225996
57,1226028
203,1226060
0,1226092
504,1226124
715,1226156
636,1226188
1164,1226220
1403,1226252
1354,1226284
1854,1226316
1722,1226348
1915,1226380
1582,1226412
1414,1226444
1580,1226476
950,1226508
765,1226540
856,1226572
311,1226604
77,1226636
108,1226668
57,1226700
630,1226732
855,1226764
1082,1226796
1276,1226828
1536,1226860
1742,1226892
1936,1226924
2207,1226956
2141,1226988
1528,1227020
1372,1227052
1067,1227084
842,1227116
606,1227148
392,1227180
197,1227212
0,1227244
0,1227276
379,1227308
272,1227340
552,1227372
1165,1227404
990,1227436
1659,1227468
1374,1227500
2107,1227532
2299,1227564
1725,1227596
1915,1227628
1679,1227660
1082,1227692
1212,1227724
950,1227756
827,1227788
479,1227820
232,1227852
266,1227884
415,1227916
304,1227948
958,1227980
751,1228012
1402,1228044
1608,1228076
1436,1228108
2075,1228140
2251,1228172
1703,1228204
1772,1228236
1189,1228268
1048,1228300
1175,1228332
557,1228364
713,1228396
104,1228428
0,1228460
302,1228492
184,1228524
447,1228556
988,1228588
905,1228620
1485,1228652
1358,1228684
1959,1228716
2156,1228748
2281,1228780
2008,1228812
1774,1228844
1532,1228876
1307,1228908
1038,1228940
474,1228972
584,1229004
2,1229036
103,1229068
0,1229100
230,1229132
411,1229164
666,1229196
938,1229228
1118,1229260
1400,1229292
1629,1229324
1862,1229356
1835,1229388
1518,1229420
1368,1229452
1581,1229484
870,1229516
1087,1229548
823,1229580
541,1229612
349,1229644
168,1229676
91,1229708
620,1229740
860,1229772
1199,1229804
1278,1229836
1513,1229868
1824,1229900
1979,1229932
2285,1229964
2109,1229996
1465,1230028
1293,1230060
1371,1230092
838,1230124
908,1230156
684,1230188
199,1230220
0,1230252
0,1230284
169,1230316
310,1230348
584,1230380
1208,1230412
1031,1230444
1303,1230476
1865,1230508
1768,1230540
1973,1230572
1739,1230604
1503,1230636
1642,1230668
958,1230700
1166,1230732
909,1230764
714,1230796
446,1230828
183,1230860
0,1230892
493,1230924
361,1230956
951,1230988
811,1231020
1040,1231052
1260,1231084
1496,1231116
1757,1231148
1820,1231180
1610,1231212
1431,1231244
1148,1231276
970,1231308
670,1231340
511,1231372
713,1231404
0,1231436
211,1231468
384,1231500
602,1231532
841,1231564
1070,1231596
939,1231628
1531,1231660
1726,1231692
2075,1231724
2189,1231756
2136,1231788
1979,1231820
1658,1231852
1066,1231884
1272,1231916
607,1231948
394,1231980
541,1232012
0,1232044
155,1232076
366,1232108
298,1232140
569,1232172
702,1232204
1015,1232236
1151,1232268
1438,1232300
2078,1232332
1900,1232364
1757,1232396
1898,1232428
1291,1232460
1101,1232492
839,1232524
651,1232556
775,1232588
475,1232620
301,1232652
238,1232684
507,1232716
702,1232748
927,1232780
782,1232812
1390,1232844
1583,1232876
1856,1232908
2048,1232940
1881,1232972
2026,1233004
1406,1233036
1200,1233068
944,1233100
750,1233132
572,1233164
300,1233196
121,1233228
173,1233260
0,1233292
204,1233324
360,1233356
655,1233388
1311,1233420
1467,1233452
1755,1233484
1947,1233516
1813,1233548
2267,1233580
1992,1233612
1431,1233644
1514,1233676
1291,1233708
1177,1233740
794,1233772
572,1233804
412,1233836
101,1233868
0,1233900
574,1233932
414,1233964
1022,1233996
1225,1234028
1148,1234060
1419,1234092
1929,1234124
1883,1234156
2124,1234188
1528,1234220
1387,1234252
1065,1234284
901,1234316
1056,1234348
438,1234380
251,1234412
0,1234444
0,1234476
109,1234508
608,1234540
567,1234572
1146,1234604
1387,1234636
1610,1234668
1804,1234700
1616,1234732
2270,1234764
2089,1234796
1884,1234828
1615,1234860
1007,1234892
1147,1234924
556,1234956
336,1234988
96,1235020
0,1235052
0,1235084
76,1235116
328,1235148
895,1235180
779,1235212
1051,1235244
1691,1235276
1510,1235308
2199,1235340
2319,1235372
2136,1235404
1855,1235436
1207,1235468
1385,1235500
1160,1235532
571,1235564
701,1235596
428,1235628
301,1235660
283,1235692
478,1235724
793,1235756
936,1235788
815,1235820
1480,1235852
1263,1235884
1933,1235916
2140,1235948
1815,1235980
1642,1236012
1723,1236044
1176,1236076
1246,1236108
678,1236140
537,1236172
220,1236204
44,1236236
181,1236268
19,1236300
247,1236332
824,1236364
695,1236396
967,1236428
1513,1236460
1417,1236492
2015,1236524
1893,1236556
2219,1236588
1950,1236620
1304,1236652
1480,1236684
1246,1236716
1016,1236748
784,1236780
525,1236812
331,1236844
143,1236876
25,1236908
603,1236940
472,1236972
730,1237004
923,1237036
1180,1237068
1461,1237100
1639,1237132
1927,1237164
1775,1237196
1543,1237228
1320,1237260
1485,1237292
857,1237324
1053,1237356
360,1237388
571,1237420
299,1237452
0,1237484
495,1237516
688,1237548
603,1237580
1136,1237612
1373,1237644
1725,1237676
1803,1237708
2042,1237740
2333,1237772
2008,1237804
1847,1237836
1578,1237868
954,1237900
780,1237932
858,1237964
328,1237996
395,1238028
166,1238060
1,1238092
479,1238124
362,1238156
671,1238188
813,1238220
1096,1238252
1728,1238284
1546,1238316
1831,1238348
2249,1238380
1676,1238412
1449,1238444
1211,1238476
987,1238508
1114,1238540
456,1238572
650,1238604
384,1238636
171,1238668
364,1238700
554,1238732
815,1238764
1008,1238796
872,1238828
1468,1238860
1326,1238892
1562,1238924
1786,1238956
1766,1238988
1550,1239020
1290,1239052
1094,1239084
919,1239116
636,1239148
465,1239180
623,1239212
16,1239244
277,1239276
23,1239308
715,1239340
905,1239372
729,1239404
1356,1239436
1596,1239468
1460,1239500
2062,1239532
2255,1239564
2221,1239596
1865,1239628
1598,1239660
1449,1239692
1132,1239724
559,1239756
760,1239788
106,1239820
0,1239852
234,1239884
90,1239916
683,1239948
880,1239980
813,1240012
1338,1240044
1212,1240076
1530,1240108
1675,1240140
1932,1240172
2109,1240204
1464,1240236
1229,1240268
1370,1240300
777,1240332
588,1240364
327,1240396
139,1240428
247,1240460
272,1240492
567,1240524
762,1240556
1021,1240588
1224,1240620
1453,1240652
1678,1240684
1917,1240716
2112,1240748
2237,1240780
1962,1240812
1356,1240844
1488,1240876
892,1240908
697,1240940
441,1240972
238,1241004
61,1241036
0,1241068
39,1241100
267,1241132
489,1241164
717,1241196
872,1241228
1167,1241260
1839,1241292
1580,1241324
2287,1241356
2207,1241388
1597,1241420
1741,1241452
1463,1241484
909,1241516
988,1241548
768,1241580
652,1241612
282,1241644
137,1241676
444,1241708
601,1241740
488,1241772
1087,1241804
925,1241836
1548,1241868
1752,1241900
1671,1241932
2208,1241964
2064,1241996
1560,1242028
1595,1242060
1004,1242092
877,1242124
554,1242156
392,1242188
536,1242220
0,1242252
0,1242284
134,1242316
396,1242348
623,1242380
1129,1242412
1071,1242444
1664,1242476
1899,1242508
2138,1242540
2302,1242572
2105,1242604
1832,1242636
1552,1242668
1357,1242700
1088,1242732
493,1242764
633,1242796
47,1242828
0,1242860
0,1242892
134,1242924
391,1242956
585,1242988
839,1243020
1114,1243052
1290,1243084
1587,1243116
2230,1243148
1894,1243180
2103,1243212
1352,1243244
1608,1243276
1327,1243308
696,1243340
861,1243372
640,1243404
60,1243436
163,1243468
346,1243500
536,1243532
797,1243564
999,1243596
1307,1243628
1454,1243660
1327,1243692
2006,1243724
1788,1243756
2192,1243788
1930,1243820
1288,1243852
1454,1243884
1195,1243916
665,1243948
729,1243980
168,1244012
24,1244044
0,1244076
76,1244108
681,1244140
523,1244172
759,1244204
1342,1244236
1208,1244268
1480,1244300
2031,1244332
1947,1244364
2169,1244396
1563,1244428
1689,1244460
1420,1244492
1225,1244524
958,1244556
732,1244588
494,1244620
270,1244652
205,1244684
473,1244716
667,1244748
527,1244780
1117,1244812
984,1244844
1241,1244876
1436,1244908
1704,1244940
1959,1244972
1662,1245004
1480,1245036
1255,1245068
1019,1245100
798,1245132
493,1245164
347,1245196
539,1245228
0,1245260
367,1245292
560,1245324
439,1245356
1017,1245388
1200,1245420
1423,1245452
1662,1245484
1902,1245516
2255,1245548
2186,1245580
1950,1245612
1801,1245644
1480,1245676
1312,1245708
1054,1245740
448,1245772
269,1245804
343,1245836
0,1245868
312,1245900
551,1245932
508,1245964
1000,1245996
872,1246028
1193,1246060
1324,1246092
1612,1246124
2264,1246156
1807,1246188
1625,1246220
1720,1246252
1159,1246284
937,1246316
701,1246348
475,1246380
602,1246412
0,1246444
216,1246476
416,1246508
684,1246540
878,1246572
1068,1246604
1335,1246636
1707,1246668
1387,1246700
1995,1246732
1851,1246764
1704,1246796
1465,1246828
1230,1246860
1033,1246892
778,1246924
584,1246956
407,1246988
124,1247020
0,1247052
315,1247084
151,1247116
798,1247148
526,1247180
1227,1247212
1419,1247244
1239,1247276
1885,1247308
2125,1247340
2272,1247372
2088,1247404
1808,1247436
1691,1247468
1340,1247500
1087,1247532
927,1247564
618,1247596
58,1247628
234,1247660
0,1247692
142,1247724
746,1247756
586,1247788
1197,1247820
1401,1247852
1322,1247884
1865,1247916
1736,1247948
1912,1247980
2045,1248012
1404,1248044
1577,1248076
940,1248108
728,1248140
846,1248172
267,1248204
87,1248236
0,1248268
61,1248300
633,1248332
793,1248364
1095,1248396
1280,1248428
1547,1248460
1744,1248492
1982,1248524
2217,1248556
2176,1248588
1911,1248620
1706,1248652
1435,1248684
841,1248716
972,1248748
380,1248780
187,1248812
0,1248844
0,1248876
91,1248908
272,1248940
551,1248972
775,1249004
1000,1249036
1230,1249068
1386,1249100
1689,1249132
2377,1249164
1723,1249196
1961,1249228
1679,1249260
1388,1249292
1211,1249324
942,1249356
397,1249388
475,1249420
254,1249452
335,1249484
426,1249516
655,1249548
967,1249580
1114,1249612
985,1249644
1613,1249676
1438,1249708
2075,1249740
2249,1249772
1692,1249804
1768,1249836
1535,1249868
1038,1249900
815,1249932
496,1249964
363,1249996
47,1250028
0,1250060
346,1250092
196,1250124
459,1250156
645,1250188
907,1250220
1133,1250252
1648,1250284
1595,1250316
2200,1250348
2279,1250380
2040,1250412
1772,1250444
1577,1250476
1296,1250508
1036,1250540
840,1250572
584,1250604
0,1250636
99,1250668
0,1250700
200,1250732
413,1250764
650,1250796
901,1250828
1096,1250860
1353,1250892
1629,1250924
1817,1250956
1832,1250988
2011,1251020
1366,1251052
1576,1251084
840,1251116
1083,1251148
813,1251180
569,1251212
348,1251244
206,1251276
91,1251308
670,1251340
862,1251372
1195,1251404
1310,1251436
1516,1251468
1835,1251500
1980,1251532
1852,1251564
2154,1251596
1456,1251628
1664,1251660
1402,1251692
790,1251724
936,1251756
682,1251788
153,1251820
0,1251852
0,1251884
169,1251916
304,1251948
588,1251980
1207,1252012
1036,1252044
1271,1252076
1867,1252108
1725,1252140
1975,1252172
2062,1252204
1499,1252236
1639,1252268
1047,1252300
1165,1252332
904,1252364
701,1252396
442,1252428
205,1252460
0,1252492
539,1252524
728,1252556
987,1252588
1181,1252620
1040,1252652
1644,1252684
1501,1252716
1766,1252748
1807,1252780
1607,1252812
1428,1252844
1148,1252876
967,1252908
747,1252940
508,1252972
286,1253004
1,1253036
0,1253068
461,1253100
606,1253132
895,1253164
1080,1253196
947,1253228
1533,1253260
1728,1253292
1641,1253324
2192,1253356
2160,1253388
2043,1253420
1648,1253452
1420,1253484
1273,1253516
959,1253548
796,1253580
539,1253612
0,1253644
0,1253676
376,1253708
300,1253740
571,1253772
1063,1253804
1019,1253836
1512,1253868
1388,1253900
1711,1253932
1849,1253964
1752,1253996
1931,1254028
1287,1254060
1100,1254092
1192,1254124
648,1254156
423,1254188
191,1254220
0,1254252
282,1254284
90,1254316
736,1254348
940,1254380
763,1254412
1400,1254444
1592,1254476
1856,1254508
2061,1254540
1870,1254572
2016,1254604
1406,1254636
1178,1254668
942,1254700
720,1254732
524,1254764
268,1254796
72,1254828
0,1254860
0,1254892
213,1254924
362,1254956
665,1254988
1320,1255020
1467,1255052
1757,1255084
1949,1255116
1757,1255148
2265,1255180
2030,1255212
1427,1255244
1560,1255276
1279,1255308
1163,1255340
825,1255372
570,1255404
411,1255436
87,1255468
0,1255500
617,1255532
415,1255564
650,1255596
1262,1255628
1098,1255660
1383,1255692
1932,1255724
1847,1255756
2122,1255788
1520,1255820
1383,1255852
1062,1255884
889,1255916
1053,1255948
430,1255980
217,1256012
330,1256044
0,1256076
119,1256108
311,1256140
571,1256172
1149,1256204
1309,1256236
1609,1256268
1806,1256300
1629,1256332
2280,1256364
2124,1256396
1884,1256428
1647,1256460
1385,1256492
1180,1256524
912,1256556
320,1256588
457,1256620
0,1256652
0,1256684
77,1256716
332,1256748
604,1256780
782,1256812
1054,1256844
1593,1256876
1516,1256908
1755,1256940
2365,1256972
1709,1257004
1919,1257036
1609,1257068
1423,1257100
1151,1257132
572,1257164
687,1257196
425,1257228
0,1257260
286,1257292
522,1257324
871,1257356
941,1257388
1175,1257420
1485,1257452
1630,1257484
1500,1257516
2140,1257548
1807,1257580
1638,1257612
1721,1257644
1176,1257676
1243,1257708
1019,1257740
536,1257772
560,1257804
1,1257836
0,1257868
0,1257900
250,1257932
860,1257964
706,1257996
967,1258028
1158,1258060
1420,1258092
1659,1258124
2183,1258156
1850,1258188
1984,1258220
1304,1258252
1504,1258284
1244,1258316
1051,1258348
790,1258380
512,1258412
329,1258444
152,1258476
25,1258508
608,1258540
474,1258572
708,1258604
928,1258636
1160,1258668
1550,1258700
1611,1258732
1881,1258764
2079,1258796
1484,1258828
1305,1258860
1483,1258892
854,1258924
1053,1258956
326,1258988
557,1259020
295,1259052
0,1259084
504,1259116
734,1259148
611,1259180
1184,1259212
1375,1259244
1725,1259276
1848,1259308
2048,1259340
2329,1259372
2000,1259404
1407,1259436
1614,1259468
951,1259500
728,1259532
888,1259564
278,1259596
415,1259628
159,1259660
0,1259692
489,1259724
366,1259756
683,1259788
816,1259820
1102,1259852
1726,1259884
1548,1259916
1790,1259948
2240,1259980
1627,1260012
1438,1260044
1534,1260076
985,1260108
1103,1260140
810,1260172
647,1260204
390,1260236
167,1260268
366,1260300
590,1260332
824,1260364
1053,1260396
1242,1260428
1504,1260460
1708,1260492
1566,1260524
2173,1260556
1756,1260588
1550,1260620
1290,1260652
1084,1260684
914,1260716
634,1260748
456,1260780
231,1260812
16,1260844
0,1260876
25,1260908
327,1260940
971,1260972
730,1261004
1407,1261036
1599,1261068
1463,1261100
2063,1261132
2264,1261164
1771,1261196
1864,1261228
1631,1261260
1513,1261292
1133,1261324
907,1261356
761,1261388
454,1261420
0,1261452
235,1261484
79,1261516
362,1261548
890,1261580
810,1261612
1340,1261644
1578,1261676
1533,1261708
2042,1261740
1871,1261772
1735,1261804
1400,1261836
1228,1261868
1400,1261900
776,1261932
587,1261964
680,1261996
135,1262028
0,1262060
282,1262092
223,1262124
808,1262156
600,1262188
1260,1262220
1454,1262252
1726,1262284
1930,1262316
2122,1262348
2235,1262380
1961,1262412
1343,1262444
1486,1262476
891,1262508
667,1262540
909,1262572
218,1262604
19,1262636
0,1262668
2,1262700
267,1262732
444,1262764
725,1262796
872,1262828
1175,1262860
1848,1262892
1564,1262924
2295,1262956
2207,1262988
1546,1263020
1727,1263052
1500,1263084
907,1263116
1024,1263148
765,1263180
647,1263212
303,1263244
139,1263276
447,1263308
601,1263340
487,1263372
1134,1263404
926,1263436
1160,1263468
1789,1263500
1614,1263532
2252,1263564
2064,1263596
1512,1263628
1594,1263660
1004,1263692
872,1263724
555,1263756
380,1263788
539,1263820
0,1263852
0,1263884
480,1263916
363,1263948
631,1263980
1167,1264012
1081,1264044
1675,1264076
1832,1264108
2139,1264140
2300,1264172
2093,1264204
1824,1264236
1594,1264268
1355,1264300
1128,1264332
861,1264364
663,1264396
400,1264428
0,1264460
0,1264492
137,1264524
392,1264556
590,1264588
842,1264620
1116,1264652
1294,1264684
1577,1264716
2120,1264748
1884,1264780
1656,1264812
1344,1264844
1192,1264876
1400,1264908
695,1264940
911,1264972
639,1265004
57,1265036
163,1265068
347,1265100
267,1265132
799,1265164
1037,1265196
1375,1265228
1455,1265260
1695,1265292
2013,1265324
2160,1265356
1753,1265388
1929,1265420
1288,1265452
1448,1265484
1193,1265516
665,1265548
728,1265580
505,1265612
25,1265644
134,1265676
38,1265708
345,1265740
476,1265772
761,1265804
1375,1265836
1211,1265868
1481,1265900
2046,1265932
1948,1265964
1791,1265996
1847,1266028
1323,1266060
1452,1266092
1223,1266124
990,1266156
730,1266188
536,1266220
266,1266252
216,1266284
476,1266316
668,1266348
528,1266380
840,1266412
986,1266444
1223,1266476
1438,1266508
1676,1266540
1898,1266572
1637,1266604
1432,1266636
1549,1266668
968,1266700
795,1266732
967,1266764
343,1266796
541,1266828
0,1266860
377,1266892
560,1266924
392,1266956
1019,1266988
1256,1267020
1116,1267052
1711,1267084
1912,1267116
2263,1267148
2208,1267180
1948,1267212
1791,1267244
1479,1267276
891,1267308
1097,1267340
442,1267372
620,1267404
364,1267436
0,1267468
346,1267500
544,1267532
473,1267564
1000,1267596
874,1267628
1194,1267660
1789,1267692
1612,1267724
2265,1267756
1804,1267788
1578,1267820
1710,1267852
1112,1267884
925,1267916
1016,1267948
473,1267980
587,1268012
26,1268044
215,1268076
430,1268108
685,1268140
880,1268172
1113,1268204
1340,1268236
1578,1268268
1771,1268300
1646,1268332
2235,1268364
1695,1268396
1835,1268428
1229,1268460
1032,1268492
768,1268524
582,1268556
393,1268588
124,1268620
0,1268652
0,1268684
152,1268716
381,1268748
528,1268780
839,1268812
1497,1268844
1242,1268876
1943,1268908
2135,1268940
2268,1268972
2079,1269004
1806,1269036
1253,1269068
1328,1269100
1112,1269132
991,1269164
619,1269196
384,1269228
233,1269260
253,1269292
555,1269324
748,1269356
590,1269388
874,1269420
1403,1269452
1326,1269484
1855,1269516
2108,1269548
1911,1269580
1685,1269612
1352,1269644
1213,1269676
888,1269708
716,1269740
878,1269772
266,1269804
75,1269836
140,1269868
59,1269900
297,1269932
510,1269964
743,1269996
1320,1270028
1104,1270060
1328,1270092
1984,1270124
2262,1270156
2174,1270188
1903,1270220
1319,1270252
1434,1270284
832,1270316
970,1270348
380,1270380
156,1270412
0,1270444
0,1270476
56,1270508
251,1270540
505,1270572
786,1270604
953,1270636
1227,1270668
1387,1270700
1799,1270732
2379,1270764
1693,1270796
1959,1270828
1675,1270860
1431,1270892
1209,1270924
984,1270956
403,1270988
522,1271020
247,1271052
342,1271084
459,1271116
670,1271148
969,1271180
1116,1271212
999,1271244
1660,1271276
1440,1271308
1684,1271340
2272,1271372
1630,1271404
1804,1271436
1531,1271468
999,1271500
811,1271532
495,1271564
360,1271596
45,1271628
0,1271660
345,1271692
199,1271724
427,1271756
1002,1271788
872,1271820
1143,1271852
1323,1271884
1598,1271916
2203,1271948
2201,1271980
2039,1272012
1770,1272044
1563,1272076
1296,1272108
1068,1272140
462,1272172
608,1272204
346,1272236
123,1272268
333,1272300
200,1272332
782,1272364
649,1272396
904,1272428
1100,1272460
1356,1272492
1639,1272524
1828,1272556
1830,1272588
1903,1272620
1355,1272652
1131,1272684
830,1272716
680,1272748
878,1272780
567,1272812
383,1272844
217,1272876
103,1272908
681,1272940
864,1272972
781,1273004
1324,1273036
1552,1273068
1913,1273100
1992,1273132
2223,1273164
2144,1273196
1817,1273228
1230,1273260
1399,1273292
777,1273324
928,1273356
672,1273388
152,1273420
0,1273452
205,1273484
171,1273516
656,1273548
537,1273580
855,1273612
989,1273644
1272,1273676
1914,1273708
1736,1273740
1975,1273772
1689,1273804
1497,1273836
1273,1273868
1323,1273900
813,1273932
938,1273964
699,1273996
472,1274028
206,1274060
0,1274092
540,1274124
732,1274156
989,1274188
1184,1274220
1048,1274252
1646,1274284
1502,1274316
1739,1274348
1805,1274380
1578,1274412
1371,1274444
1113,1274476
910,1274508
1024,1274540
460,1274572
282,1274604
443,1274636
0,1274668
459,1274700
605,1274732
892,1274764
1083,1274796
906,1274828
1535,1274860
1774,1274892
1640,1274924
2248,1274956
2158,1274988
2041,1275020
1687,1275052
1418,1275084
1263,1275116
956,1275148
381,1275180
575,1275212
0,1275244
203,1275276
410,1275308
262,1275340
537,1275372
1065,1275404
984,1275436
1517,1275468
1388,1275500
1719,1275532
1851,1275564
1751,1275596
1918,1275628
1274,1275660
1054,1275692
1182,1275724
600,1275756
415,1275788
495,1275820
0,1275852
285,1275884
173,1275916
747,1275948
942,1275980
768,1276012
1402,1276044
1629,1276076
1866,1276108
2106,1276140
2253,1276172
2048,1276204
1776,1276236
1168,1276268
1311,1276300
716,1276332
524,1276364
256,1276396
70,1276428
0,1276460
0,1276492
215,1276524
439,1276556
666,1276588
891,1276620
1517,1276652
1341,1276684
2027,1276716
1768,1276748
2303,1276780
2027,1276812
1417,1276844
1551,1276876
1278,1276908
741,1276940
815,1276972
588,1277004
474,1277036
87,1277068
320,1277100
623,1277132
776,1277164
1068,1277196
1274,1277228
1101,1277260
1388,1277292
1934,1277324
1850,1277356
2121,1277388
1894,1277420
1383,1277452
1406,1277484
838,1277516
699,1277548
378,1277580
206,1277612
364,1277644
0,1277676
123,1277708
666,1277740
570,1277772
797,1277804
1031,1277836
1259,1277868
1855,1277900
1628,1277932
2318,1277964
2120,1277996
1920,1278028
1648,1278060
1374,1278092
1182,1278124
911,1278156
326,1278188
458,1278220
0,1278252
0,1278284
79,1278316
304,1278348
568,1278380
760,1278412
1016,1278444
1289,1278476
1467,1278508
1754,1278540
2363,1278572
1708,1278604
1918,1278636
1168,1278668
1422,1278700
1149,1278732
522,1278764
687,1278796
460,1278828
0,1278860
330,1278892
522,1278924
861,1278956
973,1278988
1180,1279020
1484,1279052
1640,1279084
1503,1279116
2200,1279148
1807,1279180
1576,1279212
1742,1279244
1114,1279276
1272,1279308
1007,1279340
487,1279372
556,1279404
0,1279436
0,1279468
0,1279500
253,1279532
861,1279564
698,1279596
935,1279628
1516,1279660
1385,1279692
1662,1279724
1850,1279756
1847,1279788
1979,1279820
1664,1279852
1501,1279884
1242,1279916
1039,1279948
780,1279980
553,1280012
318,1280044
188,1280076
383,1280108
651,1280140
846,1280172
704,1280204
1296,1280236
1164,1280268
1418,1280300
1625,1280332
1882,1280364
1770,1280396
1482,1280428
1304,1280460
1079,1280492
844,1280524
621,1280556
328,1280588
168,1280620
351,1280652
0,1280684
555,1280716
736,1280748
615,1280780
1193,1280812
1387,1280844
1292,1280876
1851,1280908
2091,1280940
2395,1280972
1999,1281004
1770,1281036
1615,1281068
1295,1281100
718,1281132
878,1281164
268,1281196
424,1281228
156,1281260
0,1281292
479,1281324
718,1281356
683,1281388
1168,1281420
1050,1281452
1369,1281484
1500,1281516
1798,1281548
2281,1281580
1625,1281612
1435,1281644
1166,1281676
973,1281708
761,1281740
808,1281772
301,1281804
414,1281836
163,1281868
400,1281900
601,1281932
862,1281964
1054,1281996
1245,1282028
1515,1282060
1709,1282092
1565,1282124
2176,1282156
1752,1282188
1515,1282220
1279,1282252
1062,1282284
858,1282316
605,1282348
407,1282380
221,1282412
0,1282444
0,1282476
491,1282508
326,1282540
983,1282572
712,1282604
1405,1282636
1599,1282668
1419,1282700
2075,1282732
1916,1282764
1769,1282796
1902,1282828
1625,1282860
1353,1282892
1161,1282924
905,1282956
749,1282988
443,1283020
0,1283052
282,1283084
91,1283116
727,1283148
924,1283180
762,1283212
1376,1283244
1584,1283276
1499,1283308
2045,1283340
1868,1283372
1723,1283404
1400,1283436
1226,1283468
1391,1283500
774,1283532
552,1283564
672,1283596
90,1283628
0,1283660
313,1283692
235,1283724
811,1283756
684,1283788
1261,1283820
1464,1283852
1741,1283884
1932,1283916
2169,1283948
2232,1283980
1996,1284012
1722,1284044
1519,1284076
1257,1284108
665,1284140
795,1284172
207,1284204
19,1284236
0,1284268
6,1284300
276,1284332
447,1284364
727,1284396
953,1284428
1178,1284460
1405,1284492
1563,1284524
1872,1284556
2271,1284588
1545,1284620
1775,1284652
1497,1284684
903,1284716
1024,1284748
764,1284780
526,1284812
299,1284844
174,1284876
512,1284908
607,1284940
832,1284972
1145,1285004
1291,1285036
1593,1285068
1802,1285100
1627,1285132
1915,1285164
2064,1285196
1512,1285228
1583,1285260
1371,1285292
862,1285324
894,1285356
328,1285388
187,1285420
0,1285452
0,1285484
526,1285516
362,1285548
633,1285580
1178,1285612
1095,1285644
1311,1285676
1546,1285708
1783,1285740
2334,1285772
1643,1285804
1856,1285836
1584,1285868
1390,1285900
1128,1285932
858,1285964
656,1285996
400,1286028
0,1286060
267,1286092
143,1286124
365,1286156
591,1286188
824,1286220
1070,1286252
1272,1286284
1530,1286316
1818,1286348
1832,1286380
1653,1286412
1835,1286444
1182,1286476
1388,1286508
656,1286540
903,1286572
636,1286604
17,1286636
149,1286668
394,1286700
574,1286732
845,1286764
1039,1286796
1383,1286828
1498,1286860
1696,1286892
2013,1286924
2170,1286956
1752,1286988
1966,1287020
1279,1287052
1062,1287084
1214,1287116
599,1287148
761,1287180
495,1287212
0,1287244
139,1287276
38,1287308
348,1287340
922,1287372
762,1287404
1386,1287436
1210,1287468
1449,1287500
2048,1287532
1911,1287564
1787,1287596
1511,1287628
1321,1287660
1451,1287692
1146,1287724
985,1287756
720,1287788
525,1287820
266,1287852
252,1287884
479,1287916
714,1287948
895,1287980
1166,1288012
1359,1288044
1216,1288076
1831,1288108
1689,1288140
1897,1288172
1629,1288204
1421,1288236
1243,1288268
967,1288300
791,1288332
567,1288364
344,1288396
108,1288428
0,1288460
0,1288492
635,1288524
394,1288556
1067,1288588
1259,1288620
1436,1288652
1721,1288684
1915,1288716
1819,1288748
2206,1288780
1978,1288812
1856,1288844
1469,1288876
1244,1288908
1095,1288940
780,1288972
216,1289004
363,1289036
0,1289068
348,1289100
552,1289132
476,1289164
1003,1289196
1232,1289228
1195,1289260
1433,1289292
1564,1289324
1895,1289356
1743,1289388
1576,1289420
1744,1289452
1109,1289484
920,1289516
654,1289548
460,1289580
247,1289612
286,1289644
0,1289676
462,1289708
685,1289740
920,1289772
1116,1289804
1385,1289836
1579,1289868
1773,1289900
2042,1289932
2253,1289964
1692,1289996
1836,1290028
1228,1290060
1000,1290092
768,1290124
552,1290156
346,1290188
88,1290220
0,1290252
0,1290284
120,1290316
391,1290348
1005,1290380
839,1290412
1499,1290444
1224,1290476
1936,1290508
2139,1290540
2302,1290572
2075,1290604
1848,1290636
1241,1290668
1373,1290700
1102,1290732
987,1290764
639,1290796
392,1290828
232,1290860
265,1290892
153,1290924
796,1290956
600,1290988
1243,1291020
1438,1291052
1274,1291084
1902,1291116
2112,1291148
1865,1291180
1673,1291212
1340,1291244
1211,1291276
880,1291308
712,1291340
875,1291372
262,1291404
39,1291436
136,1291468
24,1291500
286,1291532
832,1291564
749,1291596
1325,1291628
1196,1291660
1801,1291692
1994,1291724
2262,1291756
2174,1291788
1934,1291820
1310,1291852
1468,1291884
1197,1291916
1002,1291948
734,1291980
154,1292012
281,1292044
0,1292076
69,1292108
255,1292140
508,1292172
791,1292204
956,1292236
1240,1292268
1467,1292300
1704,1292332
1933,1292364
1690,1292396
1529,1292428
1741,1292460
1419,1292492
1255,1292524
975,1292556
392,1292588
523,1292620
247,1292652
0,1292684
464,1292716
701,1292748
1038,1292780
1118,1292812
1353,1292844
1663,1292876
1818,1292908
2123,1292940
2270,1292972
1628,1293004
1454,1293036
1531,1293068
998,1293100
809,1293132
844,1293164
359,1293196
379,1293228
0,1293260
10,1293292
153,1293324
424,1293356
1040,1293388
875,1293420
1144,1293452
1696,1293484
1607,1293516
1839,1293548
1908,1293580
1671,1293612
1802,1293644
1119,1293676
1327,1293708
1066,1293740
442,1293772
614,1293804
345,1293836
0,1293868
334,1293900
216,1293932
783,1293964
652,1293996
878,1294028
1101,1294060
1338,1294092
1595,1294124
1800,1294156
1772,1294188
1591,1294220
1305,1294252
1138,1294284
826,1294316
681,1294348
872,1294380
560,1294412
381,1294444
217,1294476
58,1294508
683,1294540
920,1294572
788,1294604
1368,1294636
1565,1294668
1913,1294700
2027,1294732
2234,1294764
2043,1294796
1818,1294828
1227,1294860
1434,1294892
768,1294924
551,1294956
703,1294988
104,1295020
0,1295052
206,1295084
138,1295116
656,1295148
548,1295180
857,1295212
998,1295244
1276,1295276
1917,1295308
1739,1295340
1927,1295372
2062,1295404
1449,1295436
1261,1295468
989,1295500
809,1295532
927,1295564
634,1295596
461,1295628
200,1295660
0,1295692
544,1295724
776,1295756
1002,1295788
1229,1295820
1422,1295852
1692,1295884
1888,1295916
1742,1295948
2186,1295980
1576,1296012
1370,1296044
1104,1296076
908,1296108
730,1296140
458,1296172
280,1296204
334,1296236
0,1296268
53,1296300
669,1296332
499,1296364
1151,1296396
908,1296428
1595,1296460
1787,1296492
1642,1296524
2251,1296556
2156,1296588
1591,1296620
1678,1296652
1450,1296684
1328,1296716
955,1296748
729,1296780
575,1296812
267,1296844
0,1296876
412,1296908
256,1296940
540,1296972
1068,1297004
986,1297036
1515,1297068
1766,1297100
1720,1297132
2223,1297164
1688,1297196
1549,1297228
1224,1297260
1052,1297292
1216,1297324
600,1297356
409,1297388
141,1297420
0,1297452
0,1297484
457,1297516
413,1297548
984,1297580
777,1297612
1438,1297644
1642,1297676
1912,1297708
2108,1297740
2251,1297772
2047,1297804
1775,1297836
1176,1297868
1308,1297900
714,1297932
488,1297964
256,1297996
39,1298028
0,1298060
0,1298092
168,1298124
734,1298156
622,1298188
895,1298220
1527,1298252
1352,1298284
2029,1298316
1743,1298348
2302,1298380
2025,1298412
1368,1298444
1547,1298476
1322,1298508
731,1298540
858,1298572
588,1298604
471,1298636
105,1298668
332,1298700
624,1298732
780,1298764
666,1298796
1312,1298828
1104,1298860
1338,1298892
1979,1298924
1802,1298956
2142,1298988
1882,1299020
1337,1299052
1405,1299084
828,1299116
696,1299148
377,1299180
204,1299212
345,1299244
0,1299276
87,1299308
668,1299340
536,1299372
807,1299404
1344,1299436
1257,1299468
1853,1299500
2014,1299532
2325,1299564
2120,1299596
1913,1299628
1630,1299660
1407,1299692
1178,1299724
944,1299756
682,1299788
479,1299820
222,1299852
0,1299884
443,1299916
315,1299948
580,1299980
763,1300012
1021,1300044
1298,1300076
1472,1300108
1765,1300140
1944,1300172
1704,1300204
1467,1300236
1167,1300268
1015,1300300
1214,1300332
520,1300364
733,1300396
461,1300428
0,1300460
345,1300492
536,1300524
443,1300556
984,1300588
1215,1300620
1560,1300652
1640,1300684
1882,1300716
2201,1300748
2172,1300780
1576,1300812
1741,1300844
1103,1300876
939,1300908
1016,1300940
488,1300972
554,1301004
328,1301036
0,1301068
317,1301100
204,1301132
525,1301164
654,1301196
938,1301228
1568,1301260
1388,1301292
1671,1301324
2235,1301356
1847,1301388
1611,1301420
1663,1301452
1147,1301484
1276,1301516
607,1301548
810,1301580
554,1301612
347,1301644
198,1301676
396,1301708
652,1301740
856,1301772
714,1301804
1305,1301836
1166,1301868
1392,1301900
2123,1301932
1866,1301964
1711,1301996
1452,1302028
1254,1302060
1067,1302092
794,1302124
617,1302156
317,1302188
166,1302220
357,1302252
0,1302284
555,1302316
744,1302348
571,1302380
1197,1302412
1432,1302444
1300,1302476
1888,1302508
2092,1302540
2392,1302572
2028,1302604
1760,1302636
1611,1302668
1293,1302700
715,1302732
920,1302764
256,1302796
42,1302828
185,1302860
0,1302892
526,1302924
730,1302956
651,1302988
1177,1303020
1053,1303052
1369,1303084
1512,1303116
1802,1303148
2269,1303180
1624,1303212
1399,1303244
1530,1303276
935,1303308
748,1303340
841,1303372
301,1303404
409,1303436
97,1303468
407,1303500
604,1303532
861,1303564
1064,1303596
1292,1303628
1518,1303660
1756,1303692
1950,1303724
2223,1303756
2128,1303788
1516,1303820
1355,1303852
1052,1303884
848,1303916
600,1303948
400,1303980
219,1304012
0,1304044
0,1304076
396,1304108
330,1304140
557,1304172
714,1304204
1015,1304236
1677,1304268
1420,1304300
2125,1304332
2315,1304364
1768,1304396
1899,1304428
1626,1304460
1069,1304492
1150,1304524
935,1304556
815,1304588
440,1304620
216,1304652
283,1304684
432,1304716
318,1304748
928,1304780
766,1304812
1384,1304844
1584,1304876
1502,1304908
2048,1304940
2234,1304972
1721,1305004
1756,1305036
1164,1305068
1033,1305100
715,1305132
540,1305164
701,1305196
88,1305228
0,1305260
326,1305292
236,1305324
463,1305356
970,1305388
921,1305420
1502,1305452
1735,1305484
1976,1305516
2170,1305548
2269,1305580
1994,1305612
1722,1305644
1517,1305676
1246,1305708
655,1305740
507,1305772
203,1305804
0,1305836
0,1305868
0,1305900
232,1305932
424,1305964
682,1305996
1247,1306028
1131,1306060
1415,1306092
2059,1306124
1880,1306156
2268,1306188
1512,1306220
1771,1306252
1495,1306284
855,1306316
1022,1306348
797,1306380
217,1306412
342,1306444
175,1306476
524,1306508
637,1306540
843,1306572
1145,1306604
1293,1306636
1168,1306668
1848,1306700
1626,1306732
2300,1306764
2095,1306796
1470,1306828
1613,1306860
1355,1306892
824,1306924
892,1306956
315,1306988
183,1307020
297,1307052
0,1307084
527,1307116
372,1307148
599,1307180
1180,1307212
1051,1307244
1319,1307276
1880,1307308
1785,1307340
2329,1307372
1725,1307404
1853,1307436
1582,1307468
1386,1307500
1118,1307532
893,1307564
663,1307596
429,1307628
166,1307660
0,1307692
504,1307724
376,1307756
959,1307788
827,1307820
1081,1307852
1279,1307884
1534,1307916
1819,1307948
1834,1307980
1642,1308012
1415,1308044
1180,1308076
954,1308108
654,1308140
502,1308172
699,1308204
7,1308236
185,1308268
397,1308300
576,1308332
857,1308364
1048,1308396
953,1308428
1498,1308460
1740,1308492
2091,1308524
2171,1308556
2120,1308588
1965,1308620
1646,1308652
1472,1308684
1213,1308716
601,1308748
428,1308780
496,1308812
0,1308844
143,1308876
392,1308908
347,1308940
585,1308972
714,1309004
1033,1309036
1166,1309068
1452,1309100
2094,1309132
1914,1309164
1784,1309196
1882,1309228
1319,1309260
1087,1309292
859,1309324
635,1309356
760,1309388
96,1309420
286,1309452
254,1309484
522,1309516
718,1309548
911,1309580
804,1309612
1368,1309644
1226,1309676
1834,1309708
1689,1309740
1865,1309772
1627,1309804
1400,1309836
1192,1309868
936,1309900
742,1309932
562,1309964
284,1309996
104,1310028
0,1310060
0,1310092
638,1310124
366,1310156
1079,1310188
1259,1310220
1472,1310252
1721,1310284
1964,1310316
1821,1310348
2251,1310380
1977,1310412
1853,1310444
1498,1310476
1240,1310508
1087,1310540
779,1310572
207,1310604
398,1310636
0,1310668
0,1310700
588,1310732
428,1310764
1038,1310796
1242,1310828
1163,1310860
1433,1310892
1576,1310924
1899,1310956
1740,1310988
1564,1311020
1741,1311052
1101,1311084
875,1311116
1008,1311148
428,1311180
237,1311212
0,1311244
0,1311276
463,1311308
623,1311340
923,1311372
1119,1311404
1385,1311436
1584,1311468
1818,1311500
1660,1311532
2287,1311564
2060,1311596
1868,1311628
1595,1311660
998,1311692
1132,1311724
541,1311756
346,1311788
89,1311820
0,1311852
0,1311884
110,1311916
391,1311948
909,1311980
843,1312012
1069,1312044
1226,1312076
1529,1312108
2217,1312140
2299,1312172
2125,1312204
1839,1312236
1239,1312268
1371,1312300
1101,1312332
557,1312364
646,1312396
414,1312428
287,1312460
267,1312492
492,1312524
811,1312556
953,1312588
828,1312620
1450,1312652
1278,1312684
1912,1312716
2120,1312748
1862,1312780
1671,1312812
1707,1312844
1207,1312876
1230,1312908
654,1312940
523,1312972
214,1313004
39,1313036
161,1313068
29,1313100
297,1313132
486,1313164
747,1313196
974,1313228
1485,1313260
1434,1313292
2032,1313324
2279,1313356
2206,1313388
1934,1313420
1286,1313452
1466,1313484
1194,1313516
1001,1313548
734,1313580
153,1313612
268,1313644
0,1313676
40,1313708
255,1313740
486,1313772
743,1313804
936,1313836
1194,1313868
1774,1313900
1648,1313932
1941,1313964
2183,1313996
1527,1314028
1739,1314060
1419,1314092
1240,1314124
972,1314156
345,1314188
506,1314220
282,1314252
0,1314284
507,1314316
702,1314348
1038,1314380
1160,1314412
1355,1314444
1664,1314476
1821,1314508
1690,1314540
2317,1314572
1625,1314604
1824,1314636
1564,1314668
936,1314700
771,1314732
841,1314764
312,1314796
368,1314828
0,1314860
18,1314892
154,1314924
429,1314956
1038,1314988
886,1315020
1111,1315052
1706,1315084
1575,1315116
1848,1315148
2233,1315180
1661,1315212
1801,1315244
1207,1315276
1323,1315308
1066,1315340
429,1315372
604,1315404
377,1315436
121,1315468
375,1315500
569,1315532
468,1315564
1020,1315596
880,1315628
1483,1315660
1341,1315692
1605,1315724
1801,1315756
1770,1315788
1590,1315820
1305,1315852
1127,1315884
893,1315916
667,1315948
443,1315980
607,1316012
4,1316044
297,1316076
69,1316108
733,1316140
923,1316172
790,1316204
1371,1316236
1565,1316268
1469,1316300
2028,1316332
2271,1316364
2205,1316396
1819,1316428
1584,1316460
1424,1316492
1117,1316524
959,1316556
698,1316588
90,1316620
0,1316652
208,1316684
142,1316716
665,1316748
895,1316780
861,1316812
1352,1316844
1228,1316876
1549,1316908
1688,1316940
1916,1316972
2094,1317004
1447,1317036
1257,1317068
1355,1317100
808,1317132
573,1317164
359,1317196
123,1317228
234,1317260
0,1317292
586,1317324
780,1317356
1036,1317388
1232,1317420
1423,1317452
1693,1317484
1898,1317516
1743,1317548
2188,1317580
1567,1317612
1338,1317644
1103,1317676
878,1317708
681,1317740
428,1317772
231,1317804
50,1317836
0,1317868
56,1317900
669,1317932
501,1317964
1150,1317996
878,1318028
1595,1318060
1787,1318092
1605,1318124
2253,1318156
2192,1318188
1591,1318220
1720,1318252
1448,1318284
1323,1318316
984,1318348
729,1318380
573,1318412
264,1318444
0,1318476
458,1318508
267,1318540
492,1318572
1109,1318604
940,1318636
1562,1318668
1770,1318700
1687,1318732
2233,1318764
1688,1318796
1544,1318828
1194,1318860
1050,1318892
1223,1318924
588,1318956
375,1318988
492,1319020
0,1319052
0,1319084
151,1319116
410,1319148
989,1319180
1146,1319212
1439,1319244
1644,1319276
1913,1319308
2112,1319340
2283,1319372
2045,1319404
1818,1319436
1535,1319468
1341,1319500
1081,1319532
480,1319564
619,1319596
30,1319628
0,1319660
0,1319692
175,1319724
445,1319756
624,1319788
904,1319820
1131,1319852
1356,1319884
1591,1319916
1744,1319948
1879,1319980
2093,1320012
1358,1320044
1593,1320076
1309,1320108
729,1320140
855,1320172
588,1320204
53,1320236
105,1320268
363,1320300
702,1320332
781,1320364
1016,1320396
1322,1320428
1464,1320460
1341,1320492
1978,1320524
1815,1320556
2138,1320588
1881,1320620
1338,1320652
1402,1320684
1188,1320716
695,1320748
716,1320780
152,1320812
10,1320844
0,1320876
92,1320908
702,1320940
540,1320972
811,1321004
990,1321036
1259,1321068
1495,1321100
2023,1321132
1963,1321164
2144,1321196
1911,1321228
1676,1321260
1404,1321292
1210,1321324
944,1321356
682,1321388
479,1321420
220,1321452
0,1321484
445,1321516
318,1321548
552,1321580
766,1321612
1001,1321644
1259,1321676
1453,1321708
1711,1321740
1932,1321772
1645,1321804
1468,1321836
1645,1321868
1012,1321900
1209,1321932
476,1321964
727,1321996
455,1322028
0,1322060
347,1322092
574,1322124
443,1322156
1022,1322188
1224,1322220
1407,1322252
1677,1322284
1885,1322316
2203,1322348
2168,1322380
1566,1322412
1784,1322444
1103,1322476
1303,1322508
1048,1322540
427,1322572
584,1322604
319,1322636
0,1322668
318,1322700
208,1322732
522,1322764
656,1322796
940,1322828
1563,1322860
1390,1322892
1629,1322924
2236,1322956
1789,1322988
1607,1323020
1705,1323052
1147,1323084
1273,1323116
695,1323148
809,1323180
542,1323212
345,1323244
204,1323276
440,1323308
666,1323340
893,1323372
1086,1323404
1343,1323436
1536,1323468
1401,1323500
2008,1323532
1867,1323564
1709,1323596
1440,1323628
1245,1323660
1066,1323692
794,1323724
615,1323756
391,1323788
158,1323820
0,1323852
0,1323884
167,1323916
815,1323948
572,1323980
1243,1324012
1437,1324044
1303,1324076
1903,1324108
2096,1324140
2256,1324172
2027,1324204
1792,1324236
1677,1324268
1292,1324300
1068,1324332
919,1324364
606,1324396
441,1324428
183,1324460
0,1324492
204,1324524
733,1324556
652,1324588
1180,1324620
1418,1324652
1383,1324684
1872,1324716
1752,1324748
1899,1324780
1560,1324812
1389,1324844
1564,1324876
932,1324908
745,1324940
840,1324972
295,1325004
71,1325036
0,1325068
73,1325100
650,1325132
431,1325164
1098,1325196
1292,1325228
1562,1325260
1760,1325292
1960,1325324
2223,1325356
2124,1325388
1504,1325420
1656,1325452
1052,1325484
825,1325516
591,1325548
366,1325580
173,1325612
0,1325644
0,1325676
108,1325708
295,1325740
569,1325772
1182,1325804
1017,1325836
1687,1325868
1400,1325900
2133,1325932
2317,1325964
1707,1325996
1897,1326028
1662,1326060
1387,1326092
1196,1326124
926,1326156
811,1326188
471,1326220
206,1326252
287,1326284
440,1326316
328,1326348
974,1326380
767,1326412
1002,1326444
1626,1326476
1464,1326508
2090,1326540
2233,1326572
1677,1326604
1755,1326636
1164,1326668
1022,1326700
1159,1326732
538,1326764
697,1326796
87,1326828
0,1326860
328,1326892
204,1326924
472,1326956
653,1326988
923,1327020
1511,1327052
1662,1327084
1977,1327116
2176,1327148
2265,1327180
1992,1327212
1752,1327244
1516,1327276
1287,1327308
1019,1327340
826,1327372
560,1327404
0,1327436
87,1327468
0,1327500
235,1327532
428,1327564
685,1327596
958,1327628
1142,1327660
1416,1327692
1655,1327724
1882,1327756
1819,1327788
1503,1327820
1351,1327852
1565,1327884
848,1327916
1071,1327948
796,1327980
512,1328012
336,1328044
186,1328076
108,1328108
648,1328140
877,1328172
1215,1328204
1295,1328236
1531,1328268
1851,1328300
1998,1328332
1868,1328364
2091,1328396
1450,1328428
1611,1328460
1354,1328492
824,1328524
891,1328556
666,1328588
174,1328620
0,1328652
0,1328684
185,1328716
320,1328748
603,1328780
1226,1328812
1050,1328844
1323,1328876
1512,1328908
1787,1328940
1959,1328972
2010,1329004
1483,1329036
1614,1329068
1385,1329100
1148,1329132
890,1329164
688,1329196
426,1329228
156,1329260
328,1329292
510,1329324
377,1329356
968,1329388
829,1329420
1062,1329452
1278,1329484
1515,1329516
1773,1329548
1790,1329580
1593,1329612
1413,1329644
1130,1329676
951,1329708
1117,1329740
501,1329772
695,1329804
0,1329836
195,1329868
399,1329900
620,1329932
858,1329964
1088,1329996
956,1330028
1550,1330060
1752,1330092
2103,1330124
2207,1330156
2108,1330188
1963,1330220
1641,1330252
1052,1330284
1257,1330316
603,1330348
784,1330380
526,1330412
0,1330444
181,1330476
384,1330508
324,1330540
587,1330572
718,1330604
1036,1330636
1167,1330668
1452,1330700
2103,1330732
1926,1330764
1739,1330796
1880,1330828
1271,1330860
1351,1330892
1179,1330924
634,1330956
757,1330988
173,1331020
281,1331052
268,1331084
525,1331116
720,1331148
954,1331180
808,1331212
1407,1331244
1610,1331276
1880,1331308
2075,1331340
1856,1331372
1997,1331404
1390,1331436
1192,1331468
927,1331500
742,1331532
554,1331564
282,1331596
103,1331628
0,1331660
2,1331692
231,1331724
376,1331756
679,1331788
1337,1331820
1484,1331852
1773,1331884
1965,1331916
1818,1331948
2249,1331980
1974,1332012
1405,1332044
1496,1332076
1272,1332108
1149,1332140
776,1332172
551,1332204
395,1332236
85,1332268
393,1332300
598,1332332
440,1332364
717,1332396
1246,1332428
1164,1332460
1437,1332492
1949,1332524
1911,1332556
2105,1332588
1510,1332620
1369,1332652
1048,1332684
876,1332716
1038,1332748
423,1332780
232,1332812
316,1332844
0,1332876
127,1332908
359,1332940
585,1332972
1164,1333004
952,1333036
1624,1333068
1822,1333100
1642,1333132
2288,1333164
2064,1333196
1867,1333228
1594,1333260
990,1333292
1132,1333324
539,1333356
314,1333388
77,1333420
0,1333452
0,1333484
92,1333516
346,1333548
619,1333580
806,1333612
1078,1333644
1227,1333676
1531,1333708
2217,1333740
2297,1333772
2123,1333804
1839,1333836
1189,1333868
1369,1333900
1143,1333932
554,1333964
672,1333996
410,1334028
283,1334060
302,1334092
496,1334124
811,1334156
956,1334188
832,1334220
1499,1334252
1280,1334284
1516,1334316
2159,1334348
1801,1334380
1624,1334412
1696,1334444
1160,1334476
1228,1334508
652,1334540
510,1334572
203,1334604
29,1334636
169,1334668
29,1334700
267,1334732
844,1334764
715,1334796
983,1334828
1165,1334860
1437,1334892
2041,1334924
2202,1334956
2203,1334988
1930,1335020
1278,1335052
1464,1335084
1228,1335116
991,1335148
768,1335180
505,1335212
303,1335244
169,1335276
42,1335308
624,1335340
488,1335372
748,1335404
941,1335436
1196,1335468
1477,1335500
1658,1335532
1943,1335564
2061,1335596
1527,1335628
1293,1335660
1469,1335692
829,1335724
1039,1335756
336,1335788
553,1335820
281,1335852
0,1335884
509,1335916
711,1335948
619,1335980
1161,1336012
1390,1336044
1743,1336076
1824,1336108
2062,1336140
2313,1336172
1992,1336204
1388,1336236
1561,1336268
938,1336300
762,1336332
839,1336364
310,1336396
376,1336428
143,1336460
24,1336492
494,1336524
380,1336556
697,1336588
829,1336620
1112,1336652
1744,1336684
1576,1336716
1848,1336748
1852,1336780
1658,1336812
1433,1336844
1484,1336876
969,1336908
1096,1336940
424,1336972
634,1337004
368,1337036
167,1337068
382,1337100
569,1337132
839,1337164
1035,1337196
889,1337228
1485,1337260
1342,1337292
1579,1337324
1805,1337356
1740,1337388
1531,1337420
1274,1337452
1070,1337484
1190,1337516
620,1337548
441,1337580
605,1337612
0,1337644
297,1337676
40,1337708
733,1337740
923,1337772
754,1337804
1375,1337836
1613,1337868
1479,1337900
2080,1337932
2281,1337964
2207,1337996
1849,1338028
1582,1338060
1433,1338092
1117,1338124
539,1338156
736,1338188
88,1338220
0,1338252
250,1338284
94,1338316
701,1338348
906,1338380
827,1338412
1356,1338444
1229,1338476
1559,1338508
1692,1338540
1912,1338572
2093,1338604
1446,1338636
1223,1338668
1352,1338700
759,1338732
571,1338764
655,1338796
123,1338828
221,1338860
288,1338892
585,1338924
782,1338956
1038,1338988
1242,1339020
1470,1339052
1704,1339084
1945,1339116
2139,1339148
2219,1339180
1947,1339212
1336,1339244
1470,1339276
875,1339308
681,1339340
416,1339372
228,1339404
51,1339436
0,1339468
55,1339500
283,1339532
505,1339564
733,1339596
889,1339628
1189,1339660
1865,1339692
1606,1339724
2311,1339756
2191,1339788
1578,1339820
1710,1339852
1438,1339884
893,1339916
972,1339948
749,1339980
635,1340012
264,1340044
154,1340076
459,1340108
618,1340140
496,1340172
1110,1340204
942,1340236
1228,1340268
1773,1340300
1692,1340332
2234,1340364
2046,1340396
1543,1340428
1577,1340460
986,1340492
859,1340524
539,1340556
372,1340588
524,1340620
0,1340652
0,1340684
496,1340716
414,1340748
647,1340780
1147,1340812
1097,1340844
1690,1340876
1469,1340908
2158,1340940
2282,1340972
2088,1341004
1816,1341036
1534,1341068
1338,1341100
1079,1341132
476,1341164
608,1341196
31,1341228
0,1341260
393,1341292
153,1341324
408,1341356
602,1341388
859,1341420
1131,1341452
1318,1341484
1591,1341516
1744,1341548
1868,1341580
2089,1341612
1327,1341644
1581,1341676
1311,1341708
680,1341740
845,1341772
622,1341804
50,1341836
151,1341868
364,1341900
699,1341932
821,1341964
1017,1341996
1323,1342028
1470,1342060
1341,1342092
2030,1342124
1808,1342156
1738,1342188
1914,1342220
1272,1342252
1432,1342284
1178,1342316
647,1342348
714,1342380
144,1342412
16,1342444
0,1342476
92,1342508
701,1342540
542,1342572
778,1342604
1358,1342636
1224,1342668
1498,1342700
2061,1342732
1965,1342764
2151,1342796
1832,1342828
1673,1342860
1403,1342892
712,1342924
940,1342956
714,1342988
476,1343020
250,1343052
232,1343084
492,1343116
684,1343148
553,1343180
846,1343212
1003,1343244
1260,1343276
1464,1343308
1722,1343340
1928,1343372
1645,1343404
1464,1343436
1531,1343468
1001,1343500
780,1343532
477,1343564
328,1343596
512,1343628
0,1343660
393,1343692
584,1343724
448,1343756
1035,1343788
1224,1343820
1131,1343852
1679,1343884
1928,1343916
2281,1343948
2160,1343980
1932,1344012
1783,1344044
1456,1344076
874,1344108
1037,1344140
425,1344172
575,1344204
316,1344236
0,1344268
331,1344300
560,1344332
535,1344364
1016,1344396
890,1344428
1211,1344460
1339,1344492
1638,1344524
2279,1344556
1788,1344588
1607,1344620
1696,1344652
1134,1344684
910,1344716
959,1344748
457,1344780
572,1344812
334,1344844
236,1344876
442,1344908
700,1344940
896,1344972
1081,1345004
1353,1345036
1549,1345068
1405,1345100
1718,1345132
1870,1345164
1687,1345196
1439,1345228
1214,1345260
1016,1345292
764,1345324
558,1345356
672,1345388
110,1345420
0,1345452
331,1345484
169,1345516
823,1345548
550,1345580
1245,1345612
1439,1345644
1267,1345676
1901,1345708
2141,1345740
1930,1345772
2064,1345804
1788,1345836
1673,1345868
1312,1345900
1066,1345932
909,1345964
604,1345996
38,1346028
216,1346060
0,1346092
568,1346124
765,1346156
605,1346188
1214,1346220
1419,1346252
1340,1346284
1884,1346316
1756,1346348
1895,1346380
2025,1346412
1388,1346444
1559,1346476
924,1346508
703,1346540
832,1346572
249,1346604
72,1346636
136,1346668
75,1346700
651,1346732
525,1346764
1103,1346796
1302,1346828
1565,1346860
1770,1346892
1998,1346924
2234,1346956
2168,1346988
1884,1347020
1303,1347052
1417,1347084
816,1347116
956,1347148
364,1347180
170,1347212
0,1347244
0,1347276
119,1347308
296,1347340
568,1347372
795,1347404
1016,1347436
1245,1347468
1404,1347500
1707,1347532
2397,1347564
1708,1347596
1935,1347628
1659,1347660
1372,1347692
1193,1347724
922,1347756
381,1347788
462,1347820
236,1347852
359,1347884
446,1347916
672,1347948
975,1347980
1128,1348012
1433,1348044
1640,1348076
1455,1348108
1754,1348140
2235,1348172
1676,1348204
1753,1348236
1519,1348268
1020,1348300
797,1348332
485,1348364
345,1348396
28,1348428
0,1348460
364,1348492
202,1348524
471,1348556
1018,1348588
925,1348620
1151,1348652
1383,1348684
1614,1348716
2220,1348748
1804,1348780
2026,1348812
1756,1348844
1560,1348876
1280,1348908
1016,1348940
454,1348972
558,1349004
0,1349036
89,1349068
0,1349100
206,1349132
431,1349164
666,1349196
919,1349228
1114,1349260
1373,1349292
1656,1349324
1834,1349356
1816,1349388
1501,1349420
1350,1349452
1547,1349484
814,1349516
1067,1349548
794,1349580
553,1349612
332,1349644
232,1349676
119,1349708
685,1349740
888,1349772
1223,1349804
1340,1349836
1535,1349868
1853,1349900
1996,1349932
1870,1349964
2135,1349996
1439,1350028
1219,1350060
1375,1350092
762,1350124
920,1350156
666,1350188
136,1350220
0,1350252
0,1350284
187,1350316
330,1350348
604,1350380
1227,1350412
1054,1350444
1288,1350476
1886,1350508
1753,1350540
1948,1350572
1674,1350604
1481,1350636
1613,1350668
1304,1350700
1145,1350732
880,1350764
685,1350796
424,1350828
190,1350860
0,1350892
557,1350924
748,1350956
1008,1350988
1199,1351020
1063,1351052
1661,1351084
1518,1351116
1786,1351148
1790,1351180
1592,1351212
1402,1351244
1128,1351276
949,1351308
1007,1351340
491,1351372
267,1351404
0,1351436
0,1351468
477,1351500
623,1351532
909,1351564
1099,1351596
967,1351628
1551,1351660
1752,1351692
1655,1351724
2217,1351756
2141,1351788
2027,1351820
1632,1351852
1403,1351884
1247,1351916
941,1351948
368,1351980
522,1352012
0,1352044
188,1352076
394,1352108
326,1352140
586,1352172
1072,1352204
1036,1352236
1530,1352268
1402,1352300
1737,1352332
1867,1352364
1740,1352396
1914,1352428
1261,1352460
1080,1352492
813,1352524
631,1352556
397,1352588
445,1352620
0,1352652
301,1352684
535,1352716
762,1352748
956,1352780
779,1352812
1418,1352844
1609,1352876
1883,1352908
2077,1352940
1853,1352972
1996,1353004
1388,1353036
1161,1353068
927,1353100
702,1353132
506,1353164
252,1353196
46,1353228
153,1353260
0,1353292
231,1353324
847,1353356
680,1353388
1335,1353420
1485,1353452
1774,1353484
1967,1353516
1783,1353548
2239,1353580
2012,1353612
1403,1353644
1534,1353676
1260,1353708
1144,1353740
807,1353772
543,1353804
395,1353836
87,1353868
1,1353900
634,1353932
440,1353964
1082,1353996
1291,1354028
1128,1354060
1403,1354092
1949,1354124
1870,1354156
2096,1354188
1498,1354220
1367,1354252
1039,1354284
874,1354316
1033,1354348
412,1354380
189,1354412
313,1354444
0,1354476
135,1354508
672,1354540
589,1354572
1167,1354604
1038,1354636
1625,1354668
1832,1354700
1646,1354732
2296,1354764
2103,1354796
1864,1354828
1628,1354860
1356,1354892
1165,1354924
904,1354956
313,1354988
443,1355020
0,1355052
0,1355084
94,1355116
357,1355148
627,1355180
806,1355212
1079,1355244
1307,1355276
1543,1355308
1771,1355340
2349,1355372
1692,1355404
1913,1355436
1178,1355468
1403,1355500
1135,1355532
554,1355564
679,1355596
410,1355628
0,1355660
310,1355692
540,1355724
879,1355756
960,1355788
1192,1355820
1501,1355852
1656,1355884
1961,1355916
2166,1355948
1791,1355980
1622,1356012
1694,1356044
1156,1356076
1228,1356108
1002,1356140
510,1356172
539,1356204
0,1356236
0,1356268
0,1356300
268,1356332
880,1356364
715,1356396
986,1356428
1534,1356460
1447,1356492
1679,1356524
1912,1356556
1833,1356588
1966,1356620
1277,1356652
1488,1356684
1226,1356716
1022,1356748
766,1356780
503,1356812
303,1356844
168,1356876
44,1356908
632,1356940
492,1356972
719,1357004
943,1357036
1178,1357068
1432,1357100
1639,1357132
1898,1357164
1753,1357196
1466,1357228
1289,1357260
1456,1357292
829,1357324
1035,1357356
310,1357388
543,1357420
279,1357452
0,1357484
523,1357516
750,1357548
628,1357580
1210,1357612
1392,1357644
1751,1357676
1864,1357708
2064,1357740
2313,1357772
1983,1357804
1387,1357836
1596,1357868
925,1357900
710,1357932
861,1357964
250,1357996
397,1358028
140,1358060
0,1358092
506,1358124
391,1358156
699,1358188
832,1358220
1116,1358252
1753,1358284
1576,1358316
1815,1358348
2222,1358380
1611,1358412
1419,1358444
1148,1358476
967,1358508
1087,1358540
794,1358572
623,1358604
366,1358636
167,1358668
392,1358700
617,1358732
842,1358764
1069,1358796
1261,1358828
1520,1358860
1724,1358892
1579,1358924
2191,1358956
1738,1358988
1520,1359020
1262,1359052
1068,1359084
891,1359116
618,1359148
439,1359180
206,1359212
0,1359244
0,1359276
42,1359308
347,1359340
985,1359372
748,1359404
1423,1359436
1623,1359468
1480,1359500
2089,1359532
2283,1359564
1753,1359596
1838,1359628
1613,1359660
1487,1359692
1113,1359724
888,1359756
735,1359788
428,1359820
0,1359852
253,1359884
104,1359916
703,1359948
908,1359980
828,1360012
1359,1360044
1597,1360076
1562,1360108
2062,1360140
1852,1360172
1719,1360204
1386,1360236
1211,1360268
1382,1360300
758,1360332
568,1360364
301,1360396
108,1360428
0,1360460
296,1360492
251,1360524
826,1360556
1049,1360588
1278,1360620
1480,1360652
1744,1360684
1948,1360716
2141,1360748
2215,1360780
1946,1360812
1328,1360844
1467,1360876
873,1360908
650,1360940
415,1360972
200,1361004
4,1361036
0,1361068
22,1361100
284,1361132
463,1361164
743,1361196
1366,1361228
1192,1361260
1867,1361292
1581,1361324
2315,1361356
2189,1361388
1528,1361420
1709,1361452
1480,1361484
888,1361516
1014,1361548
751,1361580
477,1361612
281,1361644
156,1361676
463,1361708
618,1361740
496,1361772
1152,1361804
952,1361836
1608,1361868
1807,1361900
1640,1361932
2272,1361964
2042,1361996
1497,1362028
1567,1362060
986,1362092
855,1362124
538,1362156
362,1362188
509,1362220
0,1362252
0,1362284
507,1362316
376,1362348
647,1362380
1194,1362412
1100,1362444
1691,1362476
1559,1362508
2165,1362540
2282,1362572
2077,1362604
1804,1362636
1575,1362668
1328,1362700
1104,1362732
842,1362764
638,1362796
381,1362828
0,1362860
286,1362892
157,1362924
413,1362956
607,1362988
862,1363020
1140,1363052
1320,1363084
1598,1363116
1835,1363148
1866,1363180
1629,1363212
1326,1363244
1175,1363276
1373,1363308
680,1363340
891,1363372
618,1363404
40,1363436
163,1363468
364,1363500
590,1363532
826,1363564
1053,1363596
1399,1363628
1480,1363660
1724,1363692
2030,1363724
2186,1363756
2173,1363788
1903,1363820
1263,1363852
1094,1363884
1168,1363916
644,1363948
712,1363980
488,1364012
4,1364044
156,1364076
48,1364108
365,1364140
494,1364172
776,1364204
1401,1364236
1228,1364268
1499,1364300
2063,1364332
1966,1364364
1771,1364396
1529,1364428
1307,1364460
1436,1364492
763,1364524
968,1364556
704,1364588
508,1364620
250,1364652
235,1364684
494,1364716
695,1364748
558,1364780
1146,1364812
1005,1364844
1232,1364876
1464,1364908
1702,1364940
1880,1364972
1614,1365004
1406,1365036
1227,1365068
953,1365100
786,1365132
949,1365164
317,1365196
510,1365228
0,1365260
395,1365292
587,1365324
411,1365356
1037,1365388
1272,1365420
1454,1365452
1728,1365484
1929,1365516
2280,1365548
2190,1365580
1931,1365612
1773,1365644
1455,1365676
873,1365708
1082,1365740
424,1365772
201,1365804
348,1365836
0,1365868
360,1365900
569,1365932
489,1365964
1017,1365996
903,1366028
1211,1366060
1807,1366092
1642,1366124
2281,1366156
1786,1366188
1560,1366220
1692,1366252
1095,1366284
908,1366316
647,1366348
455,1366380
573,1366412
269,1366444
237,1366476
442,1366508
701,1366540
904,1366572
1130,1366604
1356,1366636
1594,1366668
1789,1366700
2059,1366732
2253,1366764
1678,1366796
1808,1366828
1213,1366860
1006,1366892
752,1366924
556,1366956
328,1366988
106,1367020
0,1367052
0,1367084
180,1367116
405,1367148
554,1367180
855,1367212
1517,1367244
1262,1367276
1961,1367308
2153,1367340
2252,1367372
2063,1367404
1788,1367436
1229,1367468
1318,1367500
1086,1367532
975,1367564
601,1367596
377,1367628
207,1367660
279,1367692
167,1367724
776,1367756
615,1367788
1216,1367820
1159,1367852
1350,1367884
1884,1367916
2136,1367948
1884,1367980
1657,1368012
1325,1368044
1193,1368076
872,1368108
700,1368140
860,1368172
248,1368204
60,1368236
0,1368268
76,1368300
304,1368332
810,1368364
761,1368396
1340,1368428
1565,1368460
1804,1368492
2010,1368524
2282,1368556
2156,1368588
1882,1368620
1689,1368652
1408,1368684
814,1368716
952,1368748
360,1368780
137,1368812
0,1368844
0,1368876
72,1368908
266,1368940
525,1368972
795,1369004
972,1369036
1256,1369068
1896,1369100
1720,1369132
2398,1369164
1674,1369196
1931,1369228
1657,1369260
1405,1369292
1181,1369324
958,1369356
377,1369388
494,1369420
233,1369452
363,1369484
476,1369516
682,1369548
987,1369580
1133,1369612
1005,1369644
1678,1369676
1466,1369708
2138,1369740
2256,1369772
1612,1369804
1784,1369836
1520,1369868
974,1369900
795,1369932
475,1369964
343,1369996
28,1370028
0,1370060
365,1370092
216,1370124
441,1370156
1020,1370188
890,1370220
1160,1370252
1718,1370284
1623,1370316
2221,1370348
1881,1370380
2013,1370412
1752,1370444
1549,1370476
1276,1370508
1050,1370540
448,1370572
591,1370604
330,1370636
135,1370668
349,1370700
217,1370732
808,1370764
668,1370796
926,1370828
1118,1370860
1380,1370892
1658,1370924
1838,1370956
1815,1370988
1579,1371020
1338,1371052
1115,1371084
811,1371116
663,1371148
859,1371180
553,1371212
367,1371244
234,1371276
120,1371308
697,1371340
888,1371372
795,1371404
1339,1371436
1579,1371468
1929,1371500
2000,1371532
2251,1371564
2126,1371596
1806,1371628
1644,1371660
1374,1371692
751,1371724
584,1371756
665,1371788
133,1371820
0,1371852
221,1371884
199,1371916
680,1371948
556,1371980
873,1372012
1004,1372044
1291,1372076
1932,1372108
1752,1372140
1949,1372172
2043,1372204
1479,1372236
1247,1372268
1017,1372300
793,1372332
922,1372364
252,1372396
456,1372428
184,1372460
0,1372492
558,1372524
749,1372556
1005,1372588
1206,1372620
1067,1372652
1664,1372684
1527,1372716
1758,1372748
1788,1372780
1550,1372812
1352,1372844
1096,1372876
892,1372908
717,1372940
442,1372972
264,1373004
0,1373036
0,1373068
477,1373100
624,1373132
910,1373164
1100,1373196
922,1373228
1563,1373260
1792,1373292
1658,1373324
2265,1373356
2138,1373388
2024,1373420
1661,1373452
1402,1373484
1247,1373516
941,1373548
365,1373580
559,1373612
0,1373644
0,1373676
426,1373708
278,1373740
555,1373772
1083,1373804
1003,1373836
1529,1373868
1406,1373900
1737,1373932
1872,1373964
1734,1373996
1909,1374028
1258,1374060
1037,1374092
1166,1374124
583,1374156
397,1374188
125,1374220
0,1374252
313,1374284
461,1374316
761,1374348
970,1374380
793,1374412
1420,1374444
1659,1374476
1882,1374508
2126,1374540
2238,1374572
2042,1374604
1760,1374636
1151,1374668
1295,1374700
700,1374732
504,1374764
251,1374796
56,1374828
0,1374860
0,1374892
234,1374924
746,1374956
684,1374988
910,1375020
1547,1375052
1368,1375084
2045,1375116
1787,1375148
2287,1375180
2009,1375212
1400,1375244
1531,1375276
1261,1375308
715,1375340
797,1375372
574,1375404
457,1375436
91,1375468
347,1375500
649,1375532
792,1375564
670,1375596
1289,1375628
1118,1375660
1412,1375692
1951,1375724
1868,1375756
2094,1375788
1872,1375820
1367,1375852
1388,1375884
814,1375916
679,1375948
361,1375980
188,1376012
346,1376044
0,1376076
139,1376108
328,1376140
588,1376172
825,1376204
1325,1376236
1275,1376268
1870,1376300
1647,1376332
2334,1376364
2104,1376396
1901,1376428
1628,1376460
1355,1376492
1160,1376524
894,1376556
303,1376588
431,1376620
0,1376652
0,1376684
107,1376716
330,1376748
584,1376780
779,1376812
1035,1376844
1614,1376876
1484,1376908
1781,1376940
2344,1376972
1689,1377004
1899,1377036
1156,1377068
1403,1377100
1130,1377132
503,1377164
667,1377196
442,1377228
0,1377260
349,1377292
543,1377324
886,1377356
991,1377388
1196,1377420
1503,1377452
1648,1377484
1528,1377516
2208,1377548
1788,1377580
1560,1377612
1725,1377644
1096,1377676
1257,1377708
992,1377740
471,1377772
539,1377804
0,1377836
0,1377868
1,1377900
278,1377932
889,1377964
725,1377996
951,1378028
1536,1378060
1403,1378092
1678,1378124
2251,1378156
1831,1378188
1961,1378220
1656,1378252
1487,1378284
1224,1378316
1019,1378348
762,1378380
538,1378412
302,1378444
217,1378476
410,1378508
667,1378540
864,1378572
731,1378604
1322,1378636
1179,1378668
1436,1378700
1643,1378732
1902,1378764
1755,1378796
1466,1378828
1287,1378860
1063,1378892
827,1378924
603,1378956
302,1378988
461,1379020
335,1379052
0,1379084
572,1379116
752,1379148
632,1379180
1211,1379212
1404,1379244
1310,1379276
1868,1379308
2110,1379340
2375,1379372
1979,1379404
1744,1379436
1597,1379468
1278,1379500
700,1379532
860,1379564
250,1379596
75,1379628
137,1379660
0,1379692
505,1379724
742,1379756
711,1379788
1193,1379820
1068,1379852
1387,1379884
1518,1379916
1816,1379948
2264,1379980
1612,1380012
1418,1380044
1513,1380076
957,1380108
733,1380140
783,1380172
281,1380204
408,1380236
0,1380268
416,1380300
632,1380332
878,1380364
1082,1380396
1264,1380428
1533,1380460
1728,1380492
1584,1380524
2200,1380556
1727,1380588
1500,1380620
1757,1380652
1038,1380684
841,1380716
584,1380748
382,1380780
202,1380812
0,1380844
0,1380876
46,1380908
346,1380940
1001,1380972
729,1381004
1431,1381036
1627,1381068
1435,1381100
2091,1381132
2331,1381164
1752,1381196
1882,1381228
1614,1381260
1485,1381292
1144,1381324
880,1381356
731,1381388
423,1381420
0,1381452
298,1381484
108,1381516
334,1381548
944,1381580
782,1381612
1401,1381644
1608,1381676
1524,1381708
2064,1381740
1850,1381772
1719,1381804
1381,1381836
1210,1381868
1373,1381900
747,1381932
535,1381964
653,1381996
71,1382028
0,1382060
332,1382092
251,1382124
829,1382156
984,1382188
1279,1382220
1480,1382252
1751,1382284
1950,1382316
2188,1382348
2206,1382380
1977,1382412
1704,1382444
1503,1382476
1230,1382508
640,1382540
491,1382572
185,1382604
2,1382636
0,1382668
34,1382700
286,1382732
472,1382764
744,1382796
1262,1382828
1194,1382860
1432,1382892
1583,1382924
1895,1382956
2255,1382988
1520,1383020
1755,1383052
1479,1383084
888,1383116
1007,1383148
748,1383180
205,1383212
282,1383244
192,1383276
543,1383308
621,1383340
856,1383372
1161,1383404
1306,1383436
1182,1383468
1818,1383500
1642,1383532
2272,1383564
2042,1383596
1485,1383628
1568,1383660
1341,1383692
842,1383724
876,1383756
312,1383788
168,1383820
0,1383852
0,1383884
538,1383916
388,1383948
649,1383980
1194,1384012
1099,1384044
1337,1384076
1854,1384108
1801,1384140
2315,1384172
2077,1384204
1836,1384236
1566,1384268
1370,1384300
1104,1384332
840,1384364
648,1384396
376,1384428
0,1384460
18,1384492
160,1384524
390,1384556
607,1384588
840,1384620
1096,1384652
1292,1384684
1548,1384716
2141,1384748
1808,1384780
1629,1384812
1814,1384844
1172,1384876
1371,1384908
644,1384940
891,1384972
619,1385004
1,1385036
165,1385068
414,1385100
295,1385132
862,1385164
1054,1385196
1401,1385228
1515,1385260
1725,1385292
2040,1385324
2190,1385356
1728,1385388
1950,1385420
1260,1385452
1455,1385484
1200,1385516
586,1385548
735,1385580
478,1385612
0,1385644
159,1385676
57,1385708
365,1385740
943,1385772
782,1385804
1401,1385836
1238,1385868
1467,1385900
2077,1385932
1931,1385964
1768,1385996
1866,1386028
1305,1386060
1431,1386092
855,1386124
967,1386156
702,1386188
505,1386220
236,1386252
270,1386284
504,1386316
735,1386348
924,1386380
810,1386412
1376,1386444
1242,1386476
1849,1386508
1705,1386540
1872,1386572
1610,1386604
1405,1386636
1227,1386668
943,1386700
774,1386732
542,1386764
316,1386796
93,1386828
0,1386860
16,1386892
656,1386924
412,1386956
1085,1386988
1275,1387020
1454,1387052
1739,1387084
1930,1387116
1836,1387148
2190,1387180
1961,1387212
1839,1387244
1452,1387276
1226,1387308
1072,1387340
765,1387372
601,1387404
344,1387436
0,1387468
53,1387500
571,1387532
494,1387564
1019,1387596
1256,1387628
1214,1387660
1453,1387692
1582,1387724
1915,1387756
1724,1387788
1550,1387820
1723,1387852
1092,1387884
905,1387916
990,1387948
443,1387980
223,1388012
0,1388044
0,1388076
488,1388108
280,1388140
938,1388172
1134,1388204
1402,1388236
1598,1388268
1789,1388300
1674,1388332
2264,1388364
1675,1388396
1820,1388428
1210,1388460
976,1388492
750,1388524
525,1388556
331,1388588
74,1388620
0,1388652
0,1388684
136,1388716
406,1388748
557,1388780
857,1388812
1516,1388844
1242,1388876
1963,1388908
2155,1388940
2285,1388972
2059,1389004
1832,1389036
1222,1389068
1356,1389100
1086,1389132
968,1389164
631,1389196
366,1389228
205,1389260
281,1389292
168,1389324
816,1389356
616,1389388
844,1389420
1466,1389452
1292,1389484
1928,1389516
2127,1389548
1847,1389580
1655,1389612
1322,1389644
1191,1389676
871,1389708
696,1389740
857,1389772
245,1389804
24,1389836
151,1389868
43,1389900
311,1389932
503,1389964
765,1389996
1343,1390028
1500,1390060
1805,1390092
2010,1390124
2280,1390156
2154,1390188
1918,1390220
1292,1390252
1440,1390284
1175,1390316
985,1390348
716,1390380
139,1390412
256,1390444
0,1390476
79,1390508
270,1390540
526,1390572
797,1390604
974,1390636
1255,1390668
1791,1390700
1721,1390732
1950,1390764
1672,1390796
1512,1390828
1723,1390860
1403,1390892
1229,1390924
957,1390956
376,1390988
491,1391020
235,1391052
0,1391084
488,1391116
716,1391148
1063,1391180
1136,1391212
1372,1391244
1680,1391276
1834,1391308
1707,1391340
2252,1391372
1610,1391404
1786,1391436
1512,1391468
972,1391500
793,1391532
824,1391564
333,1391596
363,1391628
0,1391660
30,1391692
167,1391724
442,1391756
1056,1391788
900,1391820
1165,1391852
1352,1391884
1625,1391916
1863,1391948
2171,1391980
1655,1392012
1786,1392044
1543,1392076
1308,1392108
1040,1392140
420,1392172
590,1392204
319,1392236
151,1392268
350,1392300
220,1392332
812,1392364
671,1392396
903,1392428
1130,1392460
1357,1392492
1613,1392524
1818,1392556
1754,1392588
1872,1392620
1290,1392652
1112,1392684
1275,1392716
652,1392748
847,1392780
541,1392812
363,1392844
237,1392876
75,1392908
699,1392940
928,1392972
797,1393004
1387,1393036
1580,1393068
1932,1393100
2045,1393132
2250,1393164
2123,1393196
1803,1393228
1210,1393260
1416,1393292
751,1393324
941,1393356
685,1393388
74,1393420
0,1393452
224,1393484
157,1393516
681,1393548
559,1393580
883,1393612
1008,1393644
1292,1393676
1934,1393708
1754,1393740
1901,1393772
2043,1393804
1432,1393836
1245,1393868
1336,1393900
793,1393932
911,1393964
335,1393996
445,1394028
182,1394060
0,1394092
570,1394124
793,1394156
1018,1394188
1246,1394220
1440,1394252
1709,1394284
1912,1394316
1769,1394348
2160,1394380
1560,1394412
1353,1394444
1088,1394476
890,1394508
713,1394540
440,1394572
261,1394604
43,1394636
0,1394668
70,1394700
687,1394732
512,1394764
1177,1394796
924,1394828
1609,1394860
1803,1394892
1660,1394924
2269,1394956
2136,1394988
1567,1395020
1660,1395052
1431,1395084
1309,1395116
928,1395148
712,1395180
559,1395212
248,1395244
231,1395276
430,1395308
284,1395340
558,1395372
1084,1395404
1005,1395436
1535,1395468
1784,1395500
1747,1395532
2240,1395564
1672,1395596
1533,1395628
1199,1395660
1034,1395692
1200,1395724
582,1395756
395,1395788
476,1395820
0,1395852
0,1395884
200,1395916
425,1395948
1004,1395980
784,1396012
1464,1396044
1658,1396076
1931,1396108
2128,1396140
2233,1396172
2030,1396204
1759,1396236
1152,1396268
1289,1396300
696,1396332
464,1396364
238,1396396
23,1396428
0,1396460
0,1396492
188,1396524
466,1396556
638,1396588
918,1396620
1547,1396652
1382,1396684
2045,1396716
1758,1396748
2281,1396780
1999,1396812
1341,1396844
1531,1396876
1304,1396908
713,1396940
832,1396972
570,1397004
445,1397036
123,1397068
346,1397100
649,1397132
796,1397164
678,1397196
1338,1397228
1129,1397260
1356,1397292
1995,1397324
1818,1397356
2124,1397388
1866,1397420
1319,1397452
1390,1397484
810,1397516
679,1397548
361,1397580
186,1397612
341,1397644
0,1397676
106,1397708
682,1397740
556,1397772
823,1397804
1004,1397836
1275,1397868
1879,1397900
2031,1397932
2345,1397964
2092,1397996
1887,1398028
1626,1398060
1389,1398092
1152,1398124
925,1398156
666,1398188
472,1398220
205,1398252
0,1398284
461,1398316
334,1398348
587,1398380
783,1398412
1038,1398444
1318,1398476
1495,1398508
1782,1398540
1917,1398572
1686,1398604
1451,1398636
1148,1398668
989,1398700
1191,1398732
494,1398764
715,1398796
441,1398828
0,1398860
351,1398892
543,1398924
462,1398956
1001,1398988
1230,1399020
1579,1399052
1659,1399084
1900,1399116
2217,1399148
2154,1399180
1552,1399212
1723,1399244
1087,1399276
1248,1399308
990,1399340
464,1399372
537,1399404
313,1399436
0,1399468
344,1399500
228,1399532
537,1399564
678,1399596
953,1399628
1582,1399660
1411,1399692
1687,1399724
1880,1399756
1821,1399788
1593,1399820
1646,1399852
1129,1399884
1256,1399916
1019,1399948
794,1399980
528,1400012
332,1400044
216,1400076
414,1400108
679,1400140
864,1400172
731,1400204
1323,1400236
1181,1400268
1417,1400300
1645,1400332
1893,1400364
1701,1400396
1434,1400428
1228,1400460
1051,1400492
777,1400524
599,1400556
763,1400588
150,1400620
331,1400652
0,1400684
573,1400716
765,1400748
596,1400780
1215,1400812
1450,1400844
1319,1400876
1915,1400908
2110,1400940
2207,1400972
2012,1401004
1743,1401036
1593,1401068
1275,1401100
698,1401132
904,1401164
239,1401196
426,1401228
155,1401260
0,1401292
542,1401324
748,1401356
669,1401388
1196,1401420
1071,1401452
1390,1401484
1529,1401516
1818,1401548
2251,1401580
1608,1401612
1383,1401644
1512,1401676
919,1401708
731,1401740
824,1401772
285,1401804
394,1401836
0,1401868
431,1401900
622,1401932
885,1401964
1082,1401996
1310,1402028
1534,1402060
1774,1402092
1976,1402124
2240,1402156
2109,1402188
1497,1402220
1640,1402252
1024,1402284
840,1402316
584,1402348
384,1402380
203,1402412
0,1402444
0,1402476
123,1402508
349,1402540
574,1402572
730,1402604
1022,1402636
1704,1402668
1438,1402700
2141,1402732
2333,1402764
1747,1402796
1883,1402828
1599,1402860
1360,1402892
1134,1402924
919,1402956
795,1402988
414,1403020
190,1403052
352,1403084
456,1403116
749,1403148
944,1403180
792,1403212
1077,1403244
1609,1403276
1528,1403308
2074,1403340
2219,1403372
1705,1403404
1742,1403436
1148,1403468
1006,1403500
697,1403532
524,1403564
683,1403596
71,1403628
0,1403660
344,1403692
254,1403724
479,1403756
711,1403788
937,1403820
1520,1403852
1307,1403884
1984,1403916
2189,1403948
2250,1403980
1976,1404012
1696,1404044
1501,1404076
1231,1404108
640,1404140
767,1404172
187,1404204
0,1404236
0,1404268
1,1404300
250,1404332
442,1404364
700,1404396
979,1404428
1149,1404460
1434,1404492
2085,1404524
1897,1404556
2249,1404588
1498,1404620
1751,1404652
1469,1404684
829,1404716
1006,1404748
790,1404780
496,1404812
316,1404844
202,1404876
541,1404908
656,1404940
859,1404972
1166,1405004
1311,1405036
1183,1405068
1866,1405100
1643,1405132
1882,1405164
2075,1405196
1432,1405228
1597,1405260
1338,1405292
807,1405324
873,1405356
301,1405388
167,1405420
281,1405452
0,1405484
541,1405516
390,1405548
617,1405580
1198,1405612
1065,1405644
1337,1405676
1527,1405708
1803,1405740
2313,1405772
1995,1405804
1833,1405836
1564,1405868
1358,1405900
1098,1405932
873,1405964
638,1405996
414,1406028
138,1406060
330,1406092
525,1406124
394,1406156
976,1406188
843,1406220
1100,1406252
1295,1406284
1564,1406316
1848,1406348
1805,1406380
1625,1406412
1390,1406444
1160,1406476
937,1406508
639,1406540
487,1406572
685,1406604
0,1406636
217,1406668
415,1406700
601,1406732
873,1406764
1066,1406796
971,1406828
1518,1406860
1760,1406892
2111,1406924
2191,1406956
2096,1406988
1947,1407020
1624,1407052
1036,1407084
1197,1407116
576,1407148
732,1407180
478,1407212
0,1407244
169,1407276
408,1407308
364,1407340
603,1407372
730,1407404
1049,1407436
1182,1407468
1468,1407500
2120,1407532
1932,1407564
1768,1407596
1484,1407628
1294,1407660
1077,1407692
1118,1407724
617,1407756
734,1407788
501,1407820
270,1407852
280,1407884
542,1407916
734,1407948
935,1407980
1193,1408012
1388,1408044
1242,1408076
1853,1408108
1708,1408140
1840,1408172
1608,1408204
1381,1408236
1175,1408268
919,1408300
716,1408332
539,1408364
267,1408396
88,1408428
235,1408460
20,1408492
654,1408524
396,1408556
1095,1408588
1277,1408620
1497,1408652
1739,1408684
1981,1408716
1845,1408748
2231,1408780
1952,1408812
1837,1408844
1480,1408876
1225,1408908
1069,1408940
762,1408972
191,1409004
380,1409036
0,1409068
409,1409100
606,1409132
454,1409164
1056,1409196
1259,1409228
1181,1409260
1451,1409292
1594,1409324
1917,1409356
1724,1409388
1558,1409420
1723,1409452
1083,1409484
861,1409516
990,1409548
409,1409580
219,1409612
303,1409644
0,1409676
489,1409708
377,1409740
943,1409772
1144,1409804
1405,1409836
1598,1409868
1836,1409900
1679,1409932
2304,1409964
2048,1409996
1850,1410028
1579,1410060
973,1410092
1114,1410124
523,1410156
328,1410188
72,1410220
0,1410252
0,1410284
138,1410316
410,1410348
635,1410380
860,1410412
1093,1410444
1242,1410476
1547,1410508
2233,1410540
2283,1410572
2105,1410604
1823,1410636
1223,1410668
1353,1410700
1084,1410732
539,1410764
620,1410796
395,1410828
267,1410860
284,1410892
512,1410924
815,1410956
971,1410988
1262,1411020
1472,1411052
1304,1411084
1582,1411116
2138,1411148
1837,1411180
1645,1411212
1688,1411244
1179,1411276
1212,1411308
638,1411340
503,1411372
188,1411404
19,1411436
186,1411468
46,1411500
315,1411532
858,1411564
763,1411596
1001,1411628
1224,1411660
1453,1411692
2048,1411724
1824,1411756
2186,1411788
1914,1411820
1263,1411852
1436,1411884
1176,1411916
975,1411948
714,1411980
134,1412012
255,1412044
0,1412076
48,1412108
279,1412140
504,1412172
762,1412204
954,1412236
1210,1412268
1492,1412300
1675,1412332
1959,1412364
1664,1412396
1509,1412428
1710,1412460
1400,1412492
1227,1412524
955,1412556
327,1412588
490,1412620
264,1412652
0,1412684
526,1412716
718,1412748
1063,1412780
1176,1412812
1374,1412844
1688,1412876
1838,1412908
1708,1412940
2296,1412972
1610,1413004
1372,1413036
1536,1413068
920,1413100
747,1413132
816,1413164
296,1413196
352,1413228
0,1413260
28,1413292
171,1413324
444,1413356
1067,1413388
902,1413420
1128,1413452
1725,1413484
1591,1413516
1866,1413548
1835,1413580
1645,1413612
1775,1413644
1466,1413676
1305,1413708
1039,1413740
415,1413772
584,1413804
352,1413836
148,1413868
394,1413900
590,1413932
846,1413964
1040,1413996
904,1414028
1500,1414060
1358,1414092
1614,1414124
1822,1414156
1752,1414188
1562,1414220
1286,1414252
1107,1414284
1176,1414316
660,1414348
427,1414380
591,1414412
0,1414444
313,1414476
78,1414508
749,1414540
937,1414572
807,1414604
1389,1414636
1592,1414668
1486,1414700
2047,1414732
2287,1414764
2189,1414796
1792,1414828
1565,1414860
1416,1414892
1101,1414924
526,1414956
682,1414988
75,1415020
0,1415052
232,1415084
247,1415116
683,1415148
912,1415180
887,1415212
1370,1415244
1242,1415276
1567,1415308
1707,1415340
1896,1415372
2078,1415404
1421,1415436
1240,1415468
968,1415500
791,1415532
558,1415564
603,1415596
105,1415628
204,1415660
0,1415692
602,1415724
798,1415756
1056,1415788
1256,1415820
1448,1415852
1719,1415884
1915,1415916
1769,1415948
2159,1415980
1548,1416012
1321,1416044
1096,1416076
860,1416108
666,1416140
410,1416172
208,1416204
317,1416236
0,1416268
82,1416300
696,1416332
522,1416364
1179,1416396
904,1416428
1611,1416460
1805,1416492
1619,1416524
2269,1416556
2174,1416588
1565,1416620
1695,1416652
1423,1416684
1307,1416716
959,1416748
703,1416780
556,1416812
239,1416844
0,1416876
475,1416908
286,1416940
516,1416972
1118,1417004
956,1417036
1579,1417068
1786,1417100
1706,1417132
2250,1417164
1671,1417196
1527,1417228
1199,1417260
1032,1417292
1194,1417324
578,1417356
349,1417388
476,1417420
0,1417452
0,1417484
510,1417516
429,1417548
1005,1417580
1165,1417612
1465,1417644
1664,1417676
1933,1417708
2136,1417740
2269,1417772
2026,1417804
1790,1417836
1518,1417868
1324,1417900
1054,1417932
461,1417964
600,1417996
22,1418028
0,1418060
0,1418092
200,1418124
471,1418156
650,1418188
921,1418220
1150,1418252
1372,1418284
1611,1418316
1759,1418348
1863,1418380
2073,1418412
1350,1418444
1567,1418476
1295,1418508
711,1418540
831,1418572
568,1418604
28,1418636
135,1418668
378,1418700
716,1418732
800,1418764
1032,1418796
1339,1418828
1486,1418860
1358,1418892
1996,1418924
1822,1418956
1782,1418988
1856,1419020
1308,1419052
1386,1419084
1163,1419116
680,1419148
698,1419180
135,1419212
0,1419244
0,1419276
108,1419308
720,1419340
558,1419372
827,1419404
1374,1419436
1287,1419468
1513,1419500
2032,1419532
1981,1419564
2128,1419596
1436,1419628
1656,1419660
1386,1419692
1192,1419724
924,1419756
655,1419788
461,1419820
201,1419852
0,1419884
471,1419916
336,1419948
560,1419980
1271,1420012
1018,1420044
1272,1420076
1470,1420108
1737,1420140
1914,1420172
1628,1420204
1448,1420236
1144,1420268
987,1420300
1191,1420332
458,1420364
709,1420396
441,1420428
0,1420460
361,1420492
589,1420524
470,1420556
1040,1420588
1239,1420620
1581,1420652
1694,1420684
1913,1420716
2221,1420748
2152,1420780
1550,1420812
1756,1420844
1084,1420876
861,1420908
1020,1420940
408,1420972
559,1421004
303,1421036
0,1421068
336,1421100
232,1421132
541,1421164
680,1421196
956,1421228
1583,1421260
1414,1421292
1645,1421324
2253,1421356
1771,1421388
1591,1421420
1679,1421452
1127,1421484
1247,1421516
954,1421548
783,1421580
528,1421612
328,1421644
222,1421676
448,1421708
682,1421740
912,1421772
1102,1421804
1366,1421836
1563,1421868
1420,1421900
1725,1421932
1885,1421964
1691,1421996
1431,1422028
1228,1422060
1047,1422092
776,1422124
598,1422156
654,1422188
137,1422220
0,1422252
0,1422284
183,1422316
841,1422348
598,1422380
1263,1422412
1455,1422444
1320,1422476
1917,1422508
2121,1422540
1915,1422572
2008,1422604
1772,1422636
1657,1422668
1275,1422700
1039,1422732
894,1422764
586,1422796
23,1422828
155,1422860
0,1422892
544,1422924
748,1422956
678,1422988
1196,1423020
1435,1423052
1399,1423084
1899,1423116
1767,1423148
1881,1423180
1547,1423212
1371,1423244
1536,1423276
908,1423308
730,1423340
812,1423372
279,1423404
47,1423436
121,1423468
93,1423500
666,1423532
889,1423564
1118,1423596
1312,1423628
1584,1423660
1786,1423692
1978,1423724
2250,1423756
2106,1423788
1487,1423820
1335,1423852
1024,1423884
808,1423916
575,1423948
356,1423980
156,1424012
0,1424044
0,1424076
413,1424108
310,1424140
584,1424172
1207,1424204
1034,1424236
1704,1424268
1417,1424300
2151,1424332
2343,1424364
1692,1424396
1879,1424428
1644,1424460
1048,1424492
1178,1424524
908,1424556
793,1424588
444,1424620
189,1424652
304,1424684
459,1424716
347,1424748
1000,1424780
795,1424812
1440,1424844
1647,1424876
1475,1424908
2111,1424940
2216,1424972
1659,1425004
1726,1425036
1147,1425068
1005,1425100
1133,1425132
512,1425164
670,1425196
72,1425228
0,1425260
348,1425292
221,1425324
489,1425356
1023,1425388
941,1425420
1533,1425452
1401,1425484
1995,1425516
2204,1425548
2237,1425580
1968,1425612
1737,1425644
1498,1425676
1262,1425708
1003,1425740
440,1425772
542,1425804
0,1425836
109,1425868
4,1425900
261,1425932
445,1425964
710,1425996
980,1426028
1160,1426060
1434,1426092
1663,1426124
1908,1426156
1803,1426188
1485,1426220
1336,1426252
1535,1426284
835,1426316
1049,1426348
777,1426380
496,1426412
316,1426444
204,1426476
126,1426508
666,1426540
894,1426572
1241,1426604
1312,1426636
1551,1426668
1870,1426700
2023,1426732
2329,1426764
2064,1426796
1430,1426828
1258,1426860
1336,1426892
796,1426924
864,1426956
648,1426988
155,1427020
0,1427052
0,1427084
205,1427116
782,1427148
618,1427180
1240,1427212
1069,1427244
1341,1427276
1900,1427308
1803,1427340
1935,1427372
1703,1427404
1469,1427436
1598,1427468
922,1427500
1132,1427532
864,1427564
670,1427596
410,1427628
135,1427660
0,1427692
536,1427724
397,1427756
983,1427788
845,1427820
1079,1427852
1306,1427884
1534,1427916
1801,1427948
1776,1427980
1576,1428012
1386,1428044
1111,1428076
935,1428108
633,1428140
475,1428172
669,1428204
0,1428236
219,1428268
425,1428300
634,1428332
875,1428364
1114,1428396
981,1428428
1566,1428460
1758,1428492
2120,1428524
2233,1428556
2094,1428588
1935,1428620
1615,1428652
1024,1428684
1241,1428716
576,1428748
348,1428780
507,1428812
0,1428844
200,1428876
400,1428908
343,1428940
603,1428972
744,1429004
1050,1429036
1190,1429068
1477,1429100
2125,1429132
1932,1429164
1721,1429196
1850,1429228
1246,1429260
1067,1429292
807,1429324
617,1429356
733,1429388
441,1429420
269,1429452
284,1429484
541,1429516
746,1429548
972,1429580
824,1429612
1433,1429644
1625,1429676
1897,1429708
2093,1429740
1839,1429772
1980,1429804
1371,1429836
1167,1429868
911,1429900
714,1429932
538,1429964
264,1429996
88,1430028
135,1430060
21,1430092
249,1430124
396,1430156
695,1430188
1355,1430220
1503,1430252
1801,1430284
1983,1430316
1847,1430348
2231,1430380
1949,1430412
1389,1430444
1480,1430476
1247,1430508
1132,1430540
760,1430572
528,1430604
379,1430636
105,1430668
9,1430700
606,1430732
455,1430764
1065,1430796
1262,1430828
1181,1430860
1463,1430892
1964,1430924
1927,1430956
2080,1430988
1485,1431020
1353,1431052
1024,1431084
858,1431116
1019,1431148
396,1431180
219,1431212
0,1431244
0,1431276
155,1431308
640,1431340
603,1431372
1178,1431404
1405,1431436
1644,1431468
1846,1431500
1660,1431532
2316,1431564
2044,1431596
1849,1431628
1577,1431660
971,1431692
1112,1431724
511,1431756
297,1431788
62,1431820
0,1431852
0,1431884
110,1431916
367,1431948
936,1431980
814,1432012
1094,1432044
1734,1432076
1548,1432108
2235,1432140
2272,1432172
2103,1432204
1821,1432236
1172,1432268
1341,1432300
1131,1432332
537,1432364
656,1432396
395,1432428
263,1432460
317,1432492
525,1432524
829,1432556
973,1432588
847,1432620
1516,1432652
1306,1432684
1976,1432716
2174,1432748
1772,1432780
1607,1432812
1679,1432844
1133,1432876
1208,1432908
635,1432940
499,1432972
183,1433004
19,1433036
187,1433068
56,1433100
283,1433132
862,1433164
730,1433196
1001,1433228
1550,1433260
1453,1433292
2059,1433324
1927,1433356
2185,1433388
1912,1433420
1264,1433452
1438,1433484
1209,1433516
974,1433548
751,1433580
480,1433612
285,1433644
187,1433676
59,1433708
639,1433740
510,1433772
772,1433804
958,1433836
1222,1433868
1496,1433900
1674,1433932
1963,1433964
1739,1433996
1499,1434028
1275,1434060
1449,1434092
823,1434124
1021,1434156
330,1434188
528,1434220
265,1434252
0,1434284
535,1434316
730,1434348
635,1434380
1180,1434412
1416,1434444
1769,1434476
1849,1434508
2088,1434540
2287,1434572
1968,1434604
1805,1434636
1535,1434668
912,1434700
746,1434732
816,1434764
294,1434796
349,1434828
121,1434860
29,1434892
512,1434924
400,1434956
716,1434988
846,1435020
1130,1435052
1768,1435084
1592,1435116
1867,1435148
2208,1435180
1640,1435212
1405,1435244
1180,1435276
953,1435308
1080,1435340
410,1435372
608,1435404
350,1435436
186,1435468
398,1435500
591,1435532
847,1435564
1050,1435596
909,1435628
1502,1435660
1369,1435692
1595,1435724
1821,1435756
1722,1435788
1513,1435820
1256,1435852
1051,1435884
874,1435916
603,1435948
413,1435980
587,1436012
0,1436044
315,1436076
58,1436108
749,1436140
941,1436172
761,1436204
1391,1436236
1630,1436268
1496,1436300
2104,1436332
2297,1436364
2187,1436396
1824,1436428
1563,1436460
1415,1436492
1098,1436524
512,1436556
720,1436588
64,1436620
0,1436652
269,1436684
119,1436716
716,1436748
924,1436780
845,1436812
1373,1436844
1254,1436876
1577,1436908
1708,1436940
1898,1436972
2071,1437004
1419,1437036
1194,1437068
1334,1437100
743,1437132
567,1437164
286,1437196
95,1437228
201,1437260
312,1437292
605,1437324
800,1437356
1063,1437388
1260,1437420
1488,1437452
1722,1437484
1963,1437516
2154,1437548
2202,1437580
1932,1437612
1311,1437644
1452,1437676
859,1437708
656,1437740
399,1437772
204,1437804
24,1437836
0,1437868
83,1437900
299,1437932
536,1437964
752,1437996
906,1438028
1208,1438060
1885,1438092
1626,1438124
2329,1438156
2173,1438188
1562,1438220
1693,1438252
1421,1438284
875,1438316
958,1438348
730,1438380
616,1438412
237,1438444
174,1438476
477,1438508
634,1438540
510,1438572
1130,1438604
959,1438636
1581,1438668
1787,1438700
1707,1438732
2252,1438764
2028,1438796
1517,1438828
1560,1438860
972,1438892
839,1438924
512,1438956
348,1438988
496,1439020
0,1439052
0,1439084
512,1439116
439,1439148
1065,1439180
1166,1439212
1115,1439244
1710,1439276
1933,1439308
2175,1439340
2264,1439372
2072,1439404
1790,1439436
1516,1439468
1311,1439500
1054,1439532
459,1439564
590,1439596
20,1439628
0,1439660
0,1439692
172,1439724
427,1439756
622,1439788
873,1439820
1157,1439852
1326,1439884
1611,1439916
2268,1439948
1852,1439980
2061,1440012
1318,1440044
1564,1440076
1291,1440108
663,1440140
827,1440172
605,1440204
24,1440236
180,1440268
382,1440300
574,1440332
841,1440364
1036,1440396
1342,1440428
1496,1440460
1368,1440492
2046,1440524
1832,1440556
2157,1440588
1897,1440620
1256,1440652
1419,1440684
1150,1440716
631,1440748
697,1440780
125,1440812
0,1440844
0,1440876
110,1440908
719,1440940
566,1440972
795,1441004
1384,1441036
1241,1441068
1515,1441100
2089,1441132
1991,1441164
2125,1441196
1527,1441228
1647,1441260
1376,1441292
1181,1441324
922,1441356
696,1441388
460,1441420
234,1441452
248,1441484
508,1441516
702,1441548
571,1441580
1160,1441612
1021,1441644
1274,1441676
1480,1441708
1740,1441740
1915,1441772
1627,1441804
1447,1441836
1214,1441868
985,1441900
763,1441932
460,1441964
311,1441996
495,1442028
0,1442060
411,1442092
601,1442124
475,1442156
1051,1442188
1241,1442220
1467,1442252
1706,1442284
1944,1442316
2299,1442348
2141,1442380
1914,1442412
1759,1442444
1436,1442476
1275,1442508
1022,1442540
413,1442572
232,1442604
301,1442636
0,1442668
348,1442700
584,1442732
551,1442764
1024,1442796
910,1442828
1225,1442860
1358,1442892
1654,1442924
2301,1442956
1770,1442988
1580,1443020
1678,1443052
1127,1443084
893,1443116
668,1443148
441,1443180
554,1443212
0,1443244
262,1443276
458,1443308
719,1443340
920,1443372
1103,1443404
1370,1443436
1566,1443468
1421,1443500
2028,1443532
1886,1443564
1658,1443596
1422,1443628
1198,1443660
999,1443692
744,1443724
548,1443756
370,1443788
92,1443820
0,1443852
350,1443884
188,1443916
840,1443948
566,1443980
1261,1444012
1456,1444044
1275,1444076
1927,1444108
2168,1444140
2236,1444172
2044,1444204
1770,1444236
1655,1444268
1294,1444300
1040,1444332
891,1444364
584,1444396
18,1444428
190,1444460
0,1444492
184,1444524
784,1444556
632,1444588
1232,1444620
1437,1444652
1356,1444684
1903,1444716
1771,1444748
1879,1444780
2009,1444812
1368,1444844
1535,1444876
905,1444908
685,1444940
812,1444972
231,1445004
43,1445036
0,1445068
94,1445100
667,1445132
832,1445164
1127,1445196
1312,1445228
1591,1445260
1788,1445292
2016,1445324
2254,1445356
2141,1445388
1867,1445420
1674,1445452
1402,1445484
799,1445516
936,1445548
346,1445580
154,1445612
0,1445644
0,1445676
135,1445708
314,1445740
594,1445772
811,1445804
1036,1445836
1262,1445868
1422,1445900
1735,1445932
2415,1445964
1690,1445996
1917,1446028
1641,1446060
1354,1446092
1168,1446124
906,1446156
363,1446188
442,1446220
216,1446252
379,1446284
459,1446316
697,1446348
992,1446380
1150,1446412
1021,1446444
1656,1446476
1472,1446508
2111,1446540
2207,1446572
1656,1446604
1728,1446636
1500,1446668
1001,1446700
781,1446732
460,1446764
319,1446796
18,1446828
0,1446860
378,1446892
220,1446924
491,1446956
680,1446988
951,1447020
1177,1447052
1691,1447084
1639,1447116
2236,1447148
2237,1447180
2008,1447212
1728,1447244
1530,1447276
1262,1447308
988,1447340
798,1447372
538,1447404
0,1447436
120,1447468
9,1447500
232,1447532
448,1447564
684,1447596
937,1447628
1132,1447660
1387,1447692
1673,1447724
1852,1447756
1797,1447788
1976,1447820
1331,1447852
1531,1447884
796,1447916
1040,1447948
777,1447980
536,1448012
313,1448044
250,1448076
135,1448108
712,1448140
904,1448172
1239,1448204
1354,1448236
1563,1448268
1870,1448300
2016,1448332
1887,1448364
2110,1448396
1422,1448428
1626,1448460
1359,1448492
746,1448524
894,1448556
639,1448588
120,1448620
0,1448652
0,1448684
203,1448716
348,1448748
630,1448780
1241,1448812
1077,1448844
1309,1448876
1912,1448908
1768,1448940
1934,1448972
2027,1449004
1463,1449036
1595,1449068
1003,1449100
1129,1449132
864,1449164
665,1449196
400,1449228
156,1449260
0,1449292
573,1449324
765,1449356
1022,1449388
1223,1449420
1084,1449452
1680,1449484
1536,1449516
1801,1449548
1771,1449580
1564,1449612
1384,1449644
1100,1449676
925,1449708
701,1449740
474,1449772
251,1449804
0,1449836
0,1449868
495,1449900
649,1449932
927,1449964
1115,1449996
984,1450028
1567,1450060
1768,1450092
1675,1450124
2235,1450156
2122,1450188
2007,1450220
1613,1450252
1386,1450284
1231,1450316
923,1450348
761,1450380
504,1450412
0,1450444
0,1450476
412,1450508
344,1450540
605,1450572
1099,1450604
1063,1450636
1550,1450668
1422,1450700
1755,1450732
1883,1450764
1718,1450796
1896,1450828
1242,1450860
1064,1450892
1159,1450924
604,1450956
382,1450988
156,1451020
0,1451052
326,1451084
124,1451116
780,1451148
974,1451180
1214,1451212
1436,1451244
1628,1451276
1900,1451308
2096,1451340
1834,1451372
1979,1451404
1373,1451436
1144,1451468
907,1451500
684,1451532
489,1451564
232,1451596
39,1451628
0,1451660
0,1451692
249,1451724
397,1451756
698,1451788
1358,1451820
1503,1451852
1799,1451884
1995,1451916
1800,1451948
2223,1451980
1992,1452012
1386,1452044
1515,1452076
1245,1452108
1131,1452140
782,1452172
528,1452204
377,1452236
109,1452268
20,1452300
661,1452332
460,1452364
682,1452396
1304,1452428
1134,1452460
1419,1452492
1967,1452524
1895,1452556
2079,1452588
1482,1452620
1343,1452652
1022,1452684
857,1452716
1019,1452748
396,1452780
173,1452812
294,1452844
0,1452876
155,1452908
344,1452940
605,1452972
1183,1453004
1340,1453036
1645,1453068
1850,1453100
1661,1453132
2318,1453164
2079,1453196
1840,1453228
1611,1453260
1337,1453292
1146,1453324
879,1453356
295,1453388
423,1453420
0,1453452
0,1453484
111,1453516
368,1453548
647,1453580
826,1453612
1098,1453644
1629,1453676
1557,1453708
1788,1453740
2329,1453772
1675,1453804
1887,1453836
1165,1453868
1387,1453900
1117,1453932
535,1453964
653,1453996
392,1454028
0,1454060
332,1454092
555,1454124
905,1454156
974,1454188
1209,1454220
1517,1454252
1664,1454284
1544,1454316
2184,1454348
1771,1454380
1597,1454412
1674,1454444
1132,1454476
1200,1454508
985,1454540
491,1454572
512,1454604
0,1454636
0,1454668
17,1454700
284,1454732
904,1454764
734,1454796
1001,1454828
1193,1454860
1464,1454892
1701,1454924
2221,1454956
1817,1454988
1946,1455020
1261,1455052
1468,1455084
1210,1455116
1004,1455148
748,1455180
476,1455212
283,1455244
190,1455276
62,1455308
649,1455340
511,1455372
734,1455404
968,1455436
1194,1455468
1449,1455500
1658,1455532
1915,1455564
2042,1455596
1451,1455628
1272,1455660
1439,1455692
819,1455724
1016,1455756
286,1455788
525,1455820
253,1455852
0,1455884
539,1455916
777,1455948
647,1455980
1224,1456012
1419,1456044
1767,1456076
1882,1456108
2089,1456140
2287,1456172
1965,1456204
1369,1456236
1580,1456268
908,1456300
694,1456332
846,1456364
234,1456396
379,1456428
119,1456460
8,1456492
512,1456524
400,1456556
717,1456588
856,1456620
1133,1456652
1769,1456684
1593,1456716
1832,1456748
2204,1456780
1594,1456812
1403,1456844
1497,1456876
943,1456908
1069,1456940
776,1456972
605,1457004
348,1457036
187,1457068
398,1457100
634,1457132
860,1457164
1087,1457196
1279,1457228
1548,1457260
1743,1457292
1600,1457324
2217,1457356
1712,1457388
1511,1457420
1247,1457452
1048,1457484
871,1457516
600,1457548
412,1457580
190,1457612
0,1457644
0,1457676
62,1457708
361,1457740
1016,1457772
774,1457804
1449,1457836
1641,1457868
1499,1457900
2107,1457932
2300,1457964
1735,1457996
1822,1458028
1596,1458060
1469,1458092
1097,1458124
863,1458156
717,1458188
410,1458220
0,1458252
270,1458284
120,1458316
397,1458348
925,1458380
846,1458412
1376,1458444
1920,1458476
2059,1458508
1865,1458540
1832,1458572
1693,1458604
1359,1458636
1192,1458668
1367,1458700
734,1458732
553,1458764
636,1458796
93,1458828
0,1458860
314,1458892
267,1458924
842,1458956
635,1458988
1296,1459020
1501,1459052
1768,1459084
1964,1459116
2156,1459148
2191,1459180
1920,1459212
1310,1459244
1450,1459276
857,1459308
624,1459340
872,1459372
174,1459404
0,1459436
0,1459468
40,1459500
308,1459532
488,1459564
759,1459596
908,1459628
1210,1459660
1885,1459692
1606,1459724
2331,1459756
2169,1459788
1511,1459820
1691,1459852
1464,1459884
873,1459916
991,1459948
729,1459980
616,1460012
268,1460044
176,1460076
489,1460108
638,1460140
523,1460172
1176,1460204
968,1460236
1196,1460268
1832,1460300
1658,1460332
2288,1460364
2024,1460396
1479,1460428
1550,1460460
969,1460492
828,1460524
511,1460556
348,1460588
495,1460620
0,1460652
0,1460684
526,1460716
396,1460748
667,1460780
1211,1460812
1113,1460844
1711,1460876
1870,1460908
2175,1460940
2264,1460972
2059,1461004
1788,1461036
1559,1461068
1310,1461100
1086,1461132
824,1461164
632,1461196
364,1461228
0,1461260
28,1461292
175,1461324
440,1461356
634,1461388
878,1461420
1150,1461452
1328,1461484
1620,1461516
2158,1461548
1848,1461580
1613,1461612
1307,1461644
1149,1461676
1357,1461708
654,1461740
875,1461772
602,1461804
21,1461836
184,1461868
394,1461900
311,1461932
842,1461964
1070,1461996
1419,1462028
1497,1462060
1739,1462092
2047,1462124
2203,1462156
1720,1462188
1887,1462220
1248,1462252
1407,1462284
1150,1462316
622,1462348
686,1462380
464,1462412
0,1462444
174,1462476
70,1462508
381,1462540
520,1462572
796,1462604
1420,1462636
1246,1462668
1527,1462700
2089,1462732
1991,1462764
1755,1462796
1806,1462828
1289,1462860
1417,1462892
1191,1462924
952,1462956
694,1462988
504,1463020
232,1463052
252,1463084
512,1463116
713,1463148
572,1463180
873,1463212
1534,1463244
1258,1463276
1483,1463308
1720,1463340
1864,1463372
1596,1463404
1387,1463436
1512,1463468
936,1463500
760,1463532
925,1463564
300,1463596
491,1463628
0,1463660
411,1463692
603,1463724
439,1463756
1055,1463788
1292,1463820
1160,1463852
1753,1463884
1947,1463916
2297,1463948
2171,1463980
1904,1464012
1755,1464044
1438,1464076
857,1464108
1054,1464140
398,1464172
588,1464204
329,1464236
0,1464268
381,1464300
576,1464332
519,1464364
1035,1464396
910,1464428
1228,1464460
1835,1464492
1658,1464524
2299,1464556
1768,1464588
1533,1464620
1674,1464652
1079,1464684
888,1464716
975,1464748
439,1464780
555,1464812
0,1464844
263,1464876
462,1464908
720,1464940
922,1464972
1148,1465004
1374,1465036
1612,1465068
1816,1465100
1689,1465132
2269,1465164
1659,1465196
1800,1465228
1195,1465260
989,1465292
1211,1465324
539,1465356
362,1465388
92,1465420
0,1465452
0,1465484
198,1465516
414,1465548
572,1465580
872,1465612
1535,1465644
1286,1465676
1981,1465708
2173,1465740
2232,1465772
2043,1465804
1770,1465836
1209,1465868
1293,1465900
1070,1465932
956,1465964
583,1465996
351,1466028
185,1466060
300,1466092
591,1466124
792,1466156
632,1466188
908,1466220
1439,1466252
1366,1466284
1904,1466316
2151,1466348
1867,1466380
1641,1466412
1316,1466444
1167,1466476
848,1466508
682,1466540
842,1466572
222,1466604
33,1466636
170,1466668
95,1466700
331,1466732
552,1466764
781,1466796
1359,1466828
1146,1466860
1824,1466892
2026,1466924
2300,1466956
2140,1466988
1866,1467020
1278,1467052
1399,1467084
797,1467116
937,1467148
336,1467180
112,1467212
0,1467244
0,1467276
92,1467308
284,1467340
547,1467372
820,1467404
987,1467436
1274,1467468
1423,1467500
1736,1467532
2413,1467564
1658,1467596
1912,1467628
1631,1467660
1389,1467692
1165,1467724
944,1467756
360,1467788
475,1467820
214,1467852
389,1467884
495,1467916
699,1467948
1004,1467980
1151,1468012
1034,1468044
1695,1468076
1482,1468108
1720,1468140
2240,1468172
1594,1468204
1756,1468236
1503,1468268
967,1468300
779,1468332
457,1468364
317,1468396
10,1468428
0,1468460
381,1468492
232,1468524
458,1468556
1035,1468588
905,1468620
1179,1468652
1367,1468684
1641,1468716
2237,1468748
2159,1468780
1997,1468812
1726,1468844
1533,1468876
1256,1468908
1024,1468940
428,1468972
573,1469004
311,1469036
167,1469068
365,1469100
235,1469132
824,1469164
685,1469196
939,1469228
1134,1469260
1398,1469292
1683,1469324
1856,1469356
1787,1469388
1865,1469420
1321,1469452
1097,1469484
794,1469516
637,1469548
845,1469580
535,1469612
349,1469644
254,1469676
145,1469708
715,1469740
906,1469772
811,1469804
1356,1469836
1596,1469868
1947,1469900
2028,1469932
2264,1469964
2111,1469996
1787,1470028
1195,1470060
1356,1470092
741,1470124
890,1470156
636,1470188
110,1470220
0,1470252
239,1470284
215,1470316
687,1470348
572,1470380
893,1470412
1020,1470444
1308,1470476
1948,1470508
1770,1470540
1930,1470572
1646,1470604
1463,1470636
1229,1470668
1279,1470700
777,1470732
894,1470764
663,1470796
430,1470828
156,1470860
0,1470892
576,1470924
761,1470956
1035,1470988
1227,1471020
1085,1471052
1690,1471084
1547,1471116
1776,1471148
1770,1471180
1534,1471212
1337,1471244
1072,1471276
874,1471308
991,1471340
425,1471372
245,1471404
411,1471436
0,1471468
494,1471500
649,1471532
939,1471564
1119,1471596
946,1471628
1577,1471660
1818,1471692
1675,1471724
2283,1471756
2122,1471788
1996,1471820
1646,1471852
1384,1471884
1227,1471916
922,1471948
346,1471980
538,1472012
0,1472044
248,1472076
446,1472108
296,1472140
583,1472172
1101,1472204
1021,1472236
1551,1472268
1432,1472300
1757,1472332
1884,1472364
1708,1472396
1883,1472428
1242,1472460
1021,1472492
1151,1472524
567,1472556
380,1472588
460,1472620
0,1472652
327,1472684
217,1472716
783,1472748
985,1472780
800,1472812
1438,1472844
1675,1472876
1912,1472908
2142,1472940
2219,1472972
2013,1473004
1740,1473036
1134,1473068
1279,1473100
681,1473132
488,1473164
224,1473196
36,1473228
0,1473260
0,1473292
251,1473324
478,1473356
703,1473388
935,1473420
1565,1473452
1387,1473484
2062,1473516
1806,1473548
2267,1473580
1993,1473612
1384,1473644
1511,1473676
1242,1473708
695,1473740
782,1473772
556,1473804
431,1473836
119,1473868
361,1473900
665,1473932
812,1473964
1113,1473996
1308,1474028
1136,1474060
1430,1474092
1982,1474124
1894,1474156
2077,1474188
1850,1474220
1342,1474252
1375,1474284
796,1474316
667,1474348
345,1474380
172,1474412
318,1474444
0,1474476
156,1474508
698,1474540
615,1474572
841,1474604
1063,1474636
1289,1474668
1886,1474700
1672,1474732
2350,1474764
2078,1474796
1882,1474828
1610,1474860
1337,1474892
1135,1474924
876,1474956
284,1474988
413,1475020
0,1475052
0,1475084
125,1475116
346,1475148
601,1475180
796,1475212
1050,1475244
1420,1475276
1502,1475308
1790,1475340
2327,1475372
1672,1475404
1883,1475436
1136,1475468
1385,1475500
1113,1475532
486,1475564
651,1475596
416,1475628
0,1475660
368,1475692
566,1475724
905,1475756
1016,1475788
1213,1475820
1519,1475852
1675,1475884
1548,1475916
2234,1475948
1769,1475980
1542,1476012
1708,1476044
1069,1476076
1230,1476108
974,1476140
455,1476172
510,1476204
0,1476236
0,1476268
22,1476300
286,1476332
905,1476364
746,1476396
969,1476428
1562,1476460
1421,1476492
1704,1476524
1895,1476556
1807,1476588
1945,1476620
1630,1476652
1463,1476684
1208,1476716
1005,1476748
746,1476780
524,1476812
282,1476844
232,1476876
430,1476908
694,1476940
880,1476972
745,1477004
1338,1477036
1198,1477068
1453,1477100
1659,1477132
1916,1477164
1724,1477196
1447,1477228
1268,1477260
1037,1477292
808,1477324
587,1477356
284,1477388
135,1477420
317,1477452
0,1477484
587,1477516
779,1477548
649,1477580
1231,1477612
1422,1477644
1326,1477676
1886,1477708
2126,1477740
2351,1477772
1964,1477804
1726,1477836
1577,1477868
1260,1477900
683,1477932
841,1477964
232,1477996
376,1478028
108,1478060
8,1478092
524,1478124
762,1478156
728,1478188
1210,1478220
1084,1478252
1405,1478284
1536,1478316
1834,1478348
2237,1478380
1592,1478412
1400,1478444
1130,1478476
941,1478508
717,1478540
766,1478572
265,1478604
380,1478636
201,1478668
442,1478700
638,1478732
904,1478764
1096,1478796
1280,1478828
1552,1478860
1754,1478892
1608,1478924
2223,1478956
1708,1478988
1480,1479020
1247,1479052
1018,1479084
823,1479116
569,1479148
367,1479180
189,1479212
0,1479244
0,1479276
539,1479308
364,1479340
1017,1479372
745,1479404
1451,1479436
1643,1479468
1451,1479500
2109,1479532
2344,1479564
1734,1479596
1856,1479628
1584,1479660
1320,1479692
1118,1479724
862,1479756
715,1479788
408,1479820
0,1479852
317,1479884
123,1479916
762,1479948
969,1479980
807,1480012
1417,1480044
1616,1480076
1543,1480108
2089,1480140
1830,1480172
1688,1480204
1359,1480236
1192,1480268
1354,1480300
730,1480332
508,1480364
636,1480396
55,1480428
0,1480460
350,1480492
269,1480524
845,1480556
717,1480588
1303,1480620
1498,1480652
1771,1480684
1976,1480716
2204,1480748
2191,1480780
1960,1480812
1687,1480844
1483,1480876
1216,1480908
621,1480940
752,1480972
170,1481004
0,1481036
0,1481068
38,1481100
311,1481132
490,1481164
761,1481196
987,1481228
1211,1481260
1447,1481292
1599,1481324
1915,1481356
2237,1481388
1500,1481420
1739,1481452
1454,1481484
871,1481516
989,1481548
729,1481580
488,1481612
263,1481644
220,1481676
559,1481708
640,1481740
874,1481772
1179,1481804
1325,1481836
1629,1481868
1835,1481900
1661,1481932
1944,1481964
2026,1481996
1477,1482028
1535,1482060
1323,1482092
824,1482124
845,1482156
292,1482188
142,1482220
0,1482252
0,1482284
558,1482316
407,1482348
669,1482380
1212,1482412
1118,1482444
1353,1482476
1579,1482508
1819,1482540
2296,1482572
1606,1482604
1820,1482636
1550,1482668
1354,1482700
1084,1482732
824,1482764
621,1482796
363,1482828
0,1482860
312,1482892
176,1482924
408,1482956
633,1482988
859,1483020
1113,1483052
1320,1483084
1576,1483116
1852,1483148
1790,1483180
1609,1483212
1788,1483244
1147,1483276
1353,1483308
619,1483340
862,1483372
601,1483404
0,1483436
189,1483468
438,1483500
616,1483532
888,1483564
1081,1483596
1419,1483628
1532,1483660
1740,1483692
2059,1483724
2207,1483756
1711,1483788
1929,1483820
1246,1483852
1019,1483884
1182,1483916
568,1483948
716,1483980
472,1484012
0,1484044
184,1484076
75,1484108
381,1484140
959,1484172
798,1484204
1421,1484236
1255,1484268
1483,1484300
2092,1484332
1933,1484364
1752,1484396
1479,1484428
1279,1484460
1405,1484492
1104,1484524
942,1484556
684,1484588
489,1484620
232,1484652
296,1484684
520,1484716
751,1484748
940,1484780
1209,1484812
1401,1484844
1260,1484876
1867,1484908
1722,1484940
1860,1484972
1593,1485004
1387,1485036
1208,1485068
932,1485100
753,1485132
525,1485164
307,1485196
75,1485228
0,1485260
28,1485292
679,1485324
440,1485356
1101,1485388
1294,1485420
1470,1485452
1757,1485484
1951,1485516
1854,1485548
2173,1485580
1944,1485612
1822,1485644
1434,1485676
1208,1485708
1055,1485740
748,1485772
173,1485804
320,1485836
0,1485868
383,1485900
589,1485932
520,1485964
1038,1485996
1274,1486028
1239,1486060
1469,1486092
1606,1486124
1935,1486156
1705,1486188
1532,1486220
1707,1486252
1069,1486284
889,1486316
618,1486348
429,1486380
207,1486412
251,1486444
0,1486476
504,1486508
731,1486540
958,1486572
1158,1486604
1420,1486636
1624,1486668
1816,1486700
2087,1486732
2269,1486764
1657,1486796
1792,1486828
1193,1486860
965,1486892
732,1486924
506,1486956
313,1486988
56,1487020
0,1487052
0,1487084
154,1487116
423,1487148
1051,1487180
876,1487212
1534,1487244
1258,1487276
2026,1487308
2173,1487340
2267,1487372
2039,1487404
1806,1487436
1207,1487468
1337,1487500
1067,1487532
953,1487564
605,1487596
351,1487628
185,1487660
299,1487692
186,1487724
841,1487756
635,1487788
1279,1487820
1484,1487852
1319,1487884
1950,1487916
2154,1487948
1818,1487980
1629,1488012
1307,1488044
1165,1488076
848,1488108
681,1488140
831,1488172
219,1488204
8,1488236
173,1488268
60,1488300
331,1488332
873,1488364
781,1488396
1367,1488428
1241,1488460
1831,1488492
2028,1488524
2301,1488556
2136,1488588
1898,1488620
1276,1488652
1433,1488684
1164,1488716
969,1488748
701,1488780
110,1488812
239,1488844
0,1488876
104,1488908
288,1488940
550,1488972
823,1489004
1000,1489036
1273,1489068
1503,1489100
1749,1489132
1963,1489164
1648,1489196
1495,1489228
1705,1489260
1387,1489292
1211,1489324
939,1489356
359,1489388
475,1489420
206,1489452
0,1489484
505,1489516
733,1489548
1081,1489580
1152,1489612
1392,1489644
1707,1489676
1852,1489708
2160,1489740
2235,1489772
1594,1489804
1416,1489836
1498,1489868
955,1489900
775,1489932
808,1489964
317,1489996
336,1490028
0,1490060
47,1490092
184,1490124
460,1490156
1082,1490188
907,1490220
1180,1490252
1740,1490284
1641,1490316
1881,1490348
1864,1490380
1629,1490412
1760,1490444
1082,1490476
1292,1490508
1024,1490540
398,1490572
570,1490604
304,1490636
172,1490668
376,1490700
238,1490732
829,1490764
687,1490796
921,1490828
1148,1490860
1380,1490892
1639,1490924
1837,1490956
1735,1490988
1558,1491020
1272,1491052
1093,1491084
784,1491116
636,1491148
838,1491180
523,1491212
347,1491244
265,1491276
103,1491308
717,1491340
953,1491372
823,1491404
1405,1491436
1599,1491468
1949,1491500
2064,1491532
2256,1491564
2107,1491596
1784,1491628
1191,1491660
1400,1491692
733,1491724
518,1491756
667,1491788
58,1491820
0,1491852
248,1491884
173,1491916
697,1491948
584,1491980
892,1492012
1024,1492044
1310,1492076
1951,1492108
1772,1492140
1883,1492172
2016,1492204
1415,1492236
1224,1492268
967,1492300
775,1492332
890,1492364
591,1492396
427,1492428
154,1492460
0,1492492
588,1492524
814,1492556
1036,1492588
1262,1492620
1464,1492652
1728,1492684
1931,1492716
1784,1492748
2143,1492780
1534,1492812
1336,1492844
1072,1492876
874,1492908
696,1492940
426,1492972
244,1493004
300,1493036
0,1493068
89,1493100
703,1493132
539,1493164
1193,1493196
942,1493228
1629,1493260
1821,1493292
1687,1493324
2285,1493356
2120,1493388
1549,1493420
1641,1493452
1408,1493484
1295,1493516
911,1493548
686,1493580
539,1493612
231,1493644
0,1493676
448,1493708
297,1493740
582,1493772
1104,1493804
1029,1493836
1550,1493868
1803,1493900
1767,1493932
2249,1493964
1647,1493996
1515,1494028
1192,1494060
1016,1494092
1181,1494124
564,1494156
376,1494188
108,1494220
0,1494252
2,1494284
492,1494316
443,1494348
1020,1494380
811,1494412
1482,1494444
1679,1494476
1948,1494508
2154,1494540
2217,1494572
2012,1494604
1737,1494636
1132,1494668
1271,1494700
680,1494732
454,1494764
221,1494796
3,1494828
0,1494860
0,1494892
206,1494924
776,1494956
654,1494988
936,1495020
1565,1495052
1387,1495084
2071,1495116
1775,1495148
2265,1495180
1991,1495212
1332,1495244
1511,1495276
1278,1495308
696,1495340
824,1495372
544,1495404
427,1495436
153,1495468
368,1495500
667,1495532
813,1495564
695,1495596
1354,1495628
1144,1495660
1380,1495692
2011,1495724
1836,1495756
2107,1495788
1847,1495820
1301,1495852
1370,1495884
795,1495916
653,1495948
344,1495980
170,1496012
312,1496044
0,1496076
123,1496108
698,1496140
574,1496172
841,1496204
1387,1496236
1293,1496268
1897,1496300
2057,1496332
2349,1496364
2076,1496396
1878,1496428
1608,1496460
1372,1496492
1136,1496524
909,1496556
649,1496588
447,1496620
185,1496652
0,1496684
478,1496716
350,1496748
616,1496780
800,1496812
1063,1496844
1335,1496876
1514,1496908
1800,1496940
1900,1496972
1670,1497004
1435,1497036
1133,1497068
971,1497100
1177,1497132
485,1497164
697,1497196
415,1497228
0,1497260
377,1497292
571,1497324
477,1497356
1020,1497388
1256,1497420
1599,1497452
1680,1497484
1920,1497516
2237,1497548
2137,1497580
1532,1497612
1707,1497644
1070,1497676
904,1497708
975,1497740
452,1497772
508,1497804
295,1497836
0,1497868
359,1497900
246,1497932
557,1497964
688,1497996
972,1498028
1600,1498060
1430,1498092
1704,1498124
2271,1498156
1803,1498188
1576,1498220
1626,1498252
1113,1498284
1232,1498316
568,1498348
768,1498380
510,1498412
312,1498444
238,1498476
430,1498508
699,1498540
888,1498572
749,1498604
1342,1498636
1209,1498668
1434,1498700
2166,1498732
1883,1498764
1677,1498796
1416,1498828
1209,1498860
1033,1498892
758,1498924
582,1498956
283,1498988
123,1499020
315,1499052
0,1499084
599,1499116
781,1499148
604,1499180
1231,1499212
1469,1499244
1337,1499276
1934,1499308
2343,1499340
2348,1499372
1994,1499404
1726,1499436
1567,1499468
1259,1499500
680,1499532
880,1499564
222,1499596
7,1499628
135,1499660
0,1499692
560,1499724
764,1499756
695,1499788
1213,1499820
1087,1499852
1415,1499884
1548,1499916
1838,1499948
2235,1499980
1582,1500012
1355,1500044
1496,1500076
903,1500108
713,1500140
796,1500172
253,1500204
375,1500236
148,1500268
443,1500300
640,1500332
905,1500364
1102,1500396
1326,1500428
1560,1500460
1792,1500492
1992,1500524
2266,1500556
2089,1500588
1480,1500620
1323,1500652
1017,1500684
812,1500716
558,1500748
362,1500780
183,1500812
0,1500844
0,1500876
430,1500908
375,1500940
591,1500972
747,1501004
1051,1501036
1721,1501068
1456,1501100
2167,1501132
2335,1501164
1725,1501196
1863,1501228
1582,1501260
1024,1501292
1116,1501324
891,1501356
780,1501388
399,1501420
171,1501452
320,1501484
476,1501516
361,1501548
970,1501580
809,1501612
1418,1501644
1628,1501676
1548,1501708
2091,1501740
2200,1501772
1688,1501804
1719,1501836
1130,1501868
997,1501900
678,1501932
506,1501964
656,1501996
50,1502028
0,1502060
363,1502092
272,1502124
505,1502156
1007,1502188
957,1502220
1548,1502252
1781,1502284
2012,1502316
2206,1502348
2232,1502380
1960,1502412
1679,1502444
1481,1502476
1213,1502508
621,1502540
469,1502572
167,1502604
0,1502636
0,1502668
21,1502700
269,1502732
460,1502764
715,1502796
1291,1502828
1174,1502860
1450,1502892
2094,1502924
1916,1502956
2232,1502988
1478,1503020
1725,1503052
1451,1503084
820,1503116
987,1503148
762,1503180
184,1503212
298,1503244
221,1503276
567,1503308
671,1503340
878,1503372
1183,1503404
1328,1503436
1208,1503468
1883,1503500
1663,1503532
2318,1503564
2048,1503596
1416,1503628
1581,1503660
1312,1503692
791,1503724
848,1503756
292,1503788
141,1503820
253,1503852
0,1503884
559,1503916
408,1503948
637,1503980
1226,1504012
1083,1504044
1355,1504076
1917,1504108
1829,1504140
2287,1504172
1689,1504204
1813,1504236
1546,1504268
1349,1504300
1082,1504332
857,1504364
620,1504396
395,1504428
117,1504460
0,1504492
551,1504524
411,1504556
1000,1504588
861,1504620
1118,1504652
1312,1504684
1576,1504716
1864,1504748
1788,1504780
1606,1504812
1371,1504844
1144,1504876
920,1504908
616,1504940
462,1504972
665,1505004
0,1505036
237,1505068
431,1505100
618,1505132
891,1505164
1084,1505196
990,1505228
1535,1505260
1775,1505292
2137,1505324
2208,1505356
2076,1505388
1929,1505420
1599,1505452
1439,1505484
1181,1505516
559,1505548
392,1505580
461,1505612
0,1505644
185,1505676
425,1505708
391,1505740
621,1505772
750,1505804
1069,1505836
1206,1505868
1486,1505900
2136,1505932
1932,1505964
1751,1505996
1849,1506028
1276,1506060
1055,1506092
825,1506124
599,1506156
716,1506188
58,1506220
250,1506252
298,1506284
558,1506316
752,1506348
944,1506380
838,1506412
1403,1506444
1261,1506476
1868,1506508
1724,1506540
1831,1506572
1583,1506604
1356,1506636
1157,1506668
894,1506700
700,1506732
522,1506764
250,1506796
71,1506828
0,1506860
26,1506892
683,1506924
408,1506956
1112,1506988
1295,1507020
1516,1507052
1759,1507084
2012,1507116
1864,1507148
2216,1507180
1944,1507212
1817,1507244
1464,1507276
1208,1507308
1052,1507340
736,1507372
171,1507404
361,1507436
0,1507468
25,1507500
631,1507532
470,1507564
1080,1507596
1276,1507628
1207,1507660
1471,1507692
1612,1507724
1944,1507756
1706,1507788
1528,1507820
1705,1507852
1064,1507884
843,1507916
972,1507948
393,1507980
199,1508012
0,1508044
0,1508076
505,1508108
668,1508140
959,1508172
1152,1508204
1421,1508236
1625,1508268
1855,1508300
1702,1508332
2304,1508364
2028,1508396
1833,1508428
1563,1508460
957,1508492
1096,1508524
495,1508556
304,1508588
47,1508620
0,1508652
0,1508684
154,1508716
434,1508748
952,1508780
883,1508812
1110,1508844
1261,1508876
1567,1508908
2251,1508940
2265,1508972
2087,1509004
1803,1509036
1206,1509068
1327,1509100
1066,1509132
523,1509164
603,1509196
379,1509228
245,1509260
303,1509292
538,1509324
843,1509356
990,1509388
871,1509420
1484,1509452
1319,1509484
1950,1509516
2158,1509548
1820,1509580
1627,1509612
1662,1509644
1164,1509676
1196,1509708
618,1509740
489,1509772
170,1509804
4,1509836
205,1509868
72,1509900
340,1509932
520,1509964
791,1509996
1017,1510028
1528,1510060
1471,1510092
2076,1510124
2301,1510156
2174,1510188
1898,1510220
1253,1510252
1424,1510284
1160,1510316
960,1510348
699,1510380
108,1510412
234,1510444
0,1510476
76,1510508
298,1510540
522,1510572
781,1510604
972,1510636
1230,1510668
1818,1510700
1691,1510732
1959,1510764
2150,1510796
1485,1510828
1701,1510860
1375,1510892
1207,1510924
937,1510956
310,1510988
473,1511020
238,1511052
0,1511084
544,1511116
736,1511148
1083,1511180
1199,1511212
1399,1511244
1707,1511276
1856,1511308
1737,1511340
2140,1511372
1584,1511404
1790,1511436
1526,1511468
902,1511500
731,1511532
800,1511564
279,1511596
336,1511628
0,1511660
55,1511692
190,1511724
472,1511756
1082,1511788
918,1511820
1147,1511852
1752,1511884
1609,1511916
1884,1511948
2192,1511980
1626,1512012
1757,1512044
1164,1512076
1289,1512108
1022,1512140
396,1512172
570,1512204
335,1512236
174,1512268
413,1512300
602,1512332
864,1512364
1065,1512396
923,1512428
1518,1512460
1374,1512492
1642,1512524
1839,1512556
1738,1512588
1546,1512620
1263,1512652
1084,1512684
861,1512716
633,1512748
411,1512780
575,1512812
0,1512844
329,1512876
106,1512908
774,1512940
957,1512972
824,1513004
1415,1513036
1609,1513068
1511,1513100
2074,1513132
2287,1513164
2170,1513196
1783,1513228
1550,1513260
1391,1513292
1084,1513324
923,1513356
668,1513388
58,1513420
0,1513452
252,1513484
183,1513516
701,1513548
940,1513580
904,1513612
1388,1513644
1262,1513676
1582,1513708
1723,1513740
1882,1513772
2058,1513804
1404,1513836
1223,1513868
1312,1513900
764,1513932
543,1513964
312,1513996
89,1514028
182,1514060
0,1514092
620,1514124
815,1514156
1080,1514188
1276,1514220
1467,1514252
1738,1514284
1945,1514316
1786,1514348
2141,1514380
1534,1514412
1296,1514444
1066,1514476
843,1514508
647,1514540
392,1514572
199,1514604
20,1514636
0,1514668
92,1514700
711,1514732
540,1514764
1195,1514796
922,1514828
1638,1514860
1831,1514892
1640,1514924
2295,1514956
2156,1514988
1545,1515020
1678,1515052
1405,1515084
1288,1515116
943,1515148
685,1515180
528,1515212
222,1515244
0,1515276
492,1515308
300,1515340
535,1515372
1148,1515404
972,1515436
1598,1515468
1807,1515500
1733,1515532
2251,1515564
1645,1515596
1501,1515628
1182,1515660
1014,1515692
1177,1515724
552,1515756
340,1515788
458,1515820
0,1515852
4,1515884
185,1515916
455,1515948
1021,1515980
1181,1516012
1495,1516044
1686,1516076
1950,1516108
2156,1516140
2249,1516172
2009,1516204
1773,1516236
1502,1516268
1305,1516300
1040,1516332
445,1516364
585,1516396
1,1516428
0,1516460
0,1516492
218,1516524
487,1516556
666,1516588
938,1516620
1165,1516652
1397,1516684
1627,1516716
1786,1516748
1836,1516780
2047,1516812
1324,1516844
1551,1516876
1275,1516908
695,1516940
823,1516972
552,1517004
18,1517036
170,1517068
397,1517100
745,1517132
813,1517164
1052,1517196
1357,1517228
1502,1517260
1386,1517292
2014,1517324
1839,1517356
2105,1517388
1837,1517420
1292,1517452
1368,1517484
1145,1517516
651,1517548
682,1517580
110,1517612
0,1517644
0,1517676
134,1517708
745,1517740
580,1517772
845,1517804
1032,1517836
1303,1517868
1533,1517900
2060,1517932
1977,1517964
2110,1517996
1869,1518028
1642,1518060
1360,1518092
1168,1518124
908,1518156
635,1518188
444,1518220
175,1518252
0,1518284
480,1518316
359,1518348
583,1518380
809,1518412
1036,1518444
1290,1518476
1498,1518508
1755,1518540
1899,1518572
1610,1518604
1431,1518636
1609,1518668
969,1518700
1175,1518732
452,1518764
685,1518796
415,1518828
0,1518860
379,1518892
617,1518924
487,1518956
1065,1518988
1258,1519020
1450,1519052
1720,1519084
1920,1519116
2239,1519148
2126,1519180
1530,1519212
1741,1519244
1070,1519276
1263,1519308
1002,1519340
393,1519372
540,1519404
284,1519436
0,1519468
362,1519500
249,1519532
558,1519564
697,1519596
983,1519628
1607,1519660
1432,1519692
1671,1519724
2272,1519756
1757,1519788
1564,1519820
1661,1519852
1111,1519884
1229,1519916
651,1519948
765,1519980
509,1520012
301,1520044
240,1520076
472,1520108
696,1520140
923,1520172
1119,1520204
1387,1520236
1582,1520268
1437,1520300
2047,1520332
1882,1520364
1676,1520396
1407,1520428
1212,1520460
1022,1520492
750,1520524
573,1520556
349,1520588
122,1520620
0,1520652
0,1520684
203,1520716
859,1520748
614,1520780
1280,1520812
1469,1520844
1338,1520876
1943,1520908
2138,1520940
2220,1520972
1984,1521004
1756,1521036
1643,1521068
1256,1521100
1024,1521132
879,1521164
560,1521196
399,1521228
125,1521260
0,1521292
249,1521324
776,1521356
695,1521388
1216,1521420
1452,1521452
1417,1521484
1916,1521516
1786,1521548
1853,1521580
1533,1521612
1352,1521644
1530,1521676
902,1521708
711,1521740
796,1521772
251,1521804
30,1521836
0,1521868
111,1521900
680,1521932
474,1521964
1134,1521996
1338,1522028
1599,1522060
1802,1522092
1993,1522124
2267,1522156
2088,1522188
1470,1522220
1612,1522252
1007,1522284
780,1522316
555,1522348
332,1522380
136,1522412
0,1522444
0,1522476
151,1522508
330,1522540
601,1522572
1227,1522604
1051,1522636
1723,1522668
1436,1522700
2040,1522732
2333,1522764
1675,1522796
1865,1522828
1625,1522860
1338,1522892
1151,1522924
891,1522956
766,1522988
427,1523020
171,1523052
331,1523084
475,1523116
361,1523148
1016,1523180
809,1523212
1038,1523244
1672,1523276
1496,1523308
2127,1523340
2188,1523372
2055,1523404
1712,1523436
1128,1523468
986,1523500
1117,1523532
503,1523564
655,1523596
44,1523628
0,1523660
362,1523692
236,1523724
506,1523756
696,1523788
955,1523820
1545,1523852
1707,1523884
2010,1523916
2208,1523948
2221,1523980
1950,1524012
1712,1524044
1481,1524076
1248,1524108
984,1524140
784,1524172
527,1524204
0,1524236
151,1524268
24,1524300
271,1524332
472,1524364
720,1524396
999,1524428
1178,1524460
1460,1524492
1691,1524524
1925,1524556
1783,1524588
1468,1524620
1309,1524652
1517,1524684
811,1524716
1035,1524748
761,1524780
477,1524812
299,1524844
221,1524876
155,1524908
684,1524940
920,1524972
1256,1525004
1337,1525036
1576,1525068
1885,1525100
2031,1525132
1880,1525164
2046,1525196
1408,1525228
1577,1525260
1309,1525292
780,1525324
845,1525356
624,1525388
136,1525420
0,1525452
0,1525484
221,1525516
358,1525548
644,1525580
1260,1525612
1092,1525644
1357,1525676
1547,1525708
1831,1525740
1917,1525772
1976,1525804
1449,1525836
1579,1525868
1339,1525900
1114,1525932
854,1525964
652,1525996
382,1526028
107,1526060
359,1526092
553,1526124
414,1526156
1003,1526188
864,1526220
1098,1526252
1323,1526284
1551,1526316
1816,1526348
1756,1526380
1550,1526412
1368,1526444
1096,1526476
919,1526508
1083,1526540
458,1526572
653,1526604
0,1526636
247,1526668
443,1526700
663,1526732
895,1526764
1130,1526796
999,1526828
1594,1526860
1784,1526892
2139,1526924
2248,1526956
2076,1526988
1917,1527020
1598,1527052
1014,1527084
1226,1527116
558,1527148
746,1527180
480,1527212
0,1527244
219,1527276
425,1527308
359,1527340
621,1527372
752,1527404
1079,1527436
1213,1527468
1495,1527500
2137,1527532
1934,1527564
1704,1527596
1838,1527628
1229,1527660
1048,1527692
1136,1527724
601,1527756
715,1527788
139,1527820
237,1527852
304,1527884
565,1527916
762,1527948
988,1527980
842,1528012
1450,1528044
1644,1528076
1915,1528108
2111,1528140
1820,1528172
1964,1528204
1355,1528236
1158,1528268
895,1528300
698,1528332
523,1528364
248,1528396
61,1528428
0,1528460
38,1528492
263,1528524
415,1528556
715,1528588
1371,1528620
1517,1528652
1819,1528684
2009,1528716
1864,1528748
2207,1528780
1932,1528812
1371,1528844
1453,1528876
1231,1528908
1115,1528940
733,1528972
511,1529004
361,1529036
125,1529068
430,1529100
632,1529132
474,1529164
750,1529196
1280,1529228
1207,1529260
1480,1529292
1983,1529324
1943,1529356
2063,1529388
1468,1529420
1335,1529452
1006,1529484
840,1529516
1004,1529548
386,1529580
199,1529612
282,1529644
0,1529676
173,1529708
393,1529740
621,1529772
1200,1529804
986,1529836
1660,1529868
1866,1529900
1678,1529932
2302,1529964
2026,1529996
1831,1530028
1552,1530060
955,1530092
1098,1530124
496,1530156
280,1530188
58,1530220
0,1530252
0,1530284
136,1530316
390,1530348
663,1530380
828,1530412
1112,1530444
1263,1530476
1565,1530508
2252,1530540
2264,1530572
2079,1530604
1800,1530636
1147,1530668
1327,1530700
1100,1530732
510,1530764
636,1530796
375,1530828
235,1530860
335,1530892
541,1530924
845,1530956
989,1530988
872,1531020
1532,1531052
1322,1531084
1559,1531116
2200,1531148
1756,1531180
1579,1531212
1660,1531244
1117,1531276
1193,1531308
617,1531340
477,1531372
169,1531404
0,1531436
213,1531468
72,1531500
300,1531532
880,1531564
748,1531596
1018,1531628
1208,1531660
1479,1531692
2079,1531724
2235,1531756
2167,1531788
1888,1531820
1245,1531852
1416,1531884
1194,1531916
956,1531948
729,1531980
461,1532012
268,1532044
205,1532076
77,1532108
665,1532140
526,1532172
782,1532204
975,1532236
1240,1532268
1512,1532300
1704,1532332
1950,1532364
2026,1532396
1483,1532428
1256,1532460
1433,1532492
797,1532524
1001,1532556
301,1532588
511,1532620
237,1532652
0,1532684
555,1532716
748,1532748
663,1532780
1197,1532812
1434,1532844
1799,1532876
1856,1532908
2104,1532940
2272,1532972
1946,1533004
1354,1533036
1528,1533068
893,1533100
728,1533132
798,1533164
280,1533196
333,1533228
97,1533260
55,1533292
538,1533324
422,1533356
733,1533388
876,1533420
1149,1533452
1786,1533484
1610,1533516
1884,1533548
1816,1533580
1623,1533612
1387,1533644
1440,1533676
937,1533708
1054,1533740
396,1533772
592,1533804
334,1533836
208,1533868
416,1533900
605,1533932
875,1533964
1067,1533996
923,1534028
1518,1534060
1384,1534092
1613,1534124
1840,1534156
1706,1534188
1497,1534220
1230,1534252
1036,1534284
1151,1534316
582,1534348
407,1534380
571,1534412
0,1534444
333,1534476
78,1534508
779,1534540
959,1534572
791,1534604
1419,1534636
1656,1534668
1513,1534700
2121,1534732
2284,1534764
2167,1534796
1806,1534828
1546,1534860
1389,1534892
1080,1534924
505,1534956
700,1534988
47,1535020
0,1535052
284,1535084
136,1535116
743,1535148
942,1535180
861,1535212
1391,1535244
1264,1535276
1592,1535308
1728,1535340
1880,1535372
2046,1535404
1259,1535436
1178,1535468
1310,1535500
727,1535532
536,1535564
623,1535596
78,1535628
173,1535660
333,1535692
623,1535724
826,1535756
1081,1535788
1278,1535820
1512,1535852
1742,1535884
1980,1535916
2173,1535948
2175,1535980
1912,1536012
1293,1536044
1438,1536076
841,1536108
648,1536140
382,1536172
188,1536204
16,1536236
0,1536268
103,1536300
327,1536332
550,1536364
777,1536396
924,1536428
1225,1536460
1903,1536492
1642,1536524
2347,1536556
2153,1536588
1544,1536620
1677,1536652
1403,1536684
859,1536716
938,1536748
714,1536780
591,1536812
220,1536844
202,1536876
506,1536908
651,1536940
539,1536972
1148,1537004
984,1537036
1270,1537068
1806,1537100
1734,1537132
2239,1537164
2022,1537196
1501,1537228
1536,1537260
954,1537292
823,1537324
494,1537356
330,1537388
490,1537420
0,1537452
8,1537484
540,1537516
455,1537548
683,1537580
1182,1537612
1133,1537644
1728,1537676
1504,1537708
2204,1537740
2240,1537772
2044,1537804
1766,1537836
1498,1537868
1303,1537900
1036,1537932
442,1537964
572,1537996
2,1538028
0,1538060
427,1538092
201,1538124
441,1538156
639,1538188
892,1538220
1176,1538252
1351,1538284
1639,1538316
1788,1538348
1834,1538380
2045,1538412
1294,1538444
1547,1538476
1275,1538508
638,1538540
810,1538572
586,1538604
16,1538636
200,1538668
407,1538700
743,1538732
856,1538764
1053,1538796
1359,1538828
1514,1538860
1386,1538892
2077,1538924
1856,1538956
1704,1538988
1871,1539020
1230,1539052
1391,1539084
1134,1539116
615,1539148
681,1539180
107,1539212
0,1539244
0,1539276
138,1539308
745,1539340
585,1539372
811,1539404
1402,1539436
1271,1539468
1533,1539500
2106,1539532
1975,1539564
2107,1539596
1790,1539628
1629,1539660
1368,1539692
1165,1539724
906,1539756
671,1539788
442,1539820
215,1539852
268,1539884
535,1539916
729,1539948
587,1539980
891,1540012
1038,1540044
1296,1540076
1497,1540108
1766,1540140
1895,1540172
1609,1540204
1420,1540236
1496,1540268
968,1540300
747,1540332
442,1540364
299,1540396
479,1540428
0,1540460
427,1540492
619,1540524
492,1540556
1081,1540588
1264,1540620
1166,1540652
1724,1540684
1963,1540716
2317,1540748
2125,1540780
1897,1540812
1739,1540844
1420,1540876
842,1540908
1002,1540940
393,1540972
540,1541004
282,1541036
0,1541068
368,1541100
603,1541132
567,1541164
1052,1541196
934,1541228
1253,1541260
1384,1541292
1674,1541324
2316,1541356
1752,1541388
1563,1541420
1660,1541452
1099,1541484
877,1541516
926,1541548
425,1541580
540,1541612
299,1541644
280,1541676
476,1541708
736,1541740
940,1541772
1128,1541804
1386,1541836
1583,1541868
1439,1541900
1753,1541932
1872,1541964
1642,1541996
1404,1542028
1180,1542060
975,1542092
729,1542124
524,1542156
635,1542188
72,1542220
0,1542252
365,1542284
203,1542316
855,1542348
588,1542380
1291,1542412
1481,1542444
1299,1542476
1947,1542508
2186,1542540
1895,1542572
2026,1542604
1753,1542636
1629,1542668
1279,1542700
1020,1542732
871,1542764
569,1542796
3,1542828
166,1542860
0,1542892
604,1542924
800,1542956
648,1542988
1257,1543020
1456,1543052
1383,1543084
1919,1543116
1792,1543148
1851,1543180
1991,1543212
1352,1543244
1517,1543276
888,1543308
665,1543340
796,1543372
215,1543404
26,1543436
185,1543468
119,1543500
687,1543532
569,1543564
1143,1543596
1342,1543628
1609,1543660
1804,1543692
2041,1543724
2269,1543756
2124,1543788
1850,1543820
1260,1543852
1376,1543884
781,1543916
920,1543948
331,1543980
136,1544012
0,1544044
0,1544076
151,1544108
330,1544140
603,1544172
829,1544204
1052,1544236
1278,1544268
1439,1544300
1751,1544332
2407,1544364
1661,1544396
1901,1544428
1615,1544460
1336,1544492
1151,1544524
888,1544556
347,1544588
416,1544620
188,1544652
399,1544684
479,1544716
715,1544748
1018,1544780
1162,1544812
1467,1544844
1673,1544876
1498,1544908
1788,1544940
2188,1544972
1642,1545004
1707,1545036
1483,1545068
985,1545100
763,1545132
444,1545164
303,1545196
3,1545228
0,1545260
398,1545292
258,1545324
519,1545356
1055,1545388
968,1545420
1197,1545452
1422,1545484
1657,1545516
2264,1545548
1760,1545580
1982,1545612
1712,1545644
1514,1545676
1244,1545708
975,1545740
421,1545772
512,1545804
0,1545836
141,1545868
25,1545900
262,1545932
472,1545964
700,1545996
966,1546028
1158,1546060
1406,1546092
1691,1546124
1879,1546156
1780,1546188
1467,1546220
1306,1546252
1513,1546284
780,1546316
1019,1546348
751,1546380
509,1546412
299,1546444
268,1546476
153,1546508
730,1546540
921,1546572
1255,1546604
1372,1546636
1579,1546668
1887,1546700
2043,1546732
1871,1546764
2094,1546796
1404,1546828
1180,1546860
1339,1546892
720,1546924
889,1546956
624,1546988
94,1547020
0,1547052
0,1547084
222,1547116
363,1547148
638,1547180
1261,1547212
1096,1547244
1323,1547276
1932,1547308
1787,1547340
1914,1547372
1640,1547404
1439,1547436
1482,1547468
1264,1547500
1111,1547532
845,1547564
649,1547596
392,1547628
137,1547660
4,1547692
599,1547724
791,1547756
1040,1547788
1242,1547820
1103,1547852
1704,1547884
1561,1547916
1819,1547948
1753,1547980
1548,1548012
1369,1548044
1084,1548076
906,1548108
975,1548140
456,1548172
235,1548204
0,1548236
0,1548268
512,1548300
665,1548332
953,1548364
1131,1548396
1000,1548428
1593,1548460
1789,1548492
1693,1548524
2255,1548556
2104,1548588
1984,1548620
1595,1548652
1370,1548684
1215,1548716
907,1548748
331,1548780
478,1548812
0,1548844
220,1548876
429,1548908
359,1548940
631,1548972
1124,1549004
1079,1549036
1576,1549068
1446,1549100
1773,1549132
1868,1549164
1694,1549196
1872,1549228
1227,1549260
1048,1549292
778,1549324
588,1549356
365,1549388
409,1549420
0,1549452
344,1549484
569,1549516
798,1549548
992,1549580
816,1549612
1450,1549644
1648,1549676
1918,1549708
2122,1549740
1817,1549772
1961,1549804
1354,1549836
1126,1549868
888,1549900
668,1549932
463,1549964
207,1549996
20,1550028
103,1550060
2,1550092
264,1550124
891,1550156
722,1550188
1373,1550220
1527,1550252
1819,1550284
2011,1550316
1819,1550348
2203,1550380
1966,1550412
1368,1550444
1498,1550476
1227,1550508
1113,1550540
764,1550572
506,1550604
359,1550636
135,1550668
37,1550700
680,1550732
478,1550764
1119,1550796
1323,1550828
1158,1550860
1447,1550892
1984,1550924
1911,1550956
2063,1550988
1467,1551020
1335,1551052
1004,1551084
836,1551116
999,1551148
376,1551180
156,1551212
280,1551244
0,1551276
171,1551308
704,1551340
621,1551372
1209,1551404
1081,1551436
1673,1551468
1868,1551500
1679,1551532
2300,1551564
2062,1551596
1823,1551628
1595,1551660
1322,1551692
1120,1551724
860,1551756
272,1551788
408,1551820
0,1551852
0,1551884
127,1551916
394,1551948
664,1551980
842,1552012
1115,1552044
1342,1552076
1576,1552108
1815,1552140
2303,1552172
1659,1552204
1869,1552236
1146,1552268
1368,1552300
1097,1552332
508,1552364
635,1552396
366,1552428
0,1552460
345,1552492
574,1552524
923,1552556
1000,1552588
1228,1552620
1545,1552652
1690,1552684
1996,1552716
2201,1552748
1755,1552780
1578,1552812
1658,1552844
1115,1552876
1183,1552908
968,1552940
474,1552972
505,1553004
0,1553036
0,1553068
29,1553100
310,1553132
924,1553164
748,1553196
1019,1553228
1578,1553260
1480,1553292
1719,1553324
1949,1553356
1801,1553388
1928,1553420
1243,1553452
1454,1553484
1192,1553516
988,1553548
730,1553580
460,1553612
267,1553644
215,1553676
78,1553708
666,1553740
536,1553772
760,1553804
982,1553836
1212,1553868
1467,1553900
1674,1553932
1897,1553964
1720,1553996
1432,1554028
1255,1554060
1421,1554092
796,1554124
1003,1554156
267,1554188
507,1554220
233,1554252
0,1554284
556,1554316
793,1554348
664,1554380
1246,1554412
1437,1554444
1789,1554476
1901,1554508
2108,1554540
2267,1554572
1948,1554604
1352,1554636
1562,1554668
892,1554700
668,1554732
826,1554764
216,1554796
364,1554828
91,1554860
24,1554892
539,1554924
424,1554956
734,1554988
873,1555020
1158,1555052
1789,1555084
1611,1555116
1850,1555148
2186,1555180
1579,1555212
1384,1555244
1117,1555276
923,1555308
1051,1555340
750,1555372
589,1555404
330,1555436
219,1555468
426,1555500
651,1555532
876,1555564
1114,1555596
1304,1555628
1565,1555660
1768,1555692
1616,1555724
2233,1555756
1703,1555788
1486,1555820
1231,1555852
1032,1555884
855,1555916
576,1555948
403,1555980
171,1556012
0,1556044
0,1556076
78,1556108
379,1556140
1037,1556172
784,1556204
1467,1556236
1659,1556268
1515,1556300
2123,1556332
2282,1556364
1718,1556396
1803,1556428
1568,1556460
1453,1556492
1071,1556524
847,1556556
699,1556588
383,1556620
0,1556652
296,1556684
143,1556716
744,1556748
942,1556780
872,1556812
1391,1556844
1638,1556876
1594,1556908
2106,1556940
1816,1556972
1677,1557004
1342,1557036
1176,1557068
1340,1557100
714,1557132
536,1557164
266,1557196
75,1557228
0,1557260
330,1557292
283,1557324
860,1557356
1085,1557388
1312,1557420
1514,1557452
1787,1557484
1984,1557516
2176,1557548
2175,1557580
1903,1557612
1292,1557644
1431,1557676
831,1557708
617,1557740
380,1557772
154,1557804
0,1557836
0,1557868
57,1557900
327,1557932
504,1557964
779,1557996
1403,1558028
1237,1558060
1902,1558092
1614,1558124
2350,1558156
2143,1558188
1493,1558220
1677,1558252
1440,1558284
855,1558316
984,1558348
712,1558380
444,1558412
248,1558444
201,1558476
507,1558508
663,1558540
540,1558572
1195,1558604
976,1558636
1644,1558668
1851,1558700
1676,1558732
2272,1558764
2010,1558796
1453,1558828
1534,1558860
944,1558892
811,1558924
494,1558956
326,1558988
475,1559020
0,1559052
0,1559084
540,1559116
413,1559148
685,1559180
1230,1559212
1133,1559244
1727,1559276
1598,1559308
2201,1559340
2238,1559372
2041,1559404
1770,1559436
1532,1559468
1198,1559500
1071,1559532
808,1559564
615,1559596
348,1559628
0,1559660
330,1559692
199,1559724
454,1559756
640,1559788
904,1559820
1175,1559852
1352,1559884
1640,1559916
1879,1559948
1832,1559980
1595,1560012
1290,1560044
1133,1560076
1339,1560108
635,1560140
855,1560172
585,1560204
16,1560236
207,1560268
412,1560300
624,1560332
860,1560364
1096,1560396
1435,1560428
1516,1560460
1756,1560492
2075,1560524
2220,1560556
2137,1560588
1868,1560620
1229,1560652
1062,1560684
1136,1560716
602,1560748
672,1560780
455,1560812
0,1560844
192,1560876
90,1560908
397,1560940
539,1560972
814,1561004
1439,1561036
1270,1561068
1544,1561100
2110,1561132
1975,1561164
1737,1561196
1496,1561228
1271,1561260
1392,1561292
730,1561324
938,1561356
670,1561388
473,1561420
216,1561452
270,1561484
536,1561516
731,1561548
591,1561580
1183,1561612
1040,1561644
1274,1561676
1501,1561708
1737,1561740
1847,1561772
1578,1561804
1372,1561836
1192,1561868
919,1561900
734,1561932
908,1561964
281,1561996
475,1562028
0,1562060
427,1562092
621,1562124
446,1562156
1081,1562188
1307,1562220
1487,1562252
1772,1562284
1974,1562316
2318,1562348
2157,1562380
1888,1562412
1739,1562444
1420,1562476
840,1562508
1040,1562540
384,1562572
158,1562604
313,1562636
0,1562668
398,1562700
603,1562732
535,1562764
1051,1562796
937,1562828
1246,1562860
1853,1562892
1676,1562924
2327,1562956
1751,1562988
1515,1563020
1656,1563052
1053,1563084
873,1563116
604,1563148
415,1563180
537,1563212
235,1563244
283,1563276
480,1563308
743,1563340
940,1563372
1167,1563404
1392,1563436
1631,1563468
1824,1563500
2095,1563532
2253,1563564
1641,1563596
1776,1563628
1179,1563660
973,1563692
720,1563724
524,1563756
344,1563788
73,1563820
0,1563852
0,1563884
215,1563916
439,1563948
591,1563980
891,1564012
1551,1564044
1296,1564076
1997,1564108
2189,1564140
2207,1564172
2027,1564204
1752,1564236
1195,1564268
1277,1564300
1052,1564332
939,1564364
568,1564396
335,1564428
163,1564460
316,1564492
206,1564524
809,1564556
640,1564588
1260,1564620
1466,1564652
1386,1564684
1930,1564716
2170,1564748
1850,1564780
1614,1564812
1290,1564844
1150,1564876
830,1564908
666,1564940
824,1564972
213,1565004
25,1565036
0,1565068
120,1565100
349,1565132
846,1565164
797,1565196
1384,1565228
1609,1565260
1850,1565292
2042,1565324
2317,1565356
2122,1565388
1848,1565420
1644,1565452
1373,1565484
779,1565516
910,1565548
328,1565580
93,1565612
0,1565644
0,1565676
107,1565708
312,1565740
568,1565772
840,1565804
1006,1565836
1288,1565868
1932,1565900
1753,1565932
2395,1565964
1640,1565996
1896,1566028
1615,1566060
1369,1566092
1147,1566124
922,1566156
343,1566188
460,1566220
189,1566252
407,1566284
510,1566316
718,1566348
1021,1566380
1166,1566412
1049,1566444
1722,1566476
1498,1566508
2174,1566540
2219,1566572
1576,1566604
1741,1566636
1472,1566668
941,1566700
759,1566732
441,1566764
311,1566796
0,1566828
0,1566860
405,1566892
248,1566924
476,1566956
1066,1566988
925,1567020
1196,1567052
1756,1567084
1661,1567116
2265,1567148
1849,1567180
1977,1567212
1708,1567244
1501,1567276
1242,1567308
1006,1567340
414,1567372
558,1567404
287,1567436
184,1567468
384,1567500
252,1567532
843,1567564
704,1567596
966,1567628
1152,1567660
1416,1567692
1695,1567724
1882,1567756
1771,1567788
1533,1567820
1304,1567852
1080,1567884
778,1567916
621,1567948
825,1567980
508,1568012
331,1568044
272,1568076
156,1568108
733,1568140
924,1568172
841,1568204
1376,1568236
1615,1568268
1967,1568300
2046,1568332
2238,1568364
2091,1568396
1769,1568428
1607,1568460
1339,1568492
718,1568524
552,1568556
618,1568588
91,1568620
0,1568652
264,1568684
235,1568716
715,1568748
598,1568780
918,1568812
1040,1568844
1334,1568876
1967,1568908
1799,1568940
1900,1568972
2010,1569004
1436,1569036
1213,1569068
984,1569100
751,1569132
876,1569164
221,1569196
412,1569228
136,1569260
0,1569292
600,1569324
792,1569356
1053,1569388
1246,1569420
1102,1569452
1707,1569484
1563,1569516
1798,1569548
1744,1569580
1514,1569612
1318,1569644
1062,1569676
857,1569708
681,1569740
408,1569772
218,1569804
0,1569836
0,1569868
520,1569900
668,1569932
952,1569964
1145,1569996
957,1570028
1597,1570060
1836,1570092
1703,1570124
2302,1570156
2095,1570188
1979,1570220
1626,1570252
1358,1570284
1211,1570316
904,1570348
320,1570380
525,1570412
0,1570444
0,1570476
470,1570508
312,1570540
588,1570572
1116,1570604
1037,1570636
1576,1570668
1448,1570700
1771,1570732
1868,1570764
1694,1570796
1865,1570828
1225,1570860
1000,1570892
1134,1570924
540,1570956
360,1570988
92,1571020
0,1571052
347,1571084
511,1571116
797,1571148
1002,1571180
828,1571212
1456,1571244
1691,1571276
1919,1571308
2159,1571340
2192,1571372
1997,1571404
1722,1571436
1117,1571468
1248,1571500
990,1571532
464,1571564
206,1571596
19,1571628
0,1571660
3,1571692
275,1571724
795,1571756
723,1571788
951,1571820
1581,1571852
1403,1571884
2091,1571916
1822,1571948
2251,1571980
1967,1572012
1364,1572044
1497,1572076
1225,1572108
681,1572140
764,1572172
540,1572204
423,1572236
141,1572268
380,1572300
682,1572332
829,1572364
712,1572396
1323,1572428
1152,1572460
1447,1572492
1992,1572524
1902,1572556
2061,1572588
1830,1572620
1323,1572652
1356,1572684
779,1572716
637,1572748
328,1572780
152,1572812
298,1572844
0,1572876
173,1572908
365,1572940
631,1572972
859,1573004
1369,1573036
1309,1573068
1914,1573100
1680,1573132
2332,1573164
2060,1573196
1856,1573228
1592,1573260
1320,1573292
1119,1573324
859,1573356
268,1573388
397,1573420
0,1573452
0,1573484
141,1573516
366,1573548
619,1573580
814,1573612
1071,1573644
1655,1573676
1528,1573708
1817,1573740
2301,1573772
1653,1573804
1863,1573836
1116,1573868
1367,1573900
1095,1573932
467,1573964
637,1573996
409,1574028
0,1574060
394,1574092
574,1574124
921,1574156
1024,1574188
1232,1574220
1545,1574252
1694,1574284
1563,1574316
2254,1574348
1752,1574380
1517,1574412
1688,1574444
1062,1574476
1215,1574508
960,1574540
428,1574572
493,1574604
0,1574636
0,1574668
30,1574700
312,1574732
923,1574764
758,1574796
986,1574828
1581,1574860
1449,1574892
1722,1574924
2286,1574956
1801,1574988
1919,1575020
1610,1575052
1453,1575084
1180,1575116
985,1575148
716,1575180
494,1575212
254,1575244
252,1575276
445,1575308
715,1575340
907,1575372
762,1575404
1357,1575436
1216,1575468
1480,1575500
1678,1575532
1896,1575564
1716,1575596
1423,1575628
1243,1575660
1019,1575692
791,1575724
567,1575756
267,1575788
108,1575820
301,1575852
0,1575884
605,1575916
796,1575948
666,1575980
1247,1576012
1438,1576044
1351,1576076
1902,1576108
2144,1576140
2333,1576172
1944,1576204
1711,1576236
1561,1576268
1244,1576300
664,1576332
824,1576364
207,1576396
40,1576428
87,1576460
25,1576492
552,1576524
779,1576556
734,1576588
1228,1576620
1102,1576652
1423,1576684
1564,1576716
1854,1576748
2221,1576780
1576,1576812
1383,1576844
1472,1576876
923,1576908
698,1576940
748,1576972
239,1577004
362,1577036
0,1577068
458,1577100
656,1577132
921,1577164
1114,1577196
1305,1577228
1575,1577260
1772,1577292
1626,1577324
2237,1577356
1694,1577388
1456,1577420
1720,1577452
1000,1577484
804,1577516
542,1577548
349,1577580
169,1577612
0,1577644
0,1577676
88,1577708
390,1577740
1031,1577772
761,1577804
1467,1577836
1661,1577868
1479,1577900
2127,1577932
2317,1577964
1714,1577996
1848,1578028
1567,1578060
1451,1578092
1102,1578124
844,1578156
699,1578188
383,1578220
0,1578252
332,1578284
139,1578316
376,1578348
984,1578380
822,1578412
1436,1578444
1641,1578476
1562,1578508
2108,1578540
1804,1578572
1673,1578604
1341,1578636
1173,1578668
1335,1578700
714,1578732
490,1578764
618,1578796
39,1578828
0,1578860
376,1578892
286,1578924
861,1578956
1020,1578988
1323,1579020
1518,1579052
1787,1579084
1990,1579116
2222,1579148
2170,1579180
1931,1579212
1663,1579244
1465,1579276
1197,1579308
606,1579340
447,1579372
155,1579404
0,1579436
0,1579468
58,1579500
328,1579532
506,1579564
778,1579596
1304,1579628
1237,1579660
1467,1579692
1625,1579724
1934,1579756
2217,1579788
1484,1579820
1721,1579852
1435,1579884
852,1579916
972,1579948
712,1579980
171,1580012
248,1580044
237,1580076
574,1580108
655,1580140
890,1580172
1196,1580204
1344,1580236
1216,1580268
1850,1580300
1678,1580332
2269,1580364
2008,1580396
1452,1580428
1528,1580460
1304,1580492
809,1580524
841,1580556
268,1580588
125,1580620
0,1580652
0,1580684
576,1580716
430,1580748
695,1580780
1230,1580812
1147,1580844
1373,1580876
1896,1580908
1837,1580940
2272,1580972
2039,1581004
1802,1581036
1528,1581068
1335,1581100
1068,1581132
798,1581164
606,1581196
343,1581228
0,1581260
55,1581292
192,1581324
425,1581356
652,1581388
876,1581420
1132,1581452
1335,1581484
1592,1581516
2187,1581548
1771,1581580
1593,1581612
1771,1581644
1129,1581676
1336,1581708
602,1581740
846,1581772
573,1581804
0,1581836
207,1581868
446,1581900
328,1581932
908,1581964
1100,1581996
1437,1582028
1552,1582060
1758,1582092
2077,1582124
2221,1582156
1690,1582188
1904,1582220
1227,1582252
1433,1582284
1162,1582316
550,1582348
699,1582380
444,1582412
0,1582444
202,1582476
90,1582508
407,1582540
983,1582572
822,1582604
1437,1582636
1272,1582668
1501,1582700
2112,1582732
1918,1582764
1735,1582796
1818,1582828
1271,1582860
1389,1582892
811,1582924
927,1582956
668,1582988
470,1583020
202,1583052
312,1583084
538,1583116
776,1583148
957,1583180
855,1583212
1419,1583244
1278,1583276
1885,1583308
1741,1583340
1837,1583372
1567,1583404
1369,1583436
1190,1583468
908,1583500
731,1583532
795,1583564
284,1583596
56,1583628
0,1583660
45,1583692
701,1583724
458,1583756
1119,1583788
1309,1583820
1488,1583852
1775,1583884
1968,1583916
1879,1583948
2154,1583980
1918,1584012
1805,1584044
1408,1584076
1182,1584108
1035,1584140
730,1584172
560,1584204
301,1584236
0,1584268
86,1584300
615,1584332
538,1584364
1055,1584396
1292,1584428
1256,1584460
1495,1584492
1628,1584524
1949,1584556
1690,1584588
1514,1584620
1688,1584652
1052,1584684
871,1584716
958,1584748
413,1584780
191,1584812
0,1584844
0,1584876
522,1584908
318,1584940
974,1584972
1176,1585004
1436,1585036
1630,1585068
1834,1585100
1711,1585132
2251,1585164
1639,1585196
1775,1585228
1168,1585260
942,1585292
712,1585324
490,1585356
296,1585388
38,1585420
0,1585452
2,1585484
170,1585516
440,1585548
600,1585580
890,1585612
1549,1585644
1274,1585676
1998,1585708
2189,1585740
2239,1585772
2023,1585804
1788,1585836
1192,1585868
1322,1585900
1050,1585932
935,1585964
590,1585996
331,1586028
155,1586060
318,1586092
207,1586124
858,1586156
652,1586188
878,1586220
1499,1586252
1336,1586284
1965,1586316
2172,1586348
1801,1586380
1611,1586412
1288,1586444
1147,1586476
830,1586508
662,1586540
813,1586572
214,1586604
0,1586636
201,1586668
88,1586700
348,1586732
536,1586764
797,1586796
1385,1586828
1536,1586860
1851,1586892
2048,1586924
2325,1586956
2112,1586988
1884,1587020
1258,1587052
1405,1587084
1145,1587116
942,1587148
682,1587180
102,1587212
219,1587244
0,1587276
112,1587308
313,1587340
570,1587372
840,1587404
1018,1587436
1291,1587468
1834,1587500
1756,1587532
1945,1587564
1632,1587596
1468,1587628
1679,1587660
1369,1587692
1193,1587724
920,1587756
341,1587788
457,1587820
184,1587852
0,1587884
524,1587916
761,1587948
1099,1587980
1177,1588012
1407,1588044
1723,1588076
1880,1588108
1742,1588140
2218,1588172
1576,1588204
1736,1588236
1472,1588268
938,1588300
759,1588332
784,1588364
297,1588396
328,1588428
0,1588460
73,1588492
204,1588524
478,1588556
1100,1588588
934,1588620
1204,1588652
1387,1588684
1662,1588716
1899,1588748
2139,1588780
1611,1588812
1742,1588844
1501,1588876
1274,1588908
1014,1588940
391,1588972
552,1589004
285,1589036
187,1589068
393,1589100
255,1589132
843,1589164
713,1589196
937,1589228
1163,1589260
1390,1589292
1647,1589324
1854,1589356
1711,1589388
1837,1589420
1253,1589452
1076,1589484
1243,1589516
618,1589548
813,1589580
507,1589612
331,1589644
282,1589676
116,1589708
735,1589740
971,1589772
840,1589804
1422,1589836
1616,1589868
1973,1589900
2089,1589932
2239,1589964
2089,1589996
1760,1590028
1166,1590060
1374,1590092
717,1590124
906,1590156
650,1590188
40,1590220
0,1590252
265,1590284
200,1590316
717,1590348
600,1590380
918,1590412
1052,1590444
1334,1590476
1975,1590508
1797,1590540
1864,1590572
1999,1590604
1389,1590636
1208,1590668
1295,1590700
749,1590732
873,1590764
299,1590796
411,1590828
123,1590860
0,1590892
590,1590924
831,1590956
1054,1590988
1288,1591020
1480,1591052
1753,1591084
1949,1591116
1804,1591148
2127,1591180
1515,1591212
1309,1591244
1053,1591276
857,1591308
683,1591340
397,1591372
218,1591404
4,1591436
0,1591468
107,1591500
719,1591532
557,1591564
1213,1591596
968,1591628
1647,1591660
1839,1591692
1704,1591724
2315,1591756
2094,1591788
1531,1591820
1626,1591852
1389,1591884
1275,1591916
893,1591948
668,1591980
520,1592012
207,1592044
269,1592076
470,1592108
317,1592140
592,1592172
1127,1592204
1040,1592236
1579,1592268
1820,1592300
1783,1592332
2232,1592364
1638,1592396
1495,1592428
1166,1592460
998,1592492
1163,1592524
540,1592556
351,1592588
442,1592620
0,1592652
20,1592684
235,1592716
459,1592748
1052,1592780
828,1592812
1498,1592844
1706,1592876
1966,1592908
2170,1592940
2189,1592972
1992,1593004
1720,1593036
1116,1593068
1245,1593100
656,1593132
428,1593164
202,1593196
0,1593228
0,1593260
0,1593292
228,1593324
503,1593356
679,1593388
952,1593420
1591,1593452
1405,1593484
2091,1593516
1801,1593548
2248,1593580
1965,1593612
1307,1593644
1487,1593676
1262,1593708
679,1593740
796,1593772
536,1593804
411,1593836
172,1593868
380,1593900
684,1593932
840,1593964
714,1593996
1373,1594028
1162,1594060
1398,1594092
2031,1594124
1861,1594156
2092,1594188
1823,1594220
1275,1594252
1354,1594284
776,1594316
636,1594348
317,1594380
154,1594412
299,1594444
0,1594476
153,1594508
714,1594540
588,1594572
859,1594604
1048,1594636
1311,1594668
1915,1594700
2076,1594732
2333,1594764
2060,1594796
1853,1594828
1592,1594860
1351,1594892
1114,1594924
891,1594956
631,1594988
430,1595020
168,1595052
0,1595084
505,1595116
376,1595148
632,1595180
826,1595212
1072,1595244
1351,1595276
1532,1595308
1819,1595340
1883,1595372
1645,1595404
1419,1595436
1112,1595468
955,1595500
1162,1595532
457,1595564
558,1595596
406,1595628
0,1595660
395,1595692
588,1595724
501,1595756
1038,1595788
1274,1595820
1615,1595852
1696,1595884
1945,1595916
2255,1595948
2110,1595980
1516,1596012
1689,1596044
1052,1596076
1210,1596108
954,1596140
430,1596172
493,1596204
271,1596236
0,1596268
378,1596300
264,1596332
573,1596364
712,1596396
988,1596428
1625,1596460
1447,1596492
1723,1596524
1914,1596556
1785,1596588
1551,1596620
1611,1596652
1095,1596684
1216,1596716
985,1596748
752,1596780
492,1596812
295,1596844
254,1596876
457,1596908
713,1596940
909,1596972
765,1597004
1359,1597036
1225,1597068
1452,1597100
1679,1597132
1864,1597164
1668,1597196
1391,1597228
1194,1597260
1015,1597292
742,1597324
564,1597356
731,1597388
105,1597420
295,1597452
0,1597484
615,1597516
797,1597548
631,1597580
1259,1597612
1485,1597644
1354,1597676
1952,1597708
2152,1597740
2172,1597772
1975,1597804
1705,1597836
1559,1597868
1240,1597900
664,1597932
859,1597964
205,1597996
392,1598028
107,1598060
0,1598092
584,1598124
781,1598156
712,1598188
1230,1598220
1114,1598252
1432,1598284
1578,1598316
1862,1598348
2217,1598380
1566,1598412
1337,1598444
1470,1598476
875,1598508
697,1598540
782,1598572
247,1598604
363,1598636
167,1598668
461,1598700
664,1598732
921,1598764
1116,1598796
1344,1598828
1578,1598860
1817,1598892
2009,1598924
2281,1598956
2072,1598988
1454,1599020
1607,1599052
992,1599084
797,1599116
541,1599148
346,1599180
166,1599212
0,1599244
0,1599276
165,1599308
391,1599340
619,1599372
764,1599404
1067,1599436
1739,1599468
1480,1599500
2185,1599532
2317,1599564
1706,1599596
1839,1599628
1564,1599660
1321,1599692
1100,1599724
875,1599756
761,1599788
383,1599820
152,1599852
345,1599884
490,1599916
783,1599948
986,1599980
827,1600012
1102,1600044
1645,1600076
1564,1600108
2110,1600140
2173,1600172
1671,1600204
1696,1600236
1112,1600268
973,1600300
654,1600332
488,1600364
640,1600396
29,1600428
0,1600460
380,1600492
295,1600524
523,1600556
747,1600588
973,1600620
1564,1600652
1343,1600684
2028,1600716
2234,1600748
2208,1600780
1934,1600812
1660,1600844
1464,1600876
1196,1600908
603,1600940
733,1600972
154,1601004
0,1601036
0,1601068
40,1601100
294,1601132
486,1601164
742,1601196
1015,1601228
1193,1601260
1468,1601292
2120,1601324
1940,1601356
2206,1601388
1452,1601420
1708,1601452
1434,1601484
795,1601516
971,1601548
745,1601580
463,1601612
281,1601644
247,1601676
583,1601708
700,1601740
894,1601772
1200,1601804
1344,1601836
1226,1601868
1902,1601900
1680,1601932
1867,1601964
2031,1601996
1390,1602028
1560,1602060
1295,1602092
771,1602124
831,1602156
264,1602188
122,1602220
233,1602252
0,1602284
585,1602316
424,1602348
651,1602380
1238,1602412
1111,1602444
1381,1602476
1563,1602508
1847,1602540
2269,1602572
1952,1602604
1799,1602636
1520,1602668
1325,1602700
1054,1602732
841,1602764
604,1602796
377,1602828
89,1602860
366,1602892
560,1602924
427,1602956
1021,1602988
879,1603020
1136,1603052
1328,1603084
1596,1603116
1883,1603148
1774,1603180
1591,1603212
1355,1603244
1128,1603276
901,1603308
600,1603340
447,1603372
640,1603404
0,1603436
267,1603468
459,1603500
636,1603532
920,1603564
1102,1603596
1006,1603628
1560,1603660
1802,1603692
2153,1603724
2233,1603756
2060,1603788
1903,1603820
1583,1603852
1000,1603884
1162,1603916
542,1603948
696,1603980
444,1604012
0,1604044
205,1604076
442,1604108
408,1604140
637,1604172
776,1604204
1085,1604236
1224,1604268
1512,1604300
2157,1604332
1913,1604364
1725,1604396
1450,1604428
1257,1604460
1033,1604492
1083,1604524
583,1604556
702,1604588
461,1604620
232,1604652
318,1604684
584,1604716
780,1604748
960,1604780
1226,1604812
1423,1604844
1287,1604876
1888,1604908
1743,1604940
1804,1604972
1566,1605004
1338,1605036
1134,1605068
878,1605100
684,1605132
505,1605164
233,1605196
53,1605228
187,1605260
54,1605292
699,1605324
428,1605356
1127,1605388
1321,1605420
1534,1605452
1775,1605484
2016,1605516
1882,1605548
2191,1605580
1917,1605612
1799,1605644
1439,1605676
1178,1605708
1024,1605740
719,1605772
156,1605804
346,1605836
0,1605868
444,1605900
648,1605932
490,1605964
1097,1605996
1296,1606028
1223,1606060
1495,1606092
1627,1606124
1960,1606156
1688,1606188
1512,1606220
1689,1606252
1048,1606284
826,1606316
956,1606348
375,1606380
185,1606412
265,1606444
0,1606476
525,1606508
410,1606540
985,1606572
1180,1606604
1437,1606636
1644,1606668
1880,1606700
1720,1606732
2283,1606764
2012,1606796
1815,1606828
1535,1606860
943,1606892
1081,1606924
480,1606956
296,1606988
40,1607020
0,1607052
1,1607084
172,1607116
444,1607148
669,1607180
902,1607212
1131,1607244
1278,1607276
1589,1607308
2268,1607340
2235,1607372
2063,1607404
1785,1607436
1180,1607468
1311,1607500
1050,1607532
503,1607564
576,1607596
383,1607628
215,1607660
319,1607692
557,1607724
860,1607756
1004,1607788
1305,1607820
1503,1607852
1340,1607884
1638,1607916
2175,1607948
1800,1607980
1608,1608012
1644,1608044
1143,1608076
1176,1608108
602,1608140
463,1608172
152,1608204
0,1608236
232,1608268
87,1608300
349,1608332
902,1608364
807,1608396
1035,1608428
1259,1608460
1495,1608492
2095,1608524
1870,1608556
2144,1608588
1880,1608620
1229,1608652
1406,1608684
1134,1608716
942,1608748
682,1608780
94,1608812
219,1608844
0,1608876
92,1608908
315,1608940
540,1608972
807,1609004
990,1609036
1253,1609068
1529,1609100
1709,1609132
1940,1609164
1628,1609196
1479,1609228
1675,1609260
1359,1609292
1190,1609324
911,1609356
295,1609388
457,1609420
219,1609452
0,1609484
568,1609516
761,1609548
1099,1609580
1212,1609612
1418,1609644
1727,1609676
1881,1609708
1744,1609740
2253,1609772
1568,1609804
1339,1609836
1504,1609868
878,1609900
711,1609932
782,1609964
263,1609996
312,1610028
0,1610060
71,1610092
206,1610124
489,1610156
1101,1610188
937,1610220
1165,1610252
1760,1610284
1624,1610316
1898,1610348
1801,1610380
1607,1610412
1742,1610444
1430,1610476
1263,1610508
1006,1610540
378,1610572
550,1610604
316,1610636
198,1610668
430,1610700
621,1610732
888,1610764
1083,1610796
938,1610828
1536,1610860
1401,1610892
1660,1610924
1865,1610956
1712,1610988
1527,1611020
1254,1611052
1068,1611084
1131,1611116
616,1611148
382,1611180
555,1611212
0,1611244
351,1611276
112,1611308
784,1611340
973,1611372
843,1611404
1433,1611436
1626,1611468
1531,1611500
2094,1611532
2256,1611564
2155,1611596
1755,1611628
1533,1611660
1375,1611692
1064,1611724
488,1611756
640,1611788
38,1611820
0,1611852
269,1611884
202,1611916
718,1611948
956,1611980
921,1612012
1404,1612044
1278,1612076
1609,1612108
1742,1612140
1863,1612172
2032,1612204
1388,1612236
1207,1612268
936,1612300
747,1612332
521,1612364
569,1612396
61,1612428
162,1612460
0,1612492
636,1612524
832,1612556
1096,1612588
1294,1612620
1482,1612652
1753,1612684
1952,1612716
1807,1612748
2122,1612780
1513,1612812
1276,1612844
1040,1612876
826,1612908
622,1612940
366,1612972
172,1613004
281,1613036
0,1613068
113,1613100
731,1613132
563,1613164
1211,1613196
938,1613228
1655,1613260
1849,1613292
1658,1613324
2315,1613356
2137,1613388
1527,1613420
1660,1613452
1387,1613484
1271,1613516
928,1613548
669,1613580
511,1613612
206,1613644
0,1613676
510,1613708
319,1613740
550,1613772
1162,1613804
990,1613836
1616,1613868
1820,1613900
1741,1613932
2224,1613964
1627,1613996
1483,1614028
1162,1614060
990,1614092
1161,1614124
536,1614156
315,1614188
430,1614220
0,1614252
20,1614284
544,1614316
471,1614348
1037,1614380
1197,1614412
1501,1614444
1708,1614476
1977,1614508
2172,1614540
2222,1614572
1983,1614604
1756,1614636
1485,1614668
1289,1614700
1018,1614732
428,1614764
558,1614796
0,1614828
0,1614860
0,1614892
234,1614924
503,1614956
683,1614988
958,1615020
1181,1615052
1419,1615084
1647,1615116
1806,1615148
1817,1615180
2031,1615212
1306,1615244
1531,1615276
1259,1615308
678,1615340
795,1615372
526,1615404
0,1615436
176,1615468
412,1615500
751,1615532
840,1615564
1070,1615596
1375,1615628
1529,1615660
1402,1615692
2030,1615724
1865,1615756
1742,1615788
1820,1615820
1275,1615852
1339,1615884
1128,1615916
634,1615948
664,1615980
100,1616012
0,1616044
0,1616076
152,1616108
762,1616140
600,1616172
860,1616204
1416,1616236
1321,1616268
1561,1616300
2078,1616332
1959,1616364
2094,1616396
1392,1616428
1614,1616460
1343,1616492
1162,1616524
890,1616556
620,1616588
423,1616620
156,1616652
0,1616684
510,1616716
377,1616748
604,1616780
1307,1616812
1052,1616844
1307,1616876
1510,1616908
1771,1616940
1879,1616972
1596,1617004
1415,1617036
1104,1617068
955,1617100
1157,1617132
426,1617164
669,1617196
397,1617228
0,1617260
395,1617292
636,1617324
504,1617356
1085,1617388
1276,1617420
1623,1617452
1738,1617484
1948,1617516
2265,1617548
2111,1617580
1512,1617612
1726,1617644
1050,1617676
834,1617708
990,1617740
366,1617772
522,1617804
266,1617836
0,1617868
379,1617900
268,1617932
584,1617964
715,1617996
992,1618028
1627,1618060
1452,1618092
1691,1618124
2298,1618156
1737,1618188
1547,1618220
1642,1618252
1084,1618284
1213,1618316
908,1618348
749,1618380
488,1618412
283,1618444
266,1618476
480,1618508
716,1618540
952,1618572
1145,1618604
1406,1618636
1599,1618668
1453,1618700
1768,1618732
1864,1618764
1647,1618796
1390,1618828
1192,1618860
1012,1618892
732,1618924
565,1618956
620,1618988
104,1619020
0,1619052
0,1619084
221,1619116
876,1619148
633,1619180
1307,1619212
1497,1619244
1356,1619276
1963,1619308
2157,1619340
1879,1619372
1977,1619404
1740,1619436
1615,1619468
1232,1619500
1007,1619532
857,1619564
553,1619596
0,1619628
184,1619660
0,1619692
584,1619724
791,1619756
715,1619788
1232,1619820
1480,1619852
1434,1619884
1934,1619916
1804,1619948
1837,1619980
1502,1620012
1336,1620044
1502,1620076
873,1620108
693,1620140
780,1620172
236,1620204
18,1620236
167,1620268
125,1620300
702,1620332
925,1620364
1160,1620396
1352,1620428
1616,1620460
1820,1620492
2014,1620524
2284,1620556
2064,1620588
1453,1620620
1300,1620652
991,1620684
772,1620716
536,1620748
315,1620780
121,1620812
0,1620844
0,1620876
448,1620908
344,1620940
627,1620972
1243,1621004
1069,1621036
1739,1621068
1454,1621100
2199,1621132
2315,1621164
1652,1621196
1835,1621228
1600,1621260
1015,1621292
1144,1621324
872,1621356
749,1621388
409,1621420
151,1621452
348,1621484
492,1621516
379,1621548
1036,1621580
829,1621612
1483,1621644
1690,1621676
1512,1621708
2144,1621740
2171,1621772
1624,1621804
1705,1621836
1104,1621868
969,1621900
1101,1621932
486,1621964
637,1621996
25,1622028
0,1622060
380,1622092
263,1622124
535,1622156
1067,1622188
983,1622220
1567,1622252
1437,1622284
2029,1622316
2236,1622348
2217,1622380
1932,1622412
1693,1622444
1456,1622476
1229,1622508
958,1622540
404,1622572
506,1622604
0,1622636
158,1622668
40,1622700
298,1622732
488,1622764
744,1622796
1016,1622828
1196,1622860
1468,1622892
1708,1622924
1944,1622956
1758,1622988
1448,1623020
1291,1623052
1499,1623084
792,1623116
1015,1623148
743,1623180
462,1623212
279,1623244
240,1623276
158,1623308
700,1623340
940,1623372
1277,1623404
1354,1623436
1594,1623468
1904,1623500
2048,1623532
2299,1623564
2040,1623596
1388,1623628
1220,1623660
1308,1623692
760,1623724
831,1623756
615,1623788
122,1623820
0,1623852
0,1623884
239,1623916
378,1623948
664,1623980
1276,1624012
1110,1624044
1383,1624076
1936,1624108
1847,1624140
1899,1624172
1659,1624204
1431,1624236
1564,1624268
878,1624300
1098,1624332
832,1624364
636,1624396
366,1624428
91,1624460
19,1624492
571,1624524
430,1624556
1020,1624588
889,1624620
1115,1624652
1342,1624684
1576,1624716
1834,1624748
1738,1624780
1529,1624812
1352,1624844
1070,1624876
891,1624908
592,1624940
441,1624972
635,1625004
0,1625036
267,1625068
463,1625100
680,1625132
911,1625164
1148,1625196
1016,1625228
1610,1625260
1804,1625292
2156,1625324
2267,1625356
2048,1625388
1903,1625420
1580,1625452
990,1625484
1195,1625516
542,1625548
324,1625580
463,1625612
0,1625644
239,1625676
443,1625708
375,1625740
647,1625772
778,1625804
1095,1625836
1226,1625868
1514,1625900
2158,1625932
1912,1625964
1677,1625996
1818,1626028
1214,1626060
1031,1626092
761,1626124
574,1626156
695,1626188
395,1626220
231,1626252
328,1626284
585,1626316
780,1626348
1006,1626380
862,1626412
1469,1626444
1662,1626476
1933,1626508
2136,1626540
1801,1626572
1936,1626604
1336,1626636
1132,1626668
875,1626700
682,1626732
503,1626764
230,1626796
50,1626828
91,1626860
56,1626892
283,1626924
428,1626956
733,1626988
1391,1627020
1535,1627052
1835,1627084
2027,1627116
1882,1627148
2189,1627180
1916,1627212
1352,1627244
1438,1627276
1212,1627308
1097,1627340
717,1627372
494,1627404
336,1627436
143,1627468
42,1627500
652,1627532
490,1627564
1100,1627596
1296,1627628
1225,1627660
1501,1627692
2000,1627724
1963,1627756
2042,1627788
1450,1627820
1309,1627852
991,1627884
826,1627916
976,1627948
361,1627980
185,1628012
0,1628044
0,1628076
191,1628108
694,1628140
639,1628172
1215,1628204
1449,1628236
1680,1628268
1880,1628300
1702,1628332
2284,1628364
2009,1628396
1817,1628428
1531,1628460
940,1628492
1066,1628524
478,1628556
262,1628588
24,1628620
0,1628652
0,1628684
144,1628716
407,1628748
968,1628780
856,1628812
1130,1628844
1771,1628876
1594,1628908
2268,1628940
2236,1628972
2060,1629004
1776,1629036
1131,1629068
1307,1629100
1095,1629132
503,1629164
620,1629196
352,1629228
219,1629260
361,1629292
560,1629324
862,1629356
1016,1629388
890,1629420
1560,1629452
1338,1629484
2010,1629516
2218,1629548
1738,1629580
1563,1629612
1645,1629644
1102,1629676
1168,1629708
600,1629740
460,1629772
152,1629804
0,1629836
235,1629868
90,1629900
318,1629932
904,1629964
775,1629996
1037,1630028
1591,1630060
1497,1630092
2093,1630124
1959,1630156
2141,1630188
1878,1630220
1227,1630252
1404,1630284
1167,1630316
940,1630348
716,1630380
446,1630412
249,1630444
229,1630476
93,1630508
681,1630540
553,1630572
808,1630604
991,1630636
1256,1630668
1531,1630700
1720,1630732
1932,1630764
1703,1630796
1465,1630828
1239,1630860
1406,1630892
779,1630924
976,1630956
282,1630988
491,1631020
219,1631052
16,1631084
571,1631116
764,1631148
678,1631180
1214,1631212
1452,1631244
1805,1631276
1884,1631308
2124,1631340
2251,1631372
1931,1631404
1771,1631436
1501,1631468
875,1631500
709,1631532
781,1631564
250,1631596
315,1631628
87,1631660
539,1631692
556,1631724
432,1631756
759,1631788
888,1631820
1166,1631852
1807,1631884
1628,1631916
1911,1631948
2170,1631980
1607,1632012
1371,1632044
1144,1632076
921,1632108
1038,1632140
377,1632172
574,1632204
316,1632236
235,1632268
430,1632300
620,1632332
890,1632364
1085,1632396
943,1632428
1547,1632460
1403,1632492
1638,1632524
1864,1632556
1679,1632588
1478,1632620
1212,1632652
1017,1632684
840,1632716
568,1632748
389,1632780
555,1632812
0,1632844
360,1632876
102,1632908
791,1632940
983,1632972
806,1633004
1435,1633036
1675,1633068
1543,1633100
2140,1633132
2267,1633164
2149,1633196
1788,1633228
1520,1633260
1371,1633292
1056,1633324
487,1633356
672,1633388
31,1633420
0,1633452
310,1633484
156,1633516
762,1633548
960,1633580
887,1633612
1407,1633644
1291,1633676
1610,1633708
1751,1633740
1865,1633772
2029,1633804
1386,1633836
1162,1633868
1292,1633900
711,1633932
520,1633964
250,1633996
61,1634028
169,1634060
348,1634092
647,1634124
841,1634156
1099,1634188
1304,1634220
1530,1634252
1768,1634284
1997,1634316
2202,1634348
2168,1634380
1887,1634412
1277,1634444
1419,1634476
824,1634508
622,1634540
363,1634572
170,1634604
0,1634636
0,1634668
119,1634700
343,1634732
566,1634764
797,1634796
952,1634828
1243,1634860
1919,1634892
1659,1634924
2365,1634956
2137,1634988
1525,1635020
1659,1635052
1376,1635084
830,1635116
920,1635148
698,1635180
583,1635212
203,1635244
218,1635276
527,1635308
670,1635340
554,1635372
1166,1635404
1001,1635436
1626,1635468
1824,1635500
1741,1635532
2224,1635564
1996,1635596
1483,1635628
1515,1635660
936,1635692
797,1635724
477,1635756
314,1635788
460,1635820
0,1635852
21,1635884
206,1635916
472,1635948
699,1635980
1208,1636012
1151,1636044
1744,1636076
1979,1636108
2216,1636140
2221,1636172
2026,1636204
1752,1636236
1480,1636268
1278,1636300
1017,1636332
424,1636364
558,1636396
0,1636428
0,1636460
0,1636492
207,1636524
460,1636556
656,1636588
918,1636620
1192,1636652
1368,1636684
1656,1636716
2302,1636748
1816,1636780
2027,1636812
1274,1636844
1527,1636876
1257,1636908
627,1636940
791,1636972
567,1637004
0,1637036
220,1637068
425,1637100
606,1637132
876,1637164
1080,1637196
1385,1637228
1527,1637260
1404,1637292
2088,1637324
1868,1637356
2123,1637388
1852,1637420
1221,1637452
1375,1637484
1117,1637516
599,1637548
653,1637580
91,1637612
0,1637644
0,1637676
152,1637708
765,1637740
600,1637772
830,1637804
1419,1637836
1287,1637868
1559,1637900
2124,1637932
1959,1637964
2089,1637996
1485,1638028
1613,1638060
1342,1638092
1146,1638124
890,1638156
655,1638188
426,1638220
188,1638252
287,1638284
544,1638316
745,1638348
604,1638380
1197,1638412
1063,1638444
1319,1638476
1515,1638508
1775,1638540
1877,1638572
1584,1638604
1402,1638636
1179,1638668
950,1638700
718,1638732
423,1638764
270,1638796
461,1638828
0,1638860
445,1638892
637,1638924
506,1638956
1087,1638988
1278,1639020
1503,1639052
1741,1639084
1983,1639116
2333,1639148
2109,1639180
1884,1639212
1720,1639244
1401,1639276
1240,1639308
974,1639340
367,1639372
188,1639404
265,1639436
0,1639468
384,1639500
618,1639532
583,1639564
1066,1639596
940,1639628
1261,1639660
1400,1639692
1690,1639724
2336,1639756
1735,1639788
1543,1639820
1642,1639852
1082,1639884
859,1639916
631,1639948
407,1639980
521,1640012
0,1640044
300,1640076
494,1640108
760,1640140
954,1640172
1147,1640204
1406,1640236
1610,1640268
1466,1640300
2074,1640332
1853,1640364
1625,1640396
1387,1640428
1164,1640460
955,1640492
702,1640524
504,1640556
327,1640588
59,1640620
0,1640652
382,1640684
231,1640716
876,1640748
605,1640780
1307,1640812
1501,1640844
1319,1640876
1963,1640908
2208,1640940
2191,1640972
2010,1641004
1736,1641036
1611,1641068
1259,1641100
1004,1641132
855,1641164
543,1641196
0,1641228
153,1641260
1,1641292
216,1641324
826,1641356
664,1641388
1273,1641420
1479,1641452
1399,1641484
1944,1641516
1808,1641548
1834,1641580
1965,1641612
1325,1641644
1501,1641676
872,1641708
651,1641740
778,1641772
188,1641804
8,1641836
0,1641868
135,1641900
701,1641932
860,1641964
1161,1641996
1356,1642028
1625,1642060
1824,1642092
2060,1642124
2288,1642156
2106,1642188
1832,1642220
1628,1642252
1359,1642284
762,1642316
895,1642348
303,1642380
120,1642412
0,1642444
0,1642476
169,1642508
349,1642540
627,1642572
853,1642604
1080,1642636
1307,1642668
1467,1642700
1771,1642732
2383,1642764
1644,1642796
1881,1642828
1599,1642860
1310,1642892
1133,1642924
872,1642956
318,1642988
410,1643020
173,1643052
415,1643084
495,1643116
729,1643148
1040,1643180
1184,1643212
1065,1643244
1692,1643276
1514,1643308
2156,1643340
2171,1643372
1614,1643404
1692,1643436
1467,1643468
967,1643500
745,1643532
426,1643564
285,1643596
0,1643628
0,1643660
414,1643692
296,1643724
535,1643756
714,1643788
974,1643820
1211,1643852
1726,1643884
1675,1643916
2282,1643948
2201,1643980
1962,1644012
1694,1644044
1488,1644076
1226,1644108
958,1644140
765,1644172
495,1644204
0,1644236
169,1644268
42,1644300
268,1644332
490,1644364
716,1644396
971,1644428
1176,1644460
1423,1644492
1719,1644524
1899,1644556
1754,1644588
1933,1644620
1289,1644652
1485,1644684
752,1644716
1005,1644748
743,1644780
491,1644812
270,1644844
286,1644876
179,1644908
747,1644940
940,1644972
1275,1645004
1389,1645036
1594,1645068
1913,1645100
2062,1645132
1855,1645164
2074,1645196
1387,1645228
1583,1645260
1323,1645292
710,1645324
858,1645356
604,1645388
76,1645420
0,1645452
0,1645484
250,1645516
381,1645548
668,1645580
1278,1645612
1112,1645644
1342,1645676
1948,1645708
1805,1645740
1897,1645772
1992,1645804
1431,1645836
1557,1645868
969,1645900
1087,1645932
830,1645964
633,1645996
366,1646028
135,1646060
23,1646092
616,1646124
800,1646156
1066,1646188
1258,1646220
1118,1646252
1722,1646284
1580,1646316
1838,1646348
1736,1646380
1530,1646412
1351,1646444
1068,1646476
891,1646508
667,1646540
439,1646572
219,1646604
0,1646636
0,1646668
537,1646700
684,1646732
969,1646764
1164,1646796
1016,1646828
1615,1646860
1806,1646892
1719,1646924
2272,1646956
2080,1646988
1977,1647020
1577,1647052
1344,1647084
1197,1647116
880,1647148
728,1647180
471,1647212
0,1647244
0,1647276
447,1647308
378,1647340
640,1647372
1133,1647404
1096,1647436
1593,1647468
1465,1647500
1789,1647532
1852,1647564
1676,1647596
1851,1647628
1209,1647660
1020,1647692
1116,1647724
571,1647756
347,1647788
121,1647820
0,1647852
364,1647884
159,1647916
814,1647948
1016,1647980
840,1648012
1472,1648044
1664,1648076
1944,1648108
2139,1648140
1801,1648172
1935,1648204
1327,1648236
1103,1648268
872,1648300
648,1648332
451,1648364
190,1648396
3,1648428
0,1648460
19,1648492
286,1648524
430,1648556
741,1648588
1398,1648620
1548,1648652
1835,1648684
2030,1648716
1835,1648748
2183,1648780
1950,1648812
1341,1648844
1471,1648876
1200,1648908
1095,1648940
747,1648972
489,1649004
335,1649036
156,1649068
48,1649100
697,1649132
494,1649164
726,1649196
1340,1649228
1174,1649260
1463,1649292
2009,1649324
1925,1649356
2043,1649388
1449,1649420
1307,1649452
987,1649484
824,1649516
975,1649548
361,1649580
139,1649612
254,1649644
0,1649676
187,1649708
377,1649740
647,1649772
1225,1649804
1384,1649836
1689,1649868
1888,1649900
1696,1649932
2282,1649964
2046,1649996
1804,1650028
1568,1650060
1304,1650092
1104,1650124
844,1650156
254,1650188
380,1650220
0,1650252
0,1650284
155,1650316
400,1650348
681,1650380
860,1650412
1138,1650444
1663,1650476
1596,1650508
1831,1650540
2294,1650572
1639,1650604
1851,1650636
1130,1650668
1351,1650700
1081,1650732
498,1650764
619,1650796
349,1650828
0,1650860
362,1650892
600,1650924
941,1650956
1018,1650988
1260,1651020
1563,1651052
1710,1651084
1583,1651116
2222,1651148
1737,1651180
1550,1651212
1632,1651244
1096,1651276
1164,1651308
956,1651340
456,1651372
478,1651404
0,1651436
0,1651468
46,1651500
327,1651532
938,1651564
774,1651596
1039,1651628
1228,1651660
1499,1651692
1737,1651724
2265,1651756
1773,1651788
1912,1651820
1225,1651852
1436,1651884
1166,1651916
970,1651948
714,1651980
444,1652012
248,1652044
231,1652076
103,1652108
685,1652140
552,1652172
778,1652204
992,1652236
1240,1652268
1485,1652300
1692,1652332
1880,1652364
1999,1652396
1405,1652428
1235,1652460
1404,1652492
776,1652524
973,1652556
250,1652588
491,1652620
217,1652652
0,1652684
575,1652716
810,1652748
687,1652780
1262,1652812
1453,1652844
1815,1652876
1917,1652908
2125,1652940
2249,1652972
1929,1653004
1327,1653036
1546,1653068
874,1653100
652,1653132
810,1653164
198,1653196
345,1653228
89,1653260
41,1653292
557,1653324
444,1653356
760,1653388
890,1653420
1176,1653452
1806,1653484
1629,1653516
1869,1653548
2170,1653580
1559,1653612
1369,1653644
1453,1653676
910,1653708
1033,1653740
733,1653772
573,1653804
314,1653836
237,1653868
442,1653900
670,1653932
894,1653964
1131,1653996
1320,1654028
1583,1654060
1786,1654092
1640,1654124
2252,1654156
1675,1654188
1469,1654220
1211,1654252
1016,1654284
839,1654316
558,1654348
381,1654380
155,1654412
0,1654444
0,1654476
104,1654508
397,1654540
1065,1654572
806,1654604
1485,1654636
1675,1654668
1534,1654700
2143,1654732
2256,1654764
1703,1654796
1787,1654828
1550,1654860
1435,1654892
1052,1654924
829,1654956
683,1654988
375,1655020
0,1655052
304,1655084
158,1655116
440,1655148
958,1655180
889,1655212
1419,1655244
1658,1655276
1612,1655308
2123,1655340
1790,1655372
1657,1655404
1326,1655436
1160,1655468
1324,1655500
697,1655532
509,1655564
600,1655596
56,1655628
0,1655660
350,1655692
301,1655724
894,1655756
672,1655788
1338,1655820
1535,1655852
1806,1655884
2008,1655916
2202,1655948
2158,1655980
1885,1656012
1274,1656044
1407,1656076
813,1656108
590,1656140
839,1656172
140,1656204
0,1656236
0,1656268
71,1656300
343,1656332
522,1656364
796,1656396
944,1656428
1245,1656460
1929,1656492
1642,1656524
2373,1656556
2127,1656588
1466,1656620
1657,1656652
1424,1656684
827,1656716
956,1656748
685,1656780
571,1656812
233,1656844
220,1656876
527,1656908
672,1656940
555,1656972
1211,1657004
1004,1657036
1240,1657068
1866,1657100
1700,1657132
2250,1657164
1996,1657196
1434,1657228
1504,1657260
933,1657292
795,1657324
475,1657356
310,1657388
457,1657420
0,1657452
0,1657484
560,1657516
439,1657548
701,1657580
1245,1657612
1159,1657644
1753,1657676
1913,1657708
2219,1657740
2220,1657772
2022,1657804
1744,1657836
1514,1657868
1276,1657900
1050,1657932
791,1657964
589,1657996
330,1658028
0,1658060
59,1658092
208,1658124
462,1658156
666,1658188
920,1658220
1192,1658252
1370,1658284
1656,1658316
2200,1658348
1812,1658380
1579,1658412
1272,1658444
1115,1658476
1311,1658508
618,1658540
841,1658572
568,1658604
0,1658636
231,1658668
426,1658700
344,1658732
876,1658764
1112,1658796
1454,1658828
1532,1658860
1775,1658892
2091,1658924
2238,1658956
1675,1658988
1849,1659020
1210,1659052
1370,1659084
1115,1659116
586,1659148
653,1659180
431,1659212
0,1659244
220,1659276
105,1659308
415,1659340
556,1659372
830,1659404
1456,1659436
1288,1659468
1561,1659500
2127,1659532
1947,1659564
1711,1659596
1772,1659628
1245,1659660
1375,1659692
1149,1659724
912,1659756
652,1659788
456,1659820
188,1659852
296,1659884
555,1659916
749,1659948
607,1659980
908,1660012
1064,1660044
1292,1660076
1516,1660108
1754,1660140
1819,1660172
1560,1660204
1353,1660236
1469,1660268
892,1660300
724,1660332
891,1660364
263,1660396
457,1660428
0,1660460
455,1660492
637,1660524
471,1660556
1096,1660588
1324,1660620
1194,1660652
1789,1660684
1991,1660716
2343,1660748
2136,1660780
1869,1660812
1711,1660844
1402,1660876
824,1660908
1018,1660940
362,1660972
552,1661004
288,1661036
0,1661068
415,1661100
621,1661132
552,1661164
1067,1661196
944,1661228
1271,1661260
1867,1661292
1694,1661324
2345,1661356
1731,1661388
1497,1661420
1632,1661452
1033,1661484
855,1661516
941,1661548
397,1661580
519,1661612
0,1661644
299,1661676
506,1661708
763,1661740
958,1661772
1184,1661804
1417,1661836
1648,1661868
1850,1661900
1723,1661932
2234,1661964
1616,1661996
1759,1662028
1161,1662060
954,1662092
701,1662124
496,1662156
327,1662188
48,1662220
0,1662252
12,1662284
234,1662316
459,1662348
607,1662380
907,1662412
1581,1662444
1322,1662476
2015,1662508
2217,1662540
2189,1662572
2007,1662604
1728,1662636
1175,1662668
1259,1662700
1036,1662732
921,1662764
541,1662796
314,1662828
169,1662860
335,1662892
631,1662924
829,1662956
669,1662988
952,1663020
1484,1663052
1402,1663084
1950,1663116
2190,1663148
1832,1663180
1599,1663212
1272,1663244
1133,1663276
813,1663308
648,1663340
808,1663372
186,1663404
8,1663436
206,1663468
136,1663500
363,1663532
588,1663564
813,1663596
1402,1663628
1184,1663660
1868,1663692
2064,1663724
1883,1663756
2104,1663788
1824,1663820
1241,1663852
1355,1663884
761,1663916
896,1663948
302,1663980
78,1664012
0,1664044
0,1664076
132,1664108
328,1664140
581,1664172
854,1664204
1023,1664236
1306,1664268
1466,1664300
1780,1664332
2376,1664364
1614,1664396
1870,1664428
1598,1664460
1341,1664492
1131,1664524
904,1664556
327,1664588
442,1664620
170,1664652
425,1664684
539,1664716
734,1664748
1039,1664780
1184,1664812
1066,1664844
1738,1664876
1520,1664908
1756,1664940
2202,1664972
1558,1665004
1724,1665036
1465,1665068
923,1665100
733,1665132
424,1665164
284,1665196
0,1665228
0,1665260
429,1665292
266,1665324
503,1665356
1070,1665388
940,1665420
1214,1665452
1403,1665484
1677,1665516
2283,1665548
2123,1665580
1961,1665612
1690,1665644
1495,1665676
1226,1665708
990,1665740
394,1665772
539,1665804
271,1665836
204,1665868
409,1665900
270,1665932
860,1665964
719,1665996
985,1666028
1168,1666060
1434,1666092
1721,1666124
1898,1666156
1754,1666188
1820,1666220
1287,1666252
1054,1666284
752,1666316
603,1666348
807,1666380
489,1666412
313,1666444
297,1666476
183,1666508
751,1666540
942,1666572
855,1666604
1400,1666636
1632,1666668
1991,1666700
2064,1666732
2222,1666764
2073,1666796
1738,1666828
1160,1666860
1321,1666892
700,1666924
857,1666956
604,1666988
75,1667020
0,1667052
281,1667084
249,1667116
728,1667148
614,1667180
927,1667212
1066,1667244
1352,1667276
1984,1667308
1816,1667340
1885,1667372
1611,1667404
1418,1667436
1195,1667468
1244,1667500
733,1667532
872,1667564
621,1667596
396,1667628
152,1667660
3,1667692
620,1667724
808,1667756
719,1667788
1261,1667820
1127,1667852
1724,1667884
1579,1667916
1816,1667948
1726,1667980
1499,1668012
1293,1668044
1038,1668076
840,1668108
954,1668140
391,1668172
213,1668204
365,1668236
0,1668268
539,1668300
687,1668332
971,1668364
1161,1668396
979,1668428
1615,1668460
1856,1668492
1719,1668524
2320,1668556
2078,1668588
1963,1668620
1608,1668652
1341,1668684
1195,1668716
888,1668748
310,1668780
504,1668812
0,1668844
282,1668876
480,1668908
332,1668940
615,1668972
1136,1669004
1054,1669036
1596,1669068
1466,1669100
1799,1669132
1850,1669164
1673,1669196
1838,1669228
1208,1669260
983,1669292
1114,1669324
524,1669356
343,1669388
426,1669420
0,1669452
365,1669484
249,1669516
815,1669548
1018,1669580
842,1669612
1482,1669644
1711,1669676
1944,1669708
2187,1669740
2172,1669772
1968,1669804
1706,1669836
1098,1669868
1232,1669900
640,1669932
452,1669964
190,1669996
3,1670028
0,1670060
22,1670092
287,1670124
519,1670156
743,1670188
968,1670220
1598,1670252
1421,1670284
2108,1670316
1848,1670348
2224,1670380
1948,1670412
1340,1670444
1469,1670476
1200,1670508
663,1670540
746,1670572
512,1670604
397,1670636
157,1670668
396,1670700
699,1670732
847,1670764
1146,1670796
1344,1670828
1179,1670860
1464,1670892
2010,1670924
1930,1670956
2041,1670988
1806,1671020
1304,1671052
1338,1671084
750,1671116
619,1671148
311,1671180
136,1671212
284,1671244
0,1671276
192,1671308
732,1671340
651,1671372
877,1671404
1099,1671436
1335,1671468
1930,1671500
1707,1671532
2314,1671564
2040,1671596
1838,1671628
1566,1671660
1294,1671692
1101,1671724
841,1671756
251,1671788
379,1671820
0,1671852
0,1671884
157,1671916
384,1671948
643,1671980
840,1672012
1086,1672044
1373,1672076
1546,1672108
1836,1672140
2283,1672172
1637,1672204
1845,1672236
1097,1672268
1340,1672300
1072,1672332
443,1672364
617,1672396
384,1672428
0,1672460
409,1672492
601,1672524
939,1672556
1053,1672588
1256,1672620
1565,1672652
1709,1672684
1583,1672716
2269,1672748
1726,1672780
1498,1672812
1672,1672844
1037,1672876
1196,1672908
942,1672940
412,1672972
479,1673004
0,1673036
0,1673068
48,1673100
330,1673132
939,1673164
783,1673196
1007,1673228
1598,1673260
1463,1673292
1737,1673324
1928,1673356
1769,1673388
1901,1673420
1595,1673452
1423,1673484
1164,1673516
967,1673548
702,1673580
476,1673612
238,1673644
270,1673676
471,1673708
728,1673740
922,1673772
783,1673804
1374,1673836
1242,1673868
1488,1673900
1696,1673932
1870,1673964
1689,1673996
1404,1674028
1225,1674060
1003,1674092
774,1674124
541,1674156
248,1674188
91,1674220
281,1674252
0,1674284
631,1674316
812,1674348
684,1674380
1275,1674412
1466,1674444
1371,1674476
1920,1674508
2160,1674540
2316,1674572
1920,1674604
1693,1674636
1535,1674668
1216,1674700
648,1674732
800,1674764
190,1674796
334,1674828
101,1674860
42,1674892
567,1674924
804,1674956
760,1674988
1244,1675020
1126,1675052
1449,1675084
1580,1675116
1879,1675148
2201,1675180
1548,1675212
1357,1675244
1096,1675276
904,1675308
681,1675340
729,1675372
221,1675404
334,1675436
237,1675468
476,1675500
672,1675532
938,1675564
1132,1675596
1323,1675628
1595,1675660
1789,1675692
1643,1675724
2264,1675756
1675,1675788
1446,1675820
1210,1675852
987,1675884
782,1675916
525,1675948
332,1675980
152,1676012
0,1676044
0,1676076
571,1676108
407,1676140
1054,1676172
778,1676204
1484,1676236
1679,1676268
1496,1676300
2153,1676332
2302,1676364
1689,1676396
1823,1676428
1549,1676460
1276,1676492
1083,1676524
829,1676556
671,1676588
367,1676620
0,1676652
361,1676684
168,1676716
800,1676748
1000,1676780
839,1676812
1453,1676844
1660,1676876
1580,1676908
2124,1676940
1788,1676972
1656,1677004
1321,1677036
1148,1677068
1310,1677100
698,1677132
471,1677164
602,1677196
24,1677228
0,1677260
384,1677292
317,1677324
886,1677356
765,1677388
1339,1677420
1536,1677452
1805,1677484
2008,1677516
2239,1677548
2156,1677580
1918,1677612
1646,1677644
1448,1677676
1181,1677708
587,1677740
718,1677772
137,1677804
0,1677836
0,1677868
74,1677900
346,1677932
524,1677964
796,1677996
1021,1678028
1257,1678060
1483,1678092
1644,1678124
1948,1678156
2201,1678188
1466,1678220
1693,1678252
1419,1678284
827,1678316
957,1678348
684,1678380
448,1678412
222,1678444
253,1678476
601,1678508
681,1678540
910,1678572
1213,1678604
1360,1678636
1673,1678668
1870,1678700
1702,1678732
1898,1678764
1983,1678796
1432,1678828
1504,1678860
1287,1678892
794,1678924
815,1678956
249,1678988
119,1679020
0,1679052
0,1679084
592,1679116
441,1679148
702,1679180
1256,1679212
1160,1679244
1389,1679276
1624,1679308
1855,1679340
2252,1679372
1566,1679404
1786,1679436
1513,1679468
1310,1679500
1050,1679532
780,1679564
587,1679596
328,1679628
0,1679660
347,1679692
218,1679724
443,1679756
666,1679788
1402,1679820
1156,1679852
1354,1679884
1610,1679916
1897,1679948
1754,1679980
1574,1680012
1753,1680044
1112,1680076
1309,1680108
586,1680140
828,1680172
571,1680204
0,1680236
233,1680268
476,1680300
653,1680332
926,1680364
1117,1680396
1453,1680428
1577,1680460
1775,1680492
2095,1680524
2248,1680556
1673,1680588
1896,1680620
1210,1680652
985,1680684
1148,1680716
525,1680748
682,1680780
425,1680812
0,1680844
223,1680876
110,1680908
424,1680940
1001,1680972
840,1681004
1465,1681036
1288,1681068
1527,1681100
2135,1681132
1899,1681164
1708,1681196
1435,1681228
1243,1681260
1373,1681292
1070,1681324
907,1681356
640,1681388
457,1681420
174,1681452
334,1681484
558,1681516
795,1681548
984,1681580
1244,1681612
1438,1681644
1292,1681676
1902,1681708
1758,1681740
1816,1681772
1550,1681804
1342,1681836
1171,1681868
892,1681900
724,1681932
491,1681964
264,1681996
38,1682028
0,1682060
61,1682092
717,1682124
476,1682156
1143,1682188
1327,1682220
1513,1682252
1789,1682284
1984,1682316
1886,1682348
2136,1682380
1900,1682412
1775,1682444
1390,1682476
1163,1682508
1017,1682540
704,1682572
139,1682604
286,1682636
0,1682668
423,1682700
624,1682732
556,1682764
1079,1682796
1318,1682828
1275,1682860
1503,1682892
1642,1682924
1977,1682956
1672,1682988
1486,1683020
1672,1683052
1034,1683084
855,1683116
583,1683148
397,1683180
171,1683212
207,1683244
0,1683276
540,1683308
765,1683340
990,1683372
1194,1683404
1455,1683436
1658,1683468
1851,1683500
2123,1683532
2232,1683564
1615,1683596
1757,1683628
1150,1683660
923,1683692
688,1683724
472,1683756
272,1683788
23,1683820
0,1683852
16,1683884
187,1683916
467,1683948
1083,1683980
917,1684012
1579,1684044
1292,1684076
2023,1684108
2217,1684140
2224,1684172
1995,1684204
1772,1684236
1172,1684268
1294,1684300
1024,1684332
911,1684364
567,1684396
313,1684428
169,1684460
335,1684492
219,1684524
876,1684556
670,1684588
1312,1684620
1518,1684652
1354,1684684
1981,1684716
2190,1684748
1783,1684780
1595,1684812
1262,1684844
1131,1684876
812,1684908
646,1684940
797,1684972
182,1685004
0,1685036
220,1685068
95,1685100
375,1685132
910,1685164
823,1685196
1405,1685228
1274,1685260
1867,1685292
2073,1685324
2345,1685356
2094,1685388
1856,1685420
1240,1685452
1386,1685484
1120,1685516
926,1685548
667,1685580
76,1685612
202,1685644
0,1685676
138,1685708
330,1685740
584,1685772
858,1685804
1032,1685836
1310,1685868
1547,1685900
1771,1685932
1918,1685964
1610,1685996
1461,1686028
1661,1686060
1343,1686092
1165,1686124
895,1686156
317,1686188
439,1686220
157,1686252
10,1686284
541,1686316
779,1686348
1115,1686380
1195,1686412
1424,1686444
1741,1686476
1896,1686508
2200,1686540
2191,1686572
1549,1686604
1373,1686636
1455,1686668
921,1686700
732,1686732
765,1686764
280,1686796
302,1686828
0,1686860
79,1686892
220,1686924
502,1686956
1118,1686988
952,1687020
1213,1687052
1774,1687084
1687,1687116
1917,1687148
1821,1687180
1593,1687212
1724,1687244
1040,1687276
1256,1687308
988,1687340
362,1687372
526,1687404
268,1687436
203,1687468
413,1687500
281,1687532
862,1687564
730,1687596
954,1687628
1179,1687660
1416,1687692
1673,1687724
1872,1687756
1702,1687788
1511,1687820
1228,1687852
1051,1687884
751,1687916
600,1687948
798,1687980
488,1688012
301,1688044
299,1688076
137,1688108
751,1688140
988,1688172
857,1688204
1440,1688236
1632,1688268
1991,1688300
2104,1688332
2220,1688364
2061,1688396
1741,1688428
1151,1688460
1358,1688492
701,1688524
473,1688556
633,1688588
23,1688620
0,1688652
285,1688684
217,1688716
735,1688748
618,1688780
935,1688812
1067,1688844
1354,1688876
1993,1688908
1814,1688940
1847,1688972
1982,1689004
1370,1689036
1191,1689068
922,1689100
729,1689132
859,1689164
555,1689196
390,1689228
151,1689260
3,1689292
622,1689324
859,1689356
1070,1689388
1305,1689420
1498,1689452
1770,1689484
1965,1689516
1819,1689548
2108,1689580
1496,1689612
1289,1689644
1035,1689676
838,1689708
663,1689740
390,1689772
210,1689804
267,1689836
0,1689868
125,1689900
736,1689932
571,1689964
1231,1689996
983,1690028
1663,1690060
1856,1690092
1720,1690124
2327,1690156
2075,1690188
1511,1690220
1598,1690252
1370,1690284
1255,1690316
874,1690348
652,1690380
495,1690412
191,1690444
0,1690476
489,1690508
336,1690540
616,1690572
1145,1690604
1066,1690636
1608,1690668
1837,1690700
1800,1690732
2208,1690764
1610,1690796
1469,1690828
1149,1690860
982,1690892
1136,1690924
523,1690956
333,1690988
73,1691020
0,1691052
30,1691084
526,1691116
487,1691148
1064,1691180
847,1691212
1516,1691244
1723,1691276
1992,1691308
2188,1691340
2173,1691372
1977,1691404
1696,1691436
1097,1691468
1230,1691500
637,1691532
414,1691564
184,1691596
0,1691628
0,1691660
4,1691692
249,1691724
812,1691756
697,1691788
978,1691820
1647,1691852
1430,1691884
2109,1691916
1818,1691948
2221,1691980
1947,1692012
1289,1692044
1467,1692076
1241,1692108
663,1692140
780,1692172
510,1692204
391,1692236
191,1692268
398,1692300
703,1692332
848,1692364
731,1692396
1391,1692428
1179,1692460
1416,1692492
2046,1692524
1880,1692556
2064,1692588
1802,1692620
1259,1692652
1328,1692684
752,1692716
618,1692748
299,1692780
126,1692812
281,1692844
0,1692876
167,1692908
744,1692940
607,1692972
887,1693004
1433,1693036
1335,1693068
1933,1693100
2091,1693132
2301,1693164
2032,1693196
1835,1693228
1562,1693260
1337,1693292
1102,1693324
864,1693356
608,1693388
412,1693420
137,1693452
0,1693484
523,1693516
393,1693548
648,1693580
840,1693612
1096,1693644
1369,1693676
1552,1693708
1844,1693740
1868,1693772
1626,1693804
1397,1693836
1095,1693868
939,1693900
1135,1693932
440,1693964
653,1693996
381,1694028
0,1694060
412,1694092
604,1694124
523,1694156
1055,1694188
1291,1694220
1641,1694252
1712,1694284
1952,1694316
2271,1694348
2094,1694380
1496,1694412
1664,1694444
1035,1694476
870,1694508
938,1694540
410,1694572
474,1694604
251,1694636
0,1694668
395,1694700
280,1694732
601,1694764
730,1694796
1014,1694828
1643,1694860
1468,1694892
1741,1694924
2314,1694956
1758,1694988
1531,1695020
1590,1695052
1069,1695084
1198,1695116
527,1695148
734,1695180
474,1695212
268,1695244
280,1695276
464,1695308
733,1695340
924,1695372
784,1695404
1385,1695436
1243,1695468
1468,1695500
2203,1695532
1848,1695564
1639,1695596
1372,1695628
1177,1695660
990,1695692
716,1695724
542,1695756
238,1695788
91,1695820
269,1695852
0,1695884
632,1695916
816,1695948
647,1695980
1271,1696012
1504,1696044
1370,1696076
1980,1696108
2170,1696140
2313,1696172
1962,1696204
1680,1696236
1534,1696268
1216,1696300
640,1696332
842,1696364
187,1696396
0,1696428
135,1696460
1,1696492
600,1696524
798,1696556
727,1696588
1246,1696620
1128,1696652
1447,1696684
1592,1696716
1878,1696748
2191,1696780
1545,1696812
1319,1696844
1452,1696876
859,1696908
679,1696940
762,1696972
219,1697004
333,1697036
185,1697068
477,1697100
672,1697132
941,1697164
1132,1697196
1370,1697228
1596,1697260
1834,1697292
2028,1697324
2303,1697356
2047,1697388
1437,1697420
1276,1697452
976,1697484
781,1697516
523,1697548
328,1697580
147,1697612
0,1697644
0,1697676
463,1697708
409,1697740
635,1697772
783,1697804
1093,1697836
1757,1697868
1488,1697900
2201,1697932
2299,1697964
1689,1697996
1821,1698028
1547,1698060
989,1698092
1082,1698124
860,1698156
743,1698188
364,1698220
134,1698252
363,1698284
511,1698316
395,1698348
1004,1698380
844,1698412
1462,1698444
1663,1698476
1591,1698508
2127,1698540
2157,1698572
1645,1698604
1676,1698636
1096,1698668
957,1698700
638,1698732
470,1698764
622,1698796
18,1698828
0,1698860
396,1698892
312,1698924
541,1698956
1052,1698988
991,1699020
1582,1699052
1817,1699084
2046,1699116
2250,1699148
2188,1699180
1916,1699212
1643,1699244
1439,1699276
1181,1699308
576,1699340
437,1699372
139,1699404
0,1699436
0,1699468
57,1699500
313,1699532
496,1699564
750,1699596
1328,1699628
1210,1699660
1492,1699692
2139,1699724
1958,1699756
2189,1699788
1433,1699820
1690,1699852
1417,1699884
786,1699916
953,1699948
720,1699980
149,1700012
264,1700044
265,1700076
603,1700108
715,1700140
912,1700172
1223,1700204
1372,1700236
1244,1700268
1918,1700300
1705,1700332
2286,1700364
2011,1700396
1384,1700428
1535,1700460
1277,1700492
747,1700524
811,1700556
248,1700588
108,1700620
217,1700652
1,1700684
603,1700716
444,1700748
679,1700780
1256,1700812
1117,1700844
1390,1700876
1951,1700908
1863,1700940
2251,1700972
1655,1701004
1773,1701036
1500,1701068
1307,1701100
1040,1701132
815,1701164
586,1701196
351,1701228
117,1701260
27,1701292
584,1701324
446,1701356
1040,1701388
904,1701420
1160,1701452
1353,1701484
1615,1701516
1898,1701548
1753,1701580
1573,1701612
1335,1701644
1109,1701676
876,1701708
585,1701740
427,1701772
621,1701804
0,1701836
283,1701868
473,1701900
654,1701932
925,1701964
1118,1701996
1031,1702028
1580,1702060
1818,1702092
2173,1702124
2250,1702156
2032,1702188
1883,1702220
1565,1702252
1401,1702284
1143,1702316
526,1702348
350,1702380
425,1702412
0,1702444
223,1702476
460,1702508
425,1702540
653,1702572
794,1702604
1111,1702636
1242,1702668
1528,1702700
2172,1702732
1896,1702764
1705,1702796
1802,1702828
1240,1702860
1017,1702892
791,1702924
557,1702956
682,1702988
25,1703020
204,1703052
344,1703084
602,1703116
794,1703148
985,1703180
872,1703212
1439,1703244
1296,1703276
1913,1703308
1768,1703340
1787,1703372
1546,1703404
1322,1703436
1117,1703468
861,1703500
666,1703532
479,1703564
206,1703596
29,1703628
0,1703660
70,1703692
715,1703724
444,1703756
1145,1703788
1337,1703820
1560,1703852
1850,1703884
2040,1703916
1898,1703948
2174,1703980
1898,1704012
1787,1704044
1420,1704076
1164,1704108
1019,1704140
702,1704172
128,1704204
328,1704236
0,1704268
66,1704300
666,1704332
504,1704364
1113,1704396
1321,1704428
1239,1704460
1512,1704492
1646,1704524
1977,1704556
1662,1704588
1486,1704620
1662,1704652
1032,1704684
808,1704716
938,1704748
348,1704780
167,1704812
0,1704844
0,1704876
541,1704908
701,1704940
1001,1704972
1198,1705004
1463,1705036
1660,1705068
1898,1705100
1738,1705132
2265,1705164
1994,1705196
1790,1705228
1519,1705260
925,1705292
1063,1705324
459,1705356
268,1705388
19,1705420
0,1705452
18,1705484
188,1705516
469,1705548
984,1705580
921,1705612
1144,1705644
1304,1705676
1608,1705708
2285,1705740
2220,1705772
2045,1705804
1760,1705836
1162,1705868
1293,1705900
1022,1705932
486,1705964
568,1705996
344,1706028
247,1706060
344,1706092
571,1706124
877,1706156
1024,1706188
904,1706220
1520,1706252
1354,1706284
1993,1706316
2192,1706348
1774,1706380
1591,1706412
1628,1706444
1129,1706476
1160,1706508
585,1706540
445,1706572
128,1706604
0,1706636
251,1706668
106,1706700
366,1706732
558,1706764
826,1706796
1053,1706828
1565,1706860
1513,1706892
2112,1706924
2345,1706956
2126,1706988
1854,1707020
1212,1707052
1386,1707084
1104,1707116
926,1707148
664,1707180
73,1707212
192,1707244
0,1707276
109,1707308
333,1707340
560,1707372
811,1707404
1016,1707436
1272,1707468
1853,1707500
1727,1707532
1915,1707564
2102,1707596
1449,1707628
1659,1707660
1342,1707692
1163,1707724
895,1707756
275,1707788
431,1707820
197,1707852
19,1707884
587,1707916
779,1707948
1117,1707980
1232,1708012
1433,1708044
1751,1708076
1900,1708108
1768,1708140
2238,1708172
1549,1708204
1753,1708236
1486,1708268
871,1708300
696,1708332
764,1708364
236,1708396
299,1708428
0,1708460
90,1708492
231,1708524
506,1708556
1119,1708588
952,1708620
1180,1708652
1786,1708684
1643,1708716
1927,1708748
2156,1708780
1591,1708812
1721,1708844
1129,1708876
1245,1708908
985,1708940
352,1708972
524,1709004
297,1709036
216,1709068
456,1709100
639,1709132
907,1709164
1099,1709196
956,1709228
1560,1709260
1419,1709292
1678,1709324
1880,1709356
1690,1709388
1504,1709420
1232,1709452
1050,1709484
823,1709516
599,1709548
365,1709580
539,1709612
0,1709644
375,1709676
136,1709708
809,1709740
990,1709772
869,1709804
1450,1709836
1644,1709868
1548,1709900
2110,1709932
2249,1709964
2137,1709996
1740,1710028
1504,1710060
1353,1710092
1040,1710124
887,1710156
624,1710188
21,1710220
0,1710252
286,1710284
220,1710316
736,1710348
972,1710380
937,1710412
1433,1710444
1303,1710476
1627,1710508
1768,1710540
1838,1710572
2013,1710604
1368,1710636
1181,1710668
1275,1710700
727,1710732
503,1710764
279,1710796
54,1710828
186,1710860
9,1710892
654,1710924
856,1710956
1116,1710988
1308,1711020
1503,1711052
1773,1711084
1968,1711116
1821,1711148
2107,1711180
1488,1711212
1261,1711244
1024,1711276
808,1711308
613,1711340
348,1711372
153,1711404
0,1711436
0,1711468
123,1711500
747,1711532
581,1711564
1239,1711596
968,1711628
1672,1711660
1867,1711692
1674,1711724
2333,1711756
2121,1711788
1511,1711820
1642,1711852
1369,1711884
1246,1711916
908,1711948
649,1711980
493,1712012
175,1712044
0,1712076
537,1712108
334,1712140
567,1712172
1180,1712204
1014,1712236
1642,1712268
1838,1712300
1757,1712332
2207,1712364
1611,1712396
1468,1712428
1148,1712460
972,1712492
1143,1712524
520,1712556
299,1712588
416,1712620
0,1712652
30,1712684
220,1712716
487,1712748
1065,1712780
1223,1712812
1527,1712844
1722,1712876
1993,1712908
2200,1712940
2205,1712972
1966,1713004
1735,1713036
1453,1713068
1263,1713100
1001,1713132
410,1713164
542,1713196
0,1713228
0,1713260
3,1713292
252,1713324
524,1713356
699,1713388
981,1713420
1208,1713452
1430,1713484
1661,1713516
1820,1713548
1804,1713580
2013,1713612
1287,1713644
1513,1713676
1243,1713708
658,1713740
777,1713772
506,1713804
0,1713836
203,1713868
430,1713900
779,1713932
859,1713964
1087,1713996
1399,1714028
1536,1714060
1418,1714092
2048,1714124
1881,1714156
2062,1714188
1805,1714220
1256,1714252
1328,1714284
1104,1714316
615,1714348
648,1714380
74,1714412
0,1714444
0,1714476
168,1714508
781,1714540
616,1714572
887,1714604
1070,1714636
1339,1714668
1575,1714700
2094,1714732
1945,1714764
2074,1714796
1835,1714828
1598,1714860
1326,1714892
1134,1714924
872,1714956
605,1714988
409,1715020
135,1715052
0,1715084
535,1715116
396,1715148
620,1715180
846,1715212
1080,1715244
1327,1715276
1530,1715308
1788,1715340
1864,1715372
1573,1715404
1389,1715436
1565,1715468
936,1715500
1133,1715532
408,1715564
648,1715596
378,1715628
0,1715660
415,1715692
650,1715724
529,1715756
1102,1715788
1293,1715820
1484,1715852
1755,1715884
2143,1715916
2283,1715948
2092,1715980
1488,1716012
1706,1716044
1023,1716076
1224,1716108
966,1716140
350,1716172
506,1716204
251,1716236
0,1716268
395,1716300
282,1716332
600,1716364
732,1716396
1016,1716428
1646,1716460
1465,1716492
1706,1716524
2316,1716556
1721,1716588
1528,1716620
1626,1716652
1069,1716684
1195,1716716
615,1716748
735,1716780
462,1716812
269,1716844
282,1716876
508,1716908
734,1716940
970,1716972
1160,1717004
1422,1717036
1624,1717068
1480,1717100
2088,1717132
1839,1717164
1639,1717196
1372,1717228
1168,1717260
987,1717292
716,1717324
538,1717356
317,1717388
88,1717420
0,1717452
0,1717484
235,1717516
893,1717548
651,1717580
1323,1717612
1515,1717644
1383,1717676
1979,1717708
2174,1717740
2175,1717772
1946,1717804
1712,1717836
1598,1717868
1213,1717900
988,1717932
841,1717964
512,1717996
365,1718028
138,1718060
10,1718092
282,1718124
810,1718156
732,1718188
1248,1718220
1496,1718252
1463,1718284
1961,1718316
1831,1718348
1819,1718380
1484,1718412
1310,1718444
1484,1718476
860,1718508
670,1718540
760,1718572
219,1718604
2,1718636
0,1718668
151,1718700
718,1718732
509,1718764
1176,1718796
1372,1718828
1641,1718860
1838,1718892
2031,1718924
2302,1718956
2045,1718988
1436,1719020
1577,1719052
974,1719084
747,1719116
523,1719148
296,1719180
94,1719212
0,1719244
0,1719276
185,1719308
362,1719340
636,1719372
1259,1719404
1096,1719436
1757,1719468
1476,1719500
2203,1719532
2287,1719564
1639,1719596
1817,1719628
1589,1719660
1305,1719692
1116,1719724
847,1719756
733,1719788
384,1719820
123,1719852
365,1719884
512,1719916
400,1719948
1052,1719980
844,1720012
1078,1720044
1706,1720076
1530,1720108
2170,1720140
2156,1720172
1607,1720204
1678,1720236
1086,1720268
952,1720300
1082,1720332
460,1720364
618,1720396
16,1720428
0,1720460
399,1720492
279,1720524
541,1720556
728,1720588
999,1720620
1583,1720652
1742,1720684
2057,1720716
2254,1720748
2183,1720780
1914,1720812
1676,1720844
1438,1720876
1213,1720908
943,1720940
749,1720972
479,1721004
0,1721036
184,1721068
59,1721100
314,1721132
506,1721164
773,1721196
1035,1721228
1211,1721260
1498,1721292
1723,1721324
1960,1721356
1741,1721388
1432,1721420
1272,1721452
1481,1721484
777,1721516
991,1721548
720,1721580
442,1721612
255,1721644
266,1721676
185,1721708
716,1721740
954,1721772
1292,1721804
1372,1721836
1612,1721868
1929,1721900
2075,1721932
1836,1721964
2012,1721996
1370,1722028
1532,1722060
1276,1722092
746,1722124
810,1722156
590,1722188
104,1722220
0,1722252
0,1722284
267,1722316
398,1722348
680,1722380
1306,1722412
1130,1722444
1399,1722476
1590,1722508
1867,1722540
1881,1722572
1945,1722604
1417,1722636
1534,1722668
1305,1722700
1082,1722732
812,1722764
618,1722796
350,1722828
120,1722860
394,1722892
588,1722924
448,1722956
1039,1722988
908,1723020
1133,1723052
1358,1723084
1596,1723116
1859,1723148
1722,1723180
1513,1723212
1333,1723244
1059,1723276
882,1723308
1051,1723340
423,1723372
619,1723404
0,1723436
283,1723468
477,1723500
697,1723532
935,1723564
1167,1723596
1034,1723628
1630,1723660
1821,1723692
2173,1723724
2286,1723756
2030,1723788
1883,1723820
1562,1723852
975,1723884
1182,1723916
524,1723948
712,1723980
446,1724012
0,1724044
266,1724076
462,1724108
392,1724140
663,1724172
794,1724204
1112,1724236
1246,1724268
1532,1724300
2175,1724332
1894,1724364
1660,1724396
1802,1724428
1194,1724460
1004,1724492
1100,1724524
553,1724556
670,1724588
107,1724620
201,1724652
344,1724684
602,1724716
798,1724748
1022,1724780
878,1724812
1485,1724844
1687,1724876
1949,1724908
2155,1724940
1776,1724972
1928,1725004
1311,1725036
1118,1725068
857,1725100
654,1725132
477,1725164
208,1725196
25,1725228
0,1725260
73,1725292
299,1725324
446,1725356
759,1725388
1416,1725420
1563,1725452
1853,1725484
2041,1725516
1908,1725548
2169,1725580
1898,1725612
1335,1725644
1420,1725676
1193,1725708
1080,1725740
700,1725772
475,1725804
319,1725836
171,1725868
464,1725900
668,1725932
510,1725964
796,1725996
1322,1726028
1240,1726060
1513,1726092
2024,1726124
1981,1726156
2027,1726188
1432,1726220
1293,1726252
971,1726284
798,1726316
968,1726348
346,1726380
157,1726412
238,1726444
0,1726476
205,1726508
428,1726540
662,1726572
1240,1726604
1024,1726636
1706,1726668
1900,1726700
1712,1726732
2266,1726764
1984,1726796
1787,1726828
1515,1726860
912,1726892
1054,1726924
461,1726956
239,1726988
9,1727020
0,1727052
0,1727084
170,1727116
429,1727148
696,1727180
872,1727212
1160,1727244
1304,1727276
1612,1727308
2296,1727340
2219,1727372
2040,1727404
1769,1727436
1113,1727468
1291,1727500
1068,1727532
476,1727564
604,1727596
334,1727628
247,1727660
377,1727692
576,1727724
880,1727756
1024,1727788
906,1727820
1568,1727852
1358,1727884
1595,1727916
1887,1727948
1720,1727980
1545,1728012
1616,1728044
1083,1728076
1151,1728108
583,1728140
443,1728172
126,1728204
0,1728236
265,1728268
108,1728300
343,1728332
920,1728364
791,1728396
1054,1728428
1245,1728460
1513,1728492
2119,1728524
2272,1728556
2125,1728588
1852,1728620
1208,1728652
1386,1728684
1152,1728716
922,1728748
698,1728780
429,1728812
232,1728844
240,1728876
110,1728908
688,1728940
568,1728972
823,1729004
1017,1729036
1274,1729068
1556,1729100
1738,1729132
1913,1729164
1982,1729196
1447,1729228
1213,1729260
1389,1729292
763,1729324
960,1729356
267,1729388
475,1729420
189,1729452
21,1729484
589,1729516
781,1729548
699,1729580
1230,1729612
1470,1729644
1821,1729676
1901,1729708
2140,1729740
2235,1729772
1912,1729804
1319,1729836
1484,1729868
859,1729900
686,1729932
764,1729964
234,1729996
299,1730028
107,1730060
89,1730092
573,1730124
458,1730156
775,1730188
906,1730220
1192,1730252
1824,1730284
1644,1730316
1929,1730348
1772,1730380
1579,1730412
1357,1730444
1405,1730476
893,1730508
1018,1730540
359,1730572
556,1730604
298,1730636
254,1730668
458,1730700
650,1730732
907,1730764
1102,1730796
958,1730828
1565,1730860
1422,1730892
1656,1730924
1884,1730956
1660,1730988
1453,1731020
1195,1731052
997,1731084
1113,1731116
549,1731148
371,1731180
535,1731212
0,1731244
366,1731276
109,1731308
811,1731340
999,1731372
821,1731404
1451,1731436
1705,1731468
1557,1731500
2158,1731532
2250,1731564
2125,1731596
1771,1731628
1504,1731660
1353,1731692
1039,1731724
464,1731756
666,1731788
21,1731820
0,1731852
328,1731884
172,1731916
779,1731948
976,1731980
906,1732012
1435,1732044
1307,1732076
1629,1732108
1772,1732140
1834,1732172
2009,1732204
1368,1732236
1143,1732268
1274,1732300
683,1732332
503,1732364
585,1732396
45,1732428
197,1732460
365,1732492
655,1732524
862,1732556
1127,1732588
1312,1732620
1547,1732652
1776,1732684
2015,1732716
2208,1732748
2140,1732780
1866,1732812
1258,1732844
1392,1732876
808,1732908
604,1732940
346,1732972
144,1733004
0,1733036
0,1733068
125,1733100
363,1733132
583,1733164
811,1733196
968,1733228
1261,1733260
1945,1733292
1678,1733324
2383,1733356
2111,1733388
1499,1733420
1631,1733452
1366,1733484
813,1733516
896,1733548
682,1733580
557,1733612
184,1733644
234,1733676
540,1733708
696,1733740
568,1733772
1182,1733804
1020,1733836
1304,1733868
1851,1733900
1768,1733932
2203,1733964
1968,1733996
1466,1734028
1497,1734060
910,1734092
780,1734124
462,1734156
296,1734188
444,1734220
0,1734252
30,1734284
576,1734316
488,1734348
717,1734380
1226,1734412
1175,1734444
1760,1734476
1546,1734508
2234,1734540
2206,1734572
2008,1734604
1736,1734636
1464,1734668
1259,1734700
992,1734732
408,1734764
537,1734796
0,1734828
0,1734860
471,1734892
231,1734924
475,1734956
680,1734988
935,1735020
1207,1735052
1386,1735084
1682,1735116
1832,1735148
1800,1735180
2007,1735212
1258,1735244
1511,1735276
1229,1735308
603,1735340
775,1735372
542,1735404
0,1735436
248,1735468
441,1735500
780,1735532
891,1735564
1096,1735596
1403,1735628
1549,1735660
1419,1735692
2107,1735724
1886,1735756
1671,1735788
1834,1735820
1196,1735852
1356,1735884
1098,1735916
571,1735948
637,1735980
75,1736012
0,1736044
0,1736076
172,1736108
779,1736140
618,1736172
852,1736204
1438,1736236
1304,1736268
1576,1736300
2140,1736332
1930,1736364
2063,1736396
1754,1736428
1593,1736460
1324,1736492
1127,1736524
862,1736556
637,1736588
408,1736620
168,1736652
312,1736684
569,1736716
763,1736748
622,1736780
925,1736812
1080,1736844
1328,1736876
1530,1736908
1800,1736940
1850,1736972
1562,1737004
1386,1737036
1453,1737068
925,1737100
711,1737132
399,1737164
255,1737196
445,1737228
0,1737260
463,1737292
655,1737324
531,1737356
1112,1737388
1294,1737420
1209,1737452
1758,1737484
2000,1737516
2361,1737548
2089,1737580
1855,1737612
1705,1737644
1386,1737676
805,1737708
960,1737740
348,1737772
494,1737804
240,1737836
0,1737868
400,1737900
636,1737932
601,1737964
1085,1737996
967,1738028
1287,1738060
1418,1738092
1710,1738124
2360,1738156
1708,1738188
1517,1738220
1615,1738252
1065,1738284
841,1738316
888,1738348
383,1738380
494,1738412
265,1738444
316,1738476
512,1738508
778,1738540
974,1738572
1162,1738604
1432,1738636
1626,1738668
1482,1738700
1788,1738732
1836,1738764
1606,1738796
1368,1738828
1144,1738860
940,1738892
684,1738924
488,1738956
591,1738988
40,1739020
0,1739052
411,1739084
247,1739116
902,1739148
622,1739180
1323,1739212
1519,1739244
1335,1739276
1981,1739308
2230,1739340
1851,1739372
1984,1739404
1709,1739436
1595,1739468
1242,1739500
988,1739532
831,1739564
512,1739596
0,1739628
185,1739660
7,1739692
646,1739724
841,1739756
680,1739788
1290,1739820
1500,1739852
1417,1739884
1961,1739916
1833,1739948
2189,1739980
1949,1740012
1309,1740044
1481,1740076
854,1740108
633,1740140
749,1740172
183,1740204
0,1740236
224,1740268
151,1740300
729,1740332
602,1740364
1181,1740396
1374,1740428
1645,1740460
1850,1740492
2077,1740524
2314,1740556
2080,1740588
1807,1740620
1226,1740652
1339,1740684
748,1740716
875,1740748
287,1740780
92,1740812
0,1740844
0,1740876
188,1740908
366,1740940
646,1740972
875,1741004
1097,1741036
1324,1741068
1481,1741100
1788,1741132
2361,1741164
1627,1741196
1865,1741228
1581,1741260
1293,1741292
1115,1741324
844,1741356
311,1741388
381,1741420
151,1741452
441,1741484
512,1741516
751,1741548
1056,1741580
1198,1741612
1502,1741644
1708,1741676
1534,1741708
1832,1741740
2143,1741772
1604,1741804
1662,1741836
1448,1741868
951,1741900
727,1741932
408,1741964
271,1741996
0,1742028
0,1742060
440,1742092
282,1742124
552,1742156
1096,1742188
1003,1742220
1229,1742252
1463,1742284
1693,1742316
2296,1742348
1725,1742380
1948,1742412
1674,1742444
1472,1742476
1210,1742508
937,1742540
376,1742572
480,1742604
0,1742636
187,1742668
61,1742700
285,1742732
508,1742764
742,1742796
995,1742828
1192,1742860
1448,1742892
1736,1742924
1912,1742956
1738,1742988
1420,1743020
1273,1743052
1479,1743084
743,1743116
987,1743148
717,1743180
475,1743212
251,1743244
313,1743276
188,1743308
766,1743340
954,1743372
1293,1743404
1416,1743436
1614,1743468
1931,1743500
2079,1743532
1836,1743564
2048,1743596
1368,1743628
1144,1743660
1304,1743692
686,1743724
843,1743756
586,1743788
67,1743820
0,1743852
0,1743884
265,1743916
396,1743948
681,1743980
1305,1744012
1132,1744044
1373,1744076
1966,1744108
1831,1744140
1869,1744172
1596,1744204
1403,1744236
1533,1744268
1227,1744300
1069,1744332
812,1744364
621,1744396
346,1744428
157,1744460
38,1744492
632,1744524
823,1744556
1081,1744588
1274,1744620
1135,1744652
1742,1744684
1598,1744716
1860,1744748
1722,1744780
1511,1744812
1333,1744844
1052,1744876
873,1744908
940,1744940
421,1744972
199,1745004
0,1745036
0,1745068
557,1745100
699,1745132
987,1745164
1177,1745196
1045,1745228
1629,1745260
1824,1745292
1735,1745324
2296,1745356
2062,1745388
1949,1745420
1562,1745452
1325,1745484
1175,1745516
870,1745548
298,1745580
448,1745612
0,1745644
264,1745676
464,1745708
394,1745740
664,1745772
1152,1745804
1113,1745836
1610,1745868
1481,1745900
1805,1745932
1834,1745964
1660,1745996
1832,1746028
1194,1746060
1003,1746092
742,1746124
552,1746156
329,1746188
376,1746220
0,1746252
380,1746284
601,1746316
842,1746348
1034,1746380
858,1746412
1496,1746444
1691,1746476
1963,1746508
2157,1746540
1775,1746572
1919,1746604
1309,1746636
1084,1746668
856,1746700
624,1746732
428,1746764
172,1746796
0,1746828
123,1746860
38,1746892
311,1746924
923,1746956
756,1746988
1415,1747020
1563,1747052
1852,1747084
2047,1747116
1863,1747148
2169,1747180
1934,1747212
1332,1747244
1454,1747276
1192,1747308
1068,1747340
720,1747372
475,1747404
315,1747436
184,1747468
73,1747500
715,1747532
510,1747564
1160,1747596
1358,1747628
1193,1747660
1481,1747692
2029,1747724
1947,1747756
2024,1747788
1423,1747820
1289,1747852
969,1747884
798,1747916
957,1747948
344,1747980
121,1748012
236,1748044
0,1748076
215,1748108
750,1748140
665,1748172
1243,1748204
1117,1748236
1705,1748268
1902,1748300
1723,1748332
2264,1748364
2026,1748396
1787,1748428
1551,1748460
1275,1748492
1085,1748524
823,1748556
234,1748588
363,1748620
0,1748652
0,1748684
172,1748716
428,1748748
698,1748780
880,1748812
1157,1748844
1387,1748876
1621,1748908
1851,1748940
2269,1748972
1615,1749004
1833,1749036
1104,1749068
1327,1749100
1064,1749132
475,1749164
602,1749196
328,1749228
0,1749260
382,1749292
616,1749324
957,1749356
1035,1749388
1272,1749420
1579,1749452
1726,1749484
2031,1749516
2238,1749548
1721,1749580
1543,1749612
1624,1749644
1079,1749676
1147,1749708
935,1749740
440,1749772
461,1749804
0,1749836
0,1749868
61,1749900
348,1749932
956,1749964
794,1749996
1063,1750028
1614,1750060
1516,1750092
1757,1750124
1982,1750156
1757,1750188
1884,1750220
1198,1750252
1420,1750284
1148,1750316
958,1750348
696,1750380
426,1750412
231,1750444
251,1750476
118,1750508
701,1750540
569,1750572
796,1750604
1019,1750636
1256,1750668
1511,1750700
1711,1750732
1861,1750764
1675,1750796
1389,1750828
1210,1750860
1387,1750892
761,1750924
957,1750956
234,1750988
475,1751020
191,1751052
0,1751084
600,1751116
827,1751148
700,1751180
1280,1751212
1471,1751244
1830,1751276
1945,1751308
2144,1751340
2224,1751372
1904,1751404
1307,1751436
1519,1751468
856,1751500
632,1751532
791,1751564
174,1751596
318,1751628
124,1751660
67,1751692
574,1751724
462,1751756
779,1751788
910,1751820
1194,1751852
1833,1751884
1658,1751916
1887,1751948
2144,1751980
1390,1752012
1351,1752044
1079,1752076
893,1752108
1015,1752140
716,1752172
553,1752204
288,1752236
255,1752268
462,1752300
687,1752332
912,1752364
1146,1752396
1337,1752428
1610,1752460
1805,1752492
1657,1752524
2270,1752556
1659,1752588
1452,1752620
1196,1752652
997,1752684
812,1752716
540,1752748
361,1752780
139,1752812
0,1752844
0,1752876
111,1752908
412,1752940
1071,1752972
828,1753004
1513,1753036
1695,1753068
1561,1753100
2167,1753132
2239,1753164
1675,1753196
1768,1753228
1531,1753260
1416,1753292
1036,1753324
812,1753356
656,1753388
360,1753420
0,1753452
330,1753484
176,1753516
792,1753548
985,1753580
906,1753612
1434,1753644
1676,1753676
1639,1753708
2140,1753740
1771,1753772
1641,1753804
1308,1753836
1142,1753868
1306,1753900
680,1753932
492,1753964
232,1753996
40,1754028
0,1754060
374,1754092
317,1754124
904,1754156
1127,1754188
1358,1754220
1560,1754252
1822,1754284
2024,1754316
2218,1754348
2139,1754380
1865,1754412
1262,1754444
1391,1754476
798,1754508
570,1754540
345,1754572
119,1754604
0,1754636
0,1754668
89,1754700
362,1754732
540,1754764
821,1754796
1438,1754828
1271,1754860
1947,1754892
1657,1754924
2391,1754956
2108,1754988
1452,1755020
1631,1755052
1403,1755084
821,1755116
940,1755148
672,1755180
400,1755212
205,1755244
237,1755276
541,1755308
699,1755340
576,1755372
1240,1755404
1020,1755436
1680,1755468
1886,1755500
1718,1755532
2234,1755564
1968,1755596
1418,1755628
1496,1755660
911,1755692
779,1755724
460,1755756
294,1755788
440,1755820
0,1755852
20,1755884
586,1755916
455,1755948
728,1755980
1271,1756012
1178,1756044
1769,1756076
1639,1756108
2237,1756140
2202,1756172
2009,1756204
1728,1756236
1488,1756268
1257,1756300
1035,1756332
768,1756364
569,1756396
303,1756428
0,1756460
362,1756492
235,1756524
489,1756556
684,1756588
936,1756620
1211,1756652
1388,1756684
1674,1756716
1915,1756748
1788,1756780
1563,1756812
1248,1756844
1099,1756876
1305,1756908
600,1756940
812,1756972
540,1757004
0,1757036
247,1757068
445,1757100
664,1757132
896,1757164
1129,1757196
1479,1757228
1551,1757260
1792,1757292
2109,1757324
2254,1757356
2093,1757388
1824,1757420
1193,1757452
1020,1757484
1102,1757516
569,1757548
633,1757580
420,1757612
0,1757644
236,1757676
124,1757708
441,1757740
574,1757772
854,1757804
1480,1757836
1302,1757868
1577,1757900
2144,1757932
1929,1757964
1695,1757996
1463,1758028
1229,1758060
1358,1758092
685,1758124
894,1758156
634,1758188
430,1758220
156,1758252
312,1758284
574,1758316
764,1758348
633,1758380
1215,1758412
1083,1758444
1307,1758476
1535,1758508
1772,1758540
1800,1758572
1534,1758604
1326,1758636
1150,1758668
875,1758700
698,1758732
871,1758764
247,1758796
440,1758828
0,1758860
471,1758892
664,1758924
478,1758956
1115,1758988
1342,1759020
1519,1759052
1806,1759084
2008,1759116
2359,1759148
2121,1759180
1849,1759212
1693,1759244
1376,1759276
797,1759308
1002,1759340
349,1759372
120,1759404
278,1759436
0,1759468
441,1759500
640,1759532
567,1759564
1096,1759596
971,1759628
1290,1759660
1885,1759692
1718,1759724
2358,1759756
1710,1759788
1482,1759820
1612,1759852
1016,1759884
828,1759916
568,1759948
377,1759980
493,1760012
192,1760044
319,1760076
512,1760108
781,1760140
976,1760172
1213,1760204
1434,1760236
1673,1760268
1855,1760300
2139,1760332
2217,1760364
1598,1760396
1744,1760428
1136,1760460
940,1760492
681,1760524
484,1760556
311,1760588
36,1760620
0,1760652
28,1760684
247,1760716
475,1760748
633,1760780
925,1760812
1597,1760844
1338,1760876
2041,1760908
2224,1760940
2174,1760972
1981,1761004
1710,1761036
1151,1761068
1240,1761100
1008,1761132
895,1761164
523,1761196
298,1761228
189,1761260
359,1761292
239,1761324
846,1761356
686,1761388
1294,1761420
1500,1761452
1418,1761484
1967,1761516
2206,1761548
1815,1761580
1577,1761612
1254,1761644
1115,1761676
794,1761708
632,1761740
784,1761772
166,1761804
0,1761836
0,1761868
155,1761900
383,1761932
878,1761964
841,1761996
1420,1762028
1645,1762060
1884,1762092
2080,1762124
2362,1762156
2064,1762188
1804,1762220
1611,1762252
1337,1762284
743,1762316
874,1762348
288,1762380
67,1762412
0,1762444
0,1762476
153,1762508
336,1762540
599,1762572
873,1762604
1051,1762636
1333,1762668
1979,1762700
1790,1762732
2348,1762764
1596,1762796
1853,1762828
1577,1762860
1327,1762892
1113,1762924
888,1762956
307,1762988
416,1763020
151,1763052
440,1763084
555,1763116
761,1763148
1065,1763180
1210,1763212
1084,1763244
1758,1763276
1549,1763308
2216,1763340
2176,1763372
1532,1763404
1696,1763436
1438,1763468
907,1763500
715,1763532
410,1763564
266,1763596
0,1763628
0,1763660
441,1763692
284,1763724
511,1763756
1098,1763788
959,1763820
1229,1763852
1792,1763884
1703,1763916
2301,1763948
1806,1763980
1935,1764012
1566,1764044
1466,1764076
1198,1764108
971,1764140
368,1764172
508,1764204
249,1764236
222,1764268
427,1764300
296,1764332
876,1764364
745,1764396
1000,1764428
1195,1764460
1452,1764492
1737,1764524
1916,1764556
1726,1764588
1499,1764620
1268,1764652
1037,1764684
736,1764716
587,1764748
784,1764780
471,1764812
287,1764844
316,1764876
189,1764908
776,1764940
957,1764972
875,1765004
1417,1765036
1657,1765068
2007,1765100
2090,1765132
2203,1765164
2047,1765196
1727,1765228
1563,1765260
1304,1765292
682,1765324
517,1765356
586,1765388
58,1765420
0,1765452
300,1765484
267,1765516
750,1765548
624,1765580
953,1765612
1080,1765644
1368,1765676
2011,1765708
1833,1765740
1869,1765772
1966,1765804
1400,1765836
1177,1765868
951,1765900
717,1765932
842,1765964
176,1765996
378,1766028
168,1766060
19,1766092
634,1766124
826,1766156
1085,1766188
1277,1766220
1147,1766252
1743,1766284
1599,1766316
1838,1766348
1706,1766380
1482,1766412
1276,1766444
1017,1766476
823,1766508
647,1766540
366,1766572
199,1766604
0,1766636
0,1766668
558,1766700
703,1766732
987,1766764
1179,1766796
999,1766828
1639,1766860
1879,1766892
1737,1766924
2334,1766956
2062,1766988
1943,1767020
1583,1767052
1322,1767084
1177,1767116
860,1767148
295,1767180
479,1767212
0,1767244
0,1767276
505,1767308
348,1767340
635,1767372
1150,1767404
1081,1767436
1611,1767468
1482,1767500
1816,1767532
1832,1767564
1655,1767596
1831,1767628
1190,1767660
967,1767692
1084,1767724
507,1767756
317,1767788
55,1767820
0,1767852
381,1767884
542,1767916
841,1767948
1036,1767980
859,1768012
1498,1768044
1728,1768076
1964,1768108
2200,1768140
2156,1768172
1951,1768204
1680,1768236
1072,1768268
1214,1768300
623,1768332
426,1768364
170,1768396
0,1768428
0,1768460
40,1768492
312,1768524
825,1768556
760,1768588
987,1768620
1624,1768652
1447,1768684
2125,1768716
1866,1768748
2207,1768780
1931,1768812
1320,1768844
1455,1768876
1182,1768908
638,1768940
727,1768972
503,1769004
379,1769036
176,1769068
412,1769100
720,1769132
858,1769164
746,1769196
1366,1769228
1199,1769260
1482,1769292
2030,1769324
1946,1769356
2016,1769388
1790,1769420
1280,1769452
1319,1769484
742,1769516
605,1769548
285,1769580
110,1769612
256,1769644
0,1769676
216,1769708
396,1769740
668,1769772
895,1769804
1403,1769836
1353,1769868
1948,1769900
1726,1769932
2296,1769964
2014,1769996
1822,1770028
1550,1770060
1277,1770092
1085,1770124
825,1770156
232,1770188
361,1770220
0,1770252
0,1770284
174,1770316
400,1770348
652,1770380
846,1770412
1112,1770444
1693,1770476
1575,1770508
1851,1770540
2267,1770572
1610,1770604
1821,1770636
1080,1770668
1323,1770700
1053,1770732
434,1770764
591,1770796
362,1770828
0,1770860
426,1770892
632,1770924
957,1770956
1068,1770988
1274,1771020
1593,1771052
1728,1771084
1608,1771116
2287,1771148
1709,1771180
1482,1771212
1646,1771244
1018,1771276
1179,1771308
925,1771340
393,1771372
462,1771404
0,1771436
0,1771468
72,1771500
347,1771532
967,1771564
796,1771596
1022,1771628
1625,1771660
1479,1771692
1757,1771724
2319,1771756
1753,1771788
1881,1771820
1578,1771852
1407,1771884
1145,1771916
951,1771948
684,1771980
462,1772012
222,1772044
288,1772076
488,1772108
746,1772140
939,1772172
807,1772204
1390,1772236
1258,1772268
1514,1772300
1720,1772332
1866,1772364
1672,1772396
1384,1772428
1210,1772460
974,1772492
756,1772524
535,1772556
224,1772588
75,1772620
249,1772652
0,1772684
640,1772716
829,1772748
700,1772780
1289,1772812
1482,1772844
1387,1772876
1948,1772908
2186,1772940
2297,1772972
1902,1773004
1676,1773036
1516,1773068
1200,1773100
632,1773132
790,1773164
174,1773196
4,1773228
120,1773260
58,1773292
587,1773324
813,1773356
778,1773388
1263,1773420
1146,1773452
1467,1773484
1608,1773516
1896,1773548
2187,1773580
1530,1773612
1339,1773644
1432,1773676
887,1773708
653,1773740
713,1773772
207,1773804
318,1773836
0,1773868
496,1773900
700,1773932
956,1773964
1150,1773996
1340,1774028
1610,1774060
1805,1774092
1660,1774124
2268,1774156
1658,1774188
1422,1774220
1677,1774252
968,1774284
761,1774316
507,1774348
313,1774380
136,1774412
0,1774444
0,1774476
112,1774508
413,1774540
1079,1774572
798,1774604
1511,1774636
1703,1774668
1512,1774700
2169,1774732
2284,1774764
1673,1774796
1804,1774828
1531,1774860
1405,1774892
1064,1774924
810,1774956
655,1774988
345,1775020
0,1775052
376,1775084
188,1775116
408,1775148
1019,1775180
857,1775212
1470,1775244
1680,1775276
1608,1775308
2144,1775340
1770,1775372
1628,1775404
1306,1775436
1130,1775468
1295,1775500
678,1775532
446,1775564
574,1775596
0,1775628
0,1775660
408,1775692
329,1775724
907,1775756
1055,1775788
1357,1775820
1562,1775852
1829,1775884
2028,1775916
2266,1775948
2136,1775980
1899,1776012
1628,1776044
955,1776076
1163,1776108
568,1776140
414,1776172
111,1776204
0,1776236
0,1776268
92,1776300
370,1776332
550,1776364
821,1776396
1341,1776428
1272,1776460
1501,1776492
1663,1776524
1964,1776556
2175,1776588
1450,1776620
1677,1776652
1401,1776684
809,1776716
936,1776748
680,1776780
133,1776812
206,1776844
271,1776876
619,1776908
701,1776940
926,1776972
1241,1777004
1384,1777036
1260,1777068
1888,1777100
1712,1777132
2232,1777164
1964,1777196
1417,1777228
1488,1777260
1260,1777292
775,1777324
799,1777356
234,1777388
93,1777420
0,1777452
17,1777484
618,1777516
458,1777548
729,1777580
1274,1777612
1177,1777644
1407,1777676
1931,1777708
1881,1777740
2237,1777772
1997,1777804
1760,1777836
1496,1777868
1292,1777900
1024,1777932
760,1777964
571,1777996
301,1778028
0,1778060
87,1778092
237,1778124
460,1778156
685,1778188
910,1778220
1176,1778252
1369,1778284
1638,1778316
2222,1778348
1738,1778380
1556,1778412
1735,1778444
1094,1778476
1291,1778508
568,1778540
811,1778572
541,1778604
0,1778636
253,1778668
491,1778700
373,1778732
942,1778764
1134,1778796
1479,1778828
1594,1778860
1802,1778892
2119,1778924
2255,1778956
1658,1778988
1870,1779020
1184,1779052
1388,1779084
1128,1779116
516,1779148
664,1779180
412,1779212
0,1779244
237,1779276
124,1779308
442,1779340
1017,1779372
858,1779404
1487,1779436
1310,1779468
1544,1779500
2153,1779532
1881,1779564
1693,1779596
1784,1779628
1227,1779660
1353,1779692
775,1779724
889,1779756
630,1779788
427,1779820
154,1779852
350,1779884
576,1779916
800,1779948
1002,1779980
888,1780012
1456,1780044
1319,1780076
1920,1780108
1785,1780140
1801,1780172
1530,1780204
1326,1780236
1150,1780268
875,1780300
696,1780332
471,1780364
248,1780396
21,1780428
0,1780460
88,1780492
733,1780524
490,1780556
1161,1780588
1351,1780620
1533,1780652
1817,1780684
2010,1780716
1915,1780748
2111,1780780
1885,1780812
1759,1780844
1372,1780876
1149,1780908
1001,1780940
682,1780972
526,1781004
268,1781036
0,1781068
120,1781100
640,1781132
580,1781164
1098,1781196
1335,1781228
1291,1781260
1531,1781292
1660,1781324
1981,1781356
1646,1781388
1477,1781420
1645,1781452
1014,1781484
827,1781516
921,1781548
375,1781580
153,1781612
0,1781644
0,1781676
568,1781708
352,1781740
1014,1781772
1214,1781804
1472,1781836
1676,1781868
1880,1781900
1751,1781932
2215,1781964
1595,1781996
1739,1782028
1133,1782060
907,1782092
680,1782124
446,1782156
251,1782188
5,1782220
0,1782252
26,1782284
207,1782316
478,1782348
635,1782380
934,1782412
1595,1782444
1310,1782476
2040,1782508
2235,1782540
2205,1782572
1983,1782604
1753,1782636
1149,1782668
1276,1782700
1006,1782732
892,1782764
553,1782796
288,1782828
199,1782860
359,1782892
248,1782924
891,1782956
688,1782988
920,1783020
1536,1783052
1370,1783084
2008,1783116
2208,1783148
1767,1783180
1576,1783212
1255,1783244
1114,1783276
794,1783308
620,1783340
781,1783372
168,1783404
0,1783436
240,1783468
119,1783500
381,1783532
573,1783564
840,1783596
1423,1783628
1581,1783660
1887,1783692
2092,1783724
2347,1783756
2076,1783788
1851,1783820
1214,1783852
1370,1783884
1103,1783916
908,1783948
648,1783980
61,1784012
185,1784044
0,1784076
156,1784108
346,1784140
604,1784172
875,1784204
1062,1784236
1334,1784268
1868,1784300
1798,1784332
1909,1784364
1596,1784396
1433,1784428
1645,1784460
1325,1784492
1149,1784524
878,1784556
307,1784588
415,1784620
139,1784652
28,1784684
568,1784716
793,1784748
1135,1784780
1213,1784812
1450,1784844
1759,1784876
1915,1784908
1776,1784940
2174,1784972
1531,1785004
1694,1785036
1434,1785068
904,1785100
713,1785132
748,1785164
264,1785196
286,1785228
0,1785260
105,1785292
239,1785324
522,1785356
1134,1785388
968,1785420
1239,1785452
1432,1785484
1703,1785516
1933,1785548
2096,1785580
1577,1785612
1706,1785644
1467,1785676
1232,1785708
972,1785740
346,1785772
502,1785804
248,1785836
232,1785868
429,1785900
299,1785932
888,1785964
745,1785996
972,1786028
1196,1786060
1432,1786092
1691,1786124
1883,1786156
1675,1786188
1802,1786220
1212,1786252
1036,1786284
1198,1786316
582,1786348
779,1786380
472,1786412
283,1786444
317,1786476
153,1786508
779,1786540
1005,1786572
884,1786604
1464,1786636
1660,1786668
2009,1786700
2136,1786732
2200,1786764
2041,1786796
1722,1786828
1132,1786860
1340,1786892
681,1786924
864,1786956
608,1786988
7,1787020
0,1787052
304,1787084
234,1787116
751,1787148
635,1787180
952,1787212
1086,1787244
1370,1787276
2013,1787308
1838,1787340
1831,1787372
1962,1787404
1355,1787436
1175,1787468
1262,1787500
713,1787532
841,1787564
265,1787596
365,1787628
182,1787660
21,1787692
638,1787724
863,1787756
1096,1787788
1322,1787820
1516,1787852
1788,1787884
1992,1787916
1839,1787948
2090,1787980
1471,1788012
1274,1788044
1017,1788076
1082,1788108
636,1788140
364,1788172
185,1788204
0,1788236
0,1788268
141,1788300
763,1788332
599,1788364
1248,1788396
1001,1788428
1689,1788460
1881,1788492
1741,1788524
2335,1788556
2048,1788588
1495,1788620
1580,1788652
1344,1788684
1231,1788716
860,1788748
635,1788780
478,1788812
170,1788844
313,1788876
507,1788908
351,1788940
644,1788972
1162,1789004
1084,1789036
1614,1789068
1863,1789100
1818,1789132
2190,1789164
1594,1789196
1453,1789228
1129,1789260
956,1789292
1128,1789324
506,1789356
317,1789388
400,1789420
0,1789452
47,1789484
277,1789516
503,1789548
1082,1789580
864,1789612
1536,1789644
1738,1789676
2015,1789708
2204,1789740
2156,1789772
1951,1789804
1676,1789836
1072,1789868
1215,1789900
621,1789932
394,1789964
169,1789996
0,1790028
0,1790060
11,1790092
265,1790124
537,1790156
714,1790188
988,1790220
1627,1790252
1448,1790284
2123,1790316
1837,1790348
2203,1790380
1928,1790412
1273,1790444
1451,1790476
1225,1790508
635,1790540
760,1790572
494,1790604
377,1790636
216,1790668
425,1790700
717,1790732
872,1790764
749,1790796
1414,1790828
1208,1790860
1432,1790892
2075,1790924
1880,1790956
2045,1790988
1801,1791020
1240,1791052
1310,1791084
730,1791116
600,1791148
286,1791180
108,1791212
261,1791244
0,1791276
187,1791308
762,1791340
631,1791372
893,1791404
1083,1791436
1353,1791468
1951,1791500
2110,1791532
2285,1791564
2014,1791596
1817,1791628
1548,1791660
1309,1791692
1082,1791724
848,1791756
589,1791788
393,1791820
119,1791852
0,1791884
541,1791916
408,1791948
666,1791980
859,1792012
1114,1792044
1390,1792076
1576,1792108
1863,1792140
1847,1792172
1611,1792204
1373,1792236
1071,1792268
920,1792300
1119,1792332
426,1792364
639,1792396
365,1792428
0,1792460
431,1792492
623,1792524
539,1792556
1080,1792588
1308,1792620
1660,1792652
1739,1792684
1980,1792716
2297,1792748
2076,1792780
1470,1792812
1646,1792844
1017,1792876
1176,1792908
922,1792940
390,1792972
448,1793004
236,1793036
0,1793068
411,1793100
300,1793132
615,1793164
748,1793196
1034,1793228
1660,1793260
1484,1793292
1769,1793324
1944,1793356
1751,1793388
1513,1793420
1566,1793452
1053,1793484
1182,1793516
941,1793548
716,1793580
456,1793612
252,1793644
296,1793676
490,1793708
747,1793740
940,1793772
811,1793804
1401,1793836
1260,1793868
1495,1793900
1722,1793932
1829,1793964
1614,1793996
1356,1794028
1151,1794060
979,1794092
700,1794124
523,1794156
695,1794188
72,1794220
251,1794252
0,1794284
651,1794316
842,1794348
665,1794380
1289,1794412
1529,1794444
1396,1794476
1994,1794508
2191,1794540
2128,1794572
1932,1794604
1675,1794636
1515,1794668
1198,1794700
620,1794732
826,1794764
172,1794796
346,1794828
157,1794860
22,1794892
620,1794924
815,1794956
745,1794988
1273,1795020
1148,1795052
1466,1795084
1610,1795116
1898,1795148
2173,1795180
1528,1795212
1303,1795244
1434,1795276
841,1795308
663,1795340
745,1795372
205,1795404
313,1795436
0,1795468
495,1795500
696,1795532
957,1795564
1160,1795596
1386,1795628
1613,1795660
1856,1795692
2048,1795724
2303,1795756
2029,1795788
1420,1795820
1562,1795852
957,1795884
762,1795916
504,1795948
310,1795980
124,1796012
0,1796044
0,1796076
199,1796108
424,1796140
651,1796172
810,1796204
1111,1796236
1776,1796268
1515,1796300
2221,1796332
2271,1796364
1671,1796396
1803,1796428
1529,1796460
1288,1796492
1056,1796524
840,1796556
727,1796588
348,1796620
105,1796652
379,1796684
535,1796716
827,1796748
1022,1796780
860,1796812
1144,1796844
1689,1796876
1608,1796908
2154,1796940
2140,1796972
1639,1797004
1660,1797036
1070,1797068
937,1797100
618,1797132
453,1797164
606,1797196
0,1797228
0,1797260
424,1797292
329,1797324
567,1797356
791,1797388
1013,1797420
1600,1797452
1386,1797484
2075,1797516
2268,1797548
2171,1797580
1900,1797612
1626,1797644
1422,1797676
1159,1797708
559,1797740
699,1797772
106,1797804
0,1797836
0,1797868
71,1797900
329,1797932
512,1797964
778,1797996
1051,1798028
1226,1798060
1510,1798092
2165,1798124
1960,1798156
2172,1798188
1416,1798220
1677,1798252
1391,1798284
762,1798316
927,1798348
712,1798380
427,1798412
238,1798444
279,1798476
621,1798508
746,1798540
938,1798572
1242,1798604
1387,1798636
1260,1798668
1944,1798700
1727,1798732
1821,1798764
1998,1798796
1354,1798828
1516,1798860
1260,1798892
729,1798924
798,1798956
231,1798988
88,1799020
185,1799052
19,1799084
621,1799116
468,1799148
695,1799180
1276,1799212
1143,1799244
1415,1799276
1607,1799308
1881,1799340
2231,1799372
1918,1799404
1757,1799436
1484,1799468
1289,1799500
1024,1799532
795,1799564
566,1799596
333,1799628
138,1799660
411,1799692
604,1799724
474,1799756
1054,1799788
921,1799820
1174,1799852
1372,1799884
1638,1799916
1917,1799948
1726,1799980
1548,1800012
1320,1800044
1095,1800076
861,1800108
893,1800140
412,1800172
605,1800204
0,1800236
303,1800268
493,1800300
669,1800332
943,1800364
1136,1800396
1051,1800428
1597,1800460
1839,1800492
2189,1800524
2250,1800556
2014,1800588
1868,1800620
1536,1800652
958,1800684
1119,1800716
508,1800748
663,1800780
400,1800812
0,1800844
238,1800876
476,1800908
444,1800940
671,1800972
808,1801004
1129,1801036
1260,1801068
1548,1801100
2199,1801132
1878,1801164
1687,1801196
1414,1801228
1214,1801260
1001,1801292
1049,1801324
541,1801356
656,1801388
429,1801420
180,1801452
352,1801484
630,1801516
812,1801548
1002,1801580
890,1801612
1464,1801644
1322,1801676
1931,1801708
1787,1801740
1768,1801772
1532,1801804
1296,1801836
1098,1801868
843,1801900
647,1801932
471,1801964
198,1801996
20,1802028
235,1802060
89,1802092
741,1802124
460,1802156
1164,1802188
1357,1802220
1578,1802252
1819,1802284
2059,1802316
1916,1802348
2156,1802380
1880,1802412
1755,1802444
1406,1802476
1146,1802508
991,1802540
683,1802572
111,1802604
313,1802636
0,1802668
478,1802700
681,1802732
522,1802764
1131,1802796
1336,1802828
1256,1802860
1531,1802892
1672,1802924
1978,1802956
1646,1802988
1477,1803020
1645,1803052
1007,1803084
791,1803116
920,1803148
329,1803180
142,1803212
221,1803244
0,1803276
569,1803308
445,1803340
1017,1803372
1216,1803404
1479,1803436
1680,1803468
1917,1803500
1756,1803532
2252,1803564
1978,1803596
1771,1803628
1497,1803660
904,1803692
1039,1803724
446,1803756
261,1803788
2,1803820
0,1803852
29,1803884
217,1803916
477,1803948
715,1803980
937,1804012
1165,1804044
1321,1804076
1627,1804108
2313,1804140
2204,1804172
2025,1804204
1741,1804236
1147,1804268
1275,1804300
1003,1804332
459,1804364
540,1804396
319,1804428
265,1804460
364,1804492
591,1804524
895,1804556
1052,1804588
1343,1804620
1536,1804652
1372,1804684
1671,1804716
2208,1804748
1764,1804780
1565,1804812
1612,1804844
1111,1804876
1144,1804908
560,1804940
429,1804972
120,1805004
0,1805036
271,1805068
123,1805100
392,1805132
937,1805164
843,1805196
1071,1805228
1303,1805260
1529,1805292
2138,1805324
1886,1805356
2108,1805388
1836,1805420
1192,1805452
1368,1805484
1088,1805516
905,1805548
638,1805580
47,1805612
184,1805644
0,1805676
126,1805708
350,1805740
584,1805772
840,1805804
1024,1805836
1289,1805868
1564,1805900
1753,1805932
1898,1805964
1583,1805996
1432,1806028
1643,1806060
1322,1806092
1147,1806124
876,1806156
247,1806188
411,1806220
179,1806252
39,1806284
604,1806316
799,1806348
1133,1806380
1246,1806412
1451,1806444
1769,1806476
1918,1806508
1786,1806540
2208,1806572
1520,1806604
1302,1806636
1467,1806668
842,1806700
669,1806732
746,1806764
218,1806796
281,1806828
0,1806860
107,1806892
240,1806924
524,1806956
1145,1806988
970,1807020
1207,1807052
1806,1807084
1660,1807116
1946,1807148
1757,1807180
1565,1807212
1695,1807244
1388,1807276
1227,1807308
970,1807340
336,1807372
506,1807404
282,1807436
235,1807468
462,1807500
664,1807532
924,1807564
1117,1807596
974,1807628
1581,1807660
1435,1807692
1694,1807724
1872,1807756
1674,1807788
1492,1807820
1210,1807852
1031,1807884
1099,1807916
582,1807948
349,1807980
510,1808012
0,1808044
383,1808076
155,1808108
827,1808140
1007,1808172
886,1808204
1469,1808236
1662,1808268
1565,1808300
2124,1808332
2224,1808364
2109,1808396
1720,1808428
1487,1808460
1335,1808492
1023,1808524
446,1808556
606,1808588
2,1808620
0,1808652
313,1808684
236,1808716
764,1808748
990,1808780
952,1808812
1447,1808844
1320,1808876
1645,1808908
1776,1808940
1817,1808972
2000,1809004
1351,1809036
1164,1809068
900,1809100
711,1809132
485,1809164
536,1809196
28,1809228
207,1809260
26,1809292
680,1809324
874,1809356
1132,1809388
1328,1809420
1519,1809452
1791,1809484
1992,1809516
1848,1809548
2089,1809580
1469,1809612
1242,1809644
1007,1809676
780,1809708
587,1809740
332,1809772
136,1809804
236,1809836
0,1809868
151,1809900
763,1809932
599,1809964
1245,1809996
972,1810028
1691,1810060
1883,1810092
1694,1810124
2331,1810156
2094,1810188
1492,1810220
1624,1810252
1353,1810284
1229,1810316
888,1810348
633,1810380
476,1810412
169,1810444
0,1810476
554,1810508
360,1810540
586,1810572
1196,1810604
1036,1810636
1660,1810668
1864,1810700
1784,1810732
2191,1810764
1584,1810796
1448,1810828
1128,1810860
952,1810892
1117,1810924
500,1810956
281,1810988
396,1811020
0,1811052
56,1811084
591,1811116
505,1811148
1081,1811180
1239,1811212
1534,1811244
1744,1811276
2011,1811308
2208,1811340
2189,1811372
1948,1811404
1720,1811436
1438,1811468
1247,1811500
976,1811532
392,1811564
525,1811596
0,1811628
0,1811660
22,1811692
268,1811724
538,1811756
718,1811788
999,1811820
1227,1811852
1451,1811884
1691,1811916
1838,1811948
1784,1811980
1995,1812012
1264,1812044
1487,1812076
1215,1812108
635,1812140
685,1812172
488,1812204
0,1812236
219,1812268
457,1812300
799,1812332
876,1812364
1112,1812396
1421,1812428
1565,1812460
1437,1812492
2076,1812524
1880,1812556
1705,1812588
1787,1812620
1238,1812652
1308,1812684
1085,1812716
589,1812748
624,1812780
56,1812812
0,1812844
0,1812876
188,1812908
796,1812940
632,1812972
904,1813004
1452,1813036
1358,1813068
1593,1813100
2127,1813132
1917,1813164
2048,1813196
1359,1813228
1578,1813260
1308,1813292
1116,1813324
856,1813356
586,1813388
382,1813420
109,1813452
0,1813484
540,1813516
413,1813548
644,1813580
1339,1813612
1098,1813644
1349,1813676
1549,1813708
1806,1813740
1845,1813772
1549,1813804
1369,1813836
1068,1813868
917,1813900
1115,1813932
390,1813964
632,1813996
359,1814028
0,1814060
431,1814092
668,1814124
542,1814156
1128,1814188
1310,1814220
1656,1814252
1773,1814284
1981,1814316
2301,1814348
2074,1814380
1470,1814412
1680,1814444
1008,1814476
792,1814508
944,1814540
334,1814572
480,1814604
238,1814636
0,1814668
414,1814700
300,1814732
616,1814764
750,1814796
1036,1814828
1661,1814860
1482,1814892
1723,1814924
2314,1814956
1704,1814988
1511,1815020
1598,1815052
1051,1815084
1177,1815116
876,1815148
711,1815180
456,1815212
239,1815244
302,1815276
535,1815308
750,1815340
988,1815372
1178,1815404
1447,1815436
1641,1815468
1488,1815500
1804,1815532
1820,1815564
1613,1815596
1354,1815628
1147,1815660
968,1815692
698,1815724
521,1815756
584,1815788
71,1815820
0,1815852
0,1815884
263,1815916
911,1815948
668,1815980
1339,1816012
1534,1816044
1399,1816076
1997,1816108
2190,1816140
1836,1816172
1928,1816204
1696,1816236
1579,1816268
1194,1816300
971,1816332
815,1816364
506,1816396
0,1816428
168,1816460
26,1816492
621,1816524
825,1816556
748,1816588
1277,1816620
1513,1816652
1468,1816684
1980,1816716
1849,1816748
1801,1816780
1468,1816812
1292,1816844
1456,1816876
842,1816908
651,1816940
736,1816972
204,1817004
0,1817036
208,1817068
159,1817100
734,1817132
959,1817164
1194,1817196
1390,1817228
1658,1817260
1864,1817292
2043,1817324
2303,1817356
2027,1817388
1408,1817420
1256,1817452
955,1817484
731,1817516
503,1817548
271,1817580
76,1817612
0,1817644
0,1817676
492,1817708
380,1817740
663,1817772
1275,1817804
1113,1817836
1783,1817868
1488,1817900
2230,1817932
2279,1817964
1619,1817996
1799,1818028
1566,1818060
969,1818092
1098,1818124
830,1818156
717,1818188
368,1818220
103,1818252
383,1818284
537,1818316
424,1818348
1070,1818380
863,1818412
1516,1818444
1724,1818476
1548,1818508
2187,1818540
2137,1818572
1580,1818604
1656,1818636
1070,1818668
935,1818700
1061,1818732
454,1818764
601,1818796
0,1818828
0,1818860
416,1818892
295,1818924
557,1818956
1102,1818988
1016,1819020
1609,1819052
1467,1819084
2073,1819116
2270,1819148
2169,1819180
1896,1819212
1658,1819244
1420,1819276
1194,1819308
925,1819340
364,1819372
463,1819404
0,1819436
202,1819468
74,1819500
333,1819532
512,1819564
778,1819596
1052,1819628
1230,1819660
1511,1819692
1751,1819724
1958,1819756
1725,1819788
1408,1819820
1259,1819852
1451,1819884
752,1819916
973,1819948
703,1819980
424,1820012
235,1820044
283,1820076
205,1820108
732,1820140
971,1820172
1321,1820204
1390,1820236
1629,1820268
1947,1820300
2095,1820332
2263,1820364
1992,1820396
1353,1820428
1180,1820460
1257,1820492
726,1820524
797,1820556
574,1820588
87,1820620
0,1820652
0,1820684
285,1820716
424,1820748
696,1820780
1320,1820812
1148,1820844
1419,1820876
1982,1820908
1882,1820940
1855,1820972
1625,1821004
1389,1821036
1518,1821068
847,1821100
1054,1821132
794,1821164
600,1821196
334,1821228
141,1821260
46,1821292
616,1821324
464,1821356
1055,1821388
924,1821420
1160,1821452
1375,1821484
1612,1821516
1870,1821548
1704,1821580
1496,1821612
1309,1821644
1036,1821676
858,1821708
556,1821740
407,1821772
601,1821804
0,1821836
301,1821868
492,1821900
714,1821932
955,1821964
1184,1821996
1054,1822028
1642,1822060
1848,1822092
2199,1822124
2280,1822156
2013,1822188
1865,1822220
1544,1822252
954,1822284
1161,1822316
496,1822348
280,1822380
427,1822412
0,1822444
280,1822476
478,1822508
412,1822540
681,1822572
815,1822604
1130,1822636
1261,1822668
1549,1822700
2201,1822732
1868,1822764
1642,1822796
1776,1822828
1179,1822860
989,1822892
728,1822924
538,1822956
655,1822988
361,1823020
173,1823052
362,1823084
619,1823116
816,1823148
1040,1823180
895,1823212
1502,1823244
1704,1823276
1977,1823308
2168,1823340
1758,1823372
1902,1823404
1294,1823436
1098,1823468
840,1823500
648,1823532
459,1823564
190,1823596
16,1823628
141,1823660
89,1823692
316,1823724
462,1823756
763,1823788
1437,1823820
1581,1823852
1869,1823884
2062,1823916
1925,1823948
2151,1823980
1869,1824012
1319,1824044
1392,1824076
1168,1824108
1055,1824140
681,1824172
442,1824204
303,1824236
188,1824268
79,1824300
684,1824332
527,1824364
1134,1824396
1341,1824428
1260,1824460
1533,1824492
2042,1824524
1977,1824556
1999,1824588
1405,1824620
1273,1824652
953,1824684
782,1824716
942,1824748
330,1824780
136,1824812
0,1824844
8,1824876
231,1824908
731,1824940
671,1824972
1258,1825004
1483,1825036
1724,1825068
1920,1825100
1738,1825132
2248,1825164
1968,1825196
1771,1825228
1500,1825260
895,1825292
1024,1825324
443,1825356
221,1825388
0,1825420
0,1825452
1,1825484
186,1825516
444,1825548
1006,1825580
892,1825612
1174,1825644
1806,1825676
1630,1825708
2313,1825740
2201,1825772
2023,1825804
1741,1825836
1096,1825868
1263,1825900
1048,1825932
466,1825964
584,1825996
316,1826028
269,1826060
394,1826092
591,1826124
904,1826156
1051,1826188
926,1826220
1597,1826252
1384,1826284
2048,1826316
2256,1826348
1702,1826380
1527,1826412
1598,1826444
1064,1826476
1136,1826508
555,1826540
424,1826572
106,1826604
0,1826636
279,1826668
134,1826700
363,1826732
937,1826764
807,1826796
1079,1826828
1628,1826860
1533,1826892
2139,1826924
1977,1826956
2107,1826988
1834,1827020
1184,1827052
1368,1827084
1134,1827116
904,1827148
672,1827180
412,1827212
207,1827244
266,1827276
138,1827308
717,1827340
587,1827372
842,1827404
1038,1827436
1290,1827468
1576,1827500
1754,1827532
1896,1827564
1661,1827596
1430,1827628
1196,1827660
1372,1827692
744,1827724
941,1827756
251,1827788
461,1827820
169,1827852
39,1827884
615,1827916
800,1827948
715,1827980
1248,1828012
1486,1828044
1847,1828076
1919,1828108
2157,1828140
2216,1828172
1895,1828204
1727,1828236
1464,1828268
841,1828300
668,1828332
745,1828364
216,1828396
280,1828428
135,1828460
119,1828492
591,1828524
476,1828556
793,1828588
922,1828620
1208,1828652
1850,1828684
1671,1828716
1949,1828748
2136,1828780
1562,1828812
1337,1828844
1100,1828876
877,1828908
1002,1828940
334,1828972
538,1829004
270,1829036
272,1829068
472,1829100
670,1829132
927,1829164
1119,1829196
976,1829228
1593,1829260
1440,1829292
1675,1829324
1882,1829356
1642,1829388
1437,1829420
1178,1829452
973,1829484
798,1829516
526,1829548
346,1829580
507,1829612
0,1829644
395,1829676
134,1829708
827,1829740
1017,1829772
840,1829804
1469,1829836
1712,1829868
1578,1829900
2174,1829932
2221,1829964
2105,1829996
1743,1830028
1486,1830060
1327,1830092
1019,1830124
456,1830156
640,1830188
3,1830220
0,1830252
346,1830284
197,1830316
800,1830348
1000,1830380
919,1830412
1450,1830444
1322,1830476
1655,1830508
1788,1830540
1818,1830572
1991,1830604
1350,1830636
1127,1830668
1258,1830700
664,1830732
487,1830764
221,1830796
26,1830828
219,1830860
382,1830892
681,1830924
876,1830956
1135,1830988
1336,1831020
1566,1831052
1803,1831084
2041,1831116
2233,1831148
2121,1831180
1849,1831212
1242,1831244
1372,1831276
780,1831308
585,1831340
319,1831372
126,1831404
0,1831436
0,1831468
153,1831500
379,1831532
603,1831564
829,1831596
976,1831628
1278,1831660
1961,1831692
1702,1831724
2377,1831756
2095,1831788
1482,1831820
1623,1831852
1341,1831884
795,1831916
879,1831948
656,1831980
542,1832012
158,1832044
255,1832076
571,1832108
704,1832140
590,1832172
1208,1832204
1036,1832236
1661,1832268
1868,1832300
1784,1832332
2185,1832364
1958,1832396
1447,1832428
1480,1832460
894,1832492
763,1832524
445,1832556
278,1832588
426,1832620
0,1832652
55,1832684
246,1832716
506,1832748
733,1832780
1243,1832812
1195,1832844
1786,1832876
2011,1832908
2252,1832940
2186,1832972
1992,1833004
1708,1833036
1436,1833068
1243,1833100
984,1833132
384,1833164
510,1833196
0,1833228
0,1833260
23,1833292
251,1833324
504,1833356
697,1833388
951,1833420
1224,1833452
1404,1833484
1690,1833516
2344,1833548
1771,1833580
1981,1833612
1239,1833644
1484,1833676
1215,1833708
584,1833740
759,1833772
524,1833804
0,1833836
266,1833868
456,1833900
651,1833932
909,1833964
1115,1833996
1419,1834028
1567,1834060
1440,1834092
2126,1834124
1872,1834156
2078,1834188
1816,1834220
1178,1834252
1339,1834284
1083,1834316
552,1834348
620,1834380
47,1834412
0,1834444
0,1834476
188,1834508
798,1834540
644,1834572
871,1834604
1464,1834636
1326,1834668
1593,1834700
2158,1834732
1915,1834764
2045,1834796
1447,1834828
1567,1834860
1306,1834892
1111,1834924
846,1834956
618,1834988
380,1835020
139,1835052
317,1835084
588,1835116
780,1835148
640,1835180
1229,1835212
1099,1835244
1353,1835276
1552,1835308
1820,1835340
1837,1835372
1550,1835404
1368,1835436
1135,1835468
907,1835500
683,1835532
383,1835564
232,1835596
425,1835628
0,1835660
487,1835692
671,1835724
543,1835756
1129,1835788
1322,1835820
1545,1835852
1776,1835884
2026,1835916
2379,1835948
2064,1835980
1836,1836012
1679,1836044
1368,1836076
1209,1836108
943,1836140
330,1836172
165,1836204
0,1836236
0,1836268
415,1836300
652,1836332
622,1836364
1103,1836396
982,1836428
1307,1836460
1438,1836492
1726,1836524
2351,1836556
1690,1836588
1499,1836620
1594,1836652
1047,1836684
823,1836716
599,1836748
361,1836780
480,1836812
0,1836844
334,1836876
538,1836908
798,1836940
992,1836972
1182,1837004
1449,1837036
1643,1837068
1499,1837100
2108,1837132
1818,1837164
1582,1837196
1352,1837228
1128,1837260
922,1837292
666,1837324
472,1837356
287,1837388
17,1837420
0,1837452
427,1837484
267,1837516
920,1837548
646,1837580
1339,1837612
1534,1837644
1354,1837676
1997,1837708
2239,1837740
2173,1837772
1967,1837804
1691,1837836
1577,1837868
1225,1837900
968,1837932
815,1837964
506,1837996
0,1838028
213,1838060
27,1838092
260,1838124
862,1838156
698,1838188
1308,1838220
1516,1838252
1435,1838284
1981,1838316
1851,1838348
1799,1838380
1933,1838412
1288,1838444
1465,1838476
827,1838508
615,1838540
736,1838572
155,1838604
0,1838636
0,1838668
169,1838700
743,1838732
904,1838764
1197,1838796
1390,1838828
1670,1838860
1866,1838892
2095,1838924
2300,1838956
2061,1838988
1790,1839020
1591,1839052
1320,1839084
720,1839116
859,1839148
270,1839180
80,1839212
0,1839244
0,1839276
203,1839308
390,1839340
663,1839372
888,1839404
1114,1839436
1340,1839468
1496,1839500
1804,1839532
2335,1839564
1609,1839596
1839,1839628
1563,1839660
1277,1839692
1097,1839724
827,1839756
294,1839788
364,1839820
123,1839852
460,1839884
539,1839916
766,1839948
1080,1839980
1224,1840012
1102,1840044
1725,1840076
1560,1840108
2190,1840140
2126,1840172
1578,1840204
1656,1840236
1422,1840268
925,1840300
715,1840332
390,1840364
253,1840396
0,1840428
0,1840460
458,1840492
308,1840524
569,1840556
748,1840588
1015,1840620
1257,1840652
1772,1840684
1721,1840716
2316,1840748
2157,1840780
1920,1840812
1657,1840844
1454,1840876
1184,1840908
920,1840940
731,1840972
462,1841004
0,1841036
217,1841068
77,1841100
302,1841132
528,1841164
762,1841196
1007,1841228
1210,1841260
1465,1841292
1751,1841324
1900,1841356
1716,1841388
1899,1841420
1256,1841452
1461,1841484
720,1841516
967,1841548
699,1841580
456,1841612
231,1841644
328,1841676
213,1841708
792,1841740
976,1841772
1319,1841804
1431,1841836
1643,1841868
1949,1841900
2104,1841932
1822,1841964
2031,1841996
1342,1842028
1548,1842060
1289,1842092
668,1842124
823,1842156
572,1842188
43,1842220
0,1842252
0,1842284
283,1842316
424,1842348
698,1842380
1323,1842412
1156,1842444
1383,1842476
1984,1842508
1847,1842540
1851,1842572
1946,1842604
1385,1842636
1517,1842668
926,1842700
1053,1842732
790,1842764
589,1842796
330,1842828
184,1842860
58,1842892
649,1842924
840,1842956
1111,1842988
1295,1843020
1163,1843052
1758,1843084
1615,1843116
1880,1843148
1695,1843180
1486,1843212
1307,1843244
1034,1843276
855,1843308
630,1843340
407,1843372
187,1843404
0,1843436
0,1843468
567,1843500
720,1843532
1003,1843564
1191,1843596
1054,1843628
1657,1843660
1850,1843692
1755,1843724
2282,1843756
2043,1843788
1931,1843820
1533,1843852
1306,1843884
1161,1843916
848,1843948
688,1843980
424,1844012
0,1844044
0,1844076
480,1844108
412,1844140
683,1844172
1176,1844204
1133,1844236
1628,1844268
1496,1844300
1831,1844332
1816,1844364
1640,1844396
1807,1844428
1174,1844460
988,1844492
1079,1844524
535,1844556
313,1844588
87,1844620
0,1844652
408,1844684
203,1844716
856,1844748
1050,1844780
875,1844812
1502,1844844
1707,1844876
1977,1844908
2186,1844940
1756,1844972
1901,1845004
1290,1845036
1066,1845068
832,1845100
616,1845132
408,1845164
155,1845196
0,1845228
0,1845260
47,1845292
327,1845324
464,1845356
775,1845388
1431,1845420
1583,1845452
1879,1845484
2063,1845516
1880,1845548
2143,1845580
1916,1845612
1308,1845644
1436,1845676
1174,1845708
1052,1845740
704,1845772
447,1845804
297,1845836
191,1845868
89,1845900
732,1845932
537,1845964
760,1845996
1375,1846028
1210,1846060
1496,1846092
2044,1846124
1928,1846156
1999,1846188
1405,1846220
1271,1846252
954,1846284
780,1846316
939,1846348
328,1846380
105,1846412
208,1846444
0,1846476
221,1846508
411,1846540
681,1846572
1261,1846604
1419,1846636
1725,1846668
1930,1846700
1739,1846732
2238,1846764
2008,1846796
1758,1846828
1530,1846860
1262,1846892
1067,1846924
810,1846956
219,1846988
347,1847020
0,1847052
3,1847084
189,1847116
444,1847148
723,1847180
894,1847212
1174,1847244
1708,1847276
1628,1847308
1868,1847340
2255,1847372
1595,1847404
1808,1847436
1094,1847468
1311,1847500
1039,1847532
455,1847564
575,1847596
304,1847628
0,1847660
406,1847692
636,1847724
971,1847756
1054,1847788
1288,1847820
1599,1847852
1752,1847884
1616,1847916
2256,1847948
1695,1847980
1518,1848012
1598,1848044
1064,1848076
1131,1848108
908,1848140
415,1848172
445,1848204
0,1848236
333,1848268
88,1848300
361,1848332
972,1848364
810,1848396
1083,1848428
1262,1848460
1543,1848492
1771,1848524
2264,1848556
1739,1848588
1870,1848620
1182,1848652
1392,1848684
1131,1848716
928,1848748
668,1848780
407,1848812
204,1848844
267,1848876
140,1848908
719,1848940
589,1848972
815,1849004
1036,1849036
1272,1849068
1527,1849100
1736,1849132
1837,1849164
1961,1849196
1370,1849228
1192,1849260
1367,1849292
734,1849324
939,1849356
218,1849388
444,1849420
165,1849452
4,1849484
616,1849516
844,1849548
724,1849580
1306,1849612
1496,1849644
1847,1849676
1961,1849708
2169,1849740
2205,1849772
1881,1849804
1292,1849836
1500,1849868
831,1849900
614,1849932
767,1849964
166,1849996
302,1850028
137,1850060
75,1850092
602,1850124
476,1850156
793,1850188
927,1850220
1210,1850252
1853,1850284
1673,1850316
1911,1850348
2126,1850380
1513,1850412
1325,1850444
1421,1850476
863,1850508
991,1850540
697,1850572
535,1850604
268,1850636
271,1850668
476,1850700
704,1850732
936,1850764
1164,1850796
1358,1850828
1624,1850860
1821,1850892
1676,1850924
2253,1850956
1642,1850988
1434,1851020
1168,1851052
972,1851084
796,1851116
524,1851148
344,1851180
123,1851212
0,1851244
0,1851276
139,1851308
439,1851340
1095,1851372
842,1851404
1517,1851436
1721,1851468
1576,1851500
2185,1851532
2223,1851564
1657,1851596
1743,1851628
1512,1851660
1401,1851692
1018,1851724
793,1851756
638,1851788
332,1851820
0,1851852
348,1851884
190,1851916
472,1851948
992,1851980
922,1852012
1452,1852044
1694,1852076
1655,1852108
2158,1852140
1754,1852172
1623,1852204
1287,1852236
1118,1852268
1279,1852300
664,1852332
476,1852364
560,1852396
24,1852428
0,1852460
382,1852492
345,1852524
920,1852556
713,1852588
1372,1852620
1566,1852652
1847,1852684
2042,1852716
2237,1852748
2123,1852780
1840,1852812
1242,1852844
1373,1852876
781,1852908
554,1852940
799,1852972
103,1853004
0,1853036
0,1853068
105,1853100
380,1853132
556,1853164
828,1853196
986,1853228
1288,1853260
1964,1853292
1676,1853324
2363,1853356
2091,1853388
1433,1853420
1611,1853452
1384,1853484
794,1853516
923,1853548
655,1853580
527,1853612
188,1853644
264,1853676
569,1853708
712,1853740
590,1853772
1246,1853804
1039,1853836
1271,1853868
1911,1853900
1736,1853932
2208,1853964
1961,1853996
1400,1854028
1479,1854060
892,1854092
759,1854124
441,1854156
266,1854188
413,1854220
0,1854252
28,1854284
602,1854316
472,1854348
733,1854380
1280,1854412
1193,1854444
1789,1854476
1946,1854508
2253,1854540
2185,1854572
1977,1854604
1708,1854636
1472,1854668
1240,1854700
1014,1854732
746,1854764
553,1854796
285,1854828
0,1854860
93,1854892
251,1854924
504,1854956
702,1854988
959,1855020
1227,1855052
1406,1855084
1693,1855116
2238,1855148
1770,1855180
1543,1855212
1231,1855244
1080,1855276
1277,1855308
583,1855340
797,1855372
523,1855404
0,1855436
271,1855468
460,1855500
379,1855532
921,1855564
1150,1855596
1495,1855628
1577,1855660
1816,1855692
2127,1855724
2238,1855756
1640,1855788
1806,1855820
1175,1855852
1327,1855884
1082,1855916
541,1855948
616,1855980
395,1856012
0,1856044
253,1856076
140,1856108
458,1856140
588,1856172
872,1856204
1498,1856236
1324,1856268
1607,1856300
2168,1856332
1912,1856364
1675,1856396
1728,1856428
1213,1856460
1338,1856492
1103,1856524
888,1856556
608,1856588
412,1856620
136,1856652
332,1856684
589,1856716
784,1856748
652,1856780
950,1856812
1099,1856844
1327,1856876
1562,1856908
1798,1856940
1783,1856972
1517,1857004
1316,1857036
1437,1857068
858,1857100
689,1857132
853,1857164
222,1857196
414,1857228
0,1857260
491,1857292
672,1857324
503,1857356
1129,1857388
1369,1857420
1237,1857452
1824,1857484
2025,1857516
2377,1857548
2095,1857580
1834,1857612
1678,1857644
1368,1857676
780,1857708
986,1857740
332,1857772
507,1857804
251,1857836
0,1857868
457,1857900
656,1857932
587,1857964
1113,1857996
988,1858028
1307,1858060
1913,1858092
1735,1858124
2341,1858156
1692,1858188
1465,1858220
1596,1858252
999,1858284
811,1858316
905,1858348
359,1858380
477,1858412
0,1858444
333,1858476
538,1858508
797,1858540
1000,1858572
1232,1858604
1452,1858636
1689,1858668
1884,1858700
1769,1858732
2190,1858764
1581,1858796
1726,1858828
1116,1858860
920,1858892
665,1858924
464,1858956
283,1858988
19,1859020
0,1859052
45,1859084
265,1859116
492,1859148
648,1859180
949,1859212
1613,1859244
1355,1859276
2059,1859308
2249,1859340
2154,1859372
1967,1859404
1691,1859436
1135,1859468
1216,1859500
992,1859532
879,1859564
496,1859596
272,1859628
217,1859660
366,1859692
666,1859724
864,1859756
702,1859788
986,1859820
1518,1859852
1438,1859884
1983,1859916
2222,1859948
1790,1859980
1561,1860012
1230,1860044
1097,1860076
778,1860108
604,1860140
764,1860172
151,1860204
0,1860236
255,1860268
200,1860300
399,1860332
631,1860364
857,1860396
1438,1860428
1224,1860460
1902,1860492
2108,1860524
2334,1860556
2062,1860588
1785,1860620
1197,1860652
1312,1860684
720,1860716
857,1860748
266,1860780
41,1860812
0,1860844
0,1860876
169,1860908
364,1860940
618,1860972
892,1861004
1070,1861036
1352,1861068
1501,1861100
1812,1861132
2333,1861164
1580,1861196
1836,1861228
1550,1861260
1312,1861292
1087,1861324
864,1861356
283,1861388
400,1861420
119,1861452
459,1861484
584,1861516
778,1861548
1081,1861580
1228,1861612
1104,1861644
1784,1861676
1561,1861708
1799,1861740
2158,1861772
1517,1861804
1679,1861836
1421,1861868
887,1861900
701,1861932
391,1861964
248,1861996
0,1862028
0,1862060
457,1862092
303,1862124
535,1862156
1115,1862188
983,1862220
1255,1862252
1438,1862284
1719,1862316
2325,1862348
2087,1862380
1927,1862412
1656,1862444
1451,1862476
1184,1862508
957,1862540
358,1862572
492,1862604
234,1862636
249,1862668
444,1862700
313,1862732
894,1862764
763,1862796
1015,1862828
1212,1862860
1470,1862892
1754,1862924
1893,1862956
1716,1862988
1785,1863020
1255,1863052
1019,1863084
717,1863116
568,1863148
761,1863180
457,1863212
267,1863244
331,1863276
216,1863308
791,1863340
984,1863372
891,1863404
1438,1863436
1673,1863468
2025,1863500
2107,1863532
2176,1863564
2029,1863596
1707,1863628
1116,1863660
1278,1863692
665,1863724
814,1863756
560,1863788
40,1863820
0,1863852
320,1863884
283,1863916
777,1863948
652,1863980
969,1864012
1101,1864044
1385,1864076
2030,1864108
1848,1864140
1852,1864172
1572,1864204
1385,1864236
1149,1864268
1208,1864300
699,1864332
823,1864364
585,1864396
360,1864428
190,1864460
27,1864492
664,1864524
846,1864556
1103,1864588
1305,1864620
1162,1864652
1760,1864684
1623,1864716
1862,1864748
1694,1864780
1465,1864812
1258,1864844
1002,1864876
807,1864908
910,1864940
355,1864972
169,1865004
331,1865036
0,1865068
573,1865100
720,1865132
1006,1865164
1197,1865196
1016,1865228
1655,1865260
1902,1865292
1756,1865324
2318,1865356
2045,1865388
1919,1865420
1564,1865452
1305,1865484
1152,1865516
843,1865548
271,1865580
462,1865612
0,1865644
330,1865676
524,1865708
366,1865740
651,1865772
1179,1865804
1096,1865836
1631,1865868
1501,1865900
1833,1865932
1816,1865964
1638,1865996
1805,1866028
1165,1866060
942,1866092
1069,1866124
487,1866156
311,1866188
392,1866220
0,1866252
409,1866284
295,1866316
857,1866348
1056,1866380
876,1866412
1514,1866444
1752,1866476
1982,1866508
2223,1866540
2139,1866572
1933,1866604
1663,1866636
1055,1866668
1199,1866700
605,1866732
412,1866764
151,1866796
0,1866828
0,1866860
57,1866892
327,1866924
555,1866956
778,1866988
1003,1867020
1643,1867052
1464,1867084
2143,1867116
1884,1867148
2189,1867180
1913,1867212
1305,1867244
1435,1867276
1164,1867308
631,1867340
702,1867372
475,1867404
361,1867436
203,1867468
427,1867500
734,1867532
889,1867564
1181,1867596
1384,1867628
1226,1867660
1502,1867692
2048,1867724
1928,1867756
1998,1867788
1770,1867820
1271,1867852
1295,1867884
720,1867916
585,1867948
268,1867980
102,1868012
238,1868044
0,1868076
232,1868108
778,1868140
683,1868172
917,1868204
1134,1868236
1369,1868268
1967,1868300
1742,1868332
2272,1868364
1998,1868396
1805,1868428
1532,1868460
1260,1868492
1067,1868524
799,1868556
215,1868588
344,1868620
0,1868652
0,1868684
190,1868716
422,1868748
678,1868780
872,1868812
1128,1868844
1403,1868876
1583,1868908
1877,1868940
2248,1868972
1594,1869004
1803,1869036
1064,1869068
1305,1869100
1039,1869132
409,1869164
585,1869196
350,1869228
0,1869260
444,1869292
638,1869324
975,1869356
1087,1869388
1288,1869420
1599,1869452
1754,1869484
1624,1869516
2304,1869548
1691,1869580
1464,1869612
1629,1869644
1000,1869676
1165,1869708
904,1869740
379,1869772
440,1869804
0,1869836
0,1869868
90,1869900
364,1869932
983,1869964
814,1869996
1047,1870028
1632,1870060
1497,1870092
1773,1870124
1927,1870156
1727,1870188
1869,1870220
1548,1870252
1389,1870284
1134,1870316
933,1870348
668,1870380
444,1870412
202,1870444
314,1870476
504,1870508
763,1870540
957,1870572
816,1870604
1421,1870636
1274,1870668
1531,1870700
1737,1870732
1836,1870764
1653,1870796
1360,1870828
1191,1870860
967,1870892
733,1870924
509,1870956
208,1870988
55,1871020
221,1871052
5,1871084
665,1871116
857,1871148
724,1871180
1307,1871212
1499,1871244
1406,1871276
1964,1871308
2206,1871340
2271,1871372
1883,1871404
1646,1871436
1499,1871468
1184,1871500
616,1871532
764,1871564
155,1871596
302,1871628
140,1871660
78,1871692
601,1871724
838,1871756
795,1871788
1280,1871820
1158,1871852
1481,1871884
1625,1871916
1916,1871948
2157,1871980
1512,1872012
1323,1872044
1062,1872076
871,1872108
639,1872140
696,1872172
189,1872204
298,1872236
281,1872268
512,1872300
764,1872332
974,1872364
1176,1872396
1359,1872428
1627,1872460
1834,1872492
1678,1872524
2252,1872556
1630,1872588
1402,1872620
1167,1872652
943,1872684
744,1872716
488,1872748
294,1872780
118,1872812
0,1872844
0,1872876
603,1872908
442,1872940
1097,1872972
814,1873004
1528,1873036
1721,1873068
1530,1873100
2187,1873132
2264,1873164
1655,1873196
1786,1873228
1503,1873260
1241,1873292
1047,1873324
793,1873356
636,1873388
318,1873420
0,1873452
395,1873484
201,1873516
842,1873548
1038,1873580
875,1873612
1498,1873644
1696,1873676
1623,1873708
2158,1873740
1752,1873772
1613,1873804
1288,1873836
1114,1873868
1277,1873900
660,1873932
439,1873964
556,1873996
0,1874028
0,1874060
430,1874092
348,1874124
925,1874156
797,1874188
1382,1874220
1578,1874252
1849,1874284
2044,1874316
2283,1874348
2112,1874380
1883,1874412
1611,1874444
1407,1874476
1136,1874508
551,1874540
684,1874572
93,1874604
0,1874636
0,1874668
110,1874700
379,1874732
568,1874764
839,1874796
1065,1874828
1292,1874860
1527,1874892
1680,1874924
1944,1874956
2159,1874988
1424,1875020
1659,1875052
1385,1875084
794,1875116
917,1875148
650,1875180
412,1875212
186,1875244
296,1875276
635,1875308
716,1875340
944,1875372
1259,1875404
1403,1875436
1707,1875468
1914,1875500
1737,1875532
1866,1875564
1945,1875596
1400,1875628
1468,1875660
1244,1875692
757,1875724
782,1875756
216,1875788
77,1875820
0,1875852
27,1875884
636,1875916
474,1875948
750,1875980
1290,1876012
1196,1876044
1433,1876076
1660,1876108
1897,1876140
2218,1876172
1519,1876204
1740,1876236
1468,1876268
1272,1876300
1016,1876332
745,1876364
544,1876396
283,1876428
0,1876460
381,1876492
254,1876524
476,1876556
703,1876588
936,1876620
1190,1876652
1387,1876684
1645,1876716
1941,1876748
1718,1876780
1531,1876812
1709,1876844
1078,1876876
1275,1876908
552,1876940
793,1876972
521,1877004
0,1877036
267,1877068
511,1877100
687,1877132
968,1877164
1152,1877196
1495,1877228
1614,1877260
1821,1877292
2137,1877324
2235,1877356
1629,1877388
1851,1877420
1175,1877452
948,1877484
1112,1877516
492,1877548
648,1877580
384,1877612
0,1877644
263,1877676
143,1877708
456,1877740
1037,1877772
874,1877804
1501,1877836
1325,1877868
1562,1877900
2171,1877932
1863,1877964
1675,1877996
1399,1878028
1209,1878060
1337,1878092
1023,1878124
873,1878156
608,1878188
409,1878220
132,1878252
374,1878284
592,1878316
827,1878348
1019,1878380
1280,1878412
1482,1878444
1336,1878476
1945,1878508
1791,1878540
1774,1878572
1504,1878604
1320,1878636
1132,1878668
857,1878700
680,1878732
456,1878764
223,1878796
4,1878828
0,1878860
102,1878892
751,1878924
507,1878956
1179,1878988
1371,1879020
1550,1879052
1837,1879084
2028,1879116
1931,1879148
2092,1879180
1865,1879212
1739,1879244
1355,1879276
1131,1879308
975,1879340
668,1879372
105,1879404
249,1879436
0,1879468
462,1879500
668,1879532
588,1879564
1116,1879596
1354,1879628
1308,1879660
1549,1879692
1678,1879724
1965,1879756
1630,1879788
1453,1879820
1630,1879852
990,1879884
811,1879916
550,1879948
363,1879980
137,1880012
170,1880044
16,1880076
574,1880108
807,1880140
1048,1880172
1230,1880204
1497,1880236
1692,1880268
1887,1880300
2157,1880332
2189,1880364
1579,1880396
1721,1880428
1114,1880460
880,1880492
656,1880524
430,1880556
235,1880588
0,1880620
0,1880652
51,1880684
230,1880716
502,1880748
1127,1880780
951,1880812
1612,1880844
1328,1880876
2063,1880908
2253,1880940
2187,1880972
1963,1881004
1725,1881036
1131,1881068
1259,1881100
988,1881132
875,1881164
526,1881196
269,1881228
221,1881260
377,1881292
267,1881324
910,1881356
704,1881388
1359,1881420
1562,1881452
1388,1881484
2030,1881516
2235,1881548
1742,1881580
1559,1881612
1229,1881644
1095,1881676
778,1881708
602,1881740
765,1881772
150,1881804
0,1881836
254,1881868
137,1881900
408,1881932
952,1881964
859,1881996
1437,1882028
1319,1882060
1911,1882092
2108,1882124
2327,1882156
2058,1882188
1820,1882220
1198,1882252
1353,1882284
1084,1882316
892,1882348
631,1882380
42,1882412
167,1882444
0,1882476
174,1882508
363,1882540
622,1882572
893,1882604
1069,1882636
1352,1882668
1579,1882700
1817,1882732
1883,1882764
1577,1882796
1415,1882828
1626,1882860
1293,1882892
1133,1882924
861,1882956
280,1882988
396,1883020
115,1883052
45,1883084
584,1883116
810,1883148
1149,1883180
1229,1883212
1466,1883244
1785,1883276
1932,1883308
2237,1883340
2157,1883372
1514,1883404
1338,1883436
1420,1883468
878,1883500
696,1883532
731,1883564
237,1883596
266,1883628
0,1883660
119,1883692
255,1883724
539,1883756
1160,1883788
986,1883820
1256,1883852
1816,1883884
1720,1883916
1961,1883948
1787,1883980
1559,1884012
1678,1884044
1005,1884076
1228,1884108
956,1884140
325,1884172
492,1884204
224,1884236
252,1884268
447,1884300
316,1884332
588,1884364
765,1884396
990,1884428
1214,1884460
1449,1884492
1710,1884524
1864,1884556
1658,1884588
1481,1884620
1192,1884652
1015,1884684
713,1884716
566,1884748
760,1884780
441,1884812
263,1884844
335,1884876
178,1884908
793,1884940
1021,1884972
890,1885004
1484,1885036
1676,1885068
2027,1885100
2142,1885132
2173,1885164
2025,1885196
1707,1885228
1115,1885260
1323,1885292
655,1885324
440,1885356
590,1885388
0,1885420
0,1885452
329,1885484
263,1885516
777,1885548
652,1885580
969,1885612
1104,1885644
1388,1885676
2029,1885708
1852,1885740
1802,1885772
1946,1885804
1335,1885836
1148,1885868
875,1885900
697,1885932
813,1885964
511,1885996
351,1886028
190,1886060
31,1886092
656,1886124
892,1886156
1114,1886188
1343,1886220
1531,1886252
1807,1886284
2008,1886316
1856,1886348
2064,1886380
1454,1886412
1257,1886444
990,1886476
804,1886508
618,1886540
346,1886572
168,1886604
223,1886636
0,1886668
155,1886700
783,1886732
615,1886764
1263,1886796
1018,1886828
1707,1886860
1901,1886892
1756,1886924
2317,1886956
2030,1886988
1476,1887020
1562,1887052
1328,1887084
1215,1887116
831,1887148
616,1887180
457,1887212
151,1887244
0,1887276
524,1887308
368,1887340
652,1887372
1181,1887404
1100,1887436
1640,1887468
1882,1887500
1835,1887532
2172,1887564
1576,1887596
1433,1887628
1112,1887660
950,1887692
1104,1887724
485,1887756
299,1887788
31,1887820
0,1887852
73,1887884
573,1887916
523,1887948
1098,1887980
888,1888012
1562,1888044
1756,1888076
2026,1888108
2224,1888140
2138,1888172
1932,1888204
1659,1888236
1064,1888268
1195,1888300
604,1888332
380,1888364
144,1888396
0,1888428
0,1888460
25,1888492
282,1888524
847,1888556
741,1888588
1015,1888620
1645,1888652
1466,1888684
2151,1888716
1862,1888748
2187,1888780
1913,1888812
1255,1888844
1423,1888876
1211,1888908
617,1888940
746,1888972
477,1889004
349,1889036
235,1889068
440,1889100
747,1889132
891,1889164
768,1889196
1434,1889228
1216,1889260
1450,1889292
2092,1889324
1864,1889356
2028,1889388
1770,1889420
1223,1889452
1293,1889484
716,1889516
583,1889548
267,1889580
88,1889612
233,1889644
0,1889676
200,1889708
782,1889740
649,1889772
920,1889804
1466,1889836
1373,1889868
1977,1889900
2128,1889932
2267,1889964
1996,1889996
1799,1890028
1528,1890060
1291,1890092
1066,1890124
830,1890156
572,1890188
368,1890220
99,1890252
0,1890284
558,1890316
426,1890348
683,1890380
878,1890412
1132,1890444
1415,1890476
1584,1890508
1880,1890540
1831,1890572
1592,1890604
1356,1890636
1065,1890668
894,1890700
1101,1890732
397,1890764
617,1890796
345,1890828
0,1890860
455,1890892
638,1890924
557,1890956
1096,1890988
1326,1891020
1675,1891052
1755,1891084
1997,1891116
2316,1891148
2059,1891180
1454,1891212
1625,1891244
990,1891276
826,1891308
895,1891340
376,1891372
428,1891404
208,1891436
0,1891468
432,1891500
314,1891532
637,1891564
766,1891596
1050,1891628
1680,1891660
1498,1891692
1783,1891724
2296,1891756
1724,1891788
1497,1891820
1547,1891852
1033,1891884
1162,1891916
491,1891948
698,1891980
440,1892012
232,1892044
316,1892076
508,1892108
775,1892140
960,1892172
826,1892204
1419,1892236
1279,1892268
1516,1892300
2237,1892332
1806,1892364
1597,1892396
1336,1892428
1134,1892460
955,1892492
682,1892524
504,1892556
206,1892588
55,1892620
215,1892652
0,1892684
667,1892716
859,1892748
680,1892780
1309,1892812
1548,1892844
1414,1892876
2012,1892908
2205,1892940
2269,1892972
1914,1893004
1647,1893036
1497,1893068
1181,1893100
604,1893132
799,1893164
155,1893196
0,1893228
183,1893260
40,1893292
638,1893324
842,1893356
762,1893388
1288,1893420
1165,1893452
1484,1893484
1628,1893516
1918,1893548
2157,1893580
1512,1893612
1276,1893644
1418,1893676
826,1893708
635,1893740
720,1893772
183,1893804
295,1893836
221,1893868
523,1893900
716,1893932
983,1893964
1176,1893996
1406,1894028
1632,1894060
1878,1894092
2074,1894124
2283,1894156
2010,1894188
1392,1894220
1243,1894252
940,1894284
745,1894316
479,1894348
294,1894380
104,1894412
0,1894444
2,1894476
506,1894508
441,1894540
669,1894572
825,1894604
1125,1894636
1801,1894668
1532,1894700
2249,1894732
2255,1894764
1651,1894796
1783,1894828
1502,1894860
953,1894892
1040,1894924
815,1894956
699,1894988
331,1895020
75,1895052
399,1895084
555,1895116
432,1895148
1048,1895180
878,1895212
1497,1895244
1696,1895276
1624,1895308
2168,1895340
2120,1895372
1610,1895404
1641,1895436
1062,1895468
922,1895500
602,1895532
428,1895564
586,1895596
0,1895628
0,1895660
440,1895692
349,1895724
583,1895756
1083,1895788
1023,1895820
1626,1895852
1853,1895884
2092,1895916
2286,1895948
2154,1895980
1880,1896012
1600,1896044
1405,1896076
1133,1896108
540,1896140
393,1896172
91,1896204
0,1896236
0,1896268
90,1896300
344,1896332
538,1896364
1227,1896396
1358,1896428
1243,1896460
1528,1896492
2183,1896524
1940,1896556
2154,1896588
1400,1896620
1655,1896652
1373,1896684
742,1896716
911,1896748
686,1896780
115,1896812
220,1896844
301,1896876
635,1896908
749,1896940
954,1896972
1259,1897004
1406,1897036
1278,1897068
1964,1897100
1738,1897132
2239,1897164
1978,1897196
1336,1897228
1500,1897260
1241,1897292
712,1897324
781,1897356
216,1897388
64,1897420
155,1897452
29,1897484
637,1897516
487,1897548
711,1897580
1294,1897612
1161,1897644
1433,1897676
1994,1897708
1901,1897740
2205,1897772
1609,1897804
1741,1897836
1470,1897868
1270,1897900
1004,1897932
793,1897964
544,1897996
317,1898028
154,1898060
61,1898092
621,1898124
488,1898156
1068,1898188
938,1898220
1194,1898252
1391,1898284
1648,1898316
1943,1898348
1710,1898380
1530,1898412
1303,1898444
1068,1898476
843,1898508
539,1898540
392,1898572
585,1898604
0,1898636
319,1898668
512,1898700
688,1898732
971,1898764
1160,1898796
1067,1898828
1615,1898860
1856,1898892
2217,1898924
2235,1898956
1996,1898988
1849,1899020
1518,1899052
1359,1899084
1102,1899116
491,1899148
322,1899180
381,1899212
0,1899244
265,1899276
492,1899308
458,1899340
697,1899372
816,1899404
1144,1899436
1276,1899468
1579,1899500
2218,1899532
1860,1899564
1675,1899596
1770,1899628
1207,1899660
975,1899692
749,1899724
525,1899756
650,1899788
0,1899820
152,1899852
378,1899884
636,1899916
840,1899948
1022,1899980
908,1900012
1485,1900044
1340,1900076
1948,1900108
1803,1900140
1744,1900172
1512,1900204
1278,1900236
1081,1900268
824,1900300
623,1900332
444,1900364
172,1900396
0,1900428
0,1900460
113,1900492
759,1900524
486,1900556
1191,1900588
1373,1900620
1596,1900652
1836,1900684
2088,1900716
1940,1900748
2136,1900780
1864,1900812
1752,1900844
1384,1900876
1129,1900908
975,1900940
667,1900972
95,1901004
284,1901036
0,1901068
102,1901100
701,1901132
540,1901164
1150,1901196
1357,1901228
1275,1901260
1536,1901292
1688,1901324
1959,1901356
1626,1901388
1452,1901420
1625,1901452
986,1901484
775,1901516
894,1901548
312,1901580
126,1901612
0,1901644
16,1901676
585,1901708
743,1901740
1037,1901772
1232,1901804
1499,1901836
1704,1901868
1934,1901900
1774,1901932
2223,1901964
1951,1901996
1754,1902028
1486,1902060
879,1902092
1016,1902124
426,1902156
234,1902188
0,1902220
0,1902252
51,1902284
233,1902316
504,1902348
1023,1902380
953,1902412
1182,1902444
1336,1902476
1643,1902508
2331,1902540
2187,1902572
1997,1902604
1725,1902636
1129,1902668
1248,1902700
988,1902732
447,1902764
526,1902796
302,1902828
297,1902860
379,1902892
608,1902924
912,1902956
1066,1902988
942,1903020
1566,1903052
1388,1903084
2028,1903116
2234,1903148
1738,1903180
1549,1903212
1592,1903244
1096,1903276
1126,1903308
550,1903340
409,1903372
90,1903404
0,1903436
298,1903468
139,1903500
411,1903532
602,1903564
860,1903596
1095,1903628
1610,1903660
1547,1903692
2152,1903724
2327,1903756
2090,1903788
1820,1903820
1168,1903852
1352,1903884
1084,1903916
888,1903948
622,1903980
38,1904012
155,1904044
0,1904076
152,1904108
366,1904140
598,1904172
857,1904204
1050,1904236
1307,1904268
1888,1904300
1770,1904332
1880,1904364
2061,1904396
1406,1904428
1622,1904460
1307,1904492
1128,1904524
859,1904556
232,1904588
399,1904620
151,1904652
54,1904684
632,1904716
814,1904748
1159,1904780
1276,1904812
1469,1904844
1787,1904876
1933,1904908
1803,1904940
2201,1904972
1504,1905004
1709,1905036
1440,1905068
824,1905100
651,1905132
730,1905164
202,1905196
264,1905228
0,1905260
124,1905292
266,1905324
540,1905356
1161,1905388
990,1905420
1224,1905452
1822,1905484
1688,1905516
1960,1905548
2112,1905580
1546,1905612
1677,1905644
1086,1905676
1211,1905708
942,1905740
318,1905772
488,1905804
264,1905836
252,1905868
480,1905900
682,1905932
941,1905964
1135,1905996
999,1906028
1608,1906060
1455,1906092
1712,1906124
1865,1906156
1648,1906188
1467,1906220
1191,1906252
1015,1906284
791,1906316
563,1906348
333,1906380
495,1906412
0,1906444
409,1906476
173,1906508
845,1906540
1033,1906572
903,1906604
1485,1906636
1678,1906668
1582,1906700
2144,1906732
2206,1906764
2091,1906796
1705,1906828
1468,1906860
1319,1906892
1003,1906924
844,1906956
588,1906988
0,1907020
0,1907052
330,1907084
262,1907116
780,1907148
1008,1907180
971,1907212
1466,1907244
1338,1907276
1663,1907308
1800,1907340
1802,1907372
1980,1907404
1334,1907436
1147,1907468
1241,1907500
685,1907532
463,1907564
235,1907596
18,1907628
236,1907660
42,1907692
698,1907724
892,1907756
1152,1907788
1340,1907820
1535,1907852
1816,1907884
2012,1907916
1868,1907948
2064,1907980
1451,1908012
1225,1908044
989,1908076
764,1908108
568,1908140
314,1908172
111,1908204
0,1908236
0,1908268
167,1908300
791,1908332
616,1908364
1275,1908396
1472,1908428
1708,1908460
1913,1908492
1720,1908524
2303,1908556
2078,1908588
1467,1908620
1600,1908652
1325,1908684
1211,1908716
871,1908748
616,1908780
456,1908812
141,1908844
0,1908876
574,1908908
377,1908940
602,1908972
1214,1909004
1050,1909036
1676,1909068
1884,1909100
1801,1909132
2170,1909164
1574,1909196
1431,1909228
1115,1909260
935,1909292
1097,1909324
488,1909356
253,1909388
380,1909420
0,1909452
63,1909484
263,1909516
523,1909548
1101,1909580
1260,1909612
1565,1909644
1760,1909676
2027,1909708
2236,1909740
2171,1909772
1930,1909804
1694,1909836
1423,1909868
1229,1909900
968,1909932
377,1909964
505,1909996
0,1910028
0,1910060
31,1910092
296,1910124
567,1910156
745,1910188
1014,1910220
1245,1910252
1468,1910284
1707,1910316
1864,1910348
1767,1910380
1979,1910412
1246,1910444
1471,1910476
1199,1910508
616,1910540
735,1910572
464,1910604
0,1910636
238,1910668
475,1910700
813,1910732
891,1910764
1129,1910796
1436,1910828
1584,1910860
1454,1910892
2094,1910924
1855,1910956
2027,1910988
1760,1911020
1222,1911052
1289,1911084
1072,1911116
583,1911148
602,1911180
40,1911212
0,1911244
0,1911276
204,1911308
812,1911340
650,1911372
921,1911404
1110,1911436
1375,1911468
1613,1911500
2137,1911532
1899,1911564
2030,1911596
1787,1911628
1560,1911660
1290,1911692
1098,1911724
840,1911756
571,1911788
368,1911820
87,1911852
0,1911884
568,1911916
430,1911948
656,1911980
875,1912012
1112,1912044
1368,1912076
1574,1912108
1831,1912140
1819,1912172
1531,1912204
1355,1912236
1531,1912268
892,1912300
1099,1912332
366,1912364
616,1912396
335,1912428
0,1912460
457,1912492
696,1912524
565,1912556
1145,1912588
1336,1912620
1528,1912652
1791,1912684
2000,1912716
2317,1912748
2047,1912780
1452,1912812
1664,1912844
990,1912876
1182,1912908
926,1912940
314,1912972
460,1913004
216,1913036
0,1913068
440,1913100
330,1913132
635,1913164
767,1913196
1052,1913228
1680,1913260
1512,1913292
1751,1913324
2287,1913356
1675,1913388
1495,1913420
1582,1913452
1033,1913484
1150,1913516
583,1913548
695,1913580
430,1913612
219,1913644
316,1913676
542,1913708
778,1913740
1004,1913772
1195,1913804
1463,1913836
1661,1913868
1513,1913900
2127,1913932
1800,1913964
1597,1913996
1336,1914028
1132,1914060
955,1914092
681,1914124
503,1914156
283,1914188
51,1914220
0,1914252
0,1914284
280,1914316
927,1914348
685,1914380
1359,1914412
1550,1914444
1415,1914476
2013,1914508
2208,1914540
2141,1914572
1914,1914604
1678,1914636
1561,1914668
1179,1914700
954,1914732
799,1914764
491,1914796
328,1914828
184,1914860
39,1914892
313,1914924
843,1914956
764,1914988
1292,1915020
1532,1915052
1495,1915084
1998,1915116
1866,1915148
1784,1915180
1450,1915212
1276,1915244
1452,1915276
812,1915308
635,1915340
718,1915372
183,1915404
0,1915436
0,1915468
185,1915500
762,1915532
553,1915564
1212,1915596
1406,1915628
1679,1915660
1882,1915692
2075,1915724
2283,1915756
2009,1915788
1391,1915820
1532,1915852
937,1915884
714,1915916
477,1915948
254,1915980
57,1916012
0,1916044
0,1916076
220,1916108
407,1916140
680,1916172
1294,1916204
1128,1916236
1800,1916268
1512,1916300
2237,1916332
2253,1916364
1595,1916396
1775,1916428
1546,1916460
1262,1916492
1082,1916524
823,1916556
699,1916588
352,1916620
77,1916652
408,1916684
555,1916716
439,1916748
1086,1916780
879,1916812
1116,1916844
1742,1916876
1574,1916908
2205,1916940
2111,1916972
1562,1917004
1641,1917036
1051,1917068
909,1917100
1039,1917132
424,1917164
583,1917196
0,1917228
0,1917260
438,1917292
315,1917324
584,1917356
775,1917388
1035,1917420
1625,1917452
1785,1917484
2093,1917516
2288,1917548
2141,1917580
1870,1917612
1641,1917644
1402,1917676
1168,1917708
905,1917740
713,1917772
447,1917804
0,1917836
220,1917868
93,1917900
349,1917932
541,1917964
806,1917996
1077,1918028
1255,1918060
1533,1918092
1768,1918124
1932,1918156
1704,1918188
1392,1918220
1239,1918252
1439,1918284
734,1918316
959,1918348
685,1918380
408,1918412
217,1918444
311,1918476
221,1918508
759,1918540
989,1918572
1335,1918604
1415,1918636
1647,1918668
1967,1918700
2112,1918732
1800,1918764
1968,1918796
1328,1918828
1488,1918860
1241,1918892
700,1918924
777,1918956
555,1918988
71,1919020
0,1919052
0,1919084
301,1919116
430,1919148
716,1919180
1338,1919212
1164,1919244
1437,1919276
1627,1919308
1901,1919340
1837,1919372
1896,1919404
1373,1919436
1502,1919468
1263,1919500
1039,1919532
774,1919564
585,1919596
314,1919628
168,1919660
429,1919692
623,1919724
491,1919756
1072,1919788
941,1919820
1177,1919852
1392,1919884
1638,1919916
1895,1919948
1678,1919980
1478,1920012
1302,1920044
1016,1920076
840,1920108
1019,1920140
382,1920172
583,1920204
0,1920236
327,1920268
522,1920300
734,1920332
971,1920364
1200,1920396
1079,1920428
1673,1920460
1866,1920492
2216,1920524
2265,1920556
1996,1920588
1839,1920620
1518,1920652
937,1920684
1145,1920716
487,1920748
669,1920780
415,1920812
0,1920844
300,1920876
506,1920908
429,1920940
699,1920972
831,1921004
1147,1921036
1294,1921068
1574,1921100
2221,1921132
1860,1921164
1623,1921196
1760,1921228
1151,1921260
971,1921292
1065,1921324
509,1921356
635,1921388
71,1921420
163,1921452
380,1921484
637,1921516
842,1921548
1071,1921580
911,1921612
1528,1921644
1722,1921676
1993,1921708
2191,1921740
1741,1921772
1884,1921804
1279,1921836
1080,1921868
814,1921900
622,1921932
442,1921964
172,1921996
0,1922028
0,1922060
115,1922092
343,1922124
489,1922156
792,1922188
1451,1922220
1596,1922252
1897,1922284
2079,1922316
1944,1922348
2137,1922380
1854,1922412
1293,1922444
1376,1922476
1151,1922508
1040,1922540
665,1922572
439,1922604
279,1922636
206,1922668
507,1922700
704,1922732
552,1922764
826,1922796
1358,1922828
1276,1922860
1559,1922892
2061,1922924
1960,1922956
1983,1922988
1388,1923020
1257,1923052
936,1923084
762,1923116
926,1923148
310,1923180
122,1923212
198,1923244
24,1923276
249,1923308
462,1923340
697,1923372
1274,1923404
1065,1923436
1742,1923468
1934,1923500
1766,1923532
2222,1923564
1950,1923596
1754,1923628
1481,1923660
877,1923692
1018,1923724
424,1923756
202,1923788
0,1923820
0,1923852
20,1923884
204,1923916
459,1923948
733,1923980
907,1924012
1191,1924044
1337,1924076
1653,1924108
2331,1924140
2185,1924172
1996,1924204
1726,1924236
1077,1924268
1255,1924300
1022,1924332
440,1924364
568,1924396
297,1924428
301,1924460
413,1924492
618,1924524
923,1924556
1067,1924588
942,1924620
2137,1924652
2206,1924684
2234,1924716
2267,1924748
1686,1924780
1501,1924812
1582,1924844
1038,1924876
1116,1924908
548,1924940
407,1924972
90,1925004
0,1925036
301,1925068
140,1925100
377,1925132
958,1925164
823,1925196
1095,1925228
1278,1925260
1549,1925292
2155,1925324
2253,1925356
2079,1925388
1808,1925420
1167,1925452
1342,1925484
1117,1925516
880,1925548
652,1925580
392,1925612
187,1925644
283,1925676
158,1925708
745,1925740
601,1925772
857,1925804
1053,1925836
1306,1925868
1595,1925900
1774,1925932
1878,1925964
1947,1925996
1403,1926028
1179,1926060
1355,1926092
717,1926124
925,1926156
232,1926188
441,1926220
153,1926252
55,1926284
623,1926316
823,1926348
731,1926380
1274,1926412
1513,1926444
1855,1926476
1945,1926508
2176,1926540
2189,1926572
1880,1926604
1276,1926636
1440,1926668
826,1926700
652,1926732
720,1926764
196,1926796
256,1926828
154,1926860
135,1926892
615,1926924
491,1926956
813,1926988
942,1927020
1228,1927052
1866,1927084
1692,1927116
1965,1927148
1738,1927180
1544,1927212
1321,1927244
1369,1927276
859,1927308
973,1927340
317,1927372
512,1927404
254,1927436
297,1927468
492,1927500
686,1927532
952,1927564
1145,1927596
1002,1927628
1599,1927660
1456,1927692
1692,1927724
1851,1927756
1624,1927788
1416,1927820
1162,1927852
966,1927884
1072,1927916
505,1927948
338,1927980
491,1928012
0,1928044
411,1928076
154,1928108
844,1928140
1036,1928172
857,1928204
1487,1928236
1736,1928268
1591,1928300
2200,1928332
2205,1928364
2089,1928396
1728,1928428
1467,1928460
1310,1928492
1004,1928524
430,1928556
632,1928588
0,1928620
0,1928652
364,1928684
206,1928716
823,1928748
1017,1928780
937,1928812
1469,1928844
1340,1928876
1672,1928908
1805,1928940
1798,1928972
1975,1929004
1322,1929036
1099,1929068
1231,1929100
649,1929132
458,1929164
553,1929196
8,1929228
233,1929260
397,1929292
701,1929324
894,1929356
1161,1929388
1354,1929420
1591,1929452
1819,1929484
2061,1929516
2251,1929548
2096,1929580
1832,1929612
1215,1929644
1355,1929676
763,1929708
571,1929740
312,1929772
109,1929804
0,1929836
0,1929868
167,1929900
395,1929932
617,1929964
855,1929996
1000,1930028
1303,1930060
1981,1930092
1722,1930124
2351,1930156
2075,1930188
1464,1930220
1597,1930252
1324,1930284
789,1930316
861,1930348
637,1930380
512,1930412
139,1930444
280,1930476
575,1930508
728,1930540
604,1930572
1216,1930604
1055,1930636
1348,1930668
1887,1930700
1806,1930732
2168,1930764
1932,1930796
1431,1930828
1455,1930860
875,1930892
745,1930924
424,1930956
260,1930988
410,1931020
0,1931052
73,1931084
616,1931116
525,1931148
759,1931180
1262,1931212
1211,1931244
1804,1931276
1584,1931308
2280,1931340
2160,1931372
1968,1931404
1694,1931436
1421,1931468
1227,1931500
958,1931532
367,1931564
506,1931596
0,1931628
0,1931660
503,1931692
266,1931724
520,1931756
716,1931788
970,1931820
1243,1931852
1422,1931884
1715,1931916
1869,1931948
1755,1931980
1975,1932012
1222,1932044
1468,1932076
1195,1932108
568,1932140
733,1932172
508,1932204
0,1932236
284,1932268
477,1932300
814,1932332
928,1932364
1133,1932396
1437,1932428
1595,1932460
1952,1932492
2142,1932524
1856,1932556
1625,1932588
1789,1932620
1162,1932652
1321,1932684
1066,1932716
536,1932748
602,1932780
38,1932812
0,1932844
0,1932876
213,1932908
823,1932940
652,1932972
888,1933004
1480,1933036
1339,1933068
1613,1933100
2186,1933132
1897,1933164
2026,1933196
1720,1933228
1557,1933260
1288,1933292
1085,1933324
828,1933356
601,1933388
367,1933420
131,1933452
344,1933484
606,1933516
808,1933548
656,1933580
957,1933612
1116,1933644
1372,1933676
1578,1933708
1835,1933740
1820,1933772
1520,1933804
1352,1933836
1419,1933868
890,1933900
667,1933932
363,1933964
206,1933996
408,1934028
0,1934060
503,1934092
687,1934124
569,1934156
1146,1934188
1336,1934220
1245,1934252
1802,1934284
2041,1934316
2409,1934348
2047,1934380
1816,1934412
1661,1934444
1343,1934476
765,1934508
935,1934540
314,1934572
460,1934604
215,1934636
0,1934668
444,1934700
684,1934732
637,1934764
1128,1934796
1005,1934828
1323,1934860
1453,1934892
1752,1934924
2328,1934956
1674,1934988
1483,1935020
1579,1935052
1021,1935084
797,1935116
846,1935148
345,1935180
458,1935212
219,1935244
350,1935276
554,1935308
814,1935340
1008,1935372
1207,1935404
1467,1935436
1664,1935468
1519,1935500
1829,1935532
1791,1935564
1565,1935596
1326,1935628
1100,1935660
905,1935692
650,1935724
446,1935756
558,1935788
4,1935820
0,1935852
443,1935884
282,1935916
936,1935948
664,1935980
1357,1936012
1561,1936044
1370,1936076
2025,1936108
2264,1936140
1816,1936172
1951,1936204
1676,1936236
1550,1936268
1207,1936300
943,1936332
795,1936364
480,1936396
0,1936428
232,1936460
44,1936492
682,1936524
878,1936556
718,1936588
1327,1936620
1534,1936652
1463,1936684
2000,1936716
1867,1936748
1773,1936780
1913,1936812
1274,1936844
1437,1936876
814,1936908
599,1936940
720,1936972
136,1937004
0,1937036
267,1937068
199,1937100
763,1937132
648,1937164
1229,1937196
1416,1937228
1687,1937260
1888,1937292
2121,1937324
2272,1937356
2045,1937388
1770,1937420
1190,1937452
1296,1937484
713,1937516
843,1937548
252,1937580
58,1937612
0,1937644
0,1937676
233,1937708
408,1937740
680,1937772
907,1937804
1132,1937836
1367,1937868
1518,1937900
1832,1937932
2319,1937964
1594,1937996
1821,1938028
1547,1938060
1262,1938092
1079,1938124
811,1938156
267,1938188
346,1938220
117,1938252
472,1938284
553,1938316
784,1938348
1099,1938380
1242,1938412
1545,1938444
1752,1938476
1577,1938508
1866,1938540
2110,1938572
1562,1938604
1625,1938636
1405,1938668
919,1938700
697,1938732
368,1938764
233,1938796
0,1938828
0,1938860
474,1938892
315,1938924
583,1938956
1132,1938988
1035,1939020
1275,1939052
1497,1939084
1735,1939116
2334,1939148
1689,1939180
1912,1939212
1631,1939244
1437,1939276
1176,1939308
906,1939340
343,1939372
444,1939404
0,1939436
223,1939468
93,1939500
328,1939532
542,1939564
776,1939596
1032,1939628
1228,1939660
1484,1939692
1771,1939724
1879,1939756
1694,1939788
1879,1939820
1228,1939852
1435,1939884
710,1939916
951,1939948
683,1939980
440,1940012
215,1940044
346,1940076
231,1940108
800,1940140
990,1940172
1335,1940204
1450,1940236
1660,1940268
1975,1940300
2124,1940332
1791,1940364
2014,1940396
1325,1940428
1101,1940460
1272,1940492
648,1940524
800,1940556
552,1940588
25,1940620
0,1940652
1,1940684
299,1940716
441,1940748
717,1940780
1337,1940812
1174,1940844
1403,1940876
2008,1940908
1865,1940940
1835,1940972
1561,1941004
1369,1941036
1499,1941068
1194,1941100
1023,1941132
776,1941164
571,1941196
312,1941228
215,1941260
80,1941292
667,1941324
860,1941356
1119,1941388
1311,1941420
1177,1941452
1774,1941484
1632,1941516
1897,1941548
1676,1941580
1478,1941612
1290,1941644
1008,1941676
830,1941708
904,1941740
380,1941772
167,1941804
0,1941836
0,1941868
589,1941900
735,1941932
1020,1941964
1211,1941996
1079,1942028
1675,1942060
1868,1942092
1771,1942124
2256,1942156
2027,1942188
1913,1942220
1517,1942252
1280,1942284
1136,1942316
829,1942348
255,1942380
408,1942412
0,1942444
300,1942476
508,1942508
430,1942540
699,1942572
1191,1942604
1148,1942636
1646,1942668
1517,1942700
1851,1942732
1790,1942764
1622,1942796
1792,1942828
1157,1942860
968,1942892
708,1942924
510,1942956
297,1942988
334,1943020
0,1943052
412,1943084
648,1943116
876,1943148
1070,1943180
902,1943212
1520,1943244
1726,1943276
1992,1943308
2189,1943340
1740,1943372
1880,1943404
1276,1943436
1050,1943468
811,1943500
590,1943532
396,1943564
138,1943596
0,1943628
170,1943660
73,1943692
343,1943724
959,1943756
794,1943788
1451,1943820
1599,1943852
1896,1943884
2091,1943916
1897,1943948
2123,1943980
1896,1944012
1290,1944044
1419,1944076
1150,1944108
1035,1944140
699,1944172
431,1944204
283,1944236
219,1944268
106,1944300
748,1944332
552,1944364
1197,1944396
1400,1944428
1229,1944460
1515,1944492
1772,1944524
1911,1944556
1984,1944588
1388,1944620
1255,1944652
936,1944684
762,1944716
923,1944748
309,1944780
78,1944812
188,1944844
0,1944876
247,1944908
794,1944940
701,1944972
1291,1945004
1159,1945036
1741,1945068
1952,1945100
1758,1945132
2220,1945164
1982,1945196
1744,1945228
1514,1945260
1244,1945292
1053,1945324
781,1945356
191,1945388
330,1945420
0,1945452
21,1945484
205,1945516
462,1945548
732,1945580
910,1945612
1191,1945644
1419,1945676
1655,1945708
1894,1945740
2233,1945772
1579,1945804
1789,1945836
1070,1945868
1293,1945900
1021,1945932
443,1945964
559,1945996
288,1946028
0,1946060
413,1946092
653,1946124
991,1946156
1080,1946188
1306,1946220
1623,1946252
1768,1946284
2075,1946316
2282,1946348
1676,1946380
1500,1946412
1582,1946444
1038,1946476
1113,1946508
891,1946540
407,1946572
428,1946604
0,1946636
0,1946668
102,1946700
380,1946732
992,1946764
826,1946796
1099,1946828
1656,1946860
1559,1946892
1801,1946924
1949,1946956
1711,1946988
1850,1947020
1164,1947052
1374,1947084
1114,1947116
922,1947148
654,1947180
382,1947212
185,1947244
288,1947276
157,1947308
744,1947340
606,1947372
841,1947404
1056,1947436
1290,1947468
1547,1947500
1752,1947532
1830,1947564
1642,1947596
1353,1947628
1180,1947660
1341,1947692
723,1947724
925,1947756
198,1947788
428,1947820
165,1947852
19,1947884
635,1947916
870,1947948
731,1947980
1324,1948012
1517,1948044
1867,1948076
1979,1948108
2185,1948140
2189,1948172
1867,1948204
1276,1948236
1482,1948268
823,1948300
600,1948332
749,1948364
140,1948396
283,1948428
160,1948460
91,1948492
619,1948524
495,1948556
823,1948588
942,1948620
1230,1948652
1870,1948684
1692,1948716
1929,1948748
2107,1948780
1495,1948812
1307,1948844
1038,1948876
857,1948908
973,1948940
672,1948972
518,1949004
250,1949036
299,1949068
494,1949100
729,1949132
954,1949164
1183,1949196
1375,1949228
1642,1949260
1840,1949292
1704,1949324
2234,1949356
1624,1949388
1416,1949420
1159,1949452
954,1949484
777,1949516
506,1949548
329,1949580
107,1949612
0,1949644
4,1949676
157,1949708
455,1949740
1113,1949772
858,1949804
1547,1949836
1737,1949868
1595,1949900
2201,1949932
2203,1949964
1639,1949996
1724,1950028
1496,1950060
1375,1950092
1000,1950124
780,1950156
621,1950188
314,1950220
0,1950252
376,1950284
215,1950316
824,1950348
1020,1950380
940,1950412
1471,1950444
1712,1950476
1676,1950508
2174,1950540
1738,1950572
1597,1950604
1272,1950636
1100,1950668
1262,1950700
646,1950732
457,1950764
198,1950796
8,1950828
0,1950860
410,1950892
365,1950924
942,1950956
1163,1950988
1392,1951020
1598,1951052
1856,1951084
2062,1951116
2250,1951148
2095,1951180
1822,1951212
1216,1951244
1353,1951276
760,1951308
538,1951340
303,1951372
78,1951404
0,1951436
0,1951468
134,1951500
395,1951532
571,1951564
855,1951596
1480,1951628
1305,1951660
1981,1951692
1692,1951724
2349,1951756
2064,1951788
1415,1951820
1595,1951852
1367,1951884
787,1951916
904,1951948
637,1951980
366,1952012
168,1952044
282,1952076
587,1952108
732,1952140
616,1952172
1271,1952204
1064,1952236
1723,1952268
1929,1952300
1754,1952332
2200,1952364
1932,1952396
1383,1952428
1453,1952460
874,1952492
743,1952524
424,1952556
250,1952588
407,1952620
0,1952652
40,1952684
620,1952716
489,1952748
760,1952780
1308,1952812
1213,1952844
1805,1952876
1677,1952908
2269,1952940
2168,1952972
1974,1953004
1690,1953036
1455,1953068
1230,1953100
991,1953132
731,1953164
537,1953196
269,1953228
0,1953260
399,1953292
279,1953324
526,1953356
718,1953388
974,1953420
1245,1953452
1432,1953484
1719,1953516
1949,1953548
1752,1953580
1515,1953612
1212,1953644
1063,1953676
1261,1953708
558,1953740
779,1953772
509,1953804
0,1953836
287,1953868
488,1953900
700,1953932
937,1953964
1166,1953996
1515,1954028
1597,1954060
1834,1954092
2153,1954124
2220,1954156
2057,1954188
1788,1954220
1152,1954252
984,1954284
1055,1954316
526,1954348
600,1954380
377,1954412
0,1954444
272,1954476
166,1954508
477,1954540
615,1954572
900,1954604
1518,1954636
1350,1954668
1623,1954700
2176,1954732
1887,1954764
1659,1954796
1420,1954828
1195,1954860
1322,1954892
654,1954924
856,1954956
600,1954988
395,1955020
140,1955052
347,1955084
606,1955116
800,1955148
668,1955180
1259,1955212
1119,1955244
1350,1955276
1577,1955308
1818,1955340
1766,1955372
1500,1955404
1293,1955436
1115,1955468
840,1955500
665,1955532
827,1955564
214,1955596
397,1955628
0,1955660
507,1955692
698,1955724
529,1955756
1147,1955788
1386,1955820
1564,1955852
1849,1955884
2045,1955916
2395,1955948
2077,1955980
1808,1956012
1659,1956044
1342,1956076
763,1956108
960,1956140
304,1956172
88,1956204
235,1956236
0,1956268
476,1956300
681,1956332
603,1956364
1132,1956396
1004,1956428
1324,1956460
1931,1956492
1755,1956524
2250,1956556
1672,1956588
1437,1956620
1578,1956652
974,1956684
797,1956716
535,1956748
343,1956780
445,1956812
152,1956844
361,1956876
558,1956908
825,1956940
1018,1956972
1243,1957004
1472,1957036
1709,1957068
1902,1957100
2175,1957132
2173,1957164
1564,1957196
1704,1957228
1101,1957260
902,1957292
640,1957324
442,1957356
265,1957388
1,1957420
0,1957452
59,1957484
284,1957516
519,1957548
664,1957580
968,1957612
1625,1957644
1372,1957676
2077,1957708
2269,1957740
2136,1957772
1949,1957804
1673,1957836
1115,1957868
1199,1957900
976,1957932
861,1957964
479,1957996
254,1958028
233,1958060
384,1958092
270,1958124
889,1958156
719,1958188
1337,1958220
1536,1958252
1463,1958284
1999,1958316
2249,1958348
1772,1958380
1535,1958412
1210,1958444
1079,1958476
762,1958508
598,1958540
746,1958572
136,1958604
0,1958636
0,1958668
188,1958700
425,1958732
923,1958764
875,1958796
1452,1958828
1691,1958860
1928,1958892
2124,1958924
2330,1958956
2046,1958988
1770,1959020
1566,1959052
1294,1959084
701,1959116
842,1959148
249,1959180
25,1959212
0,1959244
0,1959276
194,1959308
380,1959340
636,1959372
917,1959404
1083,1959436
1369,1959468
2013,1959500
1834,1959532
2317,1959564
1562,1959596
1817,1959628
1545,1959660
1291,1959692
1071,1959724
845,1959756
275,1959788
383,1959820
129,1959852
475,1959884
599,1959916
797,1959948
1101,1959980
1246,1960012
1127,1960044
1803,1960076
1580,1960108
2253,1960140
2141,1960172
1497,1960204
1661,1960236
1401,1960268
871,1960300
685,1960332
366,1960364
223,1960396
0,1960428
0,1960460
477,1960492
326,1960524
552,1960556
1132,1960588
1001,1960620
1275,1960652
1835,1960684
1737,1960716
2345,1960748
1772,1960780
1897,1960812
1629,1960844
1433,1960876
1164,1960908
940,1960940
335,1960972
477,1961004
214,1961036
266,1961068
462,1961100
328,1961132
911,1961164
781,1961196
1038,1961228
1226,1961260
1488,1961292
1780,1961324
1881,1961356
1693,1961388
1464,1961420
1227,1961452
1003,1961484
701,1961516
551,1961548
749,1961580
430,1961612
251,1961644
351,1961676
231,1961708
811,1961740
1000,1961772
909,1961804
1454,1961836
1693,1961868
2047,1961900
2124,1961932
2160,1961964
2009,1961996
1692,1962028
1529,1962060
1261,1962092
640,1962124
473,1962156
544,1962188
23,1962220
0,1962252
332,1962284
311,1962316
794,1962348
676,1962380
989,1962412
1117,1962444
1404,1962476
2047,1962508
1868,1962540
1832,1962572
1931,1962604
1357,1962636
1145,1962668
916,1962700
681,1962732
800,1962764
142,1962796
334,1962828
216,1962860
58,1962892
672,1962924
864,1962956
1130,1962988
1321,1963020
1180,1963052
1787,1963084
1642,1963116
1871,1963148
1672,1963180
1446,1963212
1239,1963244
984,1963276
781,1963308
605,1963340
332,1963372
154,1963404
0,1963436
0,1963468
585,1963500
747,1963532
1024,1963564
1225,1963596
1035,1963628
1679,1963660
1916,1963692
1781,1963724
2299,1963756
2016,1963788
1901,1963820
1545,1963852
1290,1963884
1135,1963916
827,1963948
254,1963980
445,1964012
0,1964044
0,1964076
543,1964108
390,1964140
667,1964172
1195,1964204
1115,1964236
1656,1964268
1518,1964300
1852,1964332
1789,1964364
1612,1964396
1789,1964428
1147,1964460
925,1964492
1054,1964524
472,1964556
284,1964588
24,1964620
0,1964652
423,1964684
576,1964716
877,1964748
1070,1964780
904,1964812
1534,1964844
1771,1964876
2000,1964908
2239,1964940
2121,1964972
1916,1965004
1645,1965036
1040,1965068
1179,1965100
587,1965132
396,1965164
136,1965196
0,1965228
0,1965260
74,1965292
345,1965324
861,1965356
796,1965388
1022,1965420
1662,1965452
1481,1965484
2169,1965516
1900,1965548
2173,1965580
1895,1965612
1287,1965644
1417,1965676
1148,1965708
605,1965740
686,1965772
462,1965804
333,1965836
220,1965868
455,1965900
761,1965932
905,1965964
782,1965996
1404,1966028
1232,1966060
1516,1966092
2074,1966124
1900,1966156
1981,1966188
1753,1966220
1243,1966252
1278,1966284
701,1966316
569,1966348
250,1966380
78,1966412
216,1966444
1,1966476
251,1966508
441,1966540
700,1966572
927,1966604
1434,1966636
1389,1966668
1992,1966700
1760,1966732
2254,1966764
1982,1966796
1786,1966828
1504,1966860
1240,1966892
1049,1966924
780,1966956
192,1966988
317,1967020
0,1967052
1,1967084
218,1967116
440,1967148
697,1967180
893,1967212
1147,1967244
1728,1967276
1608,1967308
1886,1967340
2221,1967372
1576,1967404
1785,1967436
1038,1967468
1288,1967500
1019,1967532
392,1967564
557,1967596
328,1967628
0,1967660
458,1967692
655,1967724
1000,1967756
1104,1967788
1308,1967820
1625,1967852
1773,1967884
1642,1967916
2330,1967948
1674,1967980
1448,1968012
1611,1968044
974,1968076
1145,1968108
887,1968140
360,1968172
426,1968204
0,1968236
0,1968268
110,1968300
381,1968332
999,1968364
838,1968396
1065,1968428
1660,1968460
1517,1968492
1789,1968524
2281,1968556
1548,1968588
1849,1968620
1530,1968652
1369,1968684
1112,1968716
909,1968748
652,1968780
425,1968812
176,1968844
328,1968876
523,1968908
783,1968940
974,1968972
841,1969004
1434,1969036
1295,1969068
1550,1969100
1757,1969132
1816,1969164
1637,1969196
1353,1969228
1175,1969260
939,1969292
716,1969324
491,1969356
190,1969388
43,1969420
235,1969452
23,1969484
683,1969516
873,1969548
744,1969580
1325,1969612
1518,1969644
1431,1969676
1984,1969708
2220,1969740
2255,1969772
1867,1969804
1631,1969836
1471,1969868
1165,1969900
588,1969932
748,1969964
138,1969996
0,1970028
158,1970060
103,1970092
621,1970124
848,1970156
820,1970188
1308,1970220
1180,1970252
1499,1970284
1640,1970316
1932,1970348
2140,1970380
1494,1970412
1307,1970444
1401,1970476
844,1970508
631,1970540
670,1970572
173,1970604
280,1970636
0,1970668
538,1970700
732,1970732
1000,1970764
1192,1970796
1376,1970828
1645,1970860
1856,1970892
1704,1970924
2235,1970956
1614,1970988
1387,1971020
1643,1971052
925,1971084
720,1971116
464,1971148
271,1971180
91,1971212
0,1971244
16,1971276
157,1971308
456,1971340
1115,1971372
838,1971404
1547,1971436
1740,1971468
1555,1971500
2207,1971532
2238,1971564
1637,1971596
1768,1971628
1487,1971660
1371,1971692
1022,1971724
768,1971756
617,1971788
303,1971820
0,1971852
412,1971884
220,1971916
451,1971948
1056,1971980
890,1972012
1514,1972044
1721,1972076
1639,1972108
2186,1972140
1728,1972172
1594,1972204
1263,1972236
1095,1972268
1261,1972300
633,1972332
414,1972364
540,1972396
0,1972428
0,1972460
447,1972492
365,1972524
943,1972556
1101,1972588
1401,1972620
1598,1972652
1865,1972684
2064,1972716
2304,1972748
2095,1972780
1862,1972812
1592,1972844
1389,1972876
1120,1972908
537,1972940
379,1972972
79,1973004
0,1973036
0,1973068
136,1973100
403,1973132
582,1973164
856,1973196
1375,1973228
1306,1973260
1547,1973292
1695,1973324
1927,1973356
2139,1973388
1413,1973420
1641,1973452
1367,1973484
775,1973516
895,1973548
634,1973580
93,1973612
165,1973644
316,1973676
653,1973708
732,1973740
968,1973772
1275,1973804
1420,1973836
1296,1973868
1930,1973900
1757,1973932
2189,1973964
1929,1973996
1382,1974028
1440,1974060
1228,1974092
734,1974124
764,1974156
198,1974188
55,1974220
0,1974252
46,1974284
654,1974316
500,1974348
761,1974380
1309,1974412
1223,1974444
1449,1974476
1976,1974508
1915,1974540
2201,1974572
1951,1974604
1724,1974636
1452,1974668
1258,1974700
992,1974732
729,1974764
526,1974796
265,1974828
0,1974860
121,1974892
271,1974924
503,1974956
728,1974988
956,1975020
1208,1975052
1404,1975084
1672,1975116
2256,1975148
1691,1975180
1511,1975212
1691,1975244
1053,1975276
1259,1975308
524,1975340
776,1975372
496,1975404
0,1975436
299,1975468
537,1975500
405,1975532
976,1975564
1175,1975596
1515,1975628
1629,1975660
1840,1975692
2153,1975724
2220,1975756
1612,1975788
1824,1975820
1152,1975852
1342,1975884
1086,1975916
472,1975948
619,1975980
377,1976012
0,1976044
271,1976076
169,1976108
477,1976140
1061,1976172
892,1976204
1517,1976236
1350,1976268
1581,1976300
2190,1976332
1837,1976364
1655,1976396
1744,1976428
1191,1976460
1321,1976492
732,1976524
855,1976556
600,1976588
391,1976620
140,1976652
380,1976684
616,1976716
846,1976748
1037,1976780
924,1976812
1497,1976844
1357,1976876
1964,1976908
1819,1976940
1757,1976972
1496,1977004
1290,1977036
1111,1977068
841,1977100
662,1977132
429,1977164
212,1977196
0,1977228
0,1977260
121,1977292
767,1977324
528,1977356
1199,1977388
1389,1977420
1567,1977452
1853,1977484
2044,1977516
1957,1977548
2075,1977580
1850,1977612
1727,1977644
1338,1977676
1113,1977708
960,1977740
652,1977772
480,1977804
224,1977836
0,1977868
168,1977900
683,1977932
616,1977964
1134,1977996
1373,1978028
1335,1978060
1565,1978092
1702,1978124
1945,1978156
1610,1978188
1434,1978220
1610,1978252
972,1978284
792,1978316
880,1978348
343,1978380
121,1978412
0,1978444
30,1978476
602,1978508
394,1978540
1054,1978572
1248,1978604
1518,1978636
1712,1978668
1913,1978700
1787,1978732
2171,1978764
1561,1978796
1695,1978828
1095,1978860
872,1978892
638,1978924
412,1978956
219,1978988
0,1979020
0,1979052
60,1979084
247,1979116
512,1979148
669,1979180
969,1979212
1639,1979244
1353,1979276
2076,1979308
2271,1979340
2171,1979372
1949,1979404
1710,1979436
1112,1979468
1240,1979500
970,1979532
859,1979564
510,1979596
253,1979628
238,1979660
395,1979692
281,1979724
928,1979756
720,1979788
954,1979820
1581,1979852
1412,1979884
2043,1979916
2253,1979948
1723,1979980
1530,1980012
1210,1980044
1068,1980076
751,1980108
584,1980140
745,1980172
134,1980204
0,1980236
282,1980268
155,1980300
424,1980332
615,1980364
878,1980396
1455,1980428
1623,1980460
1929,1980492
2136,1980524
2311,1980556
2040,1980588
1673,1980620
1188,1980652
1328,1980684
1066,1980716
874,1980748
604,1980780
24,1980812
139,1980844
0,1980876
199,1980908
394,1980940
648,1980972
917,1981004
1096,1981036
1370,1981068
1904,1981100
1836,1981132
1867,1981164
1552,1981196
1399,1981228
1609,1981260
1291,1981292
1114,1981324
844,1981356
265,1981388
381,1981420
131,1981452
71,1981484
600,1981516
828,1981548
1175,1981580
1247,1981612
1483,1981644
1803,1981676
1948,1981708
1820,1981740
2136,1981772
1497,1981804
1658,1981836
1400,1981868
870,1981900
681,1981932
712,1981964
221,1981996
252,1982028
0,1982060
137,1982092
282,1982124
568,1982156
1178,1982188
1003,1982220
1277,1982252
1464,1982284
1740,1982316
1977,1982348
2059,1982380
1531,1982412
1662,1982444
1423,1982476
1196,1982508
928,1982540
304,1982572
474,1982604
205,1982636
271,1982668
464,1982700
333,1982732
922,1982764
783,1982796
1007,1982828
1230,1982860
1466,1982892
1734,1982924
1839,1982956
1640,1982988
1759,1983020
1178,1983052
999,1983084
1165,1983116
541,1983148
744,1983180
429,1983212
237,1983244
359,1983276
190,1983308
811,1983340
1048,1983372
919,1983404
1501,1983436
1695,1983468
2055,1983500
2168,1983532
2160,1983564
2011,1983596
1689,1983628
1097,1983660
1304,1983692
640,1983724
830,1983756
574,1983788
0,1983820
0,1983852
345,1983884
276,1983916
794,1983948
678,1983980
988,1984012
1130,1984044
1413,1984076
2045,1984108
1867,1984140
1787,1984172
1929,1984204
1320,1984236
1131,1984268
1225,1984300
679,1984332
795,1984364
223,1984396
333,1984428
216,1984460
57,1984492
682,1984524
909,1984556
1131,1984588
1360,1984620
1561,1984652
1824,1984684
2028,1984716
1880,1984748
2046,1984780
1437,1984812
1232,1984844
974,1984876
782,1984908
602,1984940
320,1984972
151,1985004
0,1985036
0,1985068
181,1985100
799,1985132
635,1985164
1291,1985196
1037,1985228
1725,1985260
1919,1985292
1782,1985324
2295,1985356
2012,1985388
1453,1985420
1548,1985452
1311,1985484
1197,1985516
824,1985548
592,1985580
442,1985612
125,1985644
347,1985676
552,1985708
392,1985740
668,1985772
1194,1985804
1118,1985836
1658,1985868
1897,1985900
1854,1985932
2153,1985964
1550,1985996
1417,1986028
1096,1986060
922,1986092
1085,1986124
468,1986156
280,1986188
364,1986220
0,1986252
89,1986284
312,1986316
537,1986348
1116,1986380
906,1986412
1576,1986444
1774,1986476
2047,1986508
2250,1986540
2111,1986572
1913,1986604
1645,1986636
1038,1986668
1178,1986700
584,1986732
360,1986764
126,1986796
0,1986828
0,1986860
48,1986892
300,1986924
573,1986956
747,1986988
1034,1987020
1661,1987052
1483,1987084
2169,1987116
1871,1987148
2167,1987180
1883,1987212
1239,1987244
1407,1987276
1183,1987308
602,1987340
718,1987372
457,1987404
331,1987436
254,1987468
460,1987500
763,1987532
909,1987564
791,1987596
1450,1987628
1240,1987660
1476,1987692
2108,1987724
1848,1987756
2011,1987788
1753,1987820
1207,1987852
1276,1987884
699,1987916
567,1987948
248,1987980
74,1988012
215,1988044
0,1988076
219,1988108
798,1988140
667,1988172
936,1988204
1118,1988236
1389,1988268
1993,1988300
2153,1988332
2250,1988364
1979,1988396
1784,1988428
1498,1988460
1275,1988492
1040,1988524
810,1988556
552,1988588
352,1988620
109,1988652
3,1988684
576,1988716
443,1988748
701,1988780
895,1988812
1158,1988844
1432,1988876
1610,1988908
1898,1988940
1804,1988972
1573,1989004
1339,1989036
1037,1989068
878,1989100
1085,1989132
390,1989164
601,1989196
329,1989228
0,1989260
471,1989292
667,1989324
573,1989356
1114,1989388
1344,1989420
1695,1989452
1775,1989484
2012,1989516
2333,1989548
2040,1989580
1436,1989612
1608,1989644
975,1989676
1136,1989708
878,1989740
361,1989772
415,1989804
200,1989836
0,1989868
456,1989900
333,1989932
649,1989964
782,1989996
1066,1990028
1706,1990060
1515,1990092
1801,1990124
1899,1990156
1707,1990188
1471,1990220
1528,1990252
1017,1990284
1136,1990316
905,1990348
682,1990380
414,1990412
206,1990444
332,1990476
527,1990508
783,1990540
984,1990572
844,1990604
1437,1990636
1303,1990668
1530,1990700
1758,1990732
1788,1990764
1579,1990796
1323,1990828
1124,1990860
937,1990892
665,1990924
488,1990956
651,1990988
39,1991020
235,1991052
5,1991084
683,1991116
875,1991148
701,1991180
1325,1991212
1566,1991244
1433,1991276
2029,1991308
2233,1991340
2093,1991372
1897,1991404
1628,1991436
1471,1991468
1165,1991500
587,1991532
791,1991564
128,1991596
312,1991628
202,1991660
56,1991692
654,1991724
859,1991756
791,1991788
1308,1991820
1182,1991852
1502,1991884
1644,1991916
1934,1991948
2139,1991980
1483,1992012
1259,1992044
1391,1992076
797,1992108
619,1992140
701,1992172
169,1992204
281,1992236
0,1992268
537,1992300
746,1992332
999,1992364
1194,1992396
1422,1992428
1658,1992460
1897,1992492
2091,1992524
2265,1992556
1995,1992588
1384,1992620
1116,1992652
920,1992684
727,1992716
461,1992748
268,1992780
88,1992812
0,1992844
19,1992876
235,1992908
460,1992940
685,1992972
843,1993004
1143,1993036
1817,1993068
1550,1993100
2255,1993132
2237,1993164
1627,1993196
1767,1993228
1486,1993260
1245,1993292
1020,1993324
798,1993356
672,1993388
303,1993420
102,1993452
415,1993484
569,1993516
861,1993548
1065,1993580
896,1993612
1190,1993644
1722,1993676
1644,1993708
2187,1993740
2096,1993772
1591,1993804
1625,1993836
1034,1993868
905,1993900
584,1993932
409,1993964
570,1993996
0,1994028
0,1994060
456,1994092
365,1994124
601,1994156
813,1994188
1053,1994220
1643,1994252
1419,1994284
2106,1994316
2304,1994348
2127,1994380
1856,1994412
1590,1994444
1385,1994476
1117,1994508
524,1994540
654,1994572
75,1994604
0,1994636
0,1994668
106,1994700
361,1994732
558,1994764
812,1994796
1085,1994828
1262,1994860
1547,1994892
2203,1994924
1915,1994956
2133,1994988
1382,1995020
1629,1995052
1357,1995084
725,1995116
895,1995148
669,1995180
392,1995212
196,1995244
316,1995276
667,1995308
767,1995340
972,1995372
1280,1995404
1423,1995436
1294,1995468
1980,1995500
1759,1995532
1784,1995564
1963,1995596
1320,1995628
1482,1995660
1226,1995692
684,1995724
763,1995756
189,1995788
55,1995820
189,1995852
56,1995884
653,1995916
501,1995948
729,1995980
1311,1996012
1180,1996044
1451,1996076
1643,1996108
1914,1996140
2191,1996172
1872,1996204
1721,1996236
1450,1996268
1253,1996300
988,1996332
761,1996364
526,1996396
298,1996428
183,1996460
444,1996492
646,1996524
504,1996556
1088,1996588
954,1996620
1212,1996652
1408,1996684
1674,1996716
1959,1996748
1692,1996780
1510,1996812
1277,1996844
1050,1996876
827,1996908
524,1996940
375,1996972
569,1997004
0,1997036
345,1997068
537,1997100
714,1997132
987,1997164
1176,1997196
1086,1997228
1640,1997260
1870,1997292
2233,1997324
2217,1997356
1984,1997388
1823,1997420
1512,1997452
935,1997484
1085,1997516
464,1997548
620,1997580
365,1997612
0,1997644
285,1997676
511,1997708
477,1997740
713,1997772
844,1997804
1163,1997836
1294,1997868
1593,1997900
2237,1997932
1844,1997964
1645,1997996
1370,1998028
1191,1998060
957,1998092
1006,1998124
505,1998156
624,1998188
391,1998220
174,1998252
394,1998284
654,1998316
848,1998348
1039,1998380
1308,1998412
1500,1998444
1358,1998476
1965,1998508
1821,1998540
1726,1998572
1487,1998604
1260,1998636
1065,1998668
806,1998700
612,1998732
434,1998764
164,1998796
0,1998828
279,1998860
123,1998892
776,1998924
504,1998956
1207,1998988
1391,1999020
1613,1999052
1853,1999084
2104,1999116
1948,1999148
2111,1999180
1838,1999212
1723,1999244
1367,1999276
1103,1999308
955,1999340
648,1999372
77,1999404
256,1999436
0,1999468
512,1999500
718,1999532
566,1999564
1175,1999596
1374,1999628
1301,1999660
1565,1999692
1708,1999724
1932,1999756
1610,1999788
1434,1999820
1607,1999852
969,1999884
749,1999916
876,1999948
296,1999980
107,2000012
172,2000044
28,2000076
603,2000108
487,2000140
1053,2000172
1248,2000204
1517,2000236
1720,2000268
1950,2000300
1799,2000332
2208,2000364
1932,2000396
1728,2000428
1465,2000460
871,2000492
1000,2000524
413,2000556
215,2000588
0,2000620
0,2000652
71,2000684
252,2000716
521,2000748
747,2000780
971,2000812
1207,2000844
1357,2000876
1661,2000908
2351,2000940
2169,2000972
1991,2001004
1707,2001036
1111,2001068
1241,2001100
971,2001132
427,2001164
506,2001196
281,2001228
312,2001260
399,2001292
634,2001324
937,2001356
1083,2001388
1385,2001420
1583,2001452
1418,2001484
1706,2001516
2254,2001548
1722,2001580
1531,2001612
1574,2001644
1067,2001676
1100,2001708
526,2001740
393,2001772
70,2001804
0,2001836
314,2001868
166,2001900
427,2001932
972,2001964
876,2001996
1113,2002028
1337,2002060
1575,2002092
2172,2002124
1851,2002156
2064,2002188
1802,2002220
1151,2002252
1326,2002284
1068,2002316
872,2002348
602,2002380
22,2002412
137,2002444
0,2002476
168,2002508
383,2002540
620,2002572
871,2002604
1068,2002636
1324,2002668
1607,2002700
1789,2002732
1864,2002764
1549,2002796
1398,2002828
1595,2002860
1279,2002892
1111,2002924
844,2002956
215,2002988
377,2003020
171,2003052
71,2003084
648,2003116
841,2003148
1175,2003180
1291,2003212
1487,2003244
1803,2003276
1952,2003308
1824,2003340
2176,2003372
1496,2003404
1258,2003436
1433,2003468
808,2003500
643,2003532
713,2003564
183,2003596
248,2003628
0,2003660
151,2003692
283,2003724
567,2003756
1177,2003788
1012,2003820
1240,2003852
1840,2003884
1705,2003916
1979,2003948
1721,2003980
1529,2004012
1661,2004044
1353,2004076
1191,2004108
928,2004140
302,2004172
472,2004204
244,2004236
272,2004268
509,2004300
702,2004332
959,2004364
1151,2004396
1016,2004428
1613,2004460
1480,2004492
1738,2004524
1839,2004556
1642,2004588
1451,2004620
1178,2004652
842,2004684
1065,2004716
537,2004748
315,2004780
477,2004812
0,2004844
430,2004876
200,2004908
863,2004940
1051,2004972
920,2005004
1511,2005036
1705,2005068
1608,2005100
2170,2005132
2191,2005164
2076,2005196
1677,2005228
1452,2005260
1296,2005292
988,2005324
413,2005356
569,2005388
0,2005420
0,2005452
345,2005484
278,2005516
798,2005548
1036,2005580
989,2005612
1484,2005644
1354,2005676
1687,2005708
1819,2005740
1784,2005772
1964,2005804
1318,2005836
1128,2005868
857,2005900
668,2005932
447,2005964
491,2005996
0,2006028
254,2006060
57,2006092
728,2006124
912,2006156
1176,2006188
1370,2006220
1563,2006252
1836,2006284
2030,2006316
1887,2006348
2045,2006380
1435,2006412
1199,2006444
971,2006476
748,2006508
555,2006540
296,2006572
104,2006604
203,2006636
0,2006668
185,2006700
798,2006732
634,2006764
1291,2006796
1018,2006828
1733,2006860
1927,2006892
1737,2006924
2295,2006956
2060,2006988
1451,2007020
1583,2007052
1308,2007084
1193,2007116
844,2007148
601,2007180
441,2007212
121,2007244
0,2007276
598,2007308
398,2007340
622,2007372
1240,2007404
1068,2007436
1694,2007468
1901,2007500
1821,2007532
2143,2007564
1550,2007596
1415,2007628
1086,2007660
922,2007692
1081,2007724
460,2007756
247,2007788
364,2007820
0,2007852
89,2007884
632,2007916
544,2007948
1117,2007980
1275,2008012
1581,2008044
1784,2008076
2055,2008108
2252,2008140
2144,2008172
1914,2008204
1676,2008236
1407,2008268
1208,2008300
944,2008332
350,2008364
480,2008396
0,2008428
0,2008460
48,2008492
310,2008524
583,2008556
762,2008588
1031,2008620
1259,2008652
1495,2008684
1723,2008716
1882,2008748
1742,2008780
1951,2008812
1229,2008844
1453,2008876
1179,2008908
600,2008940
717,2008972
454,2009004
0,2009036
255,2009068
493,2009100
831,2009132
919,2009164
1147,2009196
1455,2009228
1598,2009260
1478,2009292
2112,2009324
1838,2009356
1668,2009388
1744,2009420
1196,2009452
1275,2009484
1052,2009516
555,2009548
586,2009580
23,2009612
0,2009644
0,2009676
219,2009708
830,2009740
669,2009772
939,2009804
1497,2009836
1399,2009868
1625,2009900
2156,2009932
1881,2009964
2024,2009996
1323,2010028
1534,2010060
1276,2010092
1080,2010124
814,2010156
542,2010188
349,2010220
116,2010252
5,2010284
589,2010316
445,2010348
680,2010380
1384,2010412
1130,2010444
1384,2010476
1584,2010508
1850,2010540
1802,2010572
1511,2010604
1335,2010636
1024,2010668
882,2010700
1081,2010732
360,2010764
588,2010796
318,2010828
0,2010860
471,2010892
702,2010924
583,2010956
1161,2010988
1354,2011020
1703,2011052
1817,2011084
2016,2011116
2335,2011148
2029,2011180
1434,2011212
1646,2011244
972,2011276
747,2011308
909,2011340
300,2011372
444,2011404
187,2011436
0,2011468
457,2011500
336,2011532
652,2011564
784,2011596
1079,2011628
1705,2011660
1518,2011692
1770,2011724
2270,2011756
1656,2011788
1468,2011820
1562,2011852
1007,2011884
1133,2011916
841,2011948
681,2011980
414,2012012
205,2012044
344,2012076
571,2012108
794,2012140
1024,2012172
1215,2012204
1481,2012236
1679,2012268
1535,2012300
1847,2012332
1784,2012364
1579,2012396
1310,2012428
1114,2012460
937,2012492
664,2012524
487,2012556
541,2012588
25,2012620
0,2012652
7,2012684
299,2012716
955,2012748
702,2012780
1383,2012812
1577,2012844
1432,2012876
2039,2012908
2236,2012940
1799,2012972
1888,2013004
1658,2013036
1536,2013068
1151,2013100
938,2013132
783,2013164
473,2013196
0,2013228
204,2013260
57,2013292
664,2013324
862,2013356
790,2013388
1310,2013420
1550,2013452
1513,2013484
2012,2013516
1883,2013548
1757,2013580
1432,2013612
1256,2013644
1422,2013676
796,2013708
615,2013740
704,2013772
156,2013804
0,2013836
248,2013868
201,2013900
780,2013932
1001,2013964
1230,2013996
1422,2014028
1704,2014060
1900,2014092
2092,2014124
2263,2014156
1992,2014188
1375,2014220
1224,2014252
921,2014284
687,2014316
459,2014348
238,2014380
42,2014412
0,2014444
0,2014476
533,2014508
424,2014540
694,2014572
1323,2014604
1148,2014636
1819,2014668
1532,2014700
2263,2014732
2235,2014764
1578,2014796
1759,2014828
1530,2014860
937,2014892
1065,2014924
796,2014956
681,2014988
330,2015020
107,2015052
427,2015084
573,2015116
458,2015148
1114,2015180
905,2015212
1561,2015244
1758,2015276
1594,2015308
2220,2015340
2093,2015372
1543,2015404
1614,2015436
1034,2015468
903,2015500
1019,2015532
408,2015564
558,2015596
0,2015628
0,2015660
458,2015692
332,2015724
600,2015756
1145,2015788
1053,2015820
1643,2015852
1513,2015884
2109,2015916
2315,2015948
2125,2015980
1852,2016012
1615,2016044
1386,2016076
1160,2016108
891,2016140
327,2016172
428,2016204
0,2016236
248,2016268
109,2016300
366,2016332
559,2016364
816,2016396
1095,2016428
1272,2016460
1556,2016492
1787,2016524
1914,2016556
1678,2016588
1373,2016620
1223,2016652
1430,2016684
1022,2016716
941,2016748
665,2016780
384,2016812
189,2016844
328,2016876
247,2016908
778,2016940
1008,2016972
1354,2017004
1433,2017036
1673,2017068
1981,2017100
2136,2017132
2219,2017164
1950,2017196
1309,2017228
1144,2017260
1227,2017292
694,2017324
752,2017356
528,2017388
43,2017420
0,2017452
5,2017484
317,2017516
456,2017548
730,2017580
1354,2017612
1189,2017644
1463,2017676
2024,2017708
1927,2017740
1821,2017772
1579,2017804
1355,2017836
1484,2017868
812,2017900
1018,2017932
760,2017964
558,2017996
288,2018028
186,2018060
87,2018092
638,2018124
507,2018156
1100,2018188
960,2018220
1193,2018252
1417,2018284
1654,2018316
1915,2018348
1662,2018380
1453,2018412
1277,2018444
1001,2018476
822,2018508
522,2018540
363,2018572
565,2018604
0,2018636
347,2018668
538,2018700
749,2018732
987,2018764
1225,2018796
1095,2018828
1688,2018860
1883,2018892
2235,2018924
2238,2018956
1978,2018988
1823,2019020
1498,2019052
921,2019084
1130,2019116
460,2019148
246,2019180
395,2019212
0,2019244
317,2019276
512,2019308
451,2019340
713,2019372
847,2019404
1164,2019436
1296,2019468
1592,2019500
2235,2019532
1833,2019564
1608,2019596
1740,2019628
1135,2019660
952,2019692
686,2019724
503,2019756
618,2019788
317,2019820
187,2019852
400,2019884
655,2019916
860,2019948
1086,2019980
936,2020012
1536,2020044
1741,2020076
2012,2020108
2216,2020140
1722,2020172
1867,2020204
1259,2020236
1063,2020268
798,2020300
602,2020332
425,2020364
153,2020396
0,2020428
184,2020460
123,2020492
359,2020524
506,2020556
807,2020588
1469,2020620
1616,2020652
1915,2020684
2109,2020716
1963,2020748
2107,2020780
1836,2020812
1276,2020844
1358,2020876
1134,2020908
1020,2020940
640,2020972
416,2021004
265,2021036
231,2021068
120,2021100
729,2021132
569,2021164
1176,2021196
1374,2021228
1304,2021260
1576,2021292
2086,2021324
1933,2021356
1968,2021388
1380,2021420
1241,2021452
919,2021484
746,2021516
910,2021548
294,2021580
103,2021612
0,2021644
29,2021676
265,2021708
763,2021740
715,2021772
1304,2021804
1517,2021836
1768,2021868
1960,2021900
1774,2021932
2206,2021964
1932,2021996
1727,2022028
1464,2022060
860,2022092
992,2022124
408,2022156
185,2022188
0,2022220
0,2022252
36,2022284
229,2022316
484,2022348
1049,2022380
935,2022412
1207,2022444
1851,2022476
1670,2022508
2359,2022540
2159,2022572
1979,2022604
1707,2022636
1053,2022668
1231,2022700
1004,2022732
433,2022764
541,2022796
272,2022828
315,2022860
430,2022892
638,2022924
939,2022956
1086,2022988
966,2023020
1631,2023052
1417,2023084
2091,2023116
2296,2023148
1660,2023180
1484,2023212
1565,2023244
1031,2023276
1099,2023308
522,2023340
379,2023372
71,2023404
0,2023436
317,2023468
165,2023500
395,2023532
976,2023564
842,2023596
1112,2023628
1663,2023660
1575,2023692
2173,2023724
1943,2023756
2061,2023788
1792,2023820
1149,2023852
1324,2023884
1097,2023916
864,2023948
635,2023980
367,2024012
167,2024044
303,2024076
171,2024108
752,2024140
624,2024172
877,2024204
1070,2024236
1324,2024268
1611,2024300
1800,2024332
1860,2024364
1627,2024396
1387,2024428
1163,2024460
1337,2024492
701,2024524
907,2024556
216,2024588
413,2024620
185,2024652
74,2024684
651,2024716
841,2024748
751,2024780
1292,2024812
1529,2024844
1885,2024876
1963,2024908
2201,2024940
2175,2024972
1850,2025004
1691,2025036
1421,2025068
812,2025100
642,2025132
700,2025164
174,2025196
239,2025228
174,2025260
151,2025292
622,2025324
508,2025356
829,2025388
956,2025420
1242,2025452
1887,2025484
1704,2025516
1991,2025548
2091,2025580
1527,2025612
1293,2025644
1064,2025676
841,2025708
960,2025740
300,2025772
494,2025804
234,2025836
312,2025868
508,2025900
701,2025932
969,2025964
1162,2025996
1020,2026028
1624,2026060
1481,2026092
1721,2026124
1834,2026156
1607,2026188
1399,2026220
1134,2026252
940,2026284
762,2026316
488,2026348
311,2026380
475,2026412
0,2026444
430,2026476
171,2026508
859,2026540
1052,2026572
883,2026604
1511,2026636
1753,2026668
1619,2026700
2218,2026732
2188,2026764
2063,2026796
1707,2026828
1448,2026860
1292,2026892
984,2026924
409,2026956
606,2026988
0,2027020
0,2027052
381,2027084
230,2027116
830,2027148
1036,2027180
954,2027212
1487,2027244
1359,2027276
1689,2027308
1822,2027340
1772,2027372
1961,2027404
1304,2027436
1085,2027468
1216,2027500
620,2027532
443,2027564
172,2027596
0,2027628
265,2027660
425,2027692
717,2027724
912,2027756
1177,2027788
1372,2027820
1609,2027852
1838,2027884
2076,2027916
2269,2027948
2079,2027980
1807,2028012
1200,2028044
1336,2028076
747,2028108
551,2028140
286,2028172
101,2028204
0,2028236
0,2028268
197,2028300
413,2028332
645,2028364
862,2028396
1020,2028428
1321,2028460
1993,2028492
1736,2028524
2333,2028556
2057,2028588
1449,2028620
1579,2028652
1307,2028684
763,2028716
780,2028748
619,2028780
495,2028812
110,2028844
297,2028876
601,2028908
746,2028940
623,2028972
1245,2029004
1079,2029036
1704,2029068
1903,2029100
1820,2029132
2141,2029164
1916,2029196
1415,2029228
1440,2029260
861,2029292
729,2029324
409,2029356
238,2029388
384,2029420
0,2029452
90,2029484
280,2029516
541,2029548
777,2029580
1278,2029612
1229,2029644
1822,2029676
2057,2029708
2298,2029740
2143,2029772
1946,2029804
1674,2029836
1402,2029868
1207,2029900
940,2029932
348,2029964
479,2029996
0,2030028
0,2030060
56,2030092
282,2030124
539,2030156
732,2030188
987,2030220
1271,2030252
1448,2030284
1732,2030316
2381,2030348
1738,2030380
1947,2030412
1197,2030444
1450,2030476
1179,2030508
551,2030540
717,2030572
480,2030604
0,2030636
312,2030668
503,2030700
685,2030732
958,2030764
1149,2030796
1455,2030828
1608,2030860
1480,2030892
2168,2030924
1840,2030956
2042,2030988
1774,2031020
1144,2031052
1304,2031084
1040,2031116
519,2031148
576,2031180
21,2031212
0,2031244
0,2031276
232,2031308
831,2031340
676,2031372
905,2031404
1496,2031436
1367,2031468
1639,2031500
2203,2031532
1881,2031564
2011,2031596
1405,2031628
1531,2031660
1264,2031692
1069,2031724
810,2031756
585,2031788
346,2031820
155,2031852
363,2031884
620,2031916
815,2031948
685,2031980
1264,2032012
1133,2032044
1391,2032076
1595,2032108
1854,2032140
1798,2032172
1513,2032204
1336,2032236
1100,2032268
875,2032300
651,2032332
348,2032364
203,2032396
383,2032428
0,2032460
523,2032492
713,2032524
584,2032556
1165,2032588
1360,2032620
1579,2032652
1819,2032684
2061,2032716
2413,2032748
2027,2032780
1801,2032812
1644,2032844
1324,2032876
1176,2032908
908,2032940
296,2032972
120,2033004
187,2033036
0,2033068
460,2033100
698,2033132
653,2033164
1146,2033196
1020,2033228
1341,2033260
1478,2033292
1770,2033324
2304,2033356
1658,2033388
1467,2033420
1565,2033452
1004,2033484
781,2033516
553,2033548
329,2033580
444,2033612
0,2033644
378,2033676
571,2033708
832,2033740
1024,2033772
1225,2033804
1483,2033836
1679,2033868
1535,2033900
2158,2033932
1774,2033964
1546,2033996
1312,2034028
1082,2034060
887,2034092
632,2034124
427,2034156
251,2034188
0,2034220
0,2034252
461,2034284
300,2034316
955,2034348
682,2034380
1385,2034412
1577,2034444
1395,2034476
2041,2034508
2282,2034540
2120,2034572
1930,2034604
1658,2034636
1531,2034668
1184,2034700
926,2034732
779,2034764
463,2034796
0,2034828
250,2034860
64,2034892
286,2034924
896,2034956
742,2034988
1352,2035020
1562,2035052
1481,2035084
2024,2035116
1894,2035148
1754,2035180
1887,2035212
1256,2035244
1423,2035276
794,2035308
571,2035340
700,2035372
120,2035404
0,2035436
0,2035468
205,2035500
781,2035532
939,2035564
1243,2035596
1435,2035628
1703,2035660
1902,2035692
2139,2035724
2264,2035756
2027,2035788
1751,2035820
1551,2035852
1280,2035884
685,2035916
815,2035948
236,2035980
42,2036012
0,2036044
0,2036076
247,2036108
426,2036140
698,2036172
924,2036204
1148,2036236
1383,2036268
1535,2036300
1848,2036332
2301,2036364
1575,2036396
1803,2036428
1527,2036460
1240,2036492
1063,2036524
794,2036556
251,2036588
334,2036620
139,2036652
492,2036684
575,2036716
808,2036748
1112,2036780
1259,2036812
1133,2036844
1770,2036876
1593,2036908
2232,2036940
2092,2036972
1544,2037004
1615,2037036
1388,2037068
891,2037100
667,2037132
350,2037164
215,2037196
0,2037228
0,2037260
492,2037292
344,2037324
603,2037356
792,2037388
1063,2037420
1289,2037452
1806,2037484
1753,2037516
2352,2037548
2121,2037580
1886,2037612
1614,2037644
1418,2037676
1148,2037708
879,2037740
687,2037772
428,2037804
0,2037836
239,2037868
120,2037900
344,2037932
569,2037964
794,2037996
1051,2038028
1258,2038060
1508,2038092
1788,2038124
1864,2038156
1674,2038188
1863,2038220
1212,2038252
1417,2038284
684,2038316
934,2038348
664,2038380
414,2038412
187,2038444
367,2038476
249,2038508
826,2038540
1014,2038572
1355,2038604
1467,2038636
1675,2038668
1992,2038700
2140,2038732
1775,2038764
1994,2038796
1308,2038828
1504,2038860
1246,2038892
632,2038924
783,2038956
528,2038988
8,2039020
0,2039052
19,2039084
317,2039116
459,2039148
742,2039180
1357,2039212
1192,2039244
1420,2039276
2028,2039308
1883,2039340
1816,2039372
1914,2039404
1351,2039436
1481,2039468
893,2039500
1017,2039532
750,2039564
557,2039596
288,2039628
224,2039660
90,2039692
684,2039724
879,2039756
1144,2039788
1337,2039820
1193,2039852
1803,2039884
1658,2039916
1918,2039948
1659,2039980
1450,2040012
1272,2040044
998,2040076
821,2040108
587,2040140
365,2040172
139,2040204
0,2040236
0,2040268
616,2040300
761,2040332
1039,2040364
1228,2040396
1095,2040428
1691,2040460
1884,2040492
1790,2040524
2237,2040556
2008,2040588
1887,2040620
1498,2040652
1272,2040684
1117,2040716
812,2040748
528,2040780
384,2040812
0,2040844
7,2040876
526,2040908
456,2040940
727,2040972
1210,2041004
1175,2041036
1672,2041068
1536,2041100
1869,2041132
1772,2041164
1598,2041196
1775,2041228
1134,2041260
952,2041292
1040,2041324
491,2041356
271,2041388
43,2041420
0,2041452
441,2041484
237,2041516
892,2041548
1086,2041580
908,2041612
1552,2041644
1742,2041676
2015,2041708
2216,2041740
1720,2041772
1856,2041804
1258,2041836
1023,2041868
796,2041900
573,2041932
375,2041964
121,2041996
0,2042028
0,2042060
88,2042092
362,2042124
508,2042156
812,2042188
1469,2042220
1624,2042252
1912,2042284
2107,2042316
1927,2042348
2107,2042380
1880,2042412
1272,2042444
1400,2042476
1131,2042508
1017,2042540
670,2042572
413,2042604
256,2042636
233,2042668
123,2042700
776,2042732
572,2042764
796,2042796
1419,2042828
1244,2042860
1543,2042892
2088,2042924
1886,2042956
1966,2042988
1370,2043020
1229,2043052
908,2043084
744,2043116
905,2043148
282,2043180
71,2043212
171,2043244
2,2043276
265,2043308
455,2043340
727,2043372
1295,2043404
1453,2043436
1766,2043468
1964,2043500
1785,2043532
2204,2043564
1967,2043596
1726,2043628
1497,2043660
1225,2043692
1036,2043724
766,2043756
173,2043788
303,2043820
0,2043852
39,2043884
235,2043916
489,2043948
759,2043980
932,2044012
1211,2044044
1744,2044076
1673,2044108
1911,2044140
2215,2044172
1559,2044204
1769,2044236
1052,2044268
1275,2044300
1001,2044332
423,2044364
541,2044396
278,2044428
0,2044460
440,2044492
667,2044524
1016,2044556
1087,2044588
1326,2044620
1641,2044652
1786,2044684
1658,2044716
2300,2044748
1656,2044780
1481,2044812
1562,2044844
1018,2044876
1088,2044908
874,2044940
381,2044972
409,2045004
0,2045036
0,2045068
122,2045100
396,2045132
1016,2045164
852,2045196
1115,2045228
1305,2045260
1575,2045292
1817,2045324
2220,2045356
1693,2045388
1832,2045420
1147,2045452
1356,2045484
1098,2045516
896,2045548
638,2045580
366,2045612
163,2045644
311,2045676
174,2045708
761,2045740
622,2045772
856,2045804
1080,2045836
1308,2045868
1565,2045900
1770,2045932
1800,2045964
1928,2045996
1336,2046028
1149,2046060
1323,2046092
699,2046124
903,2046156
174,2046188
411,2046220
187,2046252
38,2046284
653,2046316
888,2046348
755,2046380
1342,2046412
1531,2046444
1885,2046476
1997,2046508
2204,2046540
2169,2046572
1851,2046604
1256,2046636
1464,2046668
796,2046700
580,2046732
732,2046764
120,2046796
266,2046828
183,2046860
119,2046892
634,2046924
522,2046956
829,2046988
968,2047020
1246,2047052
1885,2047084
1710,2047116
1945,2047148
2090,2047180
1470,2047212
1291,2047244
1384,2047276
831,2047308
957,2047340
653,2047372
493,2047404
234,2047436
315,2047468
520,2047500
748,2047532
972,2047564
1209,2047596
1399,2047628
1663,2047660
1856,2047692
1720,2047724
2216,2047756
1607,2047788
1392,2047820
1133,2047852
936,2047884
761,2047916
490,2047948
311,2047980
85,2048012
0,2048044
24,2048076
172,2048108
475,2048140
1133,2048172
876,2048204
1561,2048236
1757,2048268
1609,2048300
2221,2048332
2175,2048364
1613,2048396
1706,2048428
1469,2048460
1359,2048492
975,2048524
760,2048556
603,2048588
298,2048620
0,2048652
382,2048684
232,2048716
516,2048748
1039,2048780
966,2048812
1495,2048844
1737,2048876
1692,2048908
2202,2048940
1720,2048972
1577,2049004
1256,2049036
1081,2049068
1247,2049100
620,2049132
430,2049164
524,2049196
0,2049228
0,2049260
430,2049292
381,2049324
956,2049356
746,2049388
1418,2049420
1614,2049452
1888,2049484
2088,2049516
2272,2049548
2077,2049580
1804,2049612
1197,2049644
1337,2049676
744,2049708
518,2049740
763,2049772
61,2049804
0,2049836
0,2049868
141,2049900
412,2049932
600,2049964
873,2049996
1022,2050028
1323,2050060
2009,2050092
1710,2050124
2331,2050156
2047,2050188
1397,2050220
1575,2050252
1352,2050284
760,2050316
880,2050348
617,2050380
491,2050412
138,2050444
298,2050476
601,2050508
748,2050540
633,2050572
1292,2050604
1080,2050636
1306,2050668
1946,2050700
1772,2050732
2173,2050764
1913,2050796
1367,2050828
1434,2050860
858,2050892
724,2050924
407,2050956
234,2050988
377,2051020
0,2051052
59,2051084
637,2051116
509,2051148
777,2051180
1324,2051212
1229,2051244
1833,2051276
1996,2051308
2297,2051340
2142,2051372
1945,2051404
1676,2051436
1436,2051468
1198,2051500
972,2051532
714,2051564
509,2051596
251,2051628
0,2051660
139,2051692
284,2051724
540,2051756
734,2051788
996,2051820
1271,2051852
1451,2051884
1737,2051916
2272,2051948
1736,2051980
1499,2052012
1197,2052044
1037,2052076
1245,2052108
548,2052140
761,2052172
479,2052204
0,2052236
312,2052268
506,2052300
422,2052332
956,2052364
1193,2052396
1533,2052428
1613,2052460
1853,2052492
2172,2052524
2204,2052556
1598,2052588
1772,2052620
1134,2052652
1294,2052684
1040,2052716
516,2052748
574,2052780
0,2052812
0,2052844
295,2052876
174,2052908
493,2052940
633,2052972
910,2053004
1536,2053036
1364,2053068
1640,2053100
2206,2053132
1868,2053164
1631,2053196
1691,2053228
1177,2053260
1304,2053292
1067,2053324
840,2053356
576,2053388
378,2053420
166,2053452
366,2053484
632,2053516
824,2053548
684,2053580
984,2053612
1136,2053644
1370,2053676
1596,2053708
1835,2053740
1742,2053772
1472,2053804
1274,2053836
1399,2053868
823,2053900
647,2053932
811,2053964
186,2053996
379,2054028
0,2054060
523,2054092
717,2054124
548,2054156
1167,2054188
1402,2054220
1269,2054252
1867,2054284
2061,2054316
2411,2054348
2058,2054380
1791,2054412
1631,2054444
1322,2054476
744,2054508
941,2054540
296,2054572
472,2054604
216,2054636
0,2054668
494,2054700
697,2054732
628,2054764
1148,2054796
1024,2054828
1339,2054860
1945,2054892
1772,2054924
2299,2054956
1656,2054988
1422,2055020
1551,2055052
958,2055084
779,2055116
861,2055148
319,2055180
441,2055212
0,2055244
379,2055276
574,2055308
839,2055340
1036,2055372
1264,2055404
1484,2055436
1728,2055468
1928,2055500
1804,2055532
2157,2055564
1548,2055596
1679,2055628
1081,2055660
876,2055692
621,2055724
429,2055756
248,2055788
0,2055820
0,2055852
85,2055884
308,2055916
539,2055948
682,2055980
983,2056012
1657,2056044
1392,2056076
2095,2056108
2287,2056140
2111,2056172
1929,2056204
1655,2056236
1096,2056268
1182,2056300
958,2056332
843,2056364
462,2056396
236,2056428
255,2056460
409,2056492
709,2056524
906,2056556
747,2056588
1018,2056620
1562,2056652
1478,2056684
2027,2056716
2265,2056748
1752,2056780
1517,2056812
1194,2056844
1065,2056876
744,2056908
570,2056940
720,2056972
118,2057004
0,2057036
286,2057068
215,2057100
445,2057132
664,2057164
893,2057196
1481,2057228
1263,2057260
1946,2057292
2142,2057324
2295,2057356
2024,2057388
1743,2057420
1165,2057452
1276,2057484
683,2057516
815,2057548
232,2057580
9,2057612
0,2057644
0,2057676
204,2057708
396,2057740
653,2057772
924,2057804
1110,2057836
1385,2057868
1536,2057900
1850,2057932
2296,2057964
1546,2057996
1791,2058028
1518,2058060
1273,2058092
1053,2058124
830,2058156
250,2058188
365,2058220
152,2058252
503,2058284
617,2058316
812,2058348
1119,2058380
1264,2058412
1136,2058444
1818,2058476
1597,2058508
1834,2058540
2122,2058572
1484,2058604
1645,2058636
1376,2058668
856,2058700
664,2058732
354,2058764
215,2058796
0,2058828
0,2058860
493,2058892
343,2058924
570,2058956
1151,2058988
1019,2059020
1290,2059052
1481,2059084
1757,2059116
2359,2059148
2041,2059180
1883,2059212
1614,2059244
1414,2059276
1146,2059308
921,2059340
318,2059372
459,2059404
187,2059436
284,2059468
478,2059500
347,2059532
937,2059564
796,2059596
1051,2059628
1247,2059660
1510,2059692
1799,2059724
1854,2059756
1675,2059788
1752,2059820
1210,2059852
982,2059884
682,2059916
525,2059948
733,2059980
412,2060012
233,2060044
376,2060076
249,2060108
827,2060140
1018,2060172
926,2060204
1470,2060236
1711,2060268
2063,2060300
2144,2060332
2143,2060364
1993,2060396
1674,2060428
1081,2060460
1246,2060492
632,2060524
781,2060556
524,2060588
3,2060620
0,2060652
358,2060684
328,2060716
808,2060748
684,2060780
1001,2060812
1135,2060844
1421,2060876
2064,2060908
1884,2060940
1815,2060972
1542,2061004
1341,2061036
1117,2061068
1166,2061100
655,2061132
784,2061164
541,2061196
316,2061228
232,2061260
73,2061292
696,2061324
888,2061356
1147,2061388
1338,2061420
1197,2061452
1804,2061484
1661,2061516
1895,2061548
1658,2061580
1424,2061612
1220,2061644
957,2061676
766,2061708
874,2061740
315,2061772
136,2061804
295,2061836
0,2061868
616,2061900
763,2061932
1047,2061964
1231,2061996
1051,2062028
1695,2062060
1932,2062092
1797,2062124
2281,2062156
2000,2062188
1883,2062220
1530,2062252
1264,2062284
1119,2062316
800,2062348
236,2062380
426,2062412
0,2062444
352,2062476
558,2062508
398,2062540
684,2062572
1213,2062604
1132,2062636
1678,2062668
1545,2062700
1868,2062732
1774,2062764
1596,2062796
1769,2062828
1130,2062860
904,2062892
1036,2062924
455,2062956
264,2062988
344,2063020
0,2063052
443,2063084
329,2063116
903,2063148
1098,2063180
912,2063212
1552,2063244
1790,2063276
2025,2063308
2264,2063340
2103,2063372
1898,2063404
1628,2063436
1021,2063468
1162,2063500
572,2063532
368,2063564
119,2063596
0,2063628
0,2063660
91,2063692
372,2063724
589,2063756
811,2063788
1039,2063820
1679,2063852
1499,2063884
2185,2063916
1917,2063948
2155,2063980
1871,2064012
1271,2064044
1401,2064076
1133,2064108
589,2064140
666,2064172
444,2064204
317,2064236
239,2064268
473,2064300
779,2064332
922,2064364
1225,2064396
1422,2064428
1258,2064460
1544,2064492
2092,2064524
1886,2064556
1961,2064588
1728,2064620
1227,2064652
1259,2064684
684,2064716
543,2064748
232,2064780
58,2064812
151,2064844
16,2064876
267,2064908
814,2064940
718,2064972
953,2065004
1178,2065036
1405,2065068
2010,2065100
1786,2065132
2234,2065164
1964,2065196
1758,2065228
1482,2065260
1215,2065292
1024,2065324
764,2065356
173,2065388
299,2065420
0,2065452
20,2065484
233,2065516
459,2065548
712,2065580
908,2065612
1165,2065644
1448,2065676
1626,2065708
1912,2065740
2204,2065772
1557,2065804
1767,2065836
1018,2065868
1270,2065900
1001,2065932
375,2065964
540,2065996
304,2066028
0,2066060
480,2066092
679,2066124
1017,2066156
1130,2066188
1326,2066220
1643,2066252
1791,2066284
1660,2066316
2336,2066348
1656,2066380
1420,2066412
1593,2066444
964,2066476
1127,2066508
862,2066540
343,2066572
409,2066604
0,2066636
0,2066668
123,2066700
407,2066732
1017,2066764
855,2066796
1083,2066828
1677,2066860
1543,2066892
1816,2066924
1883,2066956
1693,2066988
1821,2067020
1512,2067052
1353,2067084
1088,2067116
893,2067148
632,2067180
409,2067212
154,2067244
347,2067276
540,2067308
796,2067340
990,2067372
859,2067404
1452,2067436
1310,2067468
1575,2067500
1774,2067532
1800,2067564
1620,2067596
1326,2067628
1157,2067660
924,2067692
698,2067724
475,2067756
173,2067788
20,2067820
263,2067852
40,2067884
701,2067916
891,2067948
762,2067980
1343,2068012
1534,2068044
1448,2068076
2008,2068108
2248,2068140
2237,2068172
1839,2068204
1611,2068236
1465,2068268
1148,2068300
570,2068332
730,2068364
123,2068396
255,2068428
185,2068460
120,2068492
639,2068524
875,2068556
840,2068588
1323,2068620
1198,2068652
1527,2068684
1658,2068716
1948,2068748
2128,2068780
1476,2068812
1277,2068844
1018,2068876
827,2068908
605,2068940
655,2068972
151,2069004
264,2069036
319,2069068
556,2069100
748,2069132
1016,2069164
1208,2069196
1400,2069228
1672,2069260
1868,2069292
1723,2069324
2207,2069356
1598,2069388
1360,2069420
1133,2069452
907,2069484
710,2069516
455,2069548
252,2069580
75,2069612
0,2069644
26,2069676
651,2069708
473,2069740
1131,2069772
858,2069804
1563,2069836
1759,2069868
1576,2069900
2221,2069932
2221,2069964
1611,2069996
1752,2070028
1470,2070060
1198,2070092
1005,2070124
750,2070156
601,2070188
284,2070220
0,2070252
430,2070284
239,2070316
877,2070348
1080,2070380
918,2070412
1529,2070444
1741,2070476
1659,2070508
2201,2070540
1710,2070572
1565,2070604
1254,2070636
1080,2070668
1243,2070700
621,2070732
395,2070764
524,2070796
0,2070828
0,2070860
472,2070892
381,2070924
959,2070956
841,2070988
1419,2071020
1616,2071052
1885,2071084
2078,2071116
2316,2071148
2076,2071180
1838,2071212
1566,2071244
1369,2071276
1104,2071308
508,2071340
648,2071372
61,2071404
0,2071436
0,2071468
153,2071500
423,2071532
601,2071564
882,2071596
1102,2071628
1333,2071660
1561,2071692
1722,2071724
1911,2071756
2123,2071788
1388,2071820
1625,2071852
1342,2071884
759,2071916
879,2071948
616,2071980
368,2072012
138,2072044
333,2072076
672,2072108
752,2072140
988,2072172
1295,2072204
1437,2072236
1744,2072268
1950,2072300
1774,2072332
1832,2072364
1904,2072396
1358,2072428
1435,2072460
1210,2072492
713,2072524
733,2072556
176,2072588
41,2072620
0,2072652
72,2072684
672,2072716
518,2072748
782,2072780
1326,2072812
1239,2072844
1467,2072876
1704,2072908
1933,2072940
2188,2072972
1486,2073004
1706,2073036
1438,2073068
1240,2073100
972,2073132
700,2073164
505,2073196
247,2073228
0,2073260
416,2073292
297,2073324
519,2073356
743,2073388
972,2073420
1226,2073452
1423,2073484
1688,2073516
1963,2073548
1676,2073580
1497,2073612
1675,2073644
1037,2073676
1239,2073708
514,2073740
749,2073772
479,2073804
0,2073836
315,2073868
553,2073900
729,2073932
1000,2073964
1195,2073996
1532,2074028
1656,2074060
1853,2074092
2173,2074124
2192,2074156
1598,2074188
1808,2074220
1132,2074252
907,2074284
1070,2074316
456,2074348
603,2074380
348,2074412
0,2074444
298,2074476
186,2074508
501,2074540
1079,2074572
920,2074604
1545,2074636
1368,2074668
1607,2074700
2204,2074732
1819,2074764
1630,2074796
1358,2074828
1175,2074860
1293,2074892
992,2074924
831,2074956
570,2074988
375,2075020
170,2075052
409,2075084
636,2075116
863,2075148
1055,2075180
1319,2075212
1516,2075244
1374,2075276
1982,2075308
1836,2075340
1738,2075372
1470,2075404
1276,2075436
1096,2075468
826,2075500
637,2075532
411,2075564
184,2075596
0,2075628
0,2075660
139,2075692
793,2075724
552,2075756
1223,2075788
1405,2075820
1594,2075852
1871,2075884
2064,2075916
1963,2075948
2058,2075980
1822,2076012
1707,2076044
1312,2076076
1096,2076108
943,2076140
624,2076172
63,2076204
212,2076236
0,2076268
504,2076300
704,2076332
631,2076364
1159,2076396
1388,2076428
1351,2076460
1589,2076492
1720,2076524
1927,2076556
1592,2076588
1418,2076620
1594,2076652
956,2076684
775,2076716
504,2076748
318,2076780
93,2076812
123,2076844
58,2076876
608,2076908
843,2076940
1080,2076972
1264,2077004
1534,2077036
1738,2077068
1931,2077100
2203,2077132
2154,2077164
1536,2077196
1676,2077228
1072,2077260
848,2077292
618,2077324
394,2077356
200,2077388
0,2077420
0,2077452
87,2077484
264,2077516
537,2077548
1159,2077580
999,2077612
1659,2077644
1368,2077676
2104,2077708
2287,2077740
2152,2077772
1919,2077804
1689,2077836
1095,2077868
1225,2077900
955,2077932
840,2077964
489,2077996
236,2078028
255,2078060
413,2078092
299,2078124
952,2078156
748,2078188
1400,2078220
1597,2078252
1432,2078284
2063,2078316
2254,2078348
1706,2078380
1517,2078412
1196,2078444
1050,2078476
742,2078508
568,2078540
725,2078572
107,2078604
0,2078636
303,2078668
175,2078700
441,2078732
984,2078764
903,2078796
1481,2078828
1353,2078860
1949,2078892
2156,2078924
2295,2078956
2014,2078988
1785,2079020
1163,2079052
1311,2079084
1050,2079116
848,2079148
585,2079180
5,2079212
109,2079244
0,2079276
206,2079308
400,2079340
666,2079372
936,2079404
1112,2079436
1397,2079468
1623,2079500
1853,2079532
1851,2079564
1533,2079596
1373,2079628
1593,2079660
1263,2079692
1097,2079724
827,2079756
247,2079788
363,2079820
155,2079852
89,2079884
617,2079916
846,2079948
1192,2079980
1273,2080012
1510,2080044
1823,2080076
1968,2080108
2283,2080140
2112,2080172
1472,2080204
1304,2080236
1376,2080268
844,2080300
663,2080332
699,2080364
205,2080396
222,2080428
0,2080460
157,2080492
296,2080524
583,2080556
1196,2080588
1030,2080620
1291,2080652
1856,2080684
1755,2080716
1981,2080748
1742,2080780
1513,2080812
1646,2080844
970,2080876
1180,2080908
912,2080940
292,2080972
458,2081004
187,2081036
295,2081068
488,2081100
351,2081132
941,2081164
808,2081196
1033,2081228
1256,2081260
1485,2081292
1754,2081324
1831,2081356
1623,2081388
1435,2081420
1160,2081452
983,2081484
680,2081516
523,2081548
727,2081580
412,2081612
219,2081644
378,2081676
215,2081708
829,2081740
1066,2081772
925,2081804
1519,2081836
1720,2081868
2075,2081900
2188,2081932
2140,2081964
1991,2081996
1660,2082028
1072,2082060
1276,2082092
622,2082124
396,2082156
554,2082188
0,2082220
0,2082252
363,2082284
293,2082316
812,2082348
696,2082380
1004,2082412
1136,2082444
1430,2082476
2075,2082508
1896,2082540
1767,2082572
1901,2082604
1293,2082636
1111,2082668
841,2082700
665,2082732
781,2082764
477,2082796
313,2082828
234,2082860
75,2082892
698,2082924
925,2082956
1150,2082988
1384,2083020
1579,2083052
1850,2083084
2045,2083116
1885,2083148
2027,2083180
1420,2083212
1223,2083244
959,2083276
765,2083308
586,2083340
312,2083372
124,2083404
186,2083436
0,2083468
201,2083500
825,2083532
652,2083564
1309,2083596
1062,2083628
1744,2083660
1935,2083692
1801,2083724
2271,2083756
1998,2083788
1435,2083820
1518,2083852
1295,2083884
1179,2083916
807,2083948
576,2083980
425,2084012
107,2084044
0,2084076
569,2084108
411,2084140
685,2084172
1215,2084204
1135,2084236
1675,2084268
1917,2084300
1879,2084332
2135,2084364
1532,2084396
1401,2084428
1080,2084460
906,2084492
1069,2084524
454,2084556
264,2084588
1,2084620
0,2084652
109,2084684
601,2084716
557,2084748
1132,2084780
922,2084812
1596,2084844
1801,2084876
2074,2084908
2270,2084940
2092,2084972
1896,2085004
1625,2085036
1018,2085068
1161,2085100
558,2085132
336,2085164
111,2085196
0,2085228
0,2085260
70,2085292
327,2085324
890,2085356
775,2085388
1049,2085420
1687,2085452
1502,2085484
2187,2085516
1884,2085548
2151,2085580
1867,2085612
1212,2085644
1389,2085676
1175,2085708
583,2085740
700,2085772
440,2085804
312,2085836
270,2085868
475,2085900
781,2085932
927,2085964
809,2085996
1470,2086028
1258,2086060
1486,2086092
2138,2086124
1820,2086156
1995,2086188
1740,2086220
1191,2086252
1258,2086284
678,2086316
541,2086348
232,2086380
58,2086412
185,2086444
16,2086476
235,2086508
814,2086540
683,2086572
955,2086604
1503,2086636
1405,2086668
2009,2086700
2173,2086732
2231,2086764
1960,2086796
1755,2086828
1488,2086860
1257,2086892
1022,2086924
798,2086956
536,2086988
332,2087020
135,2087052
19,2087084
603,2087116
462,2087148
716,2087180
911,2087212
1166,2087244
1448,2087276
1630,2087308
1914,2087340
1787,2087372
1548,2087404
1323,2087436
1018,2087468
860,2087500
1069,2087532
366,2087564
585,2087596
303,2087628
0,2087660
489,2087692
680,2087724
599,2087756
1144,2087788
1369,2087820
1711,2087852
1790,2087884
2039,2087916
2345,2087948
2023,2087980
1420,2088012
1592,2088044
956,2088076
790,2088108
863,2088140
334,2088172
398,2088204
172,2088236
0,2088268
464,2088300
358,2088332
669,2088364
807,2088396
1084,2088428
1722,2088460
1544,2088492
1821,2088524
2254,2088556
1690,2088588
1451,2088620
1504,2088652
998,2088684
1120,2088716
448,2088748
666,2088780
398,2088812
185,2088844
350,2088876
600,2088908
810,2088940
1002,2088972
860,2089004
1453,2089036
1322,2089068
1551,2089100
2283,2089132
1770,2089164
1561,2089196
1295,2089228
1100,2089260
922,2089292
638,2089324
469,2089356
168,2089388
18,2089420
263,2089452
21,2089484
711,2089516
893,2089548
725,2089580
1351,2089612
1583,2089644
1447,2089676
2048,2089708
2249,2089740
2232,2089772
1881,2089804
1612,2089836
1463,2089868
1147,2089900
571,2089932
766,2089964
120,2089996
0,2090028
218,2090060
74,2090092
672,2090124
876,2090156
798,2090188
1328,2090220
1200,2090252
1527,2090284
1664,2090316
1944,2090348
2119,2090380
1468,2090412
1243,2090444
1372,2090476
781,2090508
605,2090540
685,2090572
151,2090604
263,2090636
267,2090668
557,2090700
761,2090732
1021,2090764
1214,2090796
1448,2090828
1676,2090860
1916,2090892
2108,2090924
2240,2090956
1976,2090988
1359,2091020
1207,2091052
904,2091084
710,2091116
445,2091148
252,2091180
74,2091212
0,2091244
29,2091276
544,2091308
477,2091340
712,2091372
861,2091404
1163,2091436
1837,2091468
1577,2091500
2283,2091532
2219,2091564
1609,2091596
1741,2091628
1466,2091660
923,2091692
1004,2091724
780,2091756
664,2091788
284,2091820
123,2091852
443,2091884
589,2091916
464,2091948
1086,2091980
912,2092012
1536,2092044
1744,2092076
1658,2092108
2206,2092140
2077,2092172
1575,2092204
1607,2092236
1018,2092268
879,2092300
567,2092332
392,2092364
552,2092396
0,2092428
0,2092460
473,2092492
391,2092524
619,2092556
1119,2092588
1067,2092620
1660,2092652
1885,2092684
2128,2092716
2314,2092748
2108,2092780
1838,2092812
1565,2092844
1369,2092876
1099,2092908
504,2092940
359,2092972
48,2093004
0,2093036
0,2093068
125,2093100
389,2093132
572,2093164
828,2093196
1403,2093228
1287,2093260
1566,2093292
2219,2093324
1899,2093356
2109,2093388
1368,2093420
1613,2093452
1337,2093484
711,2093516
875,2093548
648,2093580
72,2093612
170,2093644
344,2093676
681,2093708
792,2093740
989,2093772
1294,2093804
1450,2093836
1323,2093868
1996,2093900
1786,2093932
2205,2093964
1934,2093996
1294,2094028
1466,2094060
1200,2094092
679,2094124
736,2094156
172,2094188
28,2094220
205,2094252
70,2094284
681,2094316
522,2094348
748,2094380
1336,2094412
1197,2094444
1479,2094476
2032,2094508
1943,2094540
2173,2094572
1566,2094604
1693,2094636
1434,2094668
1229,2094700
970,2094732
743,2094764
508,2094796
280,2094828
201,2094860
103,2094892
654,2094924
524,2094956
1118,2094988
972,2095020
1228,2095052
1432,2095084
1692,2095116
1962,2095148
1671,2095180
1495,2095212
1261,2095244
1033,2095276
811,2095308
504,2095340
349,2095372
544,2095404
0,2095436
363,2095468
557,2095500
730,2095532
1001,2095564
1196,2095596
1111,2095628
1659,2095660
1899,2095692
2253,2095724
2192,2095756
1963,2095788
1805,2095820
1486,2095852
1327,2095884
1068,2095916
448,2095948
280,2095980
350,2096012
0,2096044
303,2096076
537,2096108
501,2096140
733,2096172
870,2096204
1181,2096236
1320,2096268
1610,2096300
2252,2096332
1819,2096364
1639,2096396
1725,2096428
1164,2096460
939,2096492
712,2096524
479,2096556
606,2096588
0,2096620
202,2096652
414,2096684
672,2096716
872,2096748
1056,2096780
952,2096812
1519,2096844
1384,2096876
1982,2096908
1849,2096940
1708,2096972
1469,2097004
1244,2097036
1039,2097068
784,2097100
590,2097132
408,2097164
137,2097196
0,2097228
0,2097260
151,2097292
795,2097324
524,2097356
1223,2097388
1419,2097420
1631,2097452
1881,2097484
2120,2097516
1959,2097548
2095,2097580
1820,2097612
1703,2097644
1352,2097676
1088,2097708
941,2097740
624,2097772
59,2097804
246,2097836
0,2097868
136,2097900
734,2097932
586,2097964
1194,2097996
1390,2098028
1319,2098060
1593,2098092
1726,2098124
1925,2098156
1593,2098188
1414,2098220
1581,2098252
954,2098284
730,2098316
858,2098348
279,2098380
91,2098412
0,2098444
55,2098476
619,2098508
780,2098540
1081,2098572
1274,2098604
1544,2098636
1738,2098668
1976,2098700
1816,2098732
2190,2098764
1916,2098796
1720,2098828
1440,2098860
847,2098892
976,2098924
383,2098956
201,2098988
0,2099020
0,2099052
89,2099084
268,2099116
539,2099148
1065,2099180
988,2099212
1222,2099244
1384,2099276
1678,2099308
2367,2099340
2144,2099372
1964,2099404
1689,2099436
1085,2099468
1215,2099500
952,2099532
409,2099564
489,2099596
265,2099628
331,2099660
415,2099692
651,2099724
955,2099756
1101,2099788
976,2099820
1600,2099852
1433,2099884
2064,2099916
2255,2099948
1703,2099980
1511,2100012
1549,2100044
1051,2100076
1083,2100108
508,2100140
377,2100172
56,2100204
0,2100236
332,2100268
172,2100300
443,2100332
634,2100364
903,2100396
1129,2100428
1642,2100460
1591,2100492
2190,2100524
2285,2100556
2048,2100588
1787,2100620
1136,2100652
1308,2100684
1040,2100716
845,2100748
587,2100780
5,2100812
107,2100844
0,2100876
195,2100908
492,2100940
636,2100972
890,2101004
1087,2101036
1341,2101068
1931,2101100
1806,2101132
1846,2101164
2027,2101196
1370,2101228
1581,2101260
1263,2101292
1095,2101324
824,2101356
199,2101388
361,2101420
199,2101452
89,2101484
666,2101516
856,2101548
1195,2101580
1308,2101612
1513,2101644
1823,2101676
1978,2101708
1849,2101740
2157,2101772
1470,2101804
1676,2101836
1406,2101868
793,2101900
620,2101932
687,2101964
167,2101996
224,2102028
0,2102060
156,2102092
300,2102124
584,2102156
1197,2102188
1031,2102220
1259,2102252
1864,2102284
1721,2102316
1980,2102348
2077,2102380
1513,2102412
1645,2102444
1049,2102476
1175,2102508
910,2102540
284,2102572
456,2102604
218,2102636
295,2102668
535,2102700
717,2102732
983,2102764
1176,2102796
1036,2102828
1640,2102860
1496,2102892
1755,2102924
1818,2102956
1614,2102988
1433,2103020
1152,2103052
978,2103084
749,2103116
523,2103148
299,2103180
459,2103212
0,2103244
443,2103276
218,2103308
887,2103340
1071,2103372
939,2103404
1529,2103436
1724,2103468
1627,2103500
2187,2103532
2173,2103564
2058,2103596
1662,2103628
1432,2103660
1288,2103692
969,2103724
811,2103756
544,2103788
0,2103820
0,2103852
367,2103884
296,2103916
816,2103948
1051,2103980
1015,2104012
1503,2104044
1380,2104076
1709,2104108
1847,2104140
1767,2104172
1950,2104204
1293,2104236
1111,2104268
1196,2104300
653,2104332
429,2104364
201,2104396
0,2104428
270,2104460
74,2104492
732,2104524
926,2104556
1194,2104588
1390,2104620
1581,2104652
1854,2104684
2048,2104716
1883,2104748
2025,2104780
1416,2104812
1190,2104844
954,2104876
744,2104908
536,2104940
270,2104972
79,2105004
0,2105036
0,2105068
210,2105100
823,2105132
660,2105164
1307,2105196
1034,2105228
1751,2105260
1945,2105292
1756,2105324
2269,2105356
2032,2105388
1431,2105420
1563,2105452
1293,2105484
1179,2105516
830,2105548
573,2105580
416,2105612
103,2105644
0,2105676
616,2105708
416,2105740
644,2105772
1257,2105804
1096,2105836
1711,2105868
1919,2105900
1837,2105932
2137,2105964
1528,2105996
1399,2106028
1069,2106060
892,2106092
1065,2106124
442,2106156
221,2106188
344,2106220
0,2106252
108,2106284
295,2106316
567,2106348
1135,2106380
1293,2106412
1597,2106444
1801,2106476
2073,2106508
2268,2106540
2137,2106572
1885,2106604
1661,2106636
1388,2106668
1193,2106700
925,2106732
333,2106764
464,2106796
0,2106828
0,2106860
72,2106892
329,2106924
600,2106956
778,2106988
1051,2107020
1277,2107052
1511,2107084
1741,2107116
1881,2107148
1734,2107180
1933,2107212
1210,2107244
1435,2107276
1163,2107308
580,2107340
701,2107372
440,2107404
0,2107436
279,2107468
508,2107500
858,2107532
937,2107564
1164,2107596
1471,2107628
1627,2107660
1496,2107692
2140,2107724
1817,2107756
1984,2107788
1722,2107820
1180,2107852
1257,2107884
1034,2107916
539,2107948
569,2107980
5,2108012
0,2108044
0,2108076
246,2108108
856,2108140
686,2108172
956,2108204
1144,2108236
1417,2108268
1645,2108300
2174,2108332
1863,2108364
1994,2108396
1755,2108428
1518,2108460
1248,2108492
1054,2108524
794,2108556
526,2108588
335,2108620
139,2108652
19,2108684
604,2108716
464,2108748
697,2108780
922,2108812
1148,2108844
1403,2108876
1608,2108908
1870,2108940
1783,2108972
1496,2109004
1319,2109036
1483,2109068
857,2109100
1067,2109132
330,2109164
572,2109196
301,2109228
0,2109260
491,2109292
730,2109324
600,2109356
1181,2109388
1372,2109420
1562,2109452
1835,2109484
2043,2109516
2334,2109548
2008,2109580
1417,2109612
1628,2109644
955,2109676
1150,2109708
891,2109740
282,2109772
424,2109804
171,2109836
0,2109868
475,2109900
361,2109932
683,2109964
809,2109996
1096,2110028
1736,2110060
1548,2110092
1786,2110124
2254,2110156
1641,2110188
1449,2110220
1536,2110252
991,2110284
1117,2110316
539,2110348
653,2110380
392,2110412
183,2110444
362,2110476
588,2110508
812,2110540
1040,2110572
1239,2110604
1500,2110636
1708,2110668
1552,2110700
2160,2110732
1759,2110764
1561,2110796
1303,2110828
1098,2110860
919,2110892
640,2110924
469,2110956
247,2110988
17,2111020
0,2111052
21,2111084
316,2111116
973,2111148
719,2111180
1403,2111212
1593,2111244
1451,2111276
2059,2111308
2250,2111340
2095,2111372
1869,2111404
1641,2111436
1520,2111468
1143,2111500
912,2111532
765,2111564
458,2111596
285,2111628
219,2111660
76,2111692
358,2111724
877,2111756
808,2111788
1337,2111820
1574,2111852
1529,2111884
2032,2111916
1880,2111948
1741,2111980
1406,2112012
1240,2112044
1406,2112076
777,2112108
599,2112140
683,2112172
141,2112204
0,2112236
8,2112268
231,2112300
784,2112332
586,2112364
1256,2112396
1440,2112428
1720,2112460
1918,2112492
2110,2112524
2239,2112556
1967,2112588
1356,2112620
1497,2112652
904,2112684
678,2112716
443,2112748
220,2112780
27,2112812
0,2112844
1,2112876
263,2112908
441,2112940
731,2112972
1339,2113004
1164,2113036
1847,2113068
1552,2113100
2283,2113132
2217,2113164
1558,2113196
1739,2113228
1504,2113260
1227,2113292
1040,2113324
768,2113356
653,2113388
315,2113420
135,2113452
443,2113484
599,2113516
485,2113548
1130,2113580
922,2113612
1156,2113644
1786,2113676
1610,2113708
2248,2113740
2076,2113772
1518,2113804
1600,2113836
1008,2113868
875,2113900
1001,2113932
382,2113964
542,2113996
0,2114028
0,2114060
476,2114092
351,2114124
620,2114156
808,2114188
1067,2114220
1661,2114252
1820,2114284
2127,2114316
2312,2114348
2107,2114380
1838,2114412
1598,2114444
1360,2114476
1135,2114508
864,2114540
667,2114572
411,2114604
0,2114636
256,2114668
134,2114700
392,2114732
576,2114764
832,2114796
1111,2114828
1291,2114860
1575,2114892
1804,2114924
1897,2114956
1672,2114988
1356,2115020
1195,2115052
1405,2115084
700,2115116
923,2115148
651,2115180
366,2115212
169,2115244
336,2115276
253,2115308
796,2115340
1024,2115372
1369,2115404
1453,2115436
1689,2115468
2007,2115500
2156,2115532
1759,2115564
1932,2115596
1292,2115628
1455,2115660
1198,2115692
666,2115724
733,2115756
520,2115788
30,2115820
0,2115852
25,2115884
333,2115916
472,2115948
756,2115980
1372,2116012
1196,2116044
1479,2116076
1670,2116108
1944,2116140
1805,2116172
1855,2116204
1337,2116236
1466,2116268
1227,2116300
992,2116332
736,2116364
538,2116396
268,2116428
205,2116460
469,2116492
671,2116524
528,2116556
1119,2116588
986,2116620
1211,2116652
1436,2116684
1676,2116716
1911,2116748
1643,2116780
1436,2116812
1269,2116844
973,2116876
798,2116908
971,2116940
349,2116972
551,2117004
0,2117036
363,2117068
557,2117100
768,2117132
1007,2117164
1244,2117196
1112,2117228
1706,2117260
1902,2117292
2251,2117324
2221,2117356
1961,2117388
1805,2117420
1484,2117452
903,2117484
1110,2117516
446,2117548
634,2117580
377,2117612
0,2117644
334,2117676
539,2117708
471,2117740
731,2117772
872,2117804
1191,2117836
1323,2117868
1612,2117900
2253,2117932
1816,2117964
1591,2117996
1723,2118028
1129,2118060
938,2118092
1023,2118124
489,2118156
601,2118188
26,2118220
205,2118252
424,2118284
670,2118316
876,2118348
1102,2118380
953,2118412
1565,2118444
1760,2118476
2029,2118508
2224,2118540
1706,2118572
1850,2118604
1242,2118636
1036,2118668
780,2118700
586,2118732
407,2118764
135,2118796
0,2118828
0,2118860
148,2118892
379,2118924
524,2118956
827,2118988
1485,2119020
1641,2119052
1933,2119084
2125,2119116
1949,2119148
2089,2119180
1817,2119212
1257,2119244
1342,2119276
1117,2119308
1004,2119340
623,2119372
399,2119404
235,2119436
251,2119468
542,2119500
746,2119532
584,2119564
870,2119596
1401,2119628
1320,2119660
1592,2119692
2106,2119724
1914,2119756
1951,2119788
1354,2119820
1225,2119852
894,2119884
730,2119916
892,2119948
269,2119980
88,2120012
152,2120044
55,2120076
285,2120108
504,2120140
733,2120172
1312,2120204
1100,2120236
1784,2120268
1980,2120300
1790,2120332
2188,2120364
1914,2120396
1709,2120428
1439,2120460
842,2120492
974,2120524
384,2120556
169,2120588
0,2120620
0,2120652
47,2120684
246,2120716
495,2120748
767,2120780
951,2120812
1228,2120844
1376,2120876
1688,2120908
2375,2120940
2141,2120972
1960,2121004
1689,2121036
1044,2121068
1215,2121100
989,2121132
408,2121164
523,2121196
255,2121228
331,2121260
448,2121292
656,2121324
955,2121356
1103,2121388
985,2121420
1654,2121452
1436,2121484
1672,2121516
2286,2121548
1642,2121580
1467,2121612
1546,2121644
1004,2121676
1080,2121708
505,2121740
363,2121772
47,2121804
0,2121836
333,2121868
186,2121900
411,2121932
990,2121964
860,2121996
1131,2122028
1321,2122060
1593,2122092
2201,2122124
2208,2122156
2045,2122188
1774,2122220
1134,2122252
1304,2122284
1080,2122316
846,2122348
605,2122380
360,2122412
139,2122444
320,2122476
187,2122508
776,2122540
649,2122572
894,2122604
1096,2122636
1352,2122668
1639,2122700
1816,2122732
1835,2122764
1912,2122796
1370,2122828
1142,2122860
1323,2122892
686,2122924
889,2122956
194,2122988
399,2123020
203,2123052
91,2123084
667,2123116
860,2123148
775,2123180
1310,2123212
1549,2123244
1899,2123276
1978,2123308
2220,2123340
2155,2123372
1836,2123404
1241,2123436
1404,2123468
783,2123500
618,2123532
685,2123564
156,2123596
218,2123628
199,2123660
167,2123692
649,2123724
534,2123756
845,2123788
986,2123820
1262,2123852
1902,2123884
1720,2123916
1977,2123948
1702,2123980
1512,2124012
1277,2124044
1327,2124076
825,2124108
942,2124140
281,2124172
476,2124204
218,2124236
334,2124268
536,2124300
728,2124332
987,2124364
1180,2124396
1038,2124428
1641,2124460
1500,2124492
1736,2124524
1819,2124556
1584,2124588
1383,2124620
1126,2124652
922,2124684
1037,2124716
469,2124748
296,2124780
454,2124812
0,2124844
453,2124876
198,2124908
888,2124940
1069,2124972
1307,2125004
1529,2125036
1772,2125068
1629,2125100
2235,2125132
2170,2125164
2045,2125196
1693,2125228
1432,2125260
1275,2125292
969,2125324
384,2125356
586,2125388
0,2125420
0,2125452
408,2125484
248,2125516
856,2125548
1054,2125580
971,2125612
1504,2125644
1383,2125676
1709,2125708
1852,2125740
1757,2125772
1929,2125804
1288,2125836
1067,2125868
1197,2125900
615,2125932
425,2125964
509,2125996
0,2126028
281,2126060
443,2126092
743,2126124
938,2126156
1197,2126188
1392,2126220
1628,2126252
1856,2126284
2096,2126316
2266,2126348
2064,2126380
1790,2126412
1182,2126444
1320,2126476
720,2126508
528,2126540
271,2126572
72,2126604
0,2126636
0,2126668
215,2126700
430,2126732
661,2126764
889,2126796
1038,2126828
1339,2126860
2023,2126892
1758,2126924
2319,2126956
2030,2126988
1431,2127020
1563,2127052
1289,2127084
747,2127116
829,2127148
601,2127180
479,2127212
100,2127244
315,2127276
619,2127308
762,2127340
640,2127372
1262,2127404
1097,2127436
1382,2127468
1930,2127500
1846,2127532
2127,2127564
1899,2127596
1388,2127628
1420,2127660
842,2127692
703,2127724
383,2127756
216,2127788
367,2127820
0,2127852
109,2127884
654,2127916
567,2127948
793,2127980
1304,2128012
1246,2128044
1838,2128076
1625,2128108
2316,2128140
2127,2128172
1932,2128204
1646,2128236
1385,2128268
1192,2128300
923,2128332
331,2128364
461,2128396
0,2128428
0,2128460
541,2128492
300,2128524
558,2128556
748,2128588
1005,2128620
1292,2128652
1466,2128684
1752,2128716
1872,2128748
1720,2128780
1931,2128812
1178,2128844
1432,2128876
1161,2128908
535,2128940
701,2128972
463,2129004
0,2129036
320,2129068
511,2129100
859,2129132
971,2129164
1168,2129196
1472,2129228
1628,2129260
1500,2129292
2186,2129324
1817,2129356
1582,2129388
1756,2129420
1125,2129452
1278,2129484
1020,2129516
491,2129548
568,2129580
5,2129612
0,2129644
0,2129676
248,2129708
857,2129740
700,2129772
924,2129804
1515,2129836
1384,2129868
1655,2129900
2222,2129932
1851,2129964
1993,2129996
1676,2130028
1513,2130060
1246,2130092
1053,2130124
792,2130156
567,2130188
332,2130220
183,2130252
378,2130284
638,2130316
832,2130348
700,2130380
1003,2130412
1152,2130444
1406,2130476
1613,2130508
1872,2130540
1780,2130572
1497,2130604
1305,2130636
1376,2130668
856,2130700
631,2130732
330,2130764
171,2130796
365,2130828
0,2130860
552,2130892
731,2130924
603,2130956
1183,2130988
1374,2131020
1288,2131052
1839,2131084
2080,2131116
2407,2131148
2009,2131180
1775,2131212
1623,2131244
1306,2131276
730,2131308
892,2131340
282,2131372
426,2131404
169,2131436
0,2131468
478,2131500
714,2131532
681,2131564
1164,2131596
1038,2131628
1359,2131660
1498,2131692
1788,2131724
2286,2131756
1639,2131788
1448,2131820
1546,2131852
987,2131884
765,2131916
811,2131948
303,2131980
424,2132012
169,2132044
394,2132076
591,2132108
848,2132140
1054,2132172
1241,2132204
1503,2132236
1706,2132268
1552,2132300
1866,2132332
1759,2132364
1529,2132396
1292,2132428
1066,2132460
871,2132492
612,2132524
412,2132556
524,2132588
0,2132620
0,2132652
491,2132684
316,2132716
971,2132748
698,2132780
1403,2132812
1597,2132844
1405,2132876
2061,2132908
2300,2132940
1782,2132972
1912,2133004
1640,2133036
1511,2133068
1166,2133100
909,2133132
752,2133164
448,2133196
0,2133228
268,2133260
79,2133292
717,2133324
920,2133356
760,2133388
1371,2133420
1581,2133452
1495,2133484
2042,2133516
1872,2133548
1737,2133580
1879,2133612
1230,2133644
1401,2133676
778,2133708
555,2133740
686,2133772
91,2133804
0,2133836
314,2133868
221,2133900
797,2133932
681,2133964
1259,2133996
1452,2134028
1725,2134060
1914,2134092
2156,2134124
2238,2134156
1999,2134188
1726,2134220
1158,2134252
1262,2134284
670,2134316
800,2134348
216,2134380
25,2134412
0,2134444
3,2134476
268,2134508
444,2134540
714,2134572
940,2134604
1173,2134636
1403,2134668
1550,2134700
1867,2134732
2285,2134764
1549,2134796
1785,2134828
1503,2134860
1216,2134892
1039,2134924
768,2134956
235,2134988
302,2135020
167,2135052
512,2135084
599,2135116
826,2135148
1135,2135180
1276,2135212
1582,2135244
1788,2135276
1612,2135308
1909,2135340
2075,2135372
1518,2135404
1596,2135436
1368,2135468
872,2135500
651,2135532
331,2135564
189,2135596
0,2135628
0,2135660
510,2135692
362,2135724
631,2135756
1168,2135788
1079,2135820
1305,2135852
1543,2135884
1773,2135916
2346,2135948
1648,2135980
1868,2136012
1598,2136044
1400,2136076
1134,2136108
862,2136140
303,2136172
410,2136204
0,2136236
266,2136268
136,2136300
363,2136332
585,2136364
813,2136396
1066,2136428
1271,2136460
1527,2136492
1812,2136524
1838,2136556
1658,2136588
1354,2136620
1195,2136652
1399,2136684
666,2136716
917,2136748
639,2136780
398,2136812
165,2136844
382,2136876
266,2136908
843,2136940
1036,2136972
1371,2137004
1163,2137036
1693,2137068
2009,2137100
2157,2137132
1756,2137164
1976,2137196
1290,2137228
1067,2137260
1228,2137292
614,2137324
764,2137356
509,2137388
0,2137420
0,2137452
26,2137484
343,2137516
475,2137548
759,2137580
1373,2137612
1209,2137644
1436,2137676
2046,2137708
1899,2137740
1799,2137772
1516,2137804
1335,2137836
1453,2137868
1151,2137900
997,2137932
732,2137964
537,2137996
270,2138028
248,2138060
109,2138092
704,2138124
893,2138156
1163,2138188
1355,2138220
1214,2138252
1816,2138284
1678,2138316
1901,2138348
1640,2138380
1436,2138412
1255,2138444
972,2138476
796,2138508
863,2138540
345,2138572
123,2138604
0,2138636
0,2138668
635,2138700
765,2138732
1065,2138764
1246,2138796
1116,2138828
1709,2138860
1902,2138892
1805,2138924
2221,2138956
1984,2138988
1867,2139020
1481,2139052
1247,2139084
1102,2139116
794,2139148
228,2139180
375,2139212
0,2139244
335,2139276
541,2139308
470,2139340
733,2139372
1228,2139404
1192,2139436
1689,2139468
1560,2139500
1895,2139532
1754,2139564
1580,2139596
1756,2139628
1116,2139660
935,2139692
664,2139724
473,2139756
249,2139788
299,2139820
0,2139852
458,2139884
683,2139916
912,2139948
1112,2139980
936,2140012
1576,2140044
1769,2140076
2041,2140108
2236,2140140
1704,2140172
1840,2140204
1232,2140236
1004,2140268
780,2140300
554,2140332
364,2140364
94,2140396
0,2140428
215,2140460
106,2140492
379,2140524
1003,2140556
826,2140588
1493,2140620
1643,2140652
1933,2140684
2127,2140716
1907,2140748
2089,2140780
1854,2140812
1255,2140844
1384,2140876
1115,2140908
999,2140940
653,2140972
396,2141004
237,2141036
255,2141068
140,2141100
784,2141132
588,2141164
1232,2141196
1436,2141228
1270,2141260
1559,2141292
2106,2141324
1868,2141356
1935,2141388
1352,2141420
1213,2141452
893,2141484
726,2141516
887,2141548
270,2141580
43,2141612
139,2141644
24,2141676
281,2141708
826,2141740
733,2141772
1325,2141804
1193,2141836
1785,2141868
1982,2141900
1800,2141932
2186,2141964
1948,2141996
1710,2142028
1472,2142060
1208,2142092
1008,2142124
749,2142156
159,2142188
288,2142220
0,2142252
46,2142284
238,2142316
504,2142348
776,2142380
953,2142412
1227,2142444
1464,2142476
1690,2142508
1927,2142540
2199,2142572
1533,2142604
1755,2142636
1034,2142668
1257,2142700
987,2142732
405,2142764
523,2142796
254,2142828
0,2142860
458,2142892
688,2142924
1035,2142956
1114,2142988
1352,2143020
1657,2143052
1808,2143084
2121,2143116
2284,2143148
1642,2143180
1464,2143212
1536,2143244
1000,2143276
1071,2143308
848,2143340
371,2143372
382,2143404
0,2143436
6,2143468
140,2143500
414,2143532
1036,2143564
870,2143596
1133,2143628
1694,2143660
1597,2143692
1835,2143724
1914,2143756
1677,2143788
1808,2143820
1120,2143852
1336,2143884
1080,2143916
876,2143948
620,2143980
351,2144012
137,2144044
329,2144076
200,2144108
780,2144140
640,2144172
874,2144204
1098,2144236
1326,2144268
1584,2144300
1788,2144332
1783,2144364
1595,2144396
1320,2144428
1139,2144460
1307,2144492
681,2144524
887,2144556
154,2144588
395,2144620
213,2144652
56,2144684
671,2144716
906,2144748
778,2144780
1355,2144812
1559,2144844
1902,2144876
2016,2144908
2222,2144940
2153,2144972
1824,2145004
1240,2145036
1448,2145068
780,2145100
566,2145132
715,2145164
106,2145196
250,2145228
192,2145260
135,2145292
653,2145324
537,2145356
855,2145388
986,2145420
1272,2145452
1911,2145484
1733,2145516
1929,2145548
2072,2145580
1463,2145612
1271,2145644
1002,2145676
823,2145708
941,2145740
639,2145772
473,2145804
214,2145836
335,2145868
540,2145900
763,2145932
990,2145964
1225,2145996
1419,2146028
1687,2146060
1883,2146092
1741,2146124
2200,2146156
1581,2146188
1386,2146220
1118,2146252
920,2146284
743,2146316
463,2146348
284,2146380
59,2146412
0,2146444
45,2146476
188,2146508
491,2146540
1151,2146572
904,2146604
1581,2146636
1774,2146668
1639,2146700
2239,2146732
2159,2146764
1598,2146796
1690,2146828
1452,2146860
1341,2146892
959,2146924
744,2146956
588,2146988
271,2147020
0,2147052
406,2147084
249,2147116
859,2147148
1064,2147180
982,2147212
1503,2147244
1756,2147276
1719,2147308
2216,2147340
1700,2147372
1561,2147404
1228,2147436
1064,2147468
1229,2147500
604,2147532
423,2147564
152,2147596
0,2147628
0,2147660
447,2147692
399,2147724
974,2147756
1197,2147788
1434,2147820
1629,2147852
1902,2147884
2104,2147916
2256,2147948
2059,2147980
1786,2148012
1177,2148044
1312,2148076
720,2148108
494,2148140
268,2148172
42,2148204
0,2148236
0,2148268
167,2148300
440,2148332
618,2148364
889,2148396
1515,2148428
1343,2148460
2023,2148492
1736,2148524
2315,2148556
2031,2148588
1373,2148620
1561,2148652
1323,2148684
743,2148716
861,2148748
599,2148780
331,2148812
119,2148844
315,2148876
621,2148908
767,2148940
649,2148972
1309,2149004
1098,2149036
1820,2149068
1964,2149100
1796,2149132
2155,2149164
1897,2149196
1339,2149228
1420,2149260
842,2149292
701,2149324
381,2149356
208,2149388
361,2149420
0,2149452
77,2149484
655,2149516
535,2149548
793,2149580
1341,2149612
1255,2149644
1849,2149676
1709,2149708
2315,2149740
2122,2149772
1927,2149804
1656,2149836
1418,2149868
1192,2149900
958,2149932
695,2149964
492,2149996
231,2150028
0,2150060
432,2150092
314,2150124
560,2150156
758,2150188
1016,2150220
1288,2150252
1468,2150284
1752,2150316
1947,2150348
1717,2150380
1471,2150412
1176,2150444
1019,2150476
1225,2150508
524,2150540
745,2150572
463,2150604
0,2150636
327,2150668
512,2150700
735,2150732
970,2150764
1209,2150796
1551,2150828
1631,2150860
1872,2150892
2187,2150924
2184,2150956
2015,2150988
1753,2151020
1115,2151052
950,2151084
1021,2151116
493,2151148
556,2151180
336,2151212
0,2151244
314,2151276
201,2151308
509,2151340
648,2151372
926,2151404
1560,2151436
1384,2151468
1659,2151500
2222,2151532
1852,2151564
1625,2151596
1383,2151628
1161,2151660
1280,2151692
617,2151724
814,2151756
560,2151788
360,2151820
186,2151852
384,2151884
649,2151916
842,2151948
716,2151980
1293,2152012
1162,2152044
1390,2152076
1614,2152108
1852,2152140
1722,2152172
1464,2152204
1258,2152236
1079,2152268
807,2152300
631,2152332
795,2152364
177,2152396
363,2152428
0,2152460
551,2152492
733,2152524
567,2152556
1191,2152588
1432,2152620
1609,2152652
1886,2152684
2088,2152716
2397,2152748
2041,2152780
1771,2152812
1615,2152844
1296,2152876
719,2152908
927,2152940
268,2152972
44,2153004
188,2153036
0,2153068
512,2153100
718,2153132
647,2153164
1160,2153196
1040,2153228
1367,2153260
1965,2153292
1799,2153324
2285,2153356
1628,2153388
1415,2153420
1536,2153452
940,2153484
764,2153516
491,2153548
302,2153580
415,2153612
103,2153644
397,2153676
600,2153708
857,2153740
1054,2153772
1280,2153804
1514,2153836
1753,2153868
1947,2153900
2219,2153932
2137,2153964
1518,2153996
1661,2154028
1066,2154060
869,2154092
604,2154124
411,2154156
223,2154188
0,2154220
0,2154252
93,2154284
326,2154316
555,2154348
701,2154380
1003,2154412
1673,2154444
1415,2154476
2119,2154508
2313,2154540
2094,2154572
1902,2154604
1630,2154636
1387,2154668
1164,2154700
942,2154732
827,2154764
444,2154796
222,2154828
281,2154860
427,2154892
313,2154924
926,2154956
762,2154988
1372,2155020
1580,2155052
1500,2155084
2043,2155116
2248,2155148
1735,2155180
1499,2155212
1176,2155244
1037,2155276
717,2155308
555,2155340
714,2155372
88,2155404
0,2155436
0,2155468
231,2155500
459,2155532
957,2155564
909,2155596
1496,2155628
1725,2155660
1962,2155692
2160,2155724
2281,2155756
1998,2155788
1726,2155820
1531,2155852
1261,2155884
665,2155916
799,2155948
207,2155980
0,2156012
0,2156044
0,2156076
227,2156108
422,2156140
676,2156172
951,2156204
1128,2156236
1404,2156268
2059,2156300
1868,2156332
2281,2156364
1528,2156396
1775,2156428
1501,2156460
1258,2156492
1033,2156524
809,2156556
222,2156588
348,2156620
171,2156652
509,2156684
633,2156716
829,2156748
1135,2156780
1280,2156812
1162,2156844
1837,2156876
1614,2156908
2296,2156940
2102,2156972
1464,2157004
1627,2157036
1368,2157068
827,2157100
638,2157132
330,2157164
187,2157196
0,2157228
0,2157260
521,2157292
362,2157324
587,2157356
1176,2157388
1037,2157420
1308,2157452
1869,2157484
1774,2157516
2335,2157548
1737,2157580
1865,2157612
1594,2157644
1389,2157676
1130,2157708
895,2157740
300,2157772
445,2157804
170,2157836
301,2157868
504,2157900
367,2157932
954,2157964
816,2157996
1072,2158028
1272,2158060
1528,2158092
1816,2158124
1836,2158156
1658,2158188
1420,2158220
1191,2158252
966,2158284
665,2158316
507,2158348
704,2158380
395,2158412
201,2158444
396,2158476
275,2158508
843,2158540
1035,2158572
941,2158604
1488,2158636
1728,2158668
2089,2158700
2168,2158732
2124,2158764
1975,2158796
1647,2158828
1485,2158860
1228,2158892
615,2158924
438,2158956
506,2158988
0,2159020
0,2159052
379,2159084
343,2159116
826,2159148
710,2159180
1021,2159212
1160,2159244
1450,2159276
2091,2159308
1910,2159340
1802,2159372
1887,2159404
1323,2159436
1101,2159468
872,2159500
647,2159532
763,2159564
107,2159596
300,2159628
250,2159660
90,2159692
712,2159724
904,2159756
1163,2159788
1357,2159820
1216,2159852
1822,2159884
1679,2159916
1870,2159948
1632,2159980
1404,2160012
1198,2160044
940,2160076
746,2160108
568,2160140
298,2160172
119,2160204
0,2160236
0,2160268
635,2160300
793,2160332
1064,2160364
1248,2160396
1076,2160428
1721,2160460
1952,2160492
1816,2160524
2256,2160556
1983,2160588
1863,2160620
1504,2160652
1247,2160684
1099,2160716
792,2160748
219,2160780
413,2160812
0,2160844
0,2160876
576,2160908
424,2160940
711,2160972
1229,2161004
1159,2161036
1692,2161068
1660,2161100
1895,2161132
1753,2161164
1578,2161196
1753,2161228
1113,2161260
891,2161292
1020,2161324
429,2161356
251,2161388
0,2161420
0,2161452
457,2161484
623,2161516
919,2161548
1114,2161580
942,2161612
1576,2161644
1807,2161676
2042,2161708
2283,2161740
2087,2161772
1882,2161804
1609,2161836
1003,2161868
1146,2161900
544,2161932
358,2161964
94,2161996
0,2162028
0,2162060
110,2162092
394,2162124
905,2162156
838,2162188
1065,2162220
1695,2162252
1519,2162284
2205,2162316
1898,2162348
2137,2162380
1851,2162412
1246,2162444
1375,2162476
1114,2162508
571,2162540
650,2162572
424,2162604
299,2162636
254,2162668
492,2162700
795,2162732
942,2162764
826,2162796
1440,2162828
1274,2162860
1560,2162892
2111,2162924
1866,2162956
1945,2162988
1720,2163020
1213,2163052
1243,2163084
664,2163116
525,2163148
207,2163180
40,2163212
172,2163244
23,2163276
285,2163308
472,2163340
747,2163372
969,2163404
1483,2163436
1431,2163468
2027,2163500
1805,2163532
2218,2163564
1946,2163596
1742,2163628
1472,2163660
1199,2163692
1013,2163724
745,2163756
156,2163788
284,2163820
0,2163852
25,2163884
253,2163916
476,2163948
730,2163980
932,2164012
1179,2164044
1769,2164076
1644,2164108
1933,2164140
2189,2164172
1531,2164204
1742,2164236
1002,2164268
1246,2164300
983,2164332
348,2164364
522,2164396
287,2164428
0,2164460
502,2164492
695,2164524
1035,2164556
1146,2164588
1352,2164620
1661,2164652
1817,2164684
1689,2164716
2328,2164748
1631,2164780
1404,2164812
1576,2164844
950,2164876
1102,2164908
848,2164940
327,2164972
382,2165004
0,2165036
16,2165068
138,2165100
424,2165132
1024,2165164
873,2165196
1101,2165228
1695,2165260
1550,2165292
1835,2165324
2239,2165356
1675,2165388
1802,2165420
1496,2165452
1337,2165484
1070,2165516
875,2165548
608,2165580
382,2165612
133,2165644
366,2165676
558,2165708
825,2165740
1018,2165772
875,2165804
1470,2165836
1328,2165868
1592,2165900
1800,2165932
1776,2165964
1593,2165996
1318,2166028
1140,2166060
907,2166092
678,2166124
456,2166156
154,2166188
4,2166220
271,2166252
60,2166284
728,2166316
922,2166348
787,2166380
1359,2166412
1563,2166444
1467,2166476
2025,2166508
2267,2166540
2219,2166572
1832,2166604
1595,2166636
1440,2166668
1130,2166700
553,2166732
712,2166764
105,2166796
0,2166828
205,2166860
136,2166892
655,2166924
892,2166956
855,2166988
1342,2167020
1214,2167052
1543,2167084
1676,2167116
1928,2167148
2105,2167180
1453,2167212
1271,2167244
1358,2167276
811,2167308
587,2167340
638,2167372
137,2167404
236,2167436
0,2167468
572,2167500
768,2167532
1034,2167564
1230,2167596
1420,2167628
1691,2167660
1899,2167692
1741,2167724
2188,2167756
1580,2167788
1351,2167820
1599,2167852
890,2167884
688,2167916
430,2167948
236,2167980
56,2168012
0,2168044
53,2168076
201,2168108
499,2168140
1149,2168172
875,2168204
1589,2168236
1775,2168268
1592,2168300
2249,2168332
2203,2168364
1594,2168396
1724,2168428
1452,2168460
1339,2168492
989,2168524
734,2168556
586,2168588
269,2168620
0,2168652
454,2168684
264,2168716
479,2168748
1096,2168780
934,2168812
1550,2168844
1758,2168876
1687,2168908
2224,2168940
1692,2168972
1559,2169004
1229,2169036
1052,2169068
1225,2169100
602,2169132
377,2169164
496,2169196
0,2169228
0,2169260
489,2169292
407,2169324
983,2169356
1133,2169388
1437,2169420
1632,2169452
1911,2169484
2108,2169516
2297,2169548
2056,2169580
1822,2169612
1536,2169644
1354,2169676
1086,2169708
491,2169740
343,2169772
41,2169804
0,2169836
0,2169868
170,2169900
440,2169932
620,2169964
892,2169996
1419,2170028
1351,2170060
1581,2170092
1740,2170124
1885,2170156
2105,2170188
1370,2170220
1598,2170252
1323,2170284
733,2170316
872,2170348
590,2170380
57,2170412
120,2170444
348,2170476
699,2170508
778,2170540
1004,2170572
1311,2170604
1464,2170636
1336,2170668
1976,2170700
1791,2170732
2156,2170764
1885,2170796
1339,2170828
1408,2170860
1190,2170892
696,2170924
730,2170956
164,2170988
22,2171020
0,2171052
86,2171084
698,2171116
536,2171148
807,2171180
1344,2171212
1256,2171244
1484,2171276
2011,2171308
1951,2171340
2158,2171372
1917,2171404
1678,2171436
1418,2171468
1216,2171500
955,2171532
685,2171564
490,2171596
224,2171628
0,2171660
165,2171692
313,2171724
538,2171756
760,2171788
988,2171820
1244,2171852
1450,2171884
1707,2171916
2254,2171948
1660,2171980
1479,2172012
1654,2172044
1018,2172076
1211,2172108
489,2172140
732,2172172
459,2172204
0,2172236
331,2172268
569,2172300
443,2172332
1018,2172364
1211,2172396
1549,2172428
1675,2172460
1872,2172492
2199,2172524
2176,2172556
1579,2172588
1789,2172620
1114,2172652
1308,2172684
1050,2172716
440,2172748
588,2172780
333,2172812
0,2172844
317,2172876
204,2172908
510,2172940
1097,2172972
935,2173004
1563,2173036
1387,2173068
1625,2173100
2269,2173132
1803,2173164
1612,2173196
1710,2173228
1151,2173260
1277,2173292
697,2173324
815,2173356
556,2173388
349,2173420
190,2173452
428,2173484
652,2173516
876,2173548
1079,2173580
967,2173612
1536,2173644
1389,2173676
1998,2173708
1856,2173740
1722,2173772
1455,2173804
1254,2173836
1079,2173868
805,2173900
617,2173932
407,2173964
178,2173996
0,2174028
0,2174060
158,2174092
811,2174124
558,2174156
1241,2174188
1433,2174220
1611,2174252
1895,2174284
2088,2174316
1947,2174348
2030,2174380
1805,2174412
1679,2174444
1295,2174476
1072,2174508
927,2174540
618,2174572
446,2174604
186,2174636
0,2174668
200,2174700
720,2174732
648,2174764
1179,2174796
1406,2174828
1367,2174860
1607,2174892
1740,2174924
1903,2174956
1576,2174988
1402,2175020
1577,2175052
950,2175084
759,2175116
846,2175148
302,2175180
79,2175212
0,2175244
63,2175276
634,2175308
428,2175340
1096,2175372
1290,2175404
1552,2175436
1754,2175468
1950,2175500
1831,2175532
2137,2175564
1517,2175596
1660,2175628
1055,2175660
840,2175692
602,2175724
378,2175756
184,2175788
0,2175820
0,2175852
115,2175884
281,2175916
563,2175948
702,2175980
1003,2176012
1675,2176044
1389,2176076
2120,2176108
2313,2176140
2126,2176172
1901,2176204
1673,2176236
1079,2176268
1200,2176300
938,2176332
813,2176364
472,2176396
218,2176428
281,2176460
430,2176492
316,2176524
969,2176556
764,2176588
998,2176620
1622,2176652
1448,2176684
2078,2176716
2239,2176748
1688,2176780
1497,2176812
1176,2176844
1038,2176876
716,2176908
551,2176940
701,2176972
89,2177004
0,2177036
326,2177068
199,2177100
471,2177132
648,2177164
919,2177196
1501,2177228
1660,2177260
1963,2177292
2170,2177324
2269,2177356
1998,2177388
1768,2177420
1145,2177452
1295,2177484
1024,2177516
841,2177548
567,2177580
0,2177612
97,2177644
0,2177676
235,2177708
426,2177740
683,2177772
952,2177804
1132,2177836
1404,2177868
1946,2177900
1877,2177932
1821,2177964
1516,2177996
1355,2178028
1567,2178060
1247,2178092
1083,2178124
800,2178156
231,2178188
335,2178220
183,2178252
94,2178284
635,2178316
864,2178348
1211,2178380
1292,2178412
1529,2178444
1838,2178476
1994,2178508
1855,2178540
2096,2178572
1451,2178604
1616,2178636
1360,2178668
826,2178700
637,2178732
676,2178764
183,2178796
207,2178828
0,2178860
173,2178892
312,2178924
598,2178956
1212,2178988
1047,2179020
1319,2179052
1500,2179084
1783,2179116
1965,2179148
2025,2179180
1495,2179212
1628,2179244
1386,2179276
1162,2179308
892,2179340
268,2179372
440,2179404
158,2179436
313,2179468
496,2179500
367,2179532
956,2179564
815,2179596
1052,2179628
1274,2179660
1510,2179692
1769,2179724
1804,2179756
1597,2179788
1723,2179820
1134,2179852
956,2179884
1131,2179916
504,2179948
711,2179980
393,2180012
195,2180044
395,2180076
231,2180108
847,2180140
1084,2180172
955,2180204
1536,2180236
1740,2180268
2091,2180300
2203,2180332
2123,2180364
1975,2180396
1645,2180428
1063,2180460
1261,2180492
603,2180524
792,2180556
536,2180588
0,2180620
0,2180652
381,2180684
311,2180716
830,2180748
714,2180780
1032,2180812
1163,2180844
1449,2180876
2089,2180908
1918,2180940
1751,2180972
1884,2181004
1275,2181036
1095,2181068
1183,2181100
637,2181132
763,2181164
185,2181196
285,2181228
264,2181260
93,2181292
716,2181324
942,2181356
1168,2181388
1403,2181420
1597,2181452
1868,2181484
2063,2181516
1869,2181548
2012,2181580
1401,2181612
1197,2181644
940,2181676
744,2181708
568,2181740
296,2181772
116,2181804
0,2181836
0,2181868
219,2181900
841,2181932
667,2181964
1325,2181996
1082,2182028
1771,2182060
1963,2182092
1818,2182124
2255,2182156
1979,2182188
1417,2182220
1502,2182252
1279,2182284
1162,2182316
783,2182348
557,2182380
399,2182412
73,2182444
384,2182476
586,2182508
428,2182540
714,2182572
1232,2182604
1160,2182636
1695,2182668
1936,2182700
1896,2182732
2111,2182764
1514,2182796
1381,2182828
1053,2182860
888,2182892
1040,2182924
428,2182956
235,2182988
330,2183020
0,2183052
125,2183084
347,2183116
573,2183148
1152,2183180
940,2183212
1614,2183244
1820,2183276
2090,2183308
2288,2183340
2075,2183372
1872,2183404
1599,2183436
999,2183468
1135,2183500
544,2183532
326,2183564
91,2183596
0,2183628
0,2183660
88,2183692
345,2183724
615,2183756
794,2183788
1067,2183820
1707,2183852
1526,2183884
2214,2183916
1866,2183948
2124,2183980
1851,2184012
1205,2184044
1371,2184076
1150,2184108
567,2184140
686,2184172
415,2184204
285,2184236
298,2184268
489,2184300
797,2184332
952,2184364
826,2184396
1495,2184428
1277,2184460
1510,2184492
2153,2184524
1806,2184556
1976,2184588
1708,2184620
1164,2184652
1241,2184684
666,2184716
535,2184748
207,2184780
38,2184812
165,2184844
24,2184876
251,2184908
830,2184940
701,2184972
971,2185004
1159,2185036
1421,2185068
2029,2185100
2190,2185132
1737,2185164
1936,2185196
1739,2185228
1468,2185260
1241,2185292
1000,2185324
779,2185356
510,2185388
313,2185420
158,2185452
39,2185484
619,2185516
478,2185548
744,2185580
928,2185612
1192,2185644
1466,2185676
1656,2185708
1932,2185740
1768,2185772
1528,2185804
1303,2185836
992,2185868
843,2185900
1051,2185932
360,2185964
557,2185996
285,2186028
0,2186060
505,2186092
701,2186124
617,2186156
1150,2186188
1385,2186220
1737,2186252
1818,2186284
2048,2186316
2317,2186348
1996,2186380
1402,2186412
1567,2186444
939,2186476
1098,2186508
842,2186540
316,2186572
379,2186604
143,2186636
17,2186668
487,2186700
378,2186732
687,2186764
826,2186796
1102,2186828
1740,2186860
1560,2186892
1835,2186924
1864,2186956
1671,2186988
1435,2187020
1485,2187052
974,2187084
1110,2187116
875,2187148
638,2187180
380,2187212
153,2187244
376,2187276
568,2187308
825,2187340
1022,2187372
879,2187404
1479,2187436
1336,2187468
1576,2187500
1802,2187532
1753,2187564
1542,2187596
1280,2187628
1082,2187660
905,2187692
622,2187724
444,2187756
620,2187788
5,2187820
283,2187852
30,2187884
728,2187916
911,2187948
733,2187980
1369,2188012
1610,2188044
1466,2188076
2076,2188108
2269,2188140
2047,2188172
1853,2188204
1596,2188236
1437,2188268
1119,2188300
552,2188332
748,2188364
95,2188396
281,2188428
238,2188460
92,2188492
697,2188524
895,2188556
823,2188588
1344,2188620
1225,2188652
1545,2188684
1678,2188716
1924,2188748
2093,2188780
1450,2188812
1225,2188844
1356,2188876
764,2188908
583,2188940
668,2188972
121,2189004
237,2189036
18,2189068
575,2189100
776,2189132
1037,2189164
1230,2189196
1465,2189228
1696,2189260
1932,2189292
2126,2189324
2222,2189356
1951,2189388
1341,2189420
1482,2189452
880,2189484
685,2189516
427,2189548
234,2189580
55,2189612
0,2189644
53,2189676
269,2189708
498,2189740
731,2189772
879,2189804
1178,2189836
1855,2189868
1592,2189900
2303,2189932
2203,2189964
1592,2189996
1723,2190028
1450,2190060
1210,2190092
984,2190124
763,2190156
639,2190188
265,2190220
143,2190252
461,2190284
607,2190316
904,2190348
1098,2190380
936,2190412
1224,2190444
1759,2190476
1685,2190508
2224,2190540
2062,2190572
1547,2190604
1583,2190636
998,2190668
861,2190700
550,2190732
376,2190764
526,2190796
0,2190828
0,2190860
492,2190892
407,2190924
637,2190956
859,2190988
1085,2191020
1677,2191052
1456,2191084
2152,2191116
2288,2191148
2092,2191180
1820,2191212
1536,2191244
1343,2191276
1081,2191308
490,2191340
623,2191372
30,2191404
0,2191436
0,2191468
142,2191500
399,2191532
592,2191564
855,2191596
1127,2191628
1304,2191660
1582,2191692
2235,2191724
1880,2191756
2093,2191788
1342,2191820
1595,2191852
1312,2191884
691,2191916
859,2191948
635,2191980
349,2192012
147,2192044
362,2192076
699,2192108
811,2192140
1006,2192172
1311,2192204
1467,2192236
1338,2192268
2016,2192300
1800,2192332
1749,2192364
1918,2192396
1284,2192428
1440,2192460
1183,2192492
663,2192524
716,2192556
156,2192588
16,2192620
237,2192652
93,2192684
699,2192716
538,2192748
764,2192780
1354,2192812
1211,2192844
1486,2192876
1685,2192908
1961,2192940
2153,2192972
1837,2193004
1677,2193036
1407,2193068
1209,2193100
952,2193132
719,2193164
490,2193196
255,2193228
220,2193260
477,2193292
680,2193324
541,2193356
1131,2193388
989,2193420
1254,2193452
1452,2193484
1708,2193516
1942,2193548
1658,2193580
1476,2193612
1243,2193644
1013,2193676
795,2193708
479,2193740
332,2193772
528,2193804
0,2193836
367,2193868
569,2193900
750,2193932
1035,2193964
1212,2193996
1126,2194028
1675,2194060
1919,2194092
2269,2194124
2172,2194156
1944,2194188
1789,2194220
1467,2194252
889,2194284
1050,2194316
430,2194348
586,2194380
320,2194412
0,2194444
317,2194476
553,2194508
519,2194540
749,2194572
888,2194604
1197,2194636
1336,2194668
1626,2194700
2270,2194732
1800,2194764
1612,2194796
1336,2194828
1144,2194860
921,2194892
970,2194924
461,2194956
584,2194988
349,2195020
220,2195052
430,2195084
696,2195116
890,2195148
1082,2195180
1343,2195212
1546,2195244
1398,2195276
2008,2195308
1867,2195340
1690,2195372
1453,2195404
1225,2195436
1029,2195468
764,2195500
572,2195532
392,2195564
117,2195596
0,2195628
327,2195660
166,2195692
812,2195724
540,2195756
1243,2195788
1433,2195820
1648,2195852
1899,2195884
2140,2195916
1943,2195948
2076,2195980
1802,2196012
1677,2196044
1325,2196076
1070,2196108
921,2196140
606,2196172
43,2196204
222,2196236
0,2196268
560,2196300
760,2196332
602,2196364
1210,2196396
1417,2196428
1326,2196460
1608,2196492
1744,2196524
1899,2196556
1568,2196588
1400,2196620
1565,2196652
936,2196684
713,2196716
842,2196748
253,2196780
72,2196812
135,2196844
71,2196876
637,2196908
522,2196940
1098,2196972
1294,2197004
1560,2197036
1756,2197068
1993,2197100
1834,2197132
2172,2197164
1438,2197196
1692,2197228
1435,2197260
826,2197292
966,2197324
378,2197356
172,2197388
0,2197420
0,2197452
106,2197484
292,2197516
557,2197548
793,2197580
1014,2197612
1243,2197644
1390,2197676
1703,2197708
2393,2197740
2125,2197772
1945,2197804
1664,2197836
1074,2197868
1199,2197900
927,2197932
395,2197964
474,2197996
239,2198028
359,2198060
432,2198092
668,2198124
971,2198156
1119,2198188
1420,2198220
1625,2198252
1451,2198284
1750,2198316
2234,2198348
1686,2198380
1495,2198412
1531,2198444
1031,2198476
1064,2198508
490,2198540
351,2198572
38,2198604
0,2198636
351,2198668
199,2198700
471,2198732
1008,2198764
919,2198796
1145,2198828
1372,2198860
1609,2198892
2208,2198924
1817,2198956
2030,2198988
1760,2199020
1116,2199052
1294,2199084
1019,2199116
830,2199148
570,2199180
0,2199212
87,2199244
0,2199276
206,2199308
426,2199340
653,2199372
909,2199404
1111,2199436
1366,2199468
1643,2199500
1830,2199532
1822,2199564
1513,2199596
1354,2199628
1563,2199660
1243,2199692
1068,2199724
799,2199756
180,2199788
345,2199820
221,2199852
114,2199884
683,2199916
878,2199948
1211,2199980
1324,2200012
1531,2200044
1848,2200076
1994,2200108
1867,2200140
2138,2200172
1451,2200204
1226,2200236
1390,2200268
773,2200300
600,2200332
670,2200364
142,2200396
204,2200428
0,2200460
183,2200492
320,2200524
602,2200556
1223,2200588
1048,2200620
1276,2200652
1882,2200684
1740,2200716
1960,2200748
1687,2200780
1485,2200812
1625,2200844
1309,2200876
1159,2200908
892,2200940
270,2200972
428,2201004
200,2201036
304,2201068
553,2201100
734,2201132
991,2201164
1195,2201196
1053,2201228
1659,2201260
1514,2201292
1772,2201324
1803,2201356
1606,2201388
1415,2201420
1134,2201452
954,2201484
1021,2201516
500,2201548
281,2201580
445,2201612
0,2201644
463,2201676
232,2201708
905,2201740
1087,2201772
955,2201804
1547,2201836
1742,2201868
1645,2201900
2206,2201932
2156,2201964
2040,2201996
1640,2202028
1408,2202060
1259,2202092
952,2202124
378,2202156
536,2202188
0,2202220
0,2202252
382,2202284
323,2202316
843,2202348
1068,2202380
1034,2202412
1518,2202444
1391,2202476
1725,2202508
1864,2202540
1740,2202572
1920,2202604
1274,2202636
1095,2202668
824,2202700
637,2202732
411,2202764
457,2202796
0,2202828
298,2202860
95,2202892
766,2202924
954,2202956
1212,2202988
1402,2203020
1600,2203052
1868,2203084
2075,2203116
1856,2203148
2008,2203180
1391,2203212
1165,2203244
937,2203276
713,2203308
519,2203340
255,2203372
59,2203404
157,2203436
0,2203468
222,2203500
843,2203532
668,2203564
1325,2203596
1052,2203628
1769,2203660
1963,2203692
1771,2203724
2251,2203756
2016,2203788
1416,2203820
1546,2203852
1272,2203884
1149,2203916
813,2203948
556,2203980
399,2204012
71,2204044
0,2204076
630,2204108
429,2204140
663,2204172
1274,2204204
1114,2204236
1735,2204268
1946,2204300
1863,2204332
2109,2204364
1512,2204396
1371,2204428
1052,2204460
878,2204492
1039,2204524
422,2204556
203,2204588
328,2204620
0,2204652
126,2204684
667,2204716
575,2204748
1161,2204780
1309,2204812
1624,2204844
1820,2204876
2091,2204908
2288,2204940
2109,2204972
1870,2205004
1643,2205036
1368,2205068
1166,2205100
911,2205132
314,2205164
444,2205196
0,2205228
0,2205260
88,2205292
348,2205324
617,2205356
796,2205388
1076,2205420
1302,2205452
1527,2205484
1758,2205516
1855,2205548
1709,2205580
1915,2205612
1194,2205644
1421,2205676
1147,2205708
565,2205740
683,2205772
413,2205804
0,2205836
296,2205868
527,2205900
874,2205932
953,2205964
1191,2205996
1496,2206028
1646,2206060
1514,2206092
2156,2206124
1800,2206156
1626,2206188
1705,2206220
1164,2206252
1231,2206284
1008,2206316
520,2206348
552,2206380
0,2206412
0,2206444
0,2206476
264,2206508
874,2206540
712,2206572
972,2206604
1532,2206636
1433,2206668
1673,2206700
2191,2206732
1837,2206764
1978,2206796
1290,2206828
1500,2206860
1228,2206892
1036,2206924
778,2206956
511,2206988
313,2207020
165,2207052
40,2207084
624,2207116
488,2207148
714,2207180
1419,2207212
1179,2207244
1419,2207276
1628,2207308
1894,2207340
1767,2207372
1479,2207404
1299,2207436
992,2207468
840,2207500
1039,2207532
322,2207564
555,2207596
287,2207628
0,2207660
507,2207692
746,2207724
617,2207756
1198,2207788
1388,2207820
1735,2207852
1853,2207884
2060,2207916
2317,2207948
1984,2207980
1392,2208012
1608,2208044
938,2208076
716,2208108
876,2208140
262,2208172
409,2208204
152,2208236
0,2208268
491,2208300
380,2208332
695,2208364
826,2208396
1113,2208428
1739,2208460
1564,2208492
1805,2208524
2235,2208556
1624,2208588
1432,2208620
1527,2208652
975,2208684
1101,2208716
797,2208748
649,2208780
380,2208812
153,2208844
378,2208876
606,2208908
830,2208940
1065,2208972
1248,2209004
1517,2209036
1712,2209068
1575,2209100
1883,2209132
1740,2209164
1542,2209196
1242,2209228
1080,2209260
893,2209292
621,2209324
443,2209356
496,2209388
0,2209420
0,2209452
39,2209484
331,2209516
989,2209548
744,2209580
1419,2209612
1611,2209644
1477,2209676
2075,2209708
2268,2209740
1765,2209772
1851,2209804
1624,2209836
1503,2209868
1115,2209900
892,2209932
747,2209964
439,2209996
0,2210028
248,2210060
95,2210092
698,2210124
896,2210156
828,2210188
1352,2210220
1592,2210252
1549,2210284
2044,2210316
1854,2210348
1723,2210380
1402,2210412
1224,2210444
1388,2210476
760,2210508
584,2210540
666,2210572
123,2210604
0,2210636
286,2210668
237,2210700
812,2210732
1037,2210764
1274,2210796
1468,2210828
1742,2210860
1936,2210892
2136,2210924
2222,2210956
1948,2210988
1341,2211020
1180,2211052
877,2211084
652,2211116
429,2211148
202,2211180
17,2211212
0,2211244
17,2211276
571,2211308
456,2211340
731,2211372
1355,2211404
1192,2211436
1854,2211468
1576,2211500
2312,2211532
2191,2211564
1530,2211596
1719,2211628
1483,2211660
892,2211692
1019,2211724
761,2211756
637,2211788
297,2211820
152,2211852
459,2211884
606,2211916
490,2211948
1146,2211980
940,2212012
1598,2212044
1792,2212076
1626,2212108
2267,2212140
2048,2212172
1509,2212204
1577,2212236
996,2212268
858,2212300
985,2212332
376,2212364
523,2212396
0,2212428
0,2212460
496,2212492
375,2212524
637,2212556
1181,2212588
1095,2212620
1687,2212652
1547,2212684
2155,2212716
2286,2212748
2078,2212780
1816,2212812
1581,2212844
1340,2212876
1115,2212908
855,2212940
285,2212972
384,2213004
0,2213036
282,2213068
155,2213100
408,2213132
602,2213164
856,2213196
1128,2213228
1308,2213260
1593,2213292
1820,2213324
1879,2213356
1645,2213388
1328,2213420
1179,2213452
1383,2213484
682,2213516
905,2213548
624,2213580
346,2213612
149,2213644
361,2213676
283,2213708
812,2213740
1048,2213772
1387,2213804
1468,2213836
1707,2213868
2025,2213900
2170,2213932
2183,2213964
1916,2213996
1276,2214028
1101,2214060
1178,2214092
652,2214124
715,2214156
493,2214188
16,2214220
0,2214252
40,2214284
357,2214316
490,2214348
774,2214380
1390,2214412
1222,2214444
1496,2214476
2064,2214508
1964,2214540
1785,2214572
1548,2214604
1309,2214636
1448,2214668
768,2214700
976,2214732
716,2214764
510,2214796
262,2214828
233,2214860
122,2214892
684,2214924
551,2214956
1135,2214988
1000,2215020
1228,2215052
1453,2215084
1690,2215116
1883,2215148
1626,2215180
1418,2215212
1240,2215244
956,2215276
788,2215308
476,2215340
329,2215372
523,2215404
0,2215436
391,2215468
575,2215500
793,2215532
1031,2215564
1261,2215596
1128,2215628
1724,2215660
1920,2215692
2268,2215724
2203,2215756
1936,2215788
1785,2215820
1466,2215852
879,2215884
1086,2215916
429,2215948
203,2215980
360,2216012
0,2216044
351,2216076
556,2216108
487,2216140
759,2216172
890,2216204
1208,2216236
1344,2216268
1629,2216300
2269,2216332
1798,2216364
1563,2216396
1696,2216428
1099,2216460
919,2216492
651,2216524
461,2216556
585,2216588
282,2216620
233,2216652
442,2216684
701,2216716
892,2216748
1118,2216780
972,2216812
1582,2216844
1783,2216876
2047,2216908
2250,2216940
1688,2216972
1823,2217004
1215,2217036
1019,2217068
764,2217100
560,2217132
391,2217164
109,2217196
0,2217228
222,2217260
170,2217292
395,2217324
550,2217356
844,2217388
1504,2217420
1657,2217452
1949,2217484
2139,2217516
1942,2217548
2063,2217580
1801,2217612
1239,2217644
1325,2217676
1100,2217708
985,2217740
608,2217772
378,2217804
219,2217836
269,2217868
156,2217900
764,2217932
606,2217964
1215,2217996
1419,2218028
1336,2218060
1613,2218092
2122,2218124
1896,2218156
1933,2218188
1337,2218220
1197,2218252
875,2218284
711,2218316
863,2218348
260,2218380
59,2218412
0,2218444
71,2218476
301,2218508
800,2218540
749,2218572
1336,2218604
1561,2218636
1800,2218668
2000,2218700
1816,2218732
2170,2218764
1888,2218796
1695,2218828
1417,2218860
824,2218892
956,2218924
377,2218956
140,2218988
0,2219020
0,2219052
71,2219084
254,2219116
511,2219148
1085,2219180
969,2219212
1242,2219244
1886,2219276
1705,2219308
2395,2219340
2123,2219372
1944,2219404
1661,2219436
1016,2219468
1195,2219500
967,2219532
391,2219564
508,2219596
237,2219628
357,2219660
475,2219692
670,2219724
973,2219756
1120,2219788
1000,2219820
1673,2219852
1453,2219884
2128,2219916
2268,2219948
1624,2219980
1451,2220012
1529,2220044
986,2220076
1056,2220108
488,2220140
348,2220172
30,2220204
0,2220236
349,2220268
204,2220300
429,2220332
1008,2220364
887,2220396
1148,2220428
1706,2220460
1609,2220492
2215,2220524
1897,2220556
2025,2220588
1754,2220620
1114,2220652
1288,2220684
1056,2220716
826,2220748
604,2220780
334,2220812
123,2220844
344,2220876
205,2220908
794,2220940
663,2220972
912,2221004
1114,2221036
1368,2221068
1655,2221100
1834,2221132
1816,2221164
1590,2221196
1352,2221228
971,2221260
1293,2221292
667,2221324
864,2221356
172,2221388
379,2221420
232,2221452
117,2221484
685,2221516
877,2221548
795,2221580
1336,2221612
1566,2221644
1919,2221676
1997,2221708
2239,2221740
2135,2221772
1814,2221804
1655,2221836
1387,2221868
762,2221900
599,2221932
666,2221964
138,2221996
192,2222028
208,2222060
184,2222092
670,2222124
550,2222156
862,2222188
1002,2222220
1278,2222252
1927,2222284
1742,2222316
1960,2222348
2048,2222380
1483,2222412
1259,2222444
1031,2222476
799,2222508
922,2222540
264,2222572
458,2222604
190,2222636
350,2222668
556,2222700
748,2222732
1003,2222764
1196,2222796
1063,2222828
1657,2222860
1516,2222892
1755,2222924
1791,2222956
1564,2222988
1368,2223020
1100,2223052
905,2223084
729,2223116
445,2223148
279,2223180
439,2223212
0,2223244
475,2223276
204,2223308
907,2223340
1097,2223372
916,2223404
1547,2223436
1790,2223468
1653,2223500
2262,2223532
2141,2223564
2025,2223596
1675,2223628
1404,2223660
1258,2223692
943,2223724
368,2223756
572,2223788
0,2223820
0,2223852
416,2223884
265,2223916
874,2223948
1072,2223980
995,2224012
1528,2224044
1392,2224076
1736,2224108
1865,2224140
1739,2224172
1913,2224204
1272,2224236
1051,2224268
1178,2224300
588,2224332
408,2224364
138,2224396
0,2224428
301,2224460
461,2224492
759,2224524
954,2224556
1211,2224588
1418,2224620
1643,2224652
1880,2224684
2112,2224716
2237,2224748
2041,2224780
1772,2224812
1164,2224844
1304,2224876
711,2224908
506,2224940
255,2224972
59,2225004
0,2225036
0,2225068
220,2225100
445,2225132
679,2225164
903,2225196
1056,2225228
1355,2225260
2041,2225292
1784,2225324
2299,2225356
2011,2225388
1403,2225420
1535,2225452
1262,2225484
727,2225516
810,2225548
576,2225580
459,2225612
75,2225644
333,2225676
635,2225708
784,2225740
664,2225772
1278,2225804
1115,2225836
1741,2225868
1945,2225900
1864,2225932
2106,2225964
1872,2225996
1368,2226028
1402,2226060
825,2226092
697,2226124
366,2226156
198,2226188
350,2226220
0,2226252
127,2226284
325,2226316
587,2226348
811,2226380
1322,2226412
1261,2226444
1856,2226476
2093,2226508
2330,2226540
2106,2226572
1904,2226604
1632,2226636
1366,2226668
1163,2226700
906,2226732
314,2226764
446,2226796
0,2226828
0,2226860
93,2226892
316,2226924
582,2226956
768,2226988
1030,2227020
1304,2227052
1482,2227084
1769,2227116
2348,2227148
1694,2227180
1911,2227212
1162,2227244
1415,2227276
1144,2227308
508,2227340
679,2227372
456,2227404
0,2227436
344,2227468
536,2227500
728,2227532
988,2227564
1193,2227596
1499,2227628
1646,2227660
1515,2227692
2204,2227724
1791,2227756
2000,2227788
1736,2227820
1102,2227852
1261,2227884
1005,2227916
473,2227948
540,2227980
0,2228012
0,2228044
0,2228076
264,2228108
874,2228140
714,2228172
940,2228204
1532,2228236
1399,2228268
1672,2228300
2238,2228332
1837,2228364
1974,2228396
1371,2228428
1497,2228460
1228,2228492
1035,2228524
776,2228556
541,2228588
304,2228620
204,2228652
396,2228684
664,2228716
859,2228748
718,2228780
1308,2228812
1177,2228844
1430,2228876
1630,2228908
1898,2228940
1757,2228972
1470,2229004
1290,2229036
1067,2229068
838,2229100
617,2229132
315,2229164
155,2229196
345,2229228
0,2229260
567,2229292
761,2229324
628,2229356
1197,2229388
1400,2229420
1616,2229452
1864,2229484
2096,2229516
2381,2229548
1993,2229580
1756,2229612
1607,2229644
1290,2229676
1129,2229708
873,2229740
256,2229772
86,2229804
142,2229836
0,2229868
492,2229900
730,2229932
697,2229964
1181,2229996
1064,2230028
1381,2230060
1518,2230092
1814,2230124
2268,2230156
1614,2230188
1431,2230220
1527,2230252
967,2230284
751,2230316
521,2230348
288,2230380
398,2230412
0,2230444
410,2230476
608,2230508
874,2230540
1068,2230572
1260,2230604
1528,2230636
1728,2230668
1578,2230700
2190,2230732
1740,2230764
1510,2230796
1264,2230828
1040,2230860
846,2230892
590,2230924
393,2230956
216,2230988
0,2231020
0,2231052
503,2231084
342,2231116
989,2231148
714,2231180
1419,2231212
1615,2231244
1431,2231276
2079,2231308
2318,2231340
2079,2231372
1888,2231404
1615,2231436
1495,2231468
1146,2231500
891,2231532
735,2231564
428,2231596
0,2231628
284,2231660
103,2231692
330,2231724
941,2231756
776,2231788
1389,2231820
1600,2231852
1514,2231884
2060,2231916
1855,2231948
1719,2231980
1853,2232012
1212,2232044
1385,2232076
760,2232108
539,2232140
664,2232172
88,2232204
0,2232236
0,2232268
248,2232300
815,2232332
973,2232364
1274,2232396
1470,2232428
1739,2232460
1944,2232492
2176,2232524
2218,2232556
1983,2232588
1709,2232620
1515,2232652
1244,2232684
652,2232716
781,2232748
201,2232780
7,2232812
0,2232844
18,2232876
284,2232908
463,2232940
742,2232972
965,2233004
1183,2233036
1419,2233068
1578,2233100
1884,2233132
2265,2233164
1529,2233196
1769,2233228
1484,2233260
1115,2233292
1017,2233324
752,2233356
208,2233388
286,2233420
189,2233452
537,2233484
618,2233516
846,2233548
1163,2233580
1306,2233612
1168,2233644
1802,2233676
1639,2233708
2270,2233740
2048,2233772
1498,2233804
1578,2233836
1344,2233868
857,2233900
633,2233932
316,2233964
173,2233996
0,2234028
0,2234060
538,2234092
376,2234124
647,2234156
827,2234188
1097,2234220
1325,2234252
1849,2234284
1789,2234316
2319,2234348
2087,2234380
1852,2234412
1580,2234444
1376,2234476
1114,2234508
845,2234540
652,2234572
384,2234604
0,2234636
283,2234668
155,2234700
379,2234732
603,2234764
831,2234796
1093,2234828
1280,2234860
1545,2234892
1830,2234924
1821,2234956
1640,2234988
1819,2235020
1176,2235052
1375,2235084
650,2235116
893,2235148
621,2235180
378,2235212
151,2235244
408,2235276
282,2235308
861,2235340
1052,2235372
1389,2235404
1503,2235436
1712,2235468
2031,2235500
2176,2235532
1738,2235564
1952,2235596
1273,2235628
1469,2235660
1211,2235692
596,2235724
746,2235756
490,2235788
0,2235820
0,2235852
45,2235884
359,2235916
492,2235948
778,2235980
1403,2236012
1224,2236044
1463,2236076
2064,2236108
1917,2236140
1773,2236172
1871,2236204
1309,2236236
1437,2236268
857,2236300
971,2236332
714,2236364
509,2236396
252,2236428
267,2236460
127,2236492
728,2236524
920,2236556
1178,2236588
1371,2236620
1239,2236652
1836,2236684
1693,2236716
1884,2236748
1615,2236780
1414,2236812
1237,2236844
957,2236876
785,2236908
555,2236940
328,2236972
104,2237004
0,2237036
4,2237068
653,2237100
795,2237132
1081,2237164
1263,2237196
1138,2237228
1725,2237260
1927,2237292
1831,2237324
2201,2237356
1966,2237388
1851,2237420
1455,2237452
1232,2237484
1083,2237516
776,2237548
615,2237580
351,2237612
0,2237644
40,2237676
566,2237708
488,2237740
760,2237772
1244,2237804
1209,2237836
1708,2237868
1578,2237900
1913,2237932
1738,2237964
1562,2237996
1738,2238028
1099,2238060
909,2238092
1004,2238124
457,2238156
233,2238188
8,2238220
0,2238252
474,2238284
270,2238316
926,2238348
1130,2238380
953,2238412
1594,2238444
1787,2238476
2057,2238508
2253,2238540
1680,2238572
1822,2238604
1216,2238636
986,2238668
760,2238700
538,2238732
335,2238764
78,2238796
0,2238828
0,2238860
122,2238892
395,2238924
542,2238956
853,2238988
1515,2239020
1660,2239052
1959,2239084
2143,2239116
1883,2239148
2064,2239180
1836,2239212
1236,2239244
1359,2239276
1099,2239308
982,2239340
634,2239372
378,2239404
217,2239436
271,2239468
166,2239500
811,2239532
604,2239564
838,2239596
1454,2239628
1288,2239660
1578,2239692
2125,2239724
1849,2239756
1930,2239788
1336,2239820
1193,2239852
874,2239884
700,2239916
861,2239948
250,2239980
28,2240012
137,2240044
39,2240076
301,2240108
491,2240140
759,2240172
1339,2240204
1499,2240236
1802,2240268
2000,2240300
1819,2240332
2168,2240364
1929,2240396
1690,2240428
1454,2240460
1182,2240492
988,2240524
728,2240556
140,2240588
267,2240620
0,2240652
76,2240684
267,2240716
522,2240748
794,2240780
970,2240812
1244,2240844
1787,2240876
1716,2240908
1958,2240940
2172,2240972
1526,2241004
1727,2241036
1008,2241068
1231,2241100
969,2241132
381,2241164
505,2241196
235,2241228
0,2241260
476,2241292
712,2241324
1051,2241356
1128,2241388
1359,2241420
1677,2241452
99,2241484
0,2241516
135,2241548
0,2241580
0,2241612
103,2241644
0,2241676
99,2241708
104,2241740
0,2241772
98,2241804
0,2241836
0,2241868
0,2241900
0,2241932
184,2241964
0,2241996
0,2242028
0,2242060
0,2242092
0,2242124
119,2242156
0,2242188
184,2242220
0,2242252
182,2242284
153,2242316
182,2242348
150,2242380
119,2242412
149,2242444
120,2242476
0,2242508
107,2242540
0,2242572
0,2242604
0,2242636
0,2242668
0,2242700
0,2242732
0,2242764
108,2242796
0,2242828
0,2242860
219,2242892
0,2242924
247,2242956
0,2242988
215,2243020
169,2243052
0,2243084
169,2243116
167,2243148
0,2243180
167,2243212
132,2243244
237,2243276
123,2243308
103,2243340
171,2243372
92,2243404
0,2243436
171,2243468
0,2243500
0,2243532
135,2243564
0,2243596
131,2243628
103,2243660
0,2243692
99,2243724
0,2243756
0,2243788
0,2243820
0,2243852
185,2243884
0,2243916
0,2243948
152,2243980
0,2244012
0,2244044
151,2244076
0,2244108
185,2244140
121,2244172
181,2244204
152,2244236
173,2244268
152,2244300
151,2244332
151,2244364
151,2244396
119,2244428
140,2244460
107,2244492
0,2244524
107,2244556
0,2244588
0,2244620
0,2244652
0,2244684
0,2244716
0,2244748
0,2244780
0,2244812
0,2244844
0,2244876
0,2244908
0,2244940
239,2244972
0,2245004
217,2245036
169,2245068
0,2245100
167,2245132
133,2245164
0,2245196
123,2245228
135,2245260
235,2245292
0,2245324
101,2245356
171,2245388
101,2245420
0,2245452
134,2245484
0,2245516
0,2245548
103,2245580
0,2245612
91,2245644
105,2245676
0,2245708
103,2245740
0,2245772
0,2245804
0,2245836
0,2245868
184,2245900
0,2245932
0,2245964
154,2245996
0,2246028
0,2246060
109,2246092
0,2246124
184,2246156
0,2246188
172,2246220
152,2246252
172,2246284
150,2246316
107,2246348
147,2246380
108,2246412
0,2246444
107,2246476
0,2246508
0,2246540
215,2246572
0,2246604
0,2246636
0,2246668
0,2246700
0,2246732
0,2246764
0,2246796
0,2246828
0,2246860
235,2246892
0,2246924
204,2246956
171,2246988
0,2247020
169,2247052
170,2247084
0,2247116
167,2247148
135,2247180
235,2247212
132,2247244
103,2247276
171,2247308
103,2247340
0,2247372
172,2247404
0,2247436
0,2247468
133,2247500
0,2247532
123,2247564
103,2247596
0,2247628
91,2247660
0,2247692
0,2247724
185,2247756
0,2247788
185,2247820
0,2247852
0,2247884
153,2247916
0,2247948
0,2247980
151,2248012
0,2248044
183,2248076
123,2248108
181,2248140
152,2248172
173,2248204
150,2248236
152,2248268
149,2248300
149,2248332
115,2248364
139,2248396
109,2248428
0,2248460
0,2248492
0,2248524
0,2248556
0,2248588
0,2248620
0,2248652
0,2248684
0,2248716
107,2248748
0,2248780
0,2248812
0,2248844
0,2248876
237,2248908
0,2248940
205,2248972
173,2249004
0,2249036
169,2249068
135,2249100
0,2249132
123,2249164
135,2249196
247,2249228
101,2249260
101,2249292
173,2249324
99,2249356
0,2249388
135,2249420
0,2249452
121,2249484
101,2249516
0,2249548
0,2249580
103,2249612
0,2249644
98,2249676
0,2249708
0,2249740
0,2249772
0,2249804
184,2249836
0,2249868
0,2249900
152,2249932
0,2249964
0,2249996
109,2250028
0,2250060
184,2250092
181,2250124
184,2250156
150,2250188
181,2250220
150,2250252
119,2250284
147,2250316
108,2250348
0,2250380
0,2250412
0,2250444
0,2250476
0,2250508
0,2250540
0,2250572
0,2250604
0,2250636
105,2250668
0,2250700
0,2250732
215,2250764
0,2250796
235,2250828
0,2250860
204,2250892
171,2250924
0,2250956
167,2250988
171,2251020
0,2251052
168,2251084
135,2251116
235,2251148
135,2251180
91,2251212
171,2251244
103,2251276
0,2251308
171,2251340
0,2251372
0,2251404
133,2251436
0,2251468
123,2251500
103,2251532
0,2251564
101,2251596
0,2251628
0,2251660
185,2251692
0,2251724
181,2251756
0,2251788
0,2251820
154,2251852
0,2251884
0,2251916
151,2251948
0,2251980
185,2252012
0,2252044
181,2252076
150,2252108
181,2252140
150,2252172
157,2252204
141,2252236
151,2252268
107,2252300
0,2252332
109,2252364
0,2252396
105,2252428
0,2252460
0,2252492
0,2252524
0,2252556
0,2252588
0,2252620
0,2252652
0,2252684
0,2252716
0,2252748
0,2252780
0,2252812
245,2252844
0,2252876
217,2252908
171,2252940
123,2252972
171,2253004
135,2253036
0,2253068
124,2253100
135,2253132
245,2253164
92,2253196
102,2253228
181,2253260
99,2253292
165,2253324
135,2253356
0,2253388
0,2253420
103,2253452
0,2253484
89,2253516
103,2253548
0,2253580
0,2253612
0,2253644
0,2253676
0,2253708
0,2253740
183,2253772
0,2253804
0,2253836
155,2253868
0,2253900
0,2253932
0,2253964
0,2253996
182,2254028
0,2254060
182,2254092
151,2254124
184,2254156
138,2254188
119,2254220
0,2254252
109,2254284
0,2254316
105,2254348
0,2254380
0,2254412
0,2254444
0,2254476
0,2254508
0,2254540
0,2254572
0,2254604
0,2254636
0,2254668
0,2254700
0,2254732
235,2254764
0,2254796
215,2254828
169,2254860
155,2254892
169,2254924
171,2254956
0,2254988
167,2255020
133,2255052
247,2255084
123,2255116
103,2255148
171,2255180
92,2255212
0,2255244
180,2255276
0,2255308
0,2255340
135,2255372
0,2255404
121,2255436
103,2255468
0,2255500
0,2255532
0,2255564
0,2255596
0,2255628
0,2255660
183,2255692
0,2255724
0,2255756
153,2255788
0,2255820
0,2255852
0,2255884
0,2255916
183,2255948
119,2255980
181,2256012
151,2256044
173,2256076
152,2256108
151,2256140
0,2256172
139,2256204
117,2256236
149,2256268
107,2256300
0,2256332
107,2256364
0,2256396
0,2256428
0,2256460
0,2256492
0,2256524
0,2256556
0,2256588
117,2256620
0,2256652
0,2256684
0,2256716
0,2256748
237,2256780
157,2256812
215,2256844
173,2256876
0,2256908
173,2256940
133,2256972
0,2257004
124,2257036
135,2257068
237,2257100
103,2257132
93,2257164
173,2257196
100,2257228
0,2257260
133,2257292
0,2257324
0,2257356
103,2257388
0,2257420
0,2257452
103,2257484
0,2257516
98,2257548
0,2257580
0,2257612
0,2257644
0,2257676
184,2257708
0,2257740
0,2257772
0,2257804
0,2257836
0,2257868
119,2257900
0,2257932
184,2257964
181,2257996
182,2258028
151,2258060
0,2258092
152,2258124
119,2258156
139,2258188
107,2258220
0,2258252
104,2258284
0,2258316
0,2258348
0,2258380
0,2258412
0,2258444
0,2258476
0,2258508
107,2258540
0,2258572
0,2258604
211,2258636
0,2258668
235,2258700
165,2258732
215,2258764
169,2258796
0,2258828
171,2258860
170,2258892
0,2258924
168,2258956
131,2258988
235,2259020
123,2259052
103,2259084
173,2259116
92,2259148
0,2259180
179,2259212
0,2259244
155,2259276
124,2259308
0,2259340
0,2259372
103,2259404
0,2259436
91,2259468
0,2259500
0,2259532
0,2259564
0,2259596
185,2259628
0,2259660
0,2259692
152,2259724
0,2259756
0,2259788
153,2259820
0,2259852
185,2259884
0,2259916
181,2259948
152,2259980
0,2260012
151,2260044
151,2260076
151,2260108
149,2260140
109,2260172
139,2260204
107,2260236
0,2260268
109,2260300
0,2260332
0,2260364
0,2260396
0,2260428
0,2260460
0,2260492
0,2260524
0,2260556
0,2260588
0,2260620
219,2260652
0,2260684
237,2260716
0,2260748
217,2260780
171,2260812
0,2260844
169,2260876
135,2260908
0,2260940
132,2260972
133,2261004
245,2261036
93,2261068
103,2261100
181,2261132
101,2261164
157,2261196
134,2261228
0,2261260
0,2261292
103,2261324
0,2261356
92,2261388
103,2261420
0,2261452
99,2261484
0,2261516
0,2261548
0,2261580
0,2261612
183,2261644
0,2261676
0,2261708
153,2261740
0,2261772
0,2261804
0,2261836
0,2261868
184,2261900
0,2261932
172,2261964
152,2261996
183,2262028
150,2262060
107,2262092
139,2262124
107,2262156
0,2262188
107,2262220
0,2262252
0,2262284
0,2262316
0,2262348
0,2262380
0,2262412
0,2262444
0,2262476
0,2262508
0,2262540
219,2262572
0,2262604
243,2262636
0,2262668
203,2262700
171,2262732
0,2262764
171,2262796
171,2262828
0,2262860
167,2262892
135,2262924
235,2262956
123,2262988
103,2263020
171,2263052
103,2263084
0,2263116
170,2263148
0,2263180
0,2263212
135,2263244
0,2263276
121,2263308
101,2263340
0,2263372
91,2263404
0,2263436
0,2263468
0,2263500
0,2263532
181,2263564
0,2263596
0,2263628
153,2263660
0,2263692
0,2263724
0,2263756
0,2263788
185,2263820
119,2263852
181,2263884
157,2263916
179,2263948
150,2263980
148,2264012
148,2264044
139,2264076
117,2264108
138,2264140
107,2264172
0,2264204
109,2264236
0,2264268
0,2264300
0,2264332
0,2264364
0,2264396
0,2264428
0,2264460
0,2264492
0,2264524
0,2264556
0,2264588
0,2264620
237,2264652
0,2264684
215,2264716
173,2264748
0,2264780
167,2264812
135,2264844
0,2264876
124,2264908
133,2264940
239,2264972
93,2265004
101,2265036
171,2265068
98,2265100
0,2265132
135,2265164
0,2265196
120,2265228
103,2265260
0,2265292
99,2265324
105,2265356
0,2265388
91,2265420
0,2265452
0,2265484
0,2265516
0,2265548
182,2265580
0,2265612
0,2265644
0,2265676
0,2265708
0,2265740
120,2265772
0,2265804
180,2265836
181,2265868
172,2265900
148,2265932
172,2265964
152,2265996
117,2266028
147,2266060
119,2266092
0,2266124
105,2266156
0,2266188
0,2266220
0,2266252
0,2266284
0,2266316
0,2266348
0,2266380
0,2266412
0,2266444
0,2266476
219,2266508
0,2266540
235,2266572
0,2266604
215,2266636
171,2266668
0,2266700
169,2266732
171,2266764
0,2266796
169,2266828
135,2266860
93,2266892
123,2266924
103,2266956
183,2266988
101,2267020
0,2267052
171,2267084
0,2267116
155,2267148
135,2267180
0,2267212
123,2267244
103,2267276
0,2267308
91,2267340
0,2267372
0,2267404
0,2267436
0,2267468
181,2267500
0,2267532
0,2267564
156,2267596
0,2267628
0,2267660
163,2267692
0,2267724
185,2267756
0,2267788
173,2267820
151,2267852
183,2267884
148,2267916
151,2267948
148,2267980
151,2268012
117,2268044
139,2268076
107,2268108
0,2268140
107,2268172
0,2268204
0,2268236
0,2268268
0,2268300
0,2268332
0,2268364
0,2268396
0,2268428
0,2268460
0,2268492
0,2268524
0,2268556
237,2268588
0,2268620
215,2268652
171,2268684
0,2268716
169,2268748
135,2268780
123,2268812
125,2268844
135,2268876
239,2268908
99,2268940
104,2268972
171,2269004
101,2269036
157,2269068
135,2269100
0,2269132
0,2269164
103,2269196
0,2269228
101,2269260
103,2269292
0,2269324
97,2269356
0,2269388
0,2269420
0,2269452
0,2269484
185,2269516
0,2269548
0,2269580
154,2269612
0,2269644
0,2269676
0,2269708
0,2269740
185,2269772
0,2269804
172,2269836
152,2269868
172,2269900
152,2269932
105,2269964
143,2269996
109,2270028
0,2270060
105,2270092
0,2270124
0,2270156
0,2270188
0,2270220
0,2270252
0,2270284
0,2270316
0,2270348
0,2270380
0,2270412
205,2270444
0,2270476
235,2270508
0,2270540
211,2270572
185,2270604
0,2270636
171,2270668
169,2270700
124,2270732
169,2270764
131,2270796
243,2270828
133,2270860
103,2270892
171,2270924
99,2270956
0,2270988
170,2271020
0,2271052
0,2271084
135,2271116
0,2271148
131,2271180
101,2271212
0,2271244
93,2271276
0,2271308
0,2271340
185,2271372
0,2271404
189,2271436
0,2271468
0,2271500
151,2271532
0,2271564
0,2271596
0,2271628
0,2271660
185,2271692
119,2271724
183,2271756
144,2271788
173,2271820
148,2271852
149,2271884
140,2271916
139,2271948
108,2271980
139,2272012
109,2272044
0,2272076
107,2272108
0,2272140
0,2272172
0,2272204
0,2272236
0,2272268
0,2272300
0,2272332
0,2272364
0,2272396
0,2272428
0,2272460
0,2272492
239,2272524
0,2272556
215,2272588
171,2272620
123,2272652
169,2272684
132,2272716
0,2272748
125,2272780
135,2272812
237,2272844
92,2272876
100,2272908
171,2272940
89,2272972
0,2273004
126,2273036
0,2273068
132,2273100
105,2273132
0,2273164
91,2273196
103,2273228
0,2273260
0,2273292
0,2273324
0,2273356
0,2273388
0,2273420
184,2273452
0,2273484
0,2273516
0,2273548
0,2273580
0,2273612
119,2273644
0,2273676
184,2273708
183,2273740
184,2273772
152,2273804
174,2273836
140,2273868
117,2273900
149,2273932
109,2273964
0,2273996
109,2274028
0,2274060
0,2274092
0,2274124
0,2274156
0,2274188
0,2274220
0,2274252
0,2274284
0,2274316
0,2274348
215,2274380
0,2274412
235,2274444
0,2274476
215,2274508
169,2274540
164,2274572
169,2274604
169,2274636
0,2274668
169,2274700
133,2274732
245,2274764
123,2274796
103,2274828
171,2274860
100,2274892
0,2274924
170,2274956
0,2274988
154,2275020
127,2275052
0,2275084
133,2275116
103,2275148
0,2275180
0,2275212
0,2275244
0,2275276
0,2275308
0,2275340
185,2275372
0,2275404
0,2275436
152,2275468
0,2275500
0,2275532
153,2275564
0,2275596
185,2275628
0,2275660
173,2275692
151,2275724
181,2275756
152,2275788
151,2275820
0,2275852
151,2275884
107,2275916
151,2275948
109,2275980
0,2276012
107,2276044
0,2276076
0,2276108
0,2276140
0,2276172
0,2276204
0,2276236
0,2276268
0,2276300
0,2276332
0,2276364
0,2276396
0,2276428
237,2276460
155,2276492
217,2276524
171,2276556
0,2276588
167,2276620
125,2276652
0,2276684
125,2276716
132,2276748
245,2276780
93,2276812
99,2276844
173,2276876
93,2276908
165,2276940
126,2276972
0,2277004
0,2277036
107,2277068
0,2277100
0,2277132
104,2277164
0,2277196
101,2277228
0,2277260
0,2277292
0,2277324
0,2277356
186,2277388
0,2277420
0,2277452
154,2277484
0,2277516
0,2277548
0,2277580
0,2277612
184,2277644
0,2277676
182,2277708
150,2277740
0,2277772
150,2277804
115,2277836
149,2277868
115,2277900
0,2277932
105,2277964
0,2277996
0,2278028
0,2278060
0,2278092
0,2278124
0,2278156
0,2278188
0,2278220
0,2278252
0,2278284
0,2278316
0,2278348
235,2278380
163,2278412
215,2278444
171,2278476
0,2278508
167,2278540
171,2278572
0,2278604
167,2278636
135,2278668
235,2278700
131,2278732
101,2278764
171,2278796
103,2278828
0,2278860
169,2278892
0,2278924
0,2278956
135,2278988
0,2279020
0,2279052
103,2279084
0,2279116
99,2279148
0,2279180
0,2279212
0,2279244
0,2279276
185,2279308
0,2279340
0,2279372
151,2279404
0,2279436
0,2279468
0,2279500
0,2279532
185,2279564
119,2279596
181,2279628
150,2279660
0,2279692
140,2279724
151,2279756
140,2279788
151,2279820
117,2279852
151,2279884
107,2279916
0,2279948
107,2279980
0,2280012
0,2280044
0,2280076
0,2280108
0,2280140
0,2280172
0,2280204
109,2280236
0,2280268
0,2280300
213,2280332
0,2280364
237,2280396
0,2280428
215,2280460
173,2280492
0,2280524
169,2280556
133,2280588
0,2280620
124,2280652
134,2280684
235,2280716
103,2280748
100,2280780
173,2280812
101,2280844
0,2280876
132,2280908
0,2280940
0,2280972
103,2281004
0,2281036
91,2281068
105,2281100
0,2281132
99,2281164
0,2281196
0,2281228
0,2281260
0,2281292
183,2281324
0,2281356
0,2281388
135,2281420
0,2281452
0,2281484
119,2281516
0,2281548
184,2281580
0,2281612
182,2281644
150,2281676
182,2281708
142,2281740
107,2281772
137,2281804
107,2281836
0,2281868
106,2281900
0,2281932
0,2281964
0,2281996
0,2282028
0,2282060
0,2282092
0,2282124
107,2282156
0,2282188
0,2282220
213,2282252
0,2282284
245,2282316
0,2282348
215,2282380
171,2282412
0,2282444
169,2282476
167,2282508
0,2282540
168,2282572
131,2282604
235,2282636
123,2282668
103,2282700
171,2282732
101,2282764
0,2282796
169,2282828
0,2282860
0,2282892
139,2282924
0,2282956
125,2282988
107,2283020
0,2283052
103,2283084
0,2283116
0,2283148
0,2283180
0,2283212
173,2283244
0,2283276
0,2283308
151,2283340
0,2283372
0,2283404
149,2283436
0,2283468
181,2283500
119,2283532
183,2283564
151,2283596
173,2283628
142,2283660
149,2283692
149,2283724
151,2283756
108,2283788
139,2283820
109,2283852
0,2283884
109,2283916
0,2283948
0,2283980
0,2284012
0,2284044
0,2284076
0,2284108
0,2284140
0,2284172
0,2284204
0,2284236
0,2284268
0,2284300
247,2284332
0,2284364
205,2284396
171,2284428
0,2284460
173,2284492
135,2284524
0,2284556
132,2284588
133,2284620
237,2284652
92,2284684
103,2284716
173,2284748
99,2284780
0,2284812
135,2284844
0,2284876
0,2284908
103,2284940
0,2284972
91,2285004
103,2285036
0,2285068
101,2285100
0,2285132
0,2285164
0,2285196
0,2285228
184,2285260
0,2285292
0,2285324
152,2285356
0,2285388
0,2285420
116,2285452
0,2285484
184,2285516
0,2285548
172,2285580
152,2285612
180,2285644
152,2285676
119,2285708
141,2285740
107,2285772
0,2285804
105,2285836
0,2285868
0,2285900
219,2285932
0,2285964
0,2285996
0,2286028
0,2286060
0,2286092
0,2286124
0,2286156
0,2286188
0,2286220
235,2286252
0,2286284
215,2286316
171,2286348
0,2286380
167,2286412
169,2286444
0,2286476
168,2286508
135,2286540
235,2286572
133,2286604
103,2286636
169,2286668
101,2286700
0,2286732
169,2286764
0,2286796
0,2286828
131,2286860
0,2286892
121,2286924
103,2286956
0,2286988
91,2287020
0,2287052
0,2287084
0,2287116
0,2287148
183,2287180
0,2287212
0,2287244
151,2287276
0,2287308
0,2287340
151,2287372
0,2287404
181,2287436
119,2287468
183,2287500
151,2287532
181,2287564
142,2287596
155,2287628
140,2287660
149,2287692
115,2287724
141,2287756
107,2287788
0,2287820
0,2287852
0,2287884
0,2287916
0,2287948
0,2287980
0,2288012
0,2288044
0,2288076
105,2288108
0,2288140
0,2288172
0,2288204
0,2288236
235,2288268
0,2288300
215,2288332
173,2288364
0,2288396
167,2288428
131,2288460
0,2288492
122,2288524
137,2288556
235,2288588
101,2288620
101,2288652
169,2288684
99,2288716
0,2288748
135,2288780
0,2288812
131,2288844
103,2288876
0,2288908
99,2288940
103,2288972
0,2289004
97,2289036
0,2289068
0,2289100
0,2289132
0,2289164
182,2289196
0,2289228
0,2289260
152,2289292
0,2289324
0,2289356
117,2289388
0,2289420
184,2289452
181,2289484
172,2289516
151,2289548
180,2289580
152,2289612
107,2289644
147,2289676
109,2289708
0,2289740
0,2289772
0,2289804
0,2289836
0,2289868
0,2289900
0,2289932
0,2289964
0,2289996
109,2290028
0,2290060
0,2290092
205,2290124
0,2290156
235,2290188
0,2290220
215,2290252
169,2290284
0,2290316
169,2290348
169,2290380
0,2290412
169,2290444
125,2290476
235,2290508
135,2290540
100,2290572
170,2290604
104,2290636
0,2290668
168,2290700
0,2290732
155,2290764
135,2290796
0,2290828
123,2290860
103,2290892
0,2290924
91,2290956
0,2290988
0,2291020
185,2291052
0,2291084
183,2291116
0,2291148
0,2291180
154,2291212
0,2291244
0,2291276
151,2291308
0,2291340
185,2291372
0,2291404
173,2291436
150,2291468
181,2291500
150,2291532
151,2291564
148,2291596
149,2291628
117,2291660
0,2291692
109,2291724
0,2291756
104,2291788
0,2291820
0,2291852
0,2291884
0,2291916
0,2291948
0,2291980
0,2292012
0,2292044
0,2292076
0,2292108
0,2292140
0,2292172
237,2292204
0,2292236
215,2292268
173,2292300
123,2292332
169,2292364
132,2292396
0,2292428
131,2292460
137,2292492
237,2292524
91,2292556
103,2292588
173,2292620
100,2292652
165,2292684
135,2292716
0,2292748
0,2292780
104,2292812
0,2292844
91,2292876
101,2292908
0,2292940
0,2292972
0,2293004
0,2293036
0,2293068
0,2293100
183,2293132
0,2293164
0,2293196
153,2293228
0,2293260
0,2293292
0,2293324
0,2293356
182,2293388
0,2293420
188,2293452
150,2293484
172,2293516
150,2293548
115,2293580
0,2293612
106,2293644
0,2293676
107,2293708
0,2293740
0,2293772
0,2293804
0,2293836
0,2293868
0,2293900
0,2293932
0,2293964
0,2293996
0,2294028
0,2294060
0,2294092
235,2294124
0,2294156
203,2294188
171,2294220
161,2294252
169,2294284
168,2294316
0,2294348
167,2294380
135,2294412
235,2294444
121,2294476
103,2294508
173,2294540
91,2294572
0,2294604
171,2294636
0,2294668
0,2294700
135,2294732
0,2294764
123,2294796
103,2294828
0,2294860
0,2294892
0,2294924
0,2294956
0,2294988
0,2295020
183,2295052
0,2295084
0,2295116
151,2295148
0,2295180
0,2295212
0,2295244
0,2295276
185,2295308
119,2295340
173,2295372
150,2295404
171,2295436
152,2295468
151,2295500
0,2295532
151,2295564
108,2295596
137,2295628
107,2295660
0,2295692
105,2295724
0,2295756
0,2295788
0,2295820
0,2295852
0,2295884
0,2295916
0,2295948
108,2295980
0,2296012
0,2296044
0,2296076
0,2296108
237,2296140
153,2296172
217,2296204
173,2296236
0,2296268
169,2296300
135,2296332
0,2296364
135,2296396
135,2296428
237,2296460
91,2296492
102,2296524
173,2296556
101,2296588
0,2296620
135,2296652
0,2296684
123,2296716
103,2296748
0,2296780
0,2296812
99,2296844
0,2296876
99,2296908
0,2296940
0,2296972
0,2297004
0,2297036
183,2297068
0,2297100
0,2297132
0,2297164
0,2297196
0,2297228
119,2297260
0,2297292
184,2297324
183,2297356
184,2297388
152,2297420
0,2297452
148,2297484
119,2297516
139,2297548
109,2297580
0,2297612
107,2297644
0,2297676
0,2297708
0,2297740
0,2297772
0,2297804
0,2297836
0,2297868
109,2297900
0,2297932
0,2297964
219,2297996
0,2298028
235,2298060
165,2298092
215,2298124
171,2298156
0,2298188
169,2298220
171,2298252
0,2298284
167,2298316
135,2298348
235,2298380
121,2298412
103,2298444
173,2298476
99,2298508
0,2298540
171,2298572
0,2298604
156,2298636
135,2298668
0,2298700
0,2298732
104,2298764
0,2298796
99,2298828
0,2298860
0,2298892
185,2298924
0,2298956
183,2298988
0,2299020
0,2299052
153,2299084
0,2299116
0,2299148
151,2299180
0,2299212
185,2299244
0,2299276
181,2299308
151,2299340
0,2299372
152,2299404
151,2299436
150,2299468
151,2299500
119,2299532
141,2299564
107,2299596
0,2299628
105,2299660
0,2299692
0,2299724
0,2299756
0,2299788
0,2299820
0,2299852
0,2299884
0,2299916
0,2299948
0,2299980
215,2300012
0,2300044
237,2300076
0,2300108
215,2300140
171,2300172
0,2300204
169,2300236
135,2300268
0,2300300
132,2300332
123,2300364
237,2300396
101,2300428
101,2300460
171,2300492
101,2300524
163,2300556
124,2300588
0,2300620
0,2300652
103,2300684
0,2300716
91,2300748
103,2300780
0,2300812
99,2300844
0,2300876
0,2300908
0,2300940
0,2300972
174,2301004
0,2301036
0,2301068
153,2301100
0,2301132
0,2301164
0,2301196
0,2301228
183,2301260
0,2301292
182,2301324
150,2301356
180,2301388
152,2301420
117,2301452
139,2301484
107,2301516
0,2301548
107,2301580
0,2301612
0,2301644
0,2301676
0,2301708
0,2301740
0,2301772
0,2301804
0,2301836
0,2301868
0,2301900
215,2301932
0,2301964
235,2301996
0,2302028
203,2302060
169,2302092
0,2302124
169,2302156
169,2302188
0,2302220
167,2302252
131,2302284
235,2302316
123,2302348
99,2302380
169,2302412
103,2302444
0,2302476
171,2302508
0,2302540
0,2302572
136,2302604
0,2302636
123,2302668
99,2302700
0,2302732
89,2302764
0,2302796
0,2302828
0,2302860
0,2302892
173,2302924
0,2302956
0,2302988
152,2303020
0,2303052
0,2303084
0,2303116
0,2303148
185,2303180
119,2303212
181,2303244
151,2303276
173,2303308
152,2303340
139,2303372
140,2303404
139,2303436
115,2303468
147,2303500
107,2303532
0,2303564
109,2303596
0,2303628
0,2303660
0,2303692
0,2303724
0,2303756
0,2303788
0,2303820
0,2303852
0,2303884
0,2303916
0,2303948
0,2303980
237,2304012
0,2304044
215,2304076
171,2304108
0,2304140
167,2304172
135,2304204
0,2304236
124,2304268
125,2304300
234,2304332
91,2304364
104,2304396
171,2304428
101,2304460
0,2304492
135,2304524
0,2304556
129,2304588
103,2304620
0,2304652
99,2304684
103,2304716
0,2304748
99,2304780
0,2304812
0,2304844
0,2304876
0,2304908
183,2304940
0,2304972
0,2305004
0,2305036
0,2305068
0,2305100
119,2305132
0,2305164
184,2305196
179,2305228
184,2305260
151,2305292
174,2305324
150,2305356
115,2305388
149,2305420
107,2305452
0,2305484
106,2305516
0,2305548
0,2305580
0,2305612
0,2305644
0,2305676
0,2305708
0,2305740
0,2305772
0,2305804
0,2305836
215,2305868
0,2305900
237,2305932
0,2305964
219,2305996
172,2306028
0,2306060
169,2306092
168,2306124
0,2306156
167,2306188
131,2306220
91,2306252
121,2306284
103,2306316
173,2306348
89,2306380
0,2306412
171,2306444
0,2306476
153,2306508
135,2306540
0,2306572
132,2306604
104,2306636
0,2306668
103,2306700
0,2306732
0,2306764
0,2306796
0,2306828
181,2306860
0,2306892
0,2306924
152,2306956
0,2306988
0,2307020
151,2307052
0,2307084
185,2307116
0,2307148
181,2307180
152,2307212
173,2307244
150,2307276
147,2307308
142,2307340
151,2307372
107,2307404
139,2307436
105,2307468
0,2307500
107,2307532
0,2307564
0,2307596
0,2307628
0,2307660
0,2307692
0,2307724
0,2307756
0,2307788
0,2307820
0,2307852
0,2307884
0,2307916
235,2307948
0,2307980
217,2308012
173,2308044
0,2308076
169,2308108
135,2308140
123,2308172
125,2308204
124,2308236
247,2308268
103,2308300
102,2308332
171,2308364
99,2308396
163,2308428
135,2308460
0,2308492
0,2308524
103,2308556
0,2308588
103,2308620
103,2308652
0,2308684
99,2308716
0,2308748
0,2308780
0,2308812
0,2308844
183,2308876
0,2308908
0,2308940
152,2308972
0,2309004
0,2309036
0,2309068
0,2309100
183,2309132
0,2309164
174,2309196
151,2309228
181,2309260
148,2309292
117,2309324
139,2309356
117,2309388
0,2309420
107,2309452
0,2309484
0,2309516
0,2309548
0,2309580
0,2309612
0,2309644
0,2309676
0,2309708
0,2309740
0,2309772
219,2309804
0,2309836
243,2309868
0,2309900
211,2309932
171,2309964
0,2309996
169,2310028
169,2310060
122,2310092
168,2310124
131,2310156
235,2310188
123,2310220
103,2310252
173,2310284
99,2310316
0,2310348
171,2310380
0,2310412
0,2310444
133,2310476
0,2310508
133,2310540
101,2310572
0,2310604
91,2310636
0,2310668
0,2310700
185,2310732
0,2310764
185,2310796
0,2310828
0,2310860
153,2310892
0,2310924
0,2310956
0,2310988
0,2311020
185,2311052
121,2311084
173,2311116
152,2311148
181,2311180
142,2311212
151,2311244
148,2311276
141,2311308
119,2311340
137,2311372
107,2311404
0,2311436
107,2311468
0,2311500
0,2311532
0,2311564
0,2311596
0,2311628
0,2311660
0,2311692
0,2311724
0,2311756
0,2311788
0,2311820
0,2311852
233,2311884
0,2311916
217,2311948
173,2311980
121,2312012
167,2312044
135,2312076
0,2312108
123,2312140
135,2312172
239,2312204
93,2312236
101,2312268
173,2312300
101,2312332
0,2312364
135,2312396
0,2312428
133,2312460
103,2312492
0,2312524
92,2312556
106,2312588
0,2312620
0,2312652
0,2312684
0,2312716
0,2312748
0,2312780
184,2312812
0,2312844
0,2312876
0,2312908
0,2312940
0,2312972
119,2313004
0,2313036
184,2313068
171,2313100
174,2313132
152,2313164
173,2313196
150,2313228
116,2313260
143,2313292
107,2313324
0,2313356
107,2313388
0,2313420
0,2313452
0,2313484
0,2313516
0,2313548
0,2313580
0,2313612
0,2313644
0,2313676
0,2313708
215,2313740
0,2313772
235,2313804
0,2313836
215,2313868
173,2313900
156,2313932
169,2313964
171,2313996
0,2314028
167,2314060
132,2314092
235,2314124
123,2314156
99,2314188
173,2314220
103,2314252
0,2314284
173,2314316
0,2314348
154,2314380
135,2314412
0,2314444
123,2314476
103,2314508
0,2314540
0,2314572
0,2314604
0,2314636
0,2314668
0,2314700
185,2314732
0,2314764
0,2314796
153,2314828
0,2314860
0,2314892
153,2314924
0,2314956
185,2314988
0,2315020
171,2315052
148,2315084
181,2315116
150,2315148
151,2315180
0,2315212
147,2315244
115,2315276
139,2315308
115,2315340
0,2315372
105,2315404
0,2315436
0,2315468
0,2315500
0,2315532
0,2315564
0,2315596
0,2315628
0,2315660
0,2315692
0,2315724
0,2315756
0,2315788
239,2315820
165,2315852
215,2315884
169,2315916
0,2315948
169,2315980
135,2316012
0,2316044
123,2316076
133,2316108
245,2316140
99,2316172
99,2316204
173,2316236
99,2316268
165,2316300
126,2316332
0,2316364
0,2316396
103,2316428
0,2316460
0,2316492
103,2316524
0,2316556
98,2316588
0,2316620
0,2316652
0,2316684
0,2316716
184,2316748
0,2316780
0,2316812
153,2316844
0,2316876
0,2316908
0,2316940
0,2316972
186,2317004
0,2317036
174,2317068
152,2317100
0,2317132
150,2317164
119,2317196
139,2317228
105,2317260
0,2317292
107,2317324
0,2317356
0,2317388
0,2317420
0,2317452
0,2317484
0,2317516
0,2317548
0,2317580
0,2317612
0,2317644
0,2317676
0,2317708
235,2317740
165,2317772
215,2317804
175,2317836
0,2317868
169,2317900
171,2317932
0,2317964
169,2317996
132,2318028
235,2318060
124,2318092
103,2318124
171,2318156
99,2318188
0,2318220
167,2318252
0,2318284
0,2318316
133,2318348
0,2318380
0,2318412
103,2318444
0,2318476
91,2318508
0,2318540
0,2318572
0,2318604
0,2318636
185,2318668
0,2318700
0,2318732
152,2318764
0,2318796
0,2318828
0,2318860
0,2318892
183,2318924
109,2318956
173,2318988
144,2319020
0,2319052
150,2319084
151,2319116
148,2319148
141,2319180
117,2319212
140,2319244
109,2319276
0,2319308
105,2319340
0,2319372
0,2319404
0,2319436
0,2319468
0,2319500
0,2319532
0,2319564
109,2319596
0,2319628
0,2319660
219,2319692
0,2319724
237,2319756
0,2319788
215,2319820
171,2319852
0,2319884
173,2319916
125,2319948
0,2319980
136,2320012
125,2320044
237,2320076
87,2320108
100,2320140
171,2320172
101,2320204
0,2320236
134,2320268
0,2320300
0,2320332
103,2320364
0,2320396
91,2320428
103,2320460
0,2320492
89,2320524
0,2320556
0,2320588
0,2320620
0,2320652
185,2320684
0,2320716
0,2320748
0,2320780
0,2320812
0,2320844
119,2320876
0,2320908
184,2320940
0,2320972
180,2321004
152,2321036
180,2321068
152,2321100
105,2321132
141,2321164
107,2321196
0,2321228
107,2321260
0,2321292
0,2321324
0,2321356
0,2321388
0,2321420
0,2321452
0,2321484
108,2321516
0,2321548
0,2321580
215,2321612
0,2321644
235,2321676
0,2321708
205,2321740
173,2321772
0,2321804
169,2321836
168,2321868
0,2321900
168,2321932
135,2321964
235,2321996
123,2322028
103,2322060
173,2322092
99,2322124
0,2322156
169,2322188
0,2322220
0,2322252
125,2322284
0,2322316
123,2322348
103,2322380
0,2322412
91,2322444
0,2322476
0,2322508
0,2322540
0,2322572
183,2322604
0,2322636
0,2322668
154,2322700
0,2322732
0,2322764
151,2322796
0,2322828
185,2322860
117,2322892
173,2322924
152,2322956
181,2322988
148,2323020
151,2323052
149,2323084
149,2323116
117,2323148
140,2323180
107,2323212
0,2323244
107,2323276
0,2323308
0,2323340
0,2323372
0,2323404
0,2323436
0,2323468
0,2323500
0,2323532
0,2323564
0,2323596
0,2323628
0,2323660
235,2323692
0,2323724
217,2323756
171,2323788
0,2323820
169,2323852
133,2323884
0,2323916
123,2323948
123,2323980
237,2324012
101,2324044
99,2324076
171,2324108
91,2324140
0,2324172
135,2324204
0,2324236
0,2324268
104,2324300
0,2324332
92,2324364
101,2324396
0,2324428
99,2324460
0,2324492
0,2324524
0,2324556
0,2324588
183,2324620
0,2324652
0,2324684
153,2324716
0,2324748
0,2324780
108,2324812
0,2324844
184,2324876
0,2324908
180,2324940
142,2324972
174,2325004
142,2325036
107,2325068
141,2325100
115,2325132
0,2325164
105,2325196
0,2325228
0,2325260
219,2325292
0,2325324
0,2325356
0,2325388
0,2325420
0,2325452
0,2325484
0,2325516
0,2325548
0,2325580
243,2325612
0,2325644
215,2325676
169,2325708
0,2325740
167,2325772
171,2325804
0,2325836
168,2325868
123,2325900
235,2325932
121,2325964
103,2325996
169,2326028
99,2326060
0,2326092
169,2326124
0,2326156
0,2326188
133,2326220
0,2326252
133,2326284
103,2326316
0,2326348
91,2326380
0,2326412
0,2326444
0,2326476
0,2326508
185,2326540
0,2326572
0,2326604
152,2326636
0,2326668
0,2326700
151,2326732
0,2326764
185,2326796
119,2326828
173,2326860
152,2326892
173,2326924
150,2326956
152,2326988
144,2327020
141,2327052
104,2327084
141,2327116
107,2327148
0,2327180
0,2327212
0,2327244
0,2327276
0,2327308
0,2327340
0,2327372
0,2327404
0,2327436
107,2327468
0,2327500
0,2327532
0,2327564
0,2327596
237,2327628
0,2327660
215,2327692
171,2327724
0,2327756
167,2327788
131,2327820
0,2327852
123,2327884
124,2327916
237,2327948
103,2327980
101,2328012
169,2328044
101,2328076
0,2328108
126,2328140
0,2328172
135,2328204
103,2328236
0,2328268
88,2328300
105,2328332
0,2328364
97,2328396
0,2328428
0,2328460
0,2328492
0,2328524
185,2328556
0,2328588
0,2328620
154,2328652
0,2328684
0,2328716
115,2328748
0,2328780
185,2328812
187,2328844
180,2328876
148,2328908
186,2328940
150,2328972
116,2329004
141,2329036
105,2329068
0,2329100
0,2329132
0,2329164
0,2329196
0,2329228
0,2329260
0,2329292
0,2329324
0,2329356
107,2329388
0,2329420
0,2329452
213,2329484
0,2329516
245,2329548
0,2329580
213,2329612
173,2329644
0,2329676
169,2329708
179,2329740
0,2329772
165,2329804
131,2329836
235,2329868
125,2329900
103,2329932
175,2329964
101,2329996
0,2330028
171,2330060
0,2330092
156,2330124
135,2330156
0,2330188
123,2330220
103,2330252
0,2330284
91,2330316
0,2330348
0,2330380
185,2330412
0,2330444
181,2330476
0,2330508
0,2330540
151,2330572
0,2330604
0,2330636
151,2330668
0,2330700
185,2330732
0,2330764
181,2330796
151,2330828
181,2330860
150,2330892
151,2330924
141,2330956
151,2330988
115,2331020
0,2331052
121,2331084
0,2331116
105,2331148
0,2331180
0,2331212
0,2331244
0,2331276
0,2331308
0,2331340
0,2331372
0,2331404
0,2331436
0,2331468
0,2331500
0,2331532
245,2331564
0,2331596
217,2331628
173,2331660
121,2331692
169,2331724
133,2331756
0,2331788
123,2331820
127,2331852
235,2331884
103,2331916
103,2331948
171,2331980
100,2332012
157,2332044
133,2332076
0,2332108
0,2332140
103,2332172
0,2332204
92,2332236
101,2332268
0,2332300
0,2332332
0,2332364
0,2332396
0,2332428
0,2332460
183,2332492
0,2332524
0,2332556
