347,44
200,76
798,108
1003,140
923,172
1195,204
1327,236
1656,268
1790,300
1814,332
1981,364
1339,396
1467,428
1246,460
663,492
473,524
558,556
24,588
221,620
111,652
685,684
878,716
1145,748
1340,780
1568,812
1417,844
2042,876
2235,908
2111,940
1840,972
1231,1004
1372,1036
779,1068
585,1100
320,1132
124,1164
0,1196
0,1228
155,1260
379,1292
603,1324
839,1356
984,1388
1289,1420
1965,1452
2112,1484
2367,1516
2089,1548
1480,1580
1615,1612
1340,1644
796,1676
876,1708
653,1740
537,1772
152,1804
264,1836
569,1868
716,1900
1008,1932
1210,1964
1040,1996
1334,2028
1871,2060
1788,2092
1912,2124
1948,2156
1447,2188
1469,2220
891,2252
761,2284
440,2316
269,2348
424,2380
0,2412
69,2444
592,2476
507,2508
745,2540
967,2572
1197,2604
1790,2636
1568,2668
2264,2700
2174,2732
1529,2764
1704,2796
1434,2828
1241,2860
973,2892
382,2924
509,2956
0,2988
0,3020
26,3052
252,3084
505,3116
700,3148
955,3180
1237,3212
1415,3244
1692,3276
1851,3308
1770,3340
1982,3372
1662,3404
1483,3436
1211,3468
573,3500
751,3532
522,3564
0,3596
268,3628
462,3660
809,3692
920,3724
1116,3756
1423,3788
1577,3820
1448,3852
2135,3884
1870,3916
1638,3948
1815,3980
1166,4012
1001,4044
1081,4076
551,4108
621,4140
47,4172
0,4204
0,4236
199,4268
809,4300
652,4332
873,4364
1464,4396
1324,4428
1598,4460
1799,4492
1913,4524
2042,4556
1728,4588
1565,4620
1296,4652
670,4684
844,4716
618,4748
378,4780
135,4812
332,4844
591,4876
784,4908
649,4940
1241,4972
1100,5004
1357,5036
1552,5068
1829,5100
1831,5132
1547,5164
1366,5196
1434,5228
907,5260
683,5292
848,5324
231,5356
415,5388
0,5420
489,5452
681,5484
554,5516
1131,5548
1323,5580
1238,5612
1788,5644
2026,5676
2381,5708
2059,5740
1824,5772
1677,5804
1358,5836
780,5868
940,5900
327,5932
156,5964
220,5996
0,6028
426,6060
665,6092
631,6124
1112,6156
988,6188
1309,6220
1446,6252
1738,6284
2336,6316
1690,6348
1497,6380
1226,6412
1037,6444
815,6476
860,6508
361,6540
474,6572
0,6604
344,6636
540,6668
798,6700
990,6732
1193,6764
1452,6796
1648,6828
1502,6860
2112,6892
1816,6924
1580,6956
1341,6988
1125,7020
920,7052
656,7084
462,7116
572,7148
19,7180
0,7212
429,7244
274,7276
923,7308
648,7340
1351,7372
1546,7404
1364,7436
2007,7468
2251,7500
1832,7532
1963,7564
1690,7596
1566,7628
1214,7660
958,7692
810,7724
504,7756
0,7788
217,7820
31,7852
261,7884
864,7916
710,7948
1311,7980
1518,8012
1447,8044
1984,8076
1854,8108
1787,8140
1456,8172
1288,8204
1451,8236
835,8268
605,8300
732,8332
151,8364
0,8396
253,8428
173,8460
749,8492
896,8524
1209,8556
1402,8588
1671,8620
1866,8652
2107,8684
2287,8716
2048,8748
1786,8780
1590,8812
1312,8844
719,8876
857,8908
265,8940
75,8972
0,9004
0,9036
215,9068
396,9100
664,9132
891,9164
1114,9196
1351,9228
1501,9260
1815,9292
2335,9324
1606,9356
1835,9388
1551,9420
958,9452
1095,9484
825,9516
285,9548
361,9580
119,9612
459,9644
544,9676
778,9708
1083,9740
1228,9772
1104,9804
1728,9836
1563,9868
1852,9900
2124,9932
1577,9964
1645,9996
1420,10028
923,10060
958,10092
382,10124
248,10156
0,10188
0,10220
460,10252
309,10284
571,10316
1118,10348
1021,10380
1261,10412
1774,10444
1721,10476
2320,10508
1696,10540
1916,10572
1648,10604
1450,10636
1182,10668
920,10700
727,10732
459,10764
0,10796
215,10828
78,10860
312,10892
1005,10924
764,10956
1017,10988
1215,11020
1479,11052
1756,11084
1896,11116
1707,11148
1404,11180
1243,11212
1451,11244
716,11276
968,11308
697,11340
73,11372
223,11404
334,11436
216,11468
794,11500
985,11532
1319,11564
1436,11596
1641,11628
1961,11660
2107,11692
1807,11724
2028,11756
1342,11788
1116,11820
1279,11852
664,11884
823,11916
558,11948
39,11980
75,12012
0,12044
283,12076
427,12108
702,12140
1325,12172
1158,12204
1387,12236
1995,12268
1850,12300
1848,12332
1945,12364
1383,12396
1513,12428
780,12460
1040,12492
782,12524
585,12556
328,12588
187,12620
426,12652
653,12684
846,12716
1111,12748
1306,12780
1162,12812
1467,12844
1627,12876
1884,12908
1693,12940
1484,12972
1306,13004
1023,13036
856,13068
921,13100
403,13132
171,13164
0,13196
0,13228
575,13260
336,13292
1007,13324
1197,13356
1063,13388
1648,13420
1851,13452
1755,13484
2268,13516
2041,13548
1920,13580
1531,13612
1304,13644
1151,13676
844,13708
271,13740
428,13772
0,13804
287,13836
492,13868
424,13900
943,13932
1179,13964
1132,13996
1640,14028
1509,14060
1837,14092
1808,14124
1642,14156
1817,14188
1166,14220
987,14252
1068,14284
535,14316
301,14348
349,14380
0,14412
408,14444
633,14476
860,14508
1056,14540
1324,14572
1514,14604
1711,14636
1983,14668
2175,14700
1744,14732
1595,14764
1290,14796
1064,14828
829,14860
611,14892
410,14924
142,14956
0,14988
152,15020
56,15052
329,15084
951,15116
778,15148
1437,15180
1161,15212
1883,15244
2077,15276
1881,15308
2139,15340
1911,15372
1299,15404
1434,15436
1166,15468
1051,15500
701,15532
444,15564
295,15596
203,15628
91,15660
734,15692
539,15724
1182,15756
1386,15788
1222,15820
1839,15852
2047,15884
1917,15916
1995,15948
1402,15980
1272,16012
1389,16044
775,16076
937,16108
328,16140
91,16172
206,16204
0,16236
235,16268
768,16300
683,16332
1263,16364
1133,16396
1725,16428
1931,16460
2201,16492
2236,16524
1999,16556
1760,16588
1528,16620
1258,16652
694,16684
796,16716
205,16748
344,16780
0,16812
18,16844
187,16876
456,16908
730,16940
904,16972
1178,17004
1405,17036
1641,17068
1878,17100
1752,17132
1595,17164
1805,17196
1092,17228
1306,17260
1037,17292
761,17324
575,17356
302,17388
0,17420
408,17452
638,17484
984,17516
1064,17548
1290,17580
1607,17612
1754,17644
2063,17676
2266,17708
1691,17740
1514,17772
1593,17804
1052,17836
1130,17868
908,17900
411,17932
189,17964
0,17996
0,18028
88,18060
362,18092
976,18124
813,18156
1083,18188
1640,18220
1535,18252
1775,18284
1964,18316
1735,18348
1871,18380
1179,18412
1386,18444
1134,18476
926,18508
668,18540
397,18572
0,18604
271,18636
139,18668
734,18700
592,18732
816,18764
1053,18796
1276,18828
1531,18860
1738,18892
1837,18924
1655,18956
1368,18988
1192,19020
880,19052
732,19084
937,19116
208,19148
445,19180
161,19212
380,19244
621,19276
856,19308
728,19340
1304,19372
1498,19404
1851,19436
1965,19468
2172,19500
2204,19532
1884,19564
1290,19596
1498,19628
830,19660
606,19692
764,19724
154,19756
298,19788
142,19820
85,19852
347,19884
487,19916
796,19948
937,19980
1214,20012
1853,20044
1674,20076
1913,20108
2122,20140
1512,20172
1323,20204
1063,20236
863,20268
989,20300
687,20332
525,20364
266,20396
281,20428
490,20460
715,20492
572,20524
1168,20556
1360,20588
1627,20620
1835,20652
1679,20684
2248,20716
1632,20748
1432,20780
1167,20812
968,20844
793,20876
512,20908
345,20940
397,20972
0,21004
0,21036
140,21068
443,21100
1101,21132
1243,21164
1531,21196
1723,21228
1587,21260
2187,21292
2219,21324
1645,21356
1740,21388
1504,21420
1391,21452
1014,21484
782,21516
637,21548
329,21580
0,21612
352,21644
201,21676
810,21708
1002,21740
934,21772
1196,21804
1702,21836
1660,21868
2160,21900
1754,21932
1611,21964
1287,21996
1112,22028
1278,22060
661,22092
471,22124
204,22156
24,22188
0,22220
396,22252
357,22284
922,22316
1148,22348
1384,22380
1580,22412
1400,22444
2046,22476
2239,22508
2109,22540
1836,22572
1230,22604
1370,22636
768,22668
552,22700
317,22732
102,22764
0,22796
0,22828
110,22860
671,22892
568,22924
839,22956
1467,22988
1291,23020
1965,23052
2123,23084
2363,23116
2079,23148
1429,23180
1609,23212
1384,23244
791,23276
920,23308
651,23340
535,23372
184,23404
270,23436
572,23468
717,23500
601,23532
1258,23564
1049,23596
1708,23628
1913,23660
1740,23692
1865,23724
1944,23756
1399,23788
1469,23820
891,23852
750,23884
440,23916
264,23948
413,23980
0,24012
28,24044
604,24076
476,24108
747,24140
1293,24172
1198,24204
1799,24236
1661,24268
2263,24300
2175,24332
1518,24364
1706,24396
1470,24428
1242,24460
623,24492
743,24524
543,24556
285,24588
0,24620
381,24652
252,24684
518,24716
703,24748
958,24780
1239,24812
1416,24844
1703,24876
1931,24908
1769,24940
1533,24972
1709,25004
1069,25036
1275,25068
574,25100
795,25132
520,25164
0,25196
271,25228
462,25260
382,25292
920,25324
1152,25356
1497,25388
1578,25420
1819,25452
2137,25484
2234,25516
2073,25548
1804,25580
1166,25612
990,25644
1083,25676
542,25708
606,25740
384,25772
0,25804
264,25836
144,25868
459,25900
590,25932
874,25964
1502,25996
1334,26028
1597,26060
2172,26092
1911,26124
1673,26156
1435,26188
1209,26220
1336,26252
667,26284
874,26316
606,26348
410,26380
136,26412
333,26444
601,26476
784,26508
653,26540
1245,26572
1104,26604
1339,26636
1563,26668
1800,26700
1774,26732
1513,26764
1307,26796
1130,26828
857,26860
680,26892
843,26924
220,26956
411,26988
0,27020
491,27052
685,27084
508,27116
1135,27148
1372,27180
1236,27212
1834,27244
2029,27276
2379,27308
2092,27340
1824,27372
1673,27404
1354,27436
777,27468
974,27500
318,27532
102,27564
250,27596
0,27628
460,27660
667,27692
589,27724
1116,27756
998,27788
1317,27820
1450,27852
1740,27884
2333,27916
1688,27948
1452,27980
1592,28012
987,28044
809,28076
551,28108
361,28140
463,28172
168,28204
349,28236
544,28268
799,28300
1004,28332
1229,28364
1462,28396
1695,28428
1896,28460
2159,28492
2190,28524
1577,28556
1720,28588
1115,28620
912,28652
655,28684
460,28716
281,28748
17,28780
0,28812
46,28844
279,28876
501,28908
651,28940
955,28972
1615,29004
1357,29036
2061,29068
2253,29100
1820,29132
1959,29164
1678,29196
1131,29228
1213,29260
991,29292
878,29324
492,29356
269,29388
219,29420
378,29452
255,29484
864,29516
712,29548
1322,29580
1528,29612
1447,29644
1993,29676
2234,29708
1785,29740
1820,29772
1228,29804
1095,29836
776,29868
602,29900
761,29932
152,29964
0,29996
0,30028
183,30060
409,30092
910,30124
859,30156
1448,30188
1673,30220
1914,30252
2110,30284
2330,30316
2048,30348
1784,30380
1581,30412
1310,30444
715,30476
855,30508
265,30540
40,30572
0,30604
0,30636
170,30668
363,30700
622,30732
900,30764
1080,30796
1365,30828
1997,30860
1818,30892
2328,30924
1577,30956
1832,30988
1551,31020
917,31052
1085,31084
860,31116
281,31148
397,31180
119,31212
317,31244
575,31276
780,31308
1083,31340
1231,31372
1114,31404
1784,31436
1564,31468
2238,31500
2157,31532
1514,31564
1674,31596
1418,31628
875,31660
952,31692
380,31724
247,31756
0,31788
0,31820
473,31852
312,31884
539,31916
1120,31948
987,31980
1259,32012
1817,32044
1723,32076
2329,32108
1786,32140
1917,32172
1646,32204
1448,32236
1180,32268
952,32300
718,32332
488,32364
222,32396
251,32428
446,32460
313,32492
896,32524
766,32556
1019,32588
1213,32620
1479,32652
1757,32684
1894,32716
1707,32748
1470,32780
1241,32812
1016,32844
714,32876
567,32908
762,32940
68,32972
267,33004
345,33036
216,33068
795,33100
985,33132
1200,33164
1437,33196
1677,33228
2029,33260
2109,33292
2174,33324
2015,33356
1707,33388
1535,33420
1276,33452
663,33484
484,33516
556,33548
40,33580
73,33612
328,33644
286,33676
780,33708
654,33740
973,33772
1103,33804
1388,33836
2030,33868
1862,33900
1847,33932
1944,33964
1371,33996
1149,34028
923,34060
697,34092
814,34124
155,34156
348,34188
198,34220
462,34252
656,34284
855,34316
1113,34348
1306,34380
1165,34412
1768,34444
1627,34476
1868,34508
1688,34540
1455,34572
1254,34604
990,34636
802,34668
618,34700
343,34732
157,34764
331,34796
0,34828
574,34860
313,34892
1015,34924
1209,34956
1016,34988
1661,35020
1898,35052
2077,35084
2314,35116
2040,35148
1917,35180
1562,35212
1304,35244
1147,35276
844,35308
268,35340
457,35372
0,35404
0,35436
526,35468
374,35500
974,35532
1180,35564
1101,35596
1641,35628
1511,35660
1837,35692
2271,35724
1630,35756
1801,35788
1162,35820
939,35852
1070,35884
487,35916
297,35948
30,35980
0,36012
409,36044
570,36076
862,36108
1064,36140
1325,36172
1518,36204
1758,36236
1983,36268
2224,36300
2128,36332
1933,36364
1662,36396
1053,36428
1193,36460
603,36492
359,36524
140,36556
0,36588
0,36620
58,36652
329,36684
557,36716
789,36748
1006,36780
1165,36812
1467,36844
2153,36876
1885,36908
2187,36940
1903,36972
1613,37004
1433,37036
1165,37068
619,37100
700,37132
474,37164
351,37196
202,37228
441,37260
735,37292
891,37324
766,37356
1387,37388
1224,37420
1849,37452
2048,37484
1914,37516
1995,37548
1768,37580
1261,37612
1037,37644
714,37676
583,37708
264,37740
90,37772
236,37804
0,37836
246,37868
424,37900
697,37932
921,37964
1432,37996
1373,38028
1976,38060
2205,38092
2268,38124
1994,38156
1800,38188
1520,38220
1256,38252
1066,38284
794,38316
205,38348
333,38380
0,38412
0,38444
201,38476
427,38508
681,38540
876,38572
1132,38604
1415,38636
1592,38668
1881,38700
2235,38732
1592,38764
1799,38796
1052,38828
1307,38860
1035,38892
782,38924
571,38956
346,38988
0,39020
456,39052
638,39084
999,39116
1102,39148
1296,39180
1609,39212
1752,39244
1631,39276
2315,39308
1689,39340
1886,39372
1626,39404
998,39436
1159,39468
896,39500
375,39532
184,39564
0,39596
0,39628
94,39660
374,39692
985,39724
824,39756
1050,39788
1646,39820
1499,39852
1784,39884
2288,39916
1725,39948
1863,39980
1261,40012
1385,40044
1120,40076
925,40108
664,40140
431,40172
0,40204
313,40236
509,40268
767,40300
969,40332
831,40364
1420,40396
1279,40428
1532,40460
1742,40492
1836,40524
1652,40556
1359,40588
1190,40620
955,40652
734,40684
507,40716
206,40748
55,40780
205,40812
383,40844
671,40876
859,40908
728,40940
1309,40972
1498,41004
1415,41036
1967,41068
2207,41100
2271,41132
1881,41164
1646,41196
1496,41228
1178,41260
1019,41292
762,41324
151,41356
0,41388
153,41420
79,41452
359,41484
842,41516
808,41548
1291,41580
1164,41612
1487,41644
1626,41676
1918,41708
2158,41740
1501,41772
1320,41804
1407,41836
860,41868
639,41900
412,41932
183,41964
296,41996
0,42028
522,42060
718,42092
551,42124
1178,42156
1370,42188
1631,42220
1834,42252
1690,42284
2249,42316
1629,42348
1400,42380
1167,42412
936,42444
744,42476
486,42508
295,42540
107,42572
0,42604
1,42636
143,42668
444,42700
1099,42732
1247,42764
1532,42796
1727,42828
1532,42860
2187,42892
2255,42924
1644,42956
1775,42988
1503,43020
1385,43052
1039,43084
781,43116
633,43148
320,43180
0,43212
399,43244
204,43276
436,43308
1039,43340
878,43372
1163,43404
1706,43436
1627,43468
2170,43500
1743,43532
1607,43564
1280,43596
1110,43628
1275,43660
652,43692
429,43724
556,43756
0,43788
0,43820
88,43852
350,43884
927,43916
1082,43948
1383,43980
1584,44012
1404,44044
2044,44076
2295,44108
2109,44140
1869,44172
1600,44204
1403,44236
1134,44268
542,44300
672,44332
92,44364
0,44396
0,44428
121,44460
391,44492
569,44524
840,44556
1367,44588
1301,44620
1527,44652
2189,44684
1935,44716
2157,44748
1422,44780
1657,44812
1375,44844
791,44876
909,44908
648,44940
109,44972
186,45004
302,45036
649,45068
717,45100
955,45132
1260,45164
1400,45196
1279,45228
1916,45260
1739,45292
1864,45324
1946,45356
1390,45388
1467,45420
1242,45452
747,45484
777,45516
207,45548
63,45580
0,45612
29,45644
638,45676
478,45708
749,45740
936,45772
1207,45804
1433,45836
1951,45868
1899,45900
2208,45932
1517,45964
1738,45996
1468,46028
1272,46060
1002,46092
745,46124
551,46156
280,46188
0,46220
392,46252
256,46284
478,46316
704,46348
939,46380
1194,46412
1392,46444
1656,46476
2250,46508
1710,46540
1528,46572
1707,46604
1076,46636
1261,46668
541,46700
792,46732
511,46764
0,46796
272,46828
519,46860
401,46892
970,46924
1162,46956
1499,46988
1614,47020
1824,47052
2139,47084
2224,47116
1630,47148
1848,47180
1164,47212
940,47244
1100,47276
487,47308
638,47340
381,47372
0,47404
265,47436
152,47468
460,47500
600,47532
887,47564
1501,47596
1333,47628
1575,47660
2184,47692
1853,47724
1671,47756
1760,47788
1199,47820
1326,47852
1022,47884
861,47916
606,47948
406,47980
124,48012
377,48044
606,48076
831,48108
1020,48140
1280,48172
1483,48204
1341,48236
1948,48268
1806,48300
1773,48332
1503,48364
1306,48396
1129,48428
848,48460
669,48492
445,48524
199,48556
0,48588
0,48620
107,48652
761,48684
508,48716
1183,48748
1374,48780
1241,48812
1839,48844
2030,48876
1942,48908
2088,48940
1855,48972
1739,49004
1355,49036
1119,49068
973,49100
667,49132
102,49164
237,49196
0,49228
150,49260
680,49292
601,49324
1120,49356
1360,49388
1319,49420
1818,49452
1690,49484
1959,49516
1627,49548
1450,49580
1624,49612
984,49644
807,49676
892,49708
359,49740
125,49772
167,49804
22,49836
584,49868
377,49900
1038,49932
1232,49964
1500,49996
1704,50028
1898,50060
2160,50092
2188,50124
1576,50156
1710,50188
1113,50220
878,50252
1129,50284
428,50316
232,50348
0,50380
0,50412
55,50444
232,50476
503,50508
655,50540
953,50572
1621,50604
1340,50636
2060,50668
2253,50700
1770,50732
1951,50764
1724,50796
1128,50828
1259,50860
986,50892
871,50924
536,50956
269,50988
221,51020
377,51052
268,51084
920,51116
714,51148
940,51180
1567,51212
1400,51244
2031,51276
2232,51308
1739,51340
1818,51372
1225,51404
1095,51436
767,51468
600,51500
759,51532
148,51564
0,51596
264,51628
151,51660
411,51692
955,51724
861,51756
1449,51788
1600,51820
1915,51852
2112,51884
2327,51916
2046,51948
1818,51980
1580,52012
1341,52044
1083,52076
879,52108
623,52140
31,52172
0,52204
0,52236
174,52268
368,52300
631,52332
901,52364
1072,52396
1355,52428
1894,52460
1820,52492
1879,52524
1577,52556
1404,52588
1613,52620
908,52652
1119,52684
857,52716
279,52748
393,52780
107,52812
45,52844
585,52876
816,52908
1161,52940
1239,52972
1472,53004
1787,53036
1934,53068
1804,53100
2154,53132
1504,53164
1674,53196
1407,53228
878,53260
942,53292
720,53324
235,53356
256,53388
0,53420
127,53452
266,53484
552,53516
1162,53548
988,53580
1260,53612
1822,53644
1722,53676
1961,53708
2074,53740
1549,53772
1678,53804
1437,53836
1212,53868
944,53900
750,53932
488,53964
220,53996
252,54028
460,54060
318,54092
620,54124
776,54156
1000,54188
1224,54220
1454,54252
1719,54284
1856,54316
1647,54348
1773,54380
1192,54412
1012,54444
1179,54476
559,54508
759,54540
38,54572
252,54604
347,54636
183,54668
799,54700
1024,54732
903,54764
1484,54796
1688,54828
2039,54860
2143,54892
2174,54924
2025,54956
1695,54988
1104,55020
1320,55052
654,55084
842,55116
587,55148
0,55180
107,55212
331,55244
265,55276
782,55308
655,55340
971,55372
1563,55404
1400,55436
2039,55468
1860,55500
1801,55532
1934,55564
1325,55596
1146,55628
1241,55660
695,55692
811,55724
235,55756
351,55788
202,55820
461,55852
666,55884
892,55916
1116,55948
1344,55980
1536,56012
1430,56044
2011,56076
1867,56108
2063,56140
1451,56172
1254,56204
991,56236
796,56268
616,56300
346,56332
167,56364
0,56396
0,56428
167,56460
318,56492
617,56524
1275,56556
1029,56588
1712,56620
1904,56652
2090,56684
2311,56716
2029,56748
1469,56780
1560,56812
1326,56844
1211,56876
828,56908
606,56940
459,56972
139,57004
331,57036
536,57068
378,57100
662,57132
1182,57164
1110,57196
1644,57228
1884,57260
1847,57292
1901,57324
1572,57356
1424,57388
1103,57420
938,57452
1100,57484
476,57516
297,57548
380,57580
0,57612
75,57644
298,57676
525,57708
1102,57740
891,57772
1564,57804
1760,57836
2029,57868
2234,57900
2125,57932
1543,57964
1658,57996
1052,58028
1193,58060
592,58092
375,58124
141,58156
0,58188
0,58220
38,58252
293,58284
565,58316
745,58348
1017,58380
1166,58412
1468,58444
2141,58476
1865,58508
2184,58540
1913,58572
1655,58604
1423,58636
1198,58668
617,58700
735,58732
472,58764
347,58796
237,58828
442,58860
747,58892
893,58924
777,58956
1434,58988
1226,59020
1462,59052
2091,59084
1860,59116
2024,59148
1759,59180
1221,59212
1033,59244
713,59276
573,59308
266,59340
88,59372
221,59404
0,59436
203,59468
784,59500
652,59532
920,59564
1111,59596
1383,59628
1981,59660
2136,59692
2265,59724
1994,59756
1789,59788
1518,59820
1291,59852
685,59884
827,59916
569,59948
375,59980
103,60012
0,60044
569,60076
432,60108
684,60140
878,60172
1135,60204
1415,60236
1598,60268
1883,60300
2124,60332
1588,60364
1357,60396
1051,60428
893,60460
1101,60492
783,60524
615,60556
0,60588
0,60620
457,60652
650,60684
555,60716
1098,60748
1328,60780
1679,60812
1768,60844
1999,60876
2319,60908
2048,60940
1452,60972
1622,61004
990,61036
1158,61068
894,61100
366,61132
183,61164
205,61196
0,61228
443,61260
328,61292
635,61324
768,61356
1052,61388
1680,61420
1509,61452
1786,61484
1914,61516
1723,61548
1485,61580
1536,61612
1023,61644
1150,61676
921,61708
688,61740
428,61772
0,61804
320,61836
510,61868
775,61900
969,61932
831,61964
1420,61996
1280,62028
1518,62060
1742,62092
1802,62124
1595,62156
1327,62188
1132,62220
1245,62252
681,62284
500,62316
667,62348
44,62380
219,62412
393,62444
670,62476
861,62508
694,62540
1311,62572
1560,62604
1418,62636
2013,62668
2208,62700
2265,62732
1914,62764
1642,62796
1497,62828
1168,62860
600,62892
796,62924
143,62956
320,62988
183,63020
44,63052
313,63084
842,63116
775,63148
1295,63180
1167,63212
1496,63244
1630,63276
1918,63308
2152,63340
1498,63372
1273,63404
1408,63436
823,63468
631,63500
719,63532
174,63564
287,63596
0,63628
525,63660
720,63692
544,63724
1178,63756
1407,63788
1643,63820
1881,63852
2076,63884
2283,63916
2000,63948
1390,63980
1533,64012
936,64044
742,64076
477,64108
294,64140
104,64172
0,64204
3,64236
222,64268
453,64300
677,64332
1305,64364
1131,64396
1803,64428
1545,64460
2249,64492
2265,64524
1641,64556
1773,64588
1500,64620
953,64652
1036,64684
812,64716
699,64748
318,64780
86,64812
409,64844
555,64876
846,64908
1050,64940
890,64972
1165,65004
1708,65036
1628,65068
2174,65100
2111,65132
1607,65164
1641,65196
1051,65228
917,65260
590,65292
422,65324
576,65356
0,65388
0,65420
432,65452
351,65484
587,65516
807,65548
1035,65580
1628,65612
1405,65644
2096,65676
2298,65708
2143,65740
1868,65772
1595,65804
1400,65836
1131,65868
539,65900
672,65932
88,65964
0,65996
0,66028
100,66060
344,66092
547,66124
804,66156
1079,66188
1254,66220
1531,66252
2187,66284
1934,66316
2152,66348
1388,66380
1643,66412
1371,66444
739,66476
907,66508
686,66540
111,66572
216,66604
302,66636
651,66668
760,66700
958,66732
1261,66764
1408,66796
1280,66828
1964,66860
1752,66892
1802,66924
1966,66956
1334,66988
1497,67020
1239,67052
699,67084
768,67116
202,67148
59,67180
0,67212
40,67244
639,67276
484,67308
715,67340
1292,67372
1165,67404
1436,67436
1625,67468
1913,67500
2205,67532
1897,67564
1735,67596
1464,67628
1261,67660
1004,67692
766,67724
542,67756
315,67788
169,67820
427,67852
632,67884
488,67916
1082,67948
941,67980
1199,68012
1392,68044
1658,68076
1944,68108
1708,68140
1524,68172
1291,68204
1064,68236
839,68268
536,68300
382,68332
583,68364
0,68396
331,68428
523,68460
404,68492
973,68524
1162,68556
1079,68588
1624,68620
1864,68652
2219,68684
2221,68716
1994,68748
1839,68780
1514,68812
939,68844
1099,68876
490,68908
634,68940
378,68972
0,69004
268,69036
504,69068
472,69100
952,69132
828,69164
1149,69196
1279,69228
1575,69260
2219,69292
1852,69324
1660,69356
1386,69388
1196,69420
973,69452
1020,69484
521,69516
634,69548
397,69580
164,69612
378,69644
638,69676
840,69708
1020,69740
1291,69772
1486,69804
1343,69836
1951,69868
1806,69900
1739,69932
1502,69964
1275,69996
1071,70028
814,70060
618,70092
443,70124
170,70156
0,70188
267,70220
105,70252
759,70284
489,70316
1191,70348
1376,70380
1203,70412
1849,70444
2089,70476
1945,70508
2127,70540
1852,70572
1578,70604
1375,70636
1117,70668
971,70700
665,70732
91,70764
281,70796
0,70828
506,70860
704,70892
551,70924
1159,70956
1358,70988
1287,71020
1819,71052
1689,71084
1959,71116
1624,71148
1446,71180
1614,71212
986,71244
761,71276
890,71308
312,71340
122,71372
192,71404
22,71436
587,71468
471,71500
1039,71532
1243,71564
1513,71596
1706,71628
1944,71660
2172,71692
2222,71724
1948,71756
1750,71788
1471,71820
877,71852
1008,71884
424,71916
232,71948
0,71980
0,72012
57,72044
234,72076
507,72108
733,72140
957,72172
1182,72204
1341,72236
1654,72268
2335,72300
1770,72332
1999,72364
1723,72396
1119,72428
1247,72460
984,72492
747,72524
522,72556
297,72588
285,72620
383,72652
622,72684
923,72716
1063,72748
1369,72780
1565,72812
1400,72844
1690,72876
2236,72908
1737,72940
1807,72972
1583,73004
1082,73036
1115,73068
548,73100
400,73132
90,73164
0,73196
302,73228
152,73260
413,73292
960,73324
871,73356
1097,73388
1321,73420
1551,73452
2158,73484
1867,73516
2090,73548
1816,73580
1614,73612
1342,73644
1080,73676
879,73708
619,73740
40,73772
151,73804
0,73836
154,73868
377,73900
613,73932
870,73964
1062,73996
1315,74028
1593,74060
1772,74092
1878,74124
2057,74156
1403,74188
1614,74220
876,74252
1128,74284
848,74316
232,74348
384,74380
153,74412
352,74444
632,74476
824,74508
1163,74540
1274,74572
1472,74604
1791,74636
1945,74668
1808,74700
2192,74732
1501,74764
1276,74796
1440,74828
814,74860
974,74892
718,74924
199,74956
255,74988
0,75020
123,75052
703,75084
552,75116
1163,75148
999,75180
1224,75212
1824,75244
1687,75276
1965,75308
1737,75340
1544,75372
1673,75404
1368,75436
1211,75468
940,75500
745,75532
478,75564
256,75596
264,75628
493,75660
683,75692
944,75724
1144,75756
999,75788
1600,75820
1464,75852
1722,75884
1852,75916
1645,75948
1468,75980
1188,76012
1012,76044
781,76076
562,76108
331,76140
30,76172
0,76204
413,76236
176,76268
847,76300
1034,76332
1211,76364
1488,76396
1690,76428
1593,76460
2154,76492
2204,76524
2091,76556
1695,76588
1466,76620
1311,76652
999,76684
428,76716
586,76748
0,76780
105,76812
332,76844
266,76876
784,76908
1018,76940
983,76972
1211,77004
1340,77036
1673,77068
1806,77100
1799,77132
1980,77164
1326,77196
1143,77228
874,77260
684,77292
459,77324
507,77356
18,77388
238,77420
463,77452
698,77484
892,77516
1160,77548
1356,77580
1549,77612
1820,77644
2013,77676
1868,77708
2058,77740
1450,77772
1222,77804
986,77836
764,77868
567,77900
304,77932
110,77964
0,77996
0,78028
171,78060
795,78092
627,78124
1272,78156
1002,78188
1719,78220
1913,78252
2127,78284
2311,78316
2076,78348
1464,78380
1597,78412
1327,78444
1211,78476
860,78508
607,78540
447,78572
137,78604
0,78636
574,78668
379,78700
1020,78732
1225,78764
1064,78796
1686,78828
1888,78860
1806,78892
1898,78924
1564,78956
1431,78988
1102,79020
937,79052
1098,79084
472,79116
253,79148
376,79180
0,79212
72,79244
618,79276
535,79308
1101,79340
985,79372
1565,79404
1768,79436
2039,79468
2236,79500
2160,79532
1532,79564
1692,79596
1420,79628
1216,79660
957,79692
367,79724
496,79756
0,79788
0,79820
42,79852
298,79884
568,79916
745,79948
1017,79980
1245,80012
1480,80044
1709,80076
1867,80108
1753,80140
1968,80172
1644,80204
1469,80236
1195,80268
615,80300
735,80332
463,80364
0,80396
249,80428
477,80460
815,80492
896,80524
1129,80556
1439,80588
1593,80620
1887,80652
2104,80684
1854,80716
1676,80748
1754,80780
1210,80812
1021,80844
1065,80876
571,80908
603,80940
38,80972
0,81004
0,81036
215,81068
816,81100
662,81132
924,81164
1472,81196
1383,81228
1621,81260
1851,81292
1897,81324
2026,81356
1338,81388
1550,81420
1288,81452
655,81484
826,81516
558,81548
365,81580
99,81612
0,81644
570,81676
431,81708
667,81740
888,81772
1117,81804
1372,81836
1576,81868
1836,81900
1816,81932
1531,81964
1351,81996
1049,82028
888,82060
1095,82092
781,82124
605,82156
331,82188
0,82220
459,82252
696,82284
567,82316
1146,82348
1338,82380
1678,82412
1803,82444
2010,82476
2319,82508
2044,82540
1448,82572
1658,82604
988,82636
772,82668
924,82700
314,82732
140,82764
206,82796
0,82828
444,82860
330,82892
647,82924
779,82956
1060,82988
1689,83020
1510,83052
1751,83084
2284,83116
1675,83148
1485,83180
1212,83212
1021,83244
1149,83276
856,83308
685,83340
428,83372
0,83404
328,83436
555,83468
780,83500
1007,83532
1207,83564
1468,83596
1664,83628
1517,83660
2127,83692
1791,83724
1592,83756
1334,83788
1129,83820
951,83852
680,83884
499,83916
558,83948
44,83980
0,84012
446,84044
285,84076
939,84108
686,84140
1371,84172
1561,84204
1417,84236
2023,84268
2218,84300
1819,84332
1902,84364
1675,84396
1563,84428
1165,84460
944,84492
798,84524
490,84556
0,84588
187,84620
127,84652
326,84684
845,84716
774,84748
1296,84780
1532,84812
1495,84844
1996,84876
1869,84908
1773,84940
1438,84972
1274,85004
1438,85036
811,85068
631,85100
362,85132
171,85164
0,85196
236,85228
189,85260
766,85292
554,85324
1216,85356
1418,85388
1690,85420
1884,85452
2077,85484
2271,85516
1999,85548
1390,85580
1530,85612
928,85644
712,85676
474,85708
249,85740
56,85772
0,85804
0,85836
509,85868
397,85900
681,85932
1304,85964
1143,85996
1803,86028
1516,86060
2254,86092
2251,86124
1594,86156
1771,86188
1536,86220
949,86252
1079,86284
811,86316
695,86348
346,86380
87,86412
408,86444
559,86476
442,86508
1096,86540
889,86572
1118,86604
1750,86636
1576,86668
2207,86700
2108,86732
1560,86764
1631,86796
1048,86828
906,86860
588,86892
424,86924
581,86956
0,86988
0,87020
446,87052
317,87084
584,87116
1131,87148
1037,87180
1631,87212
1788,87244
2093,87276
2300,87308
2138,87340
1868,87372
1631,87404
1400,87436
1168,87468
896,87500
712,87532
444,87564
0,87596
232,87628
96,87660
358,87692
552,87724
807,87756
1079,87788
1258,87820
1532,87852
1771,87884
1929,87916
1693,87948
1387,87980
1230,88012
1435,88044
732,88076
955,88108
681,88140
101,88172
207,88204
304,88236
233,88268
762,88300
990,88332
1337,88364
1417,88396
1657,88428
1967,88460
2122,88492
1792,88524
1966,88556
1326,88588
1158,88620
1231,88652
700,88684
767,88716
552,88748
58,88780
85,88812
0,88844
301,88876
440,88908
716,88940
1342,88972
1166,89004
1439,89036
2008,89068
1913,89100
1837,89132
1887,89164
1371,89196
1500,89228
824,89260
1034,89292
768,89324
572,89356
310,89388
171,89420
439,89452
635,89484
489,89516
1085,89548
944,89580
1177,89612
1899,89644
1640,89676
1896,89708
1676,89740
1469,89772
1288,89804
1016,89836
840,89868
536,89900
379,89932
573,89964
0,89996
342,90028
523,90060
347,90092
975,90124
1212,90156
1077,90188
1672,90220
1866,90252
2219,90284
2254,90316
1984,90348
1835,90380
1517,90412
935,90444
1133,90476
479,90508
264,90540
410,90572
0,90604
311,90636
507,90668
439,90700
955,90732
831,90764
1157,90796
1289,90828
1578,90860
2219,90892
1846,90924
1623,90956
1756,90988
1149,91020
968,91052
1056,91084
509,91116
633,91148
332,91180
169,91212
384,91244
649,91276
844,91308
1071,91340
1294,91372
1531,91404
1720,91436
1995,91468
2200,91500
1739,91532
1580,91564
1273,91596
1069,91628
813,91660
618,91692
440,91724
169,91756
0,91788
169,91820
115,91852
343,91884
491,91916
795,91948
1453,91980
1198,92012
1897,92044
2089,92076
1947,92108
2123,92140
1850,92172
1291,92204
1372,92236
1150,92268
1037,92300
655,92332
430,92364
278,92396
220,92428
107,92460
713,92492
552,92524
1162,92556
1368,92588
1286,92620
1823,92652
2063,92684
1948,92716
1979,92748
1388,92780
1245,92812
939,92844
759,92876
922,92908
312,92940
119,92972
190,93004
24,93036
253,93068
750,93100
701,93132
1279,93164
1512,93196
1742,93228
1946,93260
2218,93292
2220,93324
1947,93356
1743,93388
1470,93420
874,93452
729,93484
415,93516
200,93548
0,93580
0,93612
21,93644
208,93676
461,93708
1035,93740
911,93772
1194,93804
1833,93836
1654,93868
2334,93900
1737,93932
1995,93964
1712,93996
1076,94028
1247,94060
1020,94092
440,94124
554,94156
294,94188
299,94220
415,94252
620,94284
924,94316
1070,94348
943,94380
1614,94412
1403,94444
2074,94476
2282,94508
1676,94540
1839,94572
1583,94604
1036,94636
1104,94668
528,94700
404,94732
511,94764
0,94796
301,94828
152,94860
380,94892
956,94924
829,94956
1097,94988
1647,95020
1559,95052
2159,95084
1949,95116
2075,95148
1816,95180
1609,95212
1338,95244
1112,95276
878,95308
654,95340
384,95372
0,95404
285,95436
155,95468
736,95500
607,95532
860,95564
1055,95596
1320,95628
1595,95660
1774,95692
1868,95724
1643,95756
1402,95788
1179,95820
873,95852
726,95884
925,95916
234,95948
431,95980
165,96012
362,96044
637,96076
825,96108
733,96140
1276,96172
1516,96204
1871,96236
1947,96268
2187,96300
2189,96332
1869,96364
1705,96396
1437,96428
816,96460
646,96492
714,96524
196,96556
253,96588
165,96620
125,96652
360,96684
494,96716
813,96748
944,96780
1230,96812
1869,96844
1692,96876
1965,96908
2106,96940
1533,96972
1309,97004
1079,97036
847,97068
974,97100
313,97132
512,97164
252,97196
300,97228
494,97260
695,97292
585,97324
1146,97356
1008,97388
1600,97420
1465,97452
1695,97484
1840,97516
1624,97548
1416,97580
1164,97612
954,97644
776,97676
494,97708
326,97740
26,97772
0,97804
423,97836
154,97868
855,97900
1039,97932
1258,97964
1499,97996
1736,98028
1596,98060
2203,98092
2203,98124
2087,98156
1725,98188
1456,98220
1307,98252
992,98284
426,98316
622,98348
0,98380
0,98412
365,98444
216,98476
824,98508
1018,98540
951,98572
1212,98604
1352,98636
1672,98668
1819,98700
1788,98732
1965,98764
1321,98796
1111,98828
1228,98860
638,98892
457,98924
189,98956
4,98988
247,99020
410,99052
701,99084
906,99116
1163,99148
1358,99180
1593,99212
1434,99244
2062,99276
2253,99308
2095,99340
1819,99372
1214,99404
1352,99436
752,99468
558,99500
302,99532
106,99564
0,99596
0,99628
169,99660
687,99692
628,99724
859,99756
1001,99788
1305,99820
1983,99852
2135,99884
2349,99916
2073,99948
1463,99980
1595,100012
1312,100044
779,100076
860,100108
635,100140
511,100172
135,100204
284,100236
587,100268
734,100300
616,100332
1229,100364
1056,100396
1688,100428
1888,100460
1804,100492
1895,100524
1934,100556
1422,100588
1452,100620
873,100652
742,100684
423,100716
252,100748
398,100780
0,100812
75,100844
269,100876
535,100908
763,100940
1263,100972
1209,101004
1808,101036
2041,101068
2282,101100
2160,101132
1512,101164
1690,101196
1417,101228
1214,101260
954,101292
364,101324
492,101356
0,101388
0,101420
44,101452
268,101484
525,101516
716,101548
972,101580
1550,101612
1432,101644
1719,101676
2365,101708
1752,101740
1963,101772
1643,101804
1463,101836
1195,101868
565,101900
731,101932
504,101964
0,101996
284,102028
480,102060
827,102092
936,102124
1134,102156
1440,102188
1594,102220
1465,102252
2142,102284
1850,102316
2057,102348
1786,102380
1159,102412
985,102444
1056,102476
525,102508
600,102540
27,102572
0,102604
0,102636
218,102668
815,102700
664,102732
891,102764
1482,102796
1339,102828
1623,102860
2188,102892
1896,102924
2022,102956
1421,102988
1549,103020
1280,103052
652,103084
816,103116
600,103148
364,103180
137,103212
347,103244
606,103276
800,103308
667,103340
1259,103372
1119,103404
1382,103436
1577,103468
1838,103500
1815,103532
1527,103564
1341,103596
1115,103628
888,103660
663,103692
830,103724
206,103756
397,103788
0,103820
507,103852
699,103884
571,103916
1151,103948
1338,103980
1255,104012
1804,104044
2045,104076
2399,104108
2044,104140
1808,104172
1659,104204
1340,104236
1179,104268
922,104300
304,104332
134,104364
202,104396
0,104428
446,104460
684,104492
650,104524
1131,104556
1004,104588
1325,104620
1464,104652
1756,104684
2318,104716
1670,104748
1479,104780
1578,104812
1019,104844
797,104876
567,104908
343,104940
456,104972
0,105004
362,105036
568,105068
824,105100
637,105132
1209,105164
1471,105196
1664,105228
1520,105260
2137,105292
1789,105324
1560,105356
1324,105388
1100,105420
902,105452
639,105484
442,105516
266,105548
2,105580
0,105612
455,105644
285,105676
939,105708
666,105740
1367,105772
1565,105804
1374,105836
2027,105868
2270,105900
1814,105932
1936,105964
1677,105996
1548,106028
1196,106060
940,106092
793,106124
479,106156
0,106188
246,106220
47,106252
278,106284
887,106316
726,106348
1338,106380
1536,106412
1461,106444
2010,106476
1870,106508
1773,106540
1436,106572
1270,106604
1437,106636
811,106668
587,106700
714,106732
135,106764
0,106796
0,106828
189,106860
767,106892
924,106924
1225,106956
1420,106988
1691,107020
1886,107052
2123,107084
2268,107116
2040,107148
1760,107180
1564,107212
1294,107244
702,107276
832,107308
253,107340
57,107372
0,107404
0,107436
233,107468
410,107500
682,107532
907,107564
1141,107596
1367,107628
1516,107660
1833,107692
2319,107724
1583,107756
1819,107788
1535,107820
947,107852
1081,107884
808,107916
265,107948
344,107980
123,108012
476,108044
560,108076
796,108108
1101,108140
1246,108172
1128,108204
1754,108236
1578,108268
2216,108300
2104,108332
1556,108364
1628,108396
1402,108428
907,108460
940,108492
364,108524
223,108556
0,108588
0,108620
478,108652
324,108684
1049,108716
776,108748
1047,108780
1275,108812
1789,108844
1741,108876
2346,108908
2137,108940
1900,108972
1628,109004
1432,109036
1165,109068
892,109100
701,109132
440,109164
0,109196
222,109228
105,109260
331,109292
552,109324
781,109356
1033,109388
1232,109420
1484,109452
1772,109484
1880,109516
1692,109548
1869,109580
1235,109612
1432,109644
700,109676
951,109708
671,109740
55,109772
203,109804
351,109836
242,109868
810,109900
1001,109932
1192,109964
1454,109996
1660,110028
1978,110060
2127,110092
1790,110124
2010,110156
1322,110188
1520,110220
1260,110252
646,110284
797,110316
543,110348
24,110380
84,110412
1,110444
311,110476
443,110508
726,110540
1339,110572
1174,110604
1405,110636
2012,110668
1867,110700
1831,110732
1916,110764
1367,110796
1495,110828
907,110860
1021,110892
764,110924
569,110956
302,110988
212,111020
446,111052
670,111084
864,111116
1129,111148
1320,111180
1181,111212
1786,111244
1641,111276
1900,111308
1672,111340
1466,111372
1287,111404
1005,111436
836,111468
605,111500
378,111532
155,111564
0,111596
0,111628
601,111660
361,111692
1033,111724
1213,111756
1082,111788
1675,111820
1869,111852
2094,111884
2251,111916
2016,111948
1901,111980
1514,112012
1288,112044
1133,112076
825,112108
664,112140
407,112172
0,112204
1,112236
509,112268
440,112300
960,112332
1195,112364
1160,112396
1656,112428
1518,112460
1851,112492
1787,112524
1612,112556
1788,112588
1147,112620
957,112652
1056,112684
507,112716
285,112748
59,112780
0,112812
424,112844
221,112876
880,112908
1080,112940
1340,112972
1534,113004
1728,113036
1997,113068
2205,113100
1728,113132
1879,113164
1264,113196
1039,113228
810,113260
590,113292
392,113324
135,113356
0,113388
0,113420
73,113452
345,113484
971,113516
795,113548
1461,113580
1177,113612
1897,113644
2093,113676
1908,113708
2121,113740
1886,113772
1597,113804
1416,113836
1145,113868
1031,113900
683,113932
426,113964
271,113996
222,114028
109,114060
759,114092
556,114124
782,114156
1402,114188
1231,114220
1866,114252
2073,114284
1911,114316
1979,114348
1386,114380
1244,114412
1373,114444
750,114476
911,114508
300,114540
87,114572
190,114604
0,114636
251,114668
442,114700
701,114732
1287,114764
1440,114796
1753,114828
1950,114860
2221,114892
2218,114924
1982,114956
1742,114988
1504,115020
1239,115052
1040,115084
780,115116
190,115148
319,115180
0,115212
25,115244
215,115276
470,115308
743,115340
920,115372
1203,115404
1430,115436
1660,115468
1895,115500
1736,115532
1575,115564
1785,115596
1067,115628
1289,115660
1017,115692
733,115724
557,115756
285,115788
0,115820
426,115852
656,115884
1000,115916
1081,115948
1312,115980
1626,116012
1772,116044
1648,116076
2284,116108
1674,116140
1836,116172
1568,116204
1032,116236
1104,116268
889,116300
393,116332
171,116364
0,116396
0,116428
107,116460
390,116492
1001,116524
839,116556
1101,116588
1290,116620
1563,116652
1801,116684
2237,116716
1709,116748
1840,116780
1608,116812
1370,116844
1112,116876
910,116908
652,116940
382,116972
183,117004
287,117036
168,117068
745,117100
608,117132
842,117164
1066,117196
1293,117228
1548,117260
1752,117292
1816,117324
1631,117356
1342,117388
1175,117420
1339,117452
716,117484
919,117516
196,117548
425,117580
169,117612
397,117644
640,117676
874,117708
744,117740
1324,117772
1518,117804
1869,117836
1980,117868
2187,117900
2185,117932
1865,117964
1264,117996
1482,118028
824,118060
1002,118092
747,118124
138,118156
283,118188
170,118220
103,118252
365,118284
504,118316
813,118348
956,118380
1238,118412
1871,118444
1702,118476
1933,118508
2106,118540
1486,118572
1305,118604
1401,118636
845,118668
971,118700
396,118732
505,118764
248,118796
299,118828
494,118860
732,118892
587,118924
1193,118956
1384,118988
1646,119020
1849,119052
1704,119084
2223,119116
1614,119148
1414,119180
1146,119212
952,119244
777,119276
494,119308
317,119340
91,119372
0,119404
20,119436
155,119468
459,119500
1117,119532
1258,119564
1547,119596
1741,119628
1597,119660
2207,119692
2199,119724
1628,119756
1726,119788
1487,119820
1373,119852
989,119884
765,119916
617,119948
312,119980
153,120012
374,120044
222,120076
502,120108
1022,120140
944,120172
1213,120204
1722,120236
1676,120268
2186,120300
1726,120332
1592,120364
1272,120396
1096,120428
1260,120460
636,120492
447,120524
540,120556
8,120588
0,120620
138,120652
365,120684
938,120716
783,120748
1400,120780
1598,120812
1418,120844
2064,120876
2264,120908
2091,120940
1819,120972
1210,121004
1344,121036
750,121068
526,121100
299,121132
78,121164
0,121196
0,121228
125,121260
405,121292
584,121324
856,121356
1006,121388
1309,121420
1992,121452
2142,121484
2344,121516
2063,121548
1405,121580
1593,121612
1358,121644
775,121676
896,121708
632,121740
509,121772
156,121804
283,121836
589,121868
735,121900
619,121932
1275,121964
1068,121996
1292,122028
1932,122060
1756,122092
1848,122124
1932,122156
1373,122188
1450,122220
873,122252
731,122284
413,122316
248,122348
393,122380
0,122412
55,122444
624,122476
492,122508
763,122540
952,122572
1213,122604
1815,122636
1977,122668
2281,122700
2156,122732
1502,122764
1688,122796
1451,122828
1214,122860
989,122892
727,122924
532,122956
267,122988
0,123020
399,123052
272,123084
528,123116
728,123148
976,123180
1256,123212
1434,123244
1720,123276
2264,123308
1749,123340
1515,123372
1693,123404
1053,123436
1257,123468
556,123500
775,123532
493,123564
0,123596
296,123628
489,123660
397,123692
939,123724
1179,123756
1517,123788
1599,123820
1836,123852
2159,123884
2216,123916
1615,123948
1786,123980
1147,124012
982,124044
1054,124076
524,124108
591,124140
368,124172
0,124204
272,124236
168,124268
479,124300
616,124332
893,124364
1518,124396
1353,124428
1623,124460
1816,124492
1884,124524
1657,124556
1708,124588
1193,124620
1312,124652
649,124684
848,124716
590,124748
392,124780
148,124812
351,124844
617,124876
810,124908
672,124940
1262,124972
1120,125004
1356,125036
1583,125068
1819,125100
1757,125132
1488,125164
1291,125196
1404,125228
838,125260
663,125292
827,125324
204,125356
395,125388
0,125420
523,125452
703,125484
533,125516
1160,125548
1388,125580
1257,125612
1851,125644
2047,125676
2407,125708
2073,125740
1804,125772
1657,125804
1337,125836
752,125868
956,125900
303,125932
78,125964
223,125996
0,126028
478,126060
685,126092
615,126124
1133,126156
1007,126188
1332,126220
1467,126252
1758,126284
2315,126316
1669,126348
1434,126380
1568,126412
983,126444
793,126476
876,126508
343,126540
457,126572
150,126604
365,126636
560,126668
825,126700
1020,126732
1247,126764
1472,126796
1708,126828
1911,126860
2176,126892
2170,126924
1551,126956
1694,126988
1097,127020
901,127052
636,127084
443,127116
264,127148
2,127180
0,127212
70,127244
286,127276
511,127308
669,127340
968,127372
1641,127404
1384,127436
2079,127468
2271,127500
1811,127532
1935,127564
1664,127596
1115,127628
1196,127660
970,127692
857,127724
477,127756
251,127788
239,127820
396,127852
283,127884
891,127916
720,127948
1005,127980
1536,128012
1464,128044
2011,128076
2252,128108
1768,128140
1800,128172
1208,128204
1071,128236
750,128268
584,128300
744,128332
131,128364
0,128396
270,128428
199,128460
427,128492
927,128524
873,128556
1464,128588
1246,128620
1932,128652
2126,128684
2302,128716
2040,128748
1758,128780
1563,128812
1292,128844
698,128876
831,128908
240,128940
23,128972
251,129004
0,129036
188,129068
382,129100
647,129132
920,129164
1095,129196
1367,129228
1520,129260
1836,129292
2313,129324
1550,129356
1806,129388
1533,129420
892,129452
1067,129484
842,129516
263,129548
380,129580
131,129612
479,129644
601,129676
798,129708
1103,129740
1247,129772
1128,129804
1801,129836
1582,129868
1820,129900
2138,129932
1498,129964
1660,129996
1392,130028
871,130060
936,130092
363,130124
216,130156
0,130188
0,130220
477,130252
328,130284
567,130316
1146,130348
1003,130380
1277,130412
1837,130444
1739,130476
2345,130508
2048,130540
1903,130572
1626,130604
1421,130636
1162,130668
928,130700
698,130732
462,130764
206,130796
270,130828
472,130860
331,130892
635,130924
781,130956
1039,130988
1240,131020
1496,131052
1782,131084
1870,131116
1688,131148
1759,131180
1224,131212
999,131244
688,131276
541,131308
745,131340
46,131372
237,131404
361,131436
233,131468
813,131500
1002,131532
910,131564
1464,131596
1696,131628
2047,131660
2127,131692
2156,131724
2009,131756
1680,131788
1099,131820
1258,131852
639,131884
794,131916
541,131948
21,131980
91,132012
344,132044
312,132076
794,132108
676,132140
989,132172
1128,132204
1414,132236
2048,132268
1869,132300
1831,132332
1920,132364
1353,132396
1131,132428
1179,132460
679,132492
793,132524
567,132556
332,132588
216,132620
478,132652
680,132684
872,132716
1133,132748
1499,132780
1182,132812
1493,132844
1644,132876
1882,132908
1664,132940
1436,132972
1230,133004
972,133036
778,133068
892,133100
328,133132
151,133164
309,133196
0,133228
603,133260
332,133292
1035,133324
1215,133356
1043,133388
1677,133420
1920,133452
1784,133484
2296,133516
2025,133548
1899,133580
1536,133612
1277,133644
1131,133676
816,133708
251,133740
441,133772
0,133804
348,133836
553,133868
392,133900
992,133932
1200,133964
1124,133996
1659,134028
1530,134060
1853,134092
2253,134124
1613,134156
1783,134188
1145,134220
920,134252
1052,134284
471,134316
281,134348
363,134380
0,134412
427,134444
311,134476
879,134508
1080,134540
1341,134572
1546,134604
1774,134636
2008,134668
2240,134700
2112,134732
1526,134764
1643,134796
1038,134828
1168,134860
584,134892
392,134924
127,134956
0,134988
0,135020
77,135052
348,135084
581,135116
797,135148
1035,135180
1180,135212
1483,135244
2169,135276
1912,135308
2167,135340
1885,135372
1598,135404
1407,135436
1144,135468
603,135500
680,135532
456,135564
331,135596
217,135628
448,135660
765,135692
911,135724
1209,135756
1405,135788
1241,135820
1528,135852
2075,135884
1899,135916
1977,135948
1743,135980
1241,136012
1017,136044
700,136076
557,136108
248,136140
74,136172
215,136204
0,136236
252,136268
800,136300
711,136332
937,136364
1164,136396
1390,136428
1995,136460
1772,136492
2250,136524
1980,136556
1776,136588
1512,136620
1240,136652
676,136684
778,136716
191,136748
316,136780
0,136812
3,136844
218,136876
442,136908
711,136940
895,136972
1148,137004
1433,137036
1611,137068
1896,137100
1726,137132
1574,137164
1784,137196
1036,137228
1278,137260
1007,137292
768,137324
555,137356
328,137388
0,137420
472,137452
665,137484
1003,137516
1119,137548
1310,137580
1629,137612
1776,137644
1646,137676
2332,137708
1672,137740
1436,137772
1600,137804
974,137836
1144,137868
879,137900
349,137932
168,137964
0,137996
0,138028
121,138060
392,138092
1005,138124
844,138156
1067,138188
1663,138220
1518,138252
1803,138284
1900,138316
1706,138348
1837,138380
1530,138412
1369,138444
1102,138476
907,138508
638,138540
414,138572
0,138604
332,138636
526,138668
792,138700
975,138732
843,138764
1437,138796
1296,138828
1560,138860
1758,138892
1816,138924
1627,138956
1340,138988
1171,139020
1230,139052
714,139084
491,139116
187,139148
28,139180
237,139212
409,139244
687,139276
877,139308
745,139340
1327,139372
1527,139404
1431,139436
1992,139468
2232,139500
2253,139532
1864,139564
1627,139596
1471,139628
1161,139660
588,139692
736,139724
128,139756
280,139788
167,139820
106,139852
375,139884
859,139916
821,139948
1308,139980
1188,140012
1513,140044
1642,140076
1942,140108
2137,140140
1484,140172
1294,140204
1035,140236
846,140268
619,140300
669,140332
169,140364
280,140396
309,140428
538,140460
732,140492
560,140524
1196,140556
1389,140588
1657,140620
1852,140652
1705,140684
2223,140716
1612,140748
1382,140780
1148,140812
924,140844
727,140876
462,140908
266,140940
376,140972
0,141004
21,141036
635,141068
468,141100
1118,141132
1262,141164
1549,141196
1743,141228
1559,141260
2207,141292
2236,141324
1626,141356
1758,141388
1485,141420
1367,141452
1022,141484
765,141516
607,141548
302,141580
0,141612
412,141644
221,141676
862,141708
1066,141740
902,141772
1182,141804
1723,141836
1641,141868
2188,141900
1724,141932
1591,141964
1259,141996
1094,142028
1257,142060
634,142092
409,142124
536,142156
0,142188
0,142220
457,142252
377,142284
943,142316
825,142348
1405,142380
1600,142412
1419,142444
2074,142476
2304,142508
2091,142540
1853,142572
1581,142604
1384,142636
1116,142668
523,142700
654,142732
72,142764
0,142796
0,142828
137,142860
407,142892
586,142924
858,142956
1085,142988
1317,143020
1547,143052
2202,143084
1916,143116
2139,143148
1402,143180
1631,143212
1357,143244
764,143276
893,143308
624,143340
91,143372
155,143404
319,143436
656,143468
745,143500
971,143532
1277,143564
1422,143596
1727,143628
1932,143660
1767,143692
1838,143724
1917,143756
1370,143788
1450,143820
1216,143852
728,143884
762,143916
188,143948
46,143980
0,144012
56,144044
664,144076
502,144108
776,144140
1310,144172
1224,144204
1453,144236
1691,144268
1917,144300
2190,144332
1499,144364
1720,144396
1440,144428
1248,144460
984,144492
718,144524
523,144556
254,144588
0,144620
413,144652
280,144684
496,144716
734,144748
958,144780
1351,144812
1415,144844
1675,144876
1952,144908
1692,144940
1511,144972
1687,145004
1050,145036
1253,145068
524,145100
764,145132
495,145164
0,145196
299,145228
537,145260
410,145292
988,145324
1179,145356
1517,145388
1639,145420
1838,145452
2158,145484
2207,145516
1610,145548
1822,145580
1148,145612
920,145644
1084,145676
472,145708
619,145740
365,145772
0,145804
284,145836
173,145868
477,145900
618,145932
902,145964
1533,145996
1355,146028
1591,146060
2188,146092
1834,146124
1644,146156
1373,146188
1181,146220
1309,146252
1007,146284
847,146316
588,146348
383,146380
154,146412
394,146444
620,146476
846,146508
1040,146540
1307,146572
1502,146604
1358,146636
1966,146668
1823,146700
1754,146732
1485,146764
1288,146796
1111,146828
830,146860
659,146892
427,146924
201,146956
0,146988
0,147020
123,147052
781,147084
537,147116
1208,147148
1391,147180
1257,147212
1863,147244
2060,147276
1959,147308
2064,147340
1836,147372
1721,147404
1327,147436
1104,147468
956,147500
648,147532
74,147564
220,147596
0,147628
478,147660
687,147692
614,147724
1134,147756
1380,147788
1335,147820
1835,147852
1706,147884
1933,147916
1609,147948
1434,147980
1608,148012
971,148044
792,148076
520,148108
343,148140
109,148172
139,148204
30,148236
606,148268
827,148300
1068,148332
1257,148364
1518,148396
1722,148428
1915,148460
2189,148492
2168,148524
1549,148556
1692,148588
1086,148620
870,148652
636,148684
410,148716
216,148748
0,148780
0,148812
72,148844
250,148876
512,148908
1147,148940
979,148972
1643,149004
1358,149036
2087,149068
2272,149100
1752,149132
1935,149164
1706,149196
1112,149228
1240,149260
967,149292
699,149324
503,149356
249,149388
251,149420
398,149452
284,149484
928,149516
730,149548
1387,149580
1591,149612
1413,149644
2047,149676
2253,149708
1719,149740
1792,149772
1208,149804
1067,149836
750,149868
582,149900
735,149932
122,149964
0,149996
282,150028
167,150060
427,150092
970,150124
887,150156
1469,150188
1337,150220
1931,150252
2136,150284
2301,150316
2028,150348
1800,150380
1560,150412
1326,150444
1065,150476
862,150508
602,150540
22,150572
135,150604
0,150636
201,150668
391,150700
649,150732
920,150764
1098,150796
1372,150828
1607,150860
1846,150892
1861,150924
1549,150956
1389,150988
1599,151020
888,151052
1103,151084
841,151116
251,151148
377,151180
137,151212
365,151244
602,151276
840,151308
1177,151340
1259,151372
1488,151404
1803,151436
1959,151468
2263,151500
2140,151532
1486,151564
1309,151596
1402,151628
858,151660
925,151692
703,151724
217,151756
238,151788
0,151820
141,151852
282,151884
566,151916
1180,151948
1006,151980
1278,152012
1840,152044
1740,152076
1981,152108
1758,152140
1527,152172
1660,152204
983,152236
1192,152268
924,152300
732,152332
472,152364
204,152396
279,152428
472,152460
335,152492
924,152524
792,152556
1016,152588
1242,152620
1479,152652
1736,152684
1836,152716
1637,152748
1450,152780
1166,152812
986,152844
1163,152876
539,152908
732,152940
21,152972
235,153004
364,153036
189,153068
815,153100
1050,153132
1225,153164
1504,153196
1696,153228
2056,153260
2173,153292
2144,153324
1997,153356
1664,153388
1095,153420
1302,153452
637,153484
410,153516
570,153548
0,153580
134,153612
349,153644
279,153676
798,153708
680,153740
989,153772
1591,153804
1416,153836
2058,153868
1870,153900
1783,153932
1916,153964
1319,153996
1128,154028
857,154060
670,154092
793,154124
489,154156
331,154188
220,154220
477,154252
684,154284
910,154316
1133,154348
1371,154380
1562,154412
1833,154444
2031,154476
1883,154508
2044,154540
1435,154572
1230,154604
971,154636
776,154668
599,154700
327,154732
146,154764
0,154796
0,154828
183,154860
332,154892
635,154924
1293,154956
1038,154988
1727,155020
1929,155052
2106,155084
2287,155116
2010,155148
1451,155180
1535,155212
1308,155244
1193,155276
812,155308
591,155340
443,155372
125,155404
0,155436
552,155468
396,155500
1000,155532
1209,155564
1128,155596
1661,155628
1900,155660
1864,155692
1881,155724
1548,155756
1406,155788
1086,155820
918,155852
1080,155884
458,155916
281,155948
19,155980
0,156012
89,156044
589,156076
541,156108
1118,156140
1341,156172
1582,156204
1784,156236
2056,156268
2250,156300
2108,156332
1911,156364
1631,156396
1024,156428
1166,156460
575,156492
350,156524
122,156556
0,156588
0,156620
57,156652
304,156684
583,156716
758,156748
1034,156780
1661,156812
1583,156844
2171,156876
1881,156908
2157,156940
1888,156972
1628,157004
1405,157036
1180,157068
599,157100
716,157132
458,157164
331,157196
255,157228
461,157260
767,157292
912,157324
793,157356
1453,157388
1243,157420
1903,157452
2112,157484
1838,157516
2008,157548
1741,157580
1195,157612
1015,157644
688,157676
555,157708
236,157740
72,157772
205,157804
3,157836
221,157868
800,157900
667,157932
938,157964
1485,157996
1389,158028
1993,158060
1865,158092
2237,158124
1968,158156
1769,158188
1502,158220
1273,158252
666,158284
815,158316
543,158348
347,158380
111,158412
6,158444
586,158476
446,158508
710,158540
905,158572
1160,158604
1433,158636
1614,158668
1907,158700
1801,158732
1562,158764
1335,158796
1024,158828
877,158860
1080,158892
767,158924
591,158956
318,158988
0,159020
475,159052
666,159084
574,159116
1115,159148
1353,159180
1695,159212
1784,159244
2016,159276
2336,159308
2028,159340
1867,159372
1599,159404
972,159436
806,159468
874,159500
348,159532
155,159564
190,159596
0,159628
448,159660
344,159692
654,159724
792,159756
1070,159788
1707,159820
1528,159852
1803,159884
2269,159916
1703,159948
1467,159980
1240,160012
1005,160044
1134,160076
472,160108
670,160140
412,160172
0,160204
344,160236
528,160268
793,160300
987,160332
858,160364
1448,160396
1296,160428
1532,160460
1759,160492
1774,160524
1577,160556
1308,160588
1114,160620
936,160652
664,160684
476,160716
185,160748
27,160780
247,160812
409,160844
695,160876
879,160908
702,160940
1339,160972
1568,161004
1435,161036
2031,161068
2232,161100
2249,161132
1885,161164
1626,161196
1469,161228
1152,161260
576,161292
780,161324
128,161356
0,161388
205,161420
57,161452
334,161484
861,161516
792,161548
1310,161580
1194,161612
1511,161644
1648,161676
1944,161708
2135,161740
1480,161772
1257,161804
1388,161836
795,161868
615,161900
346,161932
157,161964
267,161996
248,162028
543,162060
736,162092
572,162124
1198,162156
1432,162188
1658,162220
1898,162252
2095,162284
2256,162316
1984,162348
1375,162380
1513,162412
912,162444
716,162476
456,162508
266,162540
87,162572
0,162604
18,162636
528,162668
469,162700
695,162732
1323,162764
1145,162796
1821,162828
1564,162860
2265,162892
2233,162924
1624,162956
1757,162988
1483,163020
935,163052
1017,163084
794,163116
671,163148
299,163180
107,163212
425,163244
573,163276
457,163308
1066,163340
905,163372
1188,163404
1726,163436
1644,163468
2192,163500
2093,163532
1581,163564
1614,163596
1033,163628
893,163660
576,163692
409,163724
558,163756
0,163788
0,163820
108,163852
375,163884
605,163916
1101,163948
1053,163980
1644,164012
1422,164044
2112,164076
2314,164108
2124,164140
1850,164172
1577,164204
1383,164236
1113,164268
512,164300
651,164332
71,164364
0,164396
0,164428
110,164460
366,164492
558,164524
814,164556
1387,164588
1272,164620
1557,164652
2203,164684
1912,164716
2124,164748
1370,164780
1624,164812
1353,164844
721,164876
880,164908
666,164940
87,164972
185,165004
319,165036
667,165068
777,165100
974,165132
1279,165164
1434,165196
1296,165228
1982,165260
1767,165292
1782,165324
1952,165356
1309,165388
1478,165420
1214,165452
683,165484
752,165516
188,165548
44,165580
0,165612
57,165644
662,165676
505,165708
731,165740
1321,165772
1180,165804
1453,165836
2025,165868
1927,165900
2187,165932
1870,165964
1709,165996
1452,166028
1243,166060
976,166092
752,166124
523,166156
286,166188
187,166220
455,166252
648,166284
504,166316
1098,166348
959,166380
1221,166412
1408,166444
1676,166476
1961,166508
1690,166540
1500,166572
1275,166604
1047,166636
825,166668
510,166700
365,166732
559,166764
0,166796
347,166828
539,166860
411,166892
989,166924
1181,166956
1095,166988
1642,167020
1884,167052
2235,167084
2204,167116
1976,167148
1819,167180
1500,167212
921,167244
1080,167276
462,167308
297,167340
362,167372
0,167404
288,167436
512,167468
488,167500
971,167532
845,167564
1165,167596
1303,167628
1594,167660
2237,167692
1832,167724
1640,167756
1739,167788
1180,167820
953,167852
1003,167884
503,167916
616,167948
0,167980
184,168012
398,168044
656,168076
856,168108
1040,168140
1307,168172
1503,168204
1360,168236
1966,168268
1822,168300
1723,168332
1980,168364
1259,168396
1054,168428
804,168460
602,168492
424,168524
152,168556
0,168588
0,168620
136,168652
779,168684
506,168716
1207,168748
1401,168780
1212,168812
1865,168844
1819,168876
1961,168908
2110,168940
1835,168972
1709,169004
1357,169036
1101,169068
955,169100
639,169132
74,169164
253,169196
0,169228
121,169260
728,169292
568,169324
1176,169356
1376,169388
1303,169420
1838,169452
1708,169484
1943,169516
1599,169548
1430,169580
1597,169612
968,169644
744,169676
875,169708
285,169740
103,169772
172,169804
41,169836
605,169868
765,169900
1065,169932
1257,169964
1518,169996
1724,170028
1952,170060
2190,170092
2192,170124
1929,170156
1726,170188
1468,170220
859,170252
711,170284
409,170316
208,170348
0,170380
0,170412
74,170444
252,170476
533,170508
1040,170540
980,170572
1211,170604
1358,170636
1672,170668
2351,170700
1753,170732
1983,170764
1703,170796
1109,170828
1231,170860
960,170892
427,170924
496,170956
272,170988
315,171020
397,171052
636,171084
939,171116
1085,171148
960,171180
1592,171212
1417,171244
2057,171276
2264,171308
1720,171340
1789,171372
1564,171404
1065,171436
1097,171468
520,171500
390,171532
73,171564
0,171596
316,171628
168,171660
439,171692
972,171724
887,171756
1119,171788
1629,171820
1575,171852
2172,171884
2299,171916
2060,171948
1790,171980
1594,172012
1322,172044
1056,172076
861,172108
600,172140
19,172172
0,172204
0,172236
171,172268
395,172300
623,172332
876,172364
1071,172396
1326,172428
1915,172460
1789,172492
1851,172524
2037,172556
1387,172588
1595,172620
857,172652
1109,172684
832,172716
215,172748
367,172780
184,172812
79,172844
652,172876
841,172908
1179,172940
1291,172972
1488,173004
1817,173036
1961,173068
1832,173100
2174,173132
1483,173164
1689,173196
1421,173228
804,173260
956,173292
702,173324
179,173356
238,173388
0,173420
151,173452
727,173484
573,173516
1181,173548
1017,173580
1245,173612
1849,173644
1705,173676
1981,173708
2090,173740
1518,173772
1657,173804
1067,173836
1183,173868
926,173900
729,173932
464,173964
234,173996
282,174028
510,174060
703,174092
600,174124
1161,174156
1021,174188
1624,174220
1480,174252
1736,174284
1833,174316
1628,174348
1447,174380
1165,174412
987,174444
763,174476
536,174508
301,174540
20,174572
0,174604
429,174636
202,174668
875,174700
1053,174732
1244,174764
1511,174796
1707,174828
1611,174860
2171,174892
2186,174924
2073,174956
1673,174988
1448,175020
1293,175052
985,175084
824,175116
568,175148
0,175180
0,175212
349,175244
280,175276
798,175308
1036,175340
999,175372
1229,175404
1358,175436
1689,175468
1832,175500
1774,175532
1952,175564
1306,175596
1127,175628
1212,175660
667,175692
445,175724
217,175756
0,175788
254,175820
61,175852
720,175884
918,175916
1178,175948
1372,175980
1567,176012
1449,176044
2041,176076
1886,176108
2039,176140
1424,176172
1196,176204
968,176236
744,176268
550,176300
294,176332
99,176364
0,176396
0,176428
184,176460
335,176492
635,176524
1293,176556
1018,176588
1735,176620
1929,176652
2144,176684
2283,176716
2048,176748
1447,176780
1577,176812
1308,176844
1189,176876
844,176908
589,176940
439,176972
111,177004
0,177036
600,177068
410,177100
622,177132
1243,177164
1080,177196
1704,177228
1904,177260
1831,177292
1870,177324
1545,177356
1403,177388
1084,177420
910,177452
1067,177484
458,177516
235,177548
352,177580
0,177612
92,177644
283,177676
541,177708
1129,177740
1277,177772
1583,177804
1785,177836
2057,177868
2256,177900
2141,177932
1514,177964
1673,177996
1400,178028
1199,178060
939,178092
348,178124
479,178156
0,178188
0,178220
59,178252
313,178284
585,178316
763,178348
1036,178380
1565,178412
1495,178444
1734,178476
1884,178508
1736,178540
1949,178572
1628,178604
1451,178636
1179,178668
597,178700
715,178732
446,178764
0,178796
264,178828
493,178860
832,178892
923,178924
1152,178956
1456,178988
1609,179020
1481,179052
2122,179084
1835,179116
1998,179148
1738,179180
1194,179212
1005,179244
1040,179276
555,179308
584,179340
21,179372
0,179404
0,179436
231,179468
842,179500
676,179532
943,179564
1130,179596
1400,179628
1641,179660
2157,179692
1879,179724
2010,179756
1769,179788
1534,179820
1264,179852
636,179884
808,179916
542,179948
347,179980
123,180012
9,180044
588,180076
455,180108
681,180140
906,180172
1134,180204
1387,180236
1594,180268
1853,180300
2103,180332
1511,180364
1332,180396
1499,180428
876,180460
1079,180492
760,180524
587,180556
317,180588
0,180620
475,180652
716,180684
586,180716
1166,180748
1356,180780
1705,180812
1821,180844
2027,180876
2251,180908
2026,180940
1423,180972
1642,181004
968,181036
1162,181068
906,181100
296,181132
121,181164
186,181196
0,181228
459,181260
345,181292
663,181324
795,181356
1080,181388
1709,181420
1532,181452
1769,181484
2267,181516
1657,181548
1466,181580
1560,181612
1005,181644
1129,181676
551,181708
669,181740
408,181772
0,181804
334,181836
572,181868
798,181900
1024,181932
1216,181964
1485,181996
1678,182028
1536,182060
2144,182092
1772,182124
1566,182156
1309,182188
1104,182220
934,182252
654,182284
475,182316
251,182348
24,182380
0,182412
464,182444
300,182476
957,182508
710,182540
1387,182572
1579,182604
1436,182636
2041,182668
2237,182700
1797,182732
1884,182764
1648,182796
1533,182828
1151,182860
927,182892
779,182924
464,182956
302,182988
215,183020
60,183052
342,183084
863,183116
792,183148
1312,183180
1552,183212
1512,183244
2022,183276
1884,183308
1757,183340
1424,183372
1246,183404
1422,183436
793,183468
615,183500
698,183532
151,183564
0,183596
0,183628
203,183660
781,183692
570,183724
1240,183756
1437,183788
1706,183820
1902,183852
2103,183884
2255,183916
1982,183948
1371,183980
1512,184012
909,184044
686,184076
456,184108
236,184140
40,184172
0,184204
0,184236
248,184268
426,184300
699,184332
1323,184364
1158,184396
1821,184428
1534,184460
2268,184492
2233,184524
1573,184556
1751,184588
1530,184620
935,184652
1054,184684
792,184716
667,184748
329,184780
111,184812
428,184844
575,184876
460,184908
1117,184940
908,184972
1142,185004
1772,185036
1592,185068
2231,185100
2094,185132
1542,185164
1612,185196
1020,185228
890,185260
573,185292
406,185324
553,185356
0,185388
0,185420
463,185452
343,185484
605,185516
793,185548
1054,185580
1647,185612
1806,185644
2119,185676
2314,185708
2121,185740
1848,185772
1615,185804
1374,185836
1147,185868
879,185900
695,185932
426,185964
0,185996
249,186028
121,186060
368,186092
560,186124
826,186156
1097,186188
1275,186220
1558,186252
1789,186284
1912,186316
1675,186348
1371,186380
1211,186412
1417,186444
714,186476
937,186508
656,186540
87,186572
185,186604
329,186636
247,186668
780,186700
1017,186732
1355,186764
1434,186796
1673,186828
1993,186860
2140,186892
1774,186924
1948,186956
1308,186988
1468,187020
1212,187052
681,187084
751,187116
535,187148
43,187180
103,187212
8,187244
319,187276
456,187308
742,187340
1358,187372
1191,187404
1463,187436
1656,187468
1931,187500
1819,187532
1870,187564
1351,187596
1472,187628
1241,187660
1008,187692
750,187724
552,187756
286,187788
192,187820
457,187852
651,187884
509,187916
1104,187948
968,187980
1194,188012
1420,188044
1656,188076
1915,188108
1657,188140
1450,188172
1271,188204
987,188236
821,188268
987,188300
362,188332
553,188364
0,188396
348,188428
540,188460
375,188492
991,188524
1230,188556
1097,188588
1692,188620
1884,188652
2076,188684
2239,188716
1968,188748
1817,188780
1486,188812
912,188844
1116,188876
460,188908
648,188940
393,188972
0,189004
328,189036
523,189068
455,189100
972,189132
856,189164
1175,189196
1308,189228
1594,189260
2238,189292
1828,189324
1597,189356
1740,189388
1131,189420
951,189452
1038,189484
493,189516
615,189548
45,189580
189,189612
399,189644
662,189676
862,189708
1088,189740
1312,189772
1551,189804
1743,189836
2014,189868
2218,189900
1721,189932
1864,189964
1257,189996
1050,190028
796,190060
602,190092
423,190124
142,190156
0,190188
0,190220
137,190252
363,190284
509,190316
812,190348
1471,190380
1221,190412
1917,190444
2123,190476
1963,190508
2107,190540
1823,190572
1582,190604
1355,190636
1134,190668
1019,190700
638,190732
413,190764
265,190796
233,190828
528,190860
736,190892
571,190924
855,190956
1385,190988
1304,191020
1839,191052
2088,191084
1929,191116
1966,191148
1370,191180
1229,191212
910,191244
742,191276
904,191308
280,191340
93,191372
169,191404
42,191436
271,191468
492,191500
717,191532
1305,191564
1085,191596
1768,191628
1964,191660
2236,191692
2202,191724
1930,191756
1723,191788
1452,191820
856,191852
990,191884
397,191916
173,191948
0,191980
0,192012
29,192044
229,192076
485,192108
761,192140
938,192172
1212,192204
1855,192236
1673,192268
2359,192300
1712,192332
1979,192364
1694,192396
1051,192428
1227,192460
1002,192492
728,192524
538,192556
277,192588
317,192620
440,192652
638,192684
949,192716
1088,192748
969,192780
1632,192812
1420,192844
1657,192876
2300,192908
1674,192940
1820,192972
1560,193004
1019,193036
1088,193068
524,193100
377,193132
493,193164
0,193196
327,193228
169,193260
396,193292
976,193324
855,193356
1116,193388
1306,193420
1579,193452
2173,193484
2220,193516
2059,193548
1788,193580
1591,193612
1322,193644
1088,193676
858,193708
635,193740
368,193772
155,193804
303,193836
176,193868
752,193900
632,193932
888,193964
1079,193996
1336,194028
1621,194060
1791,194092
1848,194124
1621,194156
1384,194188
1149,194220
858,194252
700,194284
905,194316
204,194348
415,194380
185,194412
380,194444
653,194476
844,194508
761,194540
1305,194572
1535,194604
1884,194636
1965,194668
2203,194700
2171,194732
1840,194764
1256,194796
1418,194828
796,194860
955,194892
697,194924
174,194956
236,194988
184,195020
152,195052
381,195084
510,195116
829,195148
969,195180
1255,195212
1888,195244
1710,195276
1992,195308
1708,195340
1515,195372
1293,195404
1341,195436
838,195468
956,195500
717,195532
492,195564
232,195596
316,195628
522,195660
713,195692
969,195724
1164,195756
1021,195788
1625,195820
1483,195852
1711,195884
1832,195916
1596,195948
1389,195980
1132,196012
935,196044
757,196076
486,196108
307,196140
471,196172
0,196204
439,196236
172,196268
872,196300
1067,196332
1275,196364
1515,196396
1754,196428
1621,196460
2222,196492
2185,196524
2059,196556
1706,196588
1437,196620
1293,196652
973,196684
408,196716
602,196748
0,196780
173,196812
382,196844
236,196876
831,196908
1039,196940
967,196972
1239,197004
1370,197036
1693,197068
1832,197100
1772,197132
1945,197164
1306,197196
1081,197228
1210,197260
621,197292
439,197324
525,197356
0,197388
267,197420
153,197452
719,197484
922,197516
1181,197548
1376,197580
1609,197612
1453,197644
2089,197676
2280,197708
2078,197740
1803,197772
1198,197804
1334,197836
743,197868
542,197900
284,197932
88,197964
0,197996
0,198028
196,198060
414,198092
647,198124
871,198156
1020,198188
1324,198220
2009,198252
2157,198284
2331,198316
2047,198348
1437,198380
1577,198412
1304,198444
759,198476
840,198508
608,198540
493,198572
109,198604
299,198636
603,198668
750,198700
1040,198732
1243,198764
1080,198796
1368,198828
1913,198860
1830,198892
1879,198924
1912,198956
1399,198988
1435,199020
858,199052
726,199084
398,199116
234,199148
378,199180
0,199212
95,199244
636,199276
551,199308
783,199340
1002,199372
1231,199404
1832,199436
1608,199468
2298,199500
2141,199532
1484,199564
1672,199596
1391,199628
1198,199660
928,199692
344,199724
476,199756
0,199788
0,199820
59,199852
294,199884
539,199916
744,199948
989,199980
1271,200012
1452,200044
1733,200076
1886,200108
1726,200140
1944,200172
1625,200204
1446,200236
1168,200268
539,200300
715,200332
488,200364
0,200396
312,200428
504,200460
843,200492
956,200524
1150,200556
1467,200588
1608,200620
1484,200652
2170,200684
1832,200716
1604,200748
1770,200780
1134,200812
969,200844
1038,200876
506,200908
584,200940
19,200972
0,201004
0,201036
232,201068
841,201100
680,201132
907,201164
1500,201196
1367,201228
1640,201260
1832,201292
1865,201324
1997,201356
1691,201388
1529,201420
1262,201452
635,201484
800,201516
573,201548
336,201580
164,201612
366,201644
634,201676
824,201708
685,201740
1276,201772
1135,201804
1401,201836
1598,201868
1864,201900
1787,201932
1511,201964
1322,201996
1392,202028
870,202060
651,202092
813,202124
189,202156
381,202188
0,202220
527,202252
719,202284
595,202316
1177,202348
1360,202380
1273,202412
1822,202444
2064,202476
2427,202508
2027,202540
1788,202572
1643,202604
1322,202636
743,202668
904,202700
295,202732
120,202764
185,202796
0,202828
461,202860
696,202892
665,202924
1147,202956
1024,202988
1341,203020
1479,203052
1772,203084
2300,203116
1654,203148
1464,203180
1192,203212
1001,203244
777,203276
826,203308
319,203340
431,203372
0,203404
380,203436
576,203468
841,203500
1034,203532
1225,203564
1485,203596
1690,203628
1545,203660
2157,203692
1773,203724
1544,203756
1308,203788
1080,203820
877,203852
620,203884
425,203916
537,203948
0,203980
0,204012
475,204044
308,204076
957,204108
682,204140
1387,204172
1583,204204
1401,204236
2044,204268
2286,204300
1788,204332
1920,204364
1646,204396
1531,204428
1182,204460
922,204492
776,204524
462,204556
0,204588
254,204620
71,204652
296,204684
908,204716
744,204748
1356,204780
1563,204812
1480,204844
2016,204876
1894,204908
1751,204940
1398,204972
1246,205004
1417,205036
796,205068
567,205100
698,205132
119,205164
0,205196
296,205228
215,205260
782,205292
941,205324
1243,205356
1438,205388
1709,205420
1912,205452
2141,205484
2252,205516
2016,205548
1742,205580
1536,205612
1277,205644
683,205676
814,205708
223,205740
40,205772
0,205804
0,205836
253,205868
428,205900
699,205932
934,205964
1158,205996
1387,206028
1536,206060
1851,206092
2299,206124
1564,206156
1803,206188
1517,206220
924,206252
1053,206284
792,206316
247,206348
319,206380
141,206412
495,206444
576,206476
812,206508
1119,206540
1263,206572
1145,206604
1772,206636
1598,206668
1896,206700
2088,206732
1530,206764
1611,206796
1384,206828
889,206860
920,206892
346,206924
207,206956
0,206988
0,207020
496,207052
344,207084
606,207116
1158,207148
1063,207180
1291,207212
1815,207244
1755,207276
2350,207308
1661,207340
1882,207372
1611,207404
1408,207436
1144,207468
880,207500
684,207532
426,207564
0,207596
249,207628
123,207660
347,207692
1047,207724
796,207756
1050,207788
1256,207820
1512,207852
1799,207884
1854,207916
1684,207948
1368,207980
1208,208012
1415,208044
684,208076
924,208108
666,208140
36,208172
175,208204
376,208236
249,208268
826,208300
1019,208332
1368,208364
1470,208396
1680,208428
1996,208460
2142,208492
1772,208524
1984,208556
1306,208588
1082,208620
1243,208652
629,208684
779,208716
522,208748
8,208780
110,208812
22,208844
327,208876
459,208908
744,208940
1359,208972
1192,209004
1421,209036
2029,209068
1886,209100
1815,209132
1902,209164
1341,209196
1471,209228
1177,209260
1006,209292
748,209324
550,209356
286,209388
223,209420
458,209452
688,209484
888,209516
1147,209548
1340,209580
1198,209612
1499,209644
1662,209676
1916,209708
1656,209740
1444,209772
1269,209804
989,209836
818,209868
877,209900
357,209932
139,209964
0,209996
0,210028
618,210060
376,210092
1051,210124
1229,210156
1107,210188
1695,210220
1887,210252
1799,210284
2232,210316
1998,210348
1883,210380
1494,210412
1262,210444
1115,210476
808,210508
235,210540
382,210572
0,210604
330,210636
526,210668
458,210700
974,210732
1211,210764
1176,210796
1660,210828
1546,210860
1869,210892
1769,210924
1594,210956
1770,210988
1129,211020
941,211052
1034,211084
488,211116
265,211148
312,211180
0,211212
444,211244
669,211276
894,211308
1100,211340
1356,211372
1560,211404
1740,211436
2024,211468
2218,211500
1712,211532
1558,211564
1247,211596
1031,211628
793,211660
560,211692
368,211724
110,211756
0,211788
190,211820
91,211852
370,211884
987,211916
820,211948
1470,211980
1197,212012
1927,212044
2119,212076
1914,212108
2103,212140
1870,212172
1271,212204
1399,212236
1120,212268
1005,212300
668,212332
411,212364
253,212396
238,212428
127,212460
768,212492
573,212524
1230,212556
1420,212588
1254,212620
1886,212652
2091,212684
1881,212716
1961,212748
1368,212780
1227,212812
1355,212844
734,212876
901,212908
282,212940
59,212972
164,213004
16,213036
267,213068
812,213100
719,213132
1301,213164
1177,213196
1771,213228
1968,213260
2238,213292
2198,213324
1962,213356
1724,213388
1488,213420
1216,213452
662,213484
761,213516
173,213548
303,213580
0,213612
42,213644
232,213676
488,213708
760,213740
937,213772
1223,213804
1439,213836
1684,213868
1913,213900
1710,213932
1560,213964
1769,213996
1040,214028
1271,214060
1001,214092
717,214124
537,214156
268,214188
0,214220
442,214252
672,214284
1020,214316
1098,214348
1325,214380
1644,214412
1790,214444
2096,214476
2298,214508
1647,214540
1480,214572
1551,214604
1014,214636
1086,214668
868,214700
377,214732
153,214764
0,214796
0,214828
124,214860
398,214892
1024,214924
856,214956
1118,214988
1677,215020
1581,215052
1817,215084
1927,215116
1691,215148
1820,215180
1145,215212
1354,215244
1086,215276
888,215308
624,215340
365,215372
0,215404
313,215436
176,215468
765,215500
624,215532
860,215564
1082,215596
1318,215628
1574,215660
1773,215692
1799,215724
1612,215756
1325,215788
1148,215820
856,215852
695,215884
894,215916
168,215948
407,215980
191,216012
425,216044
655,216076
891,216108
762,216140
1341,216172
1536,216204
1895,216236
2000,216268
2208,216300
2169,216332
1848,216364
1247,216396
1454,216428
794,216460
570,216492
728,216524
122,216556
266,216588
188,216620
121,216652
383,216684
523,216716
839,216748
971,216780
1256,216812
1897,216844
1717,216876
1943,216908
2088,216940
1470,216972
1551,217004
1016,217036
827,217068
957,217100
651,217132
489,217164
222,217196
329,217228
522,217260
750,217292
604,217324
1211,217356
1402,217388
1673,217420
1868,217452
1723,217484
2206,217516
1597,217548
1387,217580
1130,217612
937,217644
758,217676
485,217708
306,217740
362,217772
0,217804
24,217836
175,217868
476,217900
1133,217932
1279,217964
1565,217996
1759,218028
1623,218060
2223,218092
2175,218124
1611,218156
1696,218188
1470,218220
1355,218252
971,218284
748,218316
601,218348
288,218380
0,218412
384,218444
236,218476
843,218508
1040,218540
968,218572
1239,218604
1738,218636
1695,218668
2202,218700
1710,218732
1577,218764
1244,218796
1081,218828
1242,218860
618,218892
439,218924
172,218956
0,218988
0,219020
430,219052
383,219084
958,219116
1189,219148
1420,219180
1614,219212
1436,219244
2088,219276
2271,219308
2064,219340
1792,219372
1194,219404
1338,219436
735,219468
507,219500
282,219532
60,219564
0,219596
0,219628
152,219660
712,219692
602,219724
881,219756
1499,219788
1333,219820
2006,219852
2159,219884
2327,219916
2043,219948
1386,219980
1567,220012
1338,220044
755,220076
876,220108
616,220140
491,220172
137,220204
301,220236
604,220268
759,220300
635,220332
1294,220364
1084,220396
1744,220428
1949,220460
1784,220492
1821,220524
1904,220556
1356,220588
1434,220620
855,220652
713,220684
398,220716
232,220748
379,220780
0,220812
71,220844
640,220876
519,220908
779,220940
1325,220972
1241,221004
1833,221036
1703,221068
2301,221100
2136,221132
1483,221164
1662,221196
1433,221228
1196,221260
969,221292
703,221324
506,221356
249,221388
0,221420
426,221452
288,221484
553,221516
745,221548
1000,221580
1273,221612
1453,221644
1737,221676
1963,221708
1724,221740
1494,221772
1675,221804
1034,221836
1240,221868
538,221900
751,221932
476,221964
0,221996
315,222028
507,222060
423,222092
958,222124
1192,222156
1533,222188
1615,222220
1853,222252
2173,222284
2192,222316
2029,222348
1760,222380
1132,222412
964,222444
1034,222476
506,222508
572,222540
357,222572
0,222604
299,222636
184,222668
493,222700
635,222732
918,222764
1545,222796
1368,222828
1642,222860
2208,222892
1867,222924
1631,222956
1400,222988
1167,223020
1294,223052
622,223084
830,223116
570,223148
368,223180
172,223212
374,223244
633,223276
827,223308
687,223340
1280,223372
1144,223404
1371,223436
1599,223468
1836,223500
1736,223532
1478,223564
1272,223596
1096,223628
813,223660
644,223692
811,223724
185,223756
367,223788
0,223820
527,223852
719,223884
552,223916
1177,223948
1408,223980
1273,224012
1878,224044
2064,224076
2409,224108
2048,224140
1788,224172
1631,224204
1312,224236
744,224268
940,224300
283,224332
68,224364
206,224396
0,224428
504,224460
702,224492
632,224524
1152,224556
1024,224588
1352,224620
1484,224652
1784,224684
2297,224716
1644,224748
1416,224780
1550,224812
955,224844
767,224876
506,224908
317,224940
429,224972
122,225004
380,225036
584,225068
841,225100
1038,225132
1262,225164
1494,225196
1727,225228
1930,225260
2202,225292
2144,225324
1533,225356
1676,225388
1081,225420
875,225452
620,225484
426,225516
247,225548
0,225580
0,225612
91,225644
311,225676
539,225708
686,225740
987,225772
1661,225804
1402,225836
2105,225868
2288,225900
1786,225932
1919,225964
1646,225996
1095,226028
1180,226060
954,226092
843,226124
460,226156
236,226188
256,226220
412,226252
300,226284
909,226316
744,226348
1358,226380
1564,226412
1482,226444
2028,226476
2252,226508
1751,226540
1776,226572
1192,226604
1053,226636
741,226668
567,226700
720,226732
108,226764
0,226796
0,226828
216,226860
445,226892
951,226924
905,226956
1482,226988
1707,227020
1950,227052
2144,227084
2285,227116
2014,227148
1739,227180
1536,227212
1273,227244
682,227276
811,227308
223,227340
5,227372
0,227404
0,227436
215,227468
397,227500
664,227532
935,227564
1112,227596
1387,227628
2037,227660
1852,227692
2294,227724
1531,227756
1789,227788
1515,227820
875,227852
1049,227884
826,227916
244,227948
362,227980
153,228012
350,228044
619,228076
816,228108
1120,228140
1264,228172
1146,228204
1819,228236
1608,228268
2281,228300
2112,228332
1477,228364
1642,228396
1374,228428
842,228460
909,228492
346,228524
201,228556
0,228588
0,228620
494,228652
348,228684
574,228716
1160,228748
1022,228780
1294,228812
1853,228844
1757,228876
2349,228908
1742,228940
1879,228972
1600,229004
907,229036
1146,229068
909,229100
684,229132
457,229164
186,229196
287,229228
480,229260
348,229292
938,229324
808,229356
1062,229388
1257,229420
1514,229452
1800,229484
1852,229516
1669,229548
1435,229580
1207,229612
973,229644
678,229676
525,229708
720,229740
29,229772
219,229804
379,229836
253,229868
829,229900
1020,229932
1245,229964
1472,229996
1710,230028
2073,230060
2144,230092
2141,230124
1983,230156
1664,230188
1500,230220
1239,230252
621,230284
452,230316
512,230348
3,230380
121,230412
367,230444
331,230476
811,230508
686,230540
1005,230572
1146,230604
1433,230636
2077,230668
1896,230700
1805,230732
1900,230764
1338,230796
1115,230828
887,230860
655,230892
778,230924
111,230956
312,230988
236,231020
506,231052
698,231084
889,231116
1151,231148
1341,231180
1200,231212
1806,231244
1672,231276
1885,231308
1646,231340
1418,231372
1210,231404
956,231436
761,231468
583,231500
303,231532
124,231564
283,231596
0,231628
621,231660
348,231692
1049,231724
1241,231756
1063,231788
1696,231820
1934,231852
2122,231884
2271,231916
1997,231948
1881,231980
1518,232012
1259,232044
1113,232076
799,232108
232,232140
426,232172
0,232204
0,232236
569,232268
410,232300
1016,232332
1224,232364
1143,232396
1678,232428
1548,232460
1879,232492
2233,232524
1592,232556
1759,232588
1127,232620
905,232652
1032,232684
440,232716
255,232748
8,232780
0,232812
445,232844
605,232876
907,232908
1098,232940
1357,232972
1560,233004
1791,233036
2026,233068
2267,233100
2094,233132
1897,233164
1624,233196
1018,233228
1159,233260
559,233292
364,233324
108,233356
0,233388
0,233420
102,233452
376,233484
598,233516
820,233548
1048,233580
1199,233612
1499,233644
2189,233676
1903,233708
2143,233740
1867,233772
1568,233804
1389,233836
1120,233868
585,233900
664,233932
440,233964
313,233996
239,234028
475,234060
781,234092
927,234124
814,234156
1422,234188
1258,234220
1886,234252
2094,234284
1880,234316
1952,234348
1726,234380
1225,234412
991,234444
680,234476
549,234508
230,234540
58,234572
190,234604
17,234636
279,234668
456,234700
727,234732
957,234764
1464,234796
1415,234828
2012,234860
2238,234892
2232,234924
1952,234956
1756,234988
1484,235020
1213,235052
1019,235084
759,235116
168,235148
300,235180
0,235212
19,235244
237,235276
463,235308
718,235340
912,235372
1165,235404
1449,235436
1629,235468
1915,235500
2200,235532
1555,235564
1757,235596
1016,235628
1270,235660
992,235692
748,235724
536,235756
302,235788
0,235820
490,235852
682,235884
1019,235916
1131,235948
1328,235980
1645,236012
1791,236044
1662,236076
2335,236108
1644,236140
1852,236172
1582,236204
957,236236
1116,236268
860,236300
331,236332
151,236364
0,236396
0,236428
128,236460
410,236492
1019,236524
858,236556
1085,236588
1690,236620
1544,236652
1820,236684
2254,236716
1691,236748
1817,236780
1225,236812
1343,236844
1084,236876
888,236908
624,236940
395,236972
0,237004
350,237036
551,237068
809,237100
1000,237132
861,237164
1455,237196
1312,237228
1578,237260
1782,237292
1788,237324
1610,237356
1325,237388
1146,237420
923,237452
693,237484
461,237516
160,237548
20,237580
267,237612
425,237644
711,237676
893,237708
763,237740
1353,237772
1536,237804
1451,237836
2006,237868
2249,237900
2235,237932
1836,237964
1609,237996
1453,238028
1144,238060
975,238092
726,238124
110,238156
0,238188
187,238220
120,238252
391,238284
876,238316
840,238348
1327,238380
1200,238412
1529,238444
1662,238476
1944,238508
2112,238540
1468,238572
1278,238604
1374,238636
829,238668
603,238700
375,238732
141,238764
254,238796
0,238828
558,238860
760,238892
584,238924
1214,238956
1405,238988
1675,239020
1870,239052
1725,239084
2205,239116
1595,239148
1356,239180
1128,239212
904,239244
701,239276
443,239308
250,239340
72,239372
0,239404
31,239436
185,239468
476,239500
1133,239532
1287,239564
1566,239596
1769,239628
1577,239660
2223,239692
2217,239724
1607,239756
1752,239788
1468,239820
1351,239852
1017,239884
746,239916
591,239948
272,239980
0,240012
442,240044
237,240076
470,240108
1084,240140
918,240172
1207,240204
1742,240236
1667,240268
2205,240300
1707,240332
1565,240364
1244,240396
1068,240428
1239,240460
617,240492
392,240524
512,240556
0,240588
0,240620
123,240652
393,240684
967,240716
1118,240748
1421,240780
1624,240812
1437,240844
2092,240876
2304,240908
2072,240940
1836,240972
1561,241004
1368,241036
1100,241068
506,241100
637,241132
48,241164
0,241196
0,241228
166,241260
425,241292
612,241324
886,241356
1403,241388
1334,241420
1563,241452
2219,241484
1896,241516
2111,241548
1386,241580
1613,241612
1343,241644
756,241676
873,241708
608,241740
71,241772
134,241804
335,241836
681,241868
761,241900
990,241932
1296,241964
1450,241996
1323,242028
1952,242060
1776,242092
1821,242124
1902,242156
1354,242188
1432,242220
1200,242252
711,242284
745,242316
172,242348
30,242380
0,242412
74,242444
682,242476
520,242508
781,242540
971,242572
1240,242604
1469,242636
1996,242668
1943,242700
2172,242732
1483,242764
1694,242796
1432,242828
1229,242860
968,242892
700,242924
507,242956
239,242988
0,243020
427,243052
300,243084
522,243116
745,243148
970,243180
1229,243212
1434,243244
1690,243276
2266,243308
1675,243340
1492,243372
1671,243404
1030,243436
1229,243468
504,243500
747,243532
475,243564
0,243596
317,243628
553,243660
434,243692
1002,243724
1196,243756
1545,243788
1648,243820
1866,243852
2175,243884
2189,243916
1593,243948
1805,243980
1129,244012
904,244044
1065,244076
454,244108
601,244140
348,244172
0,244204
301,244236
190,244268
504,244300
635,244332
920,244364
1545,244396
1382,244428
1609,244460
2218,244492
1817,244524
1627,244556
1724,244588
1165,244620
1293,244652
988,244684
829,244716
568,244748
363,244780
174,244812
412,244844
638,244876
872,244908
1056,244940
1323,244972
1518,245004
1384,245036
1983,245068
1840,245100
1737,245132
1469,245164
1264,245196
1095,245228
814,245260
634,245292
411,245324
184,245356
0,245388
0,245420
141,245452
797,245484
554,245516
1227,245548
1417,245580
1274,245612
1881,245644
2074,245676
1961,245708
2048,245740
1818,245772
1695,245804
1306,245836
1084,245868
939,245900
631,245932
58,245964
202,245996
0,246028
184,246060
712,246092
634,246124
1160,246156
1391,246188
1356,246220
1854,246252
1722,246284
1918,246316
1592,246348
1416,246380
1582,246412
954,246444
766,246476
858,246508
314,246540
89,246572
117,246604
47,246636
622,246668
414,246700
1080,246732
1274,246764
1534,246796
1740,246828
1932,246860
2204,246892
2144,246924
1532,246956
1673,246988
1070,247020
842,247052
1086,247084
392,247116
198,247148
0,247180
0,247212
88,247244
266,247276
552,247308
688,247340
989,247372
1657,247404
1374,247436
2105,247468
2295,247500
1734,247532
1915,247564
1688,247596
1095,247628
1215,247660
943,247692
829,247724
489,247756
233,247788
267,247820
416,247852
303,247884
954,247916
748,247948
974,247980
1599,248012
1434,248044
2063,248076
2251,248108
1703,248140
1775,248172
1189,248204
1049,248236
732,248268
558,248300
717,248332
104,248364
0,248396
302,248428
183,248460
446,248492
990,248524
903,248556
1483,248588
1642,248620
1949,248652
2153,248684
2283,248716
2010,248748
1784,248780
1536,248812
1309,248844
1039,248876
846,248908
586,248940
6,248972
0,249004
0,249036
217,249068
410,249100
666,249132
936,249164
1116,249196
1397,249228
1934,249260
1862,249292
1837,249324
1530,249356
1371,249388
1581,249420
874,249452
1087,249484
824,249516
242,249548
359,249580
156,249612
91,249644
621,249676
855,249708
1195,249740
1275,249772
1513,249804
1823,249836
1978,249868
1839,249900
2111,249932
1469,249964
1631,249996
1374,250028
841,250060
909,250092
685,250124
199,250156
223,250188
0,250220
160,250252
302,250284
582,250316
1198,250348
1029,250380
1303,250412
1866,250444
1767,250476
1981,250508
2031,250540
1503,250572
1643,250604
1399,250636
1176,250668
910,250700
714,250732
448,250764
182,250796
296,250828
491,250860
360,250892
661,250924
809,250956
1036,250988
1260,251020
1496,251052
1754,251084
1818,251116
1613,251148
1737,251180
1148,251212
969,251244
1147,251276
521,251308
717,251340
3,251372
215,251404
381,251436
216,251468
831,251500
1068,251532
937,251564
1529,251596
1722,251628
2075,251660
2187,251692
2138,251724
1981,251756
1661,251788
1072,251820
1275,251852
618,251884
810,251916
554,251948
0,251980
157,252012
364,252044
299,252076
815,252108
698,252140
1015,252172
1607,252204
1434,252236
2073,252268
1896,252300
1757,252332
1898,252364
1291,252396
1112,252428
1196,252460
653,252492
775,252524
201,252556
303,252588
238,252620
505,252652
702,252684
936,252716
1152,252748
1390,252780
1581,252812
1464,252844
2047,252876
1883,252908
2029,252940
1408,252972
1210,253004
959,253036
751,253068
524,253100
300,253132
134,253164
0,253196
0,253228
204,253260
352,253292
654,253324
1309,253356
1065,253388
1757,253420
1947,253452
2126,253484
2269,253516
1993,253548
1431,253580
1516,253612
1293,253644
1176,253676
796,253708
573,253740
424,253772
103,253804
367,253836
572,253868
412,253900
694,253932
1215,253964
1146,253996
1679,254028
1918,254060
1881,254092
1863,254124
1530,254156
1389,254188
1068,254220
902,254252
1066,254284
442,254316
253,254348
334,254380
0,254412
111,254444
332,254476
559,254508
1144,254540
928,254572
1598,254604
1802,254636
2072,254668
2270,254700
2088,254732
1499,254764
1616,254796
1007,254828
1149,254860
557,254892
335,254924
105,254956
0,254988
0,255020
74,255052
327,255084
599,255116
777,255148
1049,255180
1210,255212
1512,255244
2198,255276
1881,255308
2140,255340
1863,255372
1613,255404
1387,255436
1162,255468
571,255500
700,255532
439,255564
315,255596
280,255628
478,255660
783,255692
937,255724
812,255756
1472,255788
1258,255820
1496,255852
2139,255884
1819,255916
1990,255948
1724,255980
1180,256012
1001,256044
680,256076
538,256108
231,256140
54,256172
183,256204
18,256236
247,256268
825,256300
695,256332
956,256364
1147,256396
1415,256428
2013,256460
2175,256492
2221,256524
1950,256556
1753,256588
1482,256620
1248,256652
650,256684
793,256716
523,256748
330,256780
140,256812
23,256844
603,256876
462,256908
719,256940
921,256972
1176,257004
1451,257036
1640,257068
1918,257100
2088,257132
1547,257164
1310,257196
1008,257228
859,257260
1063,257292
747,257324
571,257356
301,257388
0,257420
489,257452
684,257484
599,257516
1134,257548
1371,257580
1720,257612
1801,257644
2039,257676
2335,257708
2010,257740
1407,257772
1580,257804
954,257836
1113,257868
858,257900
328,257932
140,257964
171,257996
4,258028
475,258060
360,258092
679,258124
809,258156
1094,258188
1726,258220
1548,258252
1821,258284
1870,258316
1678,258348
1453,258380
1502,258412
989,258444
1120,258476
879,258508
652,258540
394,258572
0,258604
366,258636
553,258668
812,258700
1002,258732
861,258764
1469,258796
1326,258828
1560,258860
1786,258892
1766,258924
1551,258956
1294,258988
1094,259020
1210,259052
647,259084
467,259116
631,259148
16,259180
267,259212
427,259244
712,259276
895,259308
725,259340
1354,259372
1593,259404
1448,259436
2048,259468
2252,259500
2231,259532
1868,259564
1600,259596
1451,259628
1136,259660
567,259692
762,259724
108,259756
285,259788
221,259820
74,259852
359,259884
888,259916
808,259948
1337,259980
1210,260012
1528,260044
1664,260076
1934,260108
2119,260140
1463,260172
1241,260204
1360,260236
791,260268
599,260300
683,260332
139,260364
249,260396
4,260428
557,260460
762,260492
589,260524
1214,260556
1448,260588
1678,260620
1916,260652
2112,260684
2248,260716
1964,260748
1356,260780
1496,260812
896,260844
698,260876
442,260908
250,260940
60,260972
0,261004
39,261036
267,261068
489,261100
715,261132
1341,261164
1163,261196
1837,261228
1579,261260
2285,261292
2219,261324
1607,261356
1739,261388
1464,261420
910,261452
1000,261484
776,261516
656,261548
285,261580
127,261612
443,261644
590,261676
880,261708
1084,261740
924,261772
1208,261804
1744,261836
1668,261868
2216,261900
2076,261932
1564,261964
1596,261996
1008,262028
874,262060
559,262092
390,262124
542,262156
0,262188
0,262220
478,262252
395,262284
621,262316
843,262348
1071,262380
1664,262412
1439,262444
2126,262476
2304,262508
2107,262540
1834,262572
1561,262604
1357,262636
1099,262668
496,262700
635,262732
55,262764
0,262796
0,262828
135,262860
390,262892
583,262924
839,262956
1113,262988
1291,263020
1566,263052
2221,263084
1896,263116
2107,263148
1354,263180
1609,263212
1337,263244
698,263276
873,263308
648,263340
61,263372
169,263404
344,263436
683,263468
795,263500
992,263532
1296,263564
1451,263596
1326,263628
2006,263660
1786,263692
1757,263724
1932,263756
1292,263788
1454,263820
1196,263852
667,263884
735,263916
170,263948
28,263980
0,264012
75,264044
685,264076
522,264108
749,264140
1341,264172
1196,264204
1479,264236
1671,264268
1945,264300
2169,264332
1852,264364
1689,264396
1432,264428
1229,264460
960,264492
735,264524
506,264556
269,264588
204,264620
472,264652
667,264684
523,264716
1116,264748
976,264780
1231,264812
1437,264844
1701,264876
1958,264908
1663,264940
1481,264972
1257,265004
1031,265036
807,265068
496,265100
665,265132
541,265164
0,265196
365,265228
556,265260
436,265292
1005,265324
1198,265356
1115,265388
1660,265420
1899,265452
2255,265484
2187,265516
1950,265548
1805,265580
1482,265612
895,265644
1065,265676
446,265708
601,265740
336,265772
0,265804
304,265836
540,265868
505,265900
988,265932
872,265964
1190,265996
1320,266028
1609,266060
2254,266092
1816,266124
1625,266156
1352,266188
1163,266220
937,266252
986,266284
479,266316
600,266348
362,266380
208,266412
414,266444
680,266476
876,266508
1066,266540
1327,266572
1528,266604
1384,266636
1991,266668
1847,266700
1705,266732
1466,266764
1240,266796
1037,266828
778,266860
585,266892
407,266924
136,266956
0,266988
311,267020
152,267052
795,267084
524,267116
1225,267148
1417,267180
1239,267212
1883,267244
2125,267276
1959,267308
2092,267340
1817,267372
1534,267404
1339,267436
1082,267468
928,267500
620,267532
59,267564
244,267596
0,267628
544,267660
746,267692
588,267724
1197,267756
1401,267788
1320,267820
1854,267852
1736,267884
1913,267916
1582,267948
1416,267980
1579,268012
950,268044
727,268076
857,268108
269,268140
87,268172
151,268204
57,268236
631,268268
505,268300
1085,268332
1278,268364
1545,268396
1742,268428
1980,268460
2207,268492
2186,268524
1912,268556
1707,268588
1437,268620
842,268652
972,268684
392,268716
189,268748
0,268780
0,268812
103,268844
279,268876
551,268908
779,268940
998,268972
1227,269004
1385,269036
1691,269068
2375,269100
1734,269132
1963,269164
1679,269196
1083,269228
1213,269260
940,269292
703,269324
480,269356
268,269388
335,269420
425,269452
656,269484
959,269516
1112,269548
1405,269580
1610,269612
1435,269644
1734,269676
2249,269708
1693,269740
1772,269772
1545,269804
1038,269836
1080,269868
504,269900
365,269932
54,269964
0,269996
346,270028
183,270060
448,270092
992,270124
904,270156
1133,270188
1365,270220
1597,270252
2201,270284
1823,270316
2044,270348
1771,270380
1577,270412
1306,270444
1039,270476
843,270508
575,270540
2,270572
103,270604
0,270636
196,270668
411,270700
636,270732
900,270764
1094,270796
1351,270828
1638,270860
1806,270892
1836,270924
2013,270956
1367,270988
1579,271020
841,271052
1084,271084
815,271116
188,271148
349,271180
205,271212
396,271244
670,271276
860,271308
1197,271340
1310,271372
1517,271404
1833,271436
1978,271468
1850,271500
2153,271532
1464,271564
1240,271596
1405,271628
780,271660
939,271692
682,271724
157,271756
219,271788
0,271820
168,271852
747,271884
585,271916
1207,271948
1032,271980
1262,272012
1866,272044
1725,272076
1977,272108
1705,272140
1501,272172
1641,272204
1325,272236
1177,272268
906,272300
709,272332
440,272364
216,272396
302,272428
535,272460
727,272492
986,272524
1179,272556
1039,272588
1641,272620
1498,272652
1766,272684
1816,272716
1611,272748
1429,272780
1149,272812
968,272844
747,272876
518,272908
288,272940
1,272972
0,273004
448,273036
218,273068
889,273100
1071,273132
1262,273164
1527,273196
1726,273228
1637,273260
2190,273292
2168,273324
2047,273356
1657,273388
1424,273420
1275,273452
956,273484
384,273516
542,273548
0,273580
157,273612
368,273644
298,273676
825,273708
1059,273740
1016,273772
1245,273804
1384,273836
1708,273868
1848,273900
1756,273932
1932,273964
1290,273996
1100,274028
838,274060
647,274092
425,274124
464,274156
0,274188
280,274220
505,274252
736,274284
938,274316
1198,274348
1392,274380
1583,274412
1854,274444
2058,274476
1881,274508
2016,274540
1407,274572
1182,274604
943,274636
720,274668
526,274700
268,274732
74,274764
0,274796
0,274828
210,274860
827,274892
663,274924
1310,274956
1036,274988
1753,275020
1961,275052
2169,275084
2267,275116
2031,275148
1429,275180
1562,275212
1290,275244
1165,275276
826,275308
571,275340
414,275372
91,275404
0,275436
608,275468
413,275500
1065,275532
1259,275564
1096,275596
1720,275628
1929,275660
1848,275692
1856,275724
1520,275756
1384,275788
1068,275820
900,275852
1054,275884
440,275916
219,275948
334,275980
0,276012
119,276044
650,276076
569,276108
1147,276140
1019,276172
1609,276204
1804,276236
2075,276268
2280,276300
2123,276332
1498,276364
1656,276396
1376,276428
1180,276460
920,276492
329,276524
459,276556
0,276588
0,276620
75,276652
330,276684
600,276716
780,276748
1052,276780
1291,276812
1511,276844
1752,276876
1872,276908
1717,276940
1931,276972
1609,277004
1431,277036
1161,277068
571,277100
697,277132
459,277164
0,277196
286,277228
511,277260
860,277292
939,277324
1165,277356
1481,277388
1628,277420
1498,277452
2143,277484
1818,277516
1640,277548
1728,277580
1176,277612
987,277644
1020,277676
536,277708
558,277740
2,277772
0,277804
0,277836
248,277868
860,277900
695,277932
965,277964
1514,277996
1419,278028
1657,278060
1895,278092
1855,278124
1984,278156
1296,278188
1514,278220
1246,278252
618,278284
792,278316
525,278348
327,278380
142,278412
24,278444
606,278476
464,278508
701,278540
924,278572
1150,278604
1413,278636
1614,278668
1878,278700
1781,278732
1484,278764
1306,278796
1006,278828
855,278860
1053,278892
733,278924
571,278956
297,278988
0,279020
495,279052
734,279084
604,279116
1184,279148
1375,279180
1723,279212
1840,279244
2044,279276
2329,279308
2008,279340
1407,279372
1625,279404
954,279436
730,279468
889,279500
281,279532
103,279564
168,279596
0,279628
475,279660
364,279692
679,279724
814,279756
1096,279788
1725,279820
1557,279852
1789,279884
2250,279916
1639,279948
1448,279980
1176,280012
987,280044
1115,280076
811,280108
653,280140
384,280172
0,280204
362,280236
592,280268
814,280300
1050,280332
1240,280364
1503,280396
1705,280428
1563,280460
2170,280492
1759,280524
1560,280556
1290,280588
1086,280620
917,280652
636,280684
465,280716
235,280748
16,280780
0,280812
487,280844
316,280876
969,280908
732,280940
1403,280972
1595,281004
1460,281036
2063,281068
2265,281100
1781,281132
1866,281164
1632,281196
1515,281228
1133,281260
908,281292
761,281324
448,281356
0,281388
233,281420
80,281452
362,281484
889,281516
808,281548
1339,281580
1578,281612
1531,281644
2031,281676
1870,281708
1737,281740
1405,281772
1230,281804
1402,281836
775,281868
599,281900
328,281932
139,281964
0,281996
278,282028
223,282060
798,282092
589,282124
1260,282156
1450,282188
1723,282220
1920,282252
2112,282284
2238,282316
1965,282348
1351,282380
1488,282412
895,282444
668,282476
432,282508
218,282540
23,282572
0,282604
2,282636
555,282668
443,282700
721,282732
1339,282764
1173,282796
1847,282828
1560,282860
2286,282892
2207,282924
1555,282956
1736,282988
1502,283020
915,283052
1038,283084
768,283116
651,283148
312,283180
137,283212
445,283244
601,283276
475,283308
1135,283340
924,283372
1160,283404
1789,283436
1613,283468
2253,283500
2073,283532
1523,283564
1595,283596
1006,283628
873,283660
556,283692
389,283724
539,283756
0,283788
0,283820
478,283852
359,283884
621,283916
1164,283948
1081,283980
1673,284012
1824,284044
2139,284076
2300,284108
2093,284140
1824,284172
1596,284204
1356,284236
1130,284268
863,284300
670,284332
400,284364
0,284396
265,284428
139,284460
392,284492
585,284524
843,284556
1116,284588
1292,284620
1576,284652
1815,284684
1894,284716
1659,284748
1342,284780
1193,284812
1401,284844
688,284876
921,284908
637,284940
60,284972
155,285004
348,285036
267,285068
798,285100
1024,285132
1372,285164
1456,285196
1693,285228
2011,285260
2158,285292
1757,285324
1930,285356
1291,285388
1115,285420
1196,285452
664,285484
720,285516
508,285548
24,285580
135,285612
28,285644
343,285676
474,285708
759,285740
1376,285772
1208,285804
1482,285836
2042,285868
1949,285900
1801,285932
1853,285964
1325,285996
1456,286028
784,286060
990,286092
732,286124
536,286156
270,286188
208,286220
475,286252
670,286284
541,286316
1119,286348
986,286380
1212,286412
1940,286444
1676,286476
1901,286508
1644,286540
1435,286572
1254,286604
968,286636
795,286668
493,286700
349,286732
534,286764
0,286796
366,286828
559,286860
391,286892
1007,286924
1246,286956
1113,286988
1710,287020
1903,287052
2253,287084
2217,287116
1950,287148
1801,287180
1481,287212
895,287244
1099,287276
441,287308
218,287340
366,287372
0,287404
336,287436
551,287468
473,287500
990,287532
873,287564
1192,287596
1324,287628
1613,287660
2265,287692
1805,287724
1591,287756
1720,287788
1116,287820
935,287852
1008,287884
473,287916
591,287948
298,287980
215,288012
426,288044
681,288076
876,288108
1112,288140
1338,288172
1568,288204
1768,288236
2032,288268
2237,288300
1703,288332
1545,288364
1232,288396
1032,288428
778,288460
584,288492
405,288524
124,288556
0,288588
207,288620
152,288652
379,288684
528,288716
827,288748
1487,288780
1240,288812
1935,288844
2127,288876
1948,288908
2089,288940
1807,288972
1256,289004
1339,289036
1115,289068
1003,289100
620,289132
398,289164
135,289196
254,289228
143,289260
748,289292
589,289324
1198,289356
1401,289388
1320,289420
1856,289452
2107,289484
1914,289516
1946,289548
1351,289580
1213,289612
888,289644
718,289676
888,289708
266,289740
76,289772
140,289804
56,289836
285,289868
782,289900
735,289932
1322,289964
1549,289996
1788,290028
1982,290060
2255,290092
2184,290124
1903,290156
1705,290188
1434,290220
842,290252
685,290284
380,290316
156,290348
0,290380
0,290412
56,290444
248,290476
503,290508
1068,290540
953,290572
1235,290604
1879,290636
1692,290668
2377,290700
1705,290732
1960,290764
1677,290796
1035,290828
1211,290860
986,290892
403,290924
511,290956
252,290988
341,291020
459,291052
655,291084
969,291116
1114,291148
987,291180
1658,291212
1439,291244
2112,291276
2281,291308
1640,291340
1802,291372
1535,291404
1001,291436
1068,291468
494,291500
362,291532
487,291564
0,291596
343,291628
196,291660
423,291692
1002,291724
871,291756
1135,291788
1693,291820
1597,291852
2201,291884
1913,291916
2041,291948
1770,291980
1565,292012
1296,292044
1072,292076
844,292108
608,292140
350,292172
0,292204
328,292236
191,292268
783,292300
640,292332
903,292364
1100,292396
1354,292428
1637,292460
1820,292492
1834,292524
1597,292556
1367,292588
1143,292620
832,292652
683,292684
879,292716
187,292748
395,292780
206,292812
406,292844
669,292876
862,292908
777,292940
1312,292972
1552,293004
1904,293036
1981,293068
2220,293100
2144,293132
1824,293164
1662,293196
1402,293228
778,293260
604,293292
681,293324
154,293356
215,293388
201,293420
171,293452
399,293484
548,293516
846,293548
985,293580
1271,293612
1913,293644
1733,293676
1975,293708
2061,293740
1501,293772
1275,293804
1037,293836
813,293868
938,293900
271,293932
472,293964
206,293996
344,294028
540,294060
730,294092
620,294124
1196,294156
1040,294188
1643,294220
1504,294252
1738,294284
1807,294316
1579,294348
1372,294380
1114,294412
919,294444
734,294476
462,294508
283,294540
0,294572
0,294604
457,294636
196,294668
891,294700
1083,294732
1293,294764
1535,294796
1772,294828
1639,294860
2240,294892
2167,294924
2043,294956
1690,294988
1422,295020
1275,295052
959,295084
384,295116
584,295148
0,295180
0,295212
413,295244
264,295276
859,295308
1055,295340
983,295372
1255,295404
1386,295436
1709,295468
1852,295500
1754,295532
1929,295564
1286,295596
1063,295628
1184,295660
603,295692
423,295724
153,295756
0,295788
283,295820
445,295852
745,295884
940,295916
1207,295948
1400,295980
1632,296012
1469,296044
2103,296076
2263,296108
2059,296140
1787,296172
1178,296204
1312,296236
727,296268
524,296300
266,296332
72,296364
0,296396
0,296428
217,296460
730,296492
664,296524
891,296556
1040,296588
1340,296620
2027,296652
2176,296684
2313,296716
2030,296748
1419,296780
1551,296812
1278,296844
742,296876
825,296908
599,296940
479,296972
87,297004
317,297036
621,297068
766,297100
650,297132
1262,297164
1100,297196
1722,297228
1931,297260
1848,297292
1851,297324
1896,297356
1384,297388
1408,297420
838,297452
701,297484
380,297516
216,297548
360,297580
0,297612
119,297644
302,297676
570,297708
797,297740
1306,297772
1253,297804
1848,297836
2077,297868
2318,297900
2123,297932
1469,297964
1646,297996
1374,298028
1179,298060
912,298092
326,298124
458,298156
0,298188
0,298220
79,298252
302,298284
566,298316
761,298348
1016,298380
1591,298412
1468,298444
1753,298476
2365,298508
1718,298540
1927,298572
1599,298604
1422,298636
1159,298668
529,298700
687,298732
463,298764
0,298796
329,298828
522,298860
861,298892
972,298924
1176,298956
1483,298988
1629,299020
1501,299052
2188,299084
1806,299116
2014,299148
1753,299180
1114,299212
941,299244
1020,299276
491,299308
558,299340
0,299372
0,299404
0,299436
264,299468
861,299500
700,299532
925,299564
1516,299596
1383,299628
1659,299660
2220,299692
1849,299724
1983,299756
1384,299788
1503,299820
1244,299852
618,299884
778,299916
556,299948
320,299980
184,300012
382,300044
648,300076
845,300108
702,300140
1294,300172
1162,300204
1417,300236
1615,300268
1881,300300
1770,300332
1482,300364
1305,300396
1079,300428
854,300460
622,300492
793,300524
171,300556
363,300588
0,300620
553,300652
735,300684
605,300716
1193,300748
1386,300780
1291,300812
1839,300844
2088,300876
2397,300908
1999,300940
1772,300972
1623,301004
1292,301036
1136,301068
886,301100
270,301132
104,301164
167,301196
43,301228
487,301260
715,301292
683,301324
1166,301356
1040,301388
1369,301420
1498,301452
1790,301484
2281,301516
1628,301548
1445,301580
1534,301612
983,301644
763,301676
535,301708
301,301740
424,301772
0,301804
398,301836
602,301868
858,301900
1054,301932
1242,301964
1511,301996
1708,302028
1563,302060
2172,302092
1753,302124
1518,302156
1289,302188
1064,302220
870,302252
605,302284
409,302316
233,302348
0,302380
0,302412
491,302444
327,302476
974,302508
710,302540
1405,302572
1599,302604
1416,302636
2063,302668
2303,302700
1770,302732
1912,302764
1628,302796
1511,302828
1163,302860
906,302892
752,302924
445,302956
0,302988
280,303020
88,303052
322,303084
924,303116
760,303148
1373,303180
1580,303212
1498,303244
2042,303276
1870,303308
1737,303340
1403,303372
1227,303404
1401,303436
776,303468
551,303500
680,303532
93,303564
0,303596
0,303628
233,303660
809,303692
958,303724
1261,303756
1462,303788
1725,303820
1930,303852
2159,303884
2236,303916
1999,303948
1723,303980
1527,304012
1258,304044
666,304076
797,304108
208,304140
19,304172
0,304204
4,304236
267,304268
444,304300
727,304332
955,304364
1176,304396
1405,304428
1562,304460
1870,304492
2271,304524
1546,304556
1785,304588
1513,304620
916,304652
1024,304684
764,304716
231,304748
311,304780
170,304812
522,304844
602,304876
830,304908
1143,304940
1280,304972
1163,305004
1790,305036
1615,305068
2255,305100
2064,305132
1514,305164
1594,305196
1369,305228
872,305260
895,305292
330,305324
189,305356
0,305388
0,305420
512,305452
360,305484
633,305516
824,305548
1082,305580
1311,305612
1834,305644
1773,305676
2334,305708
2093,305740
1864,305772
1592,305804
1390,305836
1128,305868
860,305900
667,305932
407,305964
0,305996
270,306028
140,306060
364,306092
590,306124
812,306156
1071,306188
1274,306220
1527,306252
1816,306284
1835,306316
1655,306348
1836,306380
1192,306412
1389,306444
664,306476
907,306508
637,306540
21,306572
153,306604
394,306636
274,306668
846,306700
1036,306732
1227,306764
1496,306796
1695,306828
2014,306860
2155,306892
1755,306924
1976,306956
1289,306988
1484,307020
1226,307052
611,307084
761,307116
506,307148
0,307180
137,307212
38,307244
345,307276
478,307308
762,307340
1385,307372
1221,307404
1447,307436
2048,307468
1913,307500
1790,307532
1887,307564
1325,307596
1453,307628
873,307660
987,307692
728,307724
527,307756
268,307788
251,307820
476,307852
714,307884
904,307916
1162,307948
1356,307980
1214,308012
1822,308044
1679,308076
1896,308108
1630,308140
1424,308172
1245,308204
971,308236
795,308268
571,308300
344,308332
109,308364
0,308396
0,308428
637,308460
392,308492
1071,308524
1255,308556
1117,308588
1721,308620
1912,308652
2139,308684
2218,308716
1982,308748
1867,308780
1479,308812
1246,308844
1097,308876
784,308908
621,308940
364,308972
0,309004
27,309036
544,309068
474,309100
992,309132
1230,309164
1194,309196
1690,309228
1563,309260
1895,309292
1752,309324
1577,309356
1752,309388
1112,309420
925,309452
1016,309484
473,309516
250,309548
24,309580
0,309612
458,309644
254,309676
920,309708
1114,309740
1374,309772
1580,309804
1770,309836
2043,309868
2238,309900
1693,309932
1838,309964
1229,309996
1004,310028
776,310060
550,310092
357,310124
100,310156
0,310188
0,310220
107,310252
382,310284
1005,310316
839,310348
1496,310380
1220,310412
1935,310444
2137,310476
1896,310508
2087,310540
1852,310572
1564,310604
1375,310636
1112,310668
990,310700
649,310732
384,310764
233,310796
255,310828
140,310860
794,310892
592,310924
823,310956
1438,310988
1272,311020
1902,311052
2111,311084
1864,311116
1936,311148
1344,311180
1207,311212
1339,311244
718,311276
877,311308
265,311340
43,311372
139,311404
24,311436
295,311468
476,311500
745,311532
1321,311564
1484,311596
1789,311628
1992,311660
2261,311692
2172,311724
1944,311756
1706,311788
1469,311820
1207,311852
1004,311884
744,311916
156,311948
283,311980
0,312012
58,312044
253,312076
506,312108
787,312140
956,312172
1238,312204
1464,312236
1694,312268
1931,312300
1690,312332
1531,312364
1751,312396
1032,312428
1247,312460
976,312492
700,312524
521,312556
250,312588
0,312620
463,312652
698,312684
1049,312716
1103,312748
1352,312780
1659,312812
1808,312844
1679,312876
2272,312908
1629,312940
1800,312972
1533,313004
998,313036
1067,313068
846,313100
360,313132
137,313164
0,313196
10,313228
587,313260
424,313292
1038,313324
872,313356
1143,313388
1326,313420
1607,313452
1835,313484
2201,313516
1673,313548
1806,313580
1565,313612
1338,313644
1068,313676
872,313708
616,313740
346,313772
133,313804
330,313836
200,313868
784,313900
649,313932
878,313964
1101,313996
1328,314028
1594,314060
1790,314092
1783,314124
1592,314156
1308,314188
1138,314220
1303,314252
682,314284
875,314316
153,314348
382,314380
219,314412
440,314444
671,314476
908,314508
788,314540
1360,314572
1560,314604
1911,314636
2016,314668
2224,314700
2144,314732
1822,314764
1228,314796
1438,314828
777,314860
968,314892
712,314924
102,314956
238,314988
206,315020
137,315052
407,315084
540,315116
856,315148
988,315180
1273,315212
1913,315244
1735,315276
1927,315308
2062,315340
1453,315372
1271,315404
1357,315436
811,315468
933,315500
361,315532
473,315564
206,315596
345,315628
542,315660
775,315692
621,315724
1229,315756
1419,315788
1689,315820
1886,315852
1739,315884
2189,315916
1578,315948
1381,315980
1113,316012
920,316044
732,316076
460,316108
282,316140
59,316172
0,316204
44,316236
200,316268
493,316300
1149,316332
1294,316364
1583,316396
1775,316428
1641,316460
2247,316492
2158,316524
1595,316556
1679,316588
1452,316620
1337,316652
957,316684
731,316716
583,316748
271,316780
205,316812
410,316844
252,316876
538,316908
1065,316940
984,316972
1259,317004
1758,317036
1719,317068
2220,317100
1690,317132
1561,317164
1226,317196
1062,317228
1226,317260
600,317292
414,317324
496,317356
0,317388
0,317420
171,317452
399,317484
976,317516
766,317548
1436,317580
1632,317612
1453,317644
2108,317676
2253,317708
2056,317740
1785,317772
1167,317804
1310,317836
717,317868
492,317900
256,317932
42,317964
0,317996
0,318028
170,318060
440,318092
619,318124
892,318156
1040,318188
1351,318220
2027,318252
2175,318284
2300,318316
2027,318348
1371,318380
1549,318412
1320,318444
740,318476
859,318508
598,318540
473,318572
105,318604
319,318636
624,318668
777,318700
654,318732
1309,318764
1102,318796
1336,318828
1976,318860
1800,318892
1815,318924
1884,318956
1336,318988
1407,319020
832,319052
696,319084
379,319116
206,319148
361,319180
0,319212
88,319244
666,319276
536,319308
797,319340
984,319372
1255,319404
1851,319436
2010,319468
2317,319500
2122,319532
1468,319564
1646,319596
1416,319628
1178,319660
953,319692
680,319724
492,319756
224,319788
0,319820
443,319852
313,319884
580,319916
760,319948
1016,319980
1292,320012
1470,320044
1757,320076
2252,320108
1707,320140
1478,320172
1655,320204
1017,320236
1216,320268
520,320300
733,320332
463,320364
0,320396
331,320428
526,320460
443,320492
974,320524
1212,320556
1552,320588
1640,320620
1872,320652
2201,320684
2175,320716
1578,320748
1742,320780
1114,320812
940,320844
1008,320876
488,320908
557,320940
332,320972
0,321004
317,321036
204,321068
521,321100
654,321132
936,321164
1560,321196
1385,321228
1658,321260
1850,321292
1849,321324
1613,321356
1674,321388
1149,321420
1288,321452
616,321484
812,321516
558,321548
350,321580
188,321612
393,321644
652,321676
844,321708
711,321740
1306,321772
1164,321804
1390,321836
1624,321868
1854,321900
1720,321932
1452,321964
1257,321996
1372,322028
803,322060
617,322092
791,322124
168,322156
351,322188
0,322220
551,322252
735,322284
569,322316
1193,322348
1432,322380
1299,322412
1888,322444
2091,322476
2393,322508
2030,322540
1769,322572
1613,322604
1294,322636
717,322668
922,322700
266,322732
45,322764
185,322796
0,322828
511,322860
720,322892
647,322924
1176,322956
1051,322988
1372,323020
1512,323052
1799,323084
2270,323116
1626,323148
1399,323180
1528,323212
939,323244
759,323276
843,323308
301,323340
411,323372
101,323404
407,323436
602,323468
859,323500
1054,323532
1280,323564
1515,323596
1754,323628
1948,323660
2221,323692
2128,323724
1517,323756
1659,323788
1054,323820
858,323852
602,323884
408,323916
229,323948
0,323980
0,324012
107,324044
329,324076
557,324108
714,324140
1003,324172
1679,324204
1423,324236
2123,324268
2313,324300
1768,324332
1901,324364
1627,324396
1071,324428
1161,324460
937,324492
815,324524
442,324556
219,324588
282,324620
430,324652
318,324684
928,324716
764,324748
1050,324780
1580,324812
1501,324844
2044,324876
2237,324908
1725,324940
1758,324972
1176,325004
1035,325036
714,325068
544,325100
702,325132
90,325164
0,325196
318,325228
234,325260
863,325292
969,325324
917,325356
1500,325388
1289,325420
1965,325452
2170,325484
2270,325516
1996,325548
1710,325580
1518,325612
1258,325644
656,325676
795,325708
205,325740
0,325772
195,325804
0,325836
232,325868
424,325900
681,325932
952,325964
1125,325996
1413,326028
1566,326060
1879,326092
2270,326124
1514,326156
1771,326188
1497,326220
856,326252
1035,326284
797,326316
232,326348
344,326380
180,326412
520,326444
638,326476
840,326508
1146,326540
1291,326572
1164,326604
1838,326636
1626,326668
1863,326700
2104,326732
1452,326764
1624,326796
1358,326828
827,326860
895,326892
329,326924
185,326956
0,326988
0,327020
524,327052
360,327084
600,327116
1180,327148
1047,327180
1319,327212
1880,327244
1783,327276
2333,327308
2016,327340
1853,327372
1592,327404
1389,327436
1120,327468
892,327500
668,327532
440,327564
170,327596
313,327628
507,327660
368,327692
669,327724
825,327756
1072,327788
1275,327820
1532,327852
1818,327884
1832,327916
1653,327948
1722,327980
1181,328012
956,328044
656,328076
505,328108
701,328140
19,328172
199,328204
395,328236
276,328268
855,328300
1040,328332
951,328364
1496,328396
1738,328428
2089,328460
2171,328492
2122,328524
1965,328556
1644,328588
1062,328620
1216,328652
604,328684
750,328716
504,328748
0,328780
139,328812
380,328844
348,328876
830,328908
710,328940
1022,328972
1164,329004
1450,329036
2092,329068
1914,329100
1787,329132
1882,329164
1319,329196
1099,329228
1147,329260
637,329292
762,329324
523,329356
288,329388
256,329420
520,329452
718,329484
908,329516
1164,329548
1360,329580
1216,329612
1528,329644
1680,329676
1868,329708
1628,329740
1400,329772
1194,329804
940,329836
744,329868
856,329900
292,329932
116,329964
267,329996
0,330028
637,330060
365,330092
1069,330124
1259,330156
1079,330188
1721,330220
1960,330252
1816,330284
2253,330316
1979,330348
1863,330380
1502,330412
1244,330444
1087,330476
782,330508
208,330540
407,330572
0,330604
381,330636
588,330668
426,330700
1037,330732
1240,330764
1160,330796
1694,330828
1564,330860
1899,330892
2215,330924
1575,330956
1741,330988
1102,331020
887,331052
1007,331084
425,331116
247,331148
319,331180
0,331212
461,331244
350,331276
921,331308
1116,331340
1376,331372
1580,331404
1817,331436
2044,331468
2285,331500
2077,331532
1484,331564
1599,331596
1000,331628
1136,331660
542,331692
345,331724
89,331756
0,331788
0,331820
119,331852
391,331884
619,331916
839,331948
1065,331980
1224,332012
1517,332044
2208,332076
1896,332108
2126,332140
1849,332172
1552,332204
1373,332236
1100,332268
557,332300
638,332332
416,332364
297,332396
265,332428
495,332460
797,332492
944,332524
1244,332556
1440,332588
1277,332620
1562,332652
2110,332684
1862,332716
1936,332748
1705,332780
1209,332812
973,332844
654,332876
525,332908
214,332940
43,332972
163,333004
25,333036
297,333068
832,333100
747,333132
973,333164
1203,333196
1435,333228
2028,333260
1806,333292
2214,333324
1944,333356
1740,333388
1466,333420
1197,333452
632,333484
733,333516
152,333548
281,333580
0,333612
29,333644
255,333676
484,333708
742,333740
935,333772
1192,333804
1465,333836
1646,333868
1944,333900
1688,333932
1530,333964
1726,333996
998,334028
1243,334060
973,334092
731,334124
509,334156
284,334188
0,334220
508,334252
700,334284
1037,334316
1150,334348
1354,334380
1664,334412
1818,334444
1679,334476
2316,334508
1628,334540
1400,334572
1567,334604
938,334636
1096,334668
846,334700
315,334732
124,334764
0,334796
8,334828
144,334860
426,334892
1037,334924
872,334956
1110,334988
1696,335020
1563,335052
1837,335084
1864,335116
1671,335148
1803,335180
1485,335212
1325,335244
1066,335276
871,335308
606,335340
380,335372
0,335404
364,335436
570,335468
829,335500
1017,335532
879,335564
1480,335596
1338,335628
1597,335660
1802,335692
1772,335724
1593,335756
1306,335788
1129,335820
1197,335852
680,335884
453,335916
151,335948
4,335980
285,336012
441,336044
729,336076
912,336108
791,336140
1373,336172
1562,336204
1469,336236
2028,336268
2268,336300
2207,336332
1820,336364
1594,336396
1437,336428
1128,336460
551,336492
702,336524
95,336556
237,336588
207,336620
141,336652
407,336684
893,336716
857,336748
1343,336780
1222,336812
1549,336844
1678,336876
1926,336908
2094,336940
1452,336972
1271,337004
988,337036
811,337068
587,337100
634,337132
125,337164
232,337196
345,337228
584,337260
776,337292
700,337324
1230,337356
1421,337388
1694,337420
1888,337452
1741,337484
2175,337516
1566,337548
1340,337580
1113,337612
878,337644
683,337676
427,337708
232,337740
336,337772
0,337804
53,337836
667,337868
502,337900
1149,337932
1296,337964
1591,337996
1775,338028
1594,338060
2249,338092
2192,338124
1592,338156
1723,338188
1449,338220
1325,338252
983,338284
729,338316
572,338348
266,338380
0,338412
456,338444
255,338476
903,338508
1101,338540
936,338572
1211,338604
1760,338636
1687,338668
2224,338700
1678,338732
1547,338764
1224,338796
1050,338828
1211,338860
599,338892
375,338924
496,338956
0,338988
0,339020
489,339052
409,339084
985,339116
857,339148
1439,339180
1642,339212
1452,339244
2106,339276
2286,339308
2047,339340
1817,339372
1545,339404
1344,339436
1080,339468
488,339500
621,339532
31,339564
0,339596
0,339628
174,339660
445,339692
623,339724
903,339756
1131,339788
1352,339820
1582,339852
2237,339884
1880,339916
2093,339948
1360,339980
1595,340012
1323,340044
730,340076
857,340108
584,340140
59,340172
103,340204
360,340236
711,340268
782,340300
1008,340332
1321,340364
1466,340396
1772,340428
1978,340460
1801,340492
1802,340524
1882,340556
1337,340588
1404,340620
1180,340652
695,340684
720,340716
152,340748
18,340780
0,340812
88,340844
698,340876
536,340908
807,340940
1352,340972
1257,341004
1495,341036
1722,341068
1961,341100
2154,341132
1465,341164
1678,341196
1408,341228
1212,341260
940,341292
683,341324
490,341356
219,341388
0,341420
447,341452
315,341484
542,341516
763,341548
999,341580
1255,341612
1449,341644
1709,341676
1942,341708
1654,341740
1466,341772
1659,341804
1014,341836
1212,341868
486,341900
731,341932
458,341964
0,341996
335,342028
571,342060
441,342092
1020,342124
1213,342156
1560,342188
1675,342220
1883,342252
2201,342284
2172,342316
1575,342348
1786,342380
1113,342412
886,342444
1049,342476
429,342508
587,342540
331,342572
0,342604
318,342636
207,342668
512,342700
663,342732
938,342764
1563,342796
1384,342828
1628,342860
2235,342892
1803,342924
1608,342956
1336,342988
1145,343020
1273,343052
971,343084
809,343116
554,343148
348,343180
200,343212
430,343244
654,343276
888,343308
1069,343340
1341,343372
1535,343404
1402,343436
2000,343468
1864,343500
1712,343532
1451,343564
1248,343596
1066,343628
794,343660
617,343692
395,343724
158,343756
0,343788
0,343820
155,343852
815,343884
572,343916
1241,343948
1434,343980
1300,344012
1901,344044
2094,344076
1941,344108
2028,344140
1805,344172
1679,344204
1292,344236
1070,344268
921,344300
606,344332
41,344364
184,344396
0,344428
526,344460
728,344492
651,344524
1177,344556
1416,344588
1369,344620
1881,344652
1742,344684
1901,344716
1566,344748
1398,344780
1566,344812
936,344844
749,344876
486,344908
296,344940
73,344972
89,345004
71,345036
638,345068
861,345100
1096,345132
1294,345164
1561,345196
1758,345228
1951,345260
2223,345292
2125,345324
1514,345356
1657,345388
1052,345420
826,345452
600,345484
375,345516
173,345548
0,345580
0,345612
106,345644
293,345676
564,345708
1181,345740
1013,345772
1685,345804
1392,345836
2124,345868
2317,345900
1717,345932
1899,345964
1663,345996
1075,346028
1198,346060
928,346092
666,346124
472,346156
207,346188
288,346220
440,346252
319,346284
973,346316
767,346348
1420,346380
1624,346412
1449,346444
2091,346476
2235,346508
1677,346540
1759,346572
1166,346604
1032,346636
714,346668
540,346700
699,346732
84,346764
0,346796
320,346828
199,346860
471,346892
1008,346924
919,346956
1503,346988
1373,347020
1977,347052
2172,347084
2267,347116
1996,347148
1756,347180
1518,347212
1290,347244
1021,347276
827,347308
567,347340
0,347372
85,347404
0,347436
238,347468
425,347500
684,347532
954,347564
1134,347596
1415,347628
1645,347660
1880,347692
1820,347724
1514,347756
1353,347788
1563,347820
856,347852
1069,347884
798,347916
220,347948
333,347980
184,348012
410,348044
638,348076
874,348108
1212,348140
1292,348172
1532,348204
1839,348236
1996,348268
2301,348300
2094,348332
1452,348364
1276,348396
1355,348428
824,348460
893,348492
668,348524
184,348556
192,348588
0,348620
185,348652
316,348684
600,348716
1216,348748
1048,348780
1319,348812
1882,348844
1784,348876
1961,348908
1723,348940
1495,348972
1616,349004
942,349036
1150,349068
892,349100
696,349132
428,349164
160,349196
314,349228
508,349260
375,349292
968,349324
1328,349356
1053,349388
1277,349420
1512,349452
1770,349484
1806,349516
1592,349548
1405,349580
1133,349612
953,349644
1127,349676
501,349708
699,349740
0,349772
183,349804
397,349836
243,349868
859,349900
1086,349932
1262,349964
1546,349996
1738,350028
2088,350060
2206,350092
2111,350124
1961,350156
1643,350188
1055,350220
1259,350252
600,350284
378,350316
535,350348
0,350380
172,350412
379,350444
313,350476
832,350508
714,350540
1024,350572
1623,350604
1452,350636
2105,350668
1914,350700
1751,350732
1880,350764
1272,350796
1095,350828
823,350860
637,350892
751,350924
448,350956
287,350988
264,351020
525,351052
718,351084
952,351116
1168,351148
1407,351180
1599,351212
1870,351244
2064,351276
1864,351308
2008,351340
1392,351372
1192,351404
938,351436
744,351468
565,351500
284,351532
104,351564
0,351596
3,351628
231,351660
368,351692
669,351724
1325,351756
1082,351788
1771,351820
1965,351852
2155,351884
2249,351916
1978,351948
1413,351980
1499,352012
1274,352044
1151,352076
778,352108
556,352140
399,352172
71,352204
0,352236
588,352268
432,352300
1038,352332
1242,352364
1162,352396
1696,352428
1936,352460
1901,352492
1839,352524
1512,352556
1373,352588
1049,352620
887,352652
1040,352684
424,352716
237,352748
0,352780
0,352812
125,352844
624,352876
583,352908
1160,352940
1385,352972
1624,353004
1819,353036
2090,353068
2286,353100
2064,353132
1872,353164
1597,353196
1000,353228
1131,353260
537,353292
316,353324
88,353356
0,353388
0,353420
90,353452
348,353484
617,353516
795,353548
1066,353580
1707,353612
1528,353644
2214,353676
1864,353708
2121,353740
1847,353772
1595,353804
1371,353836
1144,353868
563,353900
682,353932
413,353964
283,353996
299,354028
496,354060
800,354092
952,354124
829,354156
1488,354188
1278,354220
1948,354252
2156,354284
1800,354316
1966,354348
1696,354380
1160,354412
983,354444
654,354476
521,354508
205,354540
33,354572
165,354604
28,354636
263,354668
842,354700
712,354732
974,354764
1530,354796
1433,354828
2039,354860
1903,354892
2203,354924
1933,354956
1735,354988
1466,355020
1232,355052
624,355084
768,355116
508,355148
312,355180
169,355212
41,355244
621,355276
480,355308
744,355340
939,355372
1194,355404
1469,355436
1656,355468
1943,355500
1758,355532
1526,355564
1291,355596
991,355628
839,355660
1039,355692
729,355724
555,355756
283,355788
0,355820
509,355852
702,355884
621,355916
1159,355948
1389,355980
1739,356012
1819,356044
2058,356076
2315,356108
1993,356140
1824,356172
1562,356204
938,356236
770,356268
841,356300
314,356332
122,356364
162,356396
22,356428
493,356460
374,356492
687,356524
828,356556
1114,356588
1744,356620
1564,356652
1847,356684
2235,356716
1661,356748
1433,356780
1196,356812
969,356844
1100,356876
430,356908
636,356940
376,356972
0,357004
378,357036
573,357068
831,357100
1020,357132
888,357164
1480,357196
1341,357228
1577,357260
1803,357292
1740,357324
1533,357356
1276,357388
1079,357420
903,357452
621,357484
441,357516
144,357548
0,357580
295,357612
447,357644
731,357676
920,357708
745,357740
1373,357772
1612,357804
1469,357836
2076,357868
2271,357900
2203,357932
1853,357964
1582,357996
1433,358028
1117,358060
551,358092
736,358124
94,358156
0,358188
249,358220
102,358252
376,358284
896,358316
824,358348
1353,358380
1226,358412
1549,358444
1689,358476
1915,358508
2093,358540
1447,358572
1213,358604
1353,358636
762,358668
583,358700
312,358732
121,358764
233,358796
285,358828
589,358860
780,358892
605,358924
1240,358956
1469,358988
1696,359020
1934,359052
2136,359084
2221,359116
1949,359148
1338,359180
1471,359212
877,359244
683,359276
424,359308
230,359340
52,359372
0,359404
47,359436
572,359468
506,359500
733,359532
1358,359564
1182,359596
1865,359628
1608,359660
2303,359692
2191,359724
1588,359756
1721,359788
1440,359820
894,359852
984,359884
760,359916
636,359948
264,359980
154,360012
461,360044
616,360076
492,360108
1104,360140
938,360172
1225,360204
1771,360236
1688,360268
2234,360300
2057,360332
1547,360364
1580,360396
998,360428
861,360460
541,360492
374,360524
522,360556
0,360588
0,360620
152,360652
411,360684
647,360716
1144,360748
1095,360780
1689,360812
1465,360844
2154,360876
2288,360908
2090,360940
1808,360972
1534,361004
1341,361036
1072,361068
478,361100
620,361132
28,361164
0,361196
0,361228
154,361260
407,361292
602,361324
856,361356
1223,361388
1308,361420
1591,361452
2237,361484
1878,361516
2091,361548
1336,361580
1591,361612
1312,361644
681,361676
848,361708
636,361740
53,361772
151,361804
359,361836
700,361868
811,361900
1019,361932
1323,361964
1470,361996
1340,362028
2024,362060
1804,362092
1740,362124
1914,362156
1275,362188
1436,362220
1179,362252
648,362284
717,362316
154,362348
17,362380
0,362412
91,362444
701,362476
540,362508
776,362540
1358,362572
1223,362604
1495,362636
2060,362668
1963,362700
2143,362732
1837,362764
1675,362796
1404,362828
1211,362860
942,362892
716,362924
478,362956
252,362988
223,363020
490,363052
684,363084
551,363116
1133,363148
1002,363180
1260,363212
1454,363244
1720,363276
1941,363308
1656,363340
1464,363372
1239,363404
1012,363436
779,363468
478,363500
331,363532
523,363564
0,363596
381,363628
575,363660
446,363692
1035,363724
1226,363756
1131,363788
1689,363820
1918,363852
2269,363884
2170,363916
1936,363948
1785,363980
1464,364012
879,364044
1040,364076
427,364108
260,364140
318,364172
0,364204
320,364236
556,364268
523,364300
1004,364332
888,364364
1209,364396
1338,364428
1629,364460
2280,364492
1798,364524
1608,364556
1706,364588
1143,364620
921,364652
970,364684
459,364716
584,364748
0,364780
234,364812
442,364844
699,364876
894,364908
1086,364940
1352,364972
1547,365004
1406,365036
2013,365068
1867,365100
1688,365132
1945,365164
1225,365196
1029,365228
762,365260
559,365292
391,365324
108,365356
0,365388
0,365420
170,365452
815,365484
549,365516
1246,365548
1435,365580
1255,365612
1899,365644
2142,365676
1940,365708
2064,365740
1800,365772
1675,365804
1323,365836
1065,365868
911,365900
604,365932
41,365964
215,365996
0,366028
154,366060
763,366092
602,366124
1212,366156
1419,366188
1338,366220
1882,366252
1752,366284
1897,366316
1575,366348
1388,366380
1563,366412
926,366444
712,366476
831,366508
251,366540
71,366572
135,366604
74,366636
649,366668
812,366700
1101,366732
1294,366764
1563,366796
1768,366828
1996,366860
2233,366892
2170,366924
1888,366956
1689,366988
1418,367020
826,367052
679,367084
365,367116
173,367148
0,367180
0,367212
114,367244
284,367276
568,367308
1084,367340
1016,367372
1243,367404
1401,367436
1707,367468
2391,367500
1710,367532
1945,367564
1673,367596
1064,367628
1195,367660
928,367692
391,367724
462,367756
236,367788
359,367820
442,367852
671,367884
974,367916
1128,367948
1000,367980
1628,368012
1454,368044
2092,368076
2235,368108
1676,368140
1756,368172
1520,368204
1031,368236
1060,368268
488,368300
349,368332
29,368364
0,368396
364,368428
206,368460
471,368492
1018,368524
922,368556
1149,368588
1664,368620
1613,368652
2218,368684
2265,368716
2030,368748
1754,368780
1558,368812
1290,368844
1019,368876
827,368908
559,368940
0,368972
0,369004
0,369036
207,369068
429,369100
664,369132
912,369164
1112,369196
1368,369228
1961,369260
1833,369292
1819,369324
1996,369356
1351,369388
1557,369420
814,369452
1067,369484
797,369516
183,369548
335,369580
233,369612
114,369644
694,369676
877,369708
1213,369740
1327,369772
1533,369804
1851,369836
1997,369868
1868,369900
2136,369932
1448,369964
1648,369996
1389,370028
762,370060
920,370092
666,370124
138,370156
200,370188
0,370220
185,370252
761,370284
604,370316
1225,370348
1050,370380
1288,370412
1885,370444
1740,370476
1959,370508
2048,370540
1483,370572
1623,370604
1021,370636
1147,370668
888,370700
685,370732
428,370764
187,370796
316,370828
555,370860
744,370892
635,370924
1195,370956
1063,370988
1661,371020
1517,371052
1783,371084
1803,371116
1592,371148
1405,371180
1128,371212
952,371244
731,371276
492,371308
270,371340
0,371372
0,371404
477,371436
238,371468
907,371500
1096,371532
1273,371564
1551,371596
1744,371628
1645,371660
2207,371692
2152,371724
2027,371756
1641,371788
1405,371820
1259,371852
943,371884
784,371916
527,371948
0,371980
0,372012
394,372044
324,372076
842,372108
1070,372140
1036,372172
1263,372204
1402,372236
1737,372268
1867,372300
1742,372332
1913,372364
1271,372396
1084,372428
1180,372460
631,372492
407,372524
172,372556
0,372588
300,372620
103,372652
762,372684
956,372716
1227,372748
1416,372780
1609,372812
1485,372844
2074,372876
1856,372908
2000,372940
1390,372972
1164,373004
928,373036
712,373068
506,373100
254,373132
57,373164
0,373196
0,373228
231,373260
379,373292
679,373324
1323,373356
1064,373388
1818,373420
1967,373452
2188,373484
2249,373516
2011,373548
1403,373580
1536,373612
1273,373644
1148,373676
810,373708
553,373740
395,373772
83,373804
0,373836
636,373868
439,373900
665,373932
1276,373964
1116,373996
1737,374028
1944,374060
1869,374092
1836,374124
1511,374156
1368,374188
1049,374220
875,374252
1038,374284
422,374316
203,374348
318,374380
0,374412
134,374444
315,374476
585,374508
1163,374540
1320,374572
1627,374604
1822,374636
2091,374668
2298,374700
2105,374732
1481,374764
1630,374796
1359,374828
1164,374860
911,374892
312,374924
443,374956
0,374988
0,375020
92,375052
349,375084
627,375116
805,375148
1078,375180
1600,375212
1531,375244
1771,375276
1853,375308
1703,375340
1913,375372
1593,375404
1415,375436
1136,375468
555,375500
672,375532
410,375564
0,375596
302,375628
540,375660
875,375692
957,375724
1184,375756
1501,375788
1646,375820
1518,375852
2157,375884
1800,375916
1964,375948
1696,375980
1160,376012
968,376044
1005,376076
511,376108
550,376140
0,376172
0,376204
0,376236
265,376268
874,376300
714,376332
983,376364
1174,376396
1437,376428
1677,376460
2201,376492
1835,376524
1974,376556
1725,376588
1496,376620
1228,376652
601,376684
776,376716
506,376748
313,376780
160,376812
41,376844
624,376876
488,376908
719,376940
941,376972
1176,377004
1432,377036
1636,377068
1895,377100
2063,377132
1469,377164
1289,377196
1467,377228
839,377260
1035,377292
729,377324
551,377356
279,377388
0,377420
511,377452
748,377484
627,377516
1199,377548
1399,377580
1740,377612
1855,377644
2061,377676
2313,377708
1984,377740
1387,377772
1598,377804
936,377836
1128,377868
863,377900
262,377932
87,377964
140,377996
0,378028
494,378060
381,378092
696,378124
830,378156
1127,378188
1751,378220
1574,378252
1815,378284
2233,378316
1614,378348
1431,378380
1518,378412
967,378444
1099,378476
508,378508
633,378540
366,378572
0,378604
380,378636
618,378668
844,378700
1068,378732
1259,378764
1520,378796
1723,378828
1578,378860
2190,378892
1739,378924
1532,378956
1272,378988
1068,379020
889,379052
619,379084
441,379116
219,379148
0,379180
0,379212
505,379244
333,379276
990,379308
746,379340
1421,379372
1615,379404
1479,379436
2079,379468
2280,379500
1756,379532
1850,379564
1614,379596
1499,379628
1114,379660
890,379692
736,379724
430,379756
267,379788
250,379820
104,379852
386,379884
910,379916
826,379948
1356,379980
1596,380012
1560,380044
2048,380076
1852,380108
1719,380140
1384,380172
1216,380204
1386,380236
760,380268
571,380300
664,380332
121,380364
0,380396
23,380428
249,380460
816,380492
608,380524
1276,380556
1469,380588
1740,380620
1944,380652
2141,380684
2216,380716
1946,380748
1328,380780
1472,380812
875,380844
650,380876
423,380908
200,380940
6,380972
0,381004
10,381036
284,381068
460,381100
733,381132
1356,381164
1188,381196
1864,381228
1577,381260
2311,381292
2191,381324
1530,381356
1721,381388
1482,381420
891,381452
1019,381484
749,381516
635,381548
288,381580
165,381612
459,381644
619,381676
492,381708
1149,381740
942,381772
1177,381804
1804,381836
1638,381868
2269,381900
2048,381932
1496,381964
1576,381996
988,382028
856,382060
540,382092
366,382124
511,382156
0,382188
0,382220
496,382252
375,382284
647,382316
826,382348
1097,382380
1689,382412
1847,382444
2155,382476
2282,382508
2077,382540
1806,382572
1580,382604
1338,382636
1113,382668
844,382700
650,382732
383,382764
0,382796
281,382828
154,382860
410,382892
604,382924
867,382956
1131,382988
1308,383020
1594,383052
1831,383084
1879,383116
1640,383148
1327,383180
1176,383212
1376,383244
680,383276
893,383308
623,383340
41,383372
155,383404
362,383436
285,383468
824,383500
1050,383532
1391,383564
1472,383596
1711,383628
2029,383660
2184,383692
1739,383724
1912,383756
1272,383788
1432,383820
1178,383852
648,383884
714,383916
492,383948
4,383980
152,384012
46,384044
361,384076
494,384108
778,384140
1401,384172
1226,384204
1499,384236
1690,384268
1975,384300
1774,384332
1835,384364
1309,384396
1438,384428
764,384460
972,384492
714,384524
508,384556
252,384588
224,384620
491,384652
686,384684
552,384716
1134,384748
1004,384780
1231,384812
1465,384844
1692,384876
1884,384908
1615,384940
1416,384972
1237,385004
956,385036
788,385068
951,385100
326,385132
523,385164
0,385196
383,385228
585,385260
407,385292
1035,385324
1264,385356
1139,385388
1726,385420
2137,385452
2120,385484
2202,385516
1934,385548
1784,385580
1462,385612
876,385644
1082,385676
423,385708
605,385740
350,385772
0,385804
362,385836
568,385868
489,385900
1017,385932
892,385964
1210,385996
1340,386028
1639,386060
2281,386092
1789,386124
1562,386156
1693,386188
1096,386220
907,386252
1004,386284
457,386316
583,386348
8,386380
233,386412
444,386444
701,386476
896,386508
1128,386540
1356,386572
1594,386604
1786,386636
2048,386668
2254,386700
1678,386732
1821,386764
1214,386796
1016,386828
752,386860
558,386892
380,386924
110,386956
0,386988
0,387020
169,387052
397,387084
555,387116
846,387148
1515,387180
1260,387212
1959,387244
2143,387276
1929,387308
2063,387340
1790,387372
1536,387404
1320,387436
1088,387468
975,387500
602,387532
377,387564
219,387596
270,387628
571,387660
766,387692
605,387724
899,387756
1421,387788
1340,387820
1886,387852
2125,387884
1895,387916
1929,387948
1328,387980
1197,388012
874,388044
700,388076
862,388108
249,388140
59,388172
140,388204
75,388236
313,388268
526,388300
761,388332
1338,388364
1120,388396
1802,388428
2008,388460
2270,388492
2160,388524
1884,388556
1689,388588
1407,388620
816,388652
954,388684
364,388716
139,388748
0,388780
0,388812
72,388844
268,388876
521,388908
795,388940
970,388972
1255,389004
1895,389036
1709,389068
2395,389100
1676,389132
1944,389164
1656,389196
1013,389228
1183,389260
958,389292
685,389324
504,389356
233,389388
363,389420
475,389452
682,389484
983,389516
1130,389548
1004,389580
1676,389612
1456,389644
1702,389676
2265,389708
1614,389740
1787,389772
1516,389804
984,389836
1053,389868
487,389900
345,389932
459,389964
0,389996
365,390028
205,390060
439,390092
1018,390124
887,390156
1159,390188
1341,390220
1615,390252
2219,390284
2186,390316
2023,390348
1754,390380
1549,390412
1278,390444
1054,390476
816,390508
600,390540
331,390572
135,390604
347,390636
208,390668
797,390700
666,390732
912,390764
1118,390796
1372,390828
1659,390860
1836,390892
1820,390924
1579,390956
1350,390988
1116,391020
815,391052
667,391084
861,391116
170,391148
379,391180
237,391212
414,391244
696,391276
879,391308
795,391340
1337,391372
1568,391404
1931,391436
2000,391468
2240,391500
2127,391532
1808,391564
1215,391596
1384,391628
762,391660
920,391692
656,391724
136,391756
192,391788
228,391820
190,391852
413,391884
556,391916
874,391948
1002,391980
1290,392012
1932,392044
1750,392076
1947,392108
1672,392140
1480,392172
1257,392204
1304,392236
797,392268
920,392300
683,392332
460,392364
186,392396
360,392428
556,392460
749,392492
1007,392524
1209,392556
1067,392588
1661,392620
1517,392652
1756,392684
1789,392716
1560,392748
1355,392780
1096,392812
903,392844
723,392876
446,392908
266,392940
429,392972
0,393004
475,393036
208,393068
910,393100
1099,393132
1309,393164
1551,393196
1792,393228
1655,393260
2264,393292
2142,393324
2023,393356
1664,393388
1403,393420
1256,393452
941,393484
365,393516
568,393548
0,393580
218,393612
416,393644
278,393676
876,393708
1072,393740
1001,393772
1275,393804
1404,393836
1735,393868
1870,393900
1736,393932
1903,393964
1261,393996
1038,394028
1178,394060
587,394092
397,394124
480,394156
0,394188
301,394220
189,394252
761,394284
955,394316
1222,394348
1418,394380
1656,394412
1495,394444
2122,394476
2234,394508
2031,394540
1759,394572
1160,394604
1294,394636
700,394668
506,394700
249,394732
58,394764
0,394796
0,394828
231,394860
459,394892
681,394924
907,394956
1064,394988
1367,395020
2043,395052
2191,395084
2287,395116
2010,395148
1405,395180
1533,395212
1262,395244
718,395276
799,395308
574,395340
459,395372
87,395404
335,395436
637,395468
784,395500
1084,395532
1288,395564
1117,395596
1404,395628
1949,395660
1866,395692
1833,395724
1881,395756
1367,395788
1399,395820
816,395852
683,395884
364,395916
199,395948
348,395980
0,396012
135,396044
680,396076
587,396108
814,396140
1036,396172
1271,396204
1868,396236
1645,396268
2334,396300
2096,396332
1452,396364
1628,396396
1357,396428
1162,396460
894,396492
302,396524
441,396556
0,396588
0,396620
93,396652
328,396684
584,396716
776,396748
1032,396780
1306,396812
1482,396844
1771,396876
1851,396908
1690,396940
1910,396972
1591,397004
1404,397036
1133,397068
505,397100
679,397132
444,397164
0,397196
346,397228
539,397260
877,397292
987,397324
1196,397356
1499,397388
1657,397420
1518,397452
2218,397484
1790,397516
1560,397548
1728,397580
1100,397612
923,397644
1003,397676
473,397708
540,397740
0,397772
0,397804
0,397836
270,397868
887,397900
724,397932
950,397964
1534,397996
1400,398028
1678,398060
1868,398092
1831,398124
1965,398156
1655,398188
1498,398220
1226,398252
600,398284
766,398316
540,398348
312,398380
206,398412
410,398444
668,398476
863,398508
720,398540
1312,398572
1177,398604
1434,398636
1632,398668
1900,398700
1753,398732
1466,398764
1288,398796
1356,398828
836,398860
605,398892
779,398924
152,398956
335,398988
0,399020
571,399052
751,399084
631,399116
1211,399148
1400,399180
1308,399212
1865,399244
2107,399276
2379,399308
1982,399340
1754,399372
1599,399404
1280,399436
704,399468
862,399500
252,399532
86,399564
138,399596
0,399628
508,399660
740,399692
699,399724
1190,399756
1065,399788
1385,399820
1518,399852
1806,399884
2256,399916
1614,399948
1431,399980
1160,400012
967,400044
745,400076
791,400108
281,400140
398,400172
0,400204
414,400236
618,400268
876,400300
1072,400332
1261,400364
1529,400396
1725,400428
1582,400460
2200,400492
1736,400524
1500,400556
1262,400588
1038,400620
844,400652
587,400684
391,400716
494,400748
0,400780
0,400812
507,400844
346,400876
999,400908
727,400940
1421,400972
1625,401004
1431,401036
2089,401068
2330,401100
1751,401132
1886,401164
1611,401196
1485,401228
1145,401260
892,401292
733,401324
426,401356
0,401388
296,401420
108,401452
334,401484
939,401516
780,401548
1400,401580
1598,401612
1517,401644
2061,401676
1851,401708
1709,401740
1384,401772
1210,401804
1373,401836
750,401868
535,401900
654,401932
75,401964
0,401996
332,402028
251,402060
825,402092
985,402124
1277,402156
1480,402188
1741,402220
1946,402252
2185,402284
2218,402316
1982,402348
1707,402380
1503,402412
1240,402444
650,402476
782,402508
190,402540
5,402572
0,402604
21,402636
286,402668
461,402700
743,402732
968,402764
1194,402796
1420,402828
1580,402860
1895,402892
2254,402924
1520,402956
1759,402988
1483,403020
888,403052
1015,403084
748,403116
206,403148
284,403180
190,403212
539,403244
621,403276
848,403308
1161,403340
1304,403372
1180,403404
1816,403436
1640,403468
1932,403500
2046,403532
1498,403564
1568,403596
1341,403628
845,403660
880,403692
311,403724
169,403756
0,403788
0,403820
538,403852
388,403884
649,403916
1196,403948
1099,403980
1327,404012
1851,404044
1799,404076
2317,404108
1626,404140
1840,404172
1568,404204
1372,404236
1112,404268
843,404300
649,404332
381,404364
0,404396
287,404428
159,404460
388,404492
1084,404524
830,404556
1095,404588
1288,404620
1547,404652
1833,404684
1816,404716
1630,404748
1324,404780
1174,404812
1373,404844
646,404876
891,404908
621,404940
2,404972
163,405004
410,405036
284,405068
862,405100
1056,405132
1389,405164
1513,405196
1719,405228
2029,405260
2187,405292
1738,405324
1951,405356
1272,405388
1040,405420
1208,405452
587,405484
746,405516
488,405548
0,405580
156,405612
47,405644
363,405676
507,405708
780,405740
1403,405772
1240,405804
1464,405836
2075,405868
1931,405900
1771,405932
1866,405964
1305,405996
1437,406028
1129,406060
969,406092
704,406124
505,406156
250,406188
277,406220
494,406252
729,406284
922,406316
1181,406348
1375,406380
1240,406412
1534,406444
1694,406476
1881,406508
1613,406540
1407,406572
1228,406604
951,406636
776,406668
841,406700
318,406732
93,406764
0,406796
8,406828
654,406860
412,406892
1083,406924
1273,406956
1142,406988
1735,407020
1932,407052
1833,407084
2200,407116
1964,407148
1847,407180
1452,407212
1227,407244
1081,407276
764,407308
201,407340
348,407372
0,407404
363,407436
569,407468
492,407500
1018,407532
1256,407564
1211,407596
1710,407628
1581,407660
1915,407692
1734,407724
1558,407756
1728,407788
1093,407820
906,407852
1000,407884
447,407916
233,407948
270,407980
0,408012
478,408044
703,408076
938,408108
1132,408140
1402,408172
1596,408204
1789,408236
2061,408268
2256,408300
1676,408332
1524,408364
1211,408396
986,408428
751,408460
524,408492
335,408524
76,408556
0,408588
233,408620
134,408652
407,408684
1021,408716
854,408748
1516,408780
1230,408812
1960,408844
2153,408876
1878,408908
2059,408940
1832,408972
1225,409004
1356,409036
1088,409068
971,409100
622,409132
376,409164
207,409196
280,409228
159,409260
815,409292
616,409324
1259,409356
1464,409388
1292,409420
1929,409452
2128,409484
2253,409516
1919,409548
1326,409580
1192,409612
1312,409644
698,409676
858,409708
248,409740
25,409772
140,409804
43,409836
311,409868
854,409900
761,409932
1341,409964
1214,409996
1805,410028
2008,410060
2281,410092
2156,410124
1920,410156
1688,410188
1450,410220
1181,410252
618,410284
727,410316
140,410348
265,410380
0,410412
77,410444
267,410476
526,410508
794,410540
972,410572
1255,410604
1483,410636
1718,410668
1949,410700
1674,410732
1515,410764
1725,410796
1006,410828
1229,410860
956,410892
682,410924
495,410956
232,410988
0,411020
478,411052
716,411084
1064,411116
1134,411148
1368,411180
1677,411212
1834,411244
2137,411276
2254,411308
1611,411340
1436,411372
1516,411404
973,411436
1050,411468
828,411500
343,411532
121,411564
0,411596
26,411628
167,411660
442,411692
1054,411724
889,411756
1163,411788
1720,411820
1624,411852
1855,411884
1884,411916
1657,411948
1786,411980
1103,412012
1310,412044
1053,412076
856,412108
592,412140
330,412172
0,412204
349,412236
217,412268
800,412300
668,412332
892,412364
1119,412396
1353,412428
1612,412460
1816,412492
1756,412524
1567,412556
1290,412588
1114,412620
812,412652
662,412684
859,412716
136,412748
373,412780
233,412812
460,412844
697,412876
927,412908
795,412940
1386,412972
1581,413004
1931,413036
2043,413068
2250,413100
2127,413132
1806,413164
1212,413196
1420,413228
760,413260
538,413292
687,413324
86,413356
221,413388
220,413420
155,413452
424,413484
555,413516
873,413548
1004,413580
1292,413612
1933,413644
1754,413676
1911,413708
2042,413740
1432,413772
1243,413804
973,413836
793,413868
919,413900
617,413932
455,413964
184,413996
363,414028
560,414060
792,414092
640,414124
1243,414156
1436,414188
1710,414220
1914,414252
1757,414284
2170,414316
1551,414348
1351,414380
1095,414412
894,414444
714,414476
443,414508
265,414540
320,414572
0,414604
61,414636
216,414668
518,414700
1167,414732
1311,414764
1609,414796
1801,414828
1656,414860
2265,414892
2140,414924
1577,414956
1662,414988
1435,415020
1311,415052
938,415084
715,415116
556,415148
252,415180
0,415212
430,415244
281,415276
879,415308
1081,415340
1003,415372
1275,415404
1784,415436
1736,415468
2240,415500
1672,415532
1530,415564
1210,415596
1036,415628
1208,415660
585,415692
395,415724
134,415756
0,415788
0,415820
472,415852
427,415884
1000,415916
1227,415948
1468,415980
1660,416012
1472,416044
2124,416076
2234,416108
2031,416140
1757,416172
1152,416204
1290,416236
701,416268
472,416300
239,416332
21,416364
0,416396
0,416428
186,416460
751,416492
636,416524
908,416556
1547,416588
1368,416620
2044,416652
2201,416684
2285,416716
2007,416748
1351,416780
1531,416812
1306,416844
715,416876
844,416908
573,416940
445,416972
123,417004
344,417036
648,417068
796,417100
668,417132
1337,417164
1131,417196
1786,417228
1984,417260
1816,417292
1787,417324
1867,417356
1321,417388
1390,417420
814,417452
679,417484
362,417516
188,417548
335,417580
0,417612
105,417644
684,417676
552,417708
823,417740
1367,417772
1273,417804
1869,417836
1737,417868
2343,417900
2094,417932
1440,417964
1626,417996
1390,418028
1160,418060
936,418092
667,418124
472,418156
204,418188
0,418220
459,418252
331,418284
586,418316
779,418348
1035,418380
1309,418412
1496,418444
1781,418476
1925,418508
1689,418540
1453,418572
1632,418604
999,418636
1197,418668
502,418700
713,418732
441,418764
0,418796
348,418828
542,418860
461,418892
992,418924
1229,418956
1577,418988
1659,419020
1898,419052
2207,419084
2158,419116
1995,419148
1736,419180
1095,419212
921,419244
1002,419276
468,419308
536,419340
315,419372
0,419404
334,419436
222,419468
537,419500
668,419532
952,419564
1582,419596
1402,419628
1677,419660
2252,419692
1822,419724
1597,419756
1356,419788
1131,419820
1258,419852
590,419884
794,419916
528,419948
332,419980
208,420012
412,420044
668,420076
862,420108
730,420140
1320,420172
1181,420204
1414,420236
1642,420268
1872,420300
1703,420332
1437,420364
1239,420396
1051,420428
780,420460
600,420492
779,420524
153,420556
333,420588
0,420620
571,420652
761,420684
584,420716
1211,420748
1450,420780
1319,420812
1913,420844
2105,420876
2366,420908
2013,420940
1744,420972
1595,421004
1277,421036
699,421068
904,421100
250,421132
25,421164
168,421196
0,421228
540,421260
736,421292
665,421324
1193,421356
1070,421388
1388,421420
1519,421452
1816,421484
2253,421516
1466,421548
1383,421580
1516,421612
922,421644
734,421676
471,421708
280,421740
397,421772
107,421804
415,421836
618,421868
879,421900
1082,421932
1305,421964
1532,421996
1773,422028
1966,422060
2238,422092
2111,422124
1499,422156
1632,422188
1038,422220
842,422252
585,422284
382,422316
204,422348
0,422380
0,422412
123,422444
346,422476
574,422508
730,422540
1030,422572
1695,422604
1434,422636
2139,422668
2331,422700
1751,422732
1887,422764
1609,422796
1051,422828
1146,422860
911,422892
799,422924
424,422956
200,422988
300,423020
456,423052
335,423084
950,423116
781,423148
1392,423180
1608,423212
1518,423244
2064,423276
2218,423308
1706,423340
1741,423372
1150,423404
1017,423436
698,423468
524,423500
686,423532
72,423564
0,423596
0,423628
251,423660
479,423692
984,423724
935,423756
1520,423788
1753,423820
1984,423852
2188,423884
2250,423916
1976,423948
1705,423980
1500,424012
1239,424044
638,424076
777,424108
187,424140
0,424172
0,424204
1,424236
240,424268
432,424300
696,424332
968,424364
1148,424396
1429,424428
2075,424460
1896,424492
2248,424524
1496,424556
1756,424588
1485,424620
840,424652
1015,424684
781,424716
210,424748
320,424780
200,424812
392,424844
653,424876
860,424908
1165,424940
1308,424972
1181,425004
1864,425036
1641,425068
2316,425100
2077,425132
1434,425164
1598,425196
1342,425228
811,425260
876,425292
302,425324
166,425356
0,425388
0,425420
537,425452
386,425484
615,425516
1198,425548
1063,425580
1336,425612
1897,425644
1801,425676
2315,425708
1707,425740
1835,425772
1566,425804
1369,425836
1104,425868
876,425900
640,425932
415,425964
151,425996
330,426028
525,426060
392,426092
974,426124
844,426156
1097,426188
1295,426220
1548,426252
1834,426284
1816,426316
1625,426348
1403,426380
1165,426412
939,426444
639,426476
487,426508
685,426540
1,426572
207,426604
411,426636
295,426668
873,426700
1056,426732
1278,426764
1515,426796
1757,426828
2109,426860
2187,426892
2105,426924
1949,426956
1628,426988
1465,427020
1200,427052
585,427084
412,427116
479,427148
0,427180
157,427212
398,427244
364,427276
848,427308
728,427340
1053,427372
1179,427404
1466,427436
2112,427468
1932,427500
1768,427532
1868,427564
1303,427596
1079,427628
843,427660
621,427692
734,427724
78,427756
272,427788
284,427820
540,427852
742,427884
920,427916
1192,427948
1386,427980
1241,428012
1850,428044
1704,428076
1850,428108
1611,428140
1382,428172
1178,428204
922,428236
717,428268
541,428300
268,428332
90,428364
247,428396
17,428428
653,428460
389,428492
1085,428524
1276,428556
1096,428588
1737,428620
1981,428652
2157,428684
2235,428716
1952,428748
1837,428780
1483,428812
1216,428844
1081,428876
762,428908
191,428940
382,428972
0,429004
5,429036
603,429068
452,429100
1066,429132
1257,429164
1177,429196
1711,429228
1584,429260
1916,429292
2197,429324
1558,429356
1723,429388
1094,429420
859,429452
990,429484
408,429516
231,429548
0,429580
0,429612
477,429644
639,429676
941,429708
1143,429740
1401,429772
1598,429804
1835,429836
2064,429868
2303,429900
2048,429932
1853,429964
1581,429996
976,430028
1119,430060
526,430092
331,430124
77,430156
0,430188
0,430220
124,430252
408,430284
635,430316
859,430348
1085,430380
1240,430412
1543,430444
2231,430476
1870,430508
2107,430540
1823,430572
1534,430604
1355,430636
1083,430668
541,430700
620,430732
406,430764
269,430796
282,430828
509,430860
815,430892
970,430924
844,430956
1468,430988
1292,431020
1931,431052
2138,431084
1846,431116
1918,431148
1692,431180
1180,431212
957,431244
647,431276
507,431308
189,431340
22,431372
184,431404
43,431436
313,431468
504,431500
764,431532
989,431564
1503,431596
1449,431628
2048,431660
2284,431692
2190,431724
1918,431756
1726,431788
1440,431820
1178,431852
985,431884
718,431916
128,431948
265,431980
0,432012
48,432044
269,432076
496,432108
761,432140
952,432172
1211,432204
1482,432236
1672,432268
1951,432300
2168,432332
1514,432364
1723,432396
976,432428
1227,432460
955,432492
713,432524
489,432556
268,432588
0,432620
525,432652
718,432684
1061,432716
1168,432748
1374,432780
1689,432812
1837,432844
1706,432876
2300,432908
1610,432940
1808,432972
1548,433004
924,433036
1082,433068
826,433100
300,433132
107,433164
0,433196
28,433228
170,433260
444,433292
1063,433324
893,433356
1127,433388
1724,433420
1580,433452
1863,433484
2217,433516
1644,433548
1690,433580
1191,433612
1309,433644
1050,433676
855,433708
588,433740
359,433772
0,433804
393,433836
585,433868
846,433900
1039,433932
896,433964
1498,433996
1356,434028
1614,434060
1818,434092
1754,434124
1565,434156
1288,434188
1113,434220
887,434252
659,434284
428,434316
126,434348
0,434380
313,434412
459,434444
751,434476
937,434508
807,434540
1391,434572
1582,434604
1486,434636
2046,434668
2282,434700
2191,434732
1802,434764
1578,434796
1419,434828
1101,434860
942,434892
684,434924
76,434956
0,434988
232,435020
166,435052
427,435084
920,435116
876,435148
1366,435180
1242,435212
1565,435244
1704,435276
1902,435308
2078,435340
1430,435372
1242,435404
1336,435436
791,435468
569,435500
332,435532
109,435564
206,435596
0,435628
600,435660
792,435692
622,435724
1248,435756
1440,435788
1711,435820
1913,435852
1760,435884
2168,435916
1550,435948
1322,435980
1085,436012
861,436044
666,436076
412,436108
216,436140
37,436172
0,436204
69,436236
218,436268
520,436300
1175,436332
1324,436364
1608,436396
1803,436428
1611,436460
2269,436492
2184,436524
1566,436556
1706,436588
1432,436620
1309,436652
968,436684
703,436716
555,436748
250,436780
0,436812
475,436844
282,436876
504,436908
1116,436940
954,436972
1241,437004
1784,437036
1703,437068
2248,437100
1672,437132
1529,437164
1207,437196
1034,437228
1197,437260
581,437292
359,437324
474,437356
0,437388
0,437420
168,437452
427,437484
1003,437516
1161,437548
1455,437580
1660,437612
1482,437644
2122,437676
2270,437708
2030,437740
1791,437772
1519,437804
1326,437836
1055,437868
463,437900
603,437932
22,437964
0,437996
0,438028
200,438060
471,438092
648,438124
918,438156
1439,438188
1371,438220
1607,438252
2255,438284
1865,438316
2075,438348
1350,438380
1577,438412
1303,438444
711,438476
841,438508
571,438540
30,438572
121,438604
380,438636
715,438668
797,438700
1024,438732
1337,438764
1471,438796
1356,438828
1992,438860
1818,438892
1784,438924
1865,438956
1319,438988
1389,439020
1166,439052
679,439084
701,439116
137,439148
2,439180
0,439212
107,439244
716,439276
554,439308
825,439340
1006,439372
1277,439404
1513,439436
2031,439468
1977,439500
2138,439532
1440,439564
1660,439596
1390,439628
1192,439660
926,439692
668,439724
471,439756
192,439788
0,439820
472,439852
333,439884
558,439916
782,439948
1016,439980
1272,440012
1466,440044
1736,440076
2222,440108
1638,440140
1451,440172
1627,440204
989,440236
1195,440268
463,440300
711,440332
432,440364
0,440396
363,440428
590,440460
468,440492
1040,440524
1240,440556
1579,440588
1694,440620
1900,440652
2219,440684
2154,440716
1548,440748
1768,440780
1088,440812
870,440844
1022,440876
412,440908
568,440940
312,440972
0,441004
336,441036
231,441068
541,441100
681,441132
954,441164
1581,441196
1412,441228
1643,441260
2255,441292
1783,441324
1591,441356
1678,441388
1129,441420
1257,441452
953,441484
793,441516
528,441548
328,441580
220,441612
456,441644
670,441676
910,441708
1099,441740
1360,441772
1563,441804
1417,441836
2028,441868
1884,441900
1704,441932
1432,441964
1228,441996
1052,442028
778,442060
599,442092
374,442124
149,442156
0,442188
0,442220
175,442252
831,442284
589,442316
1261,442348
1453,442380
1318,442412
1915,442444
2110,442476
1916,442508
2012,442540
1776,442572
1662,442604
1276,442636
1051,442668
895,442700
588,442732
25,442764
159,442796
0,442828
218,442860
747,442892
666,442924
1197,442956
1432,442988
1389,443020
1900,443052
1768,443084
1883,443116
1546,443148
1375,443180
1550,443212
910,443244
731,443276
824,443308
279,443340
55,443372
119,443404
89,443436
654,443468
448,443500
1116,443532
1308,443564
1580,443596
1776,443628
1978,443660
2247,443692
2108,443724
1487,443756
1631,443788
1024,443820
808,443852
1053,443884
357,443916
165,443948
0,443980
0,444012
124,444044
302,444076
583,444108
730,444140
1031,444172
1693,444204
1417,444236
2139,444268
2335,444300
1692,444332
1881,444364
1644,444396
1048,444428
1178,444460
909,444492
795,444524
447,444556
188,444588
300,444620
457,444652
345,444684
990,444716
794,444748
1017,444780
1644,444812
1468,444844
2105,444876
2217,444908
1661,444940
1727,444972
1148,445004
1015,445036
687,445068
522,445100
681,445132
69,445164
0,445196
336,445228
219,445260
487,445292
1023,445324
937,445356
1531,445388
1679,445420
1993,445452
2200,445484
2247,445516
1976,445548
1740,445580
1095,445612
1273,445644
1005,445676
811,445708
544,445740
0,445772
0,445804
4,445836
252,445868
445,445900
698,445932
979,445964
1151,445996
1432,446028
1968,446060
1897,446092
1803,446124
1496,446156
1336,446188
1545,446220
837,446252
1055,446284
781,446316
200,446348
319,446380
201,446412
125,446444
663,446476
892,446508
1229,446540
1311,446572
1548,446604
1867,446636
2014,446668
1884,446700
2076,446732
1433,446764
1595,446796
1336,446828
808,446860
875,446892
651,446924
157,446956
187,446988
0,447020
201,447052
336,447084
616,447116
1240,447148
1066,447180
1336,447212
1900,447244
1802,447276
1943,447308
1995,447340
1469,447372
1600,447404
1367,447436
1134,447468
874,447500
672,447532
410,447564
139,447596
333,447628
526,447660
395,447692
695,447724
843,447756
1072,447788
1295,447820
1534,447852
1798,447884
1776,447916
1578,447948
1696,447980
1116,448012
936,448044
1101,448076
479,448108
670,448140
0,448172
215,448204
415,448236
250,448268
875,448300
1102,448332
980,448364
1564,448396
1758,448428
2118,448460
2221,448492
2095,448524
1945,448556
1627,448588
1024,448620
1242,448652
585,448684
764,448716
508,448748
0,448780
202,448812
398,448844
329,448876
857,448908
740,448940
1048,448972
1645,449004
1468,449036
2123,449068
1941,449100
1722,449132
1854,449164
1256,449196
1067,449228
1161,449260
618,449292
735,449324
169,449356
269,449388
282,449420
539,449452
744,449484
970,449516
1194,449548
1424,449580
1624,449612
1499,449644
2091,449676
1840,449708
1982,449740
1374,449772
1168,449804
911,449836
718,449868
537,449900
264,449932
89,449964
0,449996
18,450028
237,450060
392,450092
695,450124
1355,450156
1098,450188
1789,450220
1981,450252
2168,450284
2233,450316
1950,450348
1389,450380
1481,450412
1256,450444
1134,450476
762,450508
538,450540
381,450572
102,450604
409,450636
606,450668
448,450700
732,450732
1261,450764
1180,450796
1723,450828
1963,450860
1918,450892
1822,450924
1486,450956
1353,450988
1033,451020
859,451052
1022,451084
406,451116
220,451148
302,451180
0,451212
153,451244
375,451276
601,451308
1178,451340
960,451372
1640,451404
1838,451436
2109,451468
2312,451500
2047,451532
1463,451564
1578,451596
974,451628
1114,451660
512,451692
299,451724
73,451756
0,451788
0,451820
108,451852
362,451884
634,451916
812,451948
1093,451980
1243,452012
1547,452044
2235,452076
1840,452108
2103,452140
1821,452172
1576,452204
1351,452236
1120,452268
539,452300
665,452332
393,452364
267,452396
315,452428
526,452460
825,452492
969,452524
847,452556
1512,452588
1294,452620
1532,452652
2176,452684
1782,452716
1947,452748
1680,452780
1144,452812
955,452844
636,452876
504,452908
188,452940
17,452972
185,453004
54,453036
280,453068
861,453100
728,453132
991,453164
1179,453196
1451,453228
2057,453260
2216,453292
2187,453324
1914,453356
1709,453388
1448,453420
1214,453452
614,453484
751,453516
489,453548
288,453580
183,453612
55,453644
639,453676
505,453708
764,453740
956,453772
1214,453804
1495,453836
1676,453868
1961,453900
2046,453932
1512,453964
1277,453996
972,454028
823,454060
1021,454092
702,454124
537,454156
265,454188
0,454220
525,454252
727,454284
635,454316
1176,454348
1415,454380
1767,454412
1837,454444
2080,454476
2297,454508
1968,454540
1381,454572
1536,454604
920,454636
1071,454668
825,454700
293,454732
108,454764
123,454796
29,454828
512,454860
396,454892
714,454924
844,454956
1129,454988
1769,455020
1591,455052
1865,455084
1836,455116
1645,455148
1415,455180
1466,455212
955,455244
1080,455276
845,455308
616,455340
350,455372
0,455404
396,455436
589,455468
848,455500
1040,455532
908,455564
1501,455596
1360,455628
1607,455660
1821,455692
1724,455724
1518,455756
1259,455788
1062,455820
1177,455852
603,455884
426,455916
587,455948
0,455980
315,456012
463,456044
748,456076
938,456108
762,456140
1389,456172
1628,456204
1495,456236
2095,456268
2288,456300
2187,456332
1836,456364
1565,456396
1408,456428
1102,456460
524,456492
728,456524
75,456556
251,456588
266,456620
120,456652
393,456684
921,456716
841,456748
1370,456780
1244,456812
1575,456844
1708,456876
1896,456908
2073,456940
1430,456972
1197,457004
1328,457036
743,457068
557,457100
648,457132
105,457164
203,457196
30,457228
592,457260
798,457292
632,457324
1256,457356
1486,457388
1712,457420
1960,457452
2153,457484
2202,457516
1930,457548
1324,457580
1454,457612
1194,457644
678,457676
407,457708
208,457740
26,457772
0,457804
72,457836
299,457868
521,457900
749,457932
1375,457964
1211,457996
1881,458028
1614,458060
2331,458092
2185,458124
1563,458156
1695,458188
1424,458220
877,458252
960,458284
735,458316
619,458348
246,458380
176,458412
480,458444
623,458476
925,458508
1120,458540
958,458572
1244,458604
1789,458636
1706,458668
2249,458700
2031,458732
1527,458764
1560,458796
974,458828
839,458860
524,458892
348,458924
507,458956
0,458988
0,459020
520,459052
425,459084
665,459116
877,459148
1113,459180
1704,459212
1480,459244
2168,459276
2267,459308
2062,459340
1800,459372
1517,459404
1323,459436
1055,459468
460,459500
600,459532
10,459564
0,459596
0,459628
170,459660
423,459692
619,459724
873,459756
1148,459788
1323,459820
1608,459852
2263,459884
1853,459916
2062,459948
1322,459980
1565,460012
1293,460044
668,460076
829,460108
604,460140
24,460172
172,460204
380,460236
725,460268
839,460300
1024,460332
1341,460364
1488,460396
1359,460428
2044,460460
1823,460492
1721,460524
1898,460556
1256,460588
1418,460620
1162,460652
631,460684
698,460716
127,460748
0,460780
0,460812
108,460844
717,460876
565,460908
793,460940
1376,460972
1240,461004
1513,461036
1704,461068
1979,461100
2125,461132
1818,461164
1657,461196
1387,461228
1189,461260
926,461292
697,461324
464,461356
234,461388
236,461420
507,461452
702,461484
571,461516
1151,461548
1018,461580
1274,461612
1472,461644
1735,461676
1915,461708
1638,461740
1448,461772
1221,461804
986,461836
764,461868
461,461900
315,461932
509,461964
0,461996
399,462028
601,462060
473,462092
1049,462124
1242,462156
1147,462188
1696,462220
1936,462252
2287,462284
2143,462316
1916,462348
1760,462380
1438,462412
862,462444
1020,462476
410,462508
570,462540
301,462572
0,462604
347,462636
576,462668
541,462700
1024,462732
908,462764
1227,462796
1355,462828
1654,462860
2296,462892
1773,462924
1581,462956
1309,462988
1127,463020
895,463052
951,463084
443,463116
558,463148
319,463180
254,463212
456,463244
716,463276
910,463308
1101,463340
1369,463372
1564,463404
1421,463436
2027,463468
1882,463500
1662,463532
1423,463564
1196,463596
999,463628
748,463660
552,463692
372,463724
87,463756
0,463788
348,463820
186,463852
827,463884
568,463916
1263,463948
1453,463980
1274,464012
1919,464044
2157,464076
1912,464108
2047,464140
1773,464172
1499,464204
1305,464236
1040,464268
895,464300
588,464332
22,464364
199,464396
0,464428
586,464460
780,464492
620,464524
1228,464556
1436,464588
1355,464620
1901,464652
1769,464684
1879,464716
1536,464748
1370,464780
1545,464812
908,464844
695,464876
814,464908
233,464940
45,464972
164,465004
91,465036
665,465068
542,465100
1117,465132
1312,465164
1581,465196
1784,465228
2013,465260
2251,465292
2142,465324
1870,465356
1664,465388
1405,465420
807,465452
938,465484
352,465516
156,465548
0,465580
0,465612
124,465644
304,465676
586,465708
811,465740
1033,465772
1261,465804
1422,465836
1724,465868
2413,465900
1688,465932
1919,465964
1643,465996
1047,466028
1176,466060
907,466092
680,466124
446,466156
219,466188
377,466220
461,466252
687,466284
1001,466316
1146,466348
1439,466380
1644,466412
1471,466444
1768,466476
2208,466508
1658,466540
1728,466572
1510,466604
1015,466636
1038,466668
462,466700
327,466732
19,466764
0,466796
378,466828
220,466860
489,466892
1034,466924
939,466956
1165,466988
1399,467020
1629,467052
2236,467084
1786,467116
2014,467148
1738,467180
1535,467212
1264,467244
1001,467276
809,467308
542,467340
0,467372
119,467404
6,467436
232,467468
446,467500
680,467532
935,467564
1130,467596
1387,467628
1673,467660
1851,467692
1790,467724
1977,467756
1334,467788
1533,467820
807,467852
1049,467884
778,467916
153,467948
317,467980
248,468012
431,468044
703,468076
894,468108
1231,468140
1353,468172
1550,468204
1867,468236
2014,468268
1888,468300
2112,468332
1422,468364
1206,468396
1370,468428
744,468460
904,468492
649,468524
121,468556
184,468588
0,468620
201,468652
778,468684
618,468716
1232,468748
1077,468780
1303,468812
1912,468844
1758,468876
1932,468908
1658,468940
1465,468972
1595,469004
1290,469036
1129,469068
863,469100
669,469132
412,469164
170,469196
336,469228
572,469260
763,469292
1021,469324
1215,469356
1080,469388
1676,469420
1533,469452
1800,469484
1773,469516
1576,469548
1386,469580
1114,469612
936,469644
999,469676
475,469708
252,469740
0,469772
0,469804
495,469836
261,469868
925,469900
1113,469932
1289,469964
1567,469996
1768,470028
1672,470060
2224,470092
2127,470124
2007,470156
1614,470188
1387,470220
1232,470252
925,470284
356,470316
512,470348
0,470380
202,470412
400,470444
334,470476
858,470508
1096,470540
1052,470572
1289,470604
1416,470636
1753,470668
1884,470700
1722,470732
1888,470764
1254,470796
1067,470828
798,470860
615,470892
381,470924
429,470956
0,470988
318,471020
557,471052
778,471084
972,471116
1240,471148
1432,471180
1627,471212
1897,471244
2094,471276
1836,471308
1981,471340
1371,471372
1146,471404
910,471436
686,471468
492,471500
234,471532
41,471564
0,471596
0,471628
247,471660
862,471692
696,471724
1355,471756
1072,471788
1799,471820
1983,471852
2204,471884
2223,471916
1995,471948
1386,471980
1518,472012
1248,472044
1131,472076
792,472108
528,472140
376,472172
107,472204
19,472236
655,472268
456,472300
1099,472332
1294,472364
1131,472396
1756,472428
1964,472460
1882,472492
1817,472524
1484,472556
1352,472588
1022,472620
858,472652
1021,472684
396,472716
183,472748
299,472780
0,472812
153,472844
686,472876
605,472908
1181,472940
1054,472972
1645,473004
1840,473036
2119,473068
2314,473100
2089,473132
1456,473164
1614,473196
1341,473228
1146,473260
880,473292
301,473324
425,473356
0,473388
0,473420
108,473452
366,473484
635,473516
814,473548
1095,473580
1323,473612
1558,473644
1787,473676
1832,473708
1675,473740
1895,473772
1567,473804
1399,473836
1119,473868
536,473900
664,473932
394,473964
0,473996
316,474028
553,474060
895,474092
971,474124
1209,474156
1517,474188
1664,474220
1977,474252
2176,474284
1773,474316
1606,474348
1677,474380
1135,474412
955,474444
985,474476
503,474508
524,474540
0,474572
0,474604
9,474636
282,474668
894,474700
732,474732
1001,474764
1552,474796
1463,474828
1691,474860
1927,474892
1817,474924
1950,474956
1262,474988
1472,475020
1212,475052
584,475084
750,475116
487,475148
286,475180
187,475212
59,475244
639,475276
509,475308
742,475340
957,475372
1194,475404
1448,475436
1648,475468
1914,475500
1736,475532
1449,475564
1273,475596
971,475628
819,475660
1017,475692
703,475724
536,475756
256,475788
0,475820
539,475852
766,475884
637,475916
1225,475948
1417,475980
1767,476012
1880,476044
2088,476076
2287,476108
1967,476140
1372,476172
1582,476204
911,476236
695,476268
846,476300
236,476332
67,476364
123,476396
3,476428
510,476460
399,476492
712,476524
847,476556
1130,476588
1769,476620
1592,476652
1831,476684
2208,476716
1595,476748
1406,476780
1143,476812
953,476844
1070,476876
781,476908
615,476940
350,476972
0,477004
400,477036
635,477068
858,477100
1085,477132
1275,477164
1536,477196
1740,477228
1597,477260
2206,477292
1720,477324
1512,477356
1248,477388
1050,477420
884,477452
602,477484
416,477516
480,477548
0,477580
0,477612
525,477644
359,477676
1007,477708
762,477740
1447,477772
1639,477804
1497,477836
2095,477868
2297,477900
1739,477932
1824,477964
1594,477996
1471,478028
1096,478060
874,478092
719,478124
412,478156
0,478188
268,478220
122,478252
396,478284
925,478316
856,478348
1373,478380
1612,478412
1578,478444
2076,478476
1834,478508
1701,478540
1368,478572
1196,478604
1369,478636
741,478668
553,478700
295,478732
94,478764
0,478796
309,478828
265,478860
832,478892
634,478924
1294,478956
1488,478988
1758,479020
1960,479052
2157,479084
2203,479116
1920,479148
1312,479180
1451,479212
859,479244
633,479276
398,479308
173,479340
0,479372
0,479404
26,479436
599,479468
484,479500
757,479532
1382,479564
1208,479596
1883,479628
1597,479660
2328,479692
2170,479724
1512,479756
1693,479788
1465,479820
881,479852
1002,479884
731,479916
616,479948
272,479980
184,480012
491,480044
635,480076
512,480108
1166,480140
959,480172
1194,480204
1822,480236
1656,480268
2288,480300
2031,480332
1481,480364
1552,480396
970,480428
839,480460
512,480492
348,480524
495,480556
0,480588
0,480620
524,480652
394,480684
667,480716
1210,480748
1115,480780
1709,480812
1869,480844
2173,480876
2264,480908
2061,480940
1788,480972
1560,481004
1322,481036
1097,481068
825,481100
632,481132
364,481164
0,481196
304,481228
172,481260
427,481292
633,481324
875,481356
1149,481388
1324,481420
1623,481452
1851,481484
1861,481516
1622,481548
1311,481580
1160,481612
1359,481644
654,481676
760,481708
605,481740
24,481772
175,481804
379,481836
301,481868
832,481900
1070,481932
1406,481964
1488,481996
1728,482028
2047,482060
2200,482092
1724,482124
1886,482156
1256,482188
1084,482220
1160,482252
622,482284
698,482316
475,482348
0,482380
170,482412
68,482444
379,482476
510,482508
794,482540
1418,482572
1242,482604
1517,482636
2076,482668
1982,482700
1759,482732
1807,482764
1290,482796
1420,482828
749,482860
956,482892
696,482924
494,482956
232,482988
250,483020
507,483052
713,483084
570,483116
1152,483148
1024,483180
1255,483212
1975,483244
1711,483276
1864,483308
1596,483340
1389,483372
1211,483404
936,483436
759,483468
458,483500
309,483532
491,483564
0,483596
411,483628
603,483660
426,483692
1051,483724
1288,483756
1150,483788
1752,483820
1945,483852
2296,483884
2175,483916
1913,483948
1757,483980
1440,484012
860,484044
1056,484076
407,484108
184,484140
334,484172
0,484204
379,484236
586,484268
508,484300
1024,484332
907,484364
1227,484396
1368,484428
1654,484460
2298,484492
1770,484524
1543,484556
1678,484588
1079,484620
891,484652
984,484684
439,484716
557,484748
254,484780
253,484812
462,484844
717,484876
920,484908
1146,484940
1370,484972
1612,485004
1804,485036
2074,485068
2270,485100
1660,485132
1499,485164
1197,485196
999,485228
736,485260
540,485292
363,485324
92,485356
0,485388
250,485420
188,485452
415,485484
569,485516
861,485548
1529,485580
1278,485612
1979,485644
2169,485676
1914,485708
2045,485740
1771,485772
1211,485804
1292,485836
1070,485868
959,485900
576,485932
352,485964
189,485996
294,486028
176,486060
792,486092
623,486124
1231,486156
1438,486188
1364,486220
1903,486252
2150,486284
1879,486316
1902,486348
1308,486380
1177,486412
856,486444
684,486476
844,486508
232,486540
43,486572
168,486604
93,486636
329,486668
829,486700
775,486732
1356,486764
1591,486796
1822,486828
2016,486860
2296,486892
2140,486924
1867,486956
1663,486988
1392,487020
799,487052
649,487084
348,487116
124,487148
0,487180
0,487212
90,487244
284,487276
549,487308
1103,487340
987,487372
1271,487404
1912,487436
1734,487468
2413,487500
1660,487532
1915,487564
1641,487596
999,487628
1167,487660
942,487692
369,487724
478,487756
217,487788
379,487820
493,487852
700,487884
1001,487916
1149,487948
1022,487980
1696,488012
1480,488044
2154,488076
2237,488108
1604,488140
1768,488172
1500,488204
967,488236
1040,488268
459,488300
328,488332
443,488364
0,488396
381,488428
230,488460
456,488492
1040,488524
904,488556
1177,488588
1727,488620
1639,488652
2237,488684
1869,488716
2009,488748
1736,488780
1529,488812
1258,488844
1035,488876
800,488908
574,488940
313,488972
0,489004
365,489036
232,489068
815,489100
681,489132
938,489164
1133,489196
1388,489228
1673,489260
1854,489292
1788,489324
1560,489356
1331,489388
1099,489420
798,489452
648,489484
845,489516
144,489548
352,489580
252,489612
440,489644
713,489676
904,489708
813,489740
1354,489772
1594,489804
1947,489836
2025,489868
2256,489900
2111,489932
1776,489964
1625,489996
1356,490028
746,490060
571,490092
640,490124
118,490156
174,490188
238,490220
206,490252
441,490284
572,490316
889,490348
1020,490380
1306,490412
1946,490444
1770,490476
1933,490508
2028,490540
1464,490572
1239,490604
1003,490636
779,490668
896,490700
239,490732
432,490764
160,490796
378,490828
574,490860
766,490892
655,490924
1216,490956
1085,490988
1688,491020
1536,491052
1774,491084
1773,491116
1544,491148
1336,491180
1081,491212
878,491244
698,491276
429,491308
248,491340
0,491372
0,491404
492,491436
234,491468
924,491500
1116,491532
1328,491564
1577,491596
1818,491628
1674,491660
2282,491692
2125,491724
2007,491756
1646,491788
1386,491820
1231,491852
921,491884
348,491916
542,491948
0,491980
0,492012
444,492044
294,492076
892,492108
1096,492140
1017,492172
1291,492204
1422,492236
1751,492268
1887,492300
1710,492332
1885,492364
1244,492396
1020,492428
1160,492460
568,492492
379,492524
120,492556
0,492588
317,492620
479,492652
779,492684
974,492716
1240,492748
1436,492780
1674,492812
1514,492844
2141,492876
2219,492908
2015,492940
1743,492972
1144,493004
1275,493036
684,493068
490,493100
232,493132
38,493164
0,493196
0,493228
250,493260
762,493292
696,493324
936,493356
1081,493388
1383,493420
2061,493452
2208,493484
2271,493516
1993,493548
1384,493580
1515,493612
1244,493644
699,493676
792,493708
586,493740
441,493772
109,493804
351,493836
656,493868
812,493900
684,493932
1305,493964
1135,493996
1770,494028
1966,494060
1892,494092
1815,494124
1852,494156
1341,494188
1374,494220
796,494252
665,494284
346,494316
172,494348
328,494380
0,494412
155,494444
343,494476
606,494508
831,494540
1344,494572
1291,494604
1886,494636
2119,494668
2360,494700
2088,494732
1433,494764
1610,494796
1337,494828
1143,494860
877,494892
295,494924
416,494956
0,494988
0,495020
112,495052
345,495084
598,495116
795,495148
1051,495180
1628,495212
1508,495244
1788,495276
2329,495308
1675,495340
1883,495372
1566,495404
1387,495436
1117,495468
487,495500
653,495532
430,495564
0,495596
366,495628
557,495660
903,495692
1005,495724
1210,495756
1517,495788
1674,495820
1535,495852
2224,495884
1770,495916
1980,495948
1711,495980
1081,496012
909,496044
984,496076
456,496108
509,496140
0,496172
0,496204
20,496236
286,496268
903,496300
732,496332
969,496364
1563,496396
1418,496428
1694,496460
2265,496492
1815,496524
1945,496556
1351,496588
1469,496620
1210,496652
574,496684
748,496716
512,496748
284,496780
232,496812
426,496844
685,496876
878,496908
746,496940
1337,496972
1198,497004
1452,497036
1656,497068
1919,497100
1736,497132
1448,497164
1271,497196
1037,497228
824,497260
587,497292
752,497324
139,497356
317,497388
0,497420
588,497452
777,497484
647,497516
1229,497548
1418,497580
1325,497612
1883,497644
2125,497676
2361,497708
1966,497740
1727,497772
1581,497804
1262,497836
1101,497868
844,497900
236,497932
68,497964
109,497996
8,498028
524,498060
752,498092
727,498124
1209,498156
1084,498188
1405,498220
1534,498252
1834,498284
2240,498316
1594,498348
1403,498380
1498,498412
942,498444
731,498476
490,498508
269,498540
378,498572
0,498604
432,498636
636,498668
894,498700
1096,498732
1278,498764
1545,498796
1744,498828
1599,498860
2219,498892
1719,498924
1482,498956
1248,498988
1032,499020
824,499052
560,499084
367,499116
188,499148
0,499180
0,499212
525,499244
362,499276
1015,499308
742,499340
1448,499372
1643,499404
1451,499436
2107,499468
2345,499500
1736,499532
1870,499564
1593,499596
1469,499628
1128,499660
864,499692
717,499724
407,499756
0,499788
312,499820
125,499852
350,499884
958,499916
798,499948
1407,499980
1613,500012
1533,500044
2087,500076
1832,500108
1703,500140
1367,500172
1196,500204
1369,500236
733,500268
507,500300
636,500332
55,500364
0,500396
8,500428
268,500460
845,500492
991,500524
1293,500556
1488,500588
1767,500620
1966,500652
2201,500684
2192,500716
1963,500748
1691,500780
1487,500812
1214,500844
632,500876
763,500908
171,500940
0,500972
0,501004
40,501036
311,501068
488,501100
761,501132
987,501164
1209,501196
1437,501228
1600,501260
1911,501292
2249,501324
1512,501356
1739,501388
1463,501420
874,501452
991,501484
730,501516
189,501548
266,501580
208,501612
557,501644
636,501676
872,501708
1175,501740
1320,501772
1196,501804
1833,501836
1657,501868
2295,501900
2026,501932
1478,501964
1550,501996
1324,502028
829,502060
858,502092
294,502124
153,502156
0,502188
0,502220
554,502252
406,502284
667,502316
846,502348
1116,502380
1353,502412
1868,502444
1817,502476
2300,502508
2059,502540
1824,502572
1550,502604
1354,502636
1096,502668
824,502700
623,502732
366,502764
0,502796
303,502828
175,502860
400,502892
622,502924
858,502956
1102,502988
1306,503020
1575,503052
1853,503084
1800,503116
1623,503148
1790,503180
1158,503212
1357,503244
622,503276
869,503308
601,503340
0,503372
185,503404
428,503436
310,503468
888,503500
1079,503532
1262,503564
1529,503596
1740,503628
2057,503660
2204,503692
1712,503724
1932,503756
1246,503788
1448,503820
1184,503852
568,503884
719,503916
464,503948
0,503980
175,504012
73,504044
379,504076
512,504108
796,504140
1417,504172
1245,504204
1481,504236
2089,504268
1945,504300
1753,504332
1849,504364
1289,504396
1417,504428
829,504460
953,504492
694,504524
503,504556
232,504588
287,504620
526,504652
746,504684
938,504716
1200,504748
1402,504780
1258,504812
1865,504844
1720,504876
1864,504908
1596,504940
1390,504972
1209,505004
936,505036
758,505068
525,505100
308,505132
75,505164
0,505196
24,505228
671,505260
432,505292
1103,505324
1291,505356
1159,505388
1755,505420
1950,505452
2174,505484
2173,505516
1945,505548
1831,505580
1435,505612
1208,505644
1055,505676
749,505708
588,505740
239,505772
0,505804
69,505836
586,505868
518,505900
1037,505932
1275,505964
1237,505996
1738,506028
1606,506060
1933,506092
1709,506124
1533,506156
1712,506188
1080,506220
888,506252
975,506284
443,506316
205,506348
0,506380
0,506412
496,506444
288,506476
954,506508
1150,506540
1420,506572
1616,506604
1816,506636
2078,506668
2272,506700
1656,506732
1792,506764
1194,506796
970,506828
732,506860
507,506892
314,506924
58,506956
0,506988
0,507020
151,507052
423,507084
1046,507116
873,507148
1531,507180
1256,507212
1979,507244
2171,507276
1863,507308
2043,507340
1806,507372
1526,507404
1336,507436
1077,507468
971,507500
618,507532
352,507564
185,507596
288,507628
185,507660
832,507692
634,507724
860,507756
1480,507788
1316,507820
1945,507852
2144,507884
1831,507916
1900,507948
1307,507980
1176,508012
1293,508044
682,508076
841,508108
230,508140
8,508172
172,508204
61,508236
331,508268
511,508300
779,508332
1357,508364
1516,508396
1833,508428
2026,508460
2297,508492
2141,508524
1904,508556
1662,508588
1433,508620
1163,508652
971,508684
703,508716
126,508748
239,508780
0,508812
92,508844
284,508876
550,508908
823,508940
998,508972
1272,509004
1509,509036
1736,509068
1963,509100
1655,509132
1501,509164
1703,509196
990,509228
1213,509260
939,509292
663,509324
477,509356
206,509388
0,509420
504,509452
733,509484
1079,509516
1150,509548
1387,509580
1696,509612
1850,509644
1722,509676
2238,509708
1596,509740
1755,509772
1498,509804
964,509836
1024,509868
809,509900
319,509932
90,509964
0,509996
43,510028
174,510060
458,510092
1080,510124
905,510156
1179,510188
1368,510220
1640,510252
1881,510284
2158,510316
1629,510348
1770,510380
1529,510412
1294,510444
1024,510476
831,510508
574,510540
311,510572
167,510604
366,510636
236,510668
825,510700
687,510732
911,510764
1134,510796
1370,510828
1629,510860
1832,510892
1738,510924
1561,510956
1272,510988
1096,511020
1262,511052
646,511084
840,511116
112,511148
349,511180
255,511212
475,511244
715,511276
950,511308
821,511340
1402,511372
1596,511404
1947,511436
2059,511468
2256,511500
2107,511532
1786,511564
1193,511596
1400,511628
732,511660
928,511692
667,511724
68,511756
204,511788
250,511820
171,511852
439,511884
584,511916
892,511948
1024,511980
1308,512012
1949,512044
1771,512076
1895,512108
2025,512140
1419,512172
1228,512204
1322,512236
777,512268
893,512300
317,512332
429,512364
158,512396
379,512428
584,512460
810,512492
656,512524
1262,512556
1456,512588
1723,512620
1928,512652
1784,512684
2154,512716
1534,512748
1328,512780
1080,512812
878,512844
699,512876
426,512908
247,512940
20,512972
0,513004
78,513036
238,513068
535,513100
1193,513132
1338,513164
1629,513196
1819,513228
1674,513260
2285,513292
2122,513324
1559,513356
1643,513388
1415,513420
1295,513452
921,513484
696,513516
541,513548
233,513580
249,513612
446,513644
297,513676
570,513708
1100,513740
1030,513772
1293,513804
1800,513836
1756,513868
2255,513900
1657,513932
1513,513964
1192,513996
1018,514028
1184,514060
566,514092
379,514124
461,514156
0,514188
0,514220
216,514252
441,514284
1018,514316
810,514348
1472,514380
1676,514412
1497,514444
2144,514476
2207,514508
2013,514540
1741,514572
1135,514604
1273,514636
682,514668
455,514700
224,514732
5,514764
0,514796
0,514828
205,514860
475,514892
653,514924
926,514956
1084,514988
1385,515020
2062,515052
2221,515084
2267,515116
1991,515148
1335,515180
1513,515212
1289,515244
698,515276
823,515308
558,515340
429,515372
149,515404
361,515436
664,515468
813,515500
687,515532
1354,515564
1144,515596
1371,515628
2010,515660
1834,515692
1771,515724
1853,515756
1304,515788
1372,515820
796,515852
652,515884
345,515916
170,515948
317,515980
0,516012
127,516044
701,516076
571,516108
844,516140
1019,516172
1293,516204
1897,516236
2047,516268
2349,516300
2078,516332
1423,516364
1610,516396
1374,516428
1136,516460
907,516492
649,516524
448,516556
192,516588
0,516620
476,516652
350,516684
604,516716
798,516748
1060,516780
1335,516812
1514,516844
1799,516876
2216,516908
1672,516940
1435,516972
1615,517004
975,517036
1181,517068
485,517100
699,517132
427,517164
0,517196
365,517228
568,517260
476,517292
1008,517324
1246,517356
1593,517388
1676,517420
1914,517452
2235,517484
2138,517516
1532,517548
1708,517580
1071,517612
904,517644
983,517676
456,517708
520,517740
296,517772
329,517804
359,517836
238,517868
555,517900
684,517932
968,517964
1598,517996
1419,518028
1705,518060
1894,518092
1805,518124
1579,518156
1628,518188
1115,518220
1242,518252
573,518284
778,518316
510,518348
316,518380
234,518412
428,518444
685,518476
888,518508
747,518540
1336,518572
1198,518604
1433,518636
1659,518668
1892,518700
1677,518732
1418,518764
1214,518796
1334,518828
760,518860
583,518892
757,518924
132,518956
315,518988
0,519020
588,519052
777,519084
603,519116
1229,519148
1468,519180
1333,519212
1931,519244
2125,519276
2349,519308
1993,519340
1736,519372
1579,519404
1260,519436
687,519468
878,519500
233,519532
19,519564
139,519596
0,519628
556,519660
760,519692
684,519724
1210,519756
1086,519788
1404,519820
1536,519852
1836,519884
2233,519916
1590,519948
1357,519980
1496,520012
903,520044
716,520076
799,520108
264,520140
377,520172
139,520204
441,520236
640,520268
902,520300
1096,520332
1322,520364
1550,520396
1789,520428
1983,520460
2265,520492
2093,520524
1482,520556
1615,520588
1019,520620
822,520652
559,520684
362,520716
185,520748
0,520780
0,520812
141,520844
370,520876
600,520908
746,520940
1048,520972
1711,521004
1453,521036
2157,521068
2335,521100
1724,521132
1865,521164
1592,521196
1035,521228
1119,521260
895,521292
779,521324
408,521356
175,521388
317,521420
464,521452
359,521484
960,521516
806,521548
1090,521580
1624,521612
1544,521644
2089,521676
2200,521708
1687,521740
1723,521772
1128,521804
999,521836
680,521868
506,521900
665,521932
44,521964
0,521996
360,522028
267,522060
501,522092
1003,522124
955,522156
1534,522188
1323,522220
2008,522252
2206,522284
2233,522316
1962,522348
1687,522380
1483,522412
1213,522444
622,522476
761,522508
171,522540
0,522572
234,522604
21,522636
264,522668
458,522700
714,522732
986,522764
1165,522796
1448,522828
1610,522860
1912,522892
2235,522924
1478,522956
1736,522988
1453,523020
824,523052
989,523084
763,523116
187,523148
302,523180
216,523212
555,523244
671,523276
875,523308
1177,523340
1328,523372
1199,523404
1880,523436
1660,523468
1884,523500
2060,523532
1418,523564
1582,523596
1323,523628
791,523660
858,523692
293,523724
151,523756
0,523788
0,523820
557,523852
408,523884
633,523916
1214,523948
1084,523980
1352,524012
1917,524044
1819,524076
2294,524108
1979,524140
1817,524172
1549,524204
1341,524236
1084,524268
859,524300
624,524332
395,524364
120,524396
348,524428
541,524460
400,524492
711,524524
858,524556
1115,524588
1310,524620
1577,524652
1853,524684
1790,524716
1610,524748
1678,524780
1147,524812
923,524844
620,524876
471,524908
667,524940
0,524972
247,525004
432,525036
314,525068
889,525100
1082,525132
987,525164
1536,525196
1773,525228
2127,525260
2204,525292
2079,525324
1930,525356
1611,525388
1019,525420
1182,525452
568,525484
718,525516
459,525548
0,525580
174,525612
423,525644
381,525676
871,525708
746,525740
1065,525772
1198,525804
1484,525836
2128,525868
1942,525900
1753,525932
1840,525964
1276,525996
1055,526028
1102,526060
601,526092
720,526124
487,526156
250,526188
296,526220
556,526252
750,526284
942,526316
1209,526348
1402,526380
1272,526412
1565,526444
1722,526476
1832,526508
1592,526540
1360,526572
1158,526604
905,526636
710,526668
823,526700
250,526732
83,526764
219,526796
25,526828
670,526860
407,526892
1110,526924
1295,526956
1115,526988
1755,527020
1998,527052
1852,527084
2218,527116
1943,527148
1819,527180
1465,527212
1200,527244
1053,527276
744,527308
171,527340
362,527372
0,527404
425,527436
630,527468
462,527500
1079,527532
1275,527564
1196,527596
1728,527628
1608,527660
1933,527692
2173,527724
1532,527756
1709,527788
1068,527820
855,527852
974,527884
391,527916
205,527948
280,527980
0,528012
505,528044
393,528076
957,528108
1160,528140
1419,528172
1624,528204
1853,528236
2089,528268
2304,528300
2031,528332
1447,528364
1564,528396
957,528428
1100,528460
505,528492
315,528524
57,528556
0,528588
0,528620
152,528652
424,528684
651,528716
884,528748
1109,528780
1258,528812
1563,528844
2253,528876
1850,528908
2089,528940
1807,528972
1518,529004
1337,529036
1066,529068
525,529100
607,529132
380,529164
249,529196
300,529228
537,529260
843,529292
986,529324
1279,529356
1481,529388
1311,529420
1608,529452
2154,529484
1822,529516
1897,529548
1672,529580
1163,529612
953,529644
620,529676
487,529708
169,529740
5,529772
204,529804
92,529836
331,529868
875,529900
791,529932
1015,529964
1241,529996
1469,530028
2064,530060
1840,530092
2172,530124
1900,530156
1696,530188
1424,530220
1160,530252
599,530284
702,530316
111,530348
238,530380
0,530412
76,530444
288,530476
522,530508
777,530540
972,530572
1227,530604
1502,530636
1690,530668
1961,530700
1657,530732
1492,530764
1703,530796
956,530828
1209,530860
939,530892
698,530924
479,530956
248,530988
0,531020
553,531052
735,531084
1080,531116
1193,531148
1389,531180
1705,531212
1855,531244
1726,531276
2280,531308
1593,531340
1356,531372
1529,531404
906,531436
1056,531468
800,531500
283,531532
91,531564
0,531596
45,531628
186,531660
468,531692
1081,531724
916,531756
1144,531788
1742,531820
1597,531852
1881,531884
1821,531916
1627,531948
1759,531980
1451,532012
1291,532044
1024,532076
827,532108
570,532140
343,532172
0,532204
409,532236
605,532268
875,532300
1056,532332
922,532364
1516,532396
1374,532428
1639,532460
1838,532492
1735,532524
1547,532556
1262,532588
1094,532620
1152,532652
637,532684
411,532716
109,532748
0,532780
333,532812
479,532844
765,532876
955,532908
823,532940
1403,532972
1600,533004
1501,533036
2064,533068
2288,533100
2173,533132
1786,533164
1550,533196
1403,533228
1085,533260
511,533292
666,533324
58,533356
201,533388
240,533420
183,533452
444,533484
940,533516
901,533548
1386,533580
1259,533612
1581,533644
1720,533676
1882,533708
2060,533740
1414,533772
1225,533804
954,533836
764,533868
543,533900
589,533932
91,533964
186,533996
381,534028
624,534060
810,534092
648,534124
1262,534156
1464,534188
1727,534220
1934,534252
1785,534284
2144,534316
1531,534348
1304,534380
1069,534412
846,534444
649,534476
392,534508
202,534540
301,534572
0,534604
87,534636
710,534668
539,534700
1191,534732
1341,534764
1628,534796
1821,534828
1628,534860
2287,534892
2158,534924
1556,534956
1687,534988
1406,535020
1291,535052
943,535084
687,535116
538,535148
233,535180
0,535212
492,535244
304,535276
940,535308
1144,535340
972,535372
1259,535404
1804,535436
1731,535468
2250,535500
1656,535532
1511,535564
1192,535596
1014,535628
1181,535660
554,535692
341,535724
460,535756
0,535788
0,535820
525,535852
445,535884
1021,535916
903,535948
1479,535980
1677,536012
1499,536044
2152,536076
2249,536108
2012,536140
1776,536172
1501,536204
1307,536236
1039,536268
447,536300
586,536332
4,536364
0,536396
0,536428
216,536460
488,536492
665,536524
935,536556
1163,536588
1397,536620
1627,536652
2285,536684
1837,536716
2061,536748
1324,536780
1551,536812
1279,536844
696,536876
825,536908
544,536940
20,536972
154,537004
393,537036
735,537068
815,537100
1050,537132
1353,537164
1503,537196
1807,537228
2012,537260
1835,537292
1766,537324
1840,537356
1292,537388
1372,537420
1146,537452
652,537484
686,537516
110,537548
0,537580
0,537612
126,537644
735,537676
581,537708
843,537740
1391,537772
1292,537804
1529,537836
1757,537868
1981,537900
2112,537932
1421,537964
1640,537996
1370,538028
1178,538060
910,538092
640,538124
446,538156
183,538188
0,538220
488,538252
349,538284
585,538316
800,538348
1034,538380
1288,538412
1486,538444
1744,538476
1900,538508
1613,538540
1434,538572
1611,538604
980,538636
1176,538668
452,538700
696,538732
423,538764
0,538796
375,538828
607,538860
485,538892
1056,538924
1248,538956
1605,538988
1719,539020
1918,539052
2237,539084
2128,539116
1531,539148
1751,539180
1070,539212
845,539244
1004,539276
393,539308
543,539340
288,539372
0,539404
364,539436
239,539468
567,539500
696,539532
972,539564
1609,539596
1430,539628
1672,539660
2271,539692
1757,539724
1565,539756
1303,539788
1111,539820
1237,539852
927,539884
767,539916
508,539948
313,539980
238,540012
471,540044
698,540076
927,540108
1118,540140
1384,540172
1581,540204
1432,540236
2043,540268
1884,540300
1675,540332
1416,540364
1213,540396
1034,540428
760,540460
583,540492
349,540524
133,540556
0,540588
0,540620
201,540652
848,540684
605,540716
1279,540748
1469,540780
1336,540812
1935,540844
2126,540876
1895,540908
1992,540940
1757,540972
1641,541004
1245,541036
1024,541068
880,541100
572,541132
7,541164
136,541196
0,541228
566,541260
763,541292
695,541324
1212,541356
1452,541388
1415,541420
1915,541452
1784,541484
1865,541516
1528,541548
1356,541580
1528,541612
901,541644
713,541676
443,541708
265,541740
39,541772
140,541804
107,541836
698,541868
905,541900
1134,541932
1328,541964
1598,541996
1792,542028
1993,542060
2264,542092
2090,542124
1469,542156
1615,542188
1018,542220
792,542252
557,542284
332,542316
139,542348
0,542380
0,542412
148,542444
319,542476
599,542508
1221,542540
1052,542572
1720,542604
1434,542636
2156,542668
2333,542700
1674,542732
1855,542764
1626,542796
1033,542828
1161,542860
893,542892
621,542924
429,542956
173,542988
320,543020
473,543052
362,543084
1016,543116
809,543148
1454,543180
1662,543212
1486,543244
2126,543276
2192,543308
1641,543340
1722,543372
1131,543404
987,543436
681,543468
504,543500
655,543532
55,543564
0,543596
361,543628
235,543660
503,543692
1040,543724
955,543756
1549,543788
1417,543820
2009,543852
2218,543884
2222,543916
1952,543948
1720,543980
1482,544012
1247,544044
984,544076
793,544108
527,544140
0,544172
135,544204
22,544236
270,544268
461,544300
718,544332
989,544364
1176,544396
1460,544428
1687,544460
1916,544492
1784,544524
1470,544556
1309,544588
1517,544620
815,544652
1037,544684
764,544716
184,544748
299,544780
222,544812
445,544844
682,544876
909,544908
1257,544940
1336,544972
1567,545004
1885,545036
2030,545068
2317,545100
2060,545132
1416,545164
1238,545196
1312,545228
780,545260
847,545292
636,545324
151,545356
168,545388
0,545420
223,545452
360,545484
638,545516
1262,545548
1084,545580
1355,545612
1916,545644
1820,545676
1929,545708
1689,545740
1451,545772
1582,545804
906,545836
1114,545868
848,545900
652,545932
396,545964
119,545996
351,546028
555,546060
411,546092
992,546124
864,546156
1094,546188
1312,546220
1550,546252
1816,546284
1764,546316
1550,546348
1373,546380
1096,546412
920,546444
1084,546476
459,546508
665,546540
0,546572
235,546604
442,546636
275,546668
893,546700
1128,546732
1305,546764
1583,546796
1783,546828
2135,546860
2249,546892
2077,546924
1929,546956
1598,546988
1019,547020
1225,547052
567,547084
342,547116
490,547148
0,547180
219,547212
415,547244
349,547276
873,547308
751,547340
1068,547372
1673,547404
1486,547436
2137,547468
1932,547500
1707,547532
1846,547564
1239,547596
1051,547628
782,547660
599,547692
713,547724
416,547756
249,547788
298,547820
557,547852
762,547884
988,547916
1212,547948
1440,547980
1643,548012
1913,548044
2108,548076
1822,548108
1967,548140
1359,548172
1160,548204
895,548236
700,548268
522,548300
250,548332
71,548364
0,548396
27,548428
263,548460
411,548492
715,548524
1368,548556
1116,548588
1807,548620
1999,548652
2186,548684
2217,548716
1932,548748
1370,548780
1456,548812
1230,548844
1119,548876
744,548908
521,548940
364,548972
123,549004
26,549036
631,549068
472,549100
1078,549132
1277,549164
1198,549196
1740,549228
1979,549260
1933,549292
1803,549324
1468,549356
1335,549388
1015,549420
844,549452
1004,549484
393,549516
201,549548
0,549580
0,549612
169,549644
668,549676
621,549708
1197,549740
1421,549772
1658,549804
1862,549836
2126,549868
2312,549900
2029,549932
1836,549964
1560,549996
956,550028
1088,550060
504,550092
280,550124
46,550156
0,550188
0,550220
124,550252
389,550284
659,550316
829,550348
1111,550380
1752,550412
1563,550444
2251,550476
1820,550508
2087,550540
1805,550572
1552,550604
1327,550636
1103,550668
512,550700
648,550732
380,550764
235,550796
332,550828
539,550860
843,550892
989,550924
872,550956
1532,550988
1320,551020
1984,551052
2190,551084
1766,551116
1930,551148
1662,551180
1127,551212
937,551244
622,551276
487,551308
168,551340
2,551372
215,551404
70,551436
299,551468
878,551500
748,551532
1016,551564
1566,551596
1471,551628
2077,551660
1945,551692
2169,551724
1898,551756
1693,551788
1418,551820
1196,551852
588,551884
733,551916
472,551948
279,551980
205,552012
73,552044
664,552076
524,552108
779,552140
973,552172
1230,552204
1512,552236
1702,552268
1959,552300
1723,552332
1484,552364
1259,552396
955,552428
798,552460
1005,552492
698,552524
520,552556
237,552588
0,552620
551,552652
745,552684
653,552716
1196,552748
1423,552780
1775,552812
1856,552844
2094,552876
2271,552908
1952,552940
1791,552972
1528,553004
895,553036
729,553068
800,553100
269,553132
87,553164
103,553196
55,553228
526,553260
420,553292
733,553324
870,553356
1147,553388
1776,553420
1608,553452
1883,553484
2190,553516
1625,553548
1391,553580
1163,553612
939,553644
1056,553676
396,553708
590,553740
332,553772
0,553804
414,553836
605,553868
620,553900
1064,553932
927,553964
1516,553996
1375,554028
1610,554060
1838,554092
1706,554124
1497,554156
1242,554188
1037,554220
858,554252
585,554284
407,554316
107,554348
0,554380
331,554412
489,554444
776,554476
957,554508
778,554540
1415,554572
1655,554604
1511,554636
2119,554668
2285,554700
2169,554732
1807,554764
1536,554796
1391,554828
1084,554860
509,554892
702,554924
60,554956
0,554988
283,555020
134,555052
411,555084
938,555116
859,555148
1389,555180
1262,555212
1591,555244
1725,555276
1880,555308
2055,555340
1412,555372
1180,555404
1312,555436
727,555468
537,555500
268,555532
89,555564
185,555596
335,555628
619,555660
814,555692
654,555724
1274,555756
1504,555788
1739,555820
1979,555852
2172,555884
2176,555916
1904,555948
1296,555980
1434,556012
843,556044
648,556076
383,556108
200,556140
17,556172
0,556204
89,556236
606,556268
541,556300
774,556332
1400,556364
1225,556396
1901,556428
1638,556460
2345,556492
2155,556524
1544,556556
1677,556588
1405,556620
859,556652
941,556684
715,556716
603,556748
218,556780
190,556812
495,556844
650,556876
528,556908
1145,556940
974,556972
1261,557004
1804,557036
1722,557068
2240,557100
2021,557132
1501,557164
1535,557196
954,557228
825,557260
503,557292
332,557324
492,557356
0,557388
8,557420
186,557452
444,557484
677,557516
1181,557548
1131,557580
1722,557612
1501,557644
2188,557676
2248,557708
2044,557740
1774,557772
1499,557804
1305,557836
1038,557868
444,557900
583,557932
2,557964
0,557996
0,558028
188,558060
442,558092
636,558124
888,558156
1466,558188
1350,558220
1627,558252
2283,558284
1836,558316
2046,558348
1293,558380
1548,558412
1275,558444
638,558476
813,558508
588,558540
16,558572
199,558604
397,558636
745,558668
857,558700
1053,558732
1357,558764
1504,558796
1382,558828
2061,558860
1838,558892
1707,558924
1878,558956
1240,558988
1403,559020
1146,559052
615,559084
683,559116
111,559148
0,559180
0,559212
124,559244
745,559276
582,559308
809,559340
1392,559372
1259,559404
1532,559436
2105,559468
1977,559500
2109,559532
1791,559564
1631,559596
1368,559628
1173,559660
908,559692
672,559724
445,559756
215,559788
267,559820
526,559852
719,559884
585,559916
1168,559948
1037,559980
1293,560012
1498,560044
1756,560076
1896,560108
1608,560140
1431,560172
1197,560204
969,560236
747,560268
444,560300
296,560332
488,560364
0,560396
427,560428
616,560460
489,560492
1069,560524
1258,560556
1165,560588
1722,560620
1961,560652
2315,560684
2127,560716
1898,560748
1743,560780
1423,560812
846,560844
1004,560876
393,560908
218,560940
287,560972
0,561004
363,561036
592,561068
567,561100
1050,561132
924,561164
1242,561196
1380,561228
1674,561260
2319,561292
1754,561324
1564,561356
1662,561388
1101,561420
877,561452
927,561484
425,561516
542,561548
0,561580
280,561612
474,561644
734,561676
936,561708
1128,561740
1387,561772
1581,561804
1437,561836
2048,561868
1872,561900
1643,561932
1911,561964
1191,561996
975,562028
728,562060
526,562092
347,562124
75,562156
0,562188
0,562220
200,562252
856,562284
584,562316
1285,562348
1477,562380
1290,562412
1943,562444
2176,562476
1898,562508
2028,562540
1753,562572
1640,562604
1289,562636
1024,562668
877,562700
568,562732
6,562764
167,562796
0,562828
198,562860
808,562892
646,562924
1248,562956
1465,562988
1383,563020
1919,563052
1786,563084
1854,563116
1520,563148
1352,563180
1519,563212
900,563244
667,563276
796,563308
215,563340
29,563372
185,563404
109,563436
685,563468
841,563500
1133,563532
1336,563564
1597,563596
1802,563628
2040,563660
2268,563692
2124,563724
1852,563756
1647,563788
1375,563820
781,563852
635,563884
328,563916
140,563948
0,563980
0,564012
152,564044
329,564076
600,564108
1118,564140
1052,564172
1278,564204
1436,564236
1742,564268
2399,564300
1672,564332
1901,564364
1627,564396
1032,564428
1163,564460
890,564492
347,564524
428,564556
200,564588
395,564620
478,564652
712,564684
1017,564716
1163,564748
1039,564780
1664,564812
1497,564844
2127,564876
2189,564908
1640,564940
1711,564972
1486,565004
987,565036
1017,565068
444,565100
313,565132
3,565164
0,565196
396,565228
246,565260
505,565292
1054,565324
955,565356
1191,565388
1706,565420
1655,565452
2253,565484
2219,565516
1984,565548
1712,565580
1514,565612
1246,565644
976,565676
791,565708
525,565740
0,565772
0,565804
24,565836
251,565868
464,565900
1198,565932
952,565964
1149,565996
1405,566028
1995,566060
1868,566092
1781,566124
1959,566156
1309,566188
1512,566220
780,566252
1033,566284
752,566316
135,566348
295,566380
267,566412
151,566444
719,566476
911,566508
1257,566540
1370,566572
1579,566604
1887,566636
2042,566668
1881,566700
2096,566732
1406,566764
1610,566796
1342,566828
726,566860
879,566892
632,566924
105,566956
159,566988
0,567020
219,567052
797,567084
646,567116
1257,567148
1092,567180
1321,567212
1920,567244
1783,567276
1912,567308
2011,567340
1449,567372
1579,567404
989,567436
1113,567468
846,567500
653,567532
392,567564
149,567596
360,567628
588,567660
781,567692
677,567724
1239,567756
1098,567788
1694,567820
1552,567852
1819,567884
1758,567916
1550,567948
1370,567980
1098,568012
917,568044
695,568076
458,568108
235,568140
0,568172
0,568204
509,568236
271,568268
943,568300
1131,568332
1307,568364
1591,568396
1786,568428
1691,568460
2250,568492
2108,568524
1993,568556
1597,568588
1369,568620
1225,568652
907,568684
746,568716
480,568748
0,568780
0,568812
427,568844
360,568876
877,568908
1115,568940
1079,568972
1307,569004
1444,569036
1769,569068
1871,569100
1695,569132
1872,569164
1230,569196
1049,569228
1136,569260
599,569292
365,569324
151,569356
0,569388
336,569420
139,569452
796,569484
988,569516
1258,569548
1452,569580
1645,569612
1520,569644
2111,569676
1820,569708
1963,569740
1356,569772
1126,569804
892,569836
677,569868
472,569900
218,569932
24,569964
0,569996
2,570028
264,570060
424,570092
713,570124
1371,570156
1096,570188
1815,570220
2007,570252
2222,570284
2203,570316
1977,570348
1370,570380
1499,570412
1230,570444
1113,570476
764,570508
507,570540
361,570572
125,570604
29,570636
670,570668
474,570700
698,570732
1312,570764
1156,570796
1784,570828
1983,570860
1900,570892
1800,570924
1469,570956
1335,570988
1008,571020
840,571052
999,571084
387,571116
157,571148
280,571180
0,571212
167,571244
359,571276
621,571308
1207,571340
1355,571372
1661,571404
1868,571436
2135,571468
2300,571500
2064,571532
1444,571564
1597,571596
1312,571628
1129,571660
862,571692
279,571724
411,571756
0,571788
0,571820
128,571852
392,571884
663,571916
841,571948
1115,571980
1644,572012
1574,572044
1805,572076
1816,572108
1659,572140
1869,572172
1551,572204
1373,572236
1101,572268
519,572300
635,572332
368,572364
0,572396
342,572428
574,572460
919,572492
990,572524
1225,572556
1533,572588
1680,572620
1559,572652
2200,572684
1755,572716
1918,572748
1662,572780
1126,572812
935,572844
969,572876
475,572908
506,572940
0,572972
0,573004
25,573036
300,573068
910,573100
748,573132
1015,573164
1198,573196
1479,573228
1721,573260
2239,573292
1801,573324
1930,573356
1693,573388
1454,573420
1196,573452
558,573484
732,573516
463,573548
269,573580
205,573612
77,573644
665,573676
528,573708
752,573740
976,573772
1213,573804
1466,573836
1672,573868
1901,573900
2026,573932
1433,573964
1255,573996
1429,574028
794,574060
1003,574092
687,574124
508,574156
237,574188
0,574220
555,574252
783,574284
664,574316
1242,574348
1433,574380
1783,574412
1898,574444
2106,574476
2271,574508
1950,574540
1353,574572
1564,574604
892,574636
1086,574668
830,574700
232,574732
46,574764
91,574796
22,574828
539,574860
423,574892
732,574924
872,574956
1148,574988
1785,575020
1608,575052
1848,575084
2188,575116
1576,575148
1387,575180
1483,575212
935,575244
1053,575276
476,575308
591,575340
330,575372
0,575404
426,575436
653,575468
873,575500
1101,575532
1293,575564
1565,575596
1758,575628
1615,575660
2224,575692
1704,575724
1488,575756
1231,575788
1034,575820
858,575852
586,575884
406,575916
183,575948
0,575980
0,576012
541,576044
379,576076
1024,576108
783,576140
1465,576172
1659,576204
1515,576236
2123,576268
2284,576300
1720,576332
1806,576364
1578,576396
1455,576428
1081,576460
856,576492
701,576524
393,576556
220,576588
288,576620
141,576652
412,576684
943,576716
869,576748
1391,576780
1636,576812
1594,576844
2104,576876
1818,576908
1677,576940
1352,576972
1178,577004
1344,577036
726,577068
537,577100
622,577132
87,577164
0,577196
57,577228
287,577260
858,577292
651,577324
1310,577356
1504,577388
1776,577420
1980,577452
2173,577484
2175,577516
1903,577548
1295,577580
1435,577612
841,577644
616,577676
379,577708
166,577740
0,577772
0,577804
43,577836
316,577868
494,577900
775,577932
1449,577964
1226,577996
1901,578028
1613,578060
2345,578092
2153,578124
1494,578156
1675,578188
1440,578220
855,578252
986,578284
714,578316
597,578348
250,578380
200,578412
505,578444
653,578476
538,578508
1192,578540
976,578572
1222,578604
1850,578636
1674,578668
2283,578700
2012,578732
1453,578764
1534,578796
944,578828
812,578860
502,578892
328,578924
477,578956
0,578988
0,579020
542,579052
411,579084
681,579116
872,579148
1135,579180
1725,579212
1885,579244
2197,579276
2238,579308
2041,579340
1770,579372
1534,579404
1294,579436
1070,579468
809,579500
617,579532
348,579564
0,579596
317,579628
189,579660
444,579692
639,579724
894,579756
1172,579788
1351,579820
1630,579852
1867,579884
1833,579916
1597,579948
1291,579980
1143,580012
1341,580044
646,580076
857,580108
585,580140
16,580172
203,580204
399,580236
316,580268
860,580300
1087,580332
1424,580364
1513,580396
1753,580428
2073,580460
2207,580492
1703,580524
1869,580556
1232,580588
1399,580620
1135,580652
613,580684
672,580716
456,580748
0,580780
191,580812
88,580844
397,580876
528,580908
810,580940
1436,580972
1260,581004
1534,581036
1732,581068
1965,581100
1739,581132
1791,581164
1273,581196
1402,581228
1163,581260
938,581292
672,581324
478,581356
204,581388
267,581420
525,581452
727,581484
587,581516
1178,581548
1039,581580
1273,581612
1498,581644
1734,581676
1848,581708
1578,581740
1380,581772
1193,581804
921,581836
743,581868
909,581900
292,581932
476,581964
0,581996
423,582028
619,582060
443,582092
1081,582124
1304,582156
1175,582188
1768,582220
1963,582252
2155,582284
2158,582316
1896,582348
1736,582380
1421,582412
842,582444
1038,582476
384,582508
572,582540
312,582572
0,582604
398,582636
602,582668
532,582700
1051,582732
925,582764
1245,582796
1384,582828
1676,582860
2317,582892
1751,582924
1515,582956
1660,582988
1063,583020
873,583052
960,583084
415,583116
539,583148
0,583180
279,583212
478,583244
743,583276
936,583308
1166,583340
1388,583372
1629,583404
1818,583436
2093,583468
2256,583500
1640,583532
1786,583564
1179,583596
975,583628
719,583660
524,583692
346,583724
73,583756
0,583788
0,583820
212,583852
438,583884
587,583916
891,583948
1549,583980
1294,584012
1995,584044
2187,584076
1894,584108
2027,584140
1752,584172
1504,584204
1278,584236
1056,584268
941,584300
568,584332
344,584364
169,584396
312,584428
606,584460
800,584492
640,584524
924,584556
1456,584588
1382,584620
1919,584652
2167,584684
1852,584716
1884,584748
1292,584780
1161,584812
842,584844
666,584876
826,584908
214,584940
28,584972
190,585004
108,585036
349,585068
569,585100
795,585132
1374,585164
1164,585196
1838,585228
2040,585260
2314,585292
2122,585324
1850,585356
1645,585388
1373,585420
779,585452
921,585484
328,585516
106,585548
0,585580
0,585612
108,585644
301,585676
556,585708
827,585740
1006,585772
1287,585804
1931,585836
1752,585868
2397,585900
1641,585932
1899,585964
1623,585996
980,586028
1151,586060
926,586092
651,586124
460,586156
190,586188
397,586220
511,586252
716,586284
1017,586316
1165,586348
1040,586380
1720,586412
1497,586444
1734,586476
2219,586508
1578,586540
1403,586572
1484,586604
951,586636
1017,586668
444,586700
311,586732
415,586764
0,586796
397,586828
246,586860
475,586892
1056,586924
923,586956
1193,586988
1383,587020
1657,587052
2255,587084
2142,587116
1981,587148
1708,587180
1511,587212
1244,587244
1016,587276
782,587308
556,587340
288,587372
182,587404
382,587436
249,587468
840,587500
699,587532
955,587564
1150,587596
1414,587628
1692,587660
1881,587692
1770,587724
1533,587756
1307,587788
1080,587820
780,587852
621,587884
829,587916
135,587948
331,587980
268,588012
456,588044
729,588076
922,588108
831,588140
1374,588172
1611,588204
1963,588236
2041,588268
2240,588300
2093,588332
1769,588364
1178,588396
1341,588428
718,588460
876,588492
621,588524
94,588556
158,588588
255,588620
231,588652
461,588684
590,588716
909,588748
1036,588780
1325,588812
1966,588844
1785,588876
1912,588908
1639,588940
1447,588972
1213,589004
1264,589036
761,589068
878,589100
649,589132
416,589164
139,589196
394,589228
598,589260
783,589292
1051,589324
1242,589356
1102,589388
1704,589420
1563,589452
1798,589484
1752,589516
1518,589548
1320,589580
1064,589612
869,589644
681,589676
410,589708
233,589740
395,589772
0,589804
523,589836
250,589868
951,589900
1133,589932
1344,589964
1642,589996
1834,590028
1693,590060
2299,590092
2106,590124
1982,590156
1625,590188
1360,590220
1213,590252
907,590284
332,590316
524,590348
0,590380
264,590412
471,590444
313,590476
919,590508
1128,590540
1036,590572
1305,590604
1446,590636
1769,590668
1869,590700
1704,590732
1869,590764
1226,590796
1003,590828
1132,590860
552,590892
360,590924
443,590956
0,590988
335,591020
233,591052
799,591084
992,591116
1259,591148
1455,591180
1688,591212
1529,591244
2159,591276
2200,591308
1995,591340
1725,591372
1127,591404
1260,591436
666,591468
464,591500
208,591532
19,591564
0,591596
3,591628
265,591660
491,591692
715,591724
942,591756
1099,591788
1403,591820
2079,591852
2223,591884
2253,591916
1968,591948
1366,591980
1497,592012
1226,592044
679,592076
762,592108
539,592140
424,592172
127,592204
377,592236
683,592268
816,592300
1118,592332
1323,592364
1158,592396
1436,592428
1992,592460
1902,592492
1799,592524
1832,592556
1323,592588
1357,592620
781,592652
637,592684
320,592716
142,592748
302,592780
0,592812
172,592844
716,592876
619,592908
855,592940
1079,592972
1311,593004
1912,593036
1688,593068
2344,593100
2062,593132
1406,593164
1594,593196
1312,593228
1119,593260
861,593292
269,593324
398,593356
0,593388
0,593420
141,593452
364,593484
618,593516
812,593548
1069,593580
1351,593612
1528,593644
1816,593676
1808,593708
1656,593740
1868,593772
1548,593804
1369,593836
1097,593868
471,593900
637,593932
410,593964
0,593996
380,594028
575,594060
923,594092
1033,594124
1230,594156
1545,594188
1693,594220
1563,594252
2250,594284
1756,594316
1526,594348
1692,594380
1063,594412
877,594444
960,594476
439,594508
495,594540
0,594572
0,594604
25,594636
309,594668
921,594700
758,594732
985,594764
1579,594796
1436,594828
1720,594860
1911,594892
1789,594924
1929,594956
1612,594988
1449,595020
1182,595052
556,595084
730,595116
505,595148
266,595180
251,595212
442,595244
700,595276
896,595308
760,595340
1356,595372
1215,595404
1469,595436
1673,595468
1898,595500
1719,595532
1434,595564
1246,595596
1320,595628
794,595660
571,595692
736,595724
111,595756
301,595788
0,595820
607,595852
795,595884
665,595916
1245,595948
1435,595980
1342,596012
1901,596044
2144,596076
2335,596108
1945,596140
1711,596172
1563,596204
1244,596236
668,596268
826,596300
218,596332
44,596364
89,596396
25,596428
542,596460
777,596492
744,596524
1228,596556
1098,596588
1421,596620
1562,596652
1850,596684
2222,596716
1566,596748
1385,596780
1112,596812
924,596844
703,596876
750,596908
239,596940
364,596972
0,597004
446,597036
654,597068
910,597100
1114,597132
1305,597164
1564,597196
1760,597228
1616,597260
2233,597292
1694,597324
1465,597356
1228,597388
1001,597420
809,597452
550,597484
356,597516
464,597548
0,597580
0,597612
551,597644
379,597676
1032,597708
761,597740
1463,597772
1659,597804
1469,597836
2125,597868
2328,597900
1718,597932
1849,597964
1568,597996
1451,598028
1103,598060
848,598092
699,598124
394,598156
0,598188
331,598220
142,598252
374,598284
974,598316
816,598348
1435,598380
1632,598412
1560,598444
2105,598476
1816,598508
1671,598540
1341,598572
1176,598604
1339,598636
713,598668
491,598700
620,598732
41,598764
0,598796
376,598828
285,598860
859,598892
1017,598924
1321,598956
1514,598988
1785,599020
1984,599052
2221,599084
2173,599116
1944,599148
1672,599180
1468,599212
1199,599244
606,599276
736,599308
160,599340
0,599372
0,599404
48,599436
329,599468
496,599500
778,599532
1003,599564
1226,599596
1463,599628
1616,599660
1928,599692
2219,599724
1484,599756
1721,599788
1439,599820
855,599852
973,599884
714,599916
173,599948
246,599980
235,600012
574,600044
656,600076
890,600108
1197,600140
1340,600172
1215,600204
1849,600236
1677,600268
1928,600300
2009,600332
1453,600364
1520,600396
1306,600428
811,600460
843,600492
270,600524
133,600556
0,600588
0,600620
586,600652
420,600684
685,600716
1231,600748
1134,600780
1373,600812
1886,600844
1833,600876
2282,600908
1584,600940
1802,600972
1532,601004
1342,601036
1070,601068
800,601100
603,601132
344,601164
0,601196
332,601228
190,601260
425,601292
1116,601324
874,601356
1128,601388
1324,601420
1582,601452
1869,601484
1772,601516
1594,601548
1291,601580
1130,601612
1335,601644
604,601676
855,601708
573,601740
0,601772
205,601804
445,601836
317,601868
906,601900
1097,601932
1435,601964
1225,601996
1758,602028
2073,602060
2223,602092
1692,602124
1911,602156
1228,602188
1004,602220
1165,602252
553,602284
701,602316
448,602348
0,602380
200,602412
91,602444
395,602476
538,602508
814,602540
1438,602572
1262,602604
1499,602636
2106,602668
1927,602700
1736,602732
1824,602764
1271,602796
1399,602828
1087,602860
927,602892
670,602924
463,602956
202,602988
312,603020
526,603052
766,603084
958,603116
1216,603148
1417,603180
1273,603212
1580,603244
1742,603276
1836,603308
1577,603340
1371,603372
1192,603404
910,603436
733,603468
798,603500
281,603532
59,603564
0,603596
43,603628
695,603660
454,603692
1117,603724
1311,603756
1176,603788
1769,603820
1966,603852
1878,603884
2155,603916
1920,603948
1807,603980
1416,604012
1192,604044
1039,604076
732,604108
167,604140
312,604172
0,604204
398,604236
605,604268
532,604300
1055,604332
1290,604364
1255,604396
1744,604428
1614,604460
1949,604492
1692,604524
1514,604556
1692,604588
1062,604620
871,604652
960,604684
413,604716
189,604748
234,604780
0,604812
510,604844
747,604876
976,604908
1176,604940
1436,604972
1630,605004
1824,605036
2105,605068
2254,605100
1632,605132
1480,605164
1176,605196
954,605228
718,605260
489,605292
296,605324
40,605356
0,605388
269,605420
172,605452
440,605484
1063,605516
888,605548
1558,605580
1274,605612
1996,605644
2187,605676
1835,605708
2015,605740
1788,605772
1192,605804
1321,605836
1053,605868
936,605900
589,605932
334,605964
165,605996
316,606028
200,606060
848,606092
652,606124
1296,606156
1498,606188
1326,606220
1962,606252
2170,606284
1804,606316
1880,606348
1288,606380
1157,606412
1279,606444
665,606476
815,606508
199,606540
0,606572
190,606604
76,606636
343,606668
889,606700
796,606732
1375,606764
1245,606796
1847,606828
2046,606860
2315,606892
2122,606924
1885,606956
1643,606988
1416,607020
1146,607052
581,607084
695,607116
92,607148
223,607180
0,607212
120,607244
304,607276
560,607308
838,607340
1016,607372
1290,607404
1517,607436
1755,607468
1947,607500
1630,607532
1479,607564
1680,607596
974,607628
1195,607660
924,607692
648,607724
460,607756
187,607788
0,607820
525,607852
760,607884
1097,607916
1168,607948
1406,607980
1725,608012
1870,608044
2175,608076
2216,608108
1577,608140
1402,608172
1471,608204
938,608236
1016,608268
795,608300
299,608332
77,608364
0,608396
57,608428
199,608460
476,608492
1096,608524
926,608556
1195,608588
1755,608620
1660,608652
1897,608684
1849,608716
1613,608748
1744,608780
1067,608812
1276,608844
1015,608876
814,608908
558,608940
288,608972
0,609004
384,609036
251,609068
843,609100
711,609132
935,609164
1152,609196
1388,609228
1644,609260
1850,609292
1721,609324
1529,609356
1255,609388
1077,609420
768,609452
617,609484
824,609516
104,609548
331,609580
272,609612
488,609644
733,609676
968,609708
837,609740
1418,609772
1623,609804
1963,609836
2078,609868
2237,609900
2090,609932
1770,609964
1176,609996
1384,610028
717,610060
493,610092
651,610124
44,610156
184,610188
256,610220
199,610252
460,610284
599,610316
908,610348
1048,610380
1334,610412
1975,610444
1796,610476
1867,610508
2000,610540
1399,610572
1211,610604
940,610636
759,610668
877,610700
576,610732
415,610764
136,610796
397,610828
602,610860
826,610892
680,610924
1279,610956
1468,610988
1743,611020
1947,611052
1801,611084
2127,611116
1516,611148
1319,611180
1066,611212
868,611244
679,611276
400,611308
218,611340
284,611372
0,611404
103,611436
252,611468
555,611500
1209,611532
1357,611564
1645,611596
1836,611628
1701,611660
2301,611692
2096,611724
1533,611756
1626,611788
1391,611820
1275,611852
904,611884
669,611916
527,611948
218,611980
0,612012
474,612044
314,612076
919,612108
1119,612140
1038,612172
1319,612204
1818,612236
1772,612268
2234,612300
1638,612332
1495,612364
1176,612396
1006,612428
1164,612460
541,612492
359,612524
94,612556
0,612588
8,612620
508,612652
459,612684
1038,612716
1259,612748
1500,612780
1694,612812
1513,612844
2168,612876
2199,612908
1997,612940
1721,612972
1113,613004
1256,613036
664,613068
432,613100
216,613132
0,613164
0,613196
0,613228
228,613260
791,613292
679,613324
951,613356
1579,613388
1402,613420
2076,613452
2235,613484
2248,613516
1965,613548
1309,613580
1487,613612
1261,613644
679,613676
798,613708
536,613740
413,613772
171,613804
379,613836
686,613868
831,613900
703,613932
1368,613964
1152,613996
1882,614028
2028,614060
1864,614092
1752,614124
1833,614156
1287,614188
1353,614220
779,614252
638,614284
316,614316
151,614348
299,614380
0,614412
135,614444
714,614476
587,614508
857,614540
1403,614572
1309,614604
1913,614636
1774,614668
2329,614700
2058,614732
1406,614764
1582,614796
1354,614828
1118,614860
895,614892
634,614924
431,614956
174,614988
0,615020
493,615052
377,615084
622,615116
816,615148
1070,615180
1350,615212
1529,615244
1817,615276
1895,615308
1654,615340
1419,615372
1599,615404
956,615436
1163,615468
462,615500
685,615532
409,615564
0,615596
383,615628
584,615660
493,615692
1036,615724
1264,615756
1615,615788
1693,615820
1934,615852
2251,615884
2119,615916
1952,615948
1688,615980
1055,616012
888,616044
958,616076
428,616108
491,616140
272,616172
0,616204
368,616236
253,616268
573,616300
712,616332
984,616364
1624,616396
1444,616428
1721,616460
2284,616492
1787,616524
1559,616556
1323,616588
1097,616620
1224,616652
556,616684
762,616716
496,616748
298,616780
254,616812
444,616844
703,616876
896,616908
765,616940
1355,616972
1215,617004
1448,617036
1677,617068
1866,617100
1658,617132
1392,617164
1193,617196
1016,617228
744,617260
567,617292
733,617324
116,617356
299,617388
0,617420
619,617452
795,617484
626,617516
1245,617548
1485,617580
1352,617612
1950,617644
2153,617676
2331,617708
1976,617740
1709,617772
1561,617804
1240,617836
667,617868
862,617900
216,617932
0,617964
115,617996
0,618028
576,618060
779,618092
698,618124
1229,618156
1101,618188
1431,618220
1563,618252
1860,618284
2218,618316
1574,618348
1339,618380
1472,618412
887,618444
697,618476
439,618508
249,618540
359,618572
156,618604
457,618636
656,618668
921,618700
1116,618732
1342,618764
1578,618796
1807,618828
2009,618860
2281,618892
2076,618924
1464,618956
1597,618988
1001,619020
804,619052
544,619084
356,619116
170,619148
0,619180
0,619212
155,619244
381,619276
606,619308
764,619340
1065,619372
1739,619404
1476,619436
2183,619468
2317,619500
1707,619532
1847,619564
1567,619596
1017,619628
1100,619660
876,619692
777,619724
380,619756
152,619788
345,619820
504,619852
368,619884
986,619916
816,619948
1436,619980
1643,620012
1561,620044
2107,620076
2175,620108
1662,620140
1704,620172
1114,620204
973,620236
662,620268
490,620300
640,620332
39,620364
0,620396
28,620428
283,620460
511,620492
1020,620524
969,620556
1560,620588
1789,620620
2028,620652
2224,620684
2208,620716
1934,620748
1661,620780
1467,620812
1197,620844
603,620876
733,620908
141,620940
0,620972
0,621004
38,621036
278,621068
476,621100
739,621132
1011,621164
1190,621196
1467,621228
2119,621260
1929,621292
2215,621324
1452,621356
1719,621388
1435,621420
808,621452
971,621484
746,621516
171,621548
283,621580
237,621612
429,621644
698,621676
892,621708
1207,621740
1344,621772
1216,621804
1898,621836
1678,621868
2302,621900
2040,621932
1400,621964
1562,621996
1296,622028
772,622060
842,622092
266,622124
125,622156
0,622188
0,622220
571,622252
428,622284
651,622316
1240,622348
1100,622380
1369,622412
1935,622444
1835,622476
2270,622508
1673,622540
1801,622572
1534,622604
1325,622636
1066,622668
840,622700
604,622732
377,622764
99,622796
364,622828
557,622860
427,622892
1018,622924
876,622956
1133,622988
1327,623020
1592,623052
1869,623084
1772,623116
1591,623148
1355,623180
1129,623212
903,623244
604,623276
447,623308
640,623340
0,623372
253,623404
446,623436
327,623468
907,623500
1100,623532
1320,623564
1558,623596
1787,623628
2153,623660
2232,623692
2062,623724
1903,623756
1593,623788
1421,623820
1162,623852
542,623884
374,623916
448,623948
0,623980
201,624012
440,624044
397,624076
888,624108
764,624140
1085,624172
1214,624204
1502,624236
2152,624268
1915,624300
1724,624332
1824,624364
1259,624396
1037,624428
809,624460
587,624492
702,624524
45,624556
236,624588
316,624620
588,624652
778,624684
957,624716
1224,624748
1422,624780
1276,624812
1884,624844
1740,624876
1804,624908
1576,624940
1340,624972
1133,625004
880,625036
683,625068
503,625100
234,625132
58,625164
199,625196
54,625228
695,625260
425,625292
1127,625324
1321,625356
1130,625388
1773,625420
2015,625452
2208,625484
2192,625516
1917,625548
1801,625580
1448,625612
1184,625644
1035,625676
720,625708
158,625740
346,625772
0,625804
38,625836
638,625868
478,625900
1096,625932
1293,625964
1225,625996
1754,626028
1726,626060
1959,626092
2157,626124
1512,626156
1687,626188
1049,626220
827,626252
957,626284
375,626316
188,626348
0,626380
0,626412
523,626444
685,626476
973,626508
1180,626540
1437,626572
1640,626604
1871,626636
2105,626668
2285,626700
2015,626732
1808,626764
1547,626796
940,626828
1082,626860
479,626892
297,626924
42,626956
0,626988
0,627020
174,627052
444,627084
677,627116
892,627148
1118,627180
1277,627212
1581,627244
2267,627276
1835,627308
2063,627340
1786,627372
1498,627404
1309,627436
1050,627468
507,627500
586,627532
361,627564
217,627596
319,627628
558,627660
857,627692
1001,627724
876,627756
1502,627788
1326,627820
1964,627852
2171,627884
1804,627916
1880,627948
1645,627980
1147,628012
925,628044
604,628076
463,628108
156,628140
0,628172
232,628204
78,628236
345,628268
536,628300
807,628332
1033,628364
1536,628396
1485,628428
2090,628460
2327,628492
2152,628524
1882,628556
1678,628588
1406,628620
1143,628652
943,628684
682,628716
104,628748
218,628780
0,628812
90,628844
304,628876
539,628908
793,628940
987,628972
1252,629004
1525,629036
1706,629068
1943,629100
2123,629132
1477,629164
1678,629196
940,629228
1195,629260
920,629292
672,629324
456,629356
218,629388
0,629420
572,629452
762,629484
1099,629516
1210,629548
1418,629580
1725,629612
1871,629644
1752,629676
2256,629708
1576,629740
1773,629772
1512,629804
886,629836
1038,629868
794,629900
263,629932
72,629964
0,629996
71,630028
200,630060
487,630092
1097,630124
934,630156
1161,630188
1759,630220
1624,630252
1900,630284
2175,630316
1613,630348
1741,630380
1145,630412
1273,630444
1006,630476
809,630508
540,630540
316,630572
0,630604
429,630636
622,630668
888,630700
1072,630732
938,630764
1529,630796
1392,630828
1656,630860
1854,630892
1710,630924
1531,630956
1254,630988
1076,631020
843,631052
617,631084
397,631116
104,631148
0,631180
349,631212
492,631244
791,631276
970,631308
840,631340
1421,631372
1623,631404
1517,631436
2080,631468
2269,631500
2157,631532
1760,631564
1530,631596
1375,631628
1066,631660
906,631692
651,631724
44,631756
0,631788
267,631820
202,631852
463,631884
952,631916
919,631948
1406,631980
1276,632012
1609,632044
1740,632076
1864,632108
2042,632140
1386,632172
1209,632204
1294,632236
759,632268
526,632300
295,632332
73,632364
164,632396
0,632428
636,632460
830,632492
664,632524
1292,632556
1483,632588
1752,632620
1949,632652
1803,632684
2128,632716
1514,632748
1287,632780
1050,632812
826,632844
632,632876
368,632908
176,632940
3,632972
0,633004
104,633036
254,633068
555,633100
1209,633132
1359,633164
1645,633196
1839,633228
1653,633260
2315,633292
2138,633324
1529,633356
1664,633388
1389,633420
1275,633452
926,633484
669,633516
508,633548
207,633580
0,633612
508,633644
318,633676
542,633708
1160,633740
990,633772
1275,633804
1822,633836
1739,633868
2235,633900
1627,633932
1495,633964
1179,633996
989,634028
1159,634060
550,634092
315,634124
440,634156
0,634188
17,634220
202,634252
461,634284
1051,634316
1195,634348
1497,634380
1709,634412
1514,634444
2172,634476
2238,634508
1993,634540
1757,634572
1484,634604
1289,634636
1023,634668
430,634700
573,634732
0,634764
0,634796
0,634828
235,634860
503,634892
686,634924
952,634956
1481,634988
1413,635020
1643,635052
2299,635084
1821,635116
2041,635148
1308,635180
1533,635212
1260,635244
670,635276
799,635308
536,635340
2,635372
172,635404
414,635436
751,635468
832,635500
1067,635532
1373,635564
1530,635596
1390,635628
2029,635660
1855,635692
1752,635724
1822,635756
1284,635788
1352,635820
1128,635852
634,635884
665,635916
98,635948
0,635980
0,636012
148,636044
760,636076
598,636108
857,636140
1048,636172
1319,636204
1551,636236
2075,636268
1963,636300
2094,636332
1405,636364
1614,636396
1352,636428
1152,636460
894,636492
632,636524
431,636556
158,636588
0,636620
507,636652
365,636684
600,636716
815,636748
1052,636780
1306,636812
1510,636844
1775,636876
2188,636908
1596,636940
1415,636972
1593,637004
953,637036
1158,637068
427,637100
667,637132
399,637164
0,637196
394,637228
635,637260
503,637292
1084,637324
1273,637356
1625,637388
1728,637420
1935,637452
2255,637484
2111,637516
1513,637548
1726,637580
1055,637612
834,637644
990,637676
376,637708
526,637740
268,637772
0,637804
378,637836
267,637868
583,637900
713,637932
986,637964
1627,637996
1450,638028
1687,638060
2270,638092
1740,638124
1549,638156
1645,638188
1087,638220
1213,638252
910,638284
757,638316
496,638348
287,638380
256,638412
480,638444
714,638476
942,638508
1135,638540
1400,638572
1598,638604
1452,638636
2064,638668
1865,638700
1658,638732
1392,638764
1194,638796
1015,638828
742,638860
557,638892
342,638924
105,638956
0,638988
0,639020
217,639052
873,639084
632,639116
1295,639148
1495,639180
1352,639212
1959,639244
2154,639276
1881,639308
1965,639340
1739,639372
1624,639404
1241,639436
1008,639468
861,639500
551,639532
0,639564
113,639596
0,639628
266,639660
780,639692
709,639724
1231,639756
1468,639788
1432,639820
1932,639852
1802,639884
1847,639916
1509,639948
1336,639980
1512,640012
874,640044
695,640076
783,640108
235,640140
20,640172
158,640204
125,640236
697,640268
488,640300
1152,640332
1342,640364
1614,640396
1816,640428
2011,640460
2284,640492
2073,640524
1450,640556
1598,640588
992,640620
773,640652
1018,640684
314,640716
112,640748
0,640780
0,640812
167,640844
345,640876
618,640908
766,640940
1064,640972
1739,641004
1450,641036
2183,641068
2313,641100
1656,641132
1837,641164
1614,641196
1013,641228
1136,641260
876,641292
749,641324
409,641356
154,641388
345,641420
495,641452
378,641484
1022,641516
824,641548
1052,641580
1690,641612
1512,641644
2143,641676
2174,641708
1625,641740
1694,641772
1113,641804
972,641836
655,641868
489,641900
637,641932
27,641964
0,641996
380,642028
250,642060
523,642092
1068,642124
973,642156
1561,642188
1723,642220
2029,642252
2232,642284
2203,642316
1932,642348
1695,642380
1466,642412
1231,642444
968,642476
768,642508
510,642540
0,642572
0,642604
29,642636
295,642668
478,642700
744,642732
1012,642764
1192,642796
1466,642828
2009,642860
1941,642892
1758,642924
1452,642956
1301,642988
1501,643020
796,643052
1019,643084
745,643116
169,643148
283,643180
246,643212
155,643244
697,643276
935,643308
1275,643340
1353,643372
1584,643404
1903,643436
2048,643468
1866,643500
2040,643532
1388,643564
1561,643596
1296,643628
764,643660
831,643692
614,643724
124,643756
140,643788
0,643820
233,643852
378,643884
653,643916
1276,643948
1102,643980
1374,644012
1944,644044
1836,644076
1901,644108
1952,644140
1433,644172
1565,644204
1325,644236
1096,644268
838,644300
636,644332
380,644364
87,644396
375,644428
566,644460
430,644492
732,644524
879,644556
1104,644588
1338,644620
1575,644652
1833,644684
1742,644716
1532,644748
1658,644780
1080,644812
901,644844
1067,644876
443,644908
635,644940
0,644972
253,645004
459,645036
284,645068
909,645100
1144,645132
1015,645164
1600,645196
1800,645228
2155,645260
2265,645292
2048,645324
1901,645356
1583,645388
1000,645420
1206,645452
550,645484
731,645516
469,645548
0,645580
246,645612
439,645644
375,645676
892,645708
777,645740
1085,645772
1677,645804
1511,645836
2155,645868
1916,645900
1687,645932
1822,645964
1213,645996
1031,646028
1119,646060
583,646092
699,646124
123,646156
233,646188
318,646220
585,646252
780,646284
1004,646316
1230,646348
1467,646380
1659,646412
1543,646444
2125,646476
1805,646508
1947,646540
1337,646572
1134,646604
875,646636
681,646668
504,646700
236,646732
52,646764
0,646796
55,646828
279,646860
429,646892
727,646924
1385,646956
1134,646988
1833,647020
2029,647052
2204,647084
2191,647116
1916,647148
1355,647180
1439,647212
1213,647244
1101,647276
720,647308
492,647340
345,647372
150,647404
443,647436
648,647468
488,647500
774,647532
1304,647564
1224,647596
1755,647628
1996,647660
1959,647692
1785,647724
1450,647756
1310,647788
989,647820
826,647852
986,647884
372,647916
184,647948
266,647980
0,648012
185,648044
408,648076
635,648108
1214,648140
1005,648172
1676,648204
1880,648236
2153,648268
2286,648300
2015,648332
1420,648364
1533,648396
939,648428
1080,648460
478,648492
263,648524
29,648556
0,648588
0,648620
154,648652
408,648684
667,648716
856,648748
1138,648780
1278,648812
1590,648844
2269,648876
1802,648908
2060,648940
1785,648972
1532,649004
1307,649036
1085,649068
504,649100
623,649132
362,649164
215,649196
348,649228
558,649260
863,649292
1006,649324
880,649356
1550,649388
1338,649420
1566,649452
2216,649484
1740,649516
1904,649548
1645,649580
1109,649612
920,649644
600,649676
461,649708
152,649740
0,649772
235,649804
88,649836
315,649868
896,649900
765,649932
1036,649964
1224,649996
1495,650028
2089,650060
2252,650092
1672,650124
1872,650156
1675,650188
1405,650220
1178,650252
573,650284
710,650316
459,650348
251,650380
219,650412
102,650444
680,650476
543,650508
798,650540
988,650572
1254,650604
1529,650636
1710,650668
1933,650700
2010,650732
1466,650764
1239,650796
927,650828
780,650860
985,650892
669,650924
493,650956
218,650988
0,651020
569,651052
764,651084
679,651116
1212,651148
1451,651180
1801,651212
1881,651244
2121,651276
2255,651308
1934,651340
1338,651372
1501,651404
877,651436
1036,651468
780,651500
248,651532
64,651564
75,651596
71,651628
551,651660
430,651692
749,651724
879,651756
1164,651788
1802,651820
1626,651852
1911,651884
1799,651916
1608,651948
1373,651980
1433,652012
919,652044
1038,652076
807,652108
570,652140
318,652172
0,652204
432,652236
622,652268
889,652300
1083,652332
940,652364
1544,652396
1400,652428
1628,652460
1864,652492
1689,652524
1477,652556
1214,652588
1018,652620
1133,652652
567,652684
382,652716
555,652748
0,652780
349,652812
507,652844
789,652876
971,652908
794,652940
1432,652972
1673,653004
1531,653036
2139,653068
2267,653100
2149,653132
1791,653164
1528,653196
1373,653228
1056,653260
488,653292
683,653324
31,653356
204,653388
314,653420
158,653452
427,653484
960,653516
876,653548
1416,653580
1277,653612
1609,653644
1743,653676
1863,653708
2029,653740
1386,653772
1163,653804
1293,653836
711,653868
523,653900
602,653932
61,653964
165,653996
73,654028
637,654060
832,654092
656,654124
1290,654156
1518,654188
1760,654220
1994,654252
2189,654284
2168,654316
1888,654348
1277,654380
1420,654412
825,654444
622,654476
368,654508
172,654540
0,654572
0,654604
114,654636
333,654668
564,654700
791,654732
1417,654764
1243,654796
1918,654828
1658,654860
2365,654892
2137,654924
1528,654956
1661,654988
1386,655020
843,655052
924,655084
699,655116
585,655148
203,655180
216,655212
527,655244
668,655276
960,655308
1162,655340
999,655372
1286,655404
1824,655436
1738,655468
2223,655500
1995,655532
1495,655564
1520,655596
936,655628
809,655660
486,655692
314,655724
473,655756
0,655788
21,655820
552,655852
472,655884
701,655916
921,655948
1149,655980
1740,656012
1519,656044
2208,656076
2232,656108
2027,656140
1754,656172
1480,656204
1277,656236
1019,656268
427,656300
568,656332
0,656364
0,656396
0,656428
204,656460
461,656492
656,656524
907,656556
1181,656588
1368,656620
1651,656652
2299,656684
1817,656716
2027,656748
1284,656780
1528,656812
1259,656844
626,656876
796,656908
558,656940
0,656972
219,657004
424,657036
761,657068
876,657100
1069,657132
1375,657164
1520,657196
1404,657228
2079,657260
1867,657292
1685,657324
1855,657356
1222,657388
1375,657420
1120,657452
590,657484
666,657516
103,657548
0,657580
0,657612
154,657644
765,657676
600,657708
829,657740
1419,657772
1278,657804
1549,657836
1741,657868
1959,657900
2093,657932
1773,657964
1613,657996
1344,658028
1149,658060
890,658092
656,658124
426,658156
191,658188
286,658220
540,658252
736,658284
604,658316
1195,658348
1055,658380
1309,658412
1512,658444
1772,658476
1880,658508
1594,658540
1405,658572
1179,658604
953,658636
729,658668
424,658700
269,658732
459,658764
0,658796
441,658828
633,658860
506,658892
1084,658924
1278,658956
1191,658988
1739,659020
1978,659052
2331,659084
2109,659116
1881,659148
1725,659180
1404,659212
827,659244
984,659276
366,659308
512,659340
266,659372
0,659404
380,659436
616,659468
583,659500
1064,659532
942,659564
1263,659596
1392,659628
1690,659660
2332,659692
1738,659724
1546,659756
1272,659788
1085,659820
861,659852
911,659884
409,659916
510,659948
283,659980
298,660012
494,660044
750,660076
954,660108
1144,660140
1403,660172
1600,660204
1455,660236
2064,660268
1854,660300
1626,660332
1388,660364
1163,660396
965,660428
704,660460
507,660492
329,660524
58,660556
0,660588
381,660620
216,660652
875,660684
604,660716
1304,660748
1488,660780
1308,660812
1961,660844
2203,660876
1877,660908
2010,660940
1737,660972
1455,661004
1263,661036
1006,661068
848,661100
543,661132
0,661164
151,661196
0,661228
618,661260
824,661292
652,661324
1275,661356
1471,661388
1397,661420
1934,661452
1804,661484
1836,661516
1502,661548
1334,661580
1501,661612
874,661644
651,661676
780,661708
203,661740
18,661772
215,661804
128,661836
701,661868
585,661900
1161,661932
1354,661964
1614,661996
1822,662028
2059,662060
2284,662092
2106,662124
1384,662156
1631,662188
1357,662220
764,662252
906,662284
314,662316
120,662348
0,662380
0,662412
168,662444
345,662476
617,662508
843,662540
1077,662572
1303,662604
1454,662636
1769,662668
2381,662700
1645,662732
1883,662764
1611,662796
1012,662828
1145,662860
864,662892
634,662924
408,662956
175,662988
412,663020
503,663052
728,663084
1037,663116
1178,663148
1483,663180
1688,663212
1511,663244
1804,663276
2172,663308
1614,663340
1693,663372
1468,663404
969,663436
1000,663468
427,663500
297,663532
0,663564
0,663596
414,663628
264,663660
526,663692
1069,663724
972,663756
1211,663788
1433,663820
1673,663852
2271,663884
1751,663916
1966,663948
1696,663980
1496,664012
1232,664044
959,664076
767,664108
504,664140
0,664172
157,664204
40,664236
267,664268
491,664300
714,664332
969,664364
1166,664396
1421,664428
1706,664460
1883,664492
1756,664524
1943,664556
1291,664588
1496,664620
764,664652
1015,664684
745,664716
117,664748
271,664780
284,664812
460,664844
746,664876
927,664908
1273,664940
1387,664972
1594,665004
1903,665036
2059,665068
1855,665100
2078,665132
1389,665164
1162,665196
1325,665228
711,665260
863,665292
604,665324
87,665356
139,665388
0,665420
236,665452
823,665484
660,665516
1277,665548
1111,665580
1337,665612
1946,665644
1803,665676
1896,665708
1623,665740
1431,665772
1561,665804
1247,665836
1097,665868
830,665900
637,665932
374,665964
131,665996
379,666028
616,666060
799,666092
1056,666124
1256,666156
1118,666188
1712,666220
1577,666252
1837,666284
1736,666316
1530,666348
1353,666380
1070,666412
893,666444
667,666476
439,666508
221,666540
0,666572
0,666604
537,666636
296,666668
959,666700
1149,666732
1324,666764
1609,666796
1804,666828
1710,666860
2270,666892
2090,666924
1967,666956
1580,666988
1352,667020
1197,667052
889,667084
320,667116
462,667148
0,667180
238,667212
444,667244
378,667276
895,667308
1134,667340
1096,667372
1323,667404
1454,667436
1791,667468
1855,667500
1678,667532
1854,667564
1214,667596
1022,667628
760,667660
573,667692
349,667724
397,667756
0,667788
360,667820
587,667852
814,667884
1008,667916
1276,667948
1470,667980
1658,668012
1935,668044
2137,668076
1807,668108
1946,668140
1337,668172
1104,668204
873,668236
650,668268
456,668300
192,668332
3,668364
0,668396
16,668428
279,668460
907,668492
729,668524
1389,668556
1116,668588
1835,668620
2027,668652
2250,668684
2189,668716
1952,668748
1352,668780
1481,668812
1213,668844
1087,668876
748,668908
491,668940
335,668972
153,669004
43,669036
695,669068
491,669100
1144,669132
1340,669164
1166,669196
1801,669228
2000,669260
1927,669292
1783,669324
1450,669356
1308,669388
988,669420
822,669452
983,669484
360,669516
140,669548
255,669580
0,669612
186,669644
728,669676
637,669708
1223,669740
1097,669772
1679,669804
1884,669836
2153,669868
2284,669900
2044,669932
1421,669964
1568,669996
1307,670028
1103,670060
847,670092
253,670124
384,670156
0,670188
0,670220
153,670252
409,670284
681,670316
858,670348
1131,670380
1358,670412
1593,670444
1835,670476
1792,670508
1643,670540
1851,670572
1530,670604
1355,670636
1085,670668
502,670700
621,670732
349,670764
0,670796
362,670828
590,670860
937,670892
1016,670924
1244,670956
1561,670988
1710,671020
2013,671052
2220,671084
1738,671116
1562,671148
1642,671180
1102,671212
919,671244
953,671276
459,671308
492,671340
0,671372
0,671404
40,671436
318,671468
936,671500
773,671532
1037,671564
1594,671596
1496,671628
1727,671660
1964,671692
1775,671724
1914,671756
1226,671788
1436,671820
1168,671852
549,671884
714,671916
444,671948
249,671980
223,672012
91,672044
681,672076
543,672108
778,672140
1001,672172
1229,672204
1484,672236
1690,672268
1880,672300
1703,672332
1415,672364
1239,672396
936,672428
779,672460
982,672492
671,672524
491,672556
217,672588
0,672620
569,672652
808,672684
680,672716
1260,672748
1452,672780
1803,672812
1917,672844
2123,672876
2253,672908
1930,672940
1336,672972
1536,673004
873,673036
652,673068
812,673100
202,673132
26,673164
87,673196
39,673228
557,673260
441,673292
749,673324
888,673356
1166,673388
1805,673420
1628,673452
1867,673484
2171,673516
1559,673548
1369,673580
1098,673612
919,673644
1037,673676
735,673708
573,673740
312,673772
0,673804
440,673836
668,673868
892,673900
1129,673932
1310,673964
1583,673996
1775,674028
1638,674060
2250,674092
1677,674124
1479,674156
1182,674188
1008,674220
839,674252
560,674284
388,674316
447,674348
0,674380
0,674412
558,674444
395,674476
1051,674508
805,674540
1481,674572
1675,674604
1532,674636
2141,674668
2265,674700
1703,674732
1786,674764
1551,674796
1437,674828
1055,674860
843,674892
681,674924
376,674956
0,674988
312,675020
156,675052
442,675084
958,675116
889,675148
1416,675180
1656,675212
1611,675244
2112,675276
1800,675308
1657,675340
1328,675372
1160,675404
1324,675436
700,675468
519,675500
249,675532
61,675564
0,675596
347,675628
301,675660
876,675692
666,675724
1328,675756
1528,675788
1804,675820
1998,675852
2199,675884
2167,675916
1886,675948
1276,675980
1419,676012
816,676044
591,676076
368,676108
140,676140
0,676172
0,676204
68,676236
633,676268
523,676300
793,676332
1419,676364
1244,676396
1918,676428
1630,676460
2363,676492
2137,676524
1469,676556
1657,676588
1421,676620
840,676652
958,676684
697,676716
575,676748
224,676780
218,676812
522,676844
679,676876
555,676908
1214,676940
1002,676972
1229,677004
1867,677036
1692,677068
2253,677100
1992,677132
1447,677164
1517,677196
936,677228
797,677260
489,677292
312,677324
457,677356
0,677388
0,677420
556,677452
439,677484
699,677516
1243,677548
1147,677580
1741,677612
1903,677644
2215,677676
2221,677708
2023,677740
1752,677772
1515,677804
1280,677836
1055,677868
792,677900
592,677932
331,677964
0,677996
336,678028
208,678060
464,678092
656,678124
920,678156
1194,678188
1369,678220
1656,678252
1886,678284
1817,678316
1580,678348
1273,678380
1116,678412
1323,678444
621,678476
841,678508
559,678540
0,678572
220,678604
426,678636
347,678668
876,678700
1104,678732
1451,678764
1531,678796
1770,678828
2088,678860
2232,678892
1675,678924
1852,678956
1212,678988
1046,679020
1118,679052
600,679084
655,679116
430,679148
0,679180
208,679212
100,679244
411,679276
552,679308
828,679340
1454,679372
1286,679404
1559,679436
2124,679468
1949,679500
1721,679532
1775,679564
1255,679596
1390,679628
713,679660
920,679692
654,679724
458,679756
188,679788
288,679820
553,679852
736,679884
606,679916
1195,679948
1064,679980
1290,680012
2011,680044
1754,680076
1829,680108
1562,680140
1353,680172
1177,680204
893,680236
724,680268
425,680300
263,680332
456,680364
0,680396
443,680428
633,680460
469,680492
1087,680524
1324,680556
1192,680588
1786,680620
1979,680652
2331,680684
2140,680716
1870,680748
1721,680780
1404,680812
824,680844
1024,680876
365,680908
152,680940
287,680972
0,681004
411,681036
617,681068
551,681100
1069,681132
943,681164
1271,681196
1403,681228
1688,681260
2341,681292
1736,681324
1499,681356
1643,681388
1038,681420
856,681452
943,681484
397,681516
512,681548
218,681580
297,681612
496,681644
759,681676
958,681708
1182,681740
1408,681772
1645,681804
1839,681836
2112,681868
2237,681900
1626,681932
1467,681964
1160,681996
957,682028
701,682060
504,682092
327,682124
56,682156
0,682188
284,682220
232,682252
445,682284
603,682316
907,682348
1563,682380
1320,682412
2013,682444
2205,682476
1866,682508
2008,682540
1737,682572
1179,682604
1260,682636
1036,682668
923,682700
541,682732
318,682764
165,682796
329,682828
216,682860
826,682892
666,682924
1276,682956
1472,682988
1398,683020
1944,683052
2184,683084
1834,683116
1868,683148
1274,683180
1134,683212
822,683244
650,683276
812,683308
184,683340
8,683372
214,683404
126,683436
365,683468
862,683500
813,683532
1400,683564
1627,683596
1866,683628
2060,683660
2332,683692
2106,683724
1824,683756
1629,683788
1357,683820
761,683852
613,683884
303,683916
80,683948
0,683980
0,684012
134,684044
318,684076
573,684108
1147,684140
1023,684172
1305,684204
1947,684236
1768,684268
2379,684300
1616,684332
1879,684364
1599,684396
956,684428
1133,684460
908,684492
329,684524
446,684556
169,684588
413,684620
539,684652
736,684684
1037,684716
1181,684748
1066,684780
1736,684812
1516,684844
2188,684876
2205,684908
1563,684940
1725,684972
1466,685004
921,685036
992,685068
424,685100
283,685132
409,685164
0,685196
415,685228
266,685260
491,685292
1078,685324
937,685356
1211,685388
1771,685420
1673,685452
2271,685484
1833,685516
1963,685548
1691,685580
1486,685612
1224,685644
992,685676
764,685708
539,685740
271,685772
0,685804
397,685836
268,685868
858,685900
719,685932
974,685964
1168,685996
1432,686028
1707,686060
1898,686092
1753,686124
1517,686156
1290,686188
906,686220
760,686252
606,686284
811,686316
104,686348
316,686380
295,686412
476,686444
747,686476
938,686508
847,686540
1390,686572
1631,686604
1983,686636
2060,686668
2221,686700
2073,686732
1754,686764
1592,686796
1325,686828
702,686860
536,686892
607,686924
76,686956
135,686988
294,687020
247,687052
473,687084
604,687116
923,687148
1062,687180
1341,687212
1992,687244
1803,687276
1895,687308
1992,687340
1421,687372
1197,687404
967,687436
735,687468
862,687500
202,687532
396,687564
136,687596
412,687628
618,687660
800,687692
695,687724
1257,687756
1119,687788
1723,687820
1580,687852
1808,687884
1737,687916
1508,687948
1303,687980
1038,688012
841,688044
666,688076
393,688108
210,688140
0,688172
0,688204
536,688236
268,688268
967,688300
1150,688332
1370,688364
1613,688396
1852,688428
1715,688460
2317,688492
2080,688524
1964,688556
1610,688588
1341,688620
1196,688652
888,688684
304,688716
508,688748
0,688780
0,688812
479,688844
328,688876
927,688908
1131,688940
1052,688972
1333,689004
1464,689036
1788,689068
1850,689100
1676,689132
1851,689164
1210,689196
983,689228
1114,689260
525,689292
347,689324
75,689356
0,689388
361,689420
511,689452
815,689484
1006,689516
1277,689548
1470,689580
1708,689612
1548,689644
2175,689676
2175,689708
1981,689740
1707,689772
1112,689804
1232,689836
651,689868
456,689900
190,689932
2,689964
0,689996
19,690028
282,690060
798,690092
733,690124
967,690156
1115,690188
1420,690220
2107,690252
2251,690284
2235,690316
1951,690348
1351,690380
1471,690412
1208,690444
667,690476
736,690508
523,690540
399,690572
152,690604
393,690636
699,690668
840,690700
720,690732
1338,690764
1178,690796
1803,690828
2010,690860
1929,690892
1771,690924
1818,690956
1306,690988
1340,691020
760,691052
621,691084
312,691116
138,691148
282,691180
0,691212
189,691244
378,691276
638,691308
871,691340
1375,691372
1325,691404
1932,691436
2157,691468
2316,691500
2056,691532
1390,691564
1578,691596
1296,691628
1103,691660
841,691692
252,691724
379,691756
0,691788
0,691820
144,691852
382,691884
643,691916
830,691948
1085,691980
1672,692012
1545,692044
1833,692076
2284,692108
1639,692140
1848,692172
1528,692204
1341,692236
1082,692268
446,692300
615,692332
392,692364
0,692396
410,692428
603,692460
939,692492
1040,692524
1244,692556
1561,692588
1708,692620
1580,692652
2265,692684
1727,692716
1936,692748
1672,692780
1040,692812
872,692844
942,692876
413,692908
488,692940
0,692972
0,693004
48,693036
326,693068
937,693100
776,693132
1000,693164
1596,693196
1463,693228
1737,693260
2301,693292
1771,693324
1911,693356
1307,693388
1433,693420
1166,693452
540,693484
712,693516
476,693548
248,693580
267,693612
462,693644
728,693676
911,693708
782,693740
1374,693772
1242,693804
1486,693836
1694,693868
1882,693900
1693,693932
1404,693964
1236,693996
1003,694028
776,694060
551,694092
718,694124
93,694156
283,694188
0,694220
619,694252
812,694284
682,694316
1271,694348
1455,694380
1369,694412
1920,694444
2159,694476
2317,694508
1928,694540
1693,694572
1545,694604
1226,694636
1065,694668
808,694700
191,694732
25,694764
91,694796
42,694828
559,694860
792,694892
759,694924
1243,694956
1127,694988
1449,695020
1577,695052
1878,695084
2208,695116
1559,695148
1367,695180
1452,695212
906,695244
685,695276
458,695308
221,695340
348,695372
0,695404
474,695436
672,695468
938,695500
1130,695532
1321,695564
1592,695596
1788,695628
1642,695660
2253,695692
1677,695724
1448,695756
1213,695788
987,695820
792,695852
528,695884
332,695916
153,695948
0,695980
0,696012
555,696044
394,696076
1053,696108
778,696140
1483,696172
1677,696204
1492,696236
2141,696268
2301,696300
1693,696332
1824,696364
1550,696396
1433,696428
1085,696460
830,696492
679,696524
367,696556
0,696588
348,696620
166,696652
394,696684
1000,696716
838,696748
1450,696780
1658,696812
1576,696844
2122,696876
1799,696908
1655,696940
1324,696972
1158,697004
1321,697036
699,697068
474,697100
590,697132
24,697164
0,697196
42,697228
303,697260
885,697292
1039,697324
1341,697356
1530,697388
1803,697420
1998,697452
2239,697484
2157,697516
1918,697548
1645,697580
1451,697612
1183,697644
587,697676
720,697708
139,697740
0,697772
0,697804
74,697836
343,697868
522,697900
796,697932
1021,697964
1255,697996
1483,698028
1638,698060
1947,698092
2201,698124
1468,698156
1695,698188
1421,698220
1053,698252
959,698284
685,698316
155,698348
220,698380
256,698412
587,698444
672,698476
908,698508
1215,698540
1358,698572
1238,698604
1871,698636
1693,698668
2250,698700
1984,698732
1436,698764
1512,698796
1290,698828
797,698860
828,698892
252,698924
121,698956
0,698988
0,699020
602,699052
430,699084
703,699116
890,699148
1159,699180
1389,699212
1912,699244
1851,699276
2256,699308
2013,699340
1786,699372
1514,699404
1320,699436
1052,699468
782,699500
587,699532
328,699564
0,699596
343,699628
216,699660
441,699692
666,699724
892,699756
1148,699788
1343,699820
1610,699852
1895,699884
1757,699916
1576,699948
1755,699980
1114,700012
1317,700044
586,700076
830,700108
553,700140
0,700172
233,700204
473,700236
346,700268
922,700300
1114,700332
1304,700364
1568,700396
1773,700428
2093,700460
2236,700492
1676,700524
1885,700556
1211,700588
1406,700620
1146,700652
534,700684
684,700716
432,700748
0,700780
218,700812
112,700844
423,700876
555,700908
838,700940
1455,700972
1286,701004
1516,701036
2127,701068
1899,701100
1719,701132
1806,701164
1245,701196
1383,701228
797,701260
909,701292
648,701324
447,701356
184,701388
328,701420
556,701452
784,701484
970,701516
1243,701548
1434,701580
1292,701612
1900,701644
1756,701676
1822,701708
1560,701740
1354,701772
1175,701804
896,701836
715,701868
491,701900
274,701932
39,701964
0,701996
60,702028
717,702060
470,702092
1145,702124
1326,702156
1193,702188
1791,702220
1983,702252
2207,702284
2138,702316
1899,702348
1787,702380
1400,702412
1165,702444
1021,702476
712,702508
559,702540
284,702572
0,702604
102,702636
623,702668
553,702700
1070,702732
1306,702764
1271,702796
1759,702828
1638,702860
1965,702892
1674,702924
1496,702956
1673,702988
1034,703020
855,703052
940,703084
397,703116
171,703148
0,703180
0,703212
528,703244
334,703276
990,703308
1184,703340
1454,703372
1656,703404
1849,703436
2121,703468
2233,703500
1615,703532
1758,703564
1151,703596
936,703628
697,703660
472,703692
282,703724
24,703756
0,703788
16,703820
182,703852
456,703884
1083,703916
918,703948
1577,703980
1290,704012
2023,704044
2207,704076
1819,704108
1999,704140
1771,704172
1484,704204
1302,704236
1035,704268
923,704300
569,704332
316,704364
169,704396
333,704428
218,704460
872,704492
667,704524
900,704556
1516,704588
1350,704620
1978,704652
2188,704684
1786,704716
1866,704748
1272,704780
1131,704812
1261,704844
637,704876
797,704908
196,704940
0,704972
216,705004
92,705036
375,705068
552,705100
815,705132
1401,705164
1560,705196
1865,705228
2064,705260
2333,705292
2096,705324
1866,705356
1626,705388
1391,705420
1128,705452
925,705484
672,705516
87,705548
203,705580
0,705612
140,705644
320,705676
583,705708
857,705740
1024,705772
1309,705804
1543,705836
1771,705868
1917,705900
1612,705932
1452,705964
1662,705996
955,706028
1168,706060
907,706092
634,706124
443,706156
168,706188
10,706220
539,706252
776,706284
1120,706316
1192,706348
1423,706380
1739,706412
1886,706444
1757,706476
2200,706508
1551,706540
1720,706572
1455,706604
922,706636
990,706668
767,706700
284,706732
61,706764
0,706796
77,706828
219,706860
494,706892
1116,706924
940,706956
1213,706988
1402,707020
1674,707052
1914,707084
2121,707116
1597,707148
1726,707180
1483,707212
1262,707244
988,707276
794,707308
542,707340
267,707372
203,707404
410,707436
270,707468
860,707500
720,707532
952,707564
1180,707596
1404,707628
1672,707660
1872,707692
1703,707724
1514,707756
1231,707788
1063,707820
1227,707852
602,707884
797,707916
74,707948
311,707980
299,708012
509,708044
751,708076
985,708108
857,708140
1437,708172
1640,708204
1979,708236
2103,708268
2220,708300
2063,708332
1743,708364
1163,708396
1358,708428
700,708460
892,708492
635,708524
25,708556
167,708588
282,708620
217,708652
477,708684
618,708716
935,708748
1066,708780
1353,708812
1993,708844
1814,708876
1847,708908
1983,708940
1383,708972
1193,709004
1278,709036
733,709068
859,709100
283,709132
393,709164
148,709196
421,709228
616,709260
846,709292
698,709324
1304,709356
1498,709388
1760,709420
1964,709452
1818,709484
2112,709516
1501,709548
1292,709580
1037,709612
840,709644
663,709676
391,709708
215,709740
0,709772
0,709804
123,709836
270,709868
571,709900
1229,709932
1373,709964
1662,709996
1855,710028
1719,710060
2318,710092
2080,710124
1515,710156
1608,710188
1376,710220
1259,710252
474,710284
655,710316
507,710348
190,710380
285,710412
476,710444
334,710476
616,710508
1135,710540
1062,710572
1335,710604
1836,710636
1792,710668
2216,710700
1612,710732
1471,710764
1151,710796
982,710828
1148,710860
524,710892
343,710924
426,710956
0,710988
28,711020
248,711052
477,711084
1056,711116
844,711148
1514,711180
1720,711212
1531,711244
2184,711276
2175,711308
1977,711340
1706,711372
1100,711404
1229,711436
637,711468
415,711500
190,711532
0,711564
0,711596
0,711628
239,711660
512,711692
696,711724
970,711756
1119,711788
1420,711820
2107,711852
2255,711884
2231,711916
1949,711948
1303,711980
1469,712012
1245,712044
663,712076
781,712108
512,712140
397,712172
189,712204
397,712236
699,712268
846,712300
729,712332
1388,712364
1178,712396
1414,712428
2046,712460
1870,712492
1735,712524
1806,712556
1271,712588
1338,712620
752,712652
620,712684
304,712716
137,712748
281,712780
0,712812
168,712844
734,712876
604,712908
875,712940
1063,712972
1325,713004
1933,713036
2091,713068
2312,713100
2042,713132
1385,713164
1566,713196
1336,713228
1102,713260
875,713292
608,713324
413,713356
141,713388
0,713420
510,713452
384,713484
645,713516
840,713548
1096,713580
1370,713612
1548,713644
1842,713676
2172,713708
1637,713740
1403,713772
1577,713804
941,713836
1145,713868
442,713900
665,713932
383,713964
0,713996
407,714028
601,714060
517,714092
1051,714124
1280,714156
1639,714188
1712,714220
1952,714252
2269,714284
2096,714316
1498,714348
1664,714380
1038,714412
872,714444
942,714476
412,714508
474,714540
255,714572
0,714604
395,714636
272,714668
598,714700
729,714732
1006,714764
1640,714796
1465,714828
1739,714860
1932,714892
1769,714924
1543,714956
1591,714988
1071,715020
1198,715052
528,715084
736,715116
476,715148
270,715180
280,715212
457,715244
729,715276
921,715308
782,715340
1371,715372
1232,715404
1466,715436
1696,715468
1849,715500
1641,715532
1385,715564
1176,715596
1292,715628
719,715660
549,715692
715,715724
91,715756
277,715788
0,715820
631,715852
813,715884
636,715916
1263,715948
1498,715980
1369,716012
1968,716044
2171,716076
2312,716108
1951,716140
1692,716172
1535,716204
1223,716236
648,716268
844,716300
191,716332
0,716364
133,716396
1,716428
592,716460
797,716492
717,716524
1246,716556
1128,716588
1448,716620
1581,716652
1880,716684
2201,716716
1550,716748
1324,716780
1454,716812
871,716844
681,716876
762,716908
221,716940
335,716972
181,717004
477,717036
672,717068
937,717100
1134,717132
1359,717164
1594,717196
1820,717228
2028,717260
2298,717292
2058,717324
1440,717356
1579,717388
976,717420
782,717452
524,717484
331,717516
152,717548
0,717580
0,717612
173,717644
407,717676
633,717708
780,717740
1083,717772
1757,717804
1496,717836
2203,717868
2299,717900
1692,717932
1823,717964
1548,717996
1003,718028
1084,718060
860,718092
747,718124
364,718156
136,718188
361,718220
507,718252
394,718284
1004,718316
842,718348
1128,718380
1660,718412
1582,718444
2124,718476
2158,718508
1657,718540
1680,718572
1096,718604
959,718636
650,718668
470,718700
636,718732
17,718764
0,718796
396,718828
301,718860
541,718892
1040,718924
987,718956
1580,718988
1358,719020
2044,719052
2240,719084
2192,719116
1920,719148
1645,719180
1451,719212
1178,719244
587,719276
717,719308
125,719340
0,719372
283,719404
44,719436
303,719468
494,719500
750,719532
1032,719564
1208,719596
1483,719628
1643,719660
1948,719692
2199,719724
1435,719756
1691,719788
1420,719820
787,719852
957,719884
730,719916
148,719948
268,719980
255,720012
589,720044
716,720076
908,720108
1215,720140
1360,720172
1243,720204
1916,720236
1695,720268
1848,720300
2016,720332
1374,720364
1547,720396
1280,720428
747,720460
815,720492
251,720524
108,720556
0,720588
1,720620
605,720652
440,720684
668,720716
1258,720748
1117,720780
1389,720812
1960,720844
1863,720876
2253,720908
1942,720940
1783,720972
1512,721004
1307,721036
1040,721068
815,721100
588,721132
352,721164
107,721196
381,721228
586,721260
445,721292
750,721324
894,721356
1148,721388
1354,721420
1610,721452
1895,721484
1756,721516
1573,721548
1642,721580
1112,721612
891,721644
586,721676
429,721708
617,721740
0,721772
279,721804
479,721836
345,721868
924,721900
1115,721932
1022,721964
1568,721996
1819,722028
2171,722060
2240,722092
2042,722124
1887,722156
1567,722188
984,722220
1146,722252
536,722284
571,722316
429,722348
0,722380
219,722412
457,722444
423,722476
907,722508
782,722540
1103,722572
1232,722604
1526,722636
2171,722668
1898,722700
1708,722732
1806,722764
1243,722796
1019,722828
1067,722860
567,722892
682,722924
445,722956
208,722988
332,723020
592,723052
794,723084
976,723116
1243,723148
1438,723180
1296,723212
1597,723244
1758,723276
1787,723308
1550,723340
1322,723372
1125,723404
870,723436
668,723468
779,723500
216,723532
40,723564
213,723596
68,723628
717,723660
444,723692
1143,723724
1335,723756
1150,723788
1801,723820
2030,723852
1896,723884
2174,723916
1901,723948
1783,723980
1422,724012
1165,724044
1019,724076
703,724108
139,724140
318,724172
0,724204
460,724236
664,724268
504,724300
1112,724332
1311,724364
1239,724396
1773,724428
1645,724460
1975,724492
2139,724524
1494,724556
1669,724588
1033,724620
809,724652
938,724684
349,724716
168,724748
248,724780
0,724812
541,724844
425,724876
999,724908
1194,724940
1462,724972
1660,725004
1897,725036
2126,725068
2270,725100
1995,725132
1405,725164
1519,725196
925,725228
1056,725260
464,725292
271,725324
22,725356
0,725388
17,725420
188,725452
459,725484
686,725516
916,725548
1135,725580
1294,725612
1607,725644
2285,725676
1816,725708
2047,725740
1771,725772
1482,725804
1295,725836
1020,725868
487,725900
573,725932
336,725964
237,725996
334,726028
570,726060
875,726092
1021,726124
1321,726156
1520,726188
1354,726220
1644,726252
2190,726284
1783,726316
1855,726348
1628,726380
1128,726412
909,726444
589,726476
445,726508
140,726540
0,726572
250,726604
102,726636
375,726668
910,726700
823,726732
1049,726764
1272,726796
1501,726828
2110,726860
1883,726892
2136,726924
1864,726956
1660,726988
1388,727020
1120,727052
557,727084
667,727116
73,727148
203,727180
0,727212
110,727244
330,727276
556,727308
811,727340
1004,727372
1262,727404
1544,727436
1724,727468
1924,727500
1611,727532
1452,727564
1659,727596
924,727628
1165,727660
905,727692
663,727724
439,727756
200,727788
16,727820
576,727852
777,727884
1113,727916
1228,727948
1424,727980
1741,728012
1896,728044
1759,728076
2236,728108
1551,728140
1320,728172
1484,728204
870,728236
1019,728268
766,728300
233,728332
56,728364
0,728396
87,728428
231,728460
502,728492
1117,728524
952,728556
1181,728588
1776,728620
1641,728652
1915,728684
1785,728716
1591,728748
1721,728780
1408,728812
1247,728844
988,728876
797,728908
536,728940
301,728972
0,729004
447,729036
640,729068
905,729100
1088,729132
957,729164
1551,729196
1417,729228
1673,729260
1880,729292
1692,729324
1510,729356
1229,729388
1051,729420
1117,729452
601,729484
367,729516
76,729548
0,729580
365,729612
526,729644
799,729676
989,729708
859,729740
1439,729772
1632,729804
1545,729836
2106,729868
2251,729900
2135,729932
1740,729964
1514,729996
1357,730028
1051,730060
473,730092
632,730124
25,730156
154,730188
283,730220
213,730252
478,730284
971,730316
936,730348
1417,730380
1294,730412
1629,730444
1756,730476
1846,730508
2016,730540
1372,730572
1191,730604
912,730636
731,730668
505,730700
552,730732
47,730764
184,730796
413,730828
654,730860
848,730892
680,730924
1306,730956
1498,730988
1771,731020
1966,731052
1820,731084
2110,731116
1487,731148
1263,731180
1024,731212
810,731244
612,731276
358,731308
163,731340
265,731372
0,731404
125,731436
747,731468
581,731500
1227,731532
1375,731564
1668,731596
1855,731628
1673,731660
2329,731692
2121,731724
1512,731756
1644,731788
1371,731820
1246,731852
908,731884
649,731916
496,731948
188,731980
0,732012
522,732044
333,732076
985,732108
1178,732140
1015,732172
1293,732204
1836,732236
1757,732268
2207,732300
1612,732332
1470,732364
1148,732396
973,732428
1143,732460
523,732492
300,732524
425,732556
0,732588
28,732620
574,732652
487,732684
1063,732716
937,732748
1515,732780
1720,732812
1532,732844
2186,732876
2208,732908
1976,732940
1738,732972
1466,733004
1272,733036
1000,733068
413,733100
544,733132
0,733164
0,733196
1,733228
254,733260
512,733292
700,733324
980,733356
1197,733388
1431,733420
1661,733452
2317,733484
1803,733516
2015,733548
1290,733580
1513,733612
1241,733644
659,733676
781,733708
522,733740
0,733772
198,733804
441,733836
768,733868
848,733900
1084,733932
1391,733964
1544,733996
1848,734028
2048,734060
1881,734092
1723,734124
1804,734156
1258,734188
1328,734220
1112,734252
615,734284
638,734316
76,734348
0,734380
0,734412
182,734444
782,734476
607,734508
875,734540
1432,734572
1337,734604
1566,734636
1802,734668
1945,734700
2074,734732
1384,734764
1598,734796
1336,734828
1132,734860
876,734892
603,734924
411,734956
139,734988
0,735020
526,735052
384,735084
620,735116
840,735148
1070,735180
1323,735212
1528,735244
1785,735276
1863,735308
1576,735340
1388,735372
1573,735404
936,735436
1134,735468
412,735500
663,735532
383,735564
0,735596
411,735628
646,735660
520,735692
1098,735724
1292,735756
1645,735788
1756,735820
1962,735852
2281,735884
2091,735916
1488,735948
1710,735980
1036,736012
808,736044
971,736076
362,736108
507,736140
248,736172
0,736204
398,736236
292,736268
599,736300
731,736332
1014,736364
1645,736396
1466,736428
1704,736460
2313,736492
1723,736524
1531,736556
1258,736588
1067,736620
1197,736652
893,736684
735,736716
464,736748
267,736780
280,736812
505,736844
732,736876
968,736908
1159,736940
1421,736972
1616,737004
1472,737036
2088,737068
1840,737100
1630,737132
1374,737164
1178,737196
989,737228
717,737260
540,737292
315,737324
90,737356
0,737388
0,737420
238,737452
891,737484
649,737516
1321,737548
1513,737580
1370,737612
1977,737644
2170,737676
1863,737708
1950,737740
1712,737772
1607,737804
1214,737836
1001,737868
842,737900
528,737932
0,737964
135,737996
5,738028
602,738060
808,738092
728,738124
1248,738156
1486,738188
1448,738220
1950,738252
1830,738284
1831,738316
1485,738348
1322,738380
1486,738412
858,738444
679,738476
408,738508
219,738540
2,738572
187,738604
142,738636
718,738668
941,738700
1168,738732
1370,738764
1642,738796
1834,738828
2030,738860
2311,738892
2046,738924
1434,738956
1579,738988
973,739020
748,739052
512,739084
299,739116
107,739148
0,739180
0,739212
171,739244
363,739276
633,739308
1259,739340
1084,739372
1765,739404
1470,739436
2203,739468
2297,739500
1630,739532
1821,739564
1592,739596
998,739628
1118,739660
847,739692
588,739724
392,739756
121,739788
361,739820
512,739852
396,739884
1049,739916
846,739948
1498,739980
1704,740012
1530,740044
2168,740076
2157,740108
1607,740140
1678,740172
1096,740204
952,740236
638,740268
468,740300
621,740332
20,740364
0,740396
398,740428
279,740460
539,740492
1084,740524
989,740556
1581,740588
1447,740620
2045,740652
2250,740684
2187,740716
1916,740748
1677,740780
1440,740812
1212,740844
952,740876
751,740908
479,740940
0,740972
174,741004
47,741036
313,741068
505,741100
760,741132
1032,741164
1210,741196
1483,741228
1723,741260
1959,741292
1741,741324
1434,741356
1275,741388
1485,741420
778,741452
991,741484
728,741516
148,741548
256,741580
262,741612
489,741644
715,741676
952,741708
1291,741740
1368,741772
1610,741804
1929,741836
2074,741868
2283,741900
2012,741932
1374,741964
1206,741996
1277,742028
746,742060
811,742092
602,742124
107,742156
108,742188
0,742220
251,742252
384,742284
680,742316
1292,742348
1117,742380
1396,742412
1962,742444
1863,742476
1883,742508
1645,742540
1415,742572
1546,742604
863,742636
1082,742668
814,742700
620,742732
350,742764
119,742796
392,742828
587,742860
446,742892
1036,742924
906,742956
1129,742988
1356,743020
1592,743052
1849,743084
1722,743116
1513,743148
1335,743180
1062,743212
887,743244
1051,743276
427,743308
617,743340
0,743372
295,743404
475,743436
308,743468
927,743500
1161,743532
1341,743564
1625,743596
1817,743628
2171,743660
2282,743692
2032,743724
1883,743756
1565,743788
974,743820
1184,743852
525,743884
300,743916
448,743948
0,743980
252,744012
460,744044
392,744076
911,744108
793,744140
1111,744172
1705,744204
1530,744236
2173,744268
1896,744300
1671,744332
1804,744364
1195,744396
1016,744428
745,744460
563,744492
681,744524
380,744556
203,744588
342,744620
599,744652
796,744684
1024,744716
1246,744748
1484,744780
1677,744812
1946,744844
2143,744876
1785,744908
1935,744940
1324,744972
1115,745004
861,745036
656,745068
485,745100
206,745132
37,745164
0,745196
71,745228
300,745260
444,745292
747,745324
1407,745356
1158,745388
1851,745420
2041,745452
2221,745484
2173,745516
1898,745548
1335,745580
1420,745612
1195,745644
1083,745676
701,745708
472,745740
320,745772
169,745804
61,745836
666,745868
506,745900
1116,745932
1320,745964
1240,745996
1776,746028
2024,746060
1979,746092
1769,746124
1422,746156
1293,746188
970,746220
809,746252
970,746284
347,746316
168,746348
155,746380
0,746412
207,746444
702,746476
665,746508
1230,746540
1463,746572
1706,746604
1898,746636
2168,746668
2264,746700
1993,746732
1790,746764
1518,746796
920,746828
1053,746860
462,746892
240,746924
19,746956
0,746988
0,747020
164,747052
422,747084
695,747116
871,747148
1145,747180
1787,747212
1607,747244
2296,747276
1776,747308
2043,747340
1760,747372
1501,747404
1291,747436
1066,747468
478,747500
600,747532
336,747564
245,747596
377,747628
576,747660
879,747692
1023,747724
906,747756
1578,747788
1356,747820
2027,747852
2232,747884
1724,747916
1887,747948
1628,747980
1091,748012
903,748044
586,748076
443,748108
140,748140
0,748172
251,748204
106,748236
343,748268
912,748300
791,748332
1051,748364
1608,748396
1512,748428
2117,748460
1977,748492
2125,748524
1852,748556
1657,748588
1388,748620
1160,748652
554,748684
697,748716
440,748748
234,748780
238,748812
111,748844
696,748876
560,748908
814,748940
1008,748972
1264,749004
1559,749036
1734,749068
1915,749100
1687,749132
1448,749164
1216,749196
920,749228
763,749260
969,749292
655,749324
475,749356
201,749388
18,749420
586,749452
778,749484
699,749516
1230,749548
1469,749580
1819,749612
1899,749644
2138,749676
2235,749708
1916,749740
1755,749772
1482,749804
861,749836
686,749868
763,749900
246,749932
46,749964
105,749996
89,750028
573,750060
454,750092
767,750124
904,750156
1182,750188
1820,750220
1644,750252
1917,750284
2154,750316
1591,750348
1357,750380
1127,750412
895,750444
1020,750476
360,750508
570,750540
296,750572
0,750604
456,750636
651,750668
905,750700
1100,750732
958,750764
1560,750796
1417,750828
1654,750860
1880,750892
1670,750924
1454,750956
1200,750988
999,751020
824,751052
552,751084
375,751116
72,751148
0,751180
375,751212
512,751244
808,751276
991,751308
820,751340
1449,751372
1690,751404
1556,751436
2156,751468
2249,751500
2126,751532
1769,751564
1513,751596
1355,751628
1040,751660
472,751692
663,751724
23,751756
0,751788
319,751820
174,751852
455,751884
972,751916
903,751948
1422,751980
1304,752012
1627,752044
1766,752076
1837,752108
2013,752140
1368,752172
1144,752204
1276,752236
684,752268
503,752300
235,752332
47,752364
185,752396
364,752428
653,752460
858,752492
685,752524
1312,752556
1548,752588
1774,752620
2014,752652
2217,752684
2141,752716
1868,752748
1262,752780
1403,752812
808,752844
605,752876
347,752908
153,752940
0,752972
0,753004
125,753036
640,753068
583,753100
807,753132
1434,753164
1259,753196
1935,753228
1680,753260
2379,753292
2120,753324
1498,753356
1641,753388
1369,753420
823,753452
904,753484
679,753516
557,753548
187,753580
232,753612
543,753644
683,753676
568,753708
1180,753740
1016,753772
1302,753804
1849,753836
1757,753868
2206,753900
1978,753932
1467,753964
1500,753996
920,754028
791,754060
463,754092
296,754124
446,754156
0,754188
30,754220
218,754252
487,754284
713,754316
1216,754348
1166,754380
1758,754412
1536,754444
2232,754476
2208,754508
2010,754540
1736,754572
1467,754604
1263,754636
992,754668
410,754700
541,754732
0,754764
0,754796
6,754828
228,754860
475,754892
678,754924
933,754956
1502,754988
1382,755020
1671,755052
2318,755084
1799,755116
2009,755148
1258,755180
1513,755212
1241,755244
601,755276
777,755308
557,755340
0,755372
238,755404
440,755436
775,755468
889,755500
1086,755532
1401,755564
1549,755596
1419,755628
2104,755660
1882,755692
1670,755724
1836,755756
1196,755788
1358,755820
1100,755852
579,755884
638,755916
74,755948
0,755980
0,756012
158,756044
777,756076
616,756108
851,756140
1436,756172
1291,756204
1575,756236
2140,756268
1933,756300
2063,756332
1757,756364
1597,756396
1326,756428
1129,756460
872,756492
638,756524
408,756556
171,756588
301,756620
568,756652
752,756684
621,756716
1212,756748
1071,756780
1328,756812
1532,756844
1798,756876
1853,756908
1574,756940
1394,756972
1163,757004
934,757036
711,757068
409,757100
261,757132
447,757164
0,757196
459,757228
653,757260
531,757292
1103,757324
1292,757356
1197,757388
1757,757420
1997,757452
2349,757484
2091,757516
1856,757548
1707,757580
1384,757612
808,757644
972,757676
358,757708
193,757740
252,757772
0,757804
398,757836
638,757868
599,757900
1084,757932
968,757964
1277,757996
1416,758028
1708,758060
2351,758092
1718,758124
1528,758156
1624,758188
1079,758220
843,758252
892,758284
391,758316
506,758348
0,758380
41,758412
512,758444
778,758476
970,758508
1160,758540
1421,758572
1625,758604
1471,758636
2089,758668
1837,758700
1609,758732
1867,758764
1145,758796
941,758828
686,758860
492,758892
312,758924
39,758956
0,758988
0,759020
236,759052
893,759084
617,759116
1323,759148
1515,759180
1333,759212
1983,759244
2222,759276
1852,759308
1996,759340
1721,759372
1597,759404
1259,759436
986,759468
832,759500
528,759532
0,759564
180,759596
8,759628
232,759660
843,759692
680,759724
1293,759756
1486,759788
1404,759820
1952,759852
1829,759884
1816,759916
1487,759948
1310,759980
1483,760012
255,760044
139,760076
29,760108
261,760140
215,760172
302,760204
151,760236
719,760268
877,760300
1177,760332
1372,760364
1641,760396
1838,760428
2075,760460
2304,760492
2090,760524
1804,760556
1612,760588
1340,760620
752,760652
599,760684
296,760716
102,760748
0,760780
0,760812
185,760844
364,760876
634,760908
1160,760940
1094,760972
1325,761004
1472,761036
1784,761068
2359,761100
1630,761132
1867,761164
1583,761196
987,761228
1117,761260
847,761292
315,761324
394,761356
153,761388
431,761420
509,761452
748,761484
1053,761516
1200,761548
1070,761580
1705,761612
1531,761644
2170,761676
2154,761708
1604,761740
1675,761772
1448,761804
952,761836
984,761868
410,761900
277,761932
0,761964
0,761996
432,762028
280,762060
542,762092
1088,762124
991,762156
1229,762188
1754,762220
1693,762252
2296,762284
2183,762316
1948,762348
1676,762380
1482,762412
1210,762444
942,762476
750,762508
489,762540
0,762572
0,762604
64,762636
284,762668
504,762700
746,762732
986,762764
1190,762796
1446,762828
2032,762860
1912,762892
1737,762924
1918,762956
1272,762988
1479,763020
746,763052
997,763084
718,763116
100,763148
251,763180
302,763212
184,763244
761,763276
952,763308
1291,763340
1404,763372
1612,763404
1931,763436
2076,763468
1836,763500
2048,763532
1372,763564
1567,763596
1310,763628
688,763660
845,763692
600,763724
72,763756
121,763788
0,763820
251,763852
829,763884
682,763916
1305,763948
1126,763980
1364,764012
1964,764044
1818,764076
1879,764108
1977,764140
1405,764172
1545,764204
953,764236
1082,764268
810,764300
617,764332
350,764364
155,764396
394,764428
624,764460
824,764492
711,764524
1264,764556
1133,764588
1728,764620
1592,764652
1852,764684
1711,764716
1512,764748
1335,764780
1052,764812
874,764844
651,764876
424,764908
203,764940
0,764972
0,765004
544,765036
314,765068
985,765100
1165,765132
1353,765164
1639,765196
1822,765228
1725,765260
2299,765292
2064,765324
1951,765356
1552,765388
1325,765420
1179,765452
872,765484
703,765516
446,765548
0,765580
0,765612
474,765644
392,765676
911,765708
1148,765740
1112,765772
1341,765804
1482,765836
1805,765868
1836,765900
1660,765932
1836,765964
1196,765996
1015,766028
1100,766060
554,766092
329,766124
103,766156
0,766188
378,766220
174,766252
832,766284
1022,766316
1294,766348
1486,766380
1677,766412
1564,766444
2154,766476
1775,766508
1920,766540
1320,766572
1092,766604
858,766636
634,766668
429,766700
174,766732
0,766764
0,766796
34,766828
309,766860
444,766892
756,766924
1403,766956
1135,766988
1852,767020
2043,767052
2266,767084
2171,767116
1935,767148
1336,767180
1465,767212
1193,767244
1081,767276
730,767308
476,767340
319,767372
175,767404
59,767436
716,767468
510,767500
742,767532
1354,767564
1192,767596
1818,767628
2024,767660
1943,767692
1758,767724
1434,767756
1291,767788
970,767820
810,767852
957,767884
345,767916
124,767948
236,767980
0,768012
201,768044
392,768076
653,768108
1241,768140
1392,768172
1705,768204
1900,768236
2173,768268
2266,768300
2028,768332
1400,768364
1536,768396
1290,768428
1097,768460
826,768492
237,768524
366,768556
0,768588
0,768620
172,768652
426,768684
695,768716
874,768748
1147,768780
1679,768812
1609,768844
1847,768876
1775,768908
1620,768940
1833,768972
1513,769004
1337,769036
1067,769068
475,769100
592,769132
332,769164
0,769196
377,769228
607,769260
957,769292
1024,769324
1262,769356
1568,769388
1724,769420
1595,769452
2240,769484
1720,769516
1884,769548
1627,769580
1092,769612
903,769644
937,769676
440,769708
473,769740
0,769772
0,769804
74,769836
344,769868
954,769900
794,769932
1054,769964
1242,769996
1513,770028
1753,770060
2281,770092
1759,770124
1888,770156
1654,770188
1418,770220
1152,770252
523,770284
686,770316
427,770348
233,770380
249,770412
188,770444
697,770476
570,770508
796,770540
1016,770572
1244,770604
1509,770636
1706,770668
1864,770700
1991,770732
1399,770764
1212,770796
1387,770828
762,770860
966,770892
652,770924
472,770956
197,770988
0,771020
591,771052
827,771084
697,771116
1276,771148
1472,771180
1819,771212
1935,771244
2140,771276
2235,771308
1912,771340
1311,771372
1527,771404
859,771436
1050,771468
794,771500
182,771532
17,771564
117,771596
55,771628
574,771660
461,771692
776,771724
907,771756
1190,771788
1821,771820
1653,771852
1883,771884
2153,771916
1535,771948
1355,771980
1439,772012
893,772044
1017,772076
443,772108
555,772140
288,772172
0,772204
454,772236
682,772268
908,772300
1145,772332
1336,772364
1600,772396
1802,772428
1658,772460
2268,772492
1660,772524
1454,772556
1208,772588
1000,772620
821,772652
550,772684
372,772716
139,772748
0,772780
0,772812
573,772844
413,772876
1069,772908
816,772940
1497,772972
1695,773004
1559,773036
2159,773068
2240,773100
1675,773132
1768,773164
1536,773196
1419,773228
1038,773260
812,773292
665,773324
352,773356
185,773388
328,773420
174,773452
456,773484
975,773516
904,773548
1434,773580
1675,773612
1639,773644
2137,773676
1770,773708
1642,773740
1308,773772
1142,773804
1308,773836
682,773868
503,773900
586,773932
42,773964
0,773996
92,774028
319,774060
894,774092
684,774124
1354,774156
1550,774188
1820,774220
2024,774252
2217,774284
2141,774316
1868,774348
1260,774380
1400,774412
798,774444
574,774476
347,774508
126,774540
0,774572
0,774604
80,774636
360,774668
537,774700
810,774732
1435,774764
1260,774796
1942,774828
1658,774860
2380,774892
2111,774924
1451,774956
1641,774988
1406,775020
823,775052
940,775084
672,775116
568,775148
205,775180
236,775212
537,775244
687,775276
571,775308
1228,775340
1019,775372
1254,775404
1886,775436
1708,775468
2233,775500
1975,775532
1422,775564
1498,775596
912,775628
778,775660
462,775692
296,775724
441,775756
0,775788
8,775820
572,775852
455,775884
718,775916
904,775948
1167,775980
1767,776012
1926,776044
2233,776076
2204,776108
1999,776140
1728,776172
1496,776204
1260,776236
1036,776268
768,776300
576,776332
313,776364
0,776396
361,776428
223,776460
488,776492
681,776524
937,776556
1209,776588
1389,776620
1674,776652
1901,776684
1789,776716
1559,776748
1258,776780
1099,776812
1296,776844
603,776876
815,776908
554,776940
0,776972
239,777004
442,777036
363,777068
892,777100
1120,777132
1470,777164
1551,777196
1800,777228
2105,777260
2252,777292
1662,777324
1832,777356
1195,777388
1353,777420
1100,777452
570,777484
636,777516
413,777548
0,777580
233,777612
124,777644
429,777676
570,777708
852,777740
1471,777772
1304,777804
1579,777836
1770,777868
1929,777900
1695,777932
1752,777964
1238,777996
1358,778028
1129,778060
894,778092
636,778124
432,778156
168,778188
311,778220
567,778252
765,778284
623,778316
1213,778348
1080,778380
1317,778412
1533,778444
1769,778476
1803,778508
1536,778540
1336,778572
1159,778604
876,778636
701,778668
875,778700
246,778732
441,778764
0,778796
471,778828
656,778860
487,778892
1113,778924
1342,778956
1211,778988
1806,779020
1999,779052
2189,779084
2122,779116
1852,779148
1695,779180
1385,779212
807,779244
1004,779276
349,779308
526,779340
270,779372
0,779404
429,779436
638,779468
567,779500
1088,779532
968,779564
1287,779596
1883,779628
1710,779660
2350,779692
1710,779724
1481,779756
1624,779788
1018,779820
839,779852
924,779884
381,779916
503,779948
0,779980
317,780012
524,780044
777,780076
974,780108
1199,780140
1432,780172
1663,780204
1867,780236
2128,780268
2219,780300
1608,780332
1742,780364
1136,780396
940,780428
685,780460
486,780492
311,780524
40,780556
0,780588
28,780620
250,780652
475,780684
622,780716
923,780748
1590,780780
1328,780812
2031,780844
2223,780876
1849,780908
1993,780940
1710,780972
1481,781004
1242,781036
1019,781068
907,781100
525,781132
300,781164
185,781196
350,781228
649,781260
844,781292
680,781324
966,781356
1496,781388
1418,781420
1962,781452
2206,781484
1816,781516
1850,781548
1256,781580
1117,781612
798,781644
630,781676
784,781708
173,781740
0,781772
236,781804
156,781836
381,781868
601,781900
829,781932
1416,781964
1199,781996
1886,782028
2078,782060
2359,782092
2088,782124
1807,782156
1611,782188
1340,782220
744,782252
878,782284
297,782316
72,782348
0,782380
0,782412
141,782444
472,782476
599,782508
874,782540
1048,782572
1323,782604
1979,782636
1787,782668
2359,782700
1604,782732
1863,782764
1581,782796
936,782828
1115,782860
888,782892
608,782924
426,782956
153,782988
439,783020
541,783052
752,783084
1055,783116
1200,783148
1085,783180
1755,783212
1533,783244
1772,783276
2185,783308
1542,783340
1704,783372
1448,783404
908,783436
984,783468
410,783500
267,783532
381,783564
0,783596
441,783628
284,783660
509,783692
1096,783724
955,783756
1228,783788
1416,783820
1691,783852
2287,783884
2107,783916
1945,783948
1674,783980
1469,784012
1208,784044
984,784076
748,784108
525,784140
240,784172
219,784204
416,784236
287,784268
873,784300
743,784332
991,784364
1184,784396
1451,784428
1733,784460
1914,784492
1736,784524
1499,784556
1272,784588
1047,784620
736,784652
587,784684
781,784716
102,784748
296,784780
311,784812
480,784844
763,784876
956,784908
871,784940
1416,784972
1648,785004
1999,785036
2079,785068
2204,785100
2047,785132
1726,785164
1144,785196
1304,785228
683,785260
842,785292
587,785324
58,785356
109,785388
297,785420
263,785452
493,785484
622,785516
939,785548
1079,785580
1368,785612
2013,785644
1830,785676
1879,785708
1596,785740
1401,785772
1177,785804
1229,785836
727,785868
842,785900
606,785932
380,785964
166,785996
430,786028
634,786060
823,786092
1083,786124
1280,786156
1134,786188
1740,786220
1600,786252
1832,786284
1712,786316
1483,786348
1277,786380
1021,786412
825,786444
647,786476
367,786508
185,786540
349,786572
0,786604
549,786636
284,786668
985,786700
1175,786732
1387,786764
1632,786796
1871,786828
1735,786860
2335,786892
2060,786924
1945,786956
1593,786988
1323,787020
1180,787052
862,787084
296,787116
480,787148
0,787180
300,787212
506,787244
346,787276
954,787308
1152,787340
1070,787372
1351,787404
1483,787436
1815,787468
1834,787500
1658,787532
1833,787564
1192,787596
967,787628
1098,787660
511,787692
328,787724
409,787756
0,787788
379,787820
265,787852
839,787884
1024,787916
1293,787948
1498,787980
1727,788012
1572,788044
2201,788076
2157,788108
1961,788140
1691,788172
1084,788204
1216,788236
624,788268
440,788300
172,788332
0,788364
0,788396
37,788428
306,788460
535,788492
758,788524
984,788556
1134,788588
1448,788620
2125,788652
2271,788684
2207,788716
1932,788748
1331,788780
1463,788812
1184,788844
647,788876
720,788908
505,788940
382,788972
175,789004
412,789036
713,789068
862,789100
1165,789132
1359,789164
1194,789196
1479,789228
2027,789260
1947,789292
1755,789324
1790,789356
1287,789388
1321,789420
746,789452
605,789484
293,789516
122,789548
265,789580
0,789612
219,789644
750,789676
664,789708
891,789740
1112,789772
1343,789804
1948,789836
1721,789868
2298,789900
2016,789932
1380,789964
1552,789996
1279,790028
1085,790060
824,790092
234,790124
365,790156
0,790188
0,790220
172,790252
398,790284
653,790316
846,790348
1111,790380
1386,790412
1563,790444
1848,790476
1773,790508
1619,790540
1830,790572
1502,790604
1326,790636
1065,790668
428,790700
603,790732
376,790764
0,790796
426,790828
618,790860
957,790892
1067,790924
1264,790956
1581,790988
1727,791020
1599,791052
2284,791084
1719,791116
1484,791148
1656,791180
1018,791212
856,791244
928,791276
396,791308
458,791340
0,791372
0,791404
73,791436
343,791468
957,791500
794,791532
1021,791564
1614,791596
1479,791628
1755,791660
1949,791692
1753,791724
1895,791756
1578,791788
1414,791820
1148,791852
512,791884
696,791916
461,791948
232,791980
285,792012
472,792044
736,792076
939,792108
797,792140
1389,792172
1256,792204
1512,792236
1712,792268
1862,792300
1673,792332
1390,792364
1213,792396
1277,792428
759,792460
535,792492
701,792524
75,792556
253,792588
0,792620
649,792652
831,792684
701,792716
1287,792748
1480,792780
1374,792812
1934,792844
2184,792876
2300,792908
1903,792940
1676,792972
1517,793004
1200,793036
624,793068
784,793100
183,793132
7,793164
119,793196
60,793228
574,793260
812,793292
777,793324
1264,793356
1144,793388
1465,793420
1594,793452
1896,793484
2186,793516
1532,793548
1342,793580
1072,793612
889,793644
667,793676
713,793708
205,793740
328,793772
0,793804
492,793836
686,793868
954,793900
1150,793932
1338,793964
1607,793996
1802,794028
1659,794060
2270,794092
1660,794124
1421,794156
1194,794188
966,794220
776,794252
506,794284
314,794316
414,794348
0,794380
0,794412
587,794444
412,794476
686,794508
798,794540
1509,794572
1695,794604
1512,794636
2159,794668
2284,794700
1683,794732
1816,794764
1530,794796
1415,794828
1067,794860
812,794892
655,794924
348,794956
0,794988
376,795020
184,795052
408,795084
1019,795116
856,795148
1469,795180
1676,795212
1593,795244
2138,795276
1773,795308
1630,795340
1304,795372
1132,795404
1304,795436
683,795468
456,795500
584,795532
8,795564
0,795596
409,795628
327,795660
894,795692
1053,795724
1355,795756
1552,795788
1821,795820
2024,795852
2255,795884
2139,795916
1904,795948
1628,795980
1424,796012
1164,796044
572,796076
703,796108
121,796140
0,796172
0,796204
90,796236
362,796268
549,796300
817,796332
1039,796364
1270,796396
1497,796428
1657,796460
1964,796492
2183,796524
1448,796556
1679,796588
1403,796620
818,796652
939,796684
668,796716
139,796748
207,796780
269,796812
606,796844
697,796876
927,796908
1231,796940
1384,796972
1257,797004
1888,797036
1710,797068
1886,797100
1966,797132
1420,797164
1488,797196
1264,797228
779,797260
808,797292
234,797324
93,797356
0,797388
7,797420
618,797452
454,797484
717,797516
1264,797548
1176,797580
1405,797612
1933,797644
1869,797676
2238,797708
1548,797740
1768,797772
1494,797804
1296,797836
1036,797868
766,797900
572,797932
304,797964
0,797996
365,798028
237,798060
458,798092
1159,798124
910,798156
1164,798188
1359,798220
1626,798252
1913,798284
1736,798316
1557,798348
1246,798380
1096,798412
1292,798444
570,798476
812,798508
539,798540
0,798572
249,798604
490,798636
362,798668
940,798700
1131,798732
1478,798764
1592,798796
1792,798828
2109,798860
2255,798892
1659,798924
1868,798956
1194,798988
966,799020
1130,799052
522,799084
665,799116
412,799148
0,799180
237,799212
124,799244
439,799276
573,799308
857,799340
1481,799372
1304,799404
1532,799436
2144,799468
1883,799500
1692,799532
1790,799564
1229,799596
1357,799628
1053,799660
893,799692
634,799724
429,799756
166,799788
347,799820
570,799852
808,799884
1000,799916
1261,799948
1454,799980
1310,800012
1614,800044
1775,800076
1800,800108
1534,800140
1328,800172
1150,800204
877,800236
697,800268
765,800300
249,800332
22,800364
0,800396
76,800428
729,800460
487,800492
1161,800524
1344,800556
1211,800588
1815,800620
2009,800652
1911,800684
2120,800716
1886,800748
1771,800780
1375,800812
1150,800844
1004,800876
688,800908
120,800940
269,800972
0,801004
446,801036
647,801068
578,801100
1088,801132
1328,801164
1289,801196
1786,801228
1660,801260
1983,801292
1656,801324
1481,801356
1656,801388
1016,801420
829,801452
922,801484
377,801516
155,801548
190,801580
0,801612
554,801644
781,801676
1008,801708
1210,801740
1478,801772
1676,801804
1866,801836
2139,801868
2216,801900
1597,801932
1437,801964
1136,801996
908,802028
683,802060
456,802092
261,802124
9,802156
0,802188
312,802220
203,802252
474,802284
1101,802316
924,802348
1592,802380
1306,802412
2039,802444
2233,802476
1797,802508
1981,802540
1753,802572
1158,802604
1278,802636
1015,802668
893,802700
553,802732
300,802764
188,802796
349,802828
248,802860
890,802892
683,802924
1328,802956
1535,802988
1368,803020
1998,803052
2205,803084
1771,803116
1850,803148
1254,803180
1114,803212
1241,803244
632,803276
791,803308
166,803340
0,803372
232,803404
120,803436
381,803468
923,803500
839,803532
1421,803564
1292,803596
1885,803628
2080,803660
2347,803692
2078,803724
1840,803756
1608,803788
1373,803820
1111,803852
541,803884
651,803916
61,803948
189,803980
0,804012
144,804044
345,804076
602,804108
875,804140
1051,804172
1333,804204
1563,804236
1797,804268
1910,804300
1598,804332
1437,804364
1647,804396
938,804428
1161,804460
879,804492
605,804524
424,804556
140,804588
25,804620
559,804652
792,804684
1136,804716
1210,804748
1447,804780
1757,804812
1900,804844
2219,804876
2174,804908
1531,804940
1366,804972
1440,805004
906,805036
971,805068
749,805100
263,805132
41,805164
0,805196
95,805228
248,805260
512,805292
1134,805324
966,805356
1239,805388
1792,805420
1692,805452
1933,805484
1813,805516
1577,805548
1706,805580
1023,805612
1232,805644
972,805676
778,805708
508,805740
250,805772
0,805804
427,805836
295,805868
877,805900
736,805932
970,805964
1195,805996
1430,806028
1687,806060
1882,806092
1678,806124
1498,806156
1209,806188
1035,806220
734,806252
586,806284
782,806316
58,806348
286,806380
317,806412
525,806444
767,806476
1002,806508
863,806540
1455,806572
1656,806604
2007,806636
2120,806668
2205,806700
2047,806732
1726,806764
1142,806796
1340,806828
684,806860
456,806892
617,806924
17,806956
137,806988
300,807020
231,807052
503,807084
635,807116
951,807148
1084,807180
1368,807212
2007,807244
1830,807276
1832,807308
1964,807340
1355,807372
1180,807404
905,807436
727,807468
843,807500
537,807532
377,807564
169,807596
438,807628
638,807660
863,807692
715,807724
1322,807756
1515,807788
1788,807820
1983,807852
1835,807884
2092,807916
1481,807948
1275,807980
1019,808012
826,808044
635,808076
366,808108
199,808140
249,808172
0,808204
139,808236
295,808268
589,808300
1245,808332
1391,808364
1679,808396
1881,808428
1738,808460
2333,808492
2060,808524
1495,808556
1583,808588
1356,808620
1243,808652
860,808684
638,808716
489,808748
172,808780
0,808812
504,808844
350,808876
956,808908
1165,808940
1082,808972
1351,809004
1855,809036
1816,809068
2191,809100
1596,809132
1453,809164
1132,809196
958,809228
1128,809260
504,809292
316,809324
56,809356
0,809388
45,809420
541,809452
495,809484
1072,809516
1303,809548
1534,809580
1736,809612
1548,809644
2204,809676
2158,809708
1960,809740
1688,809772
1081,809804
1213,809836
622,809868
396,809900
173,809932
0,809964
0,809996
19,810028
263,810060
825,810092
714,810124
985,810156
1623,810188
1437,810220
2125,810252
2281,810284
2205,810316
1931,810348
1287,810380
1455,810412
1228,810444
647,810476
764,810508
504,810540
375,810572
217,810604
413,810636
728,810668
864,810700
745,810732
1406,810764
1196,810796
1864,810828
2073,810860
1884,810892
1709,810924
1788,810956
1243,810988
1320,811020
743,811052
600,811084
284,811116
121,811148
263,811180
0,811212
171,811244
760,811276
622,811308
893,811340
1440,811372
1353,811404
1949,811436
1817,811468
2285,811500
2016,811532
1372,811564
1550,811596
1320,811628
1084,811660
859,811692
591,811724
395,811756
121,811788
0,811820
538,811852
399,811884
656,811916
858,811948
1104,811980
1386,812012
1564,812044
1850,812076
1851,812108
1609,812140
1384,812172
1561,812204
923,812236
1120,812268
424,812300
649,812332
367,812364
0,812396
429,812428
620,812460
535,812492
1070,812524
1306,812556
1655,812588
1736,812620
1976,812652
2287,812684
2076,812716
1915,812748
1648,812780
1019,812812
844,812844
923,812876
394,812908
464,812940
236,812972
0,813004
409,813036
300,813068
615,813100
751,813132
1020,813164
1659,813196
1482,813228
1757,813260
2318,813292
1751,813324
1517,813356
1277,813388
1053,813420
1180,813452
509,813484
718,813516
458,813548
254,813580
296,813612
490,813644
747,813676
941,813708
808,813740
1391,813772
1258,813804
1485,813836
1712,813868
1832,813900
1625,813932
1358,813964
1161,813996
983,814028
702,814060
535,814092
687,814124
72,814156
249,814188
0,814220
651,814252
839,814284
662,814316
1289,814348
1518,814380
1386,814412
1994,814444
2187,814476
2299,814508
1934,814540
1672,814572
1517,814604
1200,814636
624,814668
827,814700
171,814732
0,814764
155,814796
18,814828
616,814860
814,814892
745,814924
1264,814956
1144,814988
1467,815020
1599,815052
1896,815084
2183,815116
1530,815148
1305,815180
1438,815212
842,815244
661,815276
393,815308
217,815340
317,815372
203,815404
493,815436
696,815468
955,815500
1150,815532
1385,815564
1612,815596
1850,815628
2045,815660
2304,815692
2031,815724
1421,815756
1563,815788
969,815820
763,815852
506,815884
314,815916
135,815948
0,815980
0,816012
189,816044
423,816076
651,816108
798,816140
1099,816172
1775,816204
1514,816236
2219,816268
2281,816300
1671,816332
1805,816364
1531,816396
983,816428
1065,816460
841,816492
720,816524
346,816556
107,816588
378,816620
524,816652
409,816684
1022,816716
859,816748
1471,816780
1678,816812
1596,816844
2142,816876
2142,816908
1627,816940
1660,816972
1078,817004
941,817036
622,817068
454,817100
604,817132
3,817164
0,817196
70,817228
320,817260
557,817292
1064,817324
1005,817356
1594,817388
1833,817420
2064,817452
2266,817484
2173,817516
1900,817548
1628,817580
1431,817612
1162,817644
574,817676
699,817708
120,817740
0,817772
0,817804
70,817836
329,817868
511,817900
764,817932
1047,817964
1223,817996
1500,818028
2155,818060
1962,818092
2173,818124
1418,818156
1687,818188
1400,818220
764,818252
937,818284
702,818316
135,818348
237,818380
280,818412
463,818444
727,818476
928,818508
1241,818540
1096,818572
1260,818604
1945,818636
1721,818668
2266,818700
1996,818732
1365,818764
1531,818796
1262,818828
731,818860
794,818892
232,818924
91,818956
0,818988
17,819020
617,819052
457,819084
695,819116
1275,819148
1143,819180
1417,819212
1977,819244
1879,819276
2233,819308
1629,819340
1757,819372
1498,819404
1291,819436
1024,819468
798,819500
570,819532
342,819564
135,819596
409,819628
601,819660
459,819692
1052,819724
920,819756
1168,819788
1370,819820
1637,819852
1915,819884
1736,819916
1555,819948
1323,819980
1094,820012
871,820044
568,820076
411,820108
605,820140
0,820172
299,820204
489,820236
373,820268
953,820300
1135,820332
1358,820364
1595,820396
1832,820428
2187,820460
2254,820492
2028,820524
1869,820556
1550,820588
1387,820620
1131,820652
508,820684
342,820716
410,820748
0,820780
235,820812
484,820844
441,820876
923,820908
808,820940
1127,820972
1254,821004
1546,821036
2188,821068
1881,821100
1690,821132
1786,821164
1226,821196
1001,821228
775,821260
553,821292
656,821324
9,821356
184,821388
350,821420
616,821452
814,821484
1003,821516
1261,821548
1454,821580
1319,821612
1920,821644
1776,821676
1772,821708
1532,821740
1304,821772
1101,821804
842,821836
647,821868
473,821900
198,821932
21,821964
235,821996
86,822028
730,822060
464,822092
1160,822124
1355,822156
1175,822188
1817,822220
2048,822252
2234,822284
2155,822316
1872,822348
1767,822380
1406,822412
1150,822444
1000,822476
686,822508
124,822540
311,822572
0,822604
70,822636
679,822668
521,822700
1132,822732
1326,822764
1256,822796
1792,822828
1662,822860
1982,822892
2121,822924
1469,822956
1655,822988
1014,823020
792,823052
922,823084
333,823116
151,823148
0,823180
0,823212
569,823244
718,823276
1015,823308
1212,823340
1479,823372
1676,823404
1913,823436
2143,823468
2250,823500
1976,823532
1771,823564
1501,823596
908,823628
1037,823660
448,823692
260,823724
8,823756
0,823788
26,823820
205,823852
477,823884
711,823916
934,823948
1163,823980
1320,824012
1625,824044
2303,824076
1800,824108
2029,824140
1743,824172
1464,824204
1275,824236
1004,824268
461,824300
554,824332
328,824364
265,824396
359,824428
591,824460
893,824492
1048,824524
924,824556
1536,824588
1369,824620
1999,824652
2208,824684
1768,824716
1838,824748
1610,824780
1113,824812
887,824844
570,824876
427,824908
110,824940
0,824972
270,825004
122,825036
391,825068
581,825100
840,825132
1069,825164
1580,825196
1528,825228
2125,825260
2361,825292
2112,825324
1838,825356
1644,825388
1371,825420
1102,825452
907,825484
649,825516
56,825548
186,825580
0,825612
135,825644
347,825676
582,825708
837,825740
1022,825772
1287,825804
1564,825836
1751,825868
1907,825900
2088,825932
1434,825964
1643,825996
906,826028
1149,826060
891,826092
636,826124
415,826156
185,826188
26,826220
606,826252
798,826284
1133,826316
1245,826348
1450,826380
1767,826412
1915,826444
1785,826476
2222,826508
1531,826540
1736,826572
1470,826604
846,826636
1001,826668
747,826700
221,826732
39,826764
0,826796
103,826828
247,826860
522,826892
1133,826924
970,826956
1197,826988
1803,827020
1659,827052
1943,827084
2139,827116
1575,827148
1707,827180
1113,827212
1229,827244
970,827276
779,827308
512,827340
282,827372
0,827404
473,827436
663,827468
922,827500
1115,827532
973,827564
1568,827596
1433,827628
1691,827660
1882,827692
1676,827724
1494,827756
1212,827788
1044,827820
811,827852
585,827884
359,827916
60,827948
0,827980
384,828012
537,828044
825,828076
1007,828108
875,828140
1467,828172
1660,828204
1565,828236
2125,828268
2233,828300
2111,828332
1724,828364
1486,828396
1339,828428
1022,828460
872,828492
616,828524
5,828556
0,828588
301,828620
245,828652
503,828684
989,828716
953,828748
1449,828780
1318,828812
1645,828844
1774,828876
1822,828908
1998,828940
1354,828972
1164,829004
1260,829036
713,829068
489,829100
266,829132
30,829164
202,829196
22,829228
672,829260
864,829292
696,829324
1328,829356
1517,829388
1789,829420
1984,829452
1840,829484
2093,829516
1480,829548
1246,829580
1017,829612
792,829644
587,829676
332,829708
141,829740
0,829772
0,829804
138,829836
298,829868
598,829900
1246,829932
1403,829964
1687,829996
1881,830028
1691,830060
2331,830092
2105,830124
1493,830156
1626,830188
1352,830220
1239,830252
892,830284
634,830316
476,830348
171,830380
0,830412
559,830444
351,830476
586,830508
1196,830540
1032,830572
1711,830604
1856,830636
1774,830668
2190,830700
1592,830732
1450,830764
1129,830796
958,830828
1127,830860
504,830892
283,830924
399,830956
0,830988
55,831020
247,831052
503,831084
1081,831116
1240,831148
1543,831180
1738,831212
1552,831244
2208,831276
2190,831308
1961,831340
1721,831372
1448,831404
1248,831436
986,831468
398,831500
525,831532
0,831564
0,831596
10,831628
270,831660
538,831692
716,831724
988,831756
1514,831788
1439,831820
1685,831852
2334,831884
1784,831916
1997,831948
1272,831980
1497,832012
1231,832044
635,832076
763,832108
492,832140
0,832172
218,832204
447,832236
795,832268
864,832300
1104,832332
1417,832364
1563,832396
1436,832428
2074,832460
1883,832492
1706,832524
1787,832556
1241,832588
1311,832620
1087,832652
599,832684
623,832716
62,832748
0,832780
0,832812
174,832844
796,832876
635,832908
903,832940
1083,832972
1355,833004
1593,833036
2110,833068
1917,833100
2058,833132
1370,833164
1582,833196
1309,833228
1116,833260
856,833292
588,833324
393,833356
119,833388
0,833420
539,833452
410,833484
634,833516
860,833548
1086,833580
1349,833612
1546,833644
1807,833676
2144,833708
1560,833740
1372,833772
1548,833804
919,833836
1116,833868
394,833900
631,833932
363,833964
0,833996
431,834028
668,834060
537,834092
1117,834124
1307,834156
1657,834188
1772,834220
1979,834252
2287,834284
2076,834316
1472,834348
1690,834380
1017,834412
792,834444
953,834476
334,834508
493,834540
235,834572
0,834604
414,834636
299,834668
616,834700
748,834732
1032,834764
1661,834796
1481,834828
1723,834860
2318,834892
1703,834924
1512,834956
1609,834988
1053,835020
1181,835052
876,835084
713,835116
460,835148
253,835180
298,835212
524,835244
751,835276
985,835308
1176,835340
1437,835372
1640,835404
1488,835436
2105,835468
1822,835500
1613,835532
1360,835564
1158,835596
971,835628
698,835660
529,835692
300,835724
61,835756
0,835788
0,835820
263,835852
909,835884
656,835916
1339,835948
1531,835980
1396,836012
1993,836044
2188,836076
1846,836108
1932,836140
1696,836172
1579,836204
1196,836236
975,836268
827,836300
510,836332
0,836364
156,836396
20,836428
284,836460
816,836492
745,836524
1264,836556
1512,836588
1468,836620
1976,836652
1834,836684
1803,836716
1470,836748
1293,836780
1466,836812
841,836844
653,836876
747,836908
190,836940
0,836972
202,837004
159,837036
735,837068
526,837100
1192,837132
1384,837164
1656,837196
1856,837228
2045,837260
2303,837292
2028,837324
1418,837356
1561,837388
957,837420
732,837452
983,837484
282,837516
87,837548
0,837580
0,837612
205,837644
379,837676
650,837708
808,837740
1110,837772
1773,837804
1488,837836
2219,837868
2271,837900
1620,837932
1803,837964
1579,837996
980,838028
1098,838060
839,838092
717,838124
376,838156
107,838188
380,838220
528,838252
413,838284
1066,838316
861,838348
1096,838380
1724,838412
1548,838444
2176,838476
2137,838508
1591,838540
1660,838572
1070,838604
936,838636
618,838668
442,838700
605,838732
1,838764
0,838796
414,838828
288,838860
557,838892
1101,838924
1015,838956
1607,838988
1759,839020
2063,839052
2267,839084
2167,839116
1888,839148
1661,839180
1423,839212
1197,839244
928,839276
734,839308
475,839340
0,839372
0,839404
72,839436
327,839468
512,839500
776,839532
1051,839564
1228,839596
1501,839628
2046,839660
1958,839692
1720,839724
1418,839756
1259,839788
1464,839820
760,839852
985,839884
711,839916
123,839948
237,839980
282,840012
199,840044
733,840076
968,840108
1307,840140
1387,840172
1628,840204
1936,840236
2094,840268
1831,840300
1995,840332
1354,840364
1516,840396
1259,840428
730,840460
796,840492
573,840524
87,840556
103,840588
0,840620
269,840652
414,840684
694,840716
1310,840748
1145,840780
1415,840812
1980,840844
1881,840876
1863,840908
1918,840940
1389,840972
1530,841004
1287,841036
1054,841068
798,841100
602,841132
334,841164
140,841196
409,841228
600,841260
461,841292
765,841324
923,841356
1147,841388
1376,841420
1610,841452
1869,841484
1704,841516
1496,841548
1623,841580
1039,841612
858,841644
1035,841676
408,841708
605,841740
0,841772
302,841804
494,841836
328,841868
943,841900
1182,841932
1048,841964
1643,841996
1837,842028
2189,842060
2284,842092
2015,842124
1867,842156
1547,842188
959,842220
1164,842252
506,842284
693,842316
430,842348
0,842380
280,842412
475,842444
407,842476
928,842508
809,842540
1127,842572
1721,842604
1644,842636
2187,842668
1868,842700
1644,842732
1784,842764
1177,842796
991,842828
1084,842860
541,842892
653,842924
89,842956
185,842988
358,843020
631,843052
814,843084
1039,843116
1264,843148
1499,843180
1704,843212
1580,843244
2160,843276
1760,843308
1904,843340
1307,843372
1099,843404
842,843436
648,843468
468,843500
190,843532
17,843564
0,843596
88,843628
317,843660
462,843692
763,843724
1423,843756
1176,843788
1869,843820
2063,843852
2237,843884
2155,843916
1879,843948
1319,843980
1404,844012
1180,844044
1071,844076
684,844108
448,844140
303,844172
186,844204
490,844236
682,844268
524,844300
808,844332
1337,844364
1257,844396
1802,844428
2032,844460
1976,844492
1741,844524
1416,844556
1274,844588
954,844620
782,844652
942,844684
328,844716
141,844748
222,844780
2,844812
233,844844
444,844876
679,844908
1246,844940
1036,844972
1712,845004
1916,845036
2188,845068
2248,845100
1975,845132
1385,845164
1498,845196
904,845228
1037,845260
443,845292
230,845324
0,845356
0,845388
0,845420
174,845452
440,845484
712,845516
889,845548
1172,845580
1321,845612
1625,845644
2313,845676
1769,845708
2029,845740
1740,845772
1497,845804
1275,845836
1048,845868
468,845900
586,845932
318,845964
267,845996
395,846028
591,846060
905,846092
1050,846124
921,846156
1593,846188
1372,846220
1610,846252
2250,846284
1706,846316
1869,846348
1610,846380
1063,846412
877,846444
560,846476
426,846508
109,846540
0,846572
271,846604
132,846636
359,846668
936,846700
807,846732
1070,846764
1257,846796
1528,846828
2135,846860
2267,846892
2107,846924
1848,846956
1640,846988
1368,847020
1136,847052
528,847084
671,847116
411,847148
215,847180
266,847212
125,847244
717,847276
584,847308
829,847340
1037,847372
1290,847404
1573,847436
1744,847468
1897,847500
1975,847532
1428,847564
1207,847596
894,847628
747,847660
952,847692
636,847724
458,847756
173,847788
39,847820
617,847852
796,847884
715,847916
1246,847948
1483,847980
1837,848012
1916,848044
2160,848076
2219,848108
1898,848140
1295,848172
1466,848204
844,848236
992,848268
746,848300
214,848332
28,848364
138,848396
106,848428
591,848460
460,848492
783,848524
922,848556
1200,848588
1838,848620
1668,848652
1944,848684
1756,848716
1563,848748
1337,848780
1387,848812
879,848844
1004,848876
765,848908
542,848940
284,848972
0,849004
472,849036
668,849068
927,849100
1117,849132
975,849164
1579,849196
1437,849228
1672,849260
1872,849292
1645,849324
1437,849356
1180,849388
974,849420
1097,849452
527,849484
347,849516
509,849548
0,849580
391,849612
535,849644
827,849676
1015,849708
830,849740
1469,849772
1712,849804
1566,849836
2172,849868
2224,849900
2107,849932
1753,849964
1486,849996
1337,850028
1023,850060
454,850092
640,850124
9,850156
157,850188
344,850220
184,850252
471,850284
992,850316
921,850348
1449,850380
1320,850412
1643,850444
1786,850476
1819,850508
1993,850540
1352,850572
1127,850604
1257,850636
667,850668
487,850700
559,850732
30,850764
207,850796
119,850828
679,850860
874,850892
700,850924
1336,850956
1563,850988
1792,851020
2030,851052
2231,851084
2124,851116
1851,851148
1244,851180
1375,851212
791,851244
590,851276
332,851308
134,851340
0,851372
0,851404
151,851436
375,851468
600,851500
827,851532
1453,851564
1287,851596
1961,851628
1693,851660
2379,851692
2095,851724
1491,851756
1624,851788
1352,851820
805,851852
888,851884
665,851916
543,851948
171,851980
252,852012
559,852044
703,852076
1001,852108
1198,852140
1036,852172
1320,852204
1864,852236
1784,852268
2187,852300
1961,852332
1448,852364
1470,852396
904,852428
775,852460
445,852492
270,852524
428,852556
0,852588
55,852620
589,852652
503,852684
733,852716
954,852748
1183,852780
1788,852812
1562,852844
2250,852876
2200,852908
1992,852940
1720,852972
1438,853004
1243,853036
984,853068
394,853100
512,853132
0,853164
0,853196
21,853228
240,853260
502,853292
698,853324
942,853356
1223,853388
1402,853420
1687,853452
2343,853484
1772,853516
1991,853548
1240,853580
1486,853612
1213,853644
584,853676
751,853708
536,853740
0,853772
255,853804
457,853836
795,853868
908,853900
1104,853932
1417,853964
1565,853996
1439,854028
2122,854060
1872,854092
1644,854124
1817,854156
1180,854188
1341,854220
1085,854252
555,854284
621,854316
48,854348
0,854380
0,854412
184,854444
797,854476
634,854508
861,854540
1440,854572
1319,854604
1595,854636
2159,854668
1917,854700
2045,854732
1739,854764
1577,854796
1308,854828
1115,854860
854,854892
619,854924
392,854956
151,854988
317,855020
587,855052
780,855084
637,855116
1229,855148
1097,855180
1352,855212
1550,855244
1816,855276
1836,855308
1550,855340
1370,855372
1144,855404
917,855436
695,855468
392,855500
236,855532
428,855564
0,855596
479,855628
669,855660
540,855692
1119,855724
1310,855756
1224,855788
1775,855820
2013,855852
2367,855884
2075,855916
1838,855948
1679,855980
1366,856012
792,856044
944,856076
334,856108
490,856140
224,856172
0,856204
414,856236
654,856268
619,856300
1101,856332
974,856364
1295,856396
1436,856428
1734,856460
2346,856492
1692,856524
1503,856556
1240,856588
1049,856620
825,856652
876,856684
375,856716
478,856748
247,856780
330,856812
524,856844
795,856876
988,856908
1179,856940
1449,856972
1644,857004
1496,857036
2106,857068
1821,857100
1594,857132
1355,857164
1128,857196
924,857228
678,857260
472,857292
295,857324
23,857356
0,857388
427,857420
264,857452
909,857484
636,857516
1339,857548
1533,857580
1352,857612
1999,857644
2238,857676
1845,857708
1978,857740
1695,857772
1420,857804
1226,857836
971,857868
815,857900
512,857932
0,857964
204,857996
24,858028
654,858060
858,858092
696,858124
1308,858156
1514,858188
1434,858220
1978,858252
1848,858284
1800,858316
1470,858348
1292,858380
1465,858412
844,858444
615,858476
736,858508
167,858540
0,858572
248,858604
160,858636
735,858668
619,858700
1195,858732
1390,858764
1657,858796
1864,858828
2107,858860
2300,858892
2064,858924
1789,858956
1592,858988
1323,859020
731,859052
862,859084
279,859116
79,859148
0,859180
0,859212
216,859244
383,859276
660,859308
879,859340
1110,859372
1339,859404
1498,859436
1803,859468
2347,859500
1614,859532
1840,859564
1567,859596
971,859628
1101,859660
829,859692
588,859724
366,859756
125,859788
447,859820
540,859852
768,859884
1071,859916
1216,859948
1517,859980
1724,860012
1549,860044
1848,860076
2136,860108
1578,860140
1657,860172
1424,860204
935,860236
957,860268
394,860300
253,860332
0,860364
0,860396
459,860428
298,860460
568,860492
1114,860524
1016,860556
1245,860588
1479,860620
1707,860652
2315,860684
1711,860716
1930,860748
1660,860780
1466,860812
1194,860844
924,860876
729,860908
475,860940
0,860972
203,861004
75,861036
300,861068
524,861100
758,861132
1004,861164
1209,861196
1455,861228
1751,861260
1899,861292
1721,861324
1899,861356
1256,861388
1454,861420
728,861452
971,861484
698,861516
84,861548
235,861580
328,861612
507,861644
780,861676
972,861708
1309,861740
1423,861772
1631,861804
1945,861836
2096,861868
1821,861900
2030,861932
1353,861964
1128,861996
1289,862028
668,862060
827,862092
570,862124
45,862156
91,862188
0,862220
281,862252
857,862284
698,862316
1321,862348
1146,862380
1374,862412
1983,862444
1837,862476
1864,862508
1579,862540
1389,862572
1518,862604
1210,862636
1055,862668
794,862700
599,862732
332,862764
184,862796
414,862828
639,862860
841,862892
1100,862924
1293,862956
1151,862988
1758,863020
1611,863052
1872,863084
1694,863116
1488,863148
1319,863180
1036,863212
859,863244
635,863276
404,863308
187,863340
0,863372
0,863404
569,863436
330,863468
1003,863500
1183,863532
1367,863564
1647,863596
1849,863628
1751,863660
2281,863692
2047,863724
1933,863756
1531,863788
1310,863820
1161,863852
847,863884
284,863916
428,863948
0,863980
282,864012
472,864044
413,864076
928,864108
1168,864140
1128,864172
1367,864204
1488,864236
1829,864268
1816,864300
1640,864332
1820,864364
1182,864396
987,864428
719,864460
537,864492
313,864524
352,864556
0,864588
394,864620
621,864652
848,864684
1050,864716
1310,864748
1502,864780
1704,864812
1968,864844
2173,864876
1759,864908
1903,864940
1296,864972
1064,865004
831,865036
606,865068
419,865100
156,865132
0,865164
0,865196
46,865228
327,865260
941,865292
765,865324
1431,865356
1157,865388
1868,865420
2063,865452
2284,865484
2155,865516
1916,865548
1309,865580
1437,865612
1175,865644
1053,865676
714,865708
461,865740
301,865772
192,865804
88,865836
730,865868
528,865900
1177,865932
1374,865964
1210,865996
1838,866028
2042,866060
1930,866092
1741,866124
1408,866156
1273,866188
952,866220
790,866252
941,866284
328,866316
107,866348
218,866380
0,866412
220,866444
761,866476
672,866508
1259,866540
1131,866572
1721,866604
1920,866636
2187,866668
1847,866700
2010,866732
1385,866764
1536,866796
1264,866828
1078,866860
813,866892
220,866924
347,866956
0,866988
3,867020
187,867052
444,867084
724,867116
892,867148
1173,867180
1401,867212
1630,867244
1867,867276
1758,867308
1595,867340
1815,867372
1488,867404
1321,867436
1040,867468
467,867500
583,867532
316,867564
0,867596
398,867628
624,867660
971,867692
1050,867724
1280,867756
1595,867788
1741,867820
2047,867852
2253,867884
1705,867916
1528,867948
1600,867980
1064,868012
877,868044
910,868076
429,868108
446,868140
0,868172
0,868204
78,868236
362,868268
974,868300
808,868332
1080,868364
1630,868396
1530,868428
1771,868460
1975,868492
1743,868524
1870,868556
1192,868588
1400,868620
1132,868652
504,868684
682,868716
409,868748
207,868780
267,868812
140,868844
717,868876
587,868908
813,868940
1038,868972
1264,869004
1527,869036
1726,869068
1848,869100
1669,869132
1383,869164
1202,869196
894,869228
745,869260
951,869292
631,869324
455,869356
169,869388
1,869420
615,869452
844,869484
715,869516
1294,869548
1495,869580
1837,869612
1966,869644
2160,869676
2207,869708
1888,869740
1292,869772
1502,869804
842,869836
620,869868
779,869900
156,869932
0,869964
137,869996
72,870028
589,870060
474,870092
791,870124
927,870156
1210,870188
1849,870220
1671,870252
1901,870284
2128,870316
1517,870348
1336,870380
1063,870412
874,870444
1001,870476
700,870508
541,870540
270,870572
0,870604
476,870636
713,870668
926,870700
1165,870732
1355,870764
1624,870796
1820,870828
1675,870860
2255,870892
1645,870924
1436,870956
1178,870988
976,871020
796,871052
528,871084
346,871116
410,871148
0,871180
0,871212
590,871244
429,871276
1096,871308
842,871340
1519,871372
1721,871404
1575,871436
2175,871468
2232,871500
1659,871532
1753,871564
1517,871596
1399,871628
1019,871660
795,871692
650,871724
336,871756
0,871788
346,871820
201,871852
474,871884
1001,871916
922,871948
1451,871980
1692,872012
1655,872044
2155,872076
1766,872108
1623,872140
1292,872172
1120,872204
1291,872236
664,872268
478,872300
214,872332
28,872364
0,872396
395,872428
335,872460
910,872492
703,872524
1372,872556
1566,872588
1848,872620
2040,872652
2235,872684
2123,872716
1850,872748
1240,872780
1374,872812
781,872844
554,872876
327,872908
106,872940
0,872972
0,873004
104,873036
668,873068
555,873100
830,873132
1463,873164
1278,873196
1959,873228
1673,873260
2375,873292
2093,873324
1434,873356
1615,873388
1389,873420
797,873452
924,873484
655,873516
537,873548
187,873580
254,873612
553,873644
713,873676
589,873708
1244,873740
1040,873772
1272,873804
1900,873836
1734,873868
2219,873900
1950,873932
1400,873964
1480,873996
893,874028
764,874060
444,874092
270,874124
425,874156
0,874188
25,874220
600,874252
471,874284
734,874316
1278,874348
1192,874380
1786,874412
1947,874444
2254,874476
2186,874508
1982,874540
1710,874572
1472,874604
1243,874636
1007,874668
749,874700
557,874732
298,874764
0,874796
381,874828
248,874860
496,874892
700,874924
956,874956
1224,874988
1404,875020
1689,875052
1927,875084
1780,875116
1547,875148
1240,875180
1083,875212
1287,875244
586,875276
799,875308
536,875340
0,875372
271,875404
458,875436
379,875468
910,875500
1148,875532
1486,875564
1576,875596
1816,875628
2127,875660
2248,875692
1645,875724
1816,875756
1178,875788
1000,875820
1083,875852
554,875884
621,875916
396,875948
0,875980
250,876012
136,876044
455,876076
588,876108
872,876140
1499,876172
1321,876204
1593,876236
2160,876268
1913,876300
1679,876332
1737,876364
1213,876396
1340,876428
681,876460
878,876492
618,876524
426,876556
140,876588
328,876620
587,876652
780,876684
648,876716
1230,876748
1098,876780
1335,876812
2056,876844
1788,876876
1784,876908
1518,876940
1320,876972
1140,877004
860,877036
681,877068
381,877100
229,877132
427,877164
0,877196
487,877228
687,877260
501,877292
1131,877324
1372,877356
1236,877388
1824,877420
2027,877452
2375,877484
2105,877516
1835,877548
1677,877580
1360,877612
783,877644
988,877676
332,877708
107,877740
252,877772
0,877804
456,877836
655,877868
583,877900
1112,877932
985,877964
1305,877996
1446,878028
1734,878060
2345,878092
1690,878124
1467,878156
1598,878188
1000,878220
823,878252
908,878284
365,878316
477,878348
174,878380
333,878412
528,878444
797,878476
1000,878508
1224,878540
1452,878572
1688,878604
1882,878636
2156,878668
2203,878700
1510,878732
1431,878764
1117,878796
921,878828
668,878860
464,878892
284,878924
21,878956
0,878988
328,879020
262,879052
491,879084
648,879116
941,879148
1611,879180
1356,879212
2057,879244
2249,879276
1834,879308
1967,879340
1692,879372
1141,879404
1228,879436
1002,879468
889,879500
505,879532
282,879564
217,879596
366,879628
254,879660
861,879692
701,879724
1310,879756
1517,879788
1436,879820
1981,879852
2223,879884
1799,879916
1832,879948
1231,879980
1101,880012
782,880044
614,880076
766,880108
156,880140
0,880172
252,880204
167,880236
397,880268
904,880300
857,880332
1434,880364
1662,880396
1900,880428
2104,880460
2335,880492
2064,880524
1790,880556
1592,880588
1323,880620
719,880652
570,880684
271,880716
43,880748
0,880780
0,880812
169,880844
362,880876
616,880908
1182,880940
1065,880972
1341,881004
1991,881036
1813,881068
2342,881100
1580,881132
1845,881164
1564,881196
920,881228
1097,881260
864,881292
284,881324
408,881356
120,881388
459,881420
569,881452
768,881484
1085,881516
1228,881548
1099,881580
1774,881612
1560,881644
2233,881676
2168,881708
1516,881740
1690,881772
1422,881804
891,881836
955,881868
392,881900
253,881932
365,881964
0,881996
457,882028
298,882060
535,882092
1116,882124
983,882156
1245,882188
1815,882220
1709,882252
2317,882284
1799,882316
1927,882348
1658,882380
1451,882412
1192,882444
956,882476
730,882508
490,882540
237,882572
0,882604
443,882636
313,882668
893,882700
760,882732
1008,882764
1210,882796
1465,882828
1753,882860
1900,882892
1719,882924
1483,882956
1247,882988
1021,883020
719,883052
571,883084
766,883116
74,883148
271,883180
336,883212
511,883244
783,883276
974,883308
891,883340
1434,883372
1676,883404
2024,883436
2105,883468
2187,883500
2040,883532
1710,883564
1549,883596
1288,883628
670,883660
494,883692
559,883724
42,883756
89,883788
315,883820
284,883852
511,883884
648,883916
959,883948
1098,883980
1386,884012
2026,884044
1848,884076
1851,884108
1950,884140
1387,884172
1163,884204
925,884236
701,884268
828,884300
158,884332
362,884364
188,884396
448,884428
654,884460
843,884492
730,884524
1295,884556
1151,884588
1758,884620
1623,884652
1852,884684
1696,884716
1468,884748
1259,884780
1003,884812
808,884844
631,884876
359,884908
182,884940
0,884972
0,885004
571,885036
304,885068
1003,885100
1195,885132
1404,885164
1659,885196
1888,885228
1749,885260
2319,885292
2045,885324
1927,885356
1566,885388
1307,885420
1163,885452
845,885484
271,885516
470,885548
0,885580
0,885612
527,885644
362,885676
973,885708
1168,885740
1097,885772
1368,885804
1500,885836
1832,885868
1816,885900
1640,885932
1815,885964
1174,885996
951,886028
1081,886060
489,886092
300,886124
384,886156
0,886188
407,886220
568,886252
857,886284
1054,886316
1309,886348
1514,886380
1752,886412
1584,886444
2220,886476
2141,886508
1944,886540
1663,886572
1066,886604
1195,886636
607,886668
410,886700
159,886732
0,886764
0,886796
54,886828
317,886860
840,886892
776,886924
1001,886956
1152,886988
1453,887020
2143,887052
2287,887084
2201,887116
1913,887148
1307,887180
1437,887212
1176,887244
631,887276
704,887308
491,887340
363,887372
191,887404
428,887436
735,887468
888,887500
767,887532
1376,887564
1212,887596
1846,887628
2046,887660
1930,887692
1739,887724
1774,887756
1271,887788
1302,887820
728,887852
589,887884
268,887916
94,887948
238,887980
0,888012
235,888044
422,888076
682,888108
909,888140
1418,888172
1369,888204
1963,888236
2197,888268
2278,888300
2006,888332
1355,888364
1532,888396
1261,888428
1067,888460
800,888492
216,888524
347,888556
0,888588
0,888620
188,888652
422,888684
679,888716
872,888748
1127,888780
1707,888812
1583,888844
1877,888876
2251,888908
1595,888940
1805,888972
1485,889004
1306,889036
1039,889068
411,889100
576,889132
348,889164
0,889196
444,889228
635,889260
973,889292
1086,889324
1290,889356
1597,889388
1754,889420
1623,889452
2304,889484
1694,889516
1899,889548
1632,889580
1004,889612
839,889644
909,889676
391,889708
455,889740
0,889772
0,889804
77,889836
362,889868
974,889900
812,889932
1038,889964
1632,889996
1496,890028
1772,890060
2303,890092
1738,890124
1865,890156
1273,890188
1389,890220
1130,890252
496,890284
670,890316
441,890348
206,890380
312,890412
495,890444
763,890476
955,890508
816,890540
1408,890572
1274,890604
1529,890636
1737,890668
1840,890700
1657,890732
1367,890764
1192,890796
966,890828
743,890860
510,890892
683,890924
59,890956
229,890988
5,891020
665,891052
847,891084
722,891116
1305,891148
1499,891180
1403,891212
1963,891244
2203,891276
2285,891308
1887,891340
1658,891372
1503,891404
1184,891436
1023,891468
776,891500
156,891532
0,891564
138,891596
76,891628
592,891660
828,891692
795,891724
1288,891756
1162,891788
1481,891820
1614,891852
1914,891884
2168,891916
1516,891948
1335,891980
1422,892012
873,892044
649,892076
413,892108
201,892140
300,892172
0,892204
508,892236
720,892268
972,892300
1166,892332
1344,892364
1628,892396
1824,892428
1680,892460
2253,892492
1640,892524
1405,892556
1176,892588
953,892620
748,892652
490,892684
297,892716
119,892748
0,892780
0,892812
603,892844
441,892876
1095,892908
822,892940
1519,892972
1723,893004
1529,893036
2187,893068
2265,893100
1657,893132
1789,893164
1515,893196
1390,893228
1053,893260
795,893292
636,893324
332,893356
0,893388
395,893420
190,893452
428,893484
1037,893516
875,893548
1495,893580
1693,893612
1619,893644
2160,893676
1754,893708
1623,893740
1290,893772
1118,893804
1285,893836
664,893868
440,893900
570,893932
0,893964
0,893996
76,894028
333,894060
921,894092
1081,894124
1373,894156
1580,894188
1848,894220
2042,894252
2282,894284
2122,894316
1884,894348
1611,894380
1408,894412
1146,894444
553,894476
684,894508
106,894540
0,894572
0,894604
111,894636
381,894668
560,894700
839,894732
1064,894764
1291,894796
1515,894828
1677,894860
1948,894892
2159,894924
1432,894956
1659,894988
1387,895020
795,895052
921,895084
655,895116
110,895148
188,895180
287,895212
623,895244
715,895276
942,895308
1247,895340
1402,895372
1276,895404
1912,895436
1740,895468
2208,895500
1950,895532
1402,895564
1470,895596
1255,895628
759,895660
784,895692
221,895724
77,895756
0,895788
29,895820
638,895852
474,895884
743,895916
923,895948
1194,895980
1421,896012
1950,896044
1887,896076
2221,896108
1981,896140
1744,896172
1472,896204
1278,896236
1014,896268
748,896300
557,896332
285,896364
0,896396
382,896428
250,896460
475,896492
701,896524
936,896556
1181,896588
1387,896620
1643,896652
1933,896684
1720,896716
1541,896748
1719,896780
1079,896812
1286,896844
553,896876
796,896908
525,896940
0,896972
271,897004
505,897036
379,897068
960,897100
1148,897132
1340,897164
1612,897196
1817,897228
2135,897260
2239,897292
1640,897324
1850,897356
1177,897388
1370,897420
1112,897452
492,897484
650,897516
396,897548
0,897580
253,897612
143,897644
455,897676
591,897708
872,897740
1498,897772
1323,897804
1561,897836
2170,897868
1864,897900
1675,897932
1773,897964
1213,897996
1338,898028
759,898060
875,898092
620,898124
413,898156
134,898188
363,898220
590,898252
827,898284
1018,898316
1277,898348
1472,898380
1327,898412
1935,898444
1790,898476
1776,898508
1517,898540
1320,898572
1139,898604
860,898636
682,898668
459,898700
222,898732
6,898764
0,898796
103,898828
761,898860
508,898892
1181,898924
1369,898956
1238,898988
1833,899020
2025,899052
2251,899084
2095,899116
1865,899148
1744,899180
1359,899212
1134,899244
985,899276
679,899308
507,899340
252,899372
0,899404
136,899436
654,899468
586,899500
1114,899532
1351,899564
1307,899596
1805,899628
1678,899660
1965,899692
1639,899724
1464,899756
1640,899788
1002,899820
823,899852
904,899884
363,899916
141,899948
0,899980
8,900012
568,900044
366,900076
1032,900108
1228,900140
1497,900172
1692,900204
1887,900236
2155,900268
2200,900300
1580,900332
1722,900364
1117,900396
892,900428
664,900460
432,900492
236,900524
0,900556
0,900588
40,900620
217,900652
497,900684
1117,900716
951,900748
1611,900780
1326,900812
2060,900844
2250,900876
1783,900908
1965,900940
1728,900972
1449,901004
1262,901036
991,901068
885,901100
527,901132
280,901164
217,901196
376,901228
254,901260
908,901292
701,901324
936,901356
1560,901388
1386,901420
2014,901452
2232,901484
1751,901516
1822,901548
1231,901580
1096,901612
1225,901644
604,901676
765,901708
152,901740
0,901772
256,901804
135,901836
407,901868
599,901900
856,901932
1437,901964
1595,901996
1901,902028
2106,902060
2333,902092
2048,902124
1824,902156
1591,902188
1354,902220
1087,902252
902,902284
631,902316
43,902348
169,902380
0,902412
168,902444
364,902476
618,902508
893,902540
1070,902572
1352,902604
1579,902636
1815,902668
1885,902700
1578,902732
1417,902764
1068,902796
910,902828
1135,902860
863,902892
598,902924
407,902956
117,902988
43,903020
584,903052
808,903084
1146,903116
1228,903148
1464,903180
1775,903212
1931,903244
1802,903276
2160,903308
1517,903340
1680,903372
1420,903404
886,903436
953,903468
732,903500
236,903532
26,903564
0,903596
123,903628
252,903660
536,903692
1152,903724
983,903756
1256,903788
1446,903820
1719,903852
1961,903884
2079,903916
1561,903948
1694,903980
1451,904012
1216,904044
968,904076
762,904108
506,904140
233,904172
247,904204
442,904236
313,904268
896,904300
763,904332
988,904364
1224,904396
1449,904428
1708,904460
1865,904492
1661,904524
1480,904556
1197,904588
1016,904620
1191,904652
568,904684
761,904716
42,904748
279,904780
334,904812
542,904844
799,904876
1020,904908
889,904940
1484,904972
1676,905004
2027,905036
2139,905068
2176,905100
2029,905132
1707,905164
1119,905196
1322,905228
656,905260
854,905292
592,905324
0,905356
117,905388
318,905420
250,905452
519,905484
650,905516
968,905548
1101,905580
1388,905612
2027,905644
1850,905676
1815,905708
1947,905740
1339,905772
1148,905804
1242,905836
699,905868
825,905900
251,905932
359,905964
190,905996
457,906028
654,906060
887,906092
740,906124
1340,906156
1533,906188
1806,906220
1999,906252
1855,906284
2078,906316
1456,906348
1258,906380
991,906412
807,906444
627,906476
356,906508
167,906540
0,906572
0,906604
158,906636
303,906668
615,906700
1260,906732
1417,906764
1705,906796
1897,906828
1752,906860
2319,906892
2042,906924
1479,906956
1565,906988
1340,907020
1224,907052
845,907084
620,907116
463,907148
153,907180
319,907212
523,907244
366,907276
652,907308
1178,907340
1098,907372
1369,907404
1872,907436
1835,907468
2184,907500
1578,907532
1437,907564
1114,907596
940,907628
1115,907660
486,907692
311,907724
384,907756
0,907788
61,907820
295,907852
511,907884
1098,907916
879,907948
1552,907980
1754,908012
1576,908044
2218,908076
2140,908108
1944,908140
1661,908172
1066,908204
1197,908236
607,908268
378,908300
141,908332
0,908364
0,908396
25,908428
282,908460
567,908492
730,908524
1009,908556
1160,908588
1463,908620
2142,908652
2295,908684
2189,908716
1911,908748
1256,908780
1435,908812
1211,908844
626,908876
746,908908
476,908940
357,908972
224,909004
441,909036
735,909068
892,909100
763,909132
1432,909164
1226,909196
1448,909228
2090,909260
1866,909292
1688,909324
1772,909356
1227,909388
1294,909420
719,909452
584,909484
271,909516
94,909548
247,909580
0,909612
199,909644
780,909676
650,909708
919,909740
1098,909772
1369,909804
1967,909836
2124,909868
2269,909900
1998,909932
1353,909964
1530,909996
1296,910028
1068,910060
841,910092
570,910124
376,910156
91,910188
0,910220
555,910252
427,910284
682,910316
873,910348
1131,910380
1405,910412
1595,910444
1877,910476
2128,910508
1592,910540
1358,910572
1535,910604
907,910636
1111,910668
408,910700
633,910732
347,910764
0,910796
447,910828
637,910860
555,910892
1098,910924
1324,910956
1675,910988
1755,911020
1995,911052
2315,911084
2060,911116
1464,911148
1628,911180
1003,911212
836,911244
906,911276
378,911308
444,911340
219,911372
0,911404
429,911436
314,911468
633,911500
763,911532
1048,911564
1676,911596
1500,911628
1783,911660
1925,911692
1735,911724
1497,911756
1551,911788
1037,911820
1164,911852
492,911884
700,911916
442,911948
234,911980
312,912012
511,912044
763,912076
958,912108
816,912140
1418,912172
1276,912204
1512,912236
1740,912268
1804,912300
1607,912332
1352,912364
1134,912396
1256,912428
685,912460
507,912492
669,912524
56,912556
229,912588
0,912620
667,912652
857,912684
679,912716
1307,912748
1546,912780
1405,912812
2010,912844
2206,912876
2270,912908
1916,912940
1648,912972
1501,913004
1181,913036
607,913068
808,913100
152,913132
0,913164
169,913196
38,913228
635,913260
832,913292
761,913324
1291,913356
1161,913388
1484,913420
1625,913452
1914,913484
2157,913516
1512,913548
1287,913580
1420,913612
829,913644
636,913676
730,913708
189,913740
301,913772
220,913804
525,913836
716,913868
971,913900
1162,913932
1403,913964
1630,913996
1866,914028
2064,914060
2295,914092
2013,914124
1402,914156
1536,914188
952,914220
746,914252
488,914284
295,914316
119,914348
0,914380
0,914412
221,914444
442,914476
669,914508
816,914540
1119,914572
1791,914604
1530,914636
2235,914668
2265,914700
1655,914732
1787,914764
1504,914796
1261,914828
1048,914860
823,914892
699,914924
332,914956
87,914988
395,915020
550,915052
428,915084
1038,915116
875,915148
1161,915180
1696,915212
1624,915244
2169,915276
2122,915308
1611,915340
1646,915372
1062,915404
923,915436
603,915468
439,915500
592,915532
0,915564
0,915596
430,915628
345,915660
573,915692
1081,915724
1023,915756
1614,915788
1401,915820
2088,915852
2286,915884
2154,915916
1882,915948
1612,915980
1405,916012
1143,916044
551,916076
682,916108
96,916140
0,916172
319,916204
80,916236
344,916268
536,916300
792,916332
1065,916364
1243,916396
1525,916428
1679,916460
1944,916492
2157,916524
1401,916556
1656,916588
1375,916620
745,916652
923,916684
696,916716
116,916748
233,916780
296,916812
646,916844
751,916876
956,916908
1257,916940
1403,916972
1279,917004
1952,917036
1740,917068
1814,917100
1979,917132
1340,917164
1499,917196
1244,917228
712,917260
781,917292
219,917324
72,917356
0,917388
27,917420
635,917452
474,917484
703,917516
1292,917548
1159,917580
1432,917612
1994,917644
1899,917676
2217,917708
1902,917740
1739,917772
1472,917804
1274,917836
1006,917868
779,917900
552,917932
317,917964
155,917996
424,918028
617,918060
479,918092
790,918124
938,918156
1192,918188
1392,918220
1657,918252
1931,918284
1711,918316
1532,918348
1609,918380
1068,918412
846,918444
542,918476
394,918508
590,918540
0,918572
316,918604
511,918636
378,918668
967,918700
1160,918732
1067,918764
1614,918796
1853,918828
2205,918860
2235,918892
1999,918924
1851,918956
1531,918988
942,919020
1110,919052
492,919084
648,919116
383,919148
0,919180
255,919212
488,919244
458,919276
942,919308
816,919340
1143,919372
1274,919404
1563,919436
2216,919468
1864,919500
1672,919532
1768,919564
1208,919596
983,919628
1024,919660
537,919692
650,919724
413,919756
168,919788
376,919820
636,919852
826,919884
1019,919916
1276,919948
1485,919980
1339,920012
1643,920044
1803,920076
1752,920108
1514,920140
1289,920172
1081,920204
826,920236
632,920268
735,920300
170,920332
4,920364
251,920396
103,920428
749,920460
477,920492
1179,920524
1371,920556
1191,920588
1837,920620
2078,920652
1931,920684
2136,920716
1856,920748
1739,920780
1387,920812
1132,920844
976,920876
670,920908
105,920940
284,920972
0,921004
496,921036
701,921068
540,921100
1150,921132
1353,921164
1271,921196
1808,921228
1688,921260
1963,921292
2093,921324
1454,921356
1625,921388
988,921420
776,921452
905,921484
315,921516
125,921548
215,921580
10,921612
589,921644
461,921676
1037,921708
1227,921740
1497,921772
1694,921804
1931,921836
2159,921868
2234,921900
1960,921932
1368,921964
1483,921996
891,922028
1019,922060
431,922092
239,922124
0,922156
0,922188
52,922220
230,922252
503,922284
731,922316
953,922348
1179,922380
1338,922412
1644,922444
2329,922476
1782,922508
2007,922540
1736,922572
1448,922604
1263,922636
1001,922668
445,922700
528,922732
301,922764
285,922796
378,922828
605,922860
911,922892
1055,922924
1356,922956
1562,922988
1389,923020
1679,923052
2232,923084
1742,923116
1820,923148
1593,923180
1085,923212
863,923244
552,923276
413,923308
105,923340
0,923372
286,923404
151,923436
411,923468
944,923500
857,923532
1085,923564
1319,923596
1547,923628
2152,923660
1869,923692
2094,923724
1822,923756
1626,923788
1354,923820
1085,923852
524,923884
622,923916
40,923948
158,923980
0,924012
138,924044
364,924076
592,924108
847,924140
1049,924172
1305,924204
1588,924236
1769,924268
1882,924300
1568,924332
1416,924364
1624,924396
888,924428
1128,924460
861,924492
624,924524
399,924556
151,924588
42,924620
622,924652
814,924684
1151,924716
1263,924748
1468,924780
1786,924812
1933,924844
1803,924876
2200,924908
1514,924940
1286,924972
1450,925004
826,925036
975,925068
731,925100
205,925132
20,925164
0,925196
121,925228
263,925260
538,925292
1159,925324
985,925356
1213,925388
1820,925420
1676,925452
1959,925484
1751,925516
1550,925548
1689,925580
1372,925612
1213,925644
954,925676
750,925708
480,925740
264,925772
0,925804
480,925836
682,925868
938,925900
1134,925932
990,925964
1584,925996
1451,926028
1710,926060
1866,926092
1658,926124
1480,926156
1195,926188
1015,926220
1082,926252
564,926284
333,926316
40,926348
0,926380
413,926412
556,926444
841,926476
1023,926508
894,926540
1483,926572
1678,926604
1581,926636
2143,926668
2217,926700
2093,926732
1706,926764
1472,926796
1322,926828
634,926860
439,926892
591,926924
0,926956
105,926988
320,927020
248,927052
523,927084
1006,927116
969,927148
1466,927180
1338,927212
1662,927244
1800,927276
1802,927308
1980,927340
1336,927372
1147,927404
878,927436
696,927468
473,927500
510,927532
20,927564
231,927596
457,927628
696,927660
890,927692
714,927724
1342,927756
1535,927788
1806,927820
2000,927852
1866,927884
2064,927916
1454,927948
1227,927980
990,928012
774,928044
581,928076
317,928108
109,928140
221,928172
0,928204
155,928236
781,928268
616,928300
1269,928332
1419,928364
1707,928396
1899,928428
1716,928460
2311,928492
2092,928524
1470,928556
1610,928588
1336,928620
1212,928652
873,928684
619,928716
463,928748
142,928780
0,928812
569,928844
378,928876
1020,928908
1216,928940
1040,928972
1335,929004
1883,929036
1800,929068
2172,929100
1576,929132
1433,929164
1116,929196
940,929228
1101,929260
478,929292
255,929324
384,929356
0,929388
71,929420
606,929452
523,929484
1099,929516
969,929548
1561,929580
1756,929612
1568,929644
2224,929676
2174,929708
1936,929740
1696,929772
1424,929804
1231,929836
960,929868
379,929900
509,929932
0,929964
0,929996
30,930028
296,930060
555,930092
742,930124
1014,930156
1243,930188
1466,930220
1704,930252
2361,930284
1768,930316
1977,930348
1258,930380
1479,930412
1209,930444
617,930476
744,930508
475,930540
0,930572
235,930604
472,930636
811,930668
891,930700
1119,930732
1433,930764
1580,930796
1886,930828
2091,930860
1865,930892
1687,930924
1770,930956
1224,930988
1292,931020
1069,931052
584,931084
616,931116
44,931148
0,931180
0,931212
202,931244
810,931276
650,931308
919,931340
1466,931372
1368,931404
1609,931436
1847,931468
1903,931500
2040,931532
1352,931564
1562,931596
1292,931628
1097,931660
840,931692
572,931724
378,931756
87,931788
0,931820
567,931852
427,931884
652,931916
876,931948
1112,931980
1368,932012
1572,932044
1829,932076
1818,932108
1532,932140
1354,932172
1531,932204
902,932236
1099,932268
376,932300
619,932332
345,932364
0,932396
443,932428
683,932460
563,932492
1142,932524
1328,932556
1675,932588
1791,932620
1998,932652
2315,932684
2048,932716
1452,932748
1673,932780
999,932812
778,932844
928,932876
324,932908
473,932940
216,932972
0,933004
432,933036
317,933068
632,933100
767,933132
1051,933164
1677,933196
1500,933228
1741,933260
2288,933292
1687,933324
1496,933356
1223,933388
1035,933420
1152,933452
860,933484
697,933516
432,933548
233,933580
316,933612
543,933644
776,933676
1004,933708
1194,933740
1456,933772
1659,933804
1512,933836
2123,933868
1804,933900
1604,933932
1339,933964
1133,933996
954,934028
678,934060
504,934092
271,934124
53,934156
0,934188
0,934220
283,934252
927,934284
682,934316
1357,934348
1551,934380
1415,934412
2013,934444
2207,934476
1821,934508
1914,934540
1680,934572
1563,934604
1179,934636
954,934668
797,934700
492,934732
0,934764
185,934796
39,934828
636,934860
843,934892
764,934924
1289,934956
1532,934988
1484,935020
1993,935052
1862,935084
1785,935116
1451,935148
1278,935180
1451,935212
820,935244
633,935276
375,935308
183,935340
0,935372
222,935404
176,935436
752,935468
983,935500
1212,935532
1406,935564
1674,935596
1872,935628
2064,935660
2283,935692
2011,935724
1401,935756
1534,935788
938,935820
714,935852
479,935884
264,935916
70,935948
0,935980
0,936012
217,936044
397,936076
671,936108
1294,936140
1125,936172
1797,936204
1516,936236
2235,936268
2263,936300
1608,936332
1783,936364
1550,936396
955,936428
1083,936460
814,936492
544,936524
349,936556
75,936588
400,936620
544,936652
429,936684
1086,936716
879,936748
1531,936780
1741,936812
1574,936844
2204,936876
2121,936908
1562,936940
1644,936972
1062,937004
919,937036
602,937068
426,937100
583,937132
0,937164
0,937196
444,937228
313,937260
583,937292
1130,937324
1023,937356
1623,937388
1485,937420
2089,937452
2288,937484
2150,937516
1882,937548
1643,937580
1403,937612
1177,937644
907,937676
704,937708
458,937740
0,937772
218,937804
91,937836
344,937868
538,937900
796,937932
1068,937964
1254,937996
1527,938028
1767,938060
1942,938092
1705,938124
1400,938156
1241,938188
1448,938220
742,938252
959,938284
684,938316
105,938348
219,938380
300,938412
525,938444
750,938476
985,938508
1327,938540
1407,938572
1647,938604
1963,938636
2110,938668
2249,938700
1978,938732
1338,938764
1164,938796
1241,938828
712,938860
347,938892
556,938924
74,938956
71,938988
0,939020
295,939052
429,939084
718,939116
1336,939148
1161,939180
1436,939212
1999,939244
1899,939276
1847,939308
1607,939340
1373,939372
1503,939404
830,939436
1038,939468
776,939500
574,939532
318,939564
157,939596
425,939628
621,939660
488,939692
1079,939724
939,939756
1166,939788
1391,939820
1628,939852
1885,939884
1680,939916
1480,939948
1303,939980
1019,940012
842,940044
1014,940076
392,940108
589,940140
0,940172
317,940204
522,940236
345,940268
969,940300
1200,940332
1376,940364
1660,940396
1856,940428
2215,940460
2264,940492
1997,940524
1847,940556
1520,940588
937,940620
1146,940652
480,940684
266,940716
424,940748
0,940780
296,940812
492,940844
427,940876
953,940908
827,940940
1145,940972
1741,941004
1564,941036
2217,941068
1863,941100
1625,941132
1760,941164
1160,941196
973,941228
711,941260
523,941292
637,941324
343,941356
153,941388
378,941420
649,941452
840,941484
1056,941516
1288,941548
1529,941580
1720,941612
1991,941644
2189,941676
1744,941708
1887,941740
1278,941772
1081,941804
814,941836
630,941868
455,941900
171,941932
0,941964
0,941996
107,942028
333,942060
479,942092
781,942124
1449,942156
1195,942188
1887,942220
2079,942252
2266,942284
2137,942316
1854,942348
1294,942380
1386,942412
1152,942444
1049,942476
669,942508
442,942540
285,942572
207,942604
106,942636
702,942668
551,942700
1150,942732
1356,942764
1276,942796
1820,942828
2060,942860
1959,942892
1725,942924
1392,942956
1261,942988
936,943020
764,943052
925,943084
312,943116
123,943148
0,943180
20,943212
247,943244
745,943276
697,943308
1274,943340
1497,943372
1740,943404
1934,943436
2205,943468
2224,943500
1952,943532
1755,943564
1480,943596
880,943628
1021,943660
427,943692
208,943724
0,943756
0,943788
16,943820
200,943852
458,943884
729,943916
906,943948
1182,943980
1822,944012
1643,944044
2331,944076
1742,944108
2006,944140
1725,944172
1472,944204
1248,944236
1022,944268
443,944300
572,944332
300,944364
295,944396
411,944428
617,944460
923,944492
1067,944524
940,944556
1612,944588
1390,944620
2064,944652
2270,944684
1688,944716
1850,944748
1582,944780
1048,944812
861,944844
549,944876
407,944908
89,944940
0,944972
297,945004
141,945036
376,945068
955,945100
823,945132
1095,945164
1647,945196
1559,945228
2153,945260
1959,945292
2089,945324
1819,945356
1623,945388
1342,945420
1119,945452
512,945484
656,945516
395,945548
186,945580
281,945612
154,945644
731,945676
601,945708
847,945740
1054,945772
1306,945804
1591,945836
1768,945868
1879,945900
1643,945932
1413,945964
1180,945996
876,946028
729,946060
927,946092
620,946124
441,946156
141,946188
53,946220
623,946252
824,946284
731,946316
1274,946348
1513,946380
1855,946412
1936,946444
2174,946476
2191,946508
1881,946540
1278,946572
1440,946604
825,946636
652,946668
732,946700
202,946732
18,946764
153,946796
123,946828
604,946860
490,946892
809,946924
938,946956
1225,946988
1865,947020
1677,947052
1961,947084
2112,947116
1547,947148
1321,947180
1095,947212
859,947244
986,947276
317,947308
524,947340
254,947372
0,947404
494,947436
682,947468
943,947500
1142,947532
1000,947564
1597,947596
1455,947628
1690,947660
1856,947692
1626,947724
1420,947756
1165,947788
966,947820
791,947852
505,947884
330,947916
29,947948
0,947980
411,948012
559,948044
844,948076
1035,948108
858,948140
1485,948172
1735,948204
1591,948236
2190,948268
2208,948300
2091,948332
1737,948364
1470,948396
1321,948428
1003,948460
429,948492
634,948524
0,948556
0,948588
362,948620
216,948652
487,948684
1008,948716
939,948748
1468,948780
1340,948812
1672,948844
1803,948876
1802,948908
1977,948940
1336,948972
1101,949004
1240,949036
651,949068
460,949100
204,949132
18,949164
233,949196
399,949228
697,949260
894,949292
718,949324
1354,949356
1582,949388
1818,949420
2046,949452
2251,949484
2104,949516
1834,949548
1227,949580
1359,949612
764,949644
580,949676
312,949708
122,949740
0,949772
0,949804
156,949836
680,949868
617,949900
843,949932
1471,949964
1292,949996
1981,950028
1712,950060
2361,950092
2079,950124
1467,950156
1599,950188
1326,950220
779,950252
863,950284
648,950316
525,950348
139,950380
271,950412
575,950444
719,950476
604,950508
1215,950540
1055,950572
1336,950604
1884,950636
1802,950668
2172,950700
1936,950732
1431,950764
1465,950796
878,950828
745,950860
427,950892
203,950924
408,950956
0,950988
73,951020
259,951052
523,951084
761,951116
1259,951148
1207,951180
1800,951212
1583,951244
2268,951276
2171,951308
1976,951340
1694,951372
1422,951404
1227,951436
959,951468
376,951500
504,951532
0,951564
0,951596
39,951628
264,951660
520,951692
714,951724
966,951756
1536,951788
1419,951820
1706,951852
2360,951884
1758,951916
1975,951948
1224,951980
1468,952012
1200,952044
568,952076
735,952108
506,952140
0,952172
272,952204
476,952236
809,952268
926,952300
1131,952332
1437,952364
1592,952396
1454,952428
2143,952460
1855,952492
1626,952524
1803,952556
1162,952588
1320,952620
1067,952652
537,952684
608,952716
40,952748
0,952780
0,952812
216,952844
814,952876
654,952908
887,952940
1472,952972
1335,953004
1613,953036
2176,953068
1901,953100
2029,953132
1721,953164
1559,953196
1292,953228
1095,953260
830,953292
606,953324
368,953356
131,953388
345,953420
607,953452
796,953484
654,953516
1248,953548
1112,953580
1368,953612
1568,953644
1834,953676
1816,953708
1532,953740
1353,953772
1131,953804
900,953836
669,953868
367,953900
219,953932
409,953964
0,953996
495,954028
687,954060
567,954092
1145,954124
1338,954156
1243,954188
1792,954220
2041,954252
2393,954284
2048,954316
1818,954348
1663,954380
1344,954412
768,954444
925,954476
314,954508
138,954540
204,954572
0,954604
444,954636
671,954668
635,954700
1127,954732
1000,954764
1322,954796
1464,954828
1750,954860
2330,954892
1688,954924
1485,954956
1584,954988
1031,955020
807,955052
857,955084
347,955116
462,955148
0,955180
350,955212
554,955244
812,955276
1004,955308
1197,955340
1467,955372
1663,955404
1518,955436
2127,955468
1800,955500
1575,955532
1831,955564
1112,955596
907,955628
652,955660
455,955692
276,955724
5,955756
0,955788
0,955820
284,955852
935,955884
654,955916
1358,955948
1549,955980
1369,956012
2025,956044
2264,956076
1818,956108
1950,956140
1675,956172
1563,956204
1212,956236
944,956268
799,956300
491,956332
0,956364
220,956396
42,956428
267,956460
876,956492
715,956524
1324,956556
1532,956588
1453,956620
1995,956652
1864,956684
1783,956716
1449,956748
1274,956780
1447,956812
814,956844
599,956876
718,956908
136,956940
0,956972
266,957004
191,957036
763,957068
911,957100
1213,957132
1406,957164
1677,957196
1882,957228
2111,957260
2282,957292
2046,957324
1774,957356
1568,957388
1307,957420
713,957452
555,957484
262,957516
60,957548
0,957580
0,957612
222,957644
400,957676
679,957708
1196,957740
1129,957772
1357,957804
1514,957836
1820,957868
2329,957900
1592,957932
1823,957964
1546,957996
954,958028
1079,958060
812,958092
268,958124
349,958156
109,958188
473,958220
557,958252
783,958284
1087,958316
1242,958348
1113,958380
1744,958412
1567,958444
2205,958476
2110,958508
1561,958540
1641,958572
1408,958604
910,958636
943,958668
376,958700
247,958732
0,958764
0,958796
464,958828
314,958860
584,958892
1128,958924
1035,958956
1270,958988
1785,959020
1725,959052
2332,959084
2150,959116
1912,959148
1632,959180
1438,959212
1164,959244
906,959276
712,959308
443,959340
0,959372
0,959404
103,959436
326,959468
542,959500
774,959532
1030,959564
1224,959596
1482,959628
2076,959660
1880,959692
1703,959724
1883,959756
1239,959788
1437,959820
711,959852
952,959884
685,959916
57,959948
217,959980
344,960012
218,960044
798,960076
991,960108
1335,960140
1439,960172
1647,960204
1967,960236
2112,960268
1800,960300
2013,960332
1336,960364
1531,960396
1272,960428
654,960460
808,960492
554,960524
39,960556
75,960588
0,960620
287,960652
875,960684
715,960716
1337,960748
1163,960780
1399,960812
2000,960844
1865,960876
1837,960908
1935,960940
1370,960972
1497,961004
919,961036
1037,961068
778,961100
583,961132
316,961164
205,961196
428,961228
664,961260
860,961292
748,961324
1312,961356
1177,961388
1773,961420
1640,961452
1896,961484
1679,961516
1480,961548
1291,961580
1018,961612
840,961644
617,961676
388,961708
166,961740
0,961772
0,961804
589,961836
348,961868
1008,961900
1209,961932
1387,961964
1673,961996
1856,962028
1769,962060
2267,962092
2030,962124
1915,962156
1517,962188
1291,962220
1146,962252
831,962284
668,962316
413,962348
0,962380
0,962412
494,962444
427,962476
954,962508
1191,962540
1147,962572
1385,962604
1514,962636
1846,962668
1799,962700
1623,962732
1800,962764
1158,962796
971,962828
1056,962860
520,962892
287,962924
267,962956
0,962988
410,963020
208,963052
874,963084
1070,963116
1336,963148
1532,963180
1721,963212
1606,963244
2188,963276
1740,963308
1883,963340
1275,963372
1051,963404
815,963436
592,963468
394,963500
136,963532
0,963564
0,963596
71,963628
345,963660
488,963692
792,963724
1438,963756
1167,963788
1894,963820
2089,963852
2301,963884
2125,963916
1898,963948
1290,963980
1420,964012
1152,964044
1037,964076
687,964108
432,964140
281,964172
215,964204
107,964236
748,964268
552,964300
778,964332
1389,964364
1226,964396
1853,964428
2063,964460
1912,964492
1723,964524
1390,964556
1255,964588
937,964620
762,964652
921,964684
312,964716
89,964748
191,964780
0,964812
237,964844
439,964876
696,964908
1273,964940
1432,964972
1737,965004
1946,965036
2214,965068
2222,965100
1993,965132
1360,965164
1514,965196
1245,965228
1050,965260
792,965292
205,965324
328,965356
0,965388
18,965420
201,965452
459,965484
731,965516
909,965548
1191,965580
1723,965612
1655,965644
1885,965676
1742,965708
1581,965740
1789,965772
1469,965804
1293,965836
1022,965868
442,965900
555,965932
297,965964
0,965996
412,966028
650,966060
989,966092
1070,966124
1304,966156
1615,966188
1758,966220
1637,966252
2280,966284
1691,966316
1851,966348
1582,966380
1050,966412
856,966444
892,966476
409,966508
424,966540
0,966572
0,966604
106,966636
378,966668
990,966700
834,966732
1097,966764
1284,966796
1559,966828
1791,966860
2240,966892
1721,966924
1852,966956
1613,966988
1376,967020
1118,967052
488,967084
654,967116
392,967148
187,967180
285,967212
159,967244
733,967276
605,967308
829,967340
1052,967372
1290,967404
1545,967436
1751,967468
1828,967500
1948,967532
1355,967564
1179,967596
1351,967628
726,967660
923,967692
619,967724
430,967756
155,967788
17,967820
635,967852
863,967884
743,967916
1322,967948
1516,967980
1863,968012
1977,968044
2176,968076
2191,968108
1871,968140
1275,968172
1484,968204
826,968236
1016,968268
750,968300
150,968332
0,968364
152,968396
92,968428
606,968460
494,968492
811,968524
942,968556
1226,968588
1863,968620
1689,968652
1928,968684
2112,968716
1499,968748
1319,968780
1404,968812
857,968844
975,968876
407,968908
511,968940
250,968972
0,969004
496,969036
720,969068
954,969100
1179,969132
1370,969164
1642,969196
1839,969228
1694,969260
2235,969292
1625,969324
1418,969356
1162,969388
966,969420
779,969452
507,969484
341,969516
107,969548
0,969580
6,969612
607,969644
447,969676
1101,969708
859,969740
1535,969772
1737,969804
1593,969836
2201,969868
2204,969900
1639,969932
1736,969964
1497,969996
1385,970028
1002,970060
778,970092
624,970124
316,970156
141,970188
364,970220
208,970252
491,970284
1008,970316
940,970348
1468,970380
1712,970412
1671,970444
2176,970476
1738,970508
1597,970540
1274,970572
1100,970604
1275,970636
648,970668
460,970700
544,970732
8,970764
0,970796
135,970828
359,970860
928,970892
719,970924
1390,970956
1594,970988
1865,971020
2058,971052
2253,971084
2104,971116
1833,971148
1224,971180
1360,971212
764,971244
537,971276
303,971308
76,971340
0,971372
0,971404
134,971436
392,971468
574,971500
855,971532
1479,971564
1302,971596
1979,971628
1693,971660
2349,971692
2075,971724
1416,971756
1599,971788
1368,971820
785,971852
906,971884
637,971916
523,971948
167,971980
271,972012
571,972044
730,972076
615,972108
1270,972140
1054,972172
1288,972204
1919,972236
1756,972268
2202,972300
1934,972332
1385,972364
1456,972396
878,972428
743,972460
427,972492
254,972524
407,972556
0,972588
40,972620
616,972652
488,972684
759,972716
938,972748
1211,972780
1801,972812
1963,972844
2271,972876
2168,972908
1963,972940
1694,972972
1456,973004
1226,973036
992,973068
732,973100
537,973132
270,973164
0,973196
399,973228
266,973260
522,973292
713,973324
968,973356
1243,973388
1424,973420
1707,973452
1947,973484
1754,973516
1526,973548
1215,973580
1065,973612
1261,973644
566,973676
783,973708
504,973740
0,973772
283,973804
480,973836
395,973868
928,973900
1164,973932
1504,973964
1592,973996
1824,974028
2143,974060
2224,974092
1615,974124
1790,974156
1160,974188
1312,974220
1065,974252
536,974284
603,974316
376,974348
0,974380
269,974412
168,974444
473,974476
604,974508
890,974540
1516,974572
1338,974604
1613,974636
1804,974668
1895,974700
1661,974732
1720,974764
1197,974796
1324,974828
1085,974860
860,974892
602,974924
396,974956
0,974988
346,975020
606,975052
794,975084
656,975116
1258,975148
1117,975180
1349,975212
1576,975244
1808,975276
1768,975308
1501,975340
1305,975372
1117,975404
844,975436
668,975468
838,975500
216,975532
399,975564
0,975596
507,975628
687,975660
522,975692
1147,975724
1376,975756
1245,975788
1848,975820
2042,975852
2236,975884
2078,975916
1817,975948
1660,975980
1344,976012
764,976044
968,976076
315,976108
494,976140
246,976172
0,976204
476,976236
682,976268
600,976300
1129,976332
1001,976364
1322,976396
1455,976428
1753,976460
2317,976492
1675,976524
1447,976556
1580,976588
983,976620
797,976652
889,976684
345,976716
457,976748
0,976780
351,976812
554,976844
809,976876
1006,976908
1242,976940
1468,976972
1706,977004
1901,977036
2171,977068
2186,977100
1565,977132
1706,977164
1102,977196
904,977228
648,977260
448,977292
277,977324
5,977356
0,977388
59,977420
285,977452
509,977484
664,977516
958,977548
1629,977580
1372,977612
2073,977644
2267,977676
1817,977708
1947,977740
1674,977772
1435,977804
1208,977836
975,977868
863,977900
477,977932
264,977964
235,977996
383,978028
685,978060
878,978092
718,978124
1002,978156
1534,978188
1452,978220
1997,978252
2236,978284
1773,978316
1807,978348
1212,978380
1081,978412
761,978444
588,978476
747,978508
136,978540
0,978572
270,978604
183,978636
413,978668
647,978700
873,978732
1454,978764
1242,978796
1920,978828
2122,978860
2318,978892
2044,978924
1772,978956
1567,978988
1304,979020
703,979052
842,979084
253,979116
28,979148
0,979180
0,979212
184,979244
378,979276
632,979308
905,979340
1083,979372
1368,979404
2013,979436
1830,979468
2317,979500
1564,979532
1819,979564
1547,979596
905,979628
1071,979660
858,979692
573,979724
382,979756
119,979788
475,979820
587,979852
784,979884
1099,979916
1241,979948
1116,979980
1791,980012
1576,980044
1814,980076
2142,980108
1500,980140
1671,980172
1405,980204
872,980236
940,980268
367,980300
234,980332
345,980364
0,980396
473,980428
314,980460
543,980492
1130,980524
999,980556
1261,980588
1463,980620
1735,980652
2342,980684
2062,980716
1901,980748
1630,980780
1431,980812
1174,980844
939,980876
715,980908
475,980940
219,980972
265,981004
460,981036
331,981068
911,981100
779,981132
1032,981164
1229,981196
1481,981228
1770,981260
1880,981292
1694,981324
1467,981356
1235,981388
1004,981420
700,981452
551,981484
750,981516
58,981548
253,981580
349,981612
524,981644
811,981676
992,981708
903,981740
1452,981772
1692,981804
2041,981836
2121,981868
2170,981900
2013,981932
1692,981964
1102,981996
1264,982028
649,982060
800,982092
553,982124
23,982156
83,982188
336,982220
299,982252
535,982284
667,982316
985,982348
1116,982380
1406,982412
2042,982444
1866,982476
1833,982508
1934,982540
1369,982572
1145,982604
1192,982636
685,982668
808,982700
569,982732
344,982764
204,982796
464,982828
668,982860
860,982892
1129,982924
1322,982956
1178,982988
1784,983020
1632,983052
1870,983084
1676,983116
1446,983148
1243,983180
976,983212
781,983244
604,983276
334,983308
154,983340
315,983372
0,983404
599,983436
326,983468
1019,983500
1211,983532
1431,983564
1673,983596
1912,983628
1769,983660
2301,983692
2026,983724
1901,983756
1536,983788
1289,983820
1135,983852
830,983884
256,983916
446,983948
0,983980
334,984012
544,984044
392,984076
988,984108
1194,984140
1115,984172
1384,984204
1517,984236
1848,984268
1790,984300
1614,984332
1789,984364
1158,984396
924,984428
1054,984460
472,984492
286,984524
365,984556
0,984588
415,984620
301,984652
875,984684
1080,984716
1337,984748
1532,984780
1769,984812
1609,984844
2237,984876
2122,984908
1919,984940
1647,984972
1040,985004
1180,985036
588,985068
397,985100
139,985132
0,985164
0,985196
74,985228
343,985260
573,985292
793,985324
1019,985356
1178,985388
1479,985420
2159,985452
2315,985484
2175,985516
1899,985548
1289,985580
1417,985612
1146,985644
605,985676
688,985708
462,985740
336,985772
219,985804
444,985836
749,985868
906,985900
1195,985932
1399,985964
1238,985996
1514,986028
2064,986060
1912,986092
1720,986124
1755,986156
1245,986188
1279,986220
702,986252
571,986284
251,986316
86,986348
219,986380
0,986412
252,986444
794,986476
699,986508
928,986540
1149,986572
1387,986604
1983,986636
1759,986668
2256,986700
1984,986732
1336,986764
1516,986796
1244,986828
1051,986860
782,986892
200,986924
329,986956
0,986988
108,987020
202,987052
441,987084
688,987116
888,987148
1144,987180
1419,987212
1608,987244
1895,987276
1738,987308
1577,987340
1787,987372
1467,987404
1291,987436
1021,987468
392,987500
559,987532
332,987564
0,987596
460,987628
653,987660
990,987692
1103,987724
1308,987756
1615,987788
1770,987820
1640,987852
2330,987884
1676,987916
1448,987948
1614,987980
986,988012
811,988044
894,988076
360,988108
416,988140
0,988172
0,988204
109,988236
378,988268
999,988300
828,988332
1064,988364
1657,988396
1513,988428
1799,988460
1911,988492
1719,988524
1849,988556
1532,988588
1373,988620
1112,988652
477,988684
652,988716
414,988748
183,988780
318,988812
512,988844
782,988876
971,988908
840,988940
1433,988972
1292,989004
1547,989036
1756,989068
1820,989100
1639,989132
1354,989164
1176,989196
1244,989228
724,989260
491,989292
667,989324
43,989356
231,989388
21,989420
681,989452
871,989484
734,989516
1321,989548
1515,989580
1421,989612
1981,989644
2221,989676
2264,989708
1868,989740
1632,989772
1484,989804
1166,989836
592,989868
750,989900
126,989932
0,989964
166,989996
100,990028
616,990060
848,990092
812,990124
1296,990156
1178,990188
1499,990220
1641,990252
1930,990284
2140,990316
1493,990348
1308,990380
1038,990412
855,990444
633,990476
671,990508
171,990540
284,990572
0,990604
524,990636
728,990668
988,990700
1182,990732
1375,990764
1645,990796
1840,990828
1703,990860
2233,990892
1615,990924
1387,990956
1152,990988
933,991020
731,991052
474,991084
281,991116
384,991148
0,991180
16,991212
619,991244
458,991276
1109,991308
836,991340
1547,991372
1737,991404
1547,991436
2203,991468
2249,991500
1639,991532
1770,991564
1498,991596
1373,991628
1034,991660
776,991692
617,991724
315,991756
0,991788
411,991820
219,991852
442,991884
1056,991916
892,991948
1504,991980
1712,992012
1639,992044
2184,992076
1738,992108
1596,992140
1264,992172
1099,992204
1261,992236
646,992268
427,992300
554,992332
0,992364
0,992396
444,992428
365,992460
937,992492
1097,992524
1389,992556
1595,992588
1866,992620
2060,992652
2300,992684
2096,992716
1866,992748
1594,992780
1391,992812
1129,992844
534,992876
669,992908
78,992940
0,992972
0,993004
124,993036
403,993068
576,993100
857,993132
1083,993164
1304,993196
1533,993228
1695,993260
1927,993292
2142,993324
1416,993356
1641,993388
1367,993420
776,993452
903,993484
634,993516
93,993548
170,993580
313,993612
653,993644
730,993676
960,993708
1273,993740
1420,993772
1293,993804
1934,993836
1755,993868
1852,993900
1936,993932
1384,993964
1454,993996
1228,994028
743,994060
776,994092
190,994124
61,994156
0,994188
42,994220
654,994252
490,994284
762,994316
1306,994348
1212,994380
1438,994412
1966,994444
1913,994476
2202,994508
1503,994540
1726,994572
1454,994604
1260,994636
990,994668
729,994700
537,994732
268,994764
0,994796
398,994828
270,994860
491,994892
1196,994924
954,994956
1199,994988
1405,995020
1660,995052
1947,995084
1704,995116
1523,995148
1212,995180
1062,995212
1259,995244
524,995276
775,995308
507,995340
0,995372
287,995404
510,995436
404,995468
974,995500
1165,995532
1512,995564
1629,995596
1835,995628
2153,995660
2219,995692
1624,995724
1836,995756
1158,995788
934,995820
1088,995852
476,995884
624,995916
368,995948
0,995980
271,996012
169,996044
471,996076
607,996108
892,996140
1517,996172
1341,996204
1579,996236
2188,996268
1847,996300
1656,996332
1755,996364
1193,996396
1321,996428
1016,996460
857,996492
602,996524
395,996556
137,996588
392,996620
606,996652
842,996684
1024,996716
1295,996748
1488,996780
1344,996812
1659,996844
1808,996876
1767,996908
1498,996940
1296,996972
1114,997004
840,997036
663,997068
728,997100
211,997132
0,997164
0,997196
119,997228
767,997260
522,997292
1197,997324
1388,997356
1255,997388
1851,997420
2044,997452
1949,997484
2078,997516
1849,997548
1725,997580
1340,997612
1114,997644
968,997676
655,997708
88,997740
234,997772
0,997804
480,997836
681,997868
614,997900
1129,997932
1368,997964
1324,997996
1831,998028
1702,998060
1947,998092
1612,998124
1438,998156
1612,998188
972,998220
798,998252
889,998284
332,998316
119,998348
153,998380
24,998412
604,998444
813,998476
1052,998508
1244,998540
1514,998572
1710,998604
1902,998636
2175,998668
2173,998700
1560,998732
1401,998764
1099,998796
874,998828
640,998860
422,998892
229,998924
0,998956
0,998988
346,999020
379,999052
519,999084
1133,999116
965,999148
1628,999180
1350,999212
2077,999244
2269,999276
1764,999308
1947,999340
1710,999372
1114,999404
1244,999436
975,999468
859,999500
510,999532
256,999564
235,999596
393,999628
280,999660
922,999692
720,999724
1372,999756
1582,999788
1404,999820
2040,999852
2251,999884
1733,999916
1802,999948
1210,999980
1080,1000012
1206,1000044
586,1000076
749,1000108
134,1000140
0,1000172
280,1000204
151,1000236
427,1000268
960,1000300
873,1000332
1461,1000364
1335,1000396
1929,1000428
2125,1000460
2313,1000492
2044,1000524
1806,1000556
1568,1000588
1337,1000620
1068,1000652
505,1000684
606,1000716
25,1000748
141,1000780
0,1000812
184,1000844
381,1000876
635,1000908
906,1000940
1086,1000972
1370,1001004
1597,1001036
1832,1001068
1867,1001100
1560,1001132
1403,1001164
1611,1001196
900,1001228
1116,1001260
846,1001292
568,1001324
381,1001356
131,1001388
60,1001420
589,1001452
826,1001484
1168,1001516
1245,1001548
1483,1001580
1800,1001612
1947,1001644
2263,1001676
2140,1001708
1496,1001740
1322,1001772
1403,1001804
870,1001836
938,1001868
714,1001900
221,1001932
8,1001964
0,1001996
137,1002028
271,1002060
556,1002092
1176,1002124
1001,1002156
1273,1002188
1836,1002220
1737,1002252
1966,1002284
1771,1002316
1533,1002348
1672,1002380
989,1002412
1198,1002444
938,1002476
744,1002508
478,1002540
204,1002572
0,1002604
464,1002636
330,1002668
920,1002700
783,1002732
1006,1002764
1229,1002796
1466,1002828
1723,1002860
1848,1002892
1642,1002924
1463,1002956
1178,1002988
1000,1003020
700,1003052
551,1003084
747,1003116
26,1003148
247,1003180
351,1003212
566,1003244
809,1003276
1049,1003308
915,1003340
1496,1003372
1694,1003404
2043,1003436
2160,1003468
2160,1003500
2011,1003532
1690,1003564
1099,1003596
1306,1003628
640,1003660
423,1003692
576,1003724
0,1003756
119,1003788
334,1003820
265,1003852
536,1003884
667,1003916
987,1003948
1127,1003980
1412,1004012
2045,1004044
1868,1004076
1800,1004108
1931,1004140
1320,1004172
1145,1004204
862,1004236
680,1004268
797,1004300
493,1004332
331,1004364
216,1004396
475,1004428
672,1004460
906,1004492
751,1004524
1359,1004556
1560,1004588
1823,1004620
2026,1004652
1881,1004684
2048,1004716
1439,1004748
1243,1004780
976,1004812
780,1004844
604,1004876
334,1004908
151,1004940
206,1004972
0,1005004
171,1005036
320,1005068
623,1005100
1289,1005132
1435,1005164
1721,1005196
1915,1005228
1780,1005260
2297,1005292
2016,1005324
1453,1005356
1548,1005388
1320,1005420
1199,1005452
826,1005484
601,1005516
447,1005548
133,1005580
0,1005612
552,1005644
380,1005676
990,1005708
1195,1005740
1114,1005772
1387,1005804
1897,1005836
1851,1005868
2156,1005900
1560,1005932
1419,1005964
1097,1005996
922,1006028
1086,1006060
476,1006092
283,1006124
22,1006156
0,1006188
89,1006220
584,1006252
539,1006284
1114,1006316
1337,1006348
1578,1006380
1772,1006412
1592,1006444
2239,1006476
2112,1006508
1915,1006540
1642,1006572
1040,1006604
1179,1006636
585,1006668
359,1006700
123,1006732
0,1006764
0,1006796
42,1006828
300,1006860
861,1006892
749,1006924
1021,1006956
1661,1006988
1478,1007020
2158,1007052
2315,1007084
2171,1007116
1885,1007148
1239,1007180
1419,1007212
1192,1007244
602,1007276
728,1007308
458,1007340
333,1007372
252,1007404
457,1007436
760,1007468
907,1007500
780,1007532
1448,1007564
1230,1007596
1902,1007628
2108,1007660
1848,1007692
1674,1007724
1744,1007756
1207,1007788
1277,1007820
700,1007852
567,1007884
240,1007916
74,1007948
217,1007980
0,1008012
223,1008044
796,1008076
665,1008108
935,1008140
1481,1008172
1387,1008204
1989,1008236
1851,1008268
2251,1008300
1980,1008332
1328,1008364
1512,1008396
1278,1008428
1038,1008460
822,1008492
555,1008524
352,1008556
105,1008588
0,1008620
576,1008652
441,1008684
697,1008716
895,1008748
1148,1008780
1428,1008812
1610,1008844
1895,1008876
1803,1008908
1575,1008940
1339,1008972
1515,1009004
888,1009036
1087,1009068
392,1009100
605,1009132
329,1009164
0,1009196
463,1009228
664,1009260
571,1009292
1104,1009324
1343,1009356
1693,1009388
1773,1009420
2011,1009452
2331,1009484
2032,1009516
1879,1009548
1612,1009580
984,1009612
812,1009644
880,1009676
357,1009708
415,1009740
201,1009772
0,1009804
448,1009836
331,1009868
649,1009900
781,1009932
1078,1009964
1695,1009996
1515,1010028
1801,1010060
2281,1010092
1709,1010124
1485,1010156
1245,1010188
1019,1010220
1148,1010252
477,1010284
680,1010316
416,1010348
206,1010380
328,1010412
528,1010444
781,1010476
975,1010508
832,1010540
1433,1010572
1291,1010604
1520,1010636
1757,1010668
1790,1010700
1581,1010732
1322,1010764
1125,1010796
938,1010828
666,1010860
487,1010892
661,1010924
39,1010956
235,1010988
0,1011020
683,1011052
567,1011084
696,1011116
1327,1011148
1563,1011180
1429,1011212
2027,1011244
2221,1011276
2253,1011308
1899,1011340
1629,1011372
1472,1011404
1165,1011436
588,1011468
782,1011500
140,1011532
0,1011564
205,1011596
55,1011628
651,1011660
856,1011692
779,1011724
1306,1011756
1178,1011788
1500,1011820
1640,1011852
1932,1011884
2141,1011916
1484,1011948
1261,1011980
1392,1012012
811,1012044
621,1012076
360,1012108
169,1012140
283,1012172
238,1012204
539,1012236
732,1012268
989,1012300
1192,1012332
1421,1012364
1648,1012396
1885,1012428
2088,1012460
2268,1012492
1995,1012524
1385,1012556
1528,1012588
925,1012620
729,1012652
463,1012684
272,1012716
91,1012748
0,1012780
16,1012812
231,1012844
455,1012876
683,1012908
842,1012940
1141,1012972
1817,1013004
1548,1013036
2255,1013068
2237,1013100
1628,1013132
1771,1013164
1488,1013196
939,1013228
1021,1013260
796,1013292
683,1013324
312,1013356
101,1013388
411,1013420
571,1013452
445,1013484
1056,1013516
894,1013548
1513,1013580
1721,1013612
1639,1013644
2185,1013676
2105,1013708
1593,1013740
1628,1013772
1038,1013804
905,1013836
588,1013868
422,1013900
559,1013932
0,1013964
0,1013996
104,1014028
375,1014060
601,1014092
1102,1014124
1049,1014156
1632,1014188
1867,1014220
2106,1014252
2302,1014284
2138,1014316
1864,1014348
1592,1014380
1387,1014412
1120,1014444
528,1014476
656,1014508
77,1014540
0,1014572
0,1014604
110,1014636
362,1014668
554,1014700
809,1014732
1084,1014764
1260,1014796
1543,1014828
2201,1014860
1926,1014892
2137,1014924
1382,1014956
1641,1014988
1359,1015020
727,1015052
895,1015084
672,1015116
89,1015148
203,1015180
315,1015212
495,1015244
766,1015276
971,1015308
1275,1015340
1421,1015372
1294,1015404
1978,1015436
1757,1015468
2224,1015500
1962,1015532
1320,1015564
1484,1015596
1229,1015628
697,1015660
766,1015692
201,1015724
55,1015756
0,1015788
55,1015820
653,1015852
502,1015884
729,1015916
1308,1015948
1177,1015980
1454,1016012
2012,1016044
1915,1016076
2199,1016108
1595,1016140
1723,1016172
1450,1016204
1247,1016236
988,1016268
764,1016300
524,1016332
288,1016364
182,1016396
444,1016428
636,1016460
496,1016492
1085,1016524
953,1016556
1212,1016588
1405,1016620
1672,1016652
1949,1016684
1704,1016716
1512,1016748
1287,1016780
1051,1016812
827,1016844
524,1016876
379,1016908
571,1016940
0,1016972
335,1017004
526,1017036
405,1017068
985,1017100
1176,1017132
1392,1017164
1630,1017196
1872,1017228
2223,1017260
2216,1017292
1982,1017324
1833,1017356
1512,1017388
1343,1017420
1084,1017452
477,1017484
300,1017516
376,1017548
0,1017580
280,1017612
523,1017644
477,1017676
960,1017708
842,1017740
1161,1017772
1304,1017804
1582,1017836
2233,1017868
1836,1017900
1654,1017932
1744,1017964
1192,1017996
957,1018028
732,1018060
507,1018092
634,1018124
0,1018156
172,1018188
392,1018220
652,1018252
846,1018284
1039,1018316
1296,1018348
1499,1018380
1357,1018412
1964,1018444
1819,1018476
1734,1018508
1487,1018540
1271,1018572
1067,1018604
810,1018636
614,1018668
439,1018700
167,1018732
0,1018764
283,1018796
120,1018828
766,1018860
493,1018892
1195,1018924
1391,1018956
1212,1018988
1863,1019020
2095,1019052
2278,1019084
2120,1019116
1840,1019148
1724,1019180
1375,1019212
1115,1019244
959,1019276
654,1019308
79,1019340
264,1019372
0,1019404
120,1019436
716,1019468
554,1019500
1165,1019532
1373,1019564
1293,1019596
1834,1019628
1708,1019660
1945,1019692
2077,1019724
1436,1019756
1609,1019788
972,1019820
749,1019852
880,1019884
299,1019916
108,1019948
0,1019980
25,1020012
605,1020044
757,1020076
1053,1020108
1246,1020140
1515,1020172
1712,1020204
1952,1020236
2185,1020268
2208,1020300
1944,1020332
1738,1020364
1468,1020396
862,1020428
1004,1020460
411,1020492
218,1020524
0,1020556
0,1020588
61,1020620
250,1020652
533,1020684
747,1020716
970,1020748
1197,1020780
1356,1020812
1659,1020844
2345,1020876
1755,1020908
1991,1020940
1709,1020972
1421,1021004
1243,1021036
972,1021068
429,1021100
512,1021132
282,1021164
303,1021196
397,1021228
622,1021260
927,1021292
1082,1021324
956,1021356
1579,1021388
1407,1021420
2042,1021452
2250,1021484
1724,1021516
1802,1021548
1575,1021580
1069,1021612
845,1021644
527,1021676
395,1021708
76,1021740
0,1021772
314,1021804
156,1021836
427,1021868
614,1021900
875,1021932
1109,1021964
1625,1021996
1565,1022028
2170,1022060
2311,1022092
2074,1022124
1802,1022156
1600,1022188
1336,1022220
1067,1022252
871,1022284
616,1022316
24,1022348
140,1022380
0,1022412
156,1022444
381,1022476
618,1022508
872,1022540
1067,1022572
1321,1022604
1597,1022636
1788,1022668
1865,1022700
2043,1022732
1397,1022764
1597,1022796
870,1022828
1112,1022860
843,1022892
599,1022924
379,1022956
169,1022988
71,1023020
638,1023052
832,1023084
1183,1023116
1280,1023148
1483,1023180
1803,1023212
1949,1023244
1820,1023276
2186,1023308
1500,1023340
1696,1023372
1434,1023404
808,1023436
968,1023468
714,1023500
187,1023532
2,1023564
0,1023596
139,1023628
272,1023660
554,1023692
1177,1023724
1002,1023756
1240,1023788
1838,1023820
1703,1023852
1976,1023884
2104,1023916
1529,1023948
1661,1023980
1069,1024012
1197,1024044
936,1024076
733,1024108
474,1024140
239,1024172
0,1024204
509,1024236
698,1024268
957,1024300
1150,1024332
1016,1024364
1614,1024396
1468,1024428
1734,1024460
1839,1024492
1640,1024524
1462,1024556
1176,1024588
989,1024620
776,1024652
549,1024684
316,1024716
24,1024748
0,1024780
429,1024812
572,1024844
859,1024876
1051,1024908
917,1024940
1499,1024972
1696,1025004
1607,1025036
2173,1025068
2189,1025100
2076,1025132
1689,1025164
1453,1025196
1305,1025228
991,1025260
839,1025292
572,1025324
0,1025356
0,1025388
336,1025420
270,1025452
539,1025484
1030,1025516
988,1025548
1481,1025580
1354,1025612
1677,1025644
1818,1025676
1786,1025708
1961,1025740
1319,1025772
1128,1025804
1216,1025836
679,1025868
453,1025900
231,1025932
4,1025964
262,1025996
48,1026028
714,1026060
908,1026092
742,1026124
1370,1026156
1564,1026188
1833,1026220
2027,1026252
1881,1026284
2045,1026316
1436,1026348
1210,1026380
973,1026412
748,1026444
555,1026476
298,1026508
104,1026540
0,1026572
0,1026604
179,1026636
331,1026668
632,1026700
1277,1026732
1435,1026764
1725,1026796
1919,1026828
1725,1026860
2285,1026892
2059,1026924
1461,1026956
1580,1026988
1312,1027020
1195,1027052
846,1027084
592,1027116
445,1027148
125,1027180
0,1027212
591,1027244
392,1027276
618,1027308
1239,1027340
1066,1027372
1353,1027404
1898,1027436
1815,1027468
2155,1027500
1550,1027532
1417,1027564
1087,1027596
922,1027628
1085,1027660
461,1027692
248,1027724
350,1027756
0,1027788
89,1027820
279,1027852
541,1027884
1113,1027916
1274,1027948
1577,1027980
1775,1028012
1593,1028044
2248,1028076
2155,1028108
1913,1028140
1674,1028172
1408,1028204
1211,1028236
950,1028268
361,1028300
494,1028332
0,1028364
0,1028396
46,1028428
303,1028460
574,1028492
751,1028524
1031,1028556
1562,1028588
1483,1028620
1723,1028652
2379,1028684
1741,1028716
1960,1028748
1230,1028780
1455,1028812
1183,1028844
602,1028876
727,1028908
456,1028940
0,1028972
252,1029004
494,1029036
829,1029068
909,1029100
1145,1029132
1451,1029164
1597,1029196
1468,1029228
2110,1029260
1849,1029292
1670,1029324
1742,1029356
1208,1029388
1273,1029420
1052,1029452
567,1029484
587,1029516
23,1029548
0,1029580
0,1029612
220,1029644
828,1029676
664,1029708
937,1029740
1125,1029772
1399,1029804
1629,1029836
2154,1029868
1883,1029900
2014,1029932
1325,1029964
1544,1029996
1272,1030028
1070,1030060
816,1030092
542,1030124
359,1030156
119,1030188
5,1030220
576,1030252
446,1030284
680,1030316
894,1030348
1128,1030380
1384,1030412
1581,1030444
1847,1030476
2109,1030508
1515,1030540
1336,1030572
1512,1030604
886,1030636
1085,1030668
360,1030700
603,1030732
320,1030764
0,1030796
472,1030828
701,1030860
573,1030892
1160,1030924
1344,1030956
1691,1030988
1805,1031020
2013,1031052
2332,1031084
2032,1031116
1435,1031148
1656,1031180
974,1031212
757,1031244
910,1031276
300,1031308
454,1031340
191,1031372
0,1031404
446,1031436
344,1031468
651,1031500
784,1031532
1067,1031564
1702,1031596
1525,1031628
1757,1031660
2272,1031692
1659,1031724
1479,1031756
1566,1031788
1016,1031820
1133,1031852
832,1031884
671,1031916
414,1031948
203,1031980
334,1032012
569,1032044
794,1032076
1020,1032108
1213,1032140
1472,1032172
1677,1032204
1528,1032236
2144,1032268
1787,1032300
1581,1032332
1320,1032364
1116,1032396
938,1032428
667,1032460
486,1032492
267,1032524
25,1032556
0,1032588
4,1032620
297,1032652
941,1032684
698,1032716
1375,1032748
1567,1032780
1432,1032812
2031,1032844
2224,1032876
1803,1032908
1898,1032940
1661,1032972
1545,1033004
1162,1033036
936,1033068
792,1033100
488,1033132
0,1033164
202,1033196
48,1033228
331,1033260
858,1033292
778,1033324
1309,1033356
1548,1033388
1511,1033420
2012,1033452
1881,1033484
1766,1033516
1435,1033548
1258,1033580
1424,1033612
807,1033644
617,1033676
702,1033708
156,1033740
0,1033772
249,1033804
205,1033836
776,1033868
560,1033900
1228,1033932
1422,1033964
1696,1033996
1896,1034028
2091,1034060
2265,1034092
1996,1034124
1384,1034156
1520,1034188
925,1034220
696,1034252
939,1034284
234,1034316
47,1034348
0,1034380
0,1034412
247,1034444
420,1034476
695,1034508
846,1034540
1144,1034572
1815,1034604
1528,1034636
2252,1034668
2235,1034700
1577,1034732
1755,1034764
1530,1034796
937,1034828
1066,1034860
798,1034892
683,1034924
334,1034956
103,1034988
415,1035020
569,1035052
448,1035084
1112,1035116
984,1035148
1128,1035180
1757,1035212
1590,1035244
2220,1035276
2096,1035308
1547,1035340
1625,1035372
1035,1035404
903,1035436
585,1035468
408,1035500
557,1035532
0,1035564
0,1035596
456,1035628
331,1035660
600,1035692
1136,1035724
1049,1035756
1643,1035788
1802,1035820
2107,1035852
2302,1035884
2125,1035916
1854,1035948
1624,1035980
1386,1036012
1159,1036044
888,1036076
698,1036108
438,1036140
0,1036172
0,1036204
105,1036236
364,1036268
556,1036300
812,1036332
1092,1036364
1261,1036396
1546,1036428
2088,1036460
1924,1036492
1686,1036524
1374,1036556
1224,1036588
1431,1036620
720,1036652
941,1036684
671,1036716
90,1036748
189,1036780
317,1036812
235,1036844
778,1036876
1006,1036908
1351,1036940
1421,1036972
1662,1037004
1979,1037036
2137,1037068
1788,1037100
1952,1037132
1320,1037164
1482,1037196
1224,1037228
686,1037260
760,1037292
537,1037324
55,1037356
99,1037388
4,1037420
315,1037452
447,1037484
730,1037516
1353,1037548
1178,1037580
1449,1037612
2016,1037644
1915,1037676
1823,1037708
1881,1037740
1355,1037772
1484,1037804
1253,1037836
1018,1037868
752,1037900
568,1037932
298,1037964
185,1037996
455,1038028
639,1038060
504,1038092
809,1038124
957,1038156
1191,1038188
1408,1038220
1645,1038252
1904,1038284
1663,1038316
1463,1038348
1579,1038380
1000,1038412
824,1038444
999,1038476
373,1038508
567,1038540
0,1038572
344,1038604
527,1038636
359,1038668
976,1038700
1215,1038732
1086,1038764
1679,1038796
1882,1038828
2231,1038860
2239,1038892
1981,1038924
1823,1038956
1500,1038988
922,1039020
1128,1039052
464,1039084
652,1039116
396,1039148
0,1039180
315,1039212
511,1039244
450,1039276
972,1039308
846,1039340
1165,1039372
1767,1039404
1593,1039436
2235,1039468
1836,1039500
1608,1039532
1738,1039564
1143,1039596
956,1039628
1039,1039660
504,1039692
629,1039724
55,1039756
183,1039788
392,1039820
663,1039852
858,1039884
1082,1039916
1308,1039948
1536,1039980
1740,1040012
1623,1040044
2206,1040076
1726,1040108
1870,1040140
1262,1040172
1064,1040204
800,1040236
614,1040268
434,1040300
155,1040332
0,1040364
0,1040396
123,1040428
348,1040460
496,1040492
805,1040524
1467,1040556
1210,1040588
1913,1040620
2103,1040652
2283,1040684
2111,1040716
1835,1040748
1275,1040780
1368,1040812
1144,1040844
1023,1040876
649,1040908
424,1040940
265,1040972
220,1041004
511,1041036
718,1041068
568,1041100
844,1041132
1374,1041164
1293,1041196
1836,1041228
2084,1041260
1943,1041292
1707,1041324
1380,1041356
1241,1041388
922,1041420
748,1041452
906,1041484
286,1041516
105,1041548
184,1041580
25,1041612
265,1041644
478,1041676
713,1041708
1292,1041740
1080,1041772
1756,1041804
1952,1041836
2224,1041868
2208,1041900
1932,1041932
1349,1041964
1466,1041996
862,1042028
1003,1042060
412,1042092
197,1042124
0,1042156
0,1042188
25,1042220
218,1042252
473,1042284
745,1042316
924,1042348
1204,1042380
1356,1042412
1669,1042444
2347,1042476
1724,1042508
1989,1042540
1707,1042572
1455,1042604
1231,1042636
1008,1042668
434,1042700
542,1042732
284,1042764
301,1042796
439,1042828
636,1042860
936,1042892
1083,1042924
959,1042956
1629,1042988
1415,1043020
1652,1043052
2288,1043084
1668,1043116
1824,1043148
1568,1043180
1031,1043212
842,1043244
524,1043276
391,1043308
73,1043340
0,1043372
317,1043404
165,1043436
392,1043468
972,1043500
840,1043532
1112,1043564
1291,1043596
1565,1043628
2171,1043660
2232,1043692
2071,1043724
1802,1043756
1593,1043788
1326,1043820
1098,1043852
493,1043884
638,1043916
379,1043948
167,1043980
298,1044012
167,1044044
751,1044076
619,1044108
874,1044140
1070,1044172
1325,1044204
1608,1044236
1788,1044268
1854,1044300
1932,1044332
1387,1044364
1163,1044396
859,1044428
710,1044460
909,1044492
603,1044524
425,1044556
173,1044588
74,1044620
650,1044652
838,1044684
749,1044716
1289,1044748
1520,1044780
1879,1044812
1962,1044844
2192,1044876
2175,1044908
1855,1044940
1261,1044972
1431,1045004
809,1045036
958,1045068
704,1045100
174,1045132
4,1045164
173,1045196
147,1045228
624,1045260
506,1045292
825,1045324
956,1045356
1240,1045388
1882,1045420
1703,1045452
1979,1045484
1720,1045516
1529,1045548
1293,1045580
1353,1045612
845,1045644
968,1045676
729,1045708
504,1045740
238,1045772
0,1045804
506,1045836
703,1045868
969,1045900
1152,1045932
1020,1045964
1624,1045996
1472,1046028
1710,1046060
1836,1046092
1610,1046124
1401,1046156
1146,1046188
941,1046220
1056,1046252
490,1046284
313,1046316
475,1046348
0,1046380
428,1046412
587,1046444
860,1046476
1051,1046508
873,1046540
1503,1046572
1750,1046604
1609,1046636
2207,1046668
2186,1046700
2072,1046732
1723,1046764
1449,1046796
1295,1046828
985,1046860
412,1046892
606,1046924
0,1046956
165,1046988
380,1047020
232,1047052
505,1047084
1024,1047116
1467,1047148
1485,1047180
1358,1047212
1687,1047244
1822,1047276
1784,1047308
1959,1047340
1308,1047372
1083,1047404
1224,1047436
633,1047468
444,1047500
525,1047532
0,1047564
253,1047596
153,1047628
717,1047660
910,1047692
734,1047724
1370,1047756
1598,1047788
1834,1047820
2076,1047852
2269,1047884
2089,1047916
1816,1047948
1198,1047980
1341,1048012
749,1048044
554,1048076
296,1048108
102,1048140
0,1048172
0,1048204
181,1048236
411,1048268
643,1048300
862,1048332
1487,1048364
1319,1048396
1997,1048428
1736,1048460
2345,1048492
2061,1048524
1449,1048556
1583,1048588
1308,1048620
765,1048652
846,1048684
624,1048716
507,1048748
120,1048780
287,1048812
601,1048844
744,1048876
1039,1048908
1240,1048940
1072,1048972
1356,1049004
1901,1049036
1819,1049068
2144,1049100
1918,1049132
1415,1049164
1448,1049196
860,1049228
729,1049260
410,1049292
244,1049324
396,1049356
0,1049388
88,1049420
634,1049452
551,1049484
766,1049516
1000,1049548
1225,1049580
1820,1049612
1600,1049644
2288,1049676
2152,1049708
1948,1049740
1678,1049772
1404,1049804
1210,1049836
943,1049868
351,1049900
477,1049932
0,1049964
0,1049996
56,1050028
283,1050060
539,1050092
728,1050124
986,1050156
1259,1050188
1446,1050220
1725,1050252
2379,1050284
1740,1050316
1949,1050348
1198,1050380
1451,1050412
1183,1050444
554,1050476
719,1050508
490,1050540
0,1050572
302,1050604
488,1050636
839,1050668
950,1050700
1148,1050732
1453,1050764
1600,1050796
1472,1050828
2167,1050860
1836,1050892
1610,1050924
1776,1050956
1146,1050988
1308,1051020
1040,1051052
523,1051084
575,1051116
23,1051148
0,1051180
0,1051212
232,1051244
842,1051276
670,1051308
903,1051340
1482,1051372
1355,1051404
1629,1051436
1819,1051468
1879,1051500
2009,1051532
1696,1051564
1533,1051596
1274,1051628
1079,1051660
814,1051692
576,1051724
349,1051756
155,1051788
360,1051820
620,1051852
813,1051884
680,1051916
1264,1051948
1133,1051980
1386,1052012
1584,1052044
1852,1052076
1799,1052108
1516,1052140
1333,1052172
1110,1052204
885,1052236
651,1052268
348,1052300
203,1052332
384,1052364
0,1052396
523,1052428
711,1052460
584,1052492
1163,1052524
1355,1052556
1262,1052588
1819,1052620
2056,1052652
2413,1052684
2029,1052716
1803,1052748
1643,1052780
1322,1052812
751,1052844
909,1052876
296,1052908
444,1052940
188,1052972
0,1053004
463,1053036
688,1053068
653,1053100
1144,1053132
1018,1053164
1337,1053196
1478,1053228
1770,1053260
2302,1053292
1658,1053324
1467,1053356
1196,1053388
1006,1053420
793,1053452
832,1053484
331,1053516
445,1053548
201,1053580
366,1053612
560,1053644
832,1053676
1022,1053708
1213,1053740
1483,1053772
1680,1053804
1535,1053836
2143,1053868
1784,1053900
1552,1053932
1311,1053964
1086,1053996
888,1054028
632,1054060
438,1054092
254,1054124
0,1054156
0,1054188
459,1054220
296,1054252
951,1054284
679,1054316
1383,1054348
1577,1054380
1387,1054412
2031,1054444
2282,1054476
1799,1054508
1934,1054540
1661,1054572
1386,1054604
1193,1054636
935,1054668
783,1054700
461,1054732
0,1054764
248,1054796
59,1054828
698,1054860
894,1054892
732,1054924
1352,1054956
1549,1054988
1476,1055020
2014,1055052
1884,1055084
1758,1055116
1433,1055148
1259,1055180
1421,1055212
797,1055244
574,1055276
702,1055308
123,1055340
0,1055372
284,1055404
205,1055436
779,1055468
655,1055500
1229,1055532
1434,1055564
1701,1055596
1900,1055628
2137,1055660
2265,1055692
2028,1055724
1756,1055756
1560,1055788
1288,1055820
695,1055852
826,1055884
237,1055916
45,1055948
0,1055980
0,1056012
244,1056044
424,1056076
696,1056108
923,1056140
1147,1056172
1374,1056204
1532,1056236
1847,1056268
2303,1056300
1578,1056332
1805,1056364
1529,1056396
936,1056428
1055,1056460
794,1056492
556,1056524
332,1056556
139,1056588
489,1056620
571,1056652
808,1056684
1113,1056716
1258,1056748
1563,1056780
1760,1056812
1592,1056844
1882,1056876
2092,1056908
1544,1056940
1615,1056972
1388,1057004
903,1057036
926,1057068
358,1057100
207,1057132
0,1057164
0,1057196
492,1057228
332,1057260
603,1057292
1148,1057324
1051,1057356
1279,1057388
1516,1057420
1742,1057452
2350,1057484
1671,1057516
1888,1057548
1616,1057580
1420,1057612
1160,1057644
890,1057676
697,1057708
425,1057740
0,1057772
238,1057804
111,1057836
334,1057868
560,1057900
792,1057932
1048,1057964
1244,1057996
1499,1058028
1786,1058060
1864,1058092
1684,1058124
1867,1058156
1213,1058188
1420,1058220
687,1058252
936,1058284
665,1058316
50,1058348
191,1058380
363,1058412
544,1058444
826,1058476
1005,1058508
1351,1058540
1470,1058572
1674,1058604
1984,1058636
2126,1058668
1784,1058700
1996,1058732
1311,1058764
1093,1058796
1256,1058828
632,1058860
791,1058892
536,1058924
16,1058956
103,1058988
9,1059020
315,1059052
891,1059084
732,1059116
1353,1059148
1213,1059180
1415,1059212
2024,1059244
1885,1059276
1820,1059308
1544,1059340
1351,1059372
1481,1059404
1179,1059436
1019,1059468
760,1059500
553,1059532
296,1059564
220,1059596
448,1059628
682,1059660
872,1059692
1136,1059724
1328,1059756
1192,1059788
1791,1059820
1655,1059852
1916,1059884
1662,1059916
1453,1059948
1273,1059980
1000,1060012
823,1060044
590,1060076
371,1060108
139,1060140
0,1060172
0,1060204
619,1060236
366,1060268
1039,1060300
1227,1060332
1404,1060364
1689,1060396
1883,1060428
1787,1060460
2239,1060492
2010,1060524
1895,1060556
1498,1060588
1273,1060620
1120,1060652
812,1060684
239,1060716
395,1060748
0,1060780
318,1060812
512,1060844
452,1060876
972,1060908
1208,1060940
1172,1060972
1399,1061004
1532,1061036
1863,1061068
1772,1061100
1606,1061132
1776,1061164
1143,1061196
952,1061228
686,1061260
503,1061292
271,1061324
329,1061356
0,1061388
430,1061420
651,1061452
892,1061484
1087,1061516
1352,1061548
1550,1061580
1741,1061612
2012,1061644
2206,1061676
1722,1061708
1866,1061740
1259,1061772
1034,1061804
797,1061836
582,1061868
379,1061900
124,1061932
0,1061964
0,1061996
87,1062028
357,1062060
973,1062092
808,1062124
1467,1062156
1182,1062188
1912,1062220
2107,1062252
2319,1062284
2109,1062316
1880,1062348
1273,1062380
1403,1062412
1142,1062444
1019,1062476
670,1062508
424,1062540
265,1062572
234,1062604
109,1062636
766,1062668
570,1062700
1212,1062732
1418,1062764
1246,1062796
1870,1062828
2089,1062860
1900,1062892
1704,1062924
1372,1062956
1239,1062988
911,1063020
746,1063052
905,1063084
294,1063116
71,1063148
182,1063180
8,1063212
252,1063244
799,1063276
717,1063308
1303,1063340
1177,1063372
1767,1063404
1962,1063436
2233,1063468
2204,1063500
1966,1063532
1341,1063564
1497,1063596
1228,1063628
1033,1063660
768,1063692
175,1063724
312,1063756
0,1063788
30,1063820
223,1063852
485,1063884
756,1063916
934,1063948
1208,1063980
1435,1064012
1670,1064044
1901,1064076
1712,1064108
1563,1064140
1773,1064172
1456,1064204
1275,1064236
1005,1064268
425,1064300
543,1064332
280,1064364
0,1064396
440,1064428
668,1064460
1007,1064492
1087,1064524
1322,1064556
1641,1064588
1784,1064620
2091,1064652
2297,1064684
1660,1064716
1482,1064748
1565,1064780
1020,1064812
841,1064844
875,1064876
381,1064908
409,1064940
0,1064972
0,1065004
123,1065036
394,1065068
1014,1065100
852,1065132
1113,1065164
1673,1065196
1575,1065228
1815,1065260
1932,1065292
1695,1065324
1835,1065356
1150,1065388
1358,1065420
1096,1065452
463,1065484
634,1065516
366,1065548
169,1065580
301,1065612
169,1065644
107,1065676
0,1065708
0,1065740
0,1065772
0,1065804
0,1065836
0,1065868
0,1065900
0,1065932
0,1065964
0,1065996
0,1066028
0,1066060
235,1066092
165,1066124
215,1066156
173,1066188
0,1066220
165,1066252
169,1066284
0,1066316
167,1066348
133,1066380
235,1066412
123,1066444
103,1066476
171,1066508
103,1066540
0,1066572
170,1066604
0,1066636
0,1066668
135,1066700
0,1066732
0,1066764
103,1066796
0,1066828
91,1066860
0,1066892
0,1066924
0,1066956
0,1066988
185,1067020
0,1067052
0,1067084
154,1067116
0,1067148
0,1067180
0,1067212
0,1067244
183,1067276
120,1067308
181,1067340
152,1067372
0,1067404
150,1067436
150,1067468
140,1067500
147,1067532
109,1067564
139,1067596
107,1067628
0,1067660
105,1067692
0,1067724
0,1067756
0,1067788
0,1067820
0,1067852
0,1067884
0,1067916
107,1067948
0,1067980
0,1068012
213,1068044
0,1068076
233,1068108
0,1068140
217,1068172
171,1068204
0,1068236
167,1068268
122,1068300
0,1068332
124,1068364
124,1068396
237,1068428
99,1068460
103,1068492
169,1068524
101,1068556
0,1068588
136,1068620
0,1068652
0,1068684
104,1068716
0,1068748
99,1068780
101,1068812
0,1068844
97,1068876
0,1068908
0,1068940
0,1068972
0,1069004
183,1069036
0,1069068
0,1069100
0,1069132
0,1069164
0,1069196
108,1069228
0,1069260
184,1069292
0,1069324
172,1069356
150,1069388
172,1069420
148,1069452
119,1069484
147,1069516
107,1069548
0,1069580
105,1069612
0,1069644
0,1069676
0,1069708
0,1069740
0,1069772
0,1069804
0,1069836
107,1069868
0,1069900
0,1069932
219,1069964
0,1069996
245,1070028
0,1070060
203,1070092
171,1070124
0,1070156
169,1070188
168,1070220
0,1070252
170,1070284
132,1070316
235,1070348
135,1070380
103,1070412
171,1070444
91,1070476
0,1070508
169,1070540
0,1070572
0,1070604
135,1070636
0,1070668
123,1070700
103,1070732
0,1070764
90,1070796
0,1070828
0,1070860
0,1070892
0,1070924
187,1070956
0,1070988
0,1071020
152,1071052
0,1071084
0,1071116
151,1071148
0,1071180
170,1071212
109,1071244
183,1071276
153,1071308
171,1071340
152,1071372
152,1071404
140,1071436
151,1071468
109,1071500
139,1071532
109,1071564
0,1071596
105,1071628
0,1071660
0,1071692
0,1071724
0,1071756
0,1071788
0,1071820
0,1071852
0,1071884
0,1071916
0,1071948
0,1071980
0,1072012
237,1072044
0,1072076
217,1072108
173,1072140
0,1072172
169,1072204
124,1072236
0,1072268
131,1072300
135,1072332
237,1072364
100,1072396
103,1072428
175,1072460
99,1072492
0,1072524
135,1072556
0,1072588
0,1072620
104,1072652
0,1072684
101,1072716
103,1072748
0,1072780
97,1072812
0,1072844
0,1072876
0,1072908
0,1072940
184,1072972
0,1073004
0,1073036
150,1073068
0,1073100
0,1073132
119,1073164
0,1073196
174,1073228
0,1073260
174,1073292
142,1073324
172,1073356
148,1073388
115,1073420
139,1073452
115,1073484
0,1073516
109,1073548
0,1073580
0,1073612
219,1073644
0,1073676
0,1073708
0,1073740
0,1073772
0,1073804
0,1073836
0,1073868
0,1073900
0,1073932
235,1073964
0,1073996
215,1074028
169,1074060
0,1074092
167,1074124
167,1074156
0,1074188
167,1074220
135,1074252
235,1074284
121,1074316
103,1074348
169,1074380
99,1074412
0,1074444
170,1074476
0,1074508
0,1074540
137,1074572
0,1074604
122,1074636
103,1074668
0,1074700
93,1074732
0,1074764
0,1074796
0,1074828
0,1074860
183,1074892
0,1074924
0,1074956
153,1074988
0,1075020
0,1075052
153,1075084
0,1075116
183,1075148
115,1075180
181,1075212
150,1075244
181,1075276
150,1075308
151,1075340
140,1075372
149,1075404
115,1075436
151,1075468
109,1075500
0,1075532
0,1075564
0,1075596
0,1075628
0,1075660
0,1075692
0,1075724
0,1075756
0,1075788
107,1075820
0,1075852
0,1075884
0,1075916
0,1075948
237,1075980
0,1076012
213,1076044
171,1076076
0,1076108
173,1076140
135,1076172
0,1076204
136,1076236
135,1076268
235,1076300
91,1076332
103,1076364
171,1076396
100,1076428
0,1076460
135,1076492
0,1076524
119,1076556
103,1076588
0,1076620
99,1076652
101,1076684
0,1076716
99,1076748
0,1076780
0,1076812
0,1076844
0,1076876
184,1076908
0,1076940
0,1076972
154,1077004
0,1077036
0,1077068
119,1077100
0,1077132
183,1077164
181,1077196
174,1077228
150,1077260
183,1077292
151,1077324
115,1077356
141,1077388
107,1077420
0,1077452
0,1077484
0,1077516
0,1077548
0,1077580
0,1077612
0,1077644
0,1077676
0,1077708
105,1077740
0,1077772
0,1077804
215,1077836
0,1077868
237,1077900
0,1077932
215,1077964
169,1077996
0,1078028
169,1078060
169,1078092
0,1078124
167,1078156
133,1078188
235,1078220
122,1078252
103,1078284
181,1078316
99,1078348
0,1078380
179,1078412
0,1078444
154,1078476
133,1078508
0,1078540
123,1078572
103,1078604
0,1078636
91,1078668
0,1078700
0,1078732
183,1078764
0,1078796
183,1078828
0,1078860
0,1078892
140,1078924
0,1078956
0,1078988
153,1079020
0,1079052
185,1079084
0,1079116
173,1079148
148,1079180
181,1079212
152,1079244
151,1079276
149,1079308
151,1079340
117,1079372
0,1079404
105,1079436
0,1079468
107,1079500
0,1079532
0,1079564
0,1079596
0,1079628
0,1079660
0,1079692
0,1079724
0,1079756
0,1079788
0,1079820
0,1079852
0,1079884
237,1079916
0,1079948
215,1079980
169,1080012
121,1080044
169,1080076
135,1080108
0,1080140
132,1080172
135,1080204
237,1080236
93,1080268
101,1080300
171,1080332
93,1080364
155,1080396
135,1080428
0,1080460
0,1080492
103,1080524
0,1080556
99,1080588
105,1080620
0,1080652
0,1080684
0,1080716
0,1080748
0,1080780
0,1080812
184,1080844
0,1080876
0,1080908
153,1080940
0,1080972
0,1081004
0,1081036
0,1081068
183,1081100
0,1081132
180,1081164
148,1081196
175,1081228
150,1081260
109,1081292
