748,31
602,63
925,95
1054,127
1350,159
1534,191
1743,223
1951,255
2032,287
1406,319
1257,351
1031,383
774,415
920,447
685,479
121,511
188,543
412,575
635,607
794,639
1056,671
1324,703
1113,735
1710,767
1982,799
1804,831
1792,863
1918,895
1382,927
1098,959
872,991
1004,1023
461,1055
198,1087
0,1119
0,1151
87,1183
265,1215
965,1247
795,1279
984,1311
1595,1343
1896,1375
1718,1407
2298,1439
2183,1471
1995,1503
1656,1535
1470,1567
1243,1599
585,1631
444,1663
556,1695
0,1727
331,1759
460,1791
343,1823
967,1855
765,1887
1063,1919
1662,1951
1481,1983
1799,2015
2303,2047
1739,2079
1468,2111
1214,2143
1050,2175
1162,2207
555,2239
410,2271
154,2303
0,2335
361,2367
255,2399
441,2431
1006,2463
1275,2495
1159,2527
1704,2559
1930,2591
2205,2623
2223,2655
2030,2687
1799,2719
1160,2751
1290,2783
1054,2815
522,2847
251,2879
377,2911
127,2943
31,2975
204,3007
782,3039
743,3071
934,3103
1103,3135
1421,3167
1657,3199
1852,3231
2296,3263
1643,3295
1405,3327
1517,3359
1355,3391
727,3423
792,3455
605,3487
429,3519
0,3551
119,3583
681,3615
484,3647
1191,3679
1322,3711
1191,3743
1887,3775
1629,3807
1929,3839
2175,3871
1496,3903
1368,3935
1422,3967
839,3999
591,4031
362,4063
200,4095
332,4127
0,4159
189,4191
388,4223
570,4255
873,4287
1097,4319
1290,4351
1918,4383
2153,4415
2011,4447
2104,4479
1902,4511
1660,4543
1352,4575
1163,4607
968,4639
304,4671
428,4703
236,4735
0,4767
156,4799
720,4831
991,4863
828,4895
1051,4927
1645,4959
1562,4991
1742,5023
1848,5055
1704,5087
1431,5119
1149,5151
1403,5183
780,5215
520,5247
654,5279
491,5311
0,5343
382,5375
621,5407
901,5439
1024,5471
936,5503
1536,5535
1340,5567
1658,5599
2250,5631
1818,5663
2059,5695
1711,5727
1116,5759
1295,5791
640,5823
487,5855
260,5887
0,5919
0,5951
408,5983
327,6015
925,6047
714,6079
1003,6111
1240,6143
1421,6175
1736,6207
1943,6239
1800,6271
1961,6303
1373,6335
1111,6367
1226,6399
1033,6431
459,6463
528,6495
300,6527
294,6559
447,6591
716,6623
943,6655
778,6687
1358,6719
1592,6751
1512,6783
1688,6815
2281,6847
2042,6879
1486,6911
1208,6943
1340,6975
840,7007
582,7039
302,7071
157,7103
0,7135
0,7167
618,7199
859,7231
681,7263
1245,7295
1545,7327
1367,7359
1900,7391
1803,7423
2349,7455
1612,7487
1772,7519
1593,7551
922,7583
1179,7615
847,7647
269,7679
487,7711
0,7743
43,7775
232,7807
427,7839
759,7871
1262,7903
1133,7935
1437,7967
1579,7999
1871,8031
1819,8063
1561,8095
1431,8127
1162,8159
892,8191
745,8223
520,8255
263,8287
397,8319
235,8351
139,8383
668,8415
926,8447
1148,8479
1306,8511
1581,8543
1855,8575
1639,8607
2237,8639
2144,8671
1498,8703
1264,8735
1402,8767
1212,8799
588,8831
362,8863
479,8895
0,8927
0,8959
93,8991
405,9023
596,9055
1197,9087
1483,9119
1309,9151
1500,9183
2125,9215
2409,9247
1757,9279
1870,9311
1645,9343
1467,9375
1129,9407
954,9439
728,9471
74,9503
0,9535
334,9567
172,9599
855,9631
975,9663
855,9695
1082,9727
1288,9759
1579,9791
2192,9823
1868,9855
1719,9887
1772,9919
1221,9951
955,9983
700,10015
537,10047
640,10079
48,10111
0,10143
55,10175
269,10207
873,10239
761,10271
952,10303
1530,10335
1801,10367
1673,10399
2233,10431
2208,10463
2012,10495
1696,10527
1501,10559
1272,10591
650,10623
776,10655
541,10687
21,10719
0,10751
383,10783
616,10815
546,10847
714,10879
1296,10911
1244,10943
1438,10975
2139,11007
1949,11039
1821,11071
1546,11103
1759,11135
1125,11167
892,11199
1003,11231
831,11263
219,11295
270,11327
279,11359
557,11391
313,11423
631,11455
1195,11487
1000,11519
1719,11551
1848,11583
1709,11615
1903,11647
1675,11679
1501,11711
1646,11743
984,11775
856,11807
908,11839
329,11871
80,11903
0,11935
0,11967
586,11999
380,12031
698,12063
901,12095
1080,12127
1387,12159
1625,12191
1818,12223
2316,12255
1615,12287
1483,12319
1566,12351
1374,12383
1133,12415
841,12447
650,12479
445,12511
0,12543
336,12575
602,12607
440,12639
656,12671
1241,12703
1514,12735
1340,12767
1568,12799
2174,12831
1837,12863
1550,12895
1819,12927
1178,12959
919,12991
646,13023
891,13055
274,13087
17,13119
219,13151
504,13183
345,13215
905,13247
1135,13279
1419,13311
1550,13343
1450,13375
2075,13407
1856,13439
1820,13471
1934,13503
1292,13535
1039,13567
1193,13599
605,13631
779,13663
127,13695
0,13727
282,13759
121,13791
332,13823
924,13855
841,13887
1453,13919
1228,13951
1526,13983
1756,14015
1932,14047
1783,14079
1511,14111
1274,14143
1433,14175
1115,14207
599,14239
704,14271
509,14303
0,14335
316,14367
544,14399
812,14431
959,14463
1230,14495
1464,14527
1290,14559
1888,14591
2120,14623
1901,14655
1612,14687
1752,14719
1513,14751
972,14783
700,14815
557,14847
329,14879
62,14911
0,14943
61,14975
287,15007
477,15039
1133,15071
957,15103
1195,15135
1773,15167
2087,15199
1895,15231
2184,15263
1608,15295
1808,15327
1096,15359
952,15391
1067,15423
412,15455
192,15487
330,15519
0,15551
507,15583
264,15615
554,15647
1145,15679
942,15711
1271,15743
1792,15775
1657,15807
1965,15839
1738,15871
1563,15903
1289,15935
1039,15967
907,15999
651,16031
382,16063
233,16095
253,16127
0,16159
528,16191
761,16223
648,16255
1181,16287
1450,16319
1677,16351
1836,16383
2111,16415
2365,16447
1675,16479
1816,16511
1615,16543
984,16575
751,16607
878,16639
697,16671
75,16703
0,16735
6,16767
202,16799
390,16831
600,16863
919,16895
1109,16927
1284,16959
2009,16991
1833,17023
1896,17055
2045,17087
1879,17119
1238,17151
1340,17183
1119,17215
951,17247
608,17279
71,17311
201,17343
0,17375
583,17407
856,17439
684,17471
1369,17503
1498,17535
1367,17567
2015,17599
1807,17631
1863,17663
1997,17695
1352,17727
1193,17759
1246,17791
710,17823
442,17855
190,17887
26,17919
0,17951
72,17983
362,18015
888,18047
781,18079
1390,18111
1277,18143
1467,18175
2060,18207
2333,18239
1833,18271
1918,18303
1678,18335
1483,18367
1178,18399
987,18431
750,18463
139,18495
254,18527
216,18559
480,18591
319,18623
896,18655
858,18687
1052,18719
1225,18751
1829,18783
1781,18815
1958,18847
1664,18879
1527,18911
1290,18943
1032,18975
1227,19007
605,19039
379,19071
479,19103
303,19135
6,19167
510,19199
428,19231
1176,19263
829,19295
1436,19327
1723,19359
1513,19391
2251,19423
2239,19455
1631,19487
1881,19519
1160,19551
987,19583
1120,19615
463,19647
347,19679
394,19711
0,19743
2,19775
311,19807
494,19839
685,19871
890,19903
1212,19935
1756,19967
1596,19999
1915,20031
1895,20063
1624,20095
1787,20127
1547,20159
967,20191
1050,20223
858,20255
619,20287
318,20319
200,20351
464,20383
268,20415
846,20447
1115,20479
1389,20511
1167,20543
1768,20575
1688,20607
1867,20639
1724,20671
1866,20703
1317,20735
1035,20767
809,20799
665,20831
407,20863
134,20895
365,20927
0,20959
137,20991
735,21023
1021,21055
856,21087
1419,21119
1661,21151
1949,21183
2080,21215
2352,21247
2121,21279
1437,21311
1293,21343
1406,21375
776,21407
1003,21439
670,21471
102,21503
253,21535
0,21567
215,21599
798,21631
624,21663
832,21695
1127,21727
1353,21759
1977,21791
1756,21823
1915,21855
2030,21887
1404,21919
1255,21951
988,21983
762,22015
909,22047
347,22079
87,22111
184,22143
415,22175
311,22207
832,22239
1064,22271
1335,22303
1483,22335
1759,22367
1993,22399
2269,22431
2158,22463
1920,22495
1384,22527
1096,22559
1224,22591
992,22623
471,22655
190,22687
316,22719
0,22751
80,22783
266,22815
573,22847
804,22879
987,22911
1659,22943
1483,22975
2026,23007
2303,23039
2223,23071
1579,23103
1648,23135
1467,23167
1291,23199
576,23231
442,23263
543,23295
0,23327
332,23359
462,23391
345,23423
1021,23455
778,23487
1067,23519
1672,23551
1464,23583
1791,23615
1976,23647
1701,23679
1535,23711
1211,23743
1039,23775
1194,23807
527,23839
396,23871
138,23903
0,23935
26,23967
248,23999
444,24031
1050,24063
1275,24095
1161,24127
1708,24159
1982,24191
2216,24223
2223,24255
2032,24287
1839,24319
1151,24351
1279,24383
1096,24415
474,24447
250,24479
366,24511
168,24543
0,24575
208,24607
784,24639
713,24671
880,24703
1114,24735
1432,24767
1624,24799
1804,24831
2284,24863
1641,24895
1760,24927
1517,24959
1351,24991
723,25023
826,25055
605,25087
427,25119
169,25151
90,25183
685,25215
488,25247
797,25279
1371,25311
1196,25343
1899,25375
2026,25407
1894,25439
2183,25471
1519,25503
1111,25535
1338,25567
1257,25599
714,25631
1051,25663
540,25695
766,25727
654,25759
472,25791
235,25823
0,25855
505,25887
730,25919
992,25951
828,25983
1418,26015
1648,26047
1572,26079
1743,26111
2216,26143
1703,26175
1424,26207
1146,26239
1004,26271
779,26303
893,26335
715,26367
103,26399
0,26431
394,26463
679,26495
519,26527
1034,26559
938,26591
1599,26623
1340,26655
1976,26687
2265,26719
1784,26751
2055,26783
1710,26815
1115,26847
1343,26879
637,26911
486,26943
216,26975
0,27007
0,27039
412,27071
294,27103
587,27135
719,27167
1015,27199
1196,27231
1404,27263
1737,27295
1942,27327
1754,27359
1597,27391
1368,27423
1100,27455
1260,27487
1021,27519
455,27551
537,27583
0,27615
295,27647
448,27679
727,27711
988,27743
779,27775
1360,27807
1640,27839
1918,27871
1694,27903
2272,27935
2089,27967
1436,27999
1200,28031
1339,28063
807,28095
524,28127
300,28159
156,28191
0,28223
343,28255
619,28287
459,28319
659,28351
1247,28383
1543,28415
1370,28447
1948,28479
2191,28511
2347,28543
2008,28575
1820,28607
1581,28639
923,28671
781,28703
890,28735
267,28767
488,28799
149,28831
16,28863
236,28895
431,28927
729,28959
1312,28991
1136,29023
1438,29055
1968,29087
1880,29119
2249,29151
1562,29183
1387,29215
1161,29247
891,29279
733,29311
476,29343
252,29375
393,29407
0,29439
119,29471
670,29503
493,29535
814,29567
1359,29599
1582,29631
1865,29663
2012,29695
2287,29727
2143,29759
1951,29791
1631,29823
1392,29855
860,29887
587,29919
712,29951
476,29983
0,30015
0,30047
444,30079
407,30111
592,30143
1257,30175
1083,30207
1309,30239
1502,30271
2191,30303
1991,30335
1756,30367
1869,30399
1695,30431
1063,30463
1128,30495
943,30527
775,30559
64,30591
0,30623
343,30655
153,30687
859,30719
984,30751
1291,30783
1064,30815
1291,30847
1580,30879
2200,30911
1848,30943
1710,30975
1770,31007
1174,31039
1017,31071
699,31103
535,31135
270,31167
21,31199
0,31231
54,31263
236,31295
537,31327
764,31359
952,31391
1576,31423
1340,31455
1685,31487
2236,31519
2254,31551
2012,31583
1693,31615
1501,31647
1309,31679
639,31711
768,31743
575,31775
0,31807
0,31839
393,31871
654,31903
492,31935
716,31967
1296,31999
1224,32031
1404,32063
2136,32095
1960,32127
1772,32159
1485,32191
1753,32223
1118,32255
855,32287
991,32319
827,32351
211,32383
311,32415
283,32447
555,32479
696,32511
601,32543
1199,32575
1002,32607
1317,32639
1900,32671
1720,32703
1902,32735
2063,32767
1461,32799
1641,32831
974,32863
823,32895
954,32927
326,32959
169,32991
208,33023
0,33055
585,33087
380,33119
669,33151
902,33183
1084,33215
1388,33247
1591,33279
1820,33311
2313,33343
1981,33375
1447,33407
1566,33439
1369,33471
795,33503
873,33535
638,33567
443,33599
136,33631
380,33663
602,33695
442,33727
1019,33759
1246,33791
1518,33823
1343,33855
1946,33887
2185,33919
1835,33951
1550,33983
1406,34015
1177,34047
910,34079
633,34111
489,34143
265,34175
9,34207
272,34239
124,34271
345,34303
909,34335
1195,34367
1021,34399
1561,34431
1456,34463
2137,34495
1867,34527
1818,34559
1933,34591
1262,34623
1037,34655
1184,34687
605,34719
839,34751
125,34783
0,34815
284,34847
103,34879
424,34911
924,34943
805,34975
1101,35007
1241,35039
1528,35071
1722,35103
1904,35135
1770,35167
1500,35199
1228,35231
1081,35263
1113,35295
598,35327
746,35359
507,35391
0,35423
332,35455
590,35487
811,35519
971,35551
1239,35583
1503,35615
1291,35647
1896,35679
2169,35711
2312,35743
1610,35775
1742,35807
1552,35839
920,35871
696,35903
554,35935
295,35967
25,35999
0,36031
71,36063
253,36095
432,36127
1133,36159
970,36191
1161,36223
1776,36255
2075,36287
1898,36319
2220,36351
1993,36383
1815,36415
1469,36447
918,36479
1055,36511
410,36543
555,36575
368,36607
0,36639
507,36671
637,36703
520,36735
1145,36767
944,36799
1241,36831
1848,36863
1658,36895
1975,36927
2123,36959
1561,36991
1725,37023
1036,37055
873,37087
650,37119
382,37151
231,37183
286,37215
0,37247
537,37279
427,37311
619,37343
1184,37375
1451,37407
1335,37439
1884,37471
2120,37503
2363,37535
2042,37567
1853,37599
1611,37631
1421,37663
1112,37695
876,37727
350,37759
75,37791
185,37823
18,37855
204,37887
392,37919
960,37951
919,37983
1102,38015
1288,38047
1611,38079
1844,38111
1893,38143
2108,38175
1463,38207
1235,38239
1340,38271
1167,38303
555,38335
615,38367
70,38399
239,38431
0,38463
588,38495
857,38527
665,38559
1371,38591
1499,38623
1369,38655
2077,38687
1816,38719
1850,38751
1994,38783
1320,38815
1193,38847
1244,38879
663,38911
509,38943
186,38975
24,39007
0,39039
44,39071
363,39103
892,39135
744,39167
1039,39199
1275,39231
1478,39263
2105,39295
2333,39327
1831,39359
1916,39391
1722,39423
1480,39455
1165,39487
985,39519
792,39551
126,39583
251,39615
254,39647
104,39679
330,39711
907,39743
835,39775
1002,39807
1228,39839
1824,39871
1742,39903
1898,39935
1663,39967
1524,39999
1254,40031
971,40063
1227,40095
604,40127
345,40159
475,40191
302,40223
16,40255
560,40287
807,40319
1083,40351
1210,40383
1488,40415
1725,40447
1518,40479
1837,40511
2287,40543
1629,40575
1868,40607
1530,40639
941,40671
1117,40703
462,40735
311,40767
432,40799
0,40831
75,40863
587,40895
505,40927
695,40959
893,40991
1179,41023
1758,41055
1600,41087
1916,41119
1852,41151
1614,41183
1783,41215
1193,41247
927,41279
1040,41311
847,41343
271,41375
352,41407
204,41439
473,41471
624,41503
894,41535
1116,41567
952,41599
1536,41631
1772,41663
1690,41695
1868,41727
2092,41759
1856,41791
1316,41823
1023,41855
1162,41887
663,41919
398,41951
126,41983
0,42015
0,42047
141,42079
795,42111
633,42143
858,42175
1423,42207
1721,42239
1547,42271
2088,42303
2347,42335
2169,42367
1432,42399
1289,42431
1405,42463
747,42495
1000,42527
668,42559
93,42591
303,42623
0,42655
217,42687
808,42719
604,42751
938,42783
1630,42815
1317,42847
1519,42879
1759,42911
1912,42943
2064,42975
1375,43007
1245,43039
988,43071
716,43103
569,43135
333,43167
76,43199
215,43231
415,43263
312,43295
844,43327
1110,43359
1335,43391
1484,43423
1757,43455
2041,43487
1817,43519
2158,43551
1966,43583
1320,43615
1086,43647
1214,43679
1024,43711
418,43743
185,43775
302,43807
0,43839
44,43871
269,43903
573,43935
763,43967
942,43999
1661,44031
1485,44063
1685,44095
2303,44127
2222,44159
1576,44191
1688,44223
1463,44255
1278,44287
952,44319
407,44351
542,44383
0,44415
0,44447
510,44479
346,44511
1031,44543
1161,44575
1030,44607
1671,44639
1456,44671
1759,44703
1965,44735
1690,44767
1437,44799
1594,44831
1038,44863
1195,44895
524,44927
361,44959
138,44991
0,45023
25,45055
222,45087
452,45119
1051,45151
937,45183
1129,45215
1710,45247
1991,45279
1863,45311
2266,45343
2026,45375
1832,45407
1514,45439
1322,45471
1097,45503
473,45535
591,45567
360,45599
0,45631
1,45663
558,45695
795,45727
714,45759
889,45791
1480,45823
1433,45855
1627,45887
1806,45919
1867,45951
1639,45983
1366,46015
1577,46047
941,46079
714,46111
825,46143
653,46175
39,46207
173,46239
102,46271
736,46303
490,46335
1102,46367
1375,46399
1168,46431
1911,46463
2030,46495
1897,46527
2231,46559
1487,46591
1322,46623
1054,46655
807,46687
671,46719
728,46751
153,46783
2,46815
0,46847
165,46879
359,46911
556,46943
876,46975
1069,47007
1256,47039
1563,47071
1803,47103
1975,47135
2128,47167
1897,47199
1304,47231
1386,47263
1196,47295
956,47327
654,47359
462,47391
268,47423
0,47455
512,47487
778,47519
617,47551
831,47583
1420,47615
1696,47647
1518,47679
1752,47711
2208,47743
1657,47775
1372,47807
1143,47839
1001,47871
741,47903
893,47935
711,47967
92,47999
0,48031
392,48063
685,48095
521,48127
1081,48159
1321,48191
1608,48223
1736,48255
2026,48287
2255,48319
1785,48351
1639,48383
1756,48415
1115,48447
1339,48479
1007,48511
431,48543
216,48575
0,48607
0,48639
460,48671
296,48703
589,48735
1102,48767
1016,48799
1196,48831
1407,48863
1705,48895
2296,48927
1753,48959
1592,48991
1335,49023
1098,49055
1247,49087
681,49119
424,49151
526,49183
331,49215
0,49247
496,49279
728,49311
988,49343
1143,49375
1417,49407
1647,49439
1466,49471
2074,49503
2270,49535
1720,49567
1424,49599
1560,49631
1336,49663
804,49695
522,49727
640,49759
151,49791
0,49823
397,49855
238,49887
466,49919
652,49951
1311,49983
1143,50015
1372,50047
1952,50079
2255,50111
1929,50143
1994,50175
1815,50207
1631,50239
912,50271
776,50303
891,50335
236,50367
476,50399
152,50431
20,50463
208,50495
440,50527
729,50559
1322,50591
1124,50623
1449,50655
1977,50687
1834,50719
1788,50751
1550,50783
1384,50815
1534,50847
864,50879
731,50911
474,50943
214,50975
57,51007
0,51039
118,51071
704,51103
495,51135
824,51167
1360,51199
1630,51231
1867,51263
2014,51295
2297,51327
2189,51359
1496,51391
1629,51423
1436,51455
810,51487
576,51519
702,51551
511,51583
0,51615
0,51647
446,51679
376,51711
554,51743
1259,51775
1093,51807
1276,51839
1463,51871
2197,51903
1980,51935
1716,51967
1867,51999
1692,52031
1054,52063
1163,52095
941,52127
763,52159
440,52191
0,52223
345,52255
156,52287
468,52319
1024,52351
860,52383
1066,52415
1679,52447
1544,52479
2205,52511
1838,52543
1673,52575
1818,52607
1177,52639
923,52671
1069,52703
525,52735
669,52767
20,52799
0,52831
57,52863
239,52895
537,52927
732,52959
954,52991
1577,53023
1720,53055
1646,53087
2240,53119
2239,53151
1655,53183
1737,53215
1498,53247
1305,53279
991,53311
812,53343
572,53375
0,53407
158,53439
392,53471
326,53503
495,53535
1080,53567
1308,53599
1225,53631
1403,53663
1726,53695
1961,53727
1771,53759
1482,53791
1342,53823
1112,53855
848,53887
1053,53919
430,53951
210,53983
300,54015
334,54047
183,54079
698,54111
604,54143
1259,54175
1003,54207
1320,54239
1901,54271
1702,54303
1900,54335
2059,54367
1451,54399
1691,54431
973,54463
822,54495
940,54527
298,54559
167,54591
208,54623
0,54655
263,54687
382,54719
680,54751
860,54783
1067,54815
1751,54847
1594,54879
1785,54911
1945,54943
1979,54975
1438,55007
1598,55039
1369,55071
791,55103
874,55135
672,55167
441,55199
135,55231
379,55263
647,55295
444,55327
1023,55359
1304,55391
1116,55423
1343,55455
1948,55487
2232,55519
1776,55551
1546,55583
1402,55615
1135,55647
858,55679
635,55711
490,55743
231,55775
0,55807
279,55839
122,55871
315,55903
908,55935
1196,55967
1033,55999
1600,56031
1849,56063
2139,56095
2267,56127
1773,56159
1931,56191
1261,56223
1407,56255
1228,56287
603,56319
827,56351
492,56383
0,56415
287,56447
96,56479
393,56511
976,56543
809,56575
1102,56607
1624,56639
1528,56671
1726,56703
1900,56735
1735,56767
1499,56799
1227,56831
1076,56863
1149,56895
586,56927
733,56959
171,56991
0,57023
332,57055
591,57087
477,57119
1017,57151
1242,57183
1511,57215
1664,57247
1946,57279
2172,57311
1839,57343
1980,57375
1740,57407
1548,57439
912,57471
1040,57503
551,57535
292,57567
19,57599
120,57631
72,57663
252,57695
442,57727
749,57759
980,57791
1165,57823
1838,57855
1671,57887
1899,57919
2216,57951
2043,57983
1400,58015
1468,58047
922,58079
1111,58111
399,58143
556,58175
367,58207
0,58239
523,58271
639,58303
522,58335
1207,58367
952,58399
1241,58431
1850,58463
1644,58495
1977,58527
2112,58559
1513,58591
1262,58623
1130,58655
872,58687
603,58719
349,58751
219,58783
298,58815
0,58847
201,58879
427,58911
620,58943
1228,58975
1465,59007
1338,59039
1886,59071
2168,59103
2363,59135
2040,59167
1849,59199
1656,59231
973,59263
1112,59295
918,59327
728,59359
75,59391
174,59423
0,59455
166,59487
394,59519
960,59551
888,59583
1064,59615
1290,59647
1610,59679
1804,59711
1832,59743
2103,59775
1461,59807
1191,59839
1337,59871
1163,59903
549,59935
640,59967
425,59999
235,60031
350,60063
634,60095
863,60127
667,60159
981,60191
1552,60223
1371,60255
2087,60287
2207,60319
1803,60351
1991,60383
1320,60415
1159,60447
1290,60479
653,60511
410,60543
248,60575
23,60607
239,60639
46,60671
343,60703
894,60735
748,60767
1048,60799
1243,60831
1478,60863
2107,60895
1981,60927
1789,60959
1914,60991
1721,61023
1129,61055
1211,61087
984,61119
782,61151
478,61183
286,61215
266,61247
534,61279
684,61311
908,61343
834,61375
1004,61407
1596,61439
1834,61471
1752,61503
1888,61535
2028,61567
1512,61599
1251,61631
969,61663
830,61695
601,61727
336,61759
537,61791
0,61823
304,61855
569,61887
859,61919
695,61951
1214,61983
1497,62015
1787,62047
1520,62079
1849,62111
2285,62143
1600,62175
1868,62207
1529,62239
939,62271
1167,62303
462,62335
298,62367
432,62399
0,62431
87,62463
282,62495
471,62527
765,62559
906,62591
1182,62623
1808,62655
1584,62687
1930,62719
1851,62751
1575,62783
1418,62815
1191,62847
925,62879
1082,62911
847,62943
281,62975
352,63007
248,63039
473,63071
633,63103
894,63135
1164,63167
955,63199
1549,63231
1820,63263
1643,63295
1872,63327
2091,63359
1900,63391
1256,63423
1022,63455
1160,63487
623,63519
356,63551
124,63583
0,63615
0,63647
104,63679
797,63711
636,63743
1208,63775
1433,63807
1725,63839
1556,63871
2128,63903
2333,63935
2157,63967
1820,63999
1256,64031
1399,64063
746,64095
602,64127
714,64159
90,64191
299,64223
301,64255
186,64287
809,64319
608,64351
904,64383
1132,64415
1318,64447
1626,64479
2155,64511
1902,64543
2063,64575
1375,64607
1208,64639
985,64671
716,64703
565,64735
301,64767
76,64799
201,64831
89,64863
283,64895
846,64927
1117,64959
990,64991
1533,65023
1400,65055
2043,65087
2199,65119
2203,65151
1963,65183
1320,65215
1452,65247
1212,65279
1024,65311
410,65343
526,65375
298,65407
0,65439
46,65471
624,65503
584,65535
776,65567
952,65599
1261,65631
1495,65663
2080,65695
2378,65727
1805,65759
1576,65791
1689,65823
1513,65855
887,65887
953,65919
398,65951
591,65983
0,66015
246,66047
521,66079
330,66111
1035,66143
1162,66175
1033,66207
1727,66239
1465,66271
1767,66303
1917,66335
1661,66367
1529,66399
1584,66431
998,66463
845,66495
512,66527
361,66559
94,66591
0,66623
26,66655
230,66687
411,66719
713,66751
939,66783
1133,66815
1758,66847
2078,66879
1864,66911
2264,66943
1598,66975
1831,67007
1512,67039
1322,67071
1129,67103
464,67135
587,67167
394,67199
198,67231
4,67263
570,67295
832,67327
676,67359
894,67391
1483,67423
1401,67455
1580,67487
1808,67519
1866,67551
1592,67583
1755,67615
1563,67647
940,67679
680,67711
824,67743
648,67775
39,67807
220,67839
459,67871
745,67903
872,67935
1150,67967
1383,67999
1178,68031
1496,68063
2088,68095
1900,68127
2219,68159
1880,68191
1276,68223
1051,68255
806,68287
647,68319
776,68351
152,68383
1,68415
239,68447
169,68479
765,68511
558,68543
844,68575
1080,68607
1261,68639
1564,68671
1771,68703
1964,68735
2126,68767
1531,68799
1271,68831
1385,68863
745,68895
619,68927
696,68959
458,68991
263,69023
296,69055
555,69087
781,69119
1051,69151
1198,69183
1424,69215
1350,69247
1528,69279
2128,69311
2208,69343
1656,69375
1369,69407
1502,69439
1000,69471
732,69503
941,69535
317,69567
91,69599
0,69631
458,69663
299,69695
531,69727
1084,69759
1373,69791
1211,69823
1738,69855
2026,69887
2313,69919
1773,69951
1629,69983
1755,70015
1084,70047
1339,70079
1008,70111
429,70143
173,70175
0,70207
0,70239
462,70271
270,70303
600,70335
1102,70367
972,70399
1277,70431
1408,70463
1708,70495
1902,70527
1723,70559
1592,70591
1324,70623
1050,70655
895,70687
679,70719
412,70751
554,70783
0,70815
0,70847
506,70879
776,70911
989,70943
1147,70975
1417,71007
1693,71039
1468,71071
2075,71103
2314,71135
1669,71167
1424,71199
1562,71231
1371,71263
744,71295
512,71327
648,71359
119,71391
0,71423
395,71455
247,71487
436,71519
616,71551
1319,71583
1147,71615
1339,71647
1962,71679
2256,71711
1926,71743
2032,71775
1807,71807
1629,71839
1289,71871
742,71903
887,71935
232,71967
94,71999
184,72031
21,72063
216,72095
815,72127
694,72159
1323,72191
1127,72223
1419,72255
2028,72287
1848,72319
1880,72351
1934,72383
1376,72415
1535,72447
861,72479
697,72511
474,72543
205,72575
44,72607
0,72639
110,72671
717,72703
858,72735
796,72767
1360,72799
1641,72831
1512,72863
2064,72895
2298,72927
2183,72959
1866,72991
1672,73023
1432,73055
807,73087
928,73119
698,73151
510,73183
0,73215
221,73247
455,73279
380,73311
557,73343
871,73375
1095,73407
1280,73439
1464,73471
1787,73503
1979,73535
1708,73567
1919,73599
1277,73631
1051,73663
1161,73695
991,73727
376,73759
438,73791
0,73823
399,73855
155,73887
474,73919
1037,73951
840,73983
1068,74015
1680,74047
1547,74079
2265,74111
1839,74143
1672,74175
1806,74207
1144,74239
1015,74271
1068,74303
488,74335
330,74367
19,74399
0,74431
24,74463
220,74495
540,74527
740,74559
924,74591
1225,74623
1721,74655
1656,74687
2287,74719
2246,74751
1644,74783
1736,74815
1532,74847
1301,74879
992,74911
799,74943
607,74975
0,75007
170,75039
440,75071
704,75103
505,75135
1081,75167
1353,75199
1188,75231
1406,75263
1734,75295
1928,75327
1710,75359
1483,75391
1339,75423
1077,75455
796,75487
1051,75519
428,75551
168,75583
300,75615
344,75647
184,75679
736,75711
983,75743
1259,75775
1387,75807
1289,75839
1903,75871
1696,75903
2286,75935
2105,75967
1452,75999
1691,76031
1344,76063
774,76095
939,76127
295,76159
135,76191
250,76223
0,76255
264,76287
763,76319
681,76351
1279,76383
1068,76415
1364,76447
1603,76479
1787,76511
1943,76543
2014,76575
1436,76607
1593,76639
1017,76671
759,76703
862,76735
671,76767
105,76799
169,76831
392,76863
650,76895
800,76927
1071,76959
1295,76991
1575,77023
1723,77055
1950,77087
1869,77119
1774,77151
1913,77183
1400,77215
1134,77247
856,77279
985,77311
489,77343
230,77375
0,77407
0,77439
126,77471
326,77503
976,77535
811,77567
1035,77599
1609,77631
1911,77663
1725,77695
2269,77727
1772,77759
1981,77791
1248,77823
1406,77855
1227,77887
570,77919
823,77951
490,77983
0,78015
345,78047
108,78079
394,78111
986,78143
782,78175
1112,78207
1630,78239
1486,78271
1805,78303
1903,78335
1724,78367
1452,78399
1197,78431
1079,78463
1146,78495
540,78527
397,78559
167,78591
0,78623
367,78655
601,78687
488,78719
1021,78751
1280,78783
1515,78815
1674,78847
1947,78879
1853,78911
1836,78943
1978,78975
1776,79007
1136,79039
910,79071
1039,79103
517,79135
236,79167
10,79199
121,79231
44,79263
208,79295
443,79327
759,79359
950,79391
1118,79423
1847,79455
1676,79487
1865,79519
2208,79551
2046,79583
1398,79615
1502,79647
1277,79679
1101,79711
780,79743
588,79775
363,79807
0,79839
136,79871
697,79903
525,79935
1207,79967
1336,79999
1208,80031
1851,80063
1644,80095
1945,80127
2160,80159
1512,80191
1355,80223
1406,80255
870,80287
602,80319
350,80351
184,80383
284,80415
0,80447
203,80479
398,80511
622,80543
1231,80575
1115,80607
1306,80639
1896,80671
2171,80703
1996,80735
2088,80767
1850,80799
1647,80831
1338,80863
1147,80895
911,80927
298,80959
416,80991
184,81023
0,81055
169,81087
736,81119
967,81151
888,81183
1066,81215
1661,81247
1609,81279
1806,81311
1832,81343
1691,81375
1451,81407
1190,81439
1389,81471
764,81503
540,81535
647,81567
473,81599
0,81631
362,81663
639,81695
923,81727
670,81759
983,81791
1561,81823
1352,81855
2088,81887
2208,81919
1802,81951
2041,81983
1311,82015
1147,82047
1278,82079
633,82111
503,82143
558,82175
0,82207
0,82239
55,82271
342,82303
942,82335
731,82367
1052,82399
1254,82431
1434,82463
1751,82495
1981,82527
1788,82559
1949,82591
1709,82623
1128,82655
1211,82687
1018,82719
780,82751
477,82783
286,82815
301,82847
111,82879
686,82911
956,82943
792,82975
1007,83007
1600,83039
1884,83071
1704,83103
1887,83135
2030,83167
1479,83199
1194,83231
968,83263
824,83295
567,83327
293,83359
525,83391
0,83423
0,83455
575,83487
859,83519
696,83551
1260,83583
1497,83615
1787,83647
1917,83679
1818,83711
2281,83743
1599,83775
1453,83807
1568,83839
936,83871
1163,83903
832,83935
263,83967
423,83999
0,84031
59,84063
282,84095
473,84127
672,84159
1277,84191
1189,84223
1815,84255
1595,84287
1885,84319
1849,84351
1564,84383
1415,84415
1148,84447
920,84479
1071,84511
505,84543
237,84575
348,84607
251,84639
143,84671
680,84703
906,84735
1167,84767
1322,84799
1596,84831
1824,84863
1646,84895
2255,84927
2089,84959
1542,84991
1260,85023
1385,85055
1150,85087
622,85119
345,85151
463,85183
0,85215
0,85247
106,85279
411,85311
645,85343
836,85375
1487,85407
1321,85439
1559,85471
2140,85503
2395,85535
1741,85567
1818,85599
1255,85631
1451,85663
734,85695
892,85727
712,85759
61,85791
299,85823
312,85855
189,85887
861,85919
618,85951
906,85983
1096,86015
1294,86047
1627,86079
2158,86111
1853,86143
1705,86175
1371,86207
1207,86239
937,86271
684,86303
556,86335
299,86367
31,86399
0,86431
91,86463
295,86495
892,86527
1113,86559
999,86591
1536,86623
1818,86655
2045,86687
2201,86719
2201,86751
1999,86783
1310,86815
1449,86847
1258,86879
632,86911
408,86943
524,86975
335,87007
0,87039
47,87071
637,87103
553,87135
720,87167
958,87199
1271,87231
1462,87263
2089,87295
2379,87327
1803,87359
1528,87391
1676,87423
1511,87455
884,87487
984,87519
763,87551
587,87583
254,87615
288,87647
525,87679
332,87711
647,87743
1210,87775
1024,87807
1735,87839
1864,87871
1733,87903
1916,87935
1660,87967
1484,87999
1630,88031
996,88063
840,88095
889,88127
350,88159
90,88191
0,88223
8,88255
558,88287
411,88319
715,88351
919,88383
1145,88415
1757,88447
1639,88479
1833,88511
2268,88543
2061,88575
1470,88607
1550,88639
1312,88671
1127,88703
826,88735
634,88767
396,88799
0,88831
349,88863
572,88895
492,88927
669,88959
1256,88991
1484,89023
1404,89055
1584,89087
2189,89119
1865,89151
1592,89183
1805,89215
1165,89247
938,89279
668,89311
876,89343
262,89375
37,89407
224,89439
511,89471
360,89503
874,89535
1147,89567
1439,89599
1181,89631
1499,89663
2089,89695
1882,89727
2216,89759
1872,89791
1273,89823
1023,89855
798,89887
635,89919
766,89951
123,89983
0,90015
252,90047
136,90079
335,90111
567,90143
854,90175
1466,90207
1244,90239
1577,90271
1772,90303
1916,90335
1757,90367
1528,90399
1260,90431
1420,90463
744,90495
616,90527
696,90559
492,90591
251,90623
298,90655
557,90687
825,90719
619,90751
1209,90783
1471,90815
1294,90847
1528,90879
2137,90911
2185,90943
1596,90975
1359,91007
1498,91039
957,91071
681,91103
937,91135
313,91167
52,91199
0,91231
459,91263
298,91295
499,91327
1087,91359
1373,91391
1209,91423
1785,91455
2028,91487
2326,91519
2168,91551
1594,91583
1751,91615
1081,91647
938,91679
1052,91711
426,91743
174,91775
316,91807
0,91839
463,91871
272,91903
571,91935
1162,91967
983,91999
1194,92031
1805,92063
1719,92095
2349,92127
1720,92159
1548,92191
1325,92223
1051,92255
894,92287
637,92319
412,92351
553,92383
249,92415
0,92447
512,92479
768,92511
663,92543
1194,92575
1420,92607
1693,92639
1850,92671
2125,92703
2301,92735
1660,92767
1800,92799
1561,92831
1018,92863
744,92895
862,92927
637,92959
110,92991
0,93023
23,93055
247,93087
440,93119
616,93151
925,93183
1148,93215
1350,93247
2025,93279
1848,93311
1916,93343
2029,93375
1865,93407
1223,93439
1289,93471
741,93503
939,93535
224,93567
90,93599
173,93631
2,93663
220,93695
824,93727
697,93759
1375,93791
1130,93823
1420,93855
2030,93887
1820,93919
1879,93951
1934,93983
1335,94015
1181,94047
859,94079
694,94111
427,94143
172,94175
44,94207
0,94239
77,94271
377,94303
861,94335
798,94367
1406,94399
1641,94431
1512,94463
2074,94495
2348,94527
2181,94559
1856,94591
1664,94623
1469,94655
805,94687
926,94719
735,94751
130,94783
0,94815
224,94847
493,94879
334,94911
558,94943
874,94975
1065,95007
1242,95039
1466,95071
1799,95103
1943,95135
1647,95167
1917,95199
1276,95231
1015,95263
1161,95295
987,95327
372,95359
468,95391
237,95423
407,95455
535,95487
443,95519
1039,95551
843,95583
1451,95615
1740,95647
1552,95679
2267,95711
2224,95743
1624,95775
1805,95807
1134,95839
971,95871
1104,95903
484,95935
328,95967
380,95999
0,96031
29,96063
223,96095
510,96127
744,96159
926,96191
1226,96223
1771,96255
1658,96287
2287,96319
1881,96351
1611,96383
1726,96415
1527,96447
953,96479
1024,96511
812,96543
604,96575
303,96607
208,96639
443,96671
283,96703
864,96735
1086,96767
1356,96799
1183,96831
1776,96863
1738,96895
1930,96927
1708,96959
1848,96991
1336,97023
1066,97055
794,97087
652,97119
426,97151
168,97183
351,97215
0,97247
186,97279
747,97311
1033,97343
875,97375
1392,97407
1293,97439
1965,97471
1706,97503
2284,97535
2095,97567
1420,97599
1687,97631
1344,97663
762,97695
987,97727
285,97759
132,97791
250,97823
0,97855
267,97887
768,97919
645,97951
847,97983
1175,98015
1368,98047
1560,98079
1770,98111
1933,98143
2014,98175
1386,98207
1231,98239
1015,98271
748,98303
896,98335
669,98367
105,98399
167,98431
426,98463
651,98495
809,98527
1081,98559
1343,98591
1132,98623
1727,98655
1998,98687
2288,98719
1772,98751
1911,98783
1357,98815
1080,98847
847,98879
976,98911
444,98943
172,98975
0,99007
0,99039
103,99071
280,99103
973,99135
820,99167
1003,99199
1612,99231
1911,99263
1736,99295
2316,99327
2157,99359
1979,99391
1631,99423
1450,99455
1223,99487
569,99519
427,99551
528,99583
0,99615
347,99647
475,99679
361,99711
985,99743
790,99775
1081,99807
1678,99839
1496,99871
1712,99903
1959,99935
1719,99967
1883,99999
1195,100031
1032,100063
1144,100095
539,100127
382,100159
125,100191
0,100223
365,100255
269,100287
457,100319
1022,100351
1293,100383
1175,100415
1721,100447
1950,100479
2222,100511
2208,100543
2013,100575
1775,100607
1591,100639
1272,100671
1036,100703
506,100735
232,100767
350,100799
107,100831
46,100863
222,100895
799,100927
761,100959
952,100991
1127,101023
1447,101055
1673,101087
1867,101119
2269,101151
1623,101183
1696,101215
1501,101247
1327,101279
703,101311
768,101343
589,101375
415,101407
0,101439
138,101471
699,101503
496,101535
1208,101567
1340,101599
1208,101631
1913,101663
1647,101695
1948,101727
2160,101759
1482,101791
1351,101823
1085,101855
816,101887
669,101919
347,101951
182,101983
316,102015
0,102047
202,102079
407,102111
588,102143
889,102175
1128,102207
1308,102239
1934,102271
2171,102303
1992,102335
2080,102367
1884,102399
1643,102431
1327,102463
1136,102495
953,102527
295,102559
412,102591
219,102623
0,102655
171,102687
736,102719
1016,102751
844,102783
1068,102815
1674,102847
1577,102879
1766,102911
1822,102943
1536,102975
1413,103007
1132,103039
1387,103071
764,103103
878,103135
639,103167
472,103199
0,103231
400,103263
649,103295
924,103327
1051,103359
952,103391
1563,103423
1355,103455
1676,103487
2268,103519
1790,103551
2039,103583
1694,103615
1095,103647
1277,103679
622,103711
471,103743
236,103775
0,103807
0,103839
424,103871
346,103903
941,103935
744,103967
1022,103999
1256,104031
1440,104063
1752,104095
1951,104127
1787,104159
1945,104191
1353,104223
1086,104255
1200,104287
1007,104319
443,104351
523,104383
0,104415
311,104447
464,104479
735,104511
958,104543
792,104575
1375,104607
1609,104639
1886,104671
1707,104703
2264,104735
2027,104767
1470,104799
1184,104831
1323,104863
823,104895
558,104927
282,104959
139,104991
0,105023
359,105055
637,105087
475,105119
699,105151
1263,105183
1561,105215
1387,105247
1920,105279
1820,105311
2333,105343
1598,105375
1758,105407
1567,105439
906,105471
1161,105503
830,105535
250,105567
471,105599
0,105631
67,105663
250,105695
444,105727
775,105759
1280,105791
1157,105823
1463,105855
1594,105887
1884,105919
1800,105951
1536,105983
1403,106015
1154,106047
872,106079
727,106111
493,106143
236,106175
380,106207
251,106239
151,106271
682,106303
505,106335
1176,106367
1324,106399
1599,106431
1881,106463
1656,106495
2265,106527
2128,106559
1944,106591
1247,106623
1384,106655
1194,106687
568,106719
346,106751
460,106783
0,106815
0,106847
108,106879
424,106911
615,106943
1215,106975
1495,107007
1325,107039
1524,107071
2141,107103
2392,107135
1738,107167
1854,107199
1627,107231
1438,107263
1117,107295
928,107327
701,107359
59,107391
0,107423
352,107455
190,107487
875,107519
991,107551
870,107583
1099,107615
1304,107647
1607,107679
2206,107711
1853,107743
1693,107775
1755,107807
1197,107839
1353,107871
682,107903
512,107935
299,107967
31,107999
0,108031
62,108063
293,108095
893,108127
779,108159
969,108191
1547,108223
1356,108255
1693,108287
2250,108319
2192,108351
1995,108383
1676,108415
1486,108447
1248,108479
1065,108511
760,108543
512,108575
3,108607
0,108639
398,108671
633,108703
554,108735
731,108767
1320,108799
1273,108831
1455,108863
2153,108895
1974,108927
1800,108959
1528,108991
1737,109023
1100,109055
875,109087
984,109119
811,109151
191,109183
253,109215
299,109247
576,109279
333,109311
651,109343
1215,109375
1019,109407
1736,109439
1866,109471
1735,109503
1887,109535
1657,109567
1484,109599
1628,109631
966,109663
830,109695
894,109727
312,109759
155,109791
0,109823
17,109855
190,109887
396,109919
716,109951
918,109983
1098,110015
1407,110047
1639,110079
1834,110111
2300,110143
1594,110175
1464,110207
1536,110239
1354,110271
1126,110303
813,110335
620,110367
431,110399
0,110431
349,110463
616,110495
455,110527
682,110559
1260,110591
1532,110623
1356,110655
1583,110687
2192,110719
1818,110751
1530,110783
1800,110815
1161,110847
894,110879
620,110911
875,110943
249,110975
0,111007
232,111039
512,111071
362,111103
924,111135
1161,111167
1437,111199
1568,111231
1468,111263
2093,111295
1883,111327
1800,111359
1918,111391
1264,111423
1021,111455
1178,111487
590,111519
763,111551
112,111583
0,111615
298,111647
138,111679
439,111711
941,111743
856,111775
1465,111807
1247,111839
1546,111871
1784,111903
1914,111935
1756,111967
1495,111999
1258,112031
1417,112063
1096,112095
574,112127
696,112159
495,112191
0,112223
334,112255
569,112287
827,112319
984,112351
1248,112383
1483,112415
1306,112447
1911,112479
2128,112511
2240,112543
1594,112575
1723,112607
1488,112639
956,112671
681,112703
539,112735
312,112767
48,112799
0,112831
91,112863
309,112895
492,112927
1151,112959
985,112991
1211,113023
1792,113055
2093,113087
1915,113119
2160,113151
1594,113183
1801,113215
1072,113247
936,113279
1050,113311
395,113343
171,113375
314,113407
0,113439
525,113471
281,113503
579,113535
1162,113567
956,113599
1289,113631
1808,113663
1674,113695
1991,113727
1720,113759
1545,113791
1272,113823
1020,113855
892,113887
634,113919
364,113951
207,113983
236,114015
0,114047
544,114079
778,114111
663,114143
1196,114175
1468,114207
1703,114239
1852,114271
2135,114303
2351,114335
1658,114367
1789,114399
1599,114431
1408,114463
735,114495
862,114527
672,114559
61,114591
0,114623
25,114655
227,114687
393,114719
619,114751
935,114783
1127,114815
1294,114847
2027,114879
1853,114911
1877,114943
2028,114975
1321,115007
1212,115039
1322,115071
1101,115103
925,115135
604,115167
52,115199
171,115231
3,115263
601,115295
874,115327
701,115359
1387,115391
1515,115423
1384,115455
2039,115487
1832,115519
1836,115551
1978,115583
1327,115615
1176,115647
1226,115679
685,115711
831,115743
172,115775
16,115807
0,115839
88,115871
379,115903
907,115935
796,115967
1417,115999
1293,116031
1485,116063
2076,116095
2349,116127
1817,116159
1901,116191
1660,116223
1467,116255
1152,116287
968,116319
734,116351
549,116383
236,116415
234,116447
168,116479
344,116511
920,116543
885,116575
1070,116607
1242,116639
1840,116671
1788,116703
1934,116735
1646,116767
1499,116799
1272,116831
1005,116863
1211,116895
591,116927
370,116959
463,116991
295,117023
24,117055
538,117087
455,117119
1099,117151
845,117183
1456,117215
1753,117247
1532,117279
2268,117311
2220,117343
1612,117375
1854,117407
1135,117439
969,117471
1102,117503
456,117535
328,117567
378,117599
0,117631
103,117663
224,117695
519,117727
712,117759
908,117791
1229,117823
1774,117855
1612,117887
1933,117919
1879,117951
1608,117983
1769,118015
1529,118047
952,118079
1024,118111
840,118143
601,118175
300,118207
219,118239
494,118271
295,118303
864,118335
1132,118367
966,118399
1183,118431
1787,118463
1705,118495
1884,118527
1708,118559
1850,118591
1294,118623
1018,118655
796,118687
651,118719
380,118751
110,118783
348,118815
0,118847
165,118879
752,118911
1037,118943
874,118975
1437,119007
1679,119039
1974,119071
2104,119103
2330,119135
2093,119167
1417,119199
1274,119231
1388,119263
761,119295
983,119327
655,119359
85,119391
237,119423
0,119455
235,119487
814,119519
648,119551
951,119583
1454,119615
1371,119647
1562,119679
1773,119711
1895,119743
2010,119775
1388,119807
1227,119839
973,119871
747,119903
893,119935
329,119967
71,119999
158,120031
429,120063
327,120095
856,120127
1081,120159
1351,120191
1500,120223
1775,120255
2009,120287
1833,120319
2140,120351
1902,120383
1354,120415
1072,120447
1208,120479
974,120511
442,120543
172,120575
286,120607
0,120639
104,120671
282,120703
597,120735
819,120767
1003,120799
1679,120831
1499,120863
1737,120895
2319,120927
2215,120959
1563,120991
1632,121023
1449,121055
1273,121087
567,121119
426,121151
528,121183
0,121215
348,121247
480,121279
363,121311
1039,121343
793,121375
1084,121407
1689,121439
1480,121471
1815,121503
2284,121535
1676,121567
1420,121599
1194,121631
1031,121663
1168,121695
506,121727
378,121759
132,121791
0,121823
45,121855
268,121887
460,121919
1068,121951
1295,121983
1178,122015
1725,122047
1998,122079
2232,122111
2204,122143
2010,122175
1819,122207
1132,122239
1261,122271
1080,122303
456,122335
236,122367
348,122399
152,122431
6,122463
223,122495
800,122527
727,122559
906,122591
1132,122623
1448,122655
1640,122687
1830,122719
2267,122751
1623,122783
1352,122815
1497,122847
1325,122879
710,122911
809,122943
589,122975
407,123007
190,123039
114,123071
703,123103
506,123135
823,123167
1388,123199
1212,123231
1915,123263
2044,123295
1911,123327
2153,123359
1480,123391
1308,123423
1084,123455
816,123487
571,123519
714,123551
174,123583
313,123615
0,123647
184,123679
410,123711
591,123743
891,123775
1085,123807
1318,123839
1945,123871
1817,123903
1959,123935
2078,123967
1879,123999
1291,124031
1371,124063
1136,124095
941,124127
638,124159
446,124191
215,124223
0,124255
524,124287
748,124319
670,124351
848,124383
1434,124415
1678,124447
1583,124479
1759,124511
2200,124543
1683,124575
1406,124607
1130,124639
987,124671
760,124703
492,124735
697,124767
75,124799
0,124831
409,124863
701,124895
539,124927
1052,124959
958,124991
1625,125023
1359,125055
1984,125087
2271,125119
1772,125151
2028,125183
1693,125215
1087,125247
1325,125279
622,125311
462,125343
190,125375
0,125407
0,125439
430,125471
312,125503
607,125535
736,125567
1032,125599
1213,125631
1424,125663
1755,125695
1961,125727
1726,125759
1590,125791
1351,125823
1085,125855
1230,125887
1007,125919
439,125951
510,125983
314,126015
313,126047
476,126079
744,126111
1003,126143
798,126175
1385,126207
1656,126239
1480,126271
1708,126303
2255,126335
2063,126367
1416,126399
1183,126431
1320,126463
780,126495
508,126527
281,126559
137,126591
0,126623
361,126655
635,126687
474,126719
667,126751
1271,126783
1563,126815
1386,126847
1966,126879
2217,126911
2328,126943
1980,126975
1792,127007
1565,127039
904,127071
759,127103
873,127135
250,127167
459,127199
123,127231
27,127263
253,127295
447,127327
744,127359
1328,127391
1161,127423
1463,127455
1992,127487
1897,127519
1792,127551
1532,127583
1368,127615
1482,127647
874,127679
717,127711
459,127743
236,127775
378,127807
0,127839
123,127871
684,127903
953,127935
839,127967
1372,127999
1608,128031
1879,128063
2030,128095
2312,128127
2125,128159
1480,128191
1612,128223
1368,128255
842,128287
568,128319
680,128351
459,128383
0,128415
0,128447
460,128479
423,128511
622,128543
1273,128575
1099,128607
1334,128639
1526,128671
2216,128703
1966,128735
1735,128767
1851,128799
1677,128831
1038,128863
1112,128895
925,128927
751,128959
54,128991
0,129023
363,129055
170,129087
875,129119
1001,129151
873,129183
1080,129215
1307,129247
1606,129279
2218,129311
1830,129343
1691,129375
1754,129407
1150,129439
912,129471
672,129503
506,129535
663,129567
5,129599
0,129631
72,129663
252,129695
553,129727
779,129759
972,129791
1593,129823
1359,129855
1703,129887
2254,129919
2234,129951
1991,129983
1676,130015
1482,130047
1290,130079
621,130111
750,130143
566,130175
0,130207
0,130239
408,130271
672,130303
516,130335
732,130367
1323,130399
1240,130431
1418,130463
2155,130495
1976,130527
1755,130559
1476,130591
1735,130623
1099,130655
839,130687
975,130719
809,130751
184,130783
286,130815
299,130847
587,130879
714,130911
621,130943
1216,130975
1017,131007
1335,131039
1916,131071
1737,131103
1884,131135
2044,131167
1437,131199
1625,131231
957,131263
796,131295
928,131327
302,131359
60,131391
189,131423
16,131455
601,131487
398,131519
695,131551
919,131583
1102,131615
1404,131647
1609,131679
1838,131711
2297,131743
1964,131775
1431,131807
1547,131839
1343,131871
777,131903
857,131935
622,131967
427,131999
119,132031
398,132063
619,132095
459,132127
1039,132159
1264,132191
1189,132223
1359,132255
1964,132287
2202,132319
1828,132351
1528,132383
1387,132415
1159,132447
892,132479
618,132511
475,132543
248,132575
0,132607
288,132639
139,132671
373,132703
926,132735
1213,132767
1048,132799
1578,132831
1478,132863
2155,132895
1884,132927
1798,132959
1915,132991
1242,133023
1018,133055
1166,133087
587,133119
811,133151
109,133183
0,133215
302,133247
110,133279
440,133311
944,133343
814,133375
1117,133407
1256,133439
1545,133471
1738,133503
1887,133535
1752,133567
1484,133599
1210,133631
1055,133663
1087,133695
572,133727
715,133759
489,133791
0,133823
346,133855
605,133887
830,133919
976,133951
1259,133983
1533,134015
1308,134047
1914,134079
2187,134111
1822,134143
1593,134175
1724,134207
1532,134239
906,134271
671,134303
536,134335
270,134367
4,134399
0,134431
88,134463
280,134495
454,134527
1149,134559
986,134591
1176,134623
1791,134655
2103,134687
1926,134719
2203,134751
1977,134783
1797,134815
1454,134847
893,134879
1040,134911
392,134943
539,134975
352,135007
0,135039
533,135071
663,135103
534,135135
1163,135167
968,135199
1259,135231
1856,135263
1678,135295
1993,135327
2104,135359
1534,135391
1274,135423
1022,135455
856,135487
632,135519
366,135551
215,135583
268,135615
0,135647
553,135679
445,135711
631,135743
1200,135775
1470,135807
1353,135839
1901,135871
2136,135903
2346,135935
2031,135967
1834,135999
1595,136031
957,136063
1096,136095
858,136127
670,136159
58,136191
160,136223
27,136255
228,136287
398,136319
975,136351
936,136383
1127,136415
1304,136447
1627,136479
1862,136511
1868,136543
2091,136575
1446,136607
1210,136639
1323,136671
1151,136703
533,136735
591,136767
44,136799
221,136831
8,136863
602,136895
877,136927
678,136959
1389,136991
1518,137023
1385,137055
2094,137087
1833,137119
1834,137151
1977,137183
1305,137215
1166,137247
1228,137279
647,137311
396,137343
266,137375
2,137407
0,137439
60,137471
380,137503
910,137535
762,137567
1067,137599
1292,137631
1484,137663
2127,137695
2359,137727
1816,137759
1897,137791
1706,137823
1465,137855
1150,137887
967,137919
777,137951
119,137983
234,138015
272,138047
554,138079
347,138111
924,138143
844,138175
1020,138207
1246,138239
1852,138271
1767,138303
1872,138335
1644,138367
1499,138399
1238,138431
954,138463
1211,138495
586,138527
327,138559
460,138591
284,138623
25,138655
585,138687
815,138719
1099,138751
1226,138783
1514,138815
1743,138847
1532,138879
1863,138911
2268,138943
1612,138975
1851,139007
1513,139039
1247,139071
1099,139103
446,139135
284,139167
412,139199
0,139231
9,139263
297,139295
521,139327
1127,139359
910,139391
1207,139423
1776,139455
1625,139487
1932,139519
1847,139551
1596,139583
1758,139615
1177,139647
908,139679
1020,139711
831,139743
265,139775
334,139807
220,139839
489,139871
640,139903
910,139935
1136,139967
1415,139999
1562,140031
1789,140063
1708,140095
1884,140127
2076,140159
1839,140191
1293,140223
1008,140255
1144,140287
649,140319
380,140351
110,140383
0,140415
0,140447
168,140479
815,140511
651,140543
1177,140575
1448,140607
1741,140639
1564,140671
2106,140703
2329,140735
2151,140767
1416,140799
1274,140831
1387,140863
729,140895
983,140927
651,140959
79,140991
285,141023
0,141055
236,141087
826,141119
624,141151
952,141183
1145,141215
1326,141247
1643,141279
1773,141311
1895,141343
2047,141375
1356,141407
1228,141439
968,141471
700,141503
553,141535
327,141567
58,141599
188,141631
441,141663
329,141695
862,141727
1132,141759
1351,141791
1502,141823
1785,141855
2048,141887
1835,141919
2140,141951
1946,141983
1304,142015
1071,142047
1198,142079
1016,142111
396,142143
169,142175
286,142207
0,142239
61,142271
287,142303
597,142335
788,142367
965,142399
1675,142431
1508,142463
2104,142495
2329,142527
2204,142559
1560,142591
1664,142623
1440,142655
1271,142687
939,142719
392,142751
525,142783
0,142815
0,142847
528,142879
364,142911
1038,142943
1176,142975
1047,143007
1689,143039
1481,143071
1783,143103
1946,143135
1673,143167
1511,143199
1568,143231
1020,143263
1177,143295
508,143327
344,143359
120,143391
0,143423
42,143455
237,143487
472,143519
1069,143551
955,143583
1147,143615
1728,143647
2005,143679
1881,143711
2248,143743
1638,143775
1815,143807
1497,143839
1308,143871
1071,143903
456,143935
584,143967
336,143999
152,144031
18,144063
584,144095
808,144127
730,144159
907,144191
1498,144223
1452,144255
1643,144287
1831,144319
1851,144351
1620,144383
1739,144415
1549,144447
923,144479
698,144511
800,144543
634,144575
22,144607
188,144639
111,144671
760,144703
507,144735
1118,144767
1391,144799
1193,144831
1917,144863
2047,144895
1913,144927
2205,144959
1470,144991
1309,145023
1036,145055
784,145087
663,145119
714,145151
136,145183
0,145215
0,145247
184,145279
375,145311
573,145343
893,145375
1094,145407
1276,145439
1581,145471
1819,145503
1958,145535
2112,145567
1879,145599
1287,145631
1369,145663
728,145695
939,145727
636,145759
444,145791
251,145823
0,145855
528,145887
795,145919
1068,145951
856,145983
1436,146015
1721,146047
1534,146079
1769,146111
2190,146143
1640,146175
1354,146207
1126,146239
983,146271
724,146303
873,146335
695,146367
83,146399
0,146431
413,146463
699,146495
538,146527
1098,146559
1339,146591
1627,146623
1755,146655
2044,146687
2281,146719
1757,146751
1621,146783
1738,146815
1085,146847
1325,146879
989,146911
419,146943
187,146975
0,147007
0,147039
478,147071
313,147103
615,147135
1118,147167
1033,147199
1645,147231
1422,147263
1724,147295
1962,147327
1728,147359
1575,147391
1308,147423
1080,147455
1231,147487
665,147519
407,147551
508,147583
0,147615
0,147647
512,147679
746,147711
1005,147743
1163,147775
1434,147807
1661,147839
1945,147871
2092,147903
2252,147935
1703,147967
1416,147999
1548,148031
1311,148063
781,148095
496,148127
624,148159
136,148191
0,148223
413,148255
254,148287
487,148319
678,148351
1327,148383
1163,148415
1395,148447
1977,148479
2271,148511
1911,148543
1977,148575
1801,148607
1615,148639
894,148671
760,148703
863,148735
216,148767
459,148799
127,148831
38,148863
234,148895
456,148927
747,148959
1340,148991
1144,149023
1467,149055
1996,149087
1862,149119
1867,149151
1533,149183
1368,149215
1098,149247
844,149279
715,149311
457,149343
188,149375
30,149407
0,149439
132,149471
730,149503
511,149535
841,149567
1376,149599
1656,149631
1883,149663
2032,149695
2315,149727
2169,149759
1472,149791
1611,149823
1416,149855
784,149887
558,149919
686,149951
494,149983
0,150015
0,150047
472,150079
393,150111
570,150143
1277,150175
1110,150207
1300,150239
1480,150271
2216,150303
1972,150335
1691,150367
1847,150399
1675,150431
1036,150463
1147,150495
925,150527
747,150559
416,150591
0,150623
363,150655
172,150687
487,150719
1052,150751
878,150783
1085,150815
1695,150847
1562,150879
2221,150911
1822,150943
1655,150975
1792,151007
1149,151039
989,151071
633,151103
507,151135
653,151167
4,151199
0,151231
75,151263
255,151295
555,151327
759,151359
972,151391
1593,151423
1738,151455
1663,151487
2264,151519
2231,151551
1629,151583
1720,151615
1480,151647
1278,151679
972,151711
793,151743
558,151775
0,151807
187,151839
411,151871
682,151903
511,151935
1096,151967
1324,151999
1250,152031
1418,152063
1751,152095
1979,152127
1753,152159
1466,152191
1323,152223
1095,152255
836,152287
1036,152319
413,152351
184,152383
283,152415
357,152447
197,152479
717,152511
622,152543
1275,152575
1022,152607
1339,152639
1919,152671
1710,152703
1882,152735
2040,152767
1435,152799
1675,152831
954,152863
796,152895
928,152927
272,152959
151,152991
190,153023
0,153055
271,153087
398,153119
695,153151
887,153183
1082,153215
1415,153247
1612,153279
1803,153311
1929,153343
1963,153375
1422,153407
1580,153439
1351,153471
775,153503
848,153535
654,153567
414,153599
123,153631
398,153663
667,153695
461,153727
1049,153759
1310,153791
1594,153823
1371,153855
1967,153887
2250,153919
1768,153951
1520,153983
1384,154015
1127,154047
842,154079
615,154111
472,154143
215,154175
0,154207
299,154239
148,154271
339,154303
927,154335
1213,154367
1050,154399
1616,154431
1867,154463
2155,154495
2285,154527
1756,154559
1915,154591
1242,154623
1391,154655
1212,154687
586,154719
811,154751
477,154783
0,154815
313,154847
122,154879
410,154911
992,154943
825,154975
1127,155007
1643,155039
1548,155071
2183,155103
1883,155135
1709,155167
1481,155199
1210,155231
1052,155263
1127,155295
570,155327
717,155359
153,155391
0,155423
347,155455
605,155487
503,155519
1034,155551
1260,155583
1531,155615
1688,155647
1962,155679
2191,155711
2283,155743
1961,155775
1722,155807
1177,155839
903,155871
1021,155903
535,155935
270,155967
3,155999
111,156031
90,156063
279,156095
456,156127
765,156159
989,156191
1180,156223
1863,156255
1687,156287
1916,156319
2199,156351
2027,156383
1375,156415
1449,156447
893,156479
1087,156511
384,156543
538,156575
351,156607
0,156639
535,156671
666,156703
539,156735
1215,156767
967,156799
1259,156831
1870,156863
1660,156895
1995,156927
2106,156959
1487,156991
1339,157023
1017,157055
854,157087
586,157119
333,157151
200,157183
268,157215
0,157247
215,157279
443,157311
644,157343
1246,157375
1481,157407
1353,157439
1903,157471
2187,157503
2343,157535
2025,157567
1833,157599
1632,157631
958,157663
1087,157695
903,157727
280,157759
48,157791
166,157823
9,157855
175,157887
400,157919
984,157951
904,157983
1082,158015
1307,158047
1627,158079
1821,158111
1816,158143
2087,158175
1436,158207
1173,158239
1320,158271
1147,158303
531,158335
634,158367
409,158399
235,158431
377,158463
650,158495
879,158527
684,158559
998,158591
1576,158623
1388,158655
2104,158687
2224,158719
1785,158751
1975,158783
1295,158815
1132,158847
1264,158879
646,158911
488,158943
538,158975
5,159007
0,159039
62,159071
350,159103
912,159135
766,159167
1067,159199
1271,159231
1496,159263
2125,159295
1997,159327
1769,159359
1888,159391
1693,159423
1113,159455
1194,159487
958,159519
763,159551
460,159583
267,159615
283,159647
128,159679
702,159711
925,159743
854,159775
1022,159807
1611,159839
1852,159871
1769,159903
1871,159935
2022,159967
1497,159999
1226,160031
952,160063
811,160095
585,160127
325,160159
512,160191
0,160223
29,160255
591,160287
877,160319
711,160351
1232,160383
1515,160415
1805,160447
1544,160479
1866,160511
2267,160543
1583,160575
1848,160607
1504,160639
921,160671
1147,160703
446,160735
282,160767
410,160799
0,160831
105,160863
608,160895
486,160927
696,160959
911,160991
1206,161023
1831,161055
1608,161087
1943,161119
1834,161151
1550,161183
1399,161215
1166,161247
906,161279
1056,161311
827,161343
254,161375
330,161407
266,161439
491,161471
649,161503
920,161535
1182,161567
971,161599
1564,161631
1837,161663
1668,161695
1888,161727
2064,161759
1885,161791
1240,161823
1004,161855
1135,161887
611,161919
332,161951
104,161983
0,162015
0,162047
112,162079
823,162111
652,162143
841,162175
1449,162207
1741,162239
1574,162271
2155,162303
2325,162335
2140,162367
1803,162399
1236,162431
1383,162463
728,162495
584,162527
688,162559
76,162591
283,162623
315,162655
202,162687
827,162719
633,162751
923,162783
1148,162815
1339,162847
1547,162879
2173,162911
1885,162943
2045,162975
1355,163007
1192,163039
966,163071
698,163103
376,163135
285,163167
56,163199
205,163231
107,163263
299,163295
864,163327
1131,163359
1015,163391
1552,163423
1786,163455
2060,163487
2222,163519
2185,163551
1944,163583
1296,163615
1432,163647
1196,163679
667,163711
384,163743
507,163775
282,163807
0,163839
63,163871
650,163903
599,163935
790,163967
968,163999
1285,164031
1511,164063
1708,164095
2395,164127
1786,164159
1549,164191
1664,164223
1496,164255
868,164287
928,164319
388,164351
571,164383
0,164415
268,164447
539,164479
345,164511
1051,164543
1176,164575
1051,164607
1751,164639
1484,164671
1787,164703
1900,164735
1644,164767
1511,164799
1568,164831
971,164863
825,164895
505,164927
332,164959
75,164991
0,165023
45,165055
246,165087
428,165119
730,165151
957,165183
1158,165215
1774,165247
2009,165279
1880,165311
2240,165343
2046,165375
1805,165407
1488,165439
1310,165471
1113,165503
446,165535
574,165567
382,165599
0,165631
21,165663
576,165695
857,165727
686,165759
911,165791
1500,165823
1417,165855
1598,165887
1833,165919
1847,165951
1574,165983
1739,166015
1547,166047
923,166079
663,166111
799,166143
631,166175
20,166207
236,166239
479,166271
763,166303
891,166335
1168,166367
1401,166399
1195,166431
1514,166463
2105,166495
1918,166527
2203,166559
1864,166591
1258,166623
1036,166655
782,166687
619,166719
750,166751
135,166783
0,166815
265,166847
184,166879
382,166911
574,166943
871,166975
1434,167007
1279,167039
1592,167071
1788,167103
1946,167135
2109,167167
1515,167199
1243,167231
1368,167263
1167,167295
601,167327
672,167359
444,167391
237,167423
312,167455
575,167487
800,167519
634,167551
1216,167583
1440,167615
1368,167647
1535,167679
2151,167711
2188,167743
1636,167775
1343,167807
1484,167839
982,167871
715,167903
923,167935
299,167967
72,167999
0,168031
475,168063
315,168095
541,168127
1099,168159
1399,168191
1227,168223
1759,168255
2045,168287
2335,168319
1757,168351
1613,168383
1727,168415
1066,168447
1323,168479
986,168511
411,168543
157,168575
0,168607
0,168639
478,168671
296,168703
617,168735
1128,168767
998,168799
1199,168831
1434,168863
1733,168895
2362,168927
1708,168959
1575,168991
1306,169023
1034,169055
887,169087
663,169119
397,169151
540,169183
0,169215
1,169247
512,169279
792,169311
1013,169343
1165,169375
1435,169407
1710,169439
1486,169471
2095,169503
2296,169535
1644,169567
1419,169599
1536,169631
1353,169663
728,169695
496,169727
621,169759
98,169791
0,169823
423,169855
263,169887
452,169919
630,169951
1339,169983
1173,170015
1363,170047
1977,170079
2280,170111
1909,170143
2014,170175
1789,170207
1611,170239
1274,170271
724,170303
863,170335
216,170367
75,170399
187,170431
38,170463
235,170495
832,170527
712,170559
1341,170591
1146,170623
1447,170655
2046,170687
1864,170719
1768,170751
1918,170783
1366,170815
1515,170847
843,170879
679,170911
453,170943
187,170975
27,171007
0,171039
134,171071
731,171103
877,171135
812,171167
1376,171199
1647,171231
1527,171263
2091,171295
2317,171327
2165,171359
1840,171391
1648,171423
1407,171455
783,171487
921,171519
680,171551
154,171583
0,171615
240,171647
472,171679
398,171711
574,171743
891,171775
1112,171807
1304,171839
1480,171871
1805,171903
1962,171935
1689,171967
1911,171999
1261,172031
1033,172063
1145,172095
973,172127
357,172159
413,172191
0,172223
423,172255
184,172287
489,172319
1051,172351
862,172383
1088,172415
1706,172447
1565,172479
2281,172511
1820,172543
1656,172575
1788,172607
1127,172639
989,172671
1052,172703
462,172735
319,172767
3,172799
0,172831
41,172863
237,172895
567,172927
760,172959
940,172991
1245,173023
1740,173055
1672,173087
2303,173119
2231,173151
1629,173183
1710,173215
1518,173247
1277,173279
973,173311
791,173343
591,173375
0,173407
189,173439
456,173471
298,173503
512,173535
1100,173567
1369,173599
1197,173631
1422,173663
1753,173695
1946,173727
1694,173759
1465,173791
1309,173823
1051,173855
778,173887
1031,173919
410,173951
152,173983
282,174015
364,174047
200,174079
760,174111
992,174143
1276,174175
1406,174207
1307,174239
1931,174271
1721,174303
2267,174335
2080,174367
1434,174399
1671,174431
1325,174463
746,174495
921,174527
269,174559
107,174591
224,174623
0,174655
269,174687
782,174719
698,174751
888,174783
1086,174815
1374,174847
1614,174879
1804,174911
1925,174943
1996,174975
1418,175007
1577,175039
1001,175071
732,175103
844,175135
621,175167
91,175199
168,175231
408,175263
667,175295
825,175327
1087,175359
1312,175391
1146,175423
1743,175455
1968,175487
2253,175519
1756,175551
1888,175583
1384,175615
1113,175647
841,175679
968,175711
471,175743
206,175775
0,175807
0,175839
150,175871
333,175903
991,175935
827,175967
1053,175999
1627,176031
1929,176063
1752,176095
2286,176127
1754,176159
1963,176191
1230,176223
1388,176255
1207,176287
552,176319
798,176351
472,176383
0,176415
361,176447
123,176479
414,176511
1002,176543
806,176575
1129,176607
1644,176639
1512,176671
1726,176703
1977,176735
1708,176767
1434,176799
1181,176831
1049,176863
1130,176895
525,176927
367,176959
140,176991
0,177023
383,177055
619,177087
504,177119
1038,177151
1308,177183
1531,177215
1680,177247
1964,177279
2239,177311
1818,177343
1960,177375
1758,177407
1576,177439
895,177471
1020,177503
491,177535
216,177567
0,177599
120,177631
69,177663
236,177695
461,177727
775,177759
957,177791
1134,177823
1867,177855
1689,177887
1894,177919
2191,177951
2023,177983
1373,178015
1484,178047
1261,178079
1085,178111
752,178143
574,178175
345,178207
0,178239
152,178271
714,178303
540,178335
1224,178367
1353,178399
1225,178431
1881,178463
1662,178495
1960,178527
2144,178559
1488,178591
1240,178623
1068,178655
844,178687
989,178719
330,178751
169,178783
266,178815
0,178847
218,178879
423,178911
646,178943
1245,178975
1133,179007
1323,179039
1914,179071
2189,179103
1978,179135
2062,179167
1824,179199
1629,179231
1312,179263
1129,179295
893,179327
713,179359
397,179391
168,179423
9,179455
186,179487
762,179519
988,179551
908,179583
1086,179615
1678,179647
1629,179679
1831,179711
1806,179743
1675,179775
1437,179807
1166,179839
1371,179871
751,179903
816,179935
624,179967
461,179999
0,180031
378,180063
665,180095
939,180127
686,180159
1000,180191
1579,180223
1370,180255
1610,180287
2235,180319
1775,180351
2025,180383
1291,180415
1128,180447
1264,180479
616,180511
478,180543
220,180575
0,180607
0,180639
72,180671
360,180703
956,180735
748,180767
1080,180799
1272,180831
1454,180863
1769,180895
1998,180927
1769,180959
1930,180991
1693,181023
1111,181055
1184,181087
992,181119
761,181151
459,181183
265,181215
319,181247
128,181279
704,181311
976,181343
810,181375
1022,181407
1613,181439
1903,181471
1720,181503
1870,181535
2011,181567
1453,181599
1177,181631
943,181663
807,181695
549,181727
268,181759
507,181791
0,181823
366,181855
591,181887
884,181919
715,181951
1278,181983
1517,182015
1806,182047
1934,182079
1835,182111
2269,182143
1581,182175
1435,182207
1550,182239
910,182271
1143,182303
812,182335
238,182367
399,182399
0,182431
75,182463
300,182495
491,182527
791,182559
1294,182591
1209,182623
1833,182655
1611,182687
1911,182719
1830,182751
1536,182783
1390,182815
1131,182847
903,182879
1053,182911
479,182943
221,182975
330,183007
269,183039
158,183071
697,183103
568,183135
1181,183167
1337,183199
1613,183231
1847,183263
1664,183295
2271,183327
2072,183359
1872,183391
1230,183423
1359,183455
1132,183487
610,183519
331,183551
448,183583
0,183615
0,183647
122,183679
439,183711
661,183743
1231,183775
1512,183807
1340,183839
1580,183871
2159,183903
2377,183935
1725,183967
1792,183999
1229,184031
1435,184063
719,184095
888,184127
687,184159
43,184191
283,184223
320,184255
204,184287
879,184319
635,184351
924,184383
1114,184415
1321,184447
1645,184479
2176,184511
1836,184543
1687,184575
1355,184607
1182,184639
922,184671
668,184703
539,184735
284,184767
19,184799
0,184831
109,184863
310,184895
906,184927
1133,184959
1017,184991
1566,185023
1370,185055
2063,185087
2224,185119
2176,185151
1983,185183
1293,185215
1423,185247
1240,185279
1052,185311
383,185343
506,185375
317,185407
0,185439
71,185471
640,185503
570,185535
746,185567
970,185599
1287,185631
1482,185663
2111,185695
2395,185727
1783,185759
1510,185791
1659,185823
1484,185855
861,185887
968,185919
747,185951
571,185983
236,186015
314,186047
541,186079
349,186111
665,186143
1228,186175
1052,186207
1752,186239
1880,186271
1741,186303
1896,186335
1643,186367
1468,186399
1614,186431
976,186463
823,186495
872,186527
335,186559
473,186591
0,186623
24,186655
247,186687
430,186719
734,186751
925,186783
1160,186815
1773,186847
1657,186879
1850,186911
2238,186943
1578,186975
1449,187007
1532,187039
1294,187071
1109,187103
796,187135
608,187167
0,187199
203,187231
365,187263
588,187295
520,187327
696,187359
1273,187391
1502,187423
1421,187455
1600,187487
2215,187519
1844,187551
1564,187583
1785,187615
1147,187647
919,187679
652,187711
857,187743
246,187775
19,187807
240,187839
537,187871
379,187903
892,187935
1175,187967
1453,187999
1199,188031
1516,188063
2105,188095
1899,188127
2199,188159
1855,188191
1257,188223
1006,188255
777,188287
616,188319
748,188351
104,188383
0,188415
268,188447
152,188479
445,188511
583,188543
872,188575
1053,188607
1260,188639
1593,188671
1799,188703
1900,188735
1741,188767
1512,188799
1244,188831
1400,188863
718,188895
589,188927
670,188959
476,188991
236,189023
313,189055
574,189087
844,189119
636,189151
1226,189183
1488,189215
1322,189247
1546,189279
2144,189311
2232,189343
1580,189375
1341,189407
1481,189439
940,189471
666,189503
923,189535
297,189567
39,189599
0,189631
477,189663
325,189695
508,189727
1104,189759
1391,189791
1235,189823
1806,189855
2047,189887
2343,189919
2144,189951
1576,189983
1727,190015
1064,190047
920,190079
1024,190111
408,190143
159,190175
299,190207
0,190239
489,190271
299,190303
587,190335
1168,190367
1000,190399
1303,190431
1822,190463
1735,190495
2365,190527
1704,190559
1528,190591
1304,190623
1024,190655
876,190687
631,190719
393,190751
541,190783
222,190815
0,190847
526,190879
793,190911
679,190943
1212,190975
1438,191007
1709,191039
1866,191071
2143,191103
2287,191135
1640,191167
1775,191199
1534,191231
1344,191263
717,191295
846,191327
619,191359
98,191391
0,191423
43,191455
267,191487
454,191519
634,191551
951,191583
1174,191615
1359,191647
2045,191679
1867,191711
1897,191743
2013,191775
1847,191807
1205,191839
1264,191871
717,191903
911,191935
219,191967
60,191999
191,192031
23,192063
238,192095
846,192127
714,192159
1401,192191
1149,192223
1444,192255
2048,192287
1838,192319
1852,192351
1914,192383
1321,192415
1163,192447
832,192479
680,192511
408,192543
158,192575
25,192607
0,192639
94,192671
394,192703
876,192735
812,192767
1420,192799
1661,192831
1531,192863
2091,192895
2366,192927
2165,192959
1837,192991
1645,193023
1451,193055
783,193087
910,193119
717,193151
528,193183
0,193215
251,193247
522,193279
356,193311
574,193343
888,193375
1083,193407
1258,193439
1487,193471
1805,193503
1916,193535
1638,193567
1899,193599
1257,193631
997,193663
1135,193695
971,193727
349,193759
447,193791
233,193823
414,193855
551,193887
465,193919
1055,193951
860,193983
1469,194015
1754,194047
1574,194079
2283,194111
2207,194143
1605,194175
1787,194207
1118,194239
956,194271
1088,194303
459,194335
311,194367
352,194399
0,194431
23,194463
239,194495
535,194527
761,194559
942,194591
1244,194623
1786,194655
1675,194687
2311,194719
1865,194751
1592,194783
1712,194815
1513,194847
935,194879
1016,194911
780,194943
587,194975
285,195007
234,195039
460,195071
729,195103
876,195135
1102,195167
1032,195199
1198,195231
1802,195263
1755,195295
1956,195327
1695,195359
1835,195391
1319,195423
1040,195455
778,195487
635,195519
408,195551
142,195583
334,195615
0,195647
204,195679
765,195711
1053,195743
888,195775
1408,195807
1318,195839
1983,195871
1722,195903
2264,195935
1032,195967
926,195999
1194,196031
668,196063
666,196095
909,196127
267,196159
108,196191
232,196223
0,196255
283,196287
792,196319
654,196351
967,196383
1088,196415
1372,196447
1576,196479
1786,196511
1916,196543
1996,196575
1372,196607
1224,196639
989,196671
730,196703
879,196735
649,196767
78,196799
173,196831
444,196863
677,196895
826,196927
1096,196959
1360,196991
1149,197023
1744,197055
2026,197087
1848,197119
1754,197151
1886,197183
1348,197215
1063,197247
831,197279
960,197311
427,197343
153,197375
0,197407
0,197439
119,197471
298,197503
989,197535
826,197567
1020,197599
1629,197631
1928,197663
1752,197695
2334,197727
2139,197759
1960,197791
1616,197823
1436,197855
1207,197887
553,197919
408,197951
509,197983
0,198015
363,198047
495,198079
378,198111
1005,198143
810,198175
1099,198207
1696,198239
1513,198271
1831,198303
2267,198335
1704,198367
1432,198399
1180,198431
1015,198463
1118,198495
520,198527
365,198559
110,198591
0,198623
383,198655
285,198687
476,198719
1040,198751
1309,198783
1193,198815
1738,198847
1968,198879
2247,198911
2190,198943
1994,198975
1757,199007
1116,199039
1247,199071
1018,199103
490,199135
216,199167
330,199199
249,199231
70,199263
238,199295
828,199327
777,199359
968,199391
1145,199423
1463,199455
1691,199487
1894,199519
2264,199551
1607,199583
1371,199615
1482,199647
1311,199679
683,199711
752,199743
573,199775
392,199807
0,199839
151,199871
715,199903
512,199935
1227,199967
1357,199999
1225,200031
1933,200063
1662,200095
1973,200127
2142,200159
1454,200191
1335,200223
1388,200255
805,200287
556,200319
330,200351
168,200383
296,200415
0,200447
232,200479
424,200511
604,200543
907,200575
1132,200607
1328,200639
1960,200671
2191,200703
1975,200735
2062,200767
1870,200799
1627,200831
1309,200863
1119,200895
928,200927
279,200959
399,200991
199,201023
0,201055
188,201087
764,201119
1024,201151
866,201183
1086,201215
1679,201247
1608,201279
1784,201311
1806,201343
1671,201375
1397,201407
1114,201439
1367,201471
744,201503
486,201535
619,201567
443,201599
0,201631
428,201663
655,201695
939,201727
1067,201759
971,201791
1581,201823
1374,201855
1692,201887
2284,201919
1774,201951
2013,201983
1676,202015
1081,202047
1261,202079
606,202111
443,202143
219,202175
0,202207
0,202239
442,202271
361,202303
966,202335
751,202367
1038,202399
1274,202431
1464,202463
1771,202495
1975,202527
1768,202559
1918,202591
1337,202623
1079,202655
1182,202687
989,202719
424,202751
492,202783
266,202815
331,202847
488,202879
752,202911
975,202943
811,202975
1392,203007
1628,203039
1547,203071
1722,203103
2237,203135
2009,203167
1451,203199
1167,203231
1305,203263
807,203295
538,203327
268,203359
123,203391
0,203423
7,203455
654,203487
493,203519
724,203551
1280,203583
1579,203615
1400,203647
1944,203679
1836,203711
2313,203743
1578,203775
1738,203807
1560,203839
890,203871
1135,203903
811,203935
231,203967
455,203999
0,204031
78,204063
264,204095
460,204127
793,204159
1304,204191
1168,204223
1481,204255
1616,204287
1913,204319
1774,204351
1529,204383
1387,204415
1128,204447
856,204479
709,204511
487,204543
218,204575
362,204607
281,204639
170,204671
701,204703
968,204735
1195,204767
1340,204799
1623,204831
1897,204863
1664,204895
2281,204927
2108,204959
1464,204991
1229,205023
1358,205055
1163,205087
552,205119
317,205151
445,205183
0,205215
0,205247
128,205279
440,205311
631,205343
1239,205375
1513,205407
1349,205439
1543,205471
2159,205503
2364,205535
1721,205567
1836,205599
1609,205631
1429,205663
1095,205695
910,205727
685,205759
40,205791
0,205823
368,205855
208,205887
887,205919
1015,205951
886,205983
1115,206015
1320,206047
1623,206079
2234,206111
1836,206143
1677,206175
1738,206207
1179,206239
912,206271
666,206303
503,206335
604,206367
18,206399
0,206431
78,206463
312,206495
907,206527
797,206559
987,206591
1566,206623
1837,206655
1717,206687
2270,206719
2174,206751
1977,206783
1660,206815
1468,206847
1231,206879
612,206911
732,206943
494,206975
0,207007
0,207039
413,207071
649,207103
574,207135
749,207167
1337,207199
1289,207231
1481,207263
2171,207295
1991,207327
1786,207359
1502,207391
1719,207423
1084,207455
858,207487
960,207519
796,207551
173,207583
236,207615
311,207647
591,207679
360,207711
664,207743
1231,207775
1035,207807
1753,207839
1884,207871
1743,207903
1870,207935
1639,207967
1467,207999
1600,208031
942,208063
811,208095
864,208127
296,208159
48,208191
0,208223
24,208255
620,208287
413,208319
743,208351
934,208383
1116,208415
1429,208447
1656,208479
1852,208511
2280,208543
1576,208575
1449,208607
1530,208639
1338,208671
1102,208703
797,208735
606,208767
411,208799
0,208831
366,208863
634,208895
474,208927
697,208959
1278,208991
1550,209023
1381,209055
1609,209087
2216,209119
1801,209151
1514,209183
1783,209215
1145,209247
882,209279
602,209311
845,209343
233,209375
0,209407
251,209439
539,209471
377,209503
939,209535
1179,209567
1453,209599
1592,209631
1483,209663
2111,209695
1900,209727
1785,209759
1900,209791
1255,209823
1001,209855
1151,209887
569,209919
745,209951
93,209983
0,210015
316,210047
155,210079
361,210111
958,210143
874,210175
1483,210207
1263,210239
1563,210271
1802,210303
1898,210335
1738,210367
1469,210399
1240,210431
1398,210463
1081,210495
557,210527
668,210559
475,210591
0,210623
360,210655
576,210687
845,210719
1000,210751
1271,210783
1488,210815
1323,210847
1920,210879
2154,210911
1864,210943
1578,210975
1706,211007
1470,211039
940,211071
656,211103
512,211135
296,211167
27,211199
0,211231
79,211263
317,211295
520,211327
1167,211359
1003,211391
1237,211423
1807,211455
2109,211487
1932,211519
2142,211551
1576,211583
1785,211615
1054,211647
919,211679
1023,211711
377,211743
151,211775
288,211807
0,211839
541,211871
297,211903
590,211935
1180,211967
974,211999
1305,212031
1832,212063
1690,212095
2009,212127
1696,212159
1526,212191
1257,212223
1006,212255
872,212287
616,212319
348,212351
191,212383
216,212415
0,212447
570,212479
795,212511
683,212543
1216,212575
1484,212607
1718,212639
1870,212671
2154,212703
2331,212735
1640,212767
1772,212799
1580,212831
942,212863
716,212895
844,212927
653,212959
42,212991
0,213023
43,213055
235,213087
412,213119
639,213151
951,213183
1143,213215
1312,213247
2043,213279
1877,213311
1863,213343
2009,213375
1836,213407
1196,213439
1308,213471
1085,213503
907,213535
576,213567
39,213599
199,213631
22,213663
617,213695
890,213727
728,213759
1403,213791
1533,213823
1401,213855
2059,213887
1848,213919
1831,213951
1962,213983
1308,214015
1152,214047
1208,214079
667,214111
407,214143
157,214175
0,214207
0,214239
104,214271
395,214303
923,214335
824,214367
1435,214399
1309,214431
1513,214463
2094,214495
2367,214527
1799,214559
1881,214591
1644,214623
1451,214655
1134,214687
952,214719
717,214751
103,214783
220,214815
252,214847
512,214879
362,214911
937,214943
892,214975
1082,215007
1262,215039
1870,215071
1816,215103
1914,215135
1638,215167
1483,215199
1256,215231
988,215263
1195,215295
582,215327
352,215359
443,215391
271,215423
41,215455
556,215487
462,215519
1117,215551
863,215583
1472,215615
1757,215647
1550,215679
2285,215711
2203,215743
1596,215775
1838,215807
1115,215839
952,215871
1084,215903
430,215935
311,215967
352,215999
0,216031
23,216063
343,216095
535,216127
719,216159
925,216191
1246,216223
1790,216255
1639,216287
1949,216319
1855,216351
1582,216383
1744,216415
1503,216447
924,216479
1007,216511
814,216543
587,216575
284,216607
237,216639
507,216671
311,216703
880,216735
1148,216767
1424,216799
1210,216831
1801,216863
1721,216895
1900,216927
1690,216959
1823,216991
1274,217023
1000,217055
776,217087
629,217119
363,217151
93,217183
331,217215
0,217247
169,217279
777,217311
1063,217343
891,217375
1456,217407
1705,217439
1990,217471
2124,217503
2314,217535
2075,217567
1400,217599
1256,217631
1370,217663
732,217695
967,217727
636,217759
67,217791
219,217823
0,217855
252,217887
832,217919
667,217951
872,217983
1163,218015
1382,218047
2013,218079
1790,218111
1869,218143
1996,218175
1360,218207
1214,218239
956,218271
729,218303
878,218335
313,218367
45,218399
176,218431
455,218463
345,218495
875,218527
1098,218559
1369,218591
1520,218623
1801,218655
2027,218687
2311,218719
2124,218751
1884,218783
1336,218815
1054,218847
1183,218879
956,218911
428,218943
144,218975
268,219007
0,219039
121,219071
298,219103
605,219135
828,219167
1032,219199
1693,219231
1526,219263
2064,219295
2343,219327
2191,219359
1544,219391
1612,219423
1431,219455
1255,219487
542,219519
407,219551
504,219583
0,219615
365,219647
504,219679
379,219711
1065,219743
810,219775
1101,219807
1706,219839
1498,219871
1831,219903
1932,219935
1657,219967
1499,219999
1176,220031
1004,220063
1160,220095
491,220127
363,220159
104,220191
0,220223
61,220255
285,220287
488,220319
1084,220351
1311,220383
1195,220415
1740,220447
2014,220479
2250,220511
2189,220543
1994,220575
1801,220607
1117,220639
1244,220671
1054,220703
440,220735
207,220767
330,220799
168,220831
24,220863
240,220895
826,220927
747,220959
912,220991
1147,221023
1465,221055
1658,221087
1838,221119
2248,221151
1605,221183
1722,221215
1483,221247
1307,221279
682,221311
782,221343
571,221375
383,221407
207,221439
132,221471
717,221503
526,221535
840,221567
1407,221599
1228,221631
1933,221663
2064,221695
1928,221727
2137,221759
1455,221791
1292,221823
1067,221855
796,221887
647,221919
695,221951
156,221983
287,222015
0,222047
200,222079
428,222111
616,222143
908,222175
1101,222207
1334,222239
1963,222271
1837,222303
1933,222335
2060,222367
1863,222399
1271,222431
1354,222463
762,222495
923,222527
623,222559
432,222591
191,222623
0,222655
540,222687
766,222719
1034,222751
872,222783
1452,222815
1690,222847
1606,222879
1786,222911
2174,222943
1659,222975
1387,223007
1113,223039
967,223071
744,223103
859,223135
672,223167
59,223199
0,223231
431,223263
333,223295
555,223327
1069,223359
974,223391
1639,223423
1384,223455
2010,223487
2295,223519
1751,223551
2011,223583
1674,223615
1081,223647
1307,223679
603,223711
442,223743
172,223775
0,223807
0,223839
444,223871
327,223903
633,223935
752,223967
1049,223999
1239,224031
1438,224063
1772,224095
1975,224127
1710,224159
1561,224191
1325,224223
1067,224255
1226,224287
989,224319
413,224351
494,224383
0,224415
331,224447
490,224479
751,224511
1023,224543
814,224575
1403,224607
1675,224639
1962,224671
1728,224703
2236,224735
2046,224767
1401,224799
1164,224831
1294,224863
764,224895
488,224927
255,224959
121,224991
0,225023
379,225055
651,225087
499,225119
693,225151
1289,225183
1579,225215
1403,225247
1984,225279
2233,225311
2311,225343
1963,225375
1776,225407
1547,225439
879,225471
743,225503
856,225535
230,225567
445,225599
153,225631
53,225663
268,225695
472,225727
763,225759
1354,225791
1168,225823
1481,225855
2009,225887
1916,225919
2205,225951
1518,225983
1351,226015
1128,226047
857,226079
701,226111
443,226143
216,226175
349,226207
0,226239
139,226271
704,226303
527,226335
855,226367
1391,226399
1624,226431
1899,226463
2047,226495
2331,226527
2107,226559
1917,226591
1596,226623
1358,226655
824,226687
544,226719
670,226751
441,226783
0,226815
0,226847
476,226879
442,226911
634,226943
1292,226975
1131,227007
1353,227039
1543,227071
2233,227103
1958,227135
1720,227167
1833,227199
1659,227231
1031,227263
1085,227295
909,227327
735,227359
33,227391
0,227423
383,227455
188,227487
891,227519
1016,227551
891,227583
1099,227615
1323,227647
1623,227679
2236,227711
1805,227743
1675,227775
1728,227807
1132,227839
985,227871
666,227903
495,227935
234,227967
0,227999
0,228031
89,228063
276,228095
574,228127
795,228159
990,228191
1614,228223
1376,228255
1721,228287
2272,228319
2218,228351
1975,228383
1659,228415
1466,228447
1275,228479
606,228511
730,228543
542,228575
0,228607
0,228639
426,228671
698,228703
534,228735
750,228767
1341,228799
1259,228831
1436,228863
2172,228895
1993,228927
1736,228959
1450,228991
1717,229023
1081,229055
820,229087
957,229119
795,229151
171,229183
270,229215
317,229247
603,229279
728,229311
637,229343
1241,229375
1038,229407
1353,229439
1936,229471
1754,229503
1867,229535
2025,229567
1418,229599
1609,229631
942,229663
791,229695
910,229727
293,229759
125,229791
171,229823
27,229855
623,229887
415,229919
711,229951
939,229983
1118,230015
1431,230047
1627,230079
1864,230111
2269,230143
1945,230175
1405,230207
1529,230239
1337,230271
761,230303
840,230335
602,230367
411,230399
137,230431
414,230463
639,230495
477,230527
1056,230559
1277,230591
1561,230623
1383,230655
1984,230687
2220,230719
1802,230751
1504,230783
1371,230815
1143,230847
874,230879
600,230911
459,230943
232,230975
0,231007
315,231039
155,231071
390,231103
941,231135
1231,231167
1067,231199
1596,231231
1486,231263
2173,231295
1903,231327
1781,231359
1897,231391
1226,231423
1000,231455
1150,231487
572,231519
795,231551
95,231583
0,231615
328,231647
138,231679
456,231711
960,231743
840,231775
1135,231807
1264,231839
1563,231871
1757,231903
1868,231935
1736,231967
1476,231999
1194,232031
1039,232063
1068,232095
554,232127
698,232159
473,232191
0,232223
364,232255
624,232287
853,232319
1001,232351
1274,232383
1548,232415
1326,232447
1933,232479
2205,232511
2272,232543
1568,232575
1696,232607
1514,232639
876,232671
653,232703
521,232735
263,232767
0,232799
0,232831
104,232863
295,232895
474,232927
1165,232959
1004,232991
1204,233023
1816,233055
2109,233087
1931,233119
2184,233151
1959,233183
1771,233215
1434,233247
883,233279
1021,233311
367,233343
524,233375
334,233407
0,233439
542,233471
672,233503
553,233535
1179,233567
984,233599
1275,233631
1884,233663
1703,233695
2008,233727
2090,233759
1517,233791
1679,233823
1000,233855
840,233887
616,233919
347,233951
187,233983
250,234015
0,234047
569,234079
459,234111
651,234143
1216,234175
1495,234207
1368,234239
1917,234271
2156,234303
2329,234335
2008,234367
1808,234399
1579,234431
1387,234463
1070,234495
841,234527
322,234559
42,234591
144,234623
52,234655
239,234687
416,234719
999,234751
954,234783
1145,234815
1322,234847
1643,234879
1880,234911
1852,234943
2064,234975
1419,235007
1194,235039
1305,235071
1131,235103
523,235135
573,235167
37,235199
249,235231
22,235263
618,235295
969,235327
698,235359
1403,235391
1534,235423
1405,235455
2111,235487
1850,235519
1815,235551
1961,235583
1286,235615
1149,235647
1208,235679
620,235711
471,235743
143,235775
0,235807
0,235839
79,235871
397,235903
928,235935
780,235967
1083,235999
1309,236031
1510,236063
2141,236095
2377,236127
1787,236159
1882,236191
1678,236223
1447,236255
1131,236287
941,236319
760,236351
104,236383
219,236415
288,236447
142,236479
363,236511
936,236543
860,236575
1038,236607
1264,236639
1867,236671
1785,236703
1856,236735
1627,236767
1481,236799
1210,236831
936,236863
1180,236895
570,236927
310,236959
441,236991
264,237023
52,237055
600,237087
841,237119
1116,237151
1247,237183
1530,237215
1759,237247
1560,237279
1880,237311
2250,237343
1594,237375
1835,237407
1496,237439
906,237471
1085,237503
428,237535
269,237567
398,237599
0,237631
119,237663
623,237695
540,237727
730,237759
925,237791
1214,237823
1802,237855
1644,237887
1959,237919
1817,237951
1581,237983
1741,238015
1161,238047
892,238079
1004,238111
811,238143
251,238175
317,238207
248,238239
505,238271
666,238303
938,238335
1159,238367
987,238399
1582,238431
1808,238463
1734,238495
1904,238527
2059,238559
1821,238591
1275,238623
990,238655
1128,238687
627,238719
365,238751
91,238783
0,238815
0,238847
185,238879
832,238911
667,238943
893,238975
1456,239007
1773,239039
1581,239071
2122,239103
2298,239135
2127,239167
1400,239199
1254,239231
1369,239263
712,239295
966,239327
636,239359
59,239391
267,239423
0,239455
262,239487
844,239519
647,239551
968,239583
1482,239615
1351,239647
1562,239679
1791,239711
1878,239743
2030,239775
1344,239807
1210,239839
952,239871
684,239903
535,239935
300,239967
44,239999
218,240031
457,240063
345,240095
878,240127
1148,240159
1371,240191
1518,240223
1804,240255
2076,240287
1854,240319
2122,240351
1930,240383
1286,240415
1052,240447
1184,240479
991,240511
376,240543
144,240575
266,240607
0,240639
80,240671
303,240703
618,240735
807,240767
984,240799
1703,240831
1526,240863
1726,240895
2347,240927
2187,240959
1543,240991
1656,241023
1421,241055
1245,241087
920,241119
373,241151
509,241183
0,241215
1,241247
552,241279
384,241311
1064,241343
1193,241375
1065,241407
1709,241439
1499,241471
1803,241503
1930,241535
1648,241567
1404,241599
1552,241631
1004,241663
1149,241695
488,241727
327,241759
105,241791
0,241823
59,241855
265,241887
488,241919
1085,241951
969,241983
1173,242015
1744,242047
2025,242079
1899,242111
2234,242143
1992,242175
1789,242207
1481,242239
1288,242271
1053,242303
432,242335
558,242367
320,242399
0,242431
26,242463
603,242495
832,242527
748,242559
923,242591
1518,242623
1475,242655
1662,242687
1850,242719
1835,242751
1595,242783
1326,242815
1533,242847
907,242879
681,242911
784,242943
617,242975
6,243007
216,243039
136,243071
779,243103
525,243135
1136,243167
1408,243199
1211,243231
1934,243263
2073,243295
1932,243327
2201,243359
1453,243391
1288,243423
1018,243455
772,243487
647,243519
696,243551
118,243583
0,243615
0,243647
202,243679
393,243711
591,243743
919,243775
1111,243807
1292,243839
1609,243871
1837,243903
1930,243935
2094,243967
1855,243999
1271,244031
1344,244063
1162,244095
925,244127
619,244159
428,244191
223,244223
0,244255
544,244287
812,244319
648,244351
875,244383
1455,244415
1739,244447
1560,244479
1788,244511
2176,244543
1614,244575
1336,244607
1113,244639
967,244671
710,244703
847,244735
669,244767
68,244799
0,244831
428,244863
727,244895
566,244927
1115,244959
1355,244991
1639,245023
1771,245055
2058,245087
2297,245119
1739,245151
1598,245183
1721,245215
1072,245247
1307,245279
974,245311
394,245343
172,245375
0,245407
0,245439
494,245471
335,245503
632,245535
1136,245567
1051,245599
1242,245631
1449,245663
1742,245695
2332,245727
1712,245759
1549,245791
1291,245823
1064,245855
1213,245887
651,245919
381,245951
488,245983
297,246015
8,246047
538,246079
762,246111
1024,246143
1178,246175
1451,246207
1689,246239
1502,246271
2110,246303
2234,246335
1678,246367
1391,246399
1528,246431
1293,246463
760,246495
488,246527
615,246559
119,246591
0,246623
431,246655
269,246687
503,246719
686,246751
1351,246783
1180,246815
1415,246847
1995,246879
2296,246911
1885,246943
1951,246975
1773,247007
1597,247039
878,247071
744,247103
855,247135
202,247167
443,247199
156,247231
47,247263
250,247295
472,247327
1161,247359
1356,247391
1158,247423
1482,247455
2012,247487
1880,247519
1754,247551
1515,247583
1350,247615
1502,247647
828,247679
699,247711
441,247743
175,247775
22,247807
0,247839
150,247871
746,247903
536,247935
858,247967
1400,247999
1674,248031
1900,248063
2048,248095
2333,248127
2144,248159
1452,248191
1593,248223
1392,248255
774,248287
544,248319
667,248351
476,248383
0,248415
0,248447
480,248479
419,248511
588,248543
1291,248575
1128,248607
1317,248639
1496,248671
2235,248703
1948,248735
1674,248767
1824,248799
1655,248831
1017,248863
1130,248895
907,248927
731,248959
397,248991
0,249023
380,249055
190,249087
504,249119
1072,249151
894,249183
1101,249215
1720,249247
1581,249279
2239,249311
1801,249343
1640,249375
1774,249407
1131,249439
888,249471
1024,249503
490,249535
637,249567
0,249599
0,249631
88,249663
280,249695
572,249727
775,249759
998,249791
1613,249823
1755,249855
1689,249887
2283,249919
2207,249951
1611,249983
1696,250015
1465,250047
1269,250079
960,250111
768,250143
536,250175
0,250207
204,250239
428,250271
360,250303
538,250335
1114,250367
1343,250399
1262,250431
1438,250463
1759,250495
1995,250527
1736,250559
1448,250591
1307,250623
1081,250655
812,250687
1017,250719
395,250751
168,250783
268,250815
367,250847
230,250879
732,250911
640,250943
1289,250975
1040,251007
1356,251039
1947,251071
1737,251103
1867,251135
2026,251167
1415,251199
1657,251231
937,251263
778,251295
910,251327
254,251359
136,251391
170,251423
3,251455
295,251487
415,251519
712,251551
904,251583
1102,251615
1431,251647
1629,251679
1819,251711
1913,251743
1945,251775
1412,251807
1566,251839
1325,251871
748,251903
831,251935
638,251967
397,251999
141,252031
415,252063
688,252095
479,252127
1064,252159
1338,252191
1160,252223
1385,252255
1983,252287
2269,252319
1740,252351
1502,252383
1366,252415
1099,252447
824,252479
591,252511
455,252543
185,252575
0,252607
315,252639
168,252671
349,252703
952,252735
1237,252767
1077,252799
1641,252831
1885,252863
2173,252895
2300,252927
1739,252959
1887,252991
1222,253023
1374,253055
1194,253087
560,253119
789,253151
458,253183
0,253215
329,253247
138,253279
427,253311
1016,253343
842,253375
1143,253407
1663,253439
1564,253471
1766,253503
1865,253535
1692,253567
1464,253599
1182,253631
1036,253663
1113,253695
552,253727
697,253759
125,253791
0,253823
366,253855
635,253887
511,253919
1051,253951
1278,253983
1548,254015
1704,254047
1992,254079
2208,254111
1807,254143
1936,254175
1704,254207
1514,254239
888,254271
1002,254303
508,254335
251,254367
0,254399
139,254431
106,254463
298,254495
474,254527
783,254559
1015,254591
1199,254623
1881,254655
1707,254687
1943,254719
2175,254751
2009,254783
1358,254815
1433,254847
875,254879
1071,254911
366,254943
522,254975
331,255007
0,255039
551,255071
684,255103
555,255135
1241,255167
986,255199
1286,255231
1886,255263
1675,255295
2012,255327
2090,255359
1477,255391
1228,255423
1096,255455
828,255487
569,255519
315,255551
183,255583
252,255615
0,255647
233,255679
471,255711
652,255743
1272,255775
1497,255807
1372,255839
1930,255871
2204,255903
2325,255935
2000,255967
1808,255999
1623,256031
939,256063
1068,256095
879,256127
688,256159
31,256191
142,256223
23,256255
206,256287
425,256319
1000,256351
922,256383
1100,256415
1326,256447
1645,256479
1846,256511
1797,256543
2060,256575
1417,256607
1160,256639
1295,256671
1127,256703
508,256735
607,256767
395,256799
251,256831
390,256863
668,256895
905,256927
702,256959
1016,256991
1592,257023
1408,257055
2120,257087
2249,257119
1765,257151
1951,257183
1278,257215
1115,257247
1248,257279
622,257311
376,257343
215,257375
0,257407
281,257439
90,257471
376,257503
928,257535
784,257567
1083,257599
1289,257631
1513,257663
2143,257695
2021,257727
1767,257759
1880,257791
1677,257823
1095,257855
1168,257887
942,257919
747,257951
444,257983
252,258015
300,258047
574,258079
719,258111
940,258143
874,258175
1040,258207
1640,258239
1871,258271
1788,258303
1852,258335
1994,258367
1481,258399
1210,258431
936,258463
795,258495
568,258527
302,258559
503,258591
0,258623
343,258655
607,258687
895,258719
732,258751
1246,258783
1531,258815
1823,258847
1552,258879
1883,258911
2249,258943
1565,258975
1822,259007
1487,259039
895,259071
1131,259103
426,259135
263,259167
396,259199
0,259231
123,259263
315,259295
496,259327
799,259359
1437,259391
1224,259423
1848,259455
1627,259487
1963,259519
1815,259551
1532,259583
1384,259615
1159,259647
888,259679
1038,259711
813,259743
247,259775
314,259807
284,259839
507,259871
667,259903
936,259935
1199,259967
990,259999
1582,260031
1854,260063
1678,260095
1912,260127
2046,260159
1866,260191
1220,260223
988,260255
1118,260287
587,260319
314,260351
88,260383
0,260415
0,260447
140,260479
830,260511
680,260543
1244,260575
1465,260607
1771,260639
1591,260671
2174,260703
2301,260735
2124,260767
1784,260799
1212,260831
1359,260863
703,260895
567,260927
672,260959
58,260991
263,261023
334,261055
228,261087
845,261119
649,261151
939,261183
1166,261215
1354,261247
1662,261279
2189,261311
1864,261343
2027,261375
1339,261407
1176,261439
950,261471
680,261503
523,261535
265,261567
43,261599
229,261631
127,261663
319,261695
890,261727
1149,261759
1031,261791
1578,261823
1444,261855
2078,261887
2234,261919
2160,261951
1920,261983
1277,262015
1407,262047
1178,262079
990,262111
376,262143
491,262175
264,262207
0,262239
88,262271
655,262303
618,262335
808,262367
975,262399
1301,262431
1529,262463
2125,262495
2411,262527
1771,262559
1532,262591
1644,262623
1481,262655
845,262687
911,262719
366,262751
554,262783
0,262815
284,262847
555,262879
364,262911
1069,262943
1197,262975
1068,263007
1769,263039
1501,263071
1803,263103
1884,263135
1625,263167
1495,263199
1550,263231
955,263263
809,263295
479,263327
326,263359
57,263391
0,263423
71,263455
263,263487
446,263519
749,263551
973,263583
1166,263615
1792,263647
2027,263679
1899,263711
2224,263743
1564,263775
1787,263807
1470,263839
1288,263871
1099,263903
430,263935
552,263967
362,263999
220,264031
40,264063
605,264095
875,264127
710,264159
926,264191
1517,264223
1446,264255
1616,264287
1852,264319
1831,264351
1556,264383
1712,264415
1527,264447
903,264479
637,264511
780,264543
616,264575
1,264607
264,264639
495,264671
779,264703
908,264735
1184,264767
1417,264799
1214,264831
1530,264863
2123,264895
1935,264927
2187,264959
1839,264991
1242,265023
1016,265055
765,265087
603,265119
734,265151
108,265183
0,265215
283,265247
202,265279
797,265311
590,265343
887,265375
1112,265407
1295,265439
1609,265471
1805,265503
1927,265535
2093,265567
1497,265599
1228,265631
1342,265663
713,265695
583,265727
656,265759
424,265791
227,265823
320,265855
600,265887
815,265919
1095,265951
1240,265983
1465,266015
1386,266047
1566,266079
2169,266111
2171,266143
1613,266175
1337,266207
1466,266239
957,266271
696,266303
905,266335
283,266367
55,266399
0,266431
493,266463
333,266495
567,266527
1129,266559
1407,266591
1245,266623
1774,266655
2063,266687
2360,266719
1738,266751
1594,266783
1723,266815
1052,266847
1303,266879
968,266911
381,266943
143,266975
0,267007
0,267039
505,267071
304,267103
636,267135
1146,267167
1015,267199
1321,267231
1454,267263
1751,267295
1934,267327
1689,267359
1550,267391
1288,267423
1020,267455
863,267487
635,267519
380,267551
512,267583
0,267615
16,267647
543,267679
800,267711
1037,267743
1181,267775
1453,267807
1737,267839
1512,267871
2112,267903
2271,267935
1625,267967
1389,267999
1518,268031
1322,268063
712,268095
478,268127
618,268159
76,268191
0,268223
430,268255
279,268287
472,268319
648,268351
1355,268383
1190,268415
1381,268447
2008,268479
2299,268511
1881,268543
1996,268575
1771,268607
1592,268639
1256,268671
708,268703
843,268735
190,268767
57,268799
202,268831
46,268863
252,268895
857,268927
731,268959
1367,268991
1162,269023
1460,269055
2064,269087
1882,269119
1844,269151
1902,269183
1340,269215
1495,269247
827,269279
663,269311
430,269343
172,269375
18,269407
0,269439
154,269471
751,269503
893,269535
826,269567
1402,269599
1677,269631
1549,269663
2108,269695
2336,269727
2141,269759
1824,269791
1630,269823
1389,269855
764,269887
895,269919
664,269951
472,269983
0,270015
264,270047
489,270079
422,270111
588,270143
907,270175
1130,270207
1322,270239
1498,270271
1831,270303
1945,270335
1672,270367
1883,270399
1243,270431
1016,270463
1119,270495
955,270527
331,270559
397,270591
0,270623
441,270655
202,270687
507,270719
1079,270751
874,270783
1103,270815
1724,270847
1581,270879
2299,270911
1806,270943
1628,270975
1772,271007
1102,271039
973,271071
1024,271103
452,271135
297,271167
0,271199
0,271231
56,271263
253,271295
583,271327
776,271359
958,271391
1229,271423
1757,271455
1692,271487
2328,271519
2203,271551
1610,271583
1694,271615
1500,271647
1261,271679
957,271711
768,271743
584,271775
0,271807
208,271839
474,271871
748,271903
537,271935
1118,271967
1390,271999
1214,272031
1440,272063
1770,272095
1964,272127
1678,272159
1448,272191
1304,272223
1034,272255
761,272287
1013,272319
392,272351
135,272383
264,272415
376,272447
219,272479
778,272511
1017,272543
1293,272575
1432,272607
1332,272639
1947,272671
1742,272703
2251,272735
2062,272767
1408,272799
1645,272831
1311,272863
729,272895
905,272927
263,272959
89,272991
214,273023
5,273055
295,273087
798,273119
715,273151
1323,273183
1104,273215
1400,273247
1637,273279
1820,273311
1899,273343
1981,273375
1400,273407
1561,273439
975,273471
717,273503
832,273535
639,273567
63,273599
191,273631
428,273663
685,273695
844,273727
1104,273759
1337,273791
1611,273823
1758,273855
1993,273887
1913,273919
1740,273951
1872,273983
1365,274015
1099,274047
815,274079
944,274111
455,274143
184,274175
0,274207
0,274239
158,274271
360,274303
1007,274335
845,274367
1069,274399
1645,274431
1943,274463
1767,274495
2302,274527
1738,274559
1945,274591
1214,274623
1372,274655
1183,274687
528,274719
780,274751
448,274783
0,274815
381,274847
138,274879
429,274911
1018,274943
824,274975
1147,275007
1664,275039
1528,275071
1839,275103
1863,275135
1689,275167
1417,275199
1163,275231
1024,275263
1112,275295
503,275327
349,275359
125,275391
0,275423
408,275455
633,275487
521,275519
1054,275551
1322,275583
1559,275615
1709,275647
1984,275679
2265,275711
1803,275743
1935,275775
1741,275807
1102,275839
876,275871
1002,275903
474,275935
198,275967
0,275999
139,276031
76,276063
253,276095
476,276127
792,276159
980,276191
1160,276223
1883,276255
1707,276287
1910,276319
2175,276351
2005,276383
1363,276415
1469,276447
1245,276479
1067,276511
736,276543
554,276575
330,276607
0,276639
168,276671
730,276703
568,276735
1244,276767
1368,276799
1240,276831
1885,276863
1680,276895
1991,276927
2126,276959
1470,276991
1319,277023
1369,277055
828,277087
570,277119
312,277151
151,277183
250,277215
0,277247
247,277279
439,277311
663,277343
1261,277375
1149,277407
1341,277439
1932,277471
2205,277503
1965,277535
2044,277567
1806,277599
1611,277631
1295,277663
1104,277695
875,277727
256,277759
380,277791
141,277823
25,277855
204,277887
778,277919
1002,277951
932,277983
1101,278015
1703,278047
1653,278079
1839,278111
1786,278143
1655,278175
1414,278207
1156,278239
1356,278271
731,278303
504,278335
617,278367
431,278399
0,278431
399,278463
671,278495
957,278527
712,278559
1016,278591
1597,278623
1389,278655
2124,278687
2253,278719
1756,278751
2007,278783
1275,278815
1113,278847
1247,278879
592,278911
460,278943
512,278975
0,279007
0,279039
88,279071
377,279103
974,279135
768,279167
1095,279199
1288,279231
1469,279263
1787,279295
2024,279327
1752,279359
1913,279391
1675,279423
1087,279455
1168,279487
974,279519
747,279551
443,279583
247,279615
346,279647
155,279679
727,279711
990,279743
826,279775
1050,279807
1642,279839
1920,279871
1740,279903
1851,279935
1993,279967
1443,279999
1160,280031
926,280063
791,280095
532,280127
250,280159
491,280191
0,280223
21,280255
604,280287
895,280319
731,280351
1295,280383
1535,280415
1831,280447
1952,280479
1852,280511
2239,280543
1563,280575
1418,280607
1533,280639
902,280671
1132,280703
797,280735
216,280767
381,280799
0,280831
93,280863
324,280895
510,280927
716,280959
1312,280991
1228,281023
1849,281055
1628,281087
1928,281119
1812,281151
1531,281183
1384,281215
1114,281247
888,281279
1033,281311
473,281343
205,281375
314,281407
295,281439
185,281471
714,281503
940,281535
1207,281567
1359,281599
1631,281631
1856,281663
1680,281695
2296,281727
2044,281759
1498,281791
1214,281823
1344,281855
1116,281887
588,281919
312,281951
429,281983
0,282015
0,282047
152,282079
455,282111
680,282143
872,282175
1529,282207
1356,282239
1592,282271
2175,282303
2351,282335
1707,282367
1774,282399
1211,282431
1405,282463
702,282495
858,282527
683,282559
27,282591
251,282623
346,282655
230,282687
905,282719
652,282751
941,282783
1130,282815
1334,282847
1675,282879
2192,282911
1819,282943
1663,282975
1336,283007
1164,283039
904,283071
652,283103
512,283135
266,283167
2,283199
0,283231
127,283263
328,283295
926,283327
712,283359
1032,283391
1578,283423
1879,283455
2093,283487
2238,283519
2159,283551
1965,283583
1276,283615
1406,283647
1214,283679
599,283711
367,283743
490,283775
300,283807
0,283839
90,283871
666,283903
587,283935
763,283967
987,283999
1305,284031
1496,284063
2127,284095
2411,284127
1767,284159
1493,284191
1643,284223
1467,284255
842,284287
943,284319
729,284351
551,284383
217,284415
330,284447
557,284479
365,284511
681,284543
1244,284575
1070,284607
1771,284639
1902,284671
1759,284703
1881,284735
1626,284767
1451,284799
1596,284831
954,284863
797,284895
857,284927
324,284959
56,284991
0,285023
39,285055
592,285087
456,285119
759,285151
951,285183
1176,285215
1803,285247
1673,285279
1870,285311
2224,285343
2027,285375
1433,285407
1516,285439
1276,285471
1083,285503
782,285535
590,285567
352,285599
0,285631
383,285663
606,285695
534,285727
713,285759
1291,285791
1529,285823
1447,285855
1626,285887
2233,285919
1821,285951
1548,285983
1769,286015
1131,286047
903,286079
645,286111
840,286143
221,286175
0,286207
267,286239
555,286271
395,286303
911,286335
1184,286367
1471,286399
1214,286431
1534,286463
2127,286495
1912,286527
2183,286559
1836,286591
1240,286623
986,286655
761,286687
599,286719
730,286751
79,286783
0,286815
284,286847
169,286879
368,286911
602,286943
889,286975
1498,287007
1279,287039
1611,287071
1815,287103
1880,287135
1725,287167
1495,287199
1226,287231
1376,287263
700,287295
583,287327
654,287359
460,287391
215,287423
331,287455
602,287487
863,287519
654,287551
1242,287583
1514,287615
1337,287647
1566,287679
2171,287711
2208,287743
1560,287775
1335,287807
1456,287839
922,287871
648,287903
894,287935
280,287967
19,287999
0,288031
493,288063
345,288095
535,288127
1120,288159
1415,288191
1246,288223
1821,288255
2071,288287
2363,288319
2135,288351
1559,288383
1709,288415
1040,288447
904,288479
1016,288511
390,288543
142,288575
280,288607
0,288639
507,288671
314,288703
603,288735
1196,288767
1018,288799
1230,288831
1848,288863
1754,288895
2377,288927
1680,288959
1513,288991
1287,289023
1007,289055
860,289087
603,289119
378,289151
519,289183
205,289215
0,289247
544,289279
811,289311
697,289343
1230,289375
1454,289407
1737,289439
1886,289471
2168,289503
2271,289535
1626,289567
1756,289599
1515,289631
974,289663
712,289695
830,289727
604,289759
76,289791
0,289823
59,289855
281,289887
474,289919
652,289951
967,289983
1193,290015
1384,290047
2075,290079
1883,290111
1882,290143
1984,290175
1823,290207
1190,290239
1246,290271
700,290303
895,290335
190,290367
53,290399
207,290431
29,290463
256,290495
858,290527
740,290559
1417,290591
1165,290623
1463,290655
2076,290687
1864,290719
1837,290751
1898,290783
1293,290815
1145,290847
816,290879
661,290911
393,290943
141,290975
17,291007
0,291039
118,291071
413,291103
893,291135
838,291167
1450,291199
1677,291231
1551,291263
2110,291295
2380,291327
2140,291359
1822,291391
1628,291423
1435,291455
764,291487
895,291519
698,291551
87,291583
0,291615
266,291647
539,291679
376,291711
600,291743
914,291775
1099,291807
1276,291839
1502,291871
1832,291903
1896,291935
1613,291967
1883,291999
1241,292031
979,292063
1119,292095
951,292127
332,292159
430,292191
203,292223
440,292255
574,292287
477,292319
1080,292351
876,292383
1488,292415
1784,292447
1593,292479
2299,292511
2186,292543
1580,292575
1769,292607
1104,292639
936,292671
1070,292703
446,292735
295,292767
334,292799
0,292831
60,292863
267,292895
553,292927
779,292959
960,292991
1260,293023
1807,293055
1692,293087
2329,293119
1847,293151
1567,293183
1692,293215
1497,293247
919,293279
992,293311
766,293343
568,293375
268,293407
252,293439
477,293471
316,293503
896,293535
1120,293567
1392,293599
1224,293631
1820,293663
1781,293695
1962,293727
1674,293759
1816,293791
1301,293823
1034,293855
762,293887
619,293919
382,293951
134,293983
315,294015
5,294047
233,294079
781,294111
1071,294143
907,294175
1432,294207
1334,294239
2009,294271
1743,294303
2252,294335
2059,294367
1384,294399
1643,294431
1308,294463
728,294495
957,294527
249,294559
87,294591
204,294623
0,294655
299,294687
800,294719
678,294751
888,294783
1208,294815
1400,294847
1594,294879
1808,294911
1896,294943
1978,294975
1354,295007
1199,295039
972,295071
716,295103
860,295135
635,295167
61,295199
190,295231
462,295263
686,295295
845,295327
1114,295359
1385,295391
1168,295423
1760,295455
1741,295487
2328,295519
1737,295551
1870,295583
1323,295615
1036,295647
812,295679
941,295711
418,295743
140,295775
0,295807
0,295839
135,295871
314,295903
1019,295935
852,295967
1045,295999
1647,296031
1947,296063
1771,296095
2348,296127
2121,296159
1941,296191
1598,296223
1416,296255
1184,296287
526,296319
389,296351
492,296383
0,296415
395,296447
511,296479
393,296511
1019,296543
828,296575
1115,296607
1720,296639
1535,296671
1752,296703
1917,296735
1688,296767
1847,296799
1163,296831
1000,296863
1102,296895
504,296927
346,296959
103,296991
0,297023
411,297055
303,297087
493,297119
1056,297151
1327,297183
1209,297215
1755,297247
1992,297279
2267,297311
2172,297343
1979,297375
1741,297407
1549,297439
1230,297471
1001,297503
472,297535
200,297567
314,297599
155,297631
78,297663
256,297695
842,297727
793,297759
986,297791
1162,297823
1483,297855
1717,297887
1911,297919
2233,297951
1591,297983
1660,298015
1467,298047
1293,298079
679,298111
732,298143
555,298175
377,298207
0,298239
169,298271
735,298303
540,298335
1243,298367
1374,298399
1243,298431
1949,298463
1690,298495
1978,298527
2124,298559
1444,298591
1310,298623
1050,298655
780,298687
633,298719
312,298751
141,298783
282,298815
0,298847
244,298879
440,298911
622,298943
925,298975
1159,299007
1351,299039
1978,299071
2215,299103
1950,299135
2042,299167
1850,299199
1609,299231
1293,299263
1112,299295
909,299327
252,299359
378,299391
174,299423
0,299455
206,299487
779,299519
1050,299551
878,299583
1103,299615
1705,299647
1615,299679
1801,299711
1787,299743
1642,299775
1381,299807
1096,299839
1351,299871
728,299903
842,299935
603,299967
429,299999
0,300031
442,300063
679,300095
958,300127
1084,300159
987,300191
1599,300223
1391,300255
1719,300287
2303,300319
1755,300351
1995,300383
1658,300415
1065,300447
1243,300479
591,300511
427,300543
201,300575
0,300607
0,300639
460,300671
378,300703
975,300735
768,300767
1063,300799
1291,300831
1472,300863
1787,300895
1979,300927
1750,300959
1901,300991
1321,301023
1050,301055
1166,301087
973,301119
407,301151
474,301183
0,301215
347,301247
505,301279
766,301311
991,301343
828,301375
1416,301407
1644,301439
1930,301471
1752,301503
2222,301535
1983,301567
1434,301599
1151,301631
1280,301663
789,301695
522,301727
250,301759
107,301791
0,301823
395,301855
681,301887
507,301919
733,301951
1295,301983
1599,302015
1421,302047
1964,302079
1866,302111
2297,302143
1552,302175
1720,302207
1529,302239
871,302271
1118,302303
795,302335
216,302367
431,302399
0,302431
93,302463
284,302495
487,302527
811,302559
1312,302591
1192,302623
1497,302655
1631,302687
1931,302719
1766,302751
1501,302783
1368,302815
1113,302847
841,302879
685,302911
455,302943
201,302975
344,303007
297,303039
185,303071
718,303103
548,303135
1211,303167
1368,303199
1641,303231
1915,303263
1690,303295
2284,303327
2096,303359
1900,303391
1211,303423
1344,303455
1148,303487
536,303519
302,303551
425,303583
0,303615
0,303647
152,303679
456,303711
647,303743
1247,303775
1532,303807
1365,303839
1561,303871
2184,303903
2348,303935
1703,303967
1818,303999
1591,304031
1403,304063
1072,304095
896,304127
665,304159
24,304191
0,304223
395,304255
230,304287
907,304319
1024,304351
906,304383
1131,304415
1339,304447
1639,304479
2252,304511
1817,304543
1659,304575
1720,304607
1161,304639
1311,304671
650,304703
476,304735
262,304767
2,304799
0,304831
103,304863
328,304895
925,304927
813,304959
1003,304991
1582,305023
1400,305055
1735,305087
2286,305119
2156,305151
1959,305183
1642,305215
1448,305247
1214,305279
1031,305311
716,305343
488,305375
0,305407
0,305439
441,305471
669,305503
590,305535
767,305567
1356,305599
1307,305631
1500,305663
2189,305695
1995,305727
1757,305759
1486,305791
1695,305823
1067,305855
840,305887
943,305919
777,305951
155,305983
216,306015
329,306047
607,306079
368,306111
683,306143
1248,306175
1051,306207
1772,306239
1903,306271
1771,306303
1852,306335
1616,306367
1451,306399
1592,306431
925,306463
798,306495
848,306527
280,306559
119,306591
0,306623
42,306655
232,306687
431,306719
759,306751
952,306783
1134,306815
1437,306847
1675,306879
1878,306911
2265,306943
1552,306975
1431,307007
1504,307039
1322,307071
1083,307103
777,307135
591,307167
393,307199
0,307231
383,307263
654,307295
490,307327
714,307359
1294,307391
1568,307423
1392,307455
1628,307487
2318,307519
1785,307551
1497,307583
1771,307615
1127,307647
857,307679
584,307711
837,307743
216,307775
0,307807
269,307839
555,307871
404,307903
954,307935
1193,307967
1480,307999
1611,308031
1501,308063
2135,308095
1903,308127
1768,308159
1882,308191
1230,308223
976,308255
1135,308287
554,308319
719,308351
78,308383
0,308415
334,308447
171,308479
471,308511
974,308543
890,308575
1499,308607
1289,308639
1579,308671
1816,308703
1872,308735
1720,308767
1449,308799
1224,308831
1373,308863
1064,308895
540,308927
650,308959
457,308991
0,309023
367,309055
602,309087
861,309119
1020,309151
1290,309183
1518,309215
1337,309247
1948,309279
2176,309311
2206,309343
1560,309375
1692,309407
1455,309439
920,309471
647,309503
503,309535
275,309567
9,309599
0,309631
123,309663
344,309695
536,309727
1191,309759
1019,309791
1252,309823
1831,309855
2125,309887
1948,309919
2123,309951
1552,309983
1757,310015
1038,310047
903,310079
1005,310111
360,310143
136,310175
270,310207
0,310239
559,310271
314,310303
613,310335
1196,310367
999,310399
1323,310431
1850,310463
1710,310495
2013,310527
1678,310559
1509,310591
1240,310623
986,310655
855,310687
602,310719
332,310751
173,310783
201,310815
0,310847
591,310879
813,310911
701,310943
1232,310975
1504,311007
1739,311039
1887,311071
2170,311103
2315,311135
1613,311167
1755,311199
1560,311231
1374,311263
700,311295
825,311327
636,311359
26,311391
0,311423
62,311455
251,311487
429,311519
652,311551
968,311583
1160,311615
1327,311647
2071,311679
1895,311711
1846,311743
1992,311775
1819,311807
1179,311839
1290,311871
1055,311903
891,311935
556,311967
21,311999
207,312031
31,312063
636,312095
907,312127
742,312159
1419,312191
1551,312223
1418,312255
2077,312287
1866,312319
1799,312351
1936,312383
1294,312415
1134,312447
1192,312479
652,312511
795,312543
141,312575
0,312607
0,312639
121,312671
424,312703
942,312735
840,312767
1449,312799
1325,312831
1528,312863
2112,312895
2377,312927
1783,312959
1866,312991
1628,313023
1432,313055
1117,313087
925,313119
699,313151
503,313183
201,313215
268,313247
200,313279
377,313311
954,313343
916,313375
1103,313407
1277,313439
1882,313471
1834,313503
1898,313535
1610,313567
1469,313599
1239,313631
969,313663
1177,313695
552,313727
327,313759
428,313791
247,313823
61,313855
575,313887
488,313919
1131,313951
878,313983
1498,314015
1789,314047
1574,314079
2311,314111
2189,314143
1579,314175
1820,314207
1097,314239
935,314271
1068,314303
421,314335
286,314367
344,314399
0,314431
127,314463
267,314495
556,314527
745,314559
942,314591
1271,314623
1816,314655
1658,314687
1965,314719
1847,314751
1562,314783
1726,314815
1487,314847
910,314879
990,314911
798,314943
567,314975
265,315007
253,315039
524,315071
329,315103
907,315135
1168,315167
1002,315199
1226,315231
1823,315263
1743,315295
1902,315327
1672,315359
1805,315391
1257,315423
974,315455
759,315487
615,315519
347,315551
76,315583
315,315615
16,315647
199,315679
792,315711
1079,315743
906,315775
1472,315807
1722,315839
2011,315871
2141,315903
2296,315935
2061,315967
1384,315999
1241,316031
1351,316063
718,316095
952,316127
619,316159
45,316191
201,316223
0,316255
269,316287
858,316319
681,316351
983,316383
1488,316415
1413,316447
1598,316479
1808,316511
1863,316543
1978,316575
1344,316607
1195,316639
936,316671
712,316703
861,316735
297,316767
28,316799
206,316831
471,316863
361,316895
894,316927
1116,316959
1387,316991
1536,317023
1817,317055
2041,317087
1867,317119
2106,317151
1867,317183
1320,317215
1038,317247
1164,317279
940,317311
410,317343
126,317375
251,317407
0,317439
140,317471
318,317503
635,317535
854,317567
1040,317599
1711,317631
1544,317663
1772,317695
2345,317727
2173,317759
1526,317791
1594,317823
1405,317855
1231,317887
525,317919
390,317951
491,317983
0,318015
389,318047
524,318079
399,318111
1085,318143
828,318175
1117,318207
1726,318239
1516,318271
1852,318303
2240,318335
1640,318367
1388,318399
1151,318431
987,318463
1144,318495
473,318527
344,318559
87,318591
0,318623
79,318655
311,318687
495,318719
1104,318751
1337,318783
1212,318815
1760,318847
2040,318879
2267,318911
2168,318943
1977,318975
1785,319007
1100,319039
1227,319071
1038,319103
424,319135
192,319167
303,319199
190,319231
42,319263
271,319295
842,319327
764,319359
938,319391
1165,319423
1482,319455
1676,319487
1860,319519
1674,319551
1589,319583
1318,319615
1467,319647
1291,319679
667,319711
767,319743
541,319775
375,319807
234,319839
150,319871
735,319903
543,319935
858,319967
1432,319999
1256,320031
1959,320063
2092,320095
1928,320127
2121,320159
1439,320191
1275,320223
1048,320255
780,320287
528,320319
672,320351
139,320383
271,320415
0,320447
221,320479
450,320511
621,320543
926,320575
1128,320607
1352,320639
1981,320671
1851,320703
1916,320735
2042,320767
1837,320799
1255,320831
1336,320863
1100,320895
907,320927
604,320959
411,320991
171,321023
0,321055
568,321087
784,321119
714,321151
888,321183
1471,321215
1708,321247
1624,321279
1804,321311
2159,321343
1642,321375
1369,321407
1086,321439
951,321471
726,321503
460,321535
654,321567
44,321599
0,321631
454,321663
735,321695
572,321727
1096,321759
1000,321791
1657,321823
1399,321855
2040,321887
2313,321919
1737,321951
1995,321983
1657,322015
1055,322047
1305,322079
587,322111
423,322143
156,322175
0,322207
0,322239
472,322271
345,322303
649,322335
777,322367
1064,322399
1254,322431
1465,322463
1790,322495
1978,322527
1694,322559
1545,322591
1309,322623
1048,322655
1198,322687
971,322719
395,322751
474,322783
280,322815
357,322847
507,322879
777,322911
1040,322943
829,322975
1421,323007
1694,323039
1516,323071
1754,323103
2219,323135
2026,323167
1381,323199
1148,323231
1287,323263
746,323295
472,323327
248,323359
104,323391
0,323423
395,323455
670,323487
522,323519
711,323551
1307,323583
1607,323615
1429,323647
2010,323679
2253,323711
2284,323743
1947,323775
1760,323807
1529,323839
864,323871
726,323903
831,323935
208,323967
427,323999
173,324031
68,324063
286,324095
489,324127
780,324159
1372,324191
1194,324223
1499,324255
2028,324287
1933,324319
1756,324351
1501,324383
1335,324415
1440,324447
842,324479
683,324511
427,324543
202,324575
333,324607
0,324639
157,324671
720,324703
987,324735
871,324767
1408,324799
1644,324831
1915,324863
2064,324895
2334,324927
2091,324959
1437,324991
1577,325023
1338,325055
808,325087
525,325119
652,325151
416,325183
0,325215
0,325247
493,325279
459,325311
648,325343
1309,325375
1142,325407
1370,325439
1563,325471
2251,325503
1932,325535
1703,325567
1817,325599
1641,325631
1004,325663
1070,325695
889,325727
719,325759
24,325791
0,325823
397,325855
204,325887
908,325919
1037,325951
909,325983
1117,326015
1343,326047
1642,326079
2262,326111
1785,326143
1659,326175
1712,326207
1116,326239
874,326271
640,326303
471,326335
622,326367
0,326399
0,326431
107,326463
296,326495
589,326527
823,326559
1016,326591
1628,326623
1401,326655
1736,326687
2288,326719
2200,326751
1950,326783
1640,326815
1449,326847
1257,326879
587,326911
716,326943
522,326975
0,327007
0,327039
444,327071
716,327103
550,327135
776,327167
1358,327199
1275,327231
1452,327263
2189,327295
1993,327327
1720,327359
1432,327391
1691,327423
1061,327455
806,327487
941,327519
775,327551
156,327583
248,327615
328,327647
620,327679
748,327711
662,327743
1258,327775
1054,327807
1367,327839
1960,327871
1774,327903
1840,327935
2008,327967
1400,327999
1583,328031
923,328063
762,328095
894,328127
270,328159
23,328191
153,328223
46,328255
639,328287
431,328319
728,328351
962,328383
1135,328415
1447,328447
1645,328479
1882,328511
2253,328543
1930,328575
1388,328607
1504,328639
1311,328671
743,328703
814,328735
588,328767
392,328799
159,328831
432,328863
655,328895
490,328927
1069,328959
1292,328991
1224,329023
1400,329055
1999,329087
2237,329119
1786,329151
1497,329183
1352,329215
1118,329247
856,329279
584,329311
443,329343
217,329375
0,329407
333,329439
173,329471
407,329503
957,329535
1247,329567
1081,329599
1613,329631
1514,329663
2189,329695
1901,329727
1755,329759
1879,329791
1208,329823
984,329855
1132,329887
552,329919
777,329951
75,329983
0,330015
345,330047
153,330079
473,330111
985,330143
856,330175
1161,330207
1292,330239
1582,330271
1776,330303
1850,330335
1719,330367
1452,330399
1164,330431
1021,330463
1053,330495
538,330527
682,330559
455,330591
0,330623
380,330655
638,330687
873,330719
1021,330751
1293,330783
1565,330815
1352,330847
1950,330879
2232,330911
1789,330943
1551,330975
1692,331007
1497,331039
872,331071
636,331103
493,331135
239,331167
0,331199
0,331231
121,331263
312,331295
488,331327
1192,331359
1021,331391
1223,331423
1837,331455
2135,331487
1958,331519
2169,331551
1783,331583
1755,331615
1416,331647
861,331679
1005,331711
352,331743
509,331775
314,331807
0,331839
567,331871
695,331903
570,331935
1197,331967
1003,331999
1292,332031
1902,332063
1711,332095
2007,332127
2062,332159
1501,332191
1232,332223
984,332255
823,332287
588,332319
328,332351
168,332383
233,332415
0,332447
599,332479
477,332511
669,332543
1244,332575
1513,332607
1385,332639
1945,332671
2175,332703
2309,332735
1991,332767
1792,332799
1559,332831
924,332863
1052,332895
816,332927
636,332959
24,332991
125,333023
70,333055
262,333087
432,333119
1017,333151
969,333183
1163,333215
1336,333247
1659,333279
1897,333311
1835,333343
2047,333375
1403,333407
1176,333439
1289,333471
1115,333503
494,333535
557,333567
19,333599
269,333631
33,333663
636,333695
911,333727
717,333759
1422,333791
1560,333823
1421,333855
2137,333887
1868,333919
1799,333951
1944,333983
1264,334015
1133,334047
1184,334079
613,334111
362,334143
231,334175
0,334207
0,334239
94,334271
412,334303
952,334335
798,334367
1101,334399
1325,334431
1528,334463
2158,334495
2377,334527
1773,334559
1856,334591
1664,334623
1420,334655
1115,334687
926,334719
733,334751
80,334783
201,334815
314,334847
590,334879
381,334911
956,334943
879,334975
1062,335007
1278,335039
1885,335071
1803,335103
1839,335135
1609,335167
1463,335199
1193,335231
920,335263
1165,335295
552,335327
295,335359
424,335391
247,335423
59,335455
620,335487
857,335519
1141,335551
1261,335583
1550,335615
1787,335647
1576,335679
1897,335711
2232,335743
1577,335775
1815,335807
1472,335839
888,335871
1065,335903
413,335935
263,335967
378,335999
0,336031
48,336063
331,336095
556,336127
1165,336159
944,336191
1241,336223
1816,336255
1661,336287
1974,336319
1801,336351
1563,336383
1725,336415
1135,336447
875,336479
988,336511
795,336543
222,336575
299,336607
266,336639
526,336671
683,336703
953,336735
1168,336767
1453,336799
1598,336831
1834,336863
1742,336895
1900,336927
2040,336959
1803,336991
1256,337023
973,337055
1104,337087
605,337119
346,337151
74,337183
0,337215
16,337247
200,337279
857,337311
684,337343
1212,337375
1483,337407
1783,337439
1611,337471
2142,337503
2287,337535
2107,337567
1376,337599
1239,337631
1353,337663
699,337695
941,337727
618,337759
41,337791
245,337823
0,337855
270,337887
858,337919
664,337951
984,337983
1180,338015
1368,338047
1677,338079
1817,338111
1851,338143
2010,338175
1322,338207
1195,338239
936,338271
664,338303
509,338335
285,338367
24,338399
238,338431
473,338463
363,338495
896,338527
1164,338559
1389,338591
1546,338623
1819,338655
2095,338687
1870,338719
2106,338751
1904,338783
1262,338815
1024,338847
1165,338879
973,338911
358,338943
126,338975
249,339007
0,339039
102,339071
320,339103
631,339135
825,339167
1000,339199
1723,339231
1544,339263
2140,339295
2336,339327
2169,339359
1515,339391
1632,339423
1405,339455
1227,339487
894,339519
349,339551
489,339583
0,339615
18,339647
576,339679
409,339711
1083,339743
1212,339775
1081,339807
1727,339839
1519,339871
1820,339903
1914,339935
1638,339967
1479,339999
1532,340031
985,340063
1133,340095
472,340127
311,340159
88,340191
0,340223
75,340255
280,340287
502,340319
1110,340351
989,340383
1191,340415
1768,340447
2043,340479
1915,340511
2207,340543
1596,340575
1775,340607
1464,340639
1273,340671
1037,340703
424,340735
541,340767
304,340799
200,340831
44,340863
617,340895
845,340927
774,340959
942,340991
1534,341023
1491,341055
1688,341087
1868,341119
1816,341151
1578,341183
1707,341215
1515,341247
891,341279
665,341311
764,341343
601,341375
0,341407
235,341439
144,341471
799,341503
544,341535
1152,341567
1433,341599
1230,341631
1959,341663
2091,341695
1927,341727
2169,341759
1437,341791
1273,341823
1000,341855
747,341887
631,341919
672,341951
102,341983
0,342015
0,342047
219,342079
408,342111
616,342143
935,342175
1130,342207
1308,342239
1625,342271
1863,342303
1914,342335
2078,342367
1835,342399
1255,342431
1326,342463
688,342495
907,342527
598,342559
408,342591
203,342623
2,342655
569,342687
828,342719
1104,342751
891,342783
1480,342815
1756,342847
1577,342879
1806,342911
2156,342943
1605,342975
1320,343007
1084,343039
942,343071
683,343103
831,343135
653,343167
50,343199
0,343231
447,343263
744,343295
571,343327
1135,343359
1373,343391
1659,343423
1788,343455
2078,343487
2315,343519
1724,343551
1578,343583
1631,343615
1064,343647
1288,343679
955,343711
378,343743
157,343775
0,343807
0,343839
512,343871
350,343903
648,343935
1152,343967
1067,343999
1687,344031
1465,344063
1758,344095
1976,344127
1694,344159
1533,344191
1273,344223
1048,344255
1197,344287
623,344319
364,344351
474,344383
0,344415
27,344447
555,344479
780,344511
1047,344543
1196,344575
1469,344607
1695,344639
1989,344671
2127,344703
2207,344735
1658,344767
1372,344799
1502,344831
1277,344863
744,344895
460,344927
592,344959
95,344991
0,345023
447,345055
299,345087
521,345119
712,345151
1369,345183
1197,345215
1430,345247
2014,345279
2313,345311
1867,345343
1944,345375
1757,345407
1577,345439
859,345471
725,345503
831,345535
186,345567
427,345599
184,345631
60,345663
267,345695
491,345727
781,345759
1376,345791
1176,345823
1501,345855
2030,345887
1897,345919
1831,345951
1496,345983
1333,346015
1064,346047
809,346079
681,346111
422,346143
154,346175
6,346207
0,346239
167,346271
764,346303
555,346335
876,346367
1418,346399
1690,346431
1929,346463
2076,346495
2327,346527
2139,346559
1436,346591
1576,346623
1386,346655
751,346687
524,346719
650,346751
459,346783
0,346815
0,346847
505,346879
427,346911
604,346943
1309,346975
1145,347007
1335,347039
1516,347071
2251,347103
1928,347135
1655,347167
1807,347199
1639,347231
1000,347263
1104,347295
889,347327
712,347359
381,347391
0,347423
399,347455
218,347487
522,347519
1086,347551
912,347583
1118,347615
1738,347647
1605,347679
2253,347711
1786,347743
1613,347775
1756,347807
1116,347839
958,347871
1008,347903
475,347935
615,347967
0,347999
0,348031
108,348063
298,348095
599,348127
792,348159
1014,348191
1629,348223
1773,348255
1706,348287
2300,348319
2189,348351
1595,348383
1678,348415
1438,348447
1247,348479
940,348511
751,348543
510,348575
0,348607
220,348639
446,348671
716,348703
553,348735
1131,348767
1359,348799
1280,348831
1456,348863
1783,348895
1990,348927
1709,348959
1424,348991
1285,349023
1061,349055
794,349087
992,349119
379,349151
165,349183
249,349215
395,349247
236,349279
750,349311
656,349343
1309,349375
1064,349407
1372,349439
1961,349471
1752,349503
1839,349535
1998,349567
1392,349599
1641,349631
912,349663
760,349695
892,349727
239,349759
107,349791
150,349823
20,349855
313,349887
432,349919
728,349951
920,349983
1119,350015
1449,350047
1647,350079
1836,350111
1885,350143
1917,350175
1388,350207
1548,350239
1309,350271
743,350303
814,350335
622,350367
382,350399
168,350431
442,350463
703,350495
492,350527
1084,350559
1343,350591
1630,350623
1403,350655
2008,350687
2287,350719
1724,350751
1484,350783
1349,350815
1082,350847
806,350879
576,350911
439,350943
178,350975
0,351007
333,351039
184,351071
377,351103
967,351135
1256,351167
1091,351199
1661,351231
1903,351263
2189,351295
2295,351327
1719,351359
1871,351391
1198,351423
1355,351455
1177,351487
552,351519
764,351551
440,351583
0,351615
349,351647
157,351679
456,351711
1024,351743
868,351775
1161,351807
1679,351839
1580,351871
2219,351903
1840,351935
1675,351967
1447,351999
1176,352031
1017,352063
1095,352095
534,352127
681,352159
109,352191
0,352223
382,352255
649,352287
539,352319
1069,352351
1294,352383
1574,352415
1722,352447
1997,352479
2233,352511
2247,352543
1927,352575
1680,352607
1136,352639
860,352671
986,352703
491,352735
234,352767
0,352799
156,352831
126,352863
313,352895
494,352927
811,352959
1033,352991
1222,353023
1899,353055
1723,353087
1959,353119
2167,353151
1993,353183
1340,353215
1408,353247
858,353279
1053,353311
349,353343
492,353375
313,353407
0,353439
572,353471
698,353503
575,353535
1257,353567
1004,353599
1294,353631
1904,353663
1702,353695
1995,353727
2062,353759
1452,353791
1303,353823
974,353855
813,353887
553,353919
298,353951
168,353983
232,354015
0,354047
265,354079
477,354111
679,354143
1280,354175
1515,354207
1397,354239
1945,354271
2222,354303
2301,354335
1983,354367
1791,354399
1599,354431
921,354463
1052,354495
858,354527
248,354559
21,354591
122,354623
40,354655
216,354687
440,354719
1017,354751
942,354783
1117,354815
1341,354847
1663,354879
1863,354911
1774,354943
2041,354975
1402,355007
1132,355039
1278,355071
1111,355103
490,355135
586,355167
367,355199
275,355231
410,355263
688,355295
920,355327
718,355359
1034,355391
1612,355423
1431,355455
2139,355487
2267,355519
1751,355551
1933,355583
1260,355615
1338,355647
1232,355679
602,355711
444,355743
494,355775
0,355807
0,355839
104,355871
393,355903
952,355935
808,355967
1108,355999
1303,356031
1532,356063
2167,356095
1999,356127
1739,356159
1854,356191
1659,356223
1069,356255
1150,356287
922,356319
731,356351
426,356383
232,356415
316,356447
169,356479
736,356511
968,356543
888,356575
1066,356607
1648,356639
1888,356671
1804,356703
1835,356735
1976,356767
1461,356799
1192,356831
909,356863
779,356895
542,356927
282,356959
476,356991
0,357023
71,357055
621,357087
911,357119
747,357151
1272,357183
1549,357215
1839,357247
1578,357279
1911,357311
2221,357343
1548,357375
1805,357407
1470,357439
877,357471
1113,357503
409,357535
249,357567
376,357599
0,357631
139,357663
650,357695
524,357727
729,357759
954,357791
1243,357823
1868,357855
1645,357887
1977,357919
1797,357951
1514,357983
1357,358015
1131,358047
874,358079
1022,358111
792,358143
231,358175
300,358207
300,358239
533,358271
685,358303
956,358335
1225,358367
1004,358399
1600,358431
1871,358463
1702,358495
1899,358527
2031,358559
1840,358591
1198,358623
971,358655
1102,358687
570,358719
295,358751
73,358783
0,358815
0,358847
166,358879
859,358911
695,358943
883,358975
1484,359007
1784,359039
1609,359071
2192,359103
2283,359135
2107,359167
1759,359199
1194,359231
1341,359263
687,359295
554,359327
654,359359
38,359391
243,359423
351,359455
235,359487
861,359519
667,359551
955,359583
1192,359615
1370,359647
1584,359679
2206,359711
1849,359743
2007,359775
1323,359807
1150,359839
931,359871
665,359903
503,359935
249,359967
23,359999
237,360031
141,360063
339,360095
906,360127
1177,360159
1050,360191
1594,360223
1824,360255
2108,360287
2253,360319
2143,360351
1903,360383
1260,360415
1400,360447
1162,360479
631,360511
350,360543
475,360575
249,360607
0,360639
104,360671
681,360703
637,360735
826,360767
1000,360799
1323,360831
1556,360863
1740,360895
2397,360927
1752,360959
1513,360991
1628,361023
1451,361055
827,361087
894,361119
348,361151
535,361183
0,361215
300,361247
585,361279
378,361311
1085,361343
1212,361375
1087,361407
1787,361439
1520,361471
1820,361503
1866,361535
1608,361567
1469,361599
1530,361631
940,361663
793,361695
462,361727
297,361759
42,361791
0,361823
87,361855
282,361887
472,361919
765,361951
999,361983
1190,362015
1816,362047
2045,362079
1917,362111
2204,362143
2010,362175
1771,362207
1456,362239
1271,362271
1071,362303
414,362335
528,362367
346,362399
0,362431
47,362463
621,362495
892,362527
718,362559
942,362591
1536,362623
1452,362655
1638,362687
1870,362719
1815,362751
1532,362783
1695,362815
1504,362847
887,362879
627,362911
761,362943
599,362975
0,363007
280,363039
521,363071
796,363103
924,363135
1198,363167
1435,363199
1231,363231
1549,363263
2142,363295
1917,363327
2168,363359
1820,363391
1227,363423
991,363455
748,363487
587,363519
716,363551
102,363583
0,363615
299,363647
221,363679
412,363711
617,363743
905,363775
1470,363807
1312,363839
1626,363871
1831,363903
1912,363935
2071,363967
1481,363999
1210,364031
1326,364063
1135,364095
567,364127
636,364159
412,364191
201,364223
345,364255
616,364287
840,364319
668,364351
1257,364383
1482,364415
1410,364447
1580,364479
2176,364511
2153,364543
1596,364575
1310,364607
1450,364639
937,364671
682,364703
879,364735
267,364767
37,364799
0,364831
512,364863
350,364895
584,364927
1143,364959
1431,364991
1259,365023
1790,365055
2087,365087
2379,365119
1721,365151
1576,365183
1693,365215
1022,365247
1279,365279
955,365311
377,365343
123,365375
0,365407
0,365439
524,365471
330,365503
651,365535
1164,365567
1032,365599
1244,365631
1468,365663
1768,365695
2364,365727
1662,365759
1529,365791
1270,365823
999,365855
845,365887
619,365919
366,365951
504,365983
0,366015
30,366047
554,366079
824,366111
1051,366143
1200,366175
1471,366207
1753,366239
1519,366271
2135,366303
2252,366335
1608,366367
1372,366399
1502,366431
1312,366463
684,366495
459,366527
590,366559
60,366591
0,366623
455,366655
299,366687
487,366719
665,366751
1371,366783
1207,366815
1398,366847
2014,366879
2313,366911
1867,366943
1977,366975
1753,367007
1575,367039
1229,367071
684,367103
827,367135
174,367167
41,367199
232,367231
73,367263
270,367295
875,367327
747,367359
1387,367391
1179,367423
1479,367455
2090,367487
1899,367519
1734,367551
1882,367583
1321,367615
1482,367647
1098,367679
635,367711
422,367743
152,367775
0,367807
0,367839
168,367871
765,367903
908,367935
855,367967
1420,367999
1693,368031
1565,368063
2124,368095
2320,368127
2121,368159
1804,368191
1611,368223
1375,368255
747,368287
877,368319
648,368351
112,368383
0,368415
282,368447
509,368479
438,368511
604,368543
923,368575
1147,368607
1338,368639
1516,368671
1847,368703
1926,368735
1646,368767
1867,368799
1227,368831
997,368863
1104,368895
939,368927
316,368959
377,368991
0,369023
445,369055
216,369087
525,369119
1096,369151
890,369183
1128,369215
1742,369247
1608,369279
2315,369311
1776,369343
1612,369375
1754,369407
1084,369439
956,369471
1008,369503
429,369535
271,369567
0,369599
0,369631
76,369663
271,369695
601,369727
792,369759
974,369791
1277,369823
1783,369855
1710,369887
2346,369919
2187,369951
1592,369983
1676,370015
1482,370047
1242,370079
939,370111
749,370143
559,370175
0,370207
222,370239
490,370271
328,370303
556,370335
1134,370367
1407,370399
1238,370431
1466,370463
1788,370495
1956,370527
1661,370559
1422,370591
1287,370623
1016,370655
745,370687
989,370719
374,370751
115,370783
239,370815
392,370847
245,370879
798,370911
1035,370943
1318,370975
1448,371007
1349,371039
1967,371071
1756,371103
2224,371135
2044,371167
1392,371199
1629,371231
1293,371263
714,371295
888,371327
237,371359
75,371391
186,371423
21,371455
317,371487
815,371519
732,371551
922,371583
1129,371615
1419,371647
1657,371679
1848,371711
1895,371743
1963,371775
1384,371807
1546,371839
959,371871
698,371903
812,371935
619,371967
55,371999
205,372031
442,372063
701,372095
860,372127
1120,372159
1355,372191
1181,372223
1785,372255
2012,372287
2296,372319
1721,372351
1853,372383
1339,372415
1080,372447
796,372479
925,372511
439,372543
170,372575
0,372607
0,372639
184,372671
378,372703
1036,372735
871,372767
1095,372799
1663,372831
1965,372863
1786,372895
2296,372927
1710,372959
1927,372991
1200,373023
1356,373055
1177,373087
510,373119
775,373151
440,373183
0,373215
397,373247
160,373279
454,373311
1038,373343
844,373375
1164,373407
1688,373439
1548,373471
1768,373503
1943,373535
1674,373567
1400,373599
1147,373631
1015,373663
1088,373695
490,373727
333,373759
107,373791
0,373823
426,373855
655,373887
539,373919
1082,373951
1342,373983
1575,374015
1726,374047
1999,374079
2283,374111
1783,374143
1919,374175
1724,374207
1534,374239
859,374271
986,374303
457,374335
184,374367
0,374399
158,374431
103,374463
281,374495
494,374527
796,374559
1004,374591
1174,374623
1901,374655
1733,374687
1927,374719
2155,374751
1979,374783
1339,374815
1449,374847
1227,374879
1051,374911
717,374943
540,374975
313,375007
0,375039
186,375071
747,375103
575,375135
1259,375167
1391,375199
1258,375231
1913,375263
1696,375295
1963,375327
2108,375359
1450,375391
1209,375423
1035,375455
810,375487
957,375519
296,375551
125,375583
224,375615
0,375647
263,375679
456,375711
682,375743
1289,375775
1175,375807
1365,375839
1948,375871
2233,375903
1943,375935
2026,375967
1788,375999
1595,376031
1276,376063
1087,376095
859,376127
669,376159
363,376191
119,376223
42,376255
219,376287
796,376319
1021,376351
941,376383
1117,376415
1712,376447
1671,376479
1867,376511
1768,376543
1629,376575
1398,376607
1128,376639
1335,376671
703,376703
782,376735
589,376767
415,376799
0,376831
412,376863
695,376895
975,376927
720,376959
1034,376991
1613,377023
1406,377055
2141,377087
2272,377119
1741,377151
1991,377183
1259,377215
1095,377247
1230,377279
572,377311
444,377343
184,377375
0,377407
0,377439
108,377471
395,377503
992,377535
784,377567
1112,377599
1307,377631
1494,377663
1803,377695
1997,377727
1732,377759
1888,377791
1657,377823
1069,377855
1150,377887
958,377919
729,377951
415,377983
224,378015
352,378047
169,378079
746,378111
1008,378143
844,378175
1069,378207
1660,378239
1935,378271
1762,378303
1832,378335
1968,378367
1417,378399
1134,378431
910,378463
775,378495
506,378527
232,378559
475,378591
0,378623
409,378655
624,378687
923,378719
757,378751
1311,378783
1559,378815
1849,378847
1975,378879
1876,378911
2221,378943
1548,378975
1399,379007
1516,379039
876,379071
1111,379103
780,379135
203,379167
367,379199
0,379231
108,379263
344,379295
526,379327
825,379359
1336,379391
1247,379423
1869,379455
1645,379487
1945,379519
1796,379551
1512,379583
1356,379615
1096,379647
870,379679
504,379711
447,379743
184,379775
288,379807
313,379839
203,379871
730,379903
612,379935
1223,379967
1374,379999
1648,380031
1883,380063
1706,380095
2271,380127
2030,380159
1838,380191
1195,380223
1323,380255
1102,380287
566,380319
300,380351
411,380383
0,380415
0,380447
158,380479
475,380511
697,380543
1275,380575
1549,380607
1383,380639
1610,380671
2200,380703
2335,380735
1688,380767
1756,380799
1194,380831
1391,380863
684,380895
830,380927
651,380959
9,380991
235,381023
363,381055
239,381087
921,381119
669,381151
964,381183
1146,381215
1354,381247
1687,381279
2218,381311
1802,381343
1645,381375
1312,381407
1148,381439
879,381471
635,381503
505,381535
248,381567
0,381599
0,381631
151,381663
346,381695
942,381727
1173,381759
1053,381791
1598,381823
1405,381855
2104,381887
2255,381919
2140,381951
1947,381983
1258,382015
1389,382047
1196,382079
1016,382111
348,382143
461,382175
280,382207
0,382239
105,382271
685,382303
611,382335
782,382367
1007,382399
1323,382431
1512,382463
2143,382495
2395,382527
1750,382559
1470,382591
1625,382623
1451,382655
825,382687
928,382719
711,382751
526,382783
191,382815
348,382847
584,382879
384,382911
697,382943
1262,382975
1088,383007
1787,383039
1916,383071
1784,383103
1856,383135
1608,383167
1434,383199
1577,383231
938,383263
780,383295
831,383327
299,383359
431,383391
0,383423
57,383455
285,383487
472,383519
776,383551
967,383583
1192,383615
1817,383647
1691,383679
1895,383711
2204,383743
1536,383775
1415,383807
1498,383839
1258,383871
1066,383903
762,383935
574,383967
335,383999
247,384031
407,384063
623,384095
553,384127
731,384159
1309,384191
1536,384223
1464,384255
1641,384287
2249,384319
1805,384351
1528,384383
1741,384415
1111,384447
886,384479
617,384511
825,384543
203,384575
0,384607
283,384639
575,384671
411,384703
928,384735
1209,384767
1497,384799
1241,384831
1559,384863
2144,384895
1896,384927
2157,384959
1818,384991
1213,385023
974,385055
745,385087
583,385119
714,385151
68,385183
0,385215
310,385247
184,385279
479,385311
619,385343
907,385375
1094,385407
1304,385439
1627,385471
1833,385503
1854,385535
1705,385567
1469,385599
1210,385631
1368,385663
684,385695
554,385727
636,385759
442,385791
197,385823
350,385855
618,385887
889,385919
680,385951
1259,385983
1530,386015
1356,386047
1584,386079
2192,386111
2189,386143
1543,386175
1307,386207
1440,386239
906,386271
624,386303
878,386335
264,386367
4,386399
0,386431
519,386463
359,386495
549,386527
1149,386559
1435,386591
1269,386623
1850,386655
2093,386687
2380,386719
2109,386751
1542,386783
1691,386815
1020,386847
885,386879
992,386911
368,386943
122,386975
256,387007
0,387039
523,387071
331,387103
622,387135
1214,387167
1036,387199
1339,387231
1866,387263
1772,387295
2361,387327
1661,387359
1486,387391
1271,387423
991,387455
840,387487
585,387519
361,387551
494,387583
185,387615
4,387647
570,387679
831,387711
715,387743
1256,387775
1472,387807
1755,387839
1904,387871
2188,387903
2252,387935
1600,387967
1740,387999
1501,388031
1312,388063
685,388095
814,388127
585,388159
60,388191
0,388223
76,388255
303,388287
490,388319
668,388351
983,388383
1208,388415
1400,388447
2087,388479
1911,388511
1863,388543
1979,388575
1803,388607
1164,388639
1230,388671
682,388703
877,388735
184,388767
29,388799
232,388831
48,388863
272,388895
876,388927
749,388959
1437,388991
1183,389023
1480,389055
2092,389087
1882,389119
1819,389151
1882,389183
1274,389215
1129,389247
798,389279
635,389311
377,389343
123,389375
0,389407
0,389439
136,389471
429,389503
911,389535
857,389567
1468,389599
1705,389631
1575,389663
2136,389695
2364,389727
2121,389759
1803,389791
1609,389823
1419,389855
747,389887
874,389919
682,389951
492,389983
0,390015
284,390047
554,390079
392,390111
616,390143
933,390175
1122,390207
1294,390239
1520,390271
1849,390303
1880,390335
1596,390367
1863,390399
1223,390431
953,390463
1103,390495
936,390527
313,390559
412,390591
175,390623
457,390655
587,390687
501,390719
1099,390751
894,390783
1504,390815
1790,390847
1611,390879
2327,390911
2171,390943
1562,390975
1753,391007
1081,391039
920,391071
1052,391103
427,391135
269,391167
317,391199
0,391231
475,391263
282,391295
570,391327
797,391359
976,391391
1287,391423
1832,391455
1719,391487
2347,391519
1821,391551
1559,391583
1674,391615
1479,391647
903,391679
974,391711
700,391743
550,391775
248,391807
270,391839
495,391871
773,391903
920,391935
1136,391967
1066,391999
1241,392031
1838,392063
1797,392095
1945,392127
1658,392159
1790,392191
1277,392223
1008,392255
741,392287
603,392319
374,392351
108,392383
299,392415
20,392447
244,392479
807,392511
1095,392543
923,392575
1450,392607
1352,392639
2029,392671
1768,392703
2232,392735
2045,392767
1368,392799
1627,392831
1292,392863
712,392895
939,392927
235,392959
70,392991
186,393023
1,393055
316,393087
826,393119
698,393151
999,393183
1131,393215
1418,393247
1610,393279
1822,393311
1885,393343
1964,393375
1337,393407
1181,393439
955,393471
694,393503
844,393535
617,393567
48,393599
220,393631
478,393663
711,393695
862,393727
1134,393759
1404,393791
1192,393823
1786,393855
2062,393887
1882,393919
1712,393951
1852,393983
1306,394015
1020,394047
795,394079
924,394111
397,394143
112,394175
0,394207
0,394239
154,394271
332,394303
1035,394335
872,394367
1063,394399
1673,394431
1975,394463
1789,394495
2330,394527
2103,394559
1916,394591
1579,394623
1400,394655
1165,394687
511,394719
375,394751
476,394783
0,394815
408,394847
541,394879
411,394911
1039,394943
843,394975
1132,395007
1738,395039
1552,395071
1864,395103
2232,395135
1670,395167
1400,395199
1136,395231
972,395263
1086,395295
480,395327
331,395359
75,395391
0,395423
429,395455
319,395487
519,395519
1082,395551
1351,395583
1226,395615
1776,395647
2010,395679
2286,395711
2157,395743
1963,395775
1721,395807
1081,395839
1214,395871
976,395903
456,395935
176,395967
288,395999
169,396031
103,396063
284,396095
857,396127
810,396159
1003,396191
1180,396223
1499,396255
1734,396287
1928,396319
2217,396351
1564,396383
1337,396415
1440,396447
1274,396479
652,396511
716,396543
526,396575
359,396607
0,396639
189,396671
751,396703
556,396735
1261,396767
1392,396799
1261,396831
1967,396863
1706,396895
1961,396927
2106,396959
1420,396991
1291,397023
1352,397055
763,397087
512,397119
287,397151
124,397183
254,397215
0,397247
263,397279
458,397311
639,397343
941,397375
1176,397407
1370,397439
1994,397471
2233,397503
1931,397535
2028,397567
1824,397599
1591,397631
1275,397663
1085,397695
893,397727
236,397759
362,397791
154,397823
7,397855
220,397887
798,397919
1070,397951
904,397983
1128,398015
1722,398047
1642,398079
1819,398111
1770,398143
1626,398175
1353,398207
1080,398239
1325,398271
711,398303
446,398335
585,398367
411,398399
0,398431
459,398463
697,398495
983,398527
1111,398559
1013,398591
1623,398623
1417,398655
1736,398687
2330,398719
1738,398751
1979,398783
1640,398815
1050,398847
1225,398879
571,398911
411,398943
184,398975
0,399007
0,399039
477,399071
398,399103
1001,399135
794,399167
1083,399199
1317,399231
1497,399263
1815,399295
1963,399327
1724,399359
1883,399391
1295,399423
1033,399455
1148,399487
957,399519
391,399551
457,399583
220,399615
362,399647
512,399679
794,399711
1019,399743
847,399775
1436,399807
1662,399839
1582,399871
1768,399903
2203,399935
1965,399967
1418,399999
1132,400031
1262,400063
774,400095
504,400127
232,400159
77,400191
0,400223
42,400255
698,400287
539,400319
760,400351
1321,400383
1623,400415
1437,400447
1982,400479
1880,400511
2269,400543
1536,400575
1696,400607
1503,400639
846,400671
1100,400703
778,400735
199,400767
411,400799
0,400831
118,400863
301,400895
496,400927
829,400959
1340,400991
1209,401023
1515,401055
1656,401087
1947,401119
1741,401151
1484,401183
1353,401215
1096,401247
825,401279
669,401311
443,401343
196,401375
320,401407
315,401439
204,401471
736,401503
1006,401535
1227,401567
1386,401599
1659,401631
1945,401663
1708,401695
2272,401727
2073,401759
1420,401791
1195,401823
1322,401855
1130,401887
510,401919
286,401951
411,401983
0,402015
0,402047
167,402079
474,402111
665,402143
1275,402175
1549,402207
1384,402239
1579,402271
2203,402303
2331,402335
1686,402367
1800,402399
1567,402431
1387,402463
1053,402495
876,402527
649,402559
7,402591
0,402623
411,402655
248,402687
923,402719
1052,402751
922,402783
1149,402815
1358,402847
1657,402879
2270,402911
1799,402943
1644,402975
1695,403007
1146,403039
880,403071
624,403103
471,403135
572,403167
0,403199
0,403231
123,403263
346,403295
951,403327
829,403359
1020,403391
1600,403423
1881,403455
1753,403487
2304,403519
2136,403551
1943,403583
1626,403615
1433,403647
1196,403679
574,403711
699,403743
171,403775
0,403807
0,403839
458,403871
686,403903
613,403935
784,403967
1371,403999
1331,404031
1517,404063
2207,404095
1979,404127
1749,404159
1468,404191
1677,404223
1051,404255
824,404287
924,404319
759,404351
141,404383
192,404415
347,404447
637,404479
395,404511
700,404543
1273,404575
1068,404607
1799,404639
1934,404671
1788,404703
1834,404735
1598,404767
1432,404799
1567,404831
908,404863
776,404895
832,404927
251,404959
11,404991
0,405023
60,405055
656,405087
446,405119
777,405151
972,405183
1151,405215
1465,405247
1692,405279
1894,405311
2238,405343
1532,405375
1403,405407
1496,405439
1306,405471
1065,405503
761,405535
572,405567
377,405599
0,405631
407,405663
670,405695
517,405727
734,405759
1312,405791
1593,405823
1416,405855
1643,405887
2255,405919
1768,405951
1480,405983
1740,406015
1110,406047
842,406079
580,406111
812,406143
199,406175
0,406207
284,406239
575,406271
413,406303
974,406335
1213,406367
1499,406399
1628,406431
1526,406463
2153,406495
1886,406527
1739,406559
1866,406591
1214,406623
960,406655
1116,406687
536,406719
703,406751
60,406783
0,406815
352,406847
198,406879
396,406911
1000,406943
909,406975
1527,407007
1306,407039
1607,407071
1837,407103
1854,407135
1704,407167
1435,407199
1207,407231
1356,407263
1038,407295
521,407327
633,407359
437,407391
0,407423
395,407455
620,407487
887,407519
1039,407551
1307,407583
1534,407615
1359,407647
1963,407679
2192,407711
1831,407743
1534,407775
1674,407807
1437,407839
902,407871
624,407903
477,407935
259,407967
1,407999
0,408031
139,408063
360,408095
554,408127
1209,408159
1038,408191
1269,408223
1850,408255
2151,408287
1974,408319
2107,408351
1534,408383
1739,408415
1021,408447
884,408479
991,408511
344,408543
120,408575
255,408607
0,408639
587,408671
335,408703
641,408735
1214,408767
1016,408799
1339,408831
1868,408863
1736,408895
1991,408927
1659,408959
1486,408991
1214,409023
970,409055
839,409087
581,409119
314,409151
157,409183
173,409215
16,409247
604,409279
831,409311
716,409343
1256,409375
1528,409407
1757,409439
1904,409471
2188,409503
2288,409535
1596,409567
1739,409599
1535,409631
910,409663
683,409695
810,409727
620,409759
17,409791
0,409823
85,409855
270,409887
446,409919
679,409951
985,409983
1177,410015
1354,410047
2089,410079
1913,410111
1819,410143
1967,410175
1800,410207
1171,410239
1264,410271
1039,410303
872,410335
540,410367
5,410399
237,410431
48,410463
651,410495
927,410527
752,410559
1447,410591
1568,410623
1437,410655
2093,410687
1886,410719
1776,410751
1920,410783
1275,410815
1116,410847
1176,410879
632,410911
367,410943
111,410975
0,411007
0,411039
139,411071
439,411103
960,411135
858,411167
1465,411199
1351,411231
1544,411263
2136,411295
2361,411327
1753,411359
1838,411391
1610,411423
1413,411455
1101,411487
912,411519
681,411551
64,411583
185,411615
282,411647
558,411679
395,411711
960,411743
934,411775
1128,411807
1296,411839
1902,411871
1851,411903
1880,411935
1594,411967
1451,411999
1213,412031
952,412063
1160,412095
536,412127
313,412159
411,412191
229,412223
76,412255
591,412287
496,412319
1149,412351
904,412383
1516,412415
1803,412447
1592,412479
2329,412511
2170,412543
1561,412575
1803,412607
1079,412639
918,412671
1051,412703
396,412735
269,412767
317,412799
0,412831
58,412863
378,412895
569,412927
760,412959
967,412991
1289,413023
1834,413055
1674,413087
1993,413119
1820,413151
1548,413183
1709,413215
1471,413247
891,413279
972,413311
778,413343
550,413375
239,413407
278,413439
544,413471
344,413503
923,413535
1184,413567
1468,413599
1243,413631
1840,413663
1766,413695
1892,413727
1648,413759
1788,413791
1241,413823
958,413855
741,413887
599,413919
330,413951
57,413983
299,414015
23,414047
217,414079
809,414111
1096,414143
934,414175
1497,414207
1739,414239
2028,414271
2157,414303
2270,414335
2041,414367
1358,414399
1221,414431
1336,414463
702,414495
927,414527
603,414559
28,414591
173,414623
5,414655
284,414687
874,414719
700,414751
909,414783
1197,414815
1432,414847
2055,414879
1832,414911
1837,414943
1952,414975
1328,415007
1178,415039
920,415071
696,415103
841,415135
269,415167
18,415199
220,415231
489,415263
379,415295
912,415327
1136,415359
1405,415391
1561,415423
1835,415455
2063,415487
2347,415519
2091,415551
1850,415583
1294,415615
1020,415647
1148,415679
920,415711
394,415743
122,415775
158,415807
0,415839
162,415871
334,415903
651,415935
882,415967
1064,415999
1728,416031
1561,416063
2106,416095
2329,416127
2153,416159
1503,416191
1576,416223
1391,416255
1213,416287
505,416319
375,416351
471,416383
0,416415
411,416447
541,416479
423,416511
1097,416543
847,416575
1142,416607
1744,416639
1532,416671
1870,416703
1898,416735
1615,416767
1465,416799
1135,416831
971,416863
1118,416895
456,416927
327,416959
71,416991
0,417023
93,417055
317,417087
522,417119
1120,417151
1353,417183
1237,417215
1787,417247
2046,417279
2295,417311
2155,417343
1952,417375
1760,417407
1083,417439
1213,417471
1020,417503
398,417535
173,417567
287,417599
214,417631
58,417663
281,417695
859,417727
783,417759
958,417791
1182,417823
1499,417855
1701,417887
1882,417919
2215,417951
1562,417983
1688,418015
1439,418047
1273,418079
649,418111
750,418143
526,418175
349,418207
251,418239
166,418271
763,418303
560,418335
875,418367
1450,418399
1272,418431
1975,418463
2108,418495
1912,418527
2095,418559
1421,418591
1257,418623
1032,418655
763,418687
616,418719
656,418751
122,418783
253,418815
0,418847
234,418879
458,418911
649,418943
949,418975
1144,419007
1370,419039
1998,419071
1881,419103
1899,419135
2016,419167
1823,419199
1239,419231
1312,419263
728,419295
889,419327
585,419359
393,419391
153,419423
9,419455
584,419487
800,419519
1072,419551
905,419583
1488,419615
1726,419647
1642,419679
1824,419711
2142,419743
1623,419775
1352,419807
1069,419839
935,419871
702,419903
823,419935
640,419967
30,419999
0,420031
460,420063
751,420095
590,420127
1112,420159
1015,420191
1679,420223
1418,420255
2045,420287
2330,420319
1710,420351
1975,420383
1631,420415
1039,420447
1273,420479
569,420511
406,420543
138,420575
0,420607
0,420639
480,420671
363,420703
665,420735
796,420767
1082,420799
1273,420831
1482,420863
1815,420895
1960,420927
1676,420959
1519,420991
1292,421023
1033,421055
1182,421087
953,421119
380,421151
448,421183
0,421215
365,421247
526,421279
796,421311
1056,421343
848,421375
1437,421407
1710,421439
1996,421471
1760,421503
2202,421535
1996,421567
1368,421599
1130,421631
1261,421663
730,421695
456,421727
237,421759
87,421791
0,421823
413,421855
695,421887
535,421919
725,421951
1323,421983
1623,422015
1448,422047
2026,422079
2269,422111
2267,422143
1928,422175
1740,422207
1503,422239
846,422271
711,422303
815,422335
190,422367
411,422399
189,422431
85,422463
304,422495
508,422527
797,422559
1398,422591
1212,422623
1517,422655
2045,422687
1959,422719
2173,422751
1482,422783
1319,422815
1091,422847
814,422879
666,422911
407,422943
183,422975
315,423007
0,423039
175,423071
736,423103
569,423135
891,423167
1432,423199
1662,423231
1943,423263
2091,423295
2304,423327
2073,423359
1880,423391
1560,423423
1312,423455
792,423487
507,423519
634,423551
408,423583
0,423615
0,423647
520,423679
476,423711
666,423743
1325,423775
1161,423807
1387,423839
1580,423871
2271,423903
1915,423935
1684,423967
1791,423999
1615,424031
987,424063
1052,424095
873,424127
695,424159
5,424191
0,424223
413,424255
234,424287
937,424319
1056,424351
926,424383
1134,424415
1360,424447
1660,424479
2272,424511
1771,424543
1640,424575
1694,424607
1111,424639
951,424671
623,424703
458,424735
199,424767
0,424799
0,424831
132,424863
304,424895
607,424927
839,424959
1032,424991
1648,425023
1417,425055
1754,425087
2314,425119
2174,425151
1933,425183
1624,425215
1424,425247
1241,425279
572,425311
698,425343
504,425375
0,425407
0,425439
459,425471
729,425503
568,425535
795,425567
1374,425599
1295,425631
1480,425663
2215,425695
1976,425727
1702,425759
1416,425791
1687,425823
1046,425855
791,425887
921,425919
757,425951
137,425983
233,426015
361,426047
637,426079
767,426111
670,426143
1275,426175
1072,426207
1387,426239
1977,426271
1789,426303
1832,426335
1983,426367
1383,426399
1565,426431
906,426463
744,426495
874,426527
250,426559
92,426591
133,426623
60,426655
665,426687
456,426719
747,426751
979,426783
1152,426815
1465,426847
1661,426879
1898,426911
2234,426943
1904,426975
1371,427007
1486,427039
1295,427071
729,427103
798,427135
570,427167
379,427199
188,427231
448,427263
671,427295
512,427327
1098,427359
1320,427391
1596,427423
1418,427455
2016,427487
2254,427519
1764,427551
1470,427583
1333,427615
1100,427647
840,427679
560,427711
427,427743
190,427775
0,427807
0,427839
199,427871
422,427903
976,427935
1271,427967
1099,427999
1631,428031
1530,428063
2207,428095
1886,428127
1747,428159
1855,428191
1192,428223
960,428255
1114,428287
535,428319
759,428351
57,428383
0,428415
362,428447
167,428479
492,428511
1002,428543
874,428575
1179,428607
1312,428639
1605,428671
1803,428703
1835,428735
1701,428767
1432,428799
1149,428831
1005,428863
1035,428895
520,428927
666,428959
431,428991
0,429023
396,429055
668,429087
891,429119
1039,429151
1309,429183
1584,429215
1360,429247
1968,429279
2250,429311
2235,429343
1532,429375
1664,429407
1482,429439
844,429471
620,429503
475,429535
226,429567
0,429599
0,429631
146,429663
331,429695
508,429727
1211,429759
1046,429791
1239,429823
1852,429855
2151,429887
1975,429919
2142,429951
1917,429983
1736,430015
1403,430047
842,430079
991,430111
336,430143
479,430175
299,430207
0,430239
588,430271
713,430303
597,430335
1225,430367
1021,430399
1311,430431
1920,430463
1740,430495
1991,430527
2046,430559
1484,430591
1643,430623
960,430655
807,430687
581,430719
304,430751
152,430783
216,430815
17,430847
607,430879
495,430911
695,430943
1261,430975
1531,431007
1405,431039
1962,431071
2190,431103
2293,431135
1966,431167
1774,431199
1535,431231
1350,431263
1036,431295
800,431327
282,431359
6,431391
106,431423
88,431455
272,431487
456,431519
1035,431551
988,431583
1179,431615
1358,431647
1685,431679
1914,431711
1822,431743
2030,431775
1387,431807
1159,431839
1263,431871
1097,431903
487,431935
539,431967
3,431999
294,432031
59,432063
656,432095
928,432127
732,432159
1447,432191
1579,432223
1439,432255
2155,432287
1888,432319
1773,432351
1916,432383
1244,432415
1115,432447
1168,432479
588,432511
439,432543
110,432575
0,432607
0,432639
119,432671
440,432703
970,432735
814,432767
1118,432799
1352,432831
1549,432863
2186,432895
2349,432927
1753,432959
1839,432991
1642,433023
1404,433055
1099,433087
920,433119
716,433151
60,433183
173,433215
333,433247
172,433279
398,433311
976,433343
902,433375
1080,433407
1305,433439
1904,433471
1819,433503
1820,433535
1584,433567
1447,433599
1177,433631
902,433663
1149,433695
535,433727
276,433759
407,433791
219,433823
83,433855
636,433887
873,433919
1150,433951
1289,433983
1568,434015
1805,434047
1595,434079
1915,434111
2206,434143
1552,434175
1800,434207
1453,434239
872,434271
1039,434303
392,434335
233,434367
352,434399
0,434431
153,434463
656,434495
581,434527
763,434559
968,434591
1257,434623
1837,434655
1679,434687
1992,434719
1783,434751
1544,434783
1705,434815
1117,434847
859,434879
970,434911
779,434943
205,434975
280,435007
282,435039
550,435071
701,435103
969,435135
1194,435167
1020,435199
1614,435231
1849,435263
1767,435295
1883,435327
2014,435359
1785,435391
1239,435423
957,435455
1086,435487
595,435519
328,435551
47,435583
0,435615
27,435647
218,435679
873,435711
701,435743
935,435775
1501,435807
1801,435839
1623,435871
2168,435903
2269,435935
2089,435967
1358,435999
1213,436031
1327,436063
677,436095
924,436127
600,436159
23,436191
231,436223
8,436255
295,436287
878,436319
682,436351
1002,436383
1520,436415
1386,436447
1600,436479
1834,436511
1835,436543
1994,436575
1307,436607
1176,436639
919,436671
646,436703
489,436735
264,436767
7,436799
265,436831
495,436863
380,436895
912,436927
1182,436959
1414,436991
1565,437023
1837,437055
2111,437087
1894,437119
2089,437151
1886,437183
1244,437215
1018,437247
1146,437279
956,437311
334,437343
110,437375
232,437407
0,437439
120,437471
344,437503
651,437535
842,437567
1014,437599
1739,437631
1562,437663
1757,437695
2317,437727
2151,437759
1499,437791
1610,437823
1387,437855
1211,437887
880,437919
339,437951
472,437983
0,438015
27,438047
588,438079
422,438111
1099,438143
1229,438175
1099,438207
1743,438239
1536,438271
1838,438303
1896,438335
1613,438367
1368,438399
1514,438431
969,438463
1117,438495
448,438527
286,438559
67,438591
0,438623
103,438655
298,438687
524,438719
1120,438751
1017,438783
1207,438815
1788,438847
2061,438879
1933,438911
2191,438943
1950,438975
1753,439007
1439,439039
1248,439071
1016,439103
397,439135
512,439167
285,439199
0,439231
72,439263
636,439295
862,439327
792,439359
960,439391
1551,439423
1510,439455
1706,439487
1884,439519
1799,439551
1562,439583
1290,439615
1497,439647
873,439679
648,439711
748,439743
575,439775
0,439807
254,439839
202,439871
815,439903
569,439935
1178,439967
1451,439999
1255,440031
1979,440063
2107,440095
1904,440127
2153,440159
1418,440191
1255,440223
984,440255
732,440287
604,440319
654,440351
79,440383
0,440415
0,440447
236,440479
432,440511
624,440543
953,440575
1146,440607
1336,440639
1641,440671
1881,440703
1896,440735
2060,440767
1819,440799
1227,440831
1312,440863
1120,440895
889,440927
584,440959
393,440991
187,441023
18,441055
584,441087
856,441119
683,441151
907,441183
1499,441215
1775,441247
1594,441279
1824,441311
2140,441343
1580,441375
1294,441407
1069,441439
935,441471
666,441503
815,441535
637,441567
24,441599
0,441631
464,441663
759,441695
599,441727
1150,441759
1391,441791
1687,441823
1807,441855
2104,441887
2333,441919
1705,441951
1560,441983
1678,442015
1038,442047
1269,442079
940,442111
363,442143
128,442175
0,442207
0,442239
540,442271
368,442303
667,442335
1168,442367
1094,442399
1276,442431
1483,442463
1785,442495
2304,442527
1674,442559
1515,442591
1257,442623
1020,442655
1179,442687
607,442719
345,442751
458,442783
247,442815
41,442847
570,442879
798,442911
1064,442943
1214,442975
1487,443007
1721,443039
1536,443071
2152,443103
2192,443135
1645,443167
1354,443199
1486,443231
1258,443263
728,443295
446,443327
572,443359
74,443391
0,443423
471,443455
315,443487
539,443519
729,443551
1388,443583
1223,443615
1449,443647
2031,443679
2333,443711
1851,443743
1918,443775
1737,443807
1560,443839
843,443871
708,443903
811,443935
158,443967
407,443999
192,444031
79,444063
285,444095
509,444127
805,444159
1390,444191
1194,444223
1528,444255
2048,444287
1914,444319
1710,444351
1471,444383
1304,444415
1466,444447
784,444479
663,444511
405,444543
134,444575
0,444607
0,444639
184,444671
782,444703
570,444735
892,444767
1435,444799
1710,444831
1943,444863
2094,444895
2303,444927
2109,444959
1420,444991
1550,445023
1358,445055
732,445087
507,445119
624,445151
441,445183
0,445215
0,445247
512,445279
456,445311
620,445343
1335,445375
1162,445407
1353,445439
1531,445471
2269,445503
1911,445535
1639,445567
1787,445599
1613,445631
987,445663
1085,445695
871,445727
685,445759
362,445791
0,445823
427,445855
222,445887
541,445919
1103,445951
928,445983
1135,446015
1754,446047
1624,446079
2281,446111
1758,446143
1607,446175
1740,446207
1098,446239
848,446271
991,446303
456,446335
591,446367
0,446399
0,446431
132,446463
315,446495
617,446527
809,446559
1033,446591
1655,446623
1791,446655
1726,446687
2316,446719
2171,446751
1575,446783
1660,446815
1422,446847
1229,446879
923,446911
732,446943
495,446975
0,447007
240,447039
462,447071
394,447103
571,447135
1148,447167
1385,447199
1303,447231
1479,447263
1804,447295
1963,447327
1692,447359
1407,447391
1272,447423
1037,447455
776,447487
975,447519
363,447551
135,447583
223,447615
411,447647
252,447679
768,447711
680,447743
1327,447775
1081,447807
1397,447839
1981,447871
1770,447903
1822,447935
1982,447967
1381,447999
1613,448031
896,448063
741,448095
870,448127
227,448159
92,448191
136,448223
34,448255
329,448287
458,448319
747,448351
936,448383
1136,448415
1467,448447
1673,448479
1853,448511
1879,448543
1902,448575
1368,448607
1530,448639
1291,448671
715,448703
800,448735
606,448767
365,448799
184,448831
457,448863
720,448895
524,448927
1101,448959
1370,448991
1198,449023
1422,449055
2026,449087
2301,449119
1705,449151
1466,449183
1333,449215
1063,449247
784,449279
557,449311
412,449343
154,449375
0,449407
349,449439
199,449471
392,449503
986,449535
1275,449567
1109,449599
1678,449631
1927,449663
2216,449695
2271,449727
1702,449759
1853,449791
1184,449823
1337,449855
1150,449887
523,449919
760,449951
415,449983
0,450015
361,450047
175,450079
461,450111
1052,450143
877,450175
1177,450207
1695,450239
1609,450271
1801,450303
1824,450335
1659,450367
1430,450399
1150,450431
999,450463
1071,450495
518,450527
665,450559
93,450591
0,450623
410,450655
665,450687
555,450719
1087,450751
1312,450783
1592,450815
1740,450847
2016,450879
2249,450911
1768,450943
1901,450975
1661,451007
1472,451039
844,451071
970,451103
474,451135
216,451167
0,451199
175,451231
147,451263
334,451295
508,451327
827,451359
1049,451391
1240,451423
1918,451455
1740,451487
1977,451519
2143,451551
1967,451583
1325,451615
1389,451647
842,451679
1035,451711
334,451743
480,451775
295,451807
0,451839
587,451871
842,451903
591,451935
1277,451967
1020,451999
1324,452031
1920,452063
1712,452095
1980,452127
2044,452159
1436,452191
1194,452223
1053,452255
796,452287
528,452319
282,452351
148,452383
206,452415
0,452447
269,452479
504,452511
696,452543
1306,452575
1533,452607
1415,452639
1964,452671
2240,452703
2283,452735
1966,452767
1774,452799
1579,452831
904,452863
1035,452895
842,452927
654,452959
7,452991
117,453023
57,453055
234,453087
458,453119
1040,453151
955,453183
1134,453215
1360,453247
1689,453279
1880,453311
1756,453343
2029,453375
1383,453407
1115,453439
1259,453471
1095,453503
472,453535
576,453567
349,453599
295,453631
428,453663
704,453695
937,453727
735,453759
1051,453791
1628,453823
1450,453855
2156,453887
2286,453919
1733,453951
1913,453983
1242,454015
1079,454047
1214,454079
586,454111
335,454143
171,454175
0,454207
319,454239
125,454271
411,454303
970,454335
826,454367
1127,454399
1321,454431
1548,454463
2186,454495
1991,454527
1719,454559
1835,454591
1641,454623
1054,454655
1134,454687
908,454719
713,454751
400,454783
221,454815
336,454847
603,454879
764,454911
976,454943
906,454975
1085,455007
1676,455039
1913,455071
1829,455103
1819,455135
1960,455167
1437,455199
1176,455231
894,455263
763,455295
530,455327
268,455359
460,455391
0,455423
378,455455
647,455487
937,455519
764,455551
1290,455583
1575,455615
1867,455647
1598,455679
1925,455711
2207,455743
1520,455775
1789,455807
1453,455839
869,455871
1097,455903
392,455935
233,455967
350,455999
0,456031
155,456063
358,456095
549,456127
841,456159
971,456191
1259,456223
1884,456255
1661,456287
1994,456319
1782,456351
1497,456383
1339,456415
1117,456447
856,456479
1002,456511
777,456543
203,456575
280,456607
318,456639
553,456671
702,456703
973,456735
1243,456767
1022,456799
1626,456831
1899,456863
1720,456895
1880,456927
2013,456959
1822,456991
1188,457023
955,457055
1084,457087
555,457119
270,457151
47,457183
0,457215
1,457247
172,457279
875,457311
712,457343
1279,457375
1503,457407
1803,457439
1626,457471
2208,457503
2266,457535
2087,457567
1739,457599
1178,457631
1325,457663
668,457695
534,457727
636,457759
24,457791
235,457823
374,457855
263,457887
879,457919
685,457951
971,457983
1208,458015
1390,458047
1703,458079
2234,458111
1832,458143
1989,458175
1304,458207
1133,458239
909,458271
637,458303
488,458335
222,458367
5,458399
265,458431
159,458463
359,458495
922,458527
1193,458559
1067,458591
1611,458623
1478,458655
2120,458687
2280,458719
2124,458751
1884,458783
1232,458815
1372,458847
1135,458879
958,458911
333,458943
448,458975
220,459007
0,459039
121,459071
699,459103
659,459135
844,459167
1018,459199
1339,459231
1565,459263
2167,459295
2383,459327
1734,459359
1499,459391
1613,459423
1437,459455
811,459487
875,459519
330,459551
521,459583
0,459615
318,459647
591,459679
398,459711
1102,459743
1232,459775
1103,459807
1803,459839
1547,459871
1846,459903
1839,459935
1584,459967
1453,459999
1514,460031
923,460063
767,460095
445,460127
279,460159
23,460191
0,460223
103,460255
300,460287
478,460319
784,460351
1005,460383
1208,460415
1834,460447
2063,460479
1943,460511
2188,460543
1528,460575
1755,460607
1434,460639
1245,460671
1055,460703
396,460735
512,460767
328,460799
256,460831
72,460863
638,460895
909,460927
744,460959
967,460991
1563,461023
1470,461055
1656,461087
1896,461119
1789,461151
1514,461183
1675,461215
1485,461247
871,461279
604,461311
747,461343
572,461375
0,461407
299,461439
537,461471
823,461503
942,461535
1226,461567
1455,461599
1248,461631
1575,461663
2160,461695
1900,461727
2151,461759
1800,461791
1206,461823
975,461855
729,461887
567,461919
698,461951
76,461983
0,462015
318,462047
244,462079
841,462111
634,462143
922,462175
1154,462207
1339,462239
1644,462271
1849,462303
1894,462335
2056,462367
1455,462399
1194,462431
1306,462463
669,462495
541,462527
620,462559
384,462591
187,462623
352,462655
634,462687
857,462719
1129,462751
1276,462783
1499,462815
1416,462847
1600,462879
2206,462911
2137,462943
1578,462975
1292,463007
1432,463039
923,463071
664,463103
862,463135
251,463167
21,463199
0,463231
528,463263
376,463295
601,463327
1161,463359
1453,463391
1277,463423
1818,463455
2105,463487
2395,463519
1706,463551
1560,463583
1675,463615
1007,463647
1261,463679
936,463711
359,463743
106,463775
0,463807
0,463839
542,463871
346,463903
988,463935
1180,463967
1050,463999
1355,464031
1487,464063
1785,464095
1902,464127
1644,464159
1514,464191
1255,464223
975,464255
827,464287
603,464319
334,464351
478,464383
0,464415
45,464447
588,464479
844,464511
1067,464543
1216,464575
1495,464607
1770,464639
1536,464671
2156,464703
2236,464735
1590,464767
1354,464799
1484,464831
1295,464863
675,464895
443,464927
571,464959
40,464991
0,465023
471,465055
314,465087
505,465119
683,465151
1387,465183
1224,465215
1416,465247
2032,465279
2332,465311
1849,465343
1963,465375
1737,465407
1548,465439
1215,465471
666,465503
811,465535
158,465567
22,465599
250,465631
90,465663
287,465695
890,465727
770,465759
1401,465791
1198,465823
1495,465855
2106,465887
1927,465919
1805,465951
1864,465983
1303,466015
1455,466047
782,466079
620,466111
398,466143
136,466175
0,466207
0,466239
186,466271
790,466303
928,466335
861,466367
1436,466399
1711,466431
1591,466463
2142,466495
2298,466527
2105,466559
1786,466591
1595,466623
1356,466655
731,466687
859,466719
624,466751
440,466783
0,466815
300,466847
527,466879
456,466911
624,466943
941,466975
1172,467007
1356,467039
1536,467071
1867,467103
1910,467135
1628,467167
1849,467199
1208,467231
981,467263
1087,467295
921,467327
311,467359
362,467391
0,467423
473,467455
235,467487
551,467519
1104,467551
908,467583
1136,467615
1756,467647
1627,467679
2335,467711
1759,467743
1594,467775
1737,467807
1068,467839
937,467871
990,467903
420,467935
255,467967
0,467999
0,468031
92,468063
295,468095
608,468127
812,468159
991,468191
1301,468223
1800,468255
1734,468287
2364,468319
2169,468351
1575,468383
1658,468415
1456,468447
1227,468479
912,468511
730,468543
538,468575
0,468607
248,468639
508,468671
782,468703
575,468735
1160,468767
1421,468799
1256,468831
1482,468863
1814,468895
1929,468927
1641,468959
1404,468991
1259,469023
999,469055
720,469087
971,469119
359,469151
90,469183
222,469215
413,469247
261,469279
814,469311
1053,469343
1335,469375
1466,469407
1367,469439
1983,469471
1775,469503
2216,469535
2027,469567
1372,469599
1611,469631
1274,469663
695,469695
863,469727
221,469759
55,469791
182,469823
40,469855
329,469887
840,469919
750,469951
1357,469983
1146,470015
1435,470047
1675,470079
1864,470111
1865,470143
1945,470175
1358,470207
1517,470239
941,470271
683,470303
796,470335
601,470367
30,470399
230,470431
464,470463
727,470495
878,470527
1148,470559
1373,470591
1654,470623
1804,470655
2030,470687
1948,470719
1696,470751
1837,470783
1322,470815
1062,470847
779,470879
909,470911
413,470943
152,470975
0,471007
0,471039
201,471071
394,471103
1049,471135
887,471167
1111,471199
1687,471231
1981,471263
1803,471295
2270,471327
1693,471359
1903,471391
1181,471423
1336,471455
1151,471487
494,471519
747,471551
422,471583
0,471615
413,471647
176,471679
470,471711
1054,471743
858,471775
1191,471807
1706,471839
1574,471871
1881,471903
1821,471935
1655,471967
1382,471999
1130,472031
989,472063
1070,472095
470,472127
317,472159
91,472191
0,472223
442,472255
679,472287
567,472319
1096,472351
1368,472383
1593,472415
1743,472447
2025,472479
2301,472511
1759,472543
1900,472575
1709,472607
1070,472639
840,472671
956,472703
439,472735
168,472767
0,472799
186,472831
110,472863
300,472895
512,472927
828,472959
1017,472991
1194,473023
1927,473055
1750,473087
1947,473119
2139,473151
1963,473183
1322,473215
1432,473247
1209,473279
1032,473311
704,473343
524,473375
287,473407
0,473439
214,473471
768,473503
602,473535
1276,473567
1406,473599
1283,473631
1929,473663
1722,473695
1944,473727
2088,473759
1434,473791
1276,473823
1336,473855
791,473887
526,473919
280,473951
108,473983
206,474015
0,474047
279,474079
472,474111
698,474143
1307,474175
1193,474207
1383,474239
1968,474271
2247,474303
1917,474335
2008,474367
1772,474399
1575,474431
1262,474463
1069,474495
839,474527
221,474559
346,474591
118,474623
58,474655
237,474687
812,474719
1040,474751
966,474783
1135,474815
1739,474847
1690,474879
1884,474911
1756,474943
1614,474975
1374,475007
1104,475039
1320,475071
699,475103
470,475135
572,475167
399,475199
0,475231
430,475263
713,475295
991,475327
736,475359
1062,475391
1631,475423
1432,475455
2167,475487
2288,475519
1722,475551
1965,475583
1240,475615
1077,475647
1210,475679
556,475711
427,475743
474,475775
0,475807
0,475839
125,475871
413,475903
1016,475935
1264,475967
1127,475999
1325,476031
1514,476063
1831,476095
1981,476127
1710,476159
1870,476191
1639,476223
1051,476255
1132,476287
942,476319
710,476351
408,476383
217,476415
379,476447
185,476479
762,476511
1023,476543
860,476575
1085,476607
1678,476639
1961,476671
1774,476703
1818,476735
1951,476767
1400,476799
1126,476831
890,476863
756,476895
487,476927
214,476959
459,476991
0,477023
55,477055
651,477087
939,477119
775,477151
1328,477183
1577,477215
1865,477247
1993,477279
1885,477311
2203,477343
1520,477375
1381,477407
1495,477439
861,477471
1094,477503
760,477535
186,477567
347,477599
0,477631
135,477663
360,477695
551,477727
750,477759
1354,477791
1271,477823
1885,477855
1664,477887
1963,477919
1772,477951
1486,477983
1337,478015
1080,478047
846,478079
1001,478111
429,478143
169,478175
271,478207
329,478239
219,478271
750,478303
976,478335
1244,478367
1389,478399
1673,478431
1903,478463
1724,478495
2250,478527
2012,478559
1462,478591
1179,478623
1310,478655
1081,478687
552,478719
270,478751
394,478783
0,478815
5,478847
174,478879
491,478911
723,478943
904,478975
1568,479007
1399,479039
1630,479071
2219,479103
2317,479135
1671,479167
1739,479199
1176,479231
1375,479263
668,479295
816,479327
634,479359
0,479391
235,479423
368,479455
253,479487
939,479519
685,479551
982,479583
1164,479615
1370,479647
1705,479679
2236,479711
1784,479743
1629,479775
1295,479807
1130,479839
862,479871
607,479903
487,479935
222,479967
0,479999
0,480031
167,480063
360,480095
960,480127
1193,480159
1070,480191
1614,480223
1888,480255
2123,480287
2282,480319
2123,480351
1931,480383
1242,480415
1372,480447
1179,480479
558,480511
332,480543
446,480575
256,480607
0,480639
125,480671
698,480703
630,480735
806,480767
1024,480799
1341,480831
1529,480863
2171,480895
2379,480927
1725,480959
1461,480991
1609,481023
1432,481055
808,481087
911,481119
695,481151
507,481183
182,481215
366,481247
603,481279
399,481311
713,481343
1280,481375
1112,481407
1806,481439
1935,481471
1803,481503
1838,481535
1583,481567
1416,481599
1552,481631
920,481663
763,481695
814,481727
282,481759
25,481791
0,481823
76,481855
634,481887
488,481919
792,481951
983,481983
1210,482015
1834,482047
1709,482079
1911,482111
2185,482143
1991,482175
1399,482207
1480,482239
1243,482271
1051,482303
744,482335
556,482367
316,482399
0,482431
424,482463
640,482495
570,482527
748,482559
1328,482591
1564,482623
1479,482655
1659,482687
2268,482719
1785,482751
1512,482783
1726,482815
1095,482847
859,482879
601,482911
798,482943
183,482975
0,483007
302,483039
599,483071
429,483103
954,483135
1227,483167
1513,483199
1259,483231
1577,483263
2169,483295
1870,483327
2140,483359
1800,483391
1199,483423
953,483455
720,483487
565,483519
688,483551
44,483583
0,483615
320,483647
214,483679
412,483711
637,483743
923,483775
1534,483807
1320,483839
1655,483871
1860,483903
1839,483935
1689,483967
1452,483999
1188,484031
1340,484063
667,484095
538,484127
618,484159
416,484191
199,484223
368,484255
639,484287
905,484319
688,484351
1276,484383
1549,484415
1374,484447
1600,484479
2208,484511
2173,484543
1518,484575
1290,484607
1422,484639
888,484671
612,484703
859,484735
247,484767
0,484799
0,484831
533,484863
376,484895
569,484927
1163,484959
1453,484991
1288,485023
1866,485055
2109,485087
2396,485119
2092,485151
1517,485183
1675,485215
1005,485247
861,485279
973,485311
350,485343
104,485375
237,485407
0,485439
543,485471
350,485503
647,485535
1240,485567
1052,485599
1262,485631
1886,485663
1798,485695
2335,485727
1645,485759
1479,485791
1255,485823
971,485855
828,485887
568,485919
334,485951
477,485983
168,486015
24,486047
588,486079
845,486111
731,486143
1276,486175
1498,486207
1771,486239
1927,486271
2203,486303
2234,486335
1580,486367
1722,486399
1484,486431
942,486463
667,486495
794,486527
569,486559
42,486591
0,486623
93,486655
318,486687
508,486719
684,486751
1003,486783
1227,486815
1420,486847
2107,486879
1929,486911
1845,486943
1961,486975
1785,487007
1147,487039
1212,487071
666,487103
859,487135
157,487167
18,487199
251,487231
72,487263
297,487295
904,487327
766,487359
1453,487391
1200,487423
1497,487455
2109,487487
1899,487519
1803,487551
1856,487583
1263,487615
1115,487647
781,487679
620,487711
358,487743
104,487775
0,487807
0,487839
154,487871
446,487903
937,487935
872,487967
1129,487999
1721,488031
1593,488063
2144,488095
2336,488127
2103,488159
1786,488191
1592,488223
1392,488255
728,488287
848,488319
665,488351
46,488383
0,488415
301,488447
573,488479
409,488511
633,488543
949,488575
1135,488607
1317,488639
1536,488671
1867,488703
1863,488735
1579,488767
1838,488799
1207,488831
939,488863
1083,488895
919,488927
295,488959
399,488991
185,489023
475,489055
605,489087
511,489119
1115,489151
912,489183
1529,489215
1818,489247
1638,489279
2344,489311
2153,489343
1546,489375
1727,489407
1066,489439
903,489471
1036,489503
409,489535
263,489567
300,489599
0,489631
102,489663
298,489695
587,489727
811,489759
1000,489791
1304,489823
1850,489855
1736,489887
2365,489919
1805,489951
1531,489983
1657,490015
1453,490047
877,490079
958,490111
730,490143
525,490175
232,490207
287,490239
511,490271
361,490303
937,490335
1162,490367
1434,490399
1257,490431
1855,490463
1816,490495
1930,490527
1640,490559
1773,490591
1268,490623
998,490655
717,490687
573,490719
350,490751
91,490783
281,490815
39,490847
264,490879
824,490911
1113,490943
942,490975
1468,491007
1370,491039
2047,491071
1776,491103
2208,491135
2027,491167
1352,491199
1611,491231
1272,491263
685,491295
923,491327
217,491359
54,491391
190,491423
23,491455
332,491487
844,491519
715,491551
924,491583
1244,491615
1446,491647
1639,491679
1848,491711
1863,491743
1944,491775
1320,491807
1165,491839
942,491871
678,491903
824,491935
589,491967
28,491999
238,492031
504,492063
729,492095
879,492127
1150,492159
1423,492191
1209,492223
1804,492255
2079,492287
2364,492319
1704,492351
1834,492383
1287,492415
1002,492447
779,492479
906,492511
377,492543
103,492575
0,492607
0,492639
172,492671
347,492703
1051,492735
888,492767
1079,492799
1691,492831
1991,492863
1814,492895
2313,492927
2077,492959
1900,492991
1561,493023
1374,493055
1149,493087
493,493119
356,493151
460,493183
0,493215
422,493247
553,493279
427,493311
1055,493343
862,493375
1159,493407
1756,493439
1574,493471
1788,493503
1882,493535
1653,493567
1803,493599
1120,493631
957,493663
1066,493695
462,493727
311,493759
57,493791
0,493823
445,493855
345,493887
535,493919
1100,493951
1369,493983
1245,494015
1792,494047
2030,494079
2300,494111
2138,494143
1936,494175
1696,494207
1513,494239
1195,494271
970,494303
430,494335
160,494367
272,494399
190,494431
120,494463
300,494495
876,494527
830,494559
1018,494591
1196,494623
1517,494655
1753,494687
1947,494719
2199,494751
1549,494783
1626,494815
1421,494847
1257,494879
635,494911
697,494943
511,494975
335,495007
0,495039
215,495071
776,495103
573,495135
1278,495167
1408,495199
1287,495231
1983,495263
1724,495295
1944,495327
2088,495359
1406,495391
1273,495423
1014,495455
747,495487
591,495519
270,495551
108,495583
236,495615
0,495647
279,495679
477,495711
664,495743
957,495775
1192,495807
1385,495839
2014,495871
2251,495903
1915,495935
2008,495967
1806,495999
1573,496031
1257,496063
1069,496095
876,496127
218,496159
336,496191
158,496223
25,496255
237,496287
816,496319
1086,496351
920,496383
1145,496415
1739,496447
1659,496479
1836,496511
1754,496543
1607,496575
1338,496607
1064,496639
1307,496671
695,496703
808,496735
571,496767
395,496799
0,496831
478,496863
715,496895
1000,496927
1120,496959
1020,496991
1632,497023
1435,497055
1756,497087
2347,497119
1721,497151
1961,497183
1615,497215
1031,497247
1209,497279
553,497311
391,497343
166,497375
0,497407
0,497439
503,497471
422,497503
1017,497535
811,497567
1097,497599
1326,497631
1516,497663
1832,497695
1947,497727
1706,497759
1869,497791
1277,497823
1017,497855
1130,497887
937,497919
375,497951
442,497983
0,498015
383,498047
542,498079
809,498111
1024,498143
863,498175
1454,498207
1679,498239
1964,498271
1785,498303
2186,498335
1948,498367
1392,498399
1128,498431
1247,498463
747,498495
488,498527
206,498559
63,498591
0,498623
439,498655
711,498687
551,498719
775,498751
1339,498783
1631,498815
1463,498847
1997,498879
1897,498911
2255,498943
1518,498975
1676,499007
1487,499039
830,499071
1083,499103
760,499135
183,499167
395,499199
0,499231
134,499263
317,499295
522,499327
845,499359
1358,499391
1226,499423
1535,499455
1672,499487
1965,499519
1721,499551
1466,499583
1335,499615
1077,499647
799,499679
653,499711
424,499743
168,499775
304,499807
330,499839
231,499871
760,499903
583,499935
1257,499967
1401,499999
1708,500031
1963,500063
1727,500095
2251,500127
2056,500159
1868,500191
1176,500223
1307,500255
1117,500287
492,500319
268,500351
394,500383
0,500415
0,500447
187,500479
491,500511
681,500543
1291,500575
1566,500607
1403,500639
1596,500671
2223,500703
2312,500735
1661,500767
1774,500799
1549,500831
1368,500863
1038,500895
860,500927
633,500959
0,500991
0,501023
430,501055
266,501087
941,501119
1068,501151
939,501183
1167,501215
1376,501247
1675,501279
2296,501311
1776,501343
1623,501375
1680,501407
1127,501439
1277,501471
608,501503
444,501535
228,501567
0,501599
0,501631
138,501663
362,501695
969,501727
857,501759
1039,501791
1629,501823
1435,501855
1771,501887
2331,501919
2120,501951
1919,501983
1609,502015
1407,502047
1178,502079
989,502111
681,502143
445,502175
0,502207
0,502239
475,502271
702,502303
633,502335
808,502367
1390,502399
1351,502431
1534,502463
2231,502495
1959,502527
1722,502559
1450,502591
1661,502623
1031,502655
798,502687
907,502719
735,502751
124,502783
172,502815
367,502847
653,502879
410,502911
715,502943
1291,502975
1086,503007
1816,503039
1948,503071
1805,503103
1816,503135
1583,503167
1414,503199
1552,503231
890,503263
764,503295
812,503327
237,503359
89,503391
0,503423
75,503455
266,503487
464,503519
792,503551
988,503583
1175,503615
1479,503647
1717,503679
1912,503711
2220,503743
1516,503775
1387,503807
1472,503839
1278,503871
1048,503903
736,503935
553,503967
351,503999
0,504031
427,504063
695,504095
526,504127
750,504159
1328,504191
1611,504223
1434,504255
1662,504287
2271,504319
1743,504351
1466,504383
1723,504415
1093,504447
822,504479
555,504511
795,504543
183,504575
0,504607
304,504639
589,504671
443,504703
992,504735
1231,504767
1515,504799
1646,504831
1546,504863
2171,504895
1872,504927
1724,504959
1838,504991
1196,505023
944,505055
1099,505087
519,505119
685,505151
43,505183
0,505215
376,505247
217,505279
505,505311
1016,505343
926,505375
1535,505407
1325,505439
1623,505471
1860,505503
1835,505535
1685,505567
1419,505599
1182,505631
1337,505663
1019,505695
504,505727
608,505759
414,505791
0,505823
415,505855
638,505887
905,505919
1054,505951
1324,505983
1551,506015
1384,506047
1982,506079
2218,506111
2160,506143
1516,506175
1648,506207
1422,506239
888,506271
605,506303
461,506335
231,506367
0,506399
0,506431
155,506463
379,506495
572,506527
1227,506559
1063,506591
1287,506623
1868,506655
2169,506687
1982,506719
2080,506751
1513,506783
1723,506815
1002,506847
860,506879
971,506911
318,506943
96,506975
236,507007
0,507039
601,507071
351,507103
646,507135
1240,507167
1036,507199
1367,507231
1888,507263
1752,507295
1977,507327
1642,507359
1469,507391
1196,507423
944,507455
823,507487
566,507519
297,507551
141,507583
156,507615
25,507647
622,507679
845,507711
732,507743
1274,507775
1536,507807
1773,507839
1929,507871
2206,507903
2272,507935
1581,507967
1718,507999
1518,508031
892,508063
665,508095
792,508127
604,508159
0,508191
0,508223
104,508255
295,508287
464,508319
696,508351
1001,508383
1195,508415
1371,508447
2107,508479
1931,508511
1801,508543
1951,508575
1782,508607
1144,508639
1248,508671
1023,508703
847,508735
523,508767
0,508799
253,508831
72,508863
670,508895
952,508927
778,508959
1463,508991
1592,509023
1454,509055
2110,509087
1901,509119
1757,509151
1903,509183
1256,509215
1099,509247
1160,509279
616,509311
761,509343
104,509375
0,509407
0,509439
155,509471
448,509503
975,509535
875,509567
1486,509599
1369,509631
1562,509663
2155,509695
2335,509727
1739,509759
1821,509791
1592,509823
1397,509855
1082,509887
891,509919
665,509951
471,509983
156,510015
298,510047
236,510079
412,510111
989,510143
953,510175
1144,510207
1320,510239
1920,510271
1877,510303
1854,510335
1576,510367
1431,510399
1204,510431
935,510463
1135,510495
512,510527
294,510559
383,510591
247,510623
103,510655
608,510687
522,510719
1167,510751
921,510783
1532,510815
1819,510847
1610,510879
2344,510911
2152,510943
1545,510975
1785,511007
1055,511039
899,511071
1024,511103
379,511135
249,511167
300,511199
0,511231
171,511263
300,511295
589,511327
779,511359
976,511391
1305,511423
1854,511455
1692,511487
2009,511519
1801,511551
1530,511583
1691,511615
1451,511647
873,511679
956,511711
762,511743
525,511775
221,511807
288,511839
568,511871
362,511903
939,511935
1200,511967
1036,511999
1261,512031
1610,512063
1776,512095
1870,512127
1630,512159
1771,512191
1223,512223
940,512255
716,512287
583,512319
313,512351
40,512383
268,512415
40,512447
232,512479
827,512511
1115,512543
951,512575
1514,512607
1759,512639
2043,512671
2175,512703
2254,512735
2015,512767
1342,512799
1207,512831
1312,512863
686,512895
908,512927
575,512959
16,512991
191,513023
20,513055
311,513087
894,513119
717,513151
1018,513183
1534,513215
1448,513247
1640,513279
1840,513311
1819,513343
1935,513375
1310,513407
1160,513439
905,513471
678,513503
823,513535
255,513567
1,513599
240,513631
505,513663
395,513695
926,513727
1150,513759
1422,513791
1578,513823
1853,513855
2080,513887
1902,513919
2064,513951
1832,513983
1286,514015
992,514047
1120,514079
904,514111
368,514143
106,514175
217,514207
0,514239
174,514271
358,514303
667,514335
894,514367
1082,514399
1754,514431
1579,514463
1814,514495
2303,514527
2137,514559
1484,514591
1552,514623
1373,514655
1195,514687
490,514719
349,514751
447,514783
0,514815
424,514847
558,514879
432,514911
1115,514943
862,514975
1159,515007
1760,515039
1550,515071
1895,515103
2206,515135
1597,515167
1354,515199
1117,515231
953,515263
1102,515295
440,515327
300,515359
54,515391
0,515423
111,515455
347,515487
538,515519
1144,515551
1373,515583
1257,515615
1802,515647
2076,515679
2311,515711
2127,515743
1933,515775
1751,515807
1065,515839
1193,515871
1002,515903
386,515935
155,515967
268,515999
223,516031
76,516063
301,516095
877,516127
805,516159
972,516191
1200,516223
1525,516255
1719,516287
1899,516319
2189,516351
1545,516383
1274,516415
1421,516447
1245,516479
631,516511
733,516543
509,516575
331,516607
268,516639
182,516671
779,516703
576,516735
893,516767
1466,516799
1288,516831
1992,516863
2123,516895
1894,516927
2077,516959
1402,516991
1240,517023
1004,517055
745,517087
494,517119
648,517151
103,517183
233,517215
0,517247
247,517279
477,517311
666,517343
971,517375
1161,517407
1388,517439
2023,517471
1897,517503
1880,517535
1998,517567
1803,517599
1214,517631
1293,517663
1066,517695
871,517727
569,517759
368,517791
169,517823
25,517855
601,517887
825,517919
748,517951
922,517983
1512,518015
1743,518047
1660,518079
1839,518111
2121,518143
1607,518175
1335,518207
1054,518239
919,518271
691,518303
426,518335
621,518367
16,518399
0,518431
480,518463
777,518495
614,518527
1120,518559
1034,518591
1693,518623
1436,518655
2062,518687
2351,518719
1690,518751
1960,518783
1613,518815
1018,518847
1255,518879
544,518911
393,518943
121,518975
0,519007
8,519039
496,519071
379,519103
681,519135
813,519167
1100,519199
1292,519231
1500,519263
1831,519295
1944,519327
1658,519359
1501,519391
1272,519423
1006,519455
1164,519487
937,519519
363,519551
440,519583
236,519615
391,519647
544,519679
811,519711
1083,519743
873,519775
1454,519807
1736,519839
1552,519871
1786,519903
2176,519935
1990,519967
1341,519999
1112,520031
1243,520063
709,520095
431,520127
215,520159
61,520191
0,520223
441,520255
715,520287
553,520319
746,520351
1341,520383
1639,520415
1465,520447
2044,520479
2295,520511
2250,520543
1903,520575
1724,520607
1485,520639
829,520671
693,520703
798,520735
174,520767
391,520799
215,520831
104,520863
320,520895
524,520927
823,520959
1408,520991
1229,521023
1534,521055
2064,521087
1967,521119
1712,521151
1465,521183
1292,521215
1404,521247
798,521279
648,521311
391,521343
164,521375
299,521407
10,521439
199,521471
763,521503
1023,521535
907,521567
1449,521599
1678,521631
1957,521663
2108,521695
2286,521727
2047,521759
1404,521791
1535,521823
1296,521855
772,521887
491,521919
616,521951
393,521983
0,522015
0,522047
539,522079
501,522111
684,522143
1341,522175
1179,522207
1402,522239
1606,522271
2285,522303
1899,522335
1658,522367
1773,522399
1597,522431
971,522463
1035,522495
857,522527
679,522559
0,522591
0,522623
431,522655
240,522687
942,522719
1072,522751
943,522783
1152,522815
1376,522847
1676,522879
2294,522911
1751,522943
1623,522975
1674,523007
1079,523039
841,523071
606,523103
444,523135
586,523167
0,523199
0,523231
147,523263
329,523295
633,523327
856,523359
1050,523391
1662,523423
1436,523455
1774,523487
2334,523519
2154,523551
1916,523583
1599,523615
1405,523647
1215,523679
553,523711
670,523743
479,523775
0,523807
0,523839
478,523871
750,523903
584,523935
808,523967
1400,523999
1319,524031
1488,524063
2174,524095
1957,524127
1677,524159
1390,524191
1659,524223
1021,524255
761,524287
905,524319
734,524351
119,524383
216,524415
379,524447
653,524479
791,524511
695,524543
1293,524575
1096,524607
1412,524639
1997,524671
1806,524703
1816,524735
1963,524767
1367,524799
1549,524831
880,524863
727,524895
858,524927
232,524959
2,524991
152,525023
85,525055
681,525087
472,525119
762,525151
989,525183
1177,525215
1480,525247
1687,525279
1916,525311
2217,525343
1886,525375
1352,525407
1468,525439
1277,525471
697,525503
780,525535
544,525567
348,525599
203,525631
462,525663
697,525695
527,525727
1115,525759
1328,525791
1260,525823
1436,525855
2041,525887
2280,525919
1740,525951
1452,525983
1309,526015
1081,526047
816,526079
549,526111
411,526143
179,526175
0,526207
367,526239
213,526271
438,526303
1000,526335
1289,526367
1118,526399
1656,526431
1550,526463
2233,526495
1864,526527
1722,526559
1837,526591
1166,526623
941,526655
1096,526687
509,526719
733,526751
40,526783
0,526815
380,526847
185,526879
509,526911
1020,526943
890,526975
1193,527007
1327,527039
1624,527071
1817,527103
1808,527135
1673,527167
1415,527199
1132,527231
987,527263
1018,527295
494,527327
650,527359
413,527391
0,527423
414,527455
685,527487
906,527519
1067,527551
1327,527583
1600,527615
1385,527647
1994,527679
2266,527711
1753,527743
1513,527775
1648,527807
1455,527839
838,527871
604,527903
457,527935
200,527967
0,527999
0,528031
156,528063
348,528095
524,528127
1227,528159
1064,528191
1256,528223
1869,528255
2171,528287
1993,528319
2124,528351
1897,528383
1719,528415
1374,528447
825,528479
969,528511
317,528543
461,528575
280,528607
0,528639
603,528671
730,528703
613,528735
1239,528767
1038,528799
1335,528831
1936,528863
1766,528895
1964,528927
2028,528959
1463,528991
1196,529023
942,529055
780,529087
556,529119
286,529151
137,529183
189,529215
36,529247
621,529279
521,529311
711,529343
1278,529375
1549,529407
1421,529439
1980,529471
2208,529503
2267,529535
1950,529567
1755,529599
1516,529631
888,529663
1016,529695
784,529727
602,529759
0,529791
122,529823
106,529855
296,529887
472,529919
1053,529951
1013,529983
1197,530015
1373,530047
1703,530079
1930,530111
1798,530143
2011,530175
1368,530207
1144,530239
1247,530271
1081,530303
456,530335
512,530367
0,530399
301,530431
75,530463
672,530495
953,530527
750,530559
1467,530591
1596,530623
1454,530655
2173,530687
1904,530719
1764,530751
1902,530783
1227,530815
1097,530847
1148,530879
570,530911
326,530943
189,530975
0,531007
0,531039
128,531071
455,531103
986,531135
840,531167
1135,531199
1368,531231
1574,531263
2200,531295
2333,531327
1736,531359
1822,531391
1628,531423
1387,531455
1080,531487
890,531519
699,531551
44,531583
155,531615
349,531647
622,531679
416,531711
992,531743
921,531775
1096,531807
1322,531839
1920,531871
1837,531903
1801,531935
1574,531967
1428,531999
1160,532031
876,532063
1131,532095
508,532127
252,532159
391,532191
251,532223
93,532255
654,532287
891,532319
1176,532351
1304,532383
1584,532415
1821,532447
1614,532479
1943,532511
2191,532543
1532,532575
1772,532607
1437,532639
854,532671
1019,532703
378,532735
216,532767
342,532799
0,532831
80,532863
375,532895
598,532927
1197,532959
985,532991
1274,533023
1856,533055
1694,533087
2008,533119
1757,533151
1528,533183
1687,533215
1101,533247
839,533279
953,533311
761,533343
187,533375
263,533407
302,533439
567,533471
715,533503
986,533535
1211,533567
1485,533599
1641,533631
1868,533663
1786,533695
1864,533727
1999,533759
1760,533791
1214,533823
942,533855
1068,533887
569,533919
304,533951
40,533983
0,534015
42,534047
235,534079
892,534111
729,534143
1248,534175
1516,534207
1819,534239
1641,534271
2184,534303
2251,534335
2075,534367
1339,534399
1203,534431
1309,534463
652,534495
907,534527
574,534559
7,534591
249,534623
24,534655
313,534687
894,534719
698,534751
1021,534783
1222,534815
1404,534847
1721,534879
1853,534911
1817,534943
1976,534975
1288,535007
1159,535039
901,535071
632,535103
475,535135
247,535167
0,535199
282,535231
509,535263
407,535295
928,535327
1206,535359
1431,535391
1582,535423
1865,535455
2138,535487
1904,535519
2062,535551
1868,535583
1226,535615
1000,535647
1128,535679
939,535711
324,535743
95,535775
208,535807
0,535839
138,535871
361,535903
668,535935
859,535967
1034,535999
1755,536031
1589,536063
2176,536095
1834,536127
2125,536159
1481,536191
1594,536223
1369,536255
1191,536287
861,536319
314,536351
455,536383
0,536415
52,536447
606,536479
442,536511
1115,536543
1247,536575
1116,536607
1759,536639
1561,536671
1863,536703
1878,536735
1598,536767
1437,536799
1496,536831
951,536863
1099,536895
432,536927
269,536959
54,536991
0,537023
119,537055
315,537087
539,537119
1145,537151
1023,537183
1223,537215
1804,537247
2077,537279
1949,537311
2172,537343
1562,537375
1737,537407
1421,537439
1229,537471
991,537503
379,537535
496,537567
268,537599
236,537631
79,537663
654,537695
887,537727
808,537759
976,537791
1576,537823
1527,537855
1723,537887
1900,537919
1773,537951
1543,537983
1661,538015
1480,538047
855,538079
631,538111
730,538143
559,538175
0,538207
270,538239
188,538271
832,538303
586,538335
1198,538367
1471,538399
1264,538431
1995,538463
2126,538495
1884,538527
2135,538559
1402,538591
1237,538623
966,538655
713,538687
586,538719
638,538751
70,538783
0,538815
0,538847
253,538879
444,538911
648,538943
969,538975
1165,539007
1352,539039
1661,539071
1899,539103
1870,539135
2040,539167
1801,539199
1211,539231
1292,539263
654,539295
871,539327
560,539359
375,539391
217,539423
25,539455
605,539487
874,539519
1146,539551
925,539583
1516,539615
1792,539647
1614,539679
1848,539711
2120,539743
1561,539775
1278,539807
1051,539839
915,539871
649,539903
795,539935
619,539967
16,539999
0,540031
489,540063
779,540095
616,540127
1178,540159
1407,540191
1704,540223
1833,540255
2122,540287
2359,540319
1688,540351
1544,540383
1661,540415
1018,540447
1246,540479
921,540511
344,540543
120,540575
0,540607
0,540639
558,540671
392,540703
686,540735
1195,540767
1110,540799
1725,540831
1502,540863
1801,540895
1933,540927
1656,540959
1497,540991
1239,541023
1004,541055
1160,541087
589,541119
329,541151
440,541183
0,541215
61,541247
590,541279
814,541311
1083,541343
1230,541375
1504,541407
1740,541439
2015,541471
2168,541503
2174,541535
1630,541567
1339,541599
1470,541631
1241,541663
711,541695
428,541727
557,541759
59,541791
0,541823
489,541855
331,541887
553,541919
746,541951
1404,541983
1238,542015
1466,542047
2047,542079
2347,542111
1832,542143
1899,542175
1719,542207
1535,542239
824,542271
692,542303
797,542335
144,542367
382,542399
218,542431
105,542463
301,542495
526,542527
822,542559
1408,542591
1212,542623
1544,542655
2074,542687
1932,542719
1789,542751
1456,542783
1290,542815
1020,542847
776,542879
638,542911
390,542943
120,542975
0,543007
8,543039
200,543071
800,543103
587,543135
919,543167
1454,543199
1728,543231
1961,543263
2109,543295
2285,543327
2092,543359
1400,543391
1533,543423
1340,543455
716,543487
488,543519
616,543551
416,543583
0,543615
0,543647
539,543679
463,543711
640,543743
1351,543775
1179,543807
1371,543839
1552,543871
2286,543903
1894,543935
1621,543967
1771,543999
1595,544031
966,544063
1070,544095
857,544127
669,544159
345,544191
0,544223
441,544255
248,544287
564,544319
1120,544351
954,544383
1160,544415
1776,544447
1641,544479
2297,544511
1744,544543
1579,544575
1720,544607
1072,544639
923,544671
974,544703
440,544735
585,544767
0,544799
0,544831
149,544863
332,544895
634,544927
825,544959
1051,544991
1673,545023
1807,545055
1741,545087
2335,545119
2153,545151
1559,545183
1641,545215
1404,545247
1211,545279
904,545311
714,545343
479,545375
0,545407
256,545439
488,545471
752,545503
588,545535
1176,545567
1402,545599
1320,545631
1498,545663
1820,545695
1947,545727
1675,545759
1390,545791
1247,545823
1018,545855
760,545887
957,545919
343,545951
120,545983
204,546015
429,546047
278,546079
791,546111
698,546143
1353,546175
1098,546207
1417,546239
1999,546271
1788,546303
1806,546335
1962,546367
1356,546399
1597,546431
886,546463
716,546495
856,546527
204,546559
73,546591
156,546623
48,546655
349,546687
475,546719
764,546751
954,546783
1152,546815
1482,546847
1689,546879
1871,546911
1851,546943
1883,546975
1351,547007
1502,547039
1273,547071
697,547103
779,547135
584,547167
345,547199
205,547231
473,547263
744,547295
539,547327
1116,547359
1386,547391
1664,547423
1438,547455
2044,547487
2329,547519
1686,547551
1452,547583
1307,547615
1038,547647
766,547679
540,547711
397,547743
135,547775
0,547807
375,547839
218,547871
410,547903
1001,547935
1291,547967
1128,547999
1694,548031
1945,548063
2233,548095
2252,548127
1673,548159
1835,548191
1164,548223
1312,548255
1135,548287
508,548319
732,548351
400,548383
0,548415
383,548447
192,548479
478,548511
1068,548543
894,548575
1195,548607
1721,548639
1625,548671
2255,548703
1805,548735
1640,548767
1411,548799
1133,548831
984,548863
1053,548895
492,548927
637,548959
73,548991
0,549023
415,549055
687,549087
573,549119
1103,549151
1336,549183
1607,549215
1759,549247
2032,549279
2267,549311
2205,549343
1884,549375
1645,549407
1101,549439
825,549471
953,549503
456,549535
202,549567
0,549599
202,549631
156,549663
357,549695
528,549727
843,549759
1066,549791
1256,549823
1935,549855
1759,549887
1993,549919
2121,549951
1947,549983
1307,550015
1371,550047
816,550079
1019,550111
304,550143
460,550175
279,550207
0,550239
603,550271
734,550303
615,550335
1293,550367
1040,550399
1336,550431
1948,550463
1738,550495
1963,550527
2024,550559
1417,550591
1261,550623
940,550655
777,550687
508,550719
264,550751
135,550783
192,550815
2,550847
285,550879
521,550911
714,550943
1325,550975
1551,551007
1431,551039
1980,551071
2256,551103
2265,551135
1947,551167
1753,551199
1563,551231
879,551263
1016,551295
824,551327
206,551359
0,551391
136,551423
73,551455
251,551487
474,551519
1056,551551
975,551583
1152,551615
1384,551647
1705,551679
1899,551711
1737,551743
2007,551775
1366,551807
1096,551839
1244,551871
1069,551903
455,551935
553,551967
333,551999
312,552031
448,552063
730,552095
956,552127
760,552159
1067,552191
1646,552223
1466,552255
2172,552287
2302,552319
1707,552351
1897,552383
1216,552415
1063,552447
1196,552479
568,552511
413,552543
460,552575
0,552607
0,552639
140,552671
426,552703
988,552735
842,552767
1144,552799
1338,552831
1574,552863
2203,552895
1965,552927
1693,552959
1818,552991
1625,553023
1037,553055
1117,553087
888,553119
695,553151
393,553183
197,553215
352,553247
200,553279
778,553311
1002,553343
922,553375
1100,553407
1693,553439
1930,553471
1840,553503
1800,553535
1934,553567
1419,553599
1158,553631
875,553663
741,553695
508,553727
238,553759
443,553791
0,553823
105,553855
663,553887
951,553919
791,553951
1307,553983
1593,554015
1883,554047
1615,554079
1944,554111
2187,554143
1510,554175
1771,554207
1433,554239
845,554271
1071,554303
366,554335
205,554367
334,554399
0,554431
183,554463
686,554495
558,554527
762,554559
987,554591
1278,554623
1902,554655
1678,554687
2011,554719
1755,554751
1480,554783
1322,554815
1095,554847
837,554879
984,554911
759,554943
187,554975
254,555007
346,555039
569,555071
719,555103
990,555135
1260,555167
1040,555199
1642,555231
1916,555263
1736,555295
1856,555327
1995,555359
1804,555391
1163,555423
936,555455
1068,555487
535,555519
264,555551
40,555583
0,555615
19,555647
198,555679
891,555711
729,555743
920,555775
1519,555807
1819,555839
1650,555871
2232,555903
2247,555935
2062,555967
1723,555999
1161,556031
1307,556063
652,556095
508,556127
620,556159
7,556191
251,556223
397,556255
280,556287
895,556319
701,556351
988,556383
1225,556415
1406,556447
1628,556479
2252,556511
1814,556543
1967,556575
1280,556607
1115,556639
899,556671
622,556703
471,556735
219,556767
0,556799
283,556831
185,556863
376,556895
938,556927
1209,556959
1095,556991
1629,557023
1866,557055
2138,557087
2287,557119
2107,557151
1867,557183
1226,557215
1357,557247
1120,557279
601,557311
316,557343
431,557375
205,557407
0,557439
138,557471
715,557503
670,557535
869,557567
1040,557599
1356,557631
1591,557663
1784,557695
2361,557727
1709,557759
1479,557791
1593,557823
1419,557855
793,557887
857,557919
312,557951
495,557983
0,558015
334,558047
608,558079
426,558111
1116,558143
1248,558175
1127,558207
1821,558239
1563,558271
1864,558303
1820,558335
1574,558367
1433,558399
1498,558431
904,558463
749,558495
428,558527
266,558559
8,558591
0,558623
121,558655
324,558687
504,558719
809,558751
1032,558783
1226,558815
1852,558847
2089,558879
1959,558911
2170,558943
1974,558975
1734,559007
1418,559039
1227,559071
1039,559103
377,559135
495,559167
302,559199
0,559231
88,559263
656,559295
927,559327
762,559359
985,559391
1578,559423
1487,559455
1674,559487
1904,559519
1767,559551
1496,559583
1659,559615
1468,559647
851,559679
593,559711
720,559743
555,559775
0,559807
316,559839
555,559871
840,559903
960,559935
1244,559967
1479,559999
1274,560031
1592,560063
2176,560095
1882,560127
2124,560159
1721,560191
1181,560223
956,560255
714,560287
552,560319
672,560351
60,560383
0,560415
334,560447
261,560479
446,560511
652,560543
948,560575
1504,560607
1355,560639
1661,560671
1867,560703
1869,560735
2029,560767
1437,560799
1175,560831
1292,560863
1097,560895
524,560927
602,560959
378,560991
213,561023
380,561055
651,561087
875,561119
712,561151
1292,561183
1517,561215
1436,561247
1616,561279
2223,561311
2111,561343
1559,561375
1275,561407
1404,561439
906,561471
648,561503
845,561535
221,561567
4,561599
0,561631
543,561663
391,561695
631,561727
1179,561759
1467,561791
1303,561823
1834,561855
2121,561887
2413,561919
1680,561951
1543,561983
1659,562015
988,562047
1243,562079
912,562111
333,562143
88,562175
0,562207
0,562239
560,562271
364,562303
684,562335
1198,562367
1066,562399
1278,562431
1504,562463
1803,562495
2318,562527
1628,562559
1496,562591
1229,562623
958,562655
809,562687
584,562719
326,562751
470,562783
0,562815
61,562847
600,562879
862,562911
1084,562943
1240,562975
1512,563007
1787,563039
1564,563071
2172,563103
2218,563135
1574,563167
1328,563199
1466,563231
1276,563263
650,563295
427,563327
554,563359
31,563391
0,563423
488,563455
340,563487
524,563519
698,563551
1403,563583
1240,563615
1434,563647
2048,563679
2350,563711
1831,563743
1935,563775
1709,563807
1531,563839
1196,563871
646,563903
783,563935
141,563967
4,563999
268,564031
106,564063
312,564095
908,564127
789,564159
1419,564191
1215,564223
1512,564255
2124,564287
1934,564319
1691,564351
1840,564383
1287,564415
1437,564447
767,564479
603,564511
378,564543
112,564575
0,564607
0,564639
204,564671
799,564703
944,564735
887,564767
1456,564799
1737,564831
1608,564863
2158,564895
2283,564927
2087,564959
1760,564991
1576,565023
1337,565055
714,565087
841,565119
606,565151
78,565183
0,565215
316,565247
544,565279
472,565311
648,565343
957,565375
1182,565407
1374,565439
1560,565471
1883,565503
1883,565535
1611,565567
1823,565599
1191,565631
956,565663
1067,565695
895,565727
281,565759
335,565791
0,565823
493,565855
251,565887
565,565919
1131,565951
934,565983
1163,566015
1776,566047
1643,566079
2361,566111
1740,566143
1577,566175
1712,566207
1050,566239
922,566271
972,566303
394,566335
237,566367
0,566399
0,566431
107,566463
311,566495
633,566527
834,566559
1014,566591
1319,566623
1817,566655
1752,566687
2380,566719
2153,566751
1559,566783
1632,566815
1438,566847
1208,566879
896,566911
713,566943
511,566975
0,567007
266,567039
536,567071
374,567103
591,567135
1176,567167
1448,567199
1273,567231
1499,567263
1831,567295
1903,567327
1616,567359
1388,567391
1244,567423
981,567455
708,567487
955,567519
341,567551
74,567583
201,567615
439,567647
281,567679
832,567711
1071,567743
1352,567775
1483,567807
1384,567839
2007,567871
1792,567903
2190,567935
2008,567967
1355,567999
1593,568031
1259,568063
677,568095
843,568127
201,568159
39,568191
206,568223
48,568255
347,568287
859,568319
774,568351
956,568383
1165,568415
1453,568447
1691,568479
1882,568511
1847,568543
1927,568575
1348,568607
1500,568639
923,568671
664,568703
768,568735
585,568767
18,568799
251,568831
476,568863
743,568895
892,568927
1164,568959
1389,568991
1215,569023
1820,569055
2046,569087
2330,569119
1678,569151
1820,569183
1306,569215
1038,569247
764,569279
890,569311
393,569343
136,569375
0,569407
4,569439
221,569471
412,569503
1067,569535
903,569567
1129,569599
1705,569631
1999,569663
1821,569695
2251,569727
1676,569759
1885,569791
1163,569823
1322,569855
1131,569887
474,569919
731,569951
396,569983
0,570015
439,570047
192,570079
489,570111
1070,570143
878,570175
1207,570207
1724,570239
1582,570271
1804,570303
1899,570335
1637,570367
1356,570399
1104,570431
973,570463
1052,570495
447,570527
299,570559
73,570591
0,570623
460,570655
697,570687
583,570719
1116,570751
1384,570783
1611,570815
1760,570847
2043,570879
2317,570911
1740,570943
1880,570975
1688,571007
1498,571039
815,571071
952,571103
423,571135
141,571167
0,571199
203,571231
137,571263
316,571295
528,571327
843,571359
1034,571391
1212,571423
1943,571455
1767,571487
1961,571519
2119,571551
1944,571583
1303,571615
1408,571647
1183,571679
1015,571711
683,571743
504,571775
269,571807
0,571839
222,571871
784,571903
618,571935
1293,571967
1423,571999
1293,572031
1947,572063
1740,572095
1927,572127
2064,572159
1416,572191
1103,572223
999,572255
776,572287
921,572319
255,572351
88,572383
188,572415
5,572447
296,572479
491,572511
716,572543
1323,572575
1209,572607
1400,572639
1984,572671
2265,572703
1899,572735
1984,572767
1742,572799
1550,572831
1242,572863
1055,572895
828,572927
633,572959
319,572991
142,573023
88,573055
254,573087
830,573119
1056,573151
976,573183
1160,573215
1753,573247
1707,573279
1900,573311
1736,573343
1595,573375
1355,573407
1098,573439
1292,573471
679,573503
744,573535
555,573567
379,573599
0,573631
448,573663
729,573695
1017,573727
762,573759
1077,573791
1655,573823
1448,573855
2183,573887
2304,573919
1704,573951
1947,573983
1214,574015
1053,574047
1196,574079
538,574111
409,574143
154,574175
0,574207
18,574239
151,574271
428,574303
1036,574335
830,574367
1159,574399
1349,574431
1530,574463
1846,574495
1961,574527
1692,574559
1852,574591
1613,574623
1032,574655
1116,574687
924,574719
685,574751
380,574783
187,574815
397,574847
204,574879
780,574911
1050,574943
878,574975
1103,575007
1696,575039
1980,575071
1799,575103
1792,575135
1934,575167
1384,575199
1100,575231
877,575263
733,575295
472,575327
199,575359
429,575391
0,575423
444,575455
668,575487
955,575519
791,575551
1354,575583
1595,575615
1884,575647
2012,575679
1913,575711
2185,575743
1504,575775
1366,575807
1472,575839
843,575871
1069,575903
746,575935
168,575967
329,575999
0,576031
152,576063
379,576095
572,576127
859,576159
1373,576191
1286,576223
1911,576255
1680,576287
1980,576319
1752,576351
1472,576383
1319,576415
1063,576447
827,576479
981,576511
413,576543
151,576575
252,576607
345,576639
237,576671
768,576703
636,576735
1261,576767
1416,576799
1691,576831
1919,576863
1741,576895
2234,576927
1984,576959
1802,576991
1162,577023
1289,577055
1056,577087
526,577119
254,577151
379,577183
0,577215
25,577247
190,577279
507,577311
730,577343
1307,577375
1591,577407
1417,577439
1652,577471
2233,577503
2297,577535
1646,577567
1720,577599
1151,577631
1355,577663
651,577695
798,577727
617,577759
0,577791
261,577823
407,577855
282,577887
955,577919
704,577951
998,577983
1192,578015
1390,578047
1721,578079
2254,578111
1766,578143
1611,578175
1278,578207
1113,578239
846,578271
592,578303
462,578335
214,578367
0,578399
0,578431
184,578463
388,578495
984,578527
1211,578559
1085,578591
1632,578623
1448,578655
2141,578687
2298,578719
2103,578751
1913,578783
1215,578815
1352,578847
1163,578879
974,578911
315,578943
432,578975
236,579007
0,579039
143,579071
717,579103
647,579135
814,579167
1040,579199
1357,579231
1557,579263
2187,579295
2357,579327
1706,579359
1434,579391
1583,579423
1415,579455
791,579487
896,579519
671,579551
492,579583
156,579615
384,579647
619,579679
424,579711
733,579743
1304,579775
1128,579807
1836,579839
1960,579871
1819,579903
1820,579935
1564,579967
1400,579999
1534,580031
903,580063
749,580095
798,580127
265,580159
399,580191
0,580223
90,580255
326,580287
508,580319
819,580351
1003,580383
1228,580415
1853,580447
1727,580479
1928,580511
2158,580543
1502,580575
1371,580607
1453,580639
1226,580671
1024,580703
728,580735
537,580767
300,580799
281,580831
432,580863
664,580895
586,580927
764,580959
1352,580991
1579,581023
1508,581055
1676,581087
2284,581119
1757,581151
1496,581183
1707,581215
1069,581247
843,581279
584,581311
780,581343
167,581375
0,581407
319,581439
605,581471
452,581503
970,581535
1245,581567
1529,581599
1274,581631
1595,581663
2199,581695
1852,581727
2123,581759
1774,581791
1179,581823
927,581855
703,581887
541,581919
670,581951
37,581983
0,582015
346,582047
230,582079
525,582111
653,582143
940,582175
1130,582207
1340,582239
1671,582271
1869,582303
1820,582335
1663,582367
1438,582399
1166,582431
1326,582463
651,582495
521,582527
602,582559
396,582591
219,582623
392,582655
653,582687
921,582719
715,582751
1295,582783
1566,582815
1391,582847
1625,582879
2223,582911
2154,582943
1500,582975
1272,583007
1408,583039
871,583071
588,583103
843,583135
220,583167
0,583199
0,583231
555,583263
393,583295
587,583327
1181,583359
1467,583391
1305,583423
1882,583455
2125,583487
2411,583519
2074,583551
1496,583583
1655,583615
986,583647
852,583679
956,583711
334,583743
80,583775
219,583807
0,583839
569,583871
368,583903
667,583935
1246,583967
1070,583999
1384,584031
1903,584063
1814,584095
2315,584127
1626,584159
1452,584191
1226,584223
1216,584255
807,584287
551,584319
324,584351
458,584383
141,584415
39,584447
602,584479
863,584511
757,584543
1278,584575
1514,584607
1788,584639
1946,584671
2222,584703
2208,584735
1563,584767
1704,584799
1465,584831
1274,584863
650,584895
777,584927
542,584959
23,584991
0,585023
119,585055
343,585087
528,585119
702,585151
1019,585183
1243,585215
1446,585247
2135,585279
1944,585311
1820,585343
1933,585375
1767,585407
1128,585439
1194,585471
638,585503
841,585535
141,585567
2,585599
271,585631
80,585663
315,585695
912,585727
791,585759
1483,585791
1216,585823
1513,585855
2126,585887
1918,585919
1783,585951
1836,585983
1239,586015
1087,586047
764,586079
601,586111
334,586143
80,586175
0,586207
0,586239
168,586271
469,586303
952,586335
890,586367
1502,586399
1737,586431
1608,586463
2168,586495
2318,586527
2085,586559
1759,586591
1568,586623
1375,586655
712,586687
840,586719
647,586751
456,586783
0,586815
320,586847
599,586879
430,586911
649,586943
966,586975
1150,587007
1328,587039
1562,587071
1884,587103
1847,587135
1552,587167
1819,587199
1179,587231
923,587263
1067,587295
891,587327
277,587359
376,587391
213,587423
491,587455
632,587487
535,587519
1133,587551
936,587583
1536,587615
1834,587647
1644,587679
2360,587711
2135,587743
1526,587775
1711,587807
1040,587839
877,587871
1008,587903
392,587935
236,587967
280,587999
0,588031
521,588063
315,588095
604,588127
840,588159
1016,588191
1320,588223
1866,588255
1754,588287
2378,588319
1785,588351
1513,588383
1630,588415
1435,588447
859,588479
939,588511
704,588543
509,588575
207,588607
312,588639
536,588671
811,588703
955,588735
1179,588767
1100,588799
1277,588831
1872,588863
1832,588895
1900,588927
1614,588959
1758,588991
1241,589023
974,589055
701,589087
558,589119
330,589151
70,589183
253,589215
59,589247
282,589279
843,589311
1127,589343
955,589375
1486,589407
1387,589439
2061,589471
1802,589503
2190,589535
1999,589567
1325,589599
1591,589631
1248,589663
670,589695
903,589727
191,589759
39,589791
214,589823
40,589855
350,589887
862,589919
739,589951
1035,589983
1165,590015
1454,590047
1653,590079
1864,590111
1838,590143
1918,590175
1294,590207
1145,590239
921,590271
654,590303
808,590335
571,590367
16,590399
253,590431
524,590463
747,590495
903,590527
1168,590559
1439,590591
1224,590623
1819,590655
2103,590687
1914,590719
1676,590751
1807,590783
1260,590815
986,590847
752,590879
889,590911
360,590943
80,590975
0,591007
4,591039
190,591071
364,591103
1068,591135
908,591167
1096,591199
1707,591231
2008,591263
1832,591295
2286,591327
2061,591359
1883,591391
1534,591423
1357,591455
1129,591487
474,591519
341,591551
443,591583
0,591615
443,591647
574,591679
454,591711
1081,591743
877,591775
1175,591807
1774,591839
1593,591871
1902,591903
2188,591935
1625,591967
1356,591999
1102,592031
937,592063
1050,592095
443,592127
296,592159
40,592191
0,592223
461,592255
352,592287
551,592319
1117,592351
1387,592383
1271,592415
1808,592447
2046,592479
2327,592511
2111,592543
1917,592575
1680,592607
1040,592639
1180,592671
942,592703
412,592735
142,592767
255,592799
205,592831
137,592863
314,592895
893,592927
856,592959
1038,592991
1214,593023
1534,593055
1768,593087
1960,593119
2173,593151
1519,593183
1302,593215
1415,593247
1231,593279
619,593311
672,593343
493,593375
317,593407
0,593439
231,593471
793,593503
590,593535
1303,593567
1434,593599
1303,593631
2011,593663
1743,593695
1925,593727
2062,593759
1387,593791
1257,593823
1310,593855
728,593887
478,593919
253,593951
89,593983
218,594015
0,594047
298,594079
500,594111
680,594143
975,594175
1209,594207
1401,594239
2031,594271
2265,594303
1899,594335
1984,594367
1790,594399
1547,594431
1239,594463
1049,594495
857,594527
204,594559
318,594591
187,594623
42,594655
255,594687
840,594719
1112,594751
938,594783
1162,594815
1758,594847
1676,594879
1854,594911
1727,594943
1591,594975
1318,595007
1036,595039
1291,595071
670,595103
409,595135
552,595167
376,595199
0,595231
493,595263
733,595295
1016,595327
1145,595359
1047,595391
1659,595423
1452,595455
1770,595487
2351,595519
1702,595551
1942,595583
1597,595615
1005,595647
1181,595679
528,595711
375,595743
151,595775
0,595807
0,595839
512,595871
437,595903
1037,595935
828,595967
1114,595999
1350,596031
1533,596063
1848,596095
1918,596127
1688,596159
1849,596191
1258,596223
997,596255
652,596287
921,596319
348,596351
414,596383
182,596415
407,596447
559,596479
828,596511
1051,596543
880,596575
1471,596607
1705,596639
1624,596671
1801,596703
2159,596735
1930,596767
1383,596799
1098,596831
1227,596863
730,596895
473,596927
190,596959
45,596991
0,597023
84,597055
731,597087
568,597119
792,597151
1357,597183
1657,597215
1479,597247
2014,597279
1913,597311
2235,597343
1498,597375
1660,597407
1471,597439
813,597471
1064,597503
735,597535
166,597567
367,597599
0,597631
153,597663
334,597695
537,597727
863,597759
1374,597791
1251,597823
1558,597855
1691,597887
1979,597919
1704,597951
1450,597983
1319,598015
1053,598047
790,598079
633,598111
408,598143
150,598175
282,598207
347,598239
237,598271
778,598303
1038,598335
1263,598367
1417,598399
1694,598431
1967,598463
1742,598495
2224,598527
2032,598559
1386,598591
1160,598623
1280,598655
1101,598687
483,598719
251,598751
377,598783
0,598815
0,598847
205,598879
509,598911
698,598943
1311,598975
1591,599007
1419,599039
1621,599071
2237,599103
2296,599135
1643,599167
1756,599199
1531,599231
1351,599263
1017,599295
840,599327
608,599359
0,599391
0,599423
448,599455
284,599487
960,599519
1086,599551
955,599583
1184,599615
1391,599647
1693,599679
2304,599711
1766,599743
1607,599775
1659,599807
1110,599839
844,599871
591,599903
427,599935
528,599967
0,599999
0,600031
157,600063
380,600095
985,600127
873,600159
1063,600191
1643,600223
1917,600255
1788,600287
2334,600319
2096,600351
1899,600383
1582,600415
1388,600447
1161,600479
538,600511
664,600543
428,600575
0,600607
0,600639
493,600671
718,600703
649,600735
825,600767
1407,600799
1367,600831
1562,600863
2249,600895
1943,600927
1704,600959
1432,600991
1641,601023
1004,601055
791,601087
891,601119
717,601151
107,601183
154,601215
391,601247
671,601279
427,601311
742,601343
1307,601375
1104,601407
1832,601439
1963,601471
1831,601503
1800,601535
1561,601567
1396,601599
1531,601631
872,601663
746,601695
796,601727
217,601759
0,601791
0,601823
100,601855
696,601887
488,601919
811,601951
1002,601983
1193,602015
1498,602047
1735,602079
1932,602111
2203,602143
1498,602175
1369,602207
1452,602239
1262,602271
1021,602303
719,602335
539,602367
335,602399
0,602431
443,602463
712,602495
552,602527
768,602559
1355,602591
1629,602623
1450,602655
1691,602687
2281,602719
1725,602751
1444,602783
1704,602815
1069,602847
806,602879
527,602911
779,602943
156,602975
0,603007
329,603039
616,603071
454,603103
1008,603135
1255,603167
1534,603199
1663,603231
1563,603263
2189,603295
1849,603327
1706,603359
1823,603391
1178,603423
926,603455
1072,603487
501,603519
667,603551
24,603583
0,603615
396,603647
233,603679
432,603711
1035,603743
950,603775
1563,603807
1341,603839
1639,603871
1877,603903
1819,603935
1660,603967
1399,603999
1164,604031
1319,604063
1002,604095
488,604127
590,604159
397,604191
0,604223
429,604255
656,604287
923,604319
1070,604351
1341,604383
1568,604415
1400,604447
2000,604479
2236,604511
1786,604543
1499,604575
1630,604607
1401,604639
869,604671
587,604703
446,604735
217,604767
0,604799
0,604831
171,604863
396,604895
588,604927
1243,604959
1081,604991
1307,605023
1883,605055
2187,605087
1995,605119
2064,605151
1488,605183
1707,605215
984,605247
842,605279
955,605311
302,605343
78,605375
220,605407
0,605439
619,605471
368,605503
665,605535
1248,605567
1060,605599
1375,605631
1910,605663
1771,605695
1959,605727
1623,605759
1450,605791
1179,605823
934,605855
805,605887
550,605919
271,605951
119,605983
137,606015
40,606047
650,606079
863,606111
759,606143
1294,606175
1566,606207
1799,606239
1960,606271
2222,606303
2253,606335
1560,606367
1694,606399
1500,606431
875,606463
649,606495
768,606527
585,606559
0,606591
0,606623
118,606655
313,606687
486,606719
713,606751
1019,606783
1213,606815
1388,606847
2125,606879
1949,606911
1782,606943
1934,606975
1768,607007
1125,607039
1228,607071
1007,607103
838,607135
504,607167
0,607199
281,607231
80,607263
687,607295
960,607327
792,607359
1479,607391
1612,607423
1478,607455
2135,607487
1912,607519
1740,607551
1882,607583
1242,607615
1083,607647
1134,607679
589,607711
334,607743
79,607775
0,607807
0,607839
174,607871
473,607903
1000,607935
890,607967
1501,607999
1385,608031
1579,608063
2172,608095
2317,608127
1721,608159
1803,608191
1566,608223
1372,608255
1065,608287
503,608319
651,608351
33,608383
139,608415
320,608447
600,608479
430,608511
1006,608543
969,608575
1160,608607
1336,608639
1936,608671
1895,608703
1838,608735
1548,608767
1415,608799
1179,608831
920,608863
1117,608895
493,608927
275,608959
367,608991
267,609023
119,609055
632,609087
539,609119
1193,609151
937,609183
1550,609215
1839,609247
1628,609279
2363,609311
2126,609343
1517,609375
1759,609407
1039,609439
887,609471
1015,609503
362,609535
233,609567
280,609599
0,609631
101,609663
411,609695
604,609727
803,609759
1006,609791
1324,609823
1870,609855
1706,609887
2011,609919
1783,609951
1512,609983
1664,610015
1433,610047
858,610079
938,610111
746,610143
506,610175
205,610207
314,610239
575,610271
380,610303
958,610335
1226,610367
1502,610399
1278,610431
1883,610463
1802,610495
1850,610527
1612,610559
1753,610591
1208,610623
923,610655
697,610687
563,610719
296,610751
25,610783
251,610815
57,610847
250,610879
847,610911
1131,610943
967,610975
1533,611007
1775,611039
2071,611071
2201,611103
2234,611135
1999,611167
1325,611199
1177,611231
1294,611263
668,611295
891,611327
559,611359
0,611391
0,611423
40,611455
327,611487
910,611519
742,611551
943,611583
1239,611615
1465,611647
2093,611679
1868,611711
1800,611743
1916,611775
1292,611807
1144,611839
887,611871
652,611903
797,611935
233,611967
0,611999
256,612031
527,612063
415,612095
952,612127
1178,612159
1439,612191
1595,612223
1871,612255
2105,612287
2374,612319
2046,612351
1808,612383
1260,612415
976,612447
1112,612479
880,612511
357,612543
76,612575
199,612607
5,612639
198,612671
374,612703
683,612735
917,612767
1100,612799
1771,612831
1607,612863
2141,612895
2285,612927
2118,612959
1465,612991
1532,613023
1355,613055
1177,613087
472,613119
331,613151
440,613183
0,613215
444,613247
575,613279
457,613311
1133,613343
880,613375
1177,613407
1784,613439
1576,613471
1911,613503
1862,613535
1580,613567
1423,613599
1102,613631
937,613663
1084,613695
424,613727
283,613759
36,613791
0,613823
137,613855
359,613887
556,613919
1164,613951
1389,613983
1271,614015
1822,614047
2095,614079
2331,614111
2110,614143
1917,614175
1728,614207
1040,614239
1168,614271
990,614303
364,614335
139,614367
253,614399
251,614431
102,614463
317,614495
896,614527
824,614559
1000,614591
1224,614623
1544,614655
1737,614687
1900,614719
2171,614751
1526,614783
1645,614815
1403,614847
1229,614879
614,614911
714,614943
491,614975
311,615007
285,615039
200,615071
795,615103
601,615135
917,615167
1482,615199
1295,615231
2011,615263
2142,615295
1866,615327
2061,615359
1386,615391
1224,615423
988,615455
729,615487
570,615519
619,615551
89,615583
213,615615
1,615647
266,615679
503,615711
684,615743
984,615775
1179,615807
1414,615839
2039,615871
1913,615903
1863,615935
1980,615967
1785,615999
1195,616031
1277,616063
694,616095
855,616127
552,616159
360,616191
191,616223
44,616255
617,616287
841,616319
1114,616351
943,616383
1530,616415
1768,616447
1678,616479
1864,616511
2104,616543
1588,616575
1309,616607
1036,616639
891,616671
666,616703
779,616735
608,616767
0,616799
0,616831
505,616863
793,616895
623,616927
1148,616959
1061,616991
1721,617023
1454,617055
2078,617087
2351,617119
1674,617151
1945,617183
1596,617215
1001,617247
1241,617279
526,617311
372,617343
102,617375
0,617407
24,617439
512,617471
397,617503
701,617535
829,617567
1118,617599
1308,617631
1516,617663
1851,617695
1923,617727
1640,617759
1485,617791
1255,617823
988,617855
1146,617887
919,617919
347,617951
424,617983
0,618015
408,618047
568,618079
830,618111
1099,618143
890,618175
1480,618207
1753,618239
2030,618271
1803,618303
2158,618335
1975,618367
1323,618399
1097,618431
1225,618463
695,618495
420,618527
191,618559
51,618591
0,618623
457,618655
731,618687
569,618719
760,618751
1358,618783
1659,618815
1481,618847
2064,618879
2313,618911
2232,618943
1886,618975
1704,619007
1469,619039
811,619071
667,619103
780,619135
156,619167
373,619199
234,619231
120,619263
344,619295
544,619327
840,619359
1424,619391
1254,619423
1559,619455
2088,619487
1977,619519
2141,619551
1440,619583
1275,619615
1050,619647
780,619679
631,619711
375,619743
143,619775
281,619807
26,619839
220,619871
780,619903
602,619935
925,619967
1467,619999
1696,620031
1975,620063
2126,620095
2269,620127
2027,620159
1837,620191
1516,620223
1288,620255
748,620287
475,620319
647,620351
366,620383
0,620415
0,620447
558,620479
516,620511
702,620543
1369,620575
1197,620607
1428,620639
1624,620671
2303,620703
1879,620735
1641,620767
1754,620799
1579,620831
951,620863
1020,620895
839,620927
663,620959
0,620991
0,621023
447,621055
270,621087
967,621119
1088,621151
959,621183
1167,621215
1402,621247
1693,621279
2316,621311
1736,621343
1596,621375
1662,621407
1064,621439
909,621471
592,621503
425,621535
156,621567
0,621599
0,621631
167,621663
346,621695
649,621727
874,621759
1066,621791
1690,621823
1454,621855
1799,621887
2330,621919
2140,621951
1897,621983
1578,622015
1386,622047
1197,622079
537,622111
656,622143
462,622175
0,622207
0,622239
494,622271
767,622303
600,622335
828,622367
1417,622399
1335,622431
1513,622463
2249,622495
1930,622527
1659,622559
1373,622591
1643,622623
1003,622655
744,622687
880,622719
715,622751
95,622783
188,622815
395,622847
679,622879
807,622911
715,622943
1311,622975
1115,623007
1431,623039
2014,623071
1834,623103
1789,623135
1948,623167
1349,623199
1527,623231
872,623263
711,623295
840,623327
208,623359
57,623391
171,623423
103,623455
701,623487
490,623519
781,623551
1006,623583
1196,623615
1498,623647
1705,623679
1932,623711
2201,623743
1868,623775
1336,623807
1452,623839
1255,623871
683,623903
762,623935
528,623967
329,623999
220,624031
490,624063
715,624095
553,624127
1133,624159
1355,624191
1632,624223
1455,624255
2062,624287
2280,624319
1722,624351
1435,624383
1293,624415
1063,624447
804,624479
523,624511
382,624543
152,624575
0,624607
393,624639
233,624671
465,624703
1017,624735
1305,624767
1143,624799
1672,624831
1573,624863
2249,624895
1848,624927
1704,624959
1821,624991
1150,625023
926,625055
1072,625087
491,625119
715,625151
21,625183
0,625215
394,625247
204,625279
535,625311
1038,625343
907,625375
1212,625407
1343,625439
1642,625471
1835,625503
1791,625535
1656,625567
1388,625599
1116,625631
969,625663
1001,625695
485,625727
632,625759
393,625791
0,625823
440,625855
702,625887
924,625919
1082,625951
1351,625983
1627,626015
1402,626047
2008,626079
2284,626111
2192,626143
1496,626175
1630,626207
1438,626239
812,626271
587,626303
441,626335
174,626367
0,626399
0,626431
181,626463
372,626495
540,626527
1243,626559
1082,626591
1274,626623
1897,626655
2189,626687
1992,626719
2108,626751
1881,626783
1691,626815
1358,626847
807,626879
953,626911
299,626943
446,626975
256,627007
0,627039
620,627071
749,627103
629,627135
1257,627167
1055,627199
1352,627231
1952,627263
1772,627295
1948,627327
2008,627359
1447,627391
1607,627423
924,627455
763,627487
538,627519
271,627551
108,627583
171,627615
45,627647
637,627679
537,627711
728,627743
1294,627775
1575,627807
1447,627839
1999,627871
2234,627903
2249,627935
1931,627967
1740,627999
1499,628031
1309,628063
1003,628095
764,628127
238,628159
0,628191
154,628223
120,628255
312,628287
491,628319
1069,628351
1031,628383
1216,628415
1392,628447
1723,628479
1950,628511
1774,628543
1993,628575
1351,628607
1118,628639
1229,628671
1063,628703
441,628735
495,628767
0,628799
331,628831
93,628863
696,628895
971,628927
768,628959
1483,628991
1614,629023
1483,629055
2189,629087
1902,629119
1737,629151
1881,629183
1208,629215
1080,629247
1132,629279
554,629311
397,629343
77,629375
0,629407
0,629439
154,629471
474,629503
1006,629535
858,629567
1159,629599
1387,629631
1582,629663
2220,629695
2315,629727
1719,629759
1804,629791
1610,629823
1369,629855
1056,629887
873,629919
681,629951
28,629983
135,630015
376,630047
214,630079
441,630111
1016,630143
937,630175
1114,630207
1340,630239
1945,630271
1863,630303
1785,630335
1548,630367
1405,630399
1141,630431
862,630463
1115,630495
499,630527
233,630559
368,630591
267,630623
119,630655
672,630687
911,630719
1190,630751
1322,630783
1600,630815
1847,630847
1630,630879
1961,630911
2170,630943
1512,630975
1756,631007
1419,631039
837,631071
1005,631103
352,631135
199,631167
316,631199
0,631231
188,631263
702,631295
616,631327
798,631359
1004,631391
1291,631423
1872,631455
1720,631487
2008,631519
1741,631551
1500,631583
1663,631615
1083,631647
823,631679
928,631711
741,631743
169,631775
237,631807
316,631839
581,631871
736,631903
1003,631935
1229,631967
1063,631999
1658,632031
1885,632063
1804,632095
1840,632127
1980,632159
1743,632191
1196,632223
920,632255
1052,632287
553,632319
295,632351
0,632383
0,632415
60,632447
251,632479
908,632511
744,632543
968,632575
1535,632607
1837,632639
1659,632671
2204,632703
2231,632735
2047,632767
1323,632799
1180,632831
1293,632863
638,632895
888,632927
560,632959
0,632991
269,633023
40,633055
330,633087
910,633119
718,633151
1040,633183
1564,633215
1420,633247
1642,633279
1871,633311
1799,633343
1960,633375
1264,633407
1133,633439
876,633471
607,633503
461,633535
232,633567
0,633599
304,633631
527,633663
423,633695
954,633727
1216,633759
1448,633791
1597,633823
1879,633855
2155,633887
1903,633919
2043,633951
1850,633983
1210,634015
975,634047
1104,634079
922,634111
301,634143
74,634175
192,634207
0,634239
154,634271
379,634303
693,634335
874,634367
1062,634399
1771,634431
1606,634463
1802,634495
2283,634527
2108,634559
1463,634591
1568,634623
1353,634655
1166,634687
842,634719
298,634751
429,634783
0,634815
68,634847
624,634879
456,634911
1134,634943
1272,634975
1133,635007
1785,635039
1578,635071
1881,635103
1852,635135
1576,635167
1325,635199
1472,635231
923,635263
1085,635295
412,635327
248,635359
25,635391
0,635423
137,635455
333,635487
568,635519
1163,635551
1049,635583
1240,635615
1824,635647
2103,635679
1975,635711
2155,635743
1916,635775
1720,635807
1402,635839
1211,635871
985,635903
364,635935
480,635967
250,635999
0,636031
102,636063
670,636095
904,636127
824,636159
1001,636191
1594,636223
1546,636255
1740,636287
1897,636319
1755,636351
1517,636383
1254,636415
1455,636447
839,636479
604,636511
712,636543
541,636575
0,636607
288,636639
204,636671
855,636703
606,636735
1212,636767
1487,636799
1288,636831
2013,636863
2144,636895
1867,636927
2111,636959
1375,636991
1219,637023
952,637055
696,637087
569,637119
618,637151
41,637183
0,637215
0,637247
278,637279
460,637311
666,637343
985,637375
1189,637407
1369,637439
1677,637471
1915,637503
1860,637535
2015,637567
1775,637599
1193,637631
1274,637663
1082,637695
845,637727
553,637759
349,637791
235,637823
43,637855
621,637887
890,637919
716,637951
940,637983
1532,638015
1815,638047
1638,638079
1866,638111
2094,638143
1544,638175
1259,638207
1023,638239
892,638271
631,638303
779,638335
589,638367
0,638399
0,638431
507,638463
797,638495
633,638527
1194,638559
1433,638591
1723,638623
1850,638655
2138,638687
2347,638719
1664,638751
1525,638783
1640,638815
1001,638847
1227,638879
906,638911
327,638943
95,638975
0,639007
0,639039
571,639071
408,639103
701,639135
1212,639167
1128,639199
1310,639231
1519,639263
1821,639295
2268,639327
1639,639359
1481,639391
1213,639423
986,639455
1145,639487
569,639519
313,639551
411,639583
213,639615
87,639647
608,639679
840,639711
1099,639743
1256,639775
1519,639807
1760,639839
1580,639871
2187,639903
2152,639935
1608,639967
1320,639999
1439,640031
1216,640063
687,640095
412,640127
528,640159
42,640191
0,640223
509,640255
347,640287
580,640319
764,640351
1423,640383
1258,640415
1491,640447
2073,640479
2366,640511
1815,640543
1883,640575
1703,640607
1519,640639
800,640671
665,640703
777,640735
124,640767
365,640799
235,640831
122,640863
320,640895
543,640927
840,640959
1434,640991
1229,641023
1561,641055
2091,641087
1926,641119
1674,641151
1438,641183
1272,641215
1422,641247
749,641279
620,641311
363,641343
102,641375
0,641407
26,641439
219,641471
816,641503
607,641535
926,641567
1470,641599
1744,641631
1979,641663
2128,641695
2265,641727
2064,641759
1375,641791
1514,641823
1322,641855
706,641887
464,641919
599,641951
408,641983
0,642015
0,642047
559,642079
487,642111
664,642143
1371,642175
1206,642207
1394,642239
1574,642271
2312,642303
1868,642335
1597,642367
1752,642399
1579,642431
949,642463
1052,642495
831,642527
654,642559
329,642591
0,642623
448,642655
264,642687
583,642719
1144,642751
969,642783
1182,642815
1791,642847
1658,642879
2315,642911
1727,642943
1560,642975
1696,643007
1062,643039
812,643071
959,643103
422,643135
558,643167
0,643199
0,643231
166,643263
350,643295
651,643327
844,643359
1068,643391
1691,643423
1834,643455
1767,643487
2330,643519
2137,643551
1533,643583
1624,643615
1386,643647
1193,643679
880,643711
698,643743
463,643775
0,643807
272,643839
506,643871
430,643903
604,643935
1192,643967
1418,643999
1337,644031
1515,644063
1847,644095
1931,644127
1656,644159
1372,644191
1229,644223
1000,644255
743,644287
941,644319
329,644351
100,644383
0,644415
447,644447
293,644479
810,644511
714,644543
1371,644575
1116,644607
1432,644639
2015,644671
1808,644703
1786,644735
1944,644767
1339,644799
1579,644831
862,644863
701,644895
830,644927
184,644959
55,644991
184,645023
70,645055
365,645087
496,645119
781,645151
970,645183
1178,645215
1500,645247
1710,645279
1896,645311
1831,645343
1865,645375
1326,645407
1486,645439
1255,645471
679,645503
760,645535
558,645567
329,645599
222,645631
491,645663
763,645695
556,645727
1136,645759
1403,645791
1230,645823
1453,645855
2063,645887
2317,645919
1670,645951
1424,645983
1289,646015
1020,646047
748,646079
512,646111
379,646143
119,646175
0,646207
395,646239
232,646271
428,646303
1021,646335
1308,646367
1144,646399
1720,646431
1961,646463
2251,646495
2236,646527
1660,646559
1817,646591
1147,646623
1296,646655
1116,646687
490,646719
712,646751
379,646783
0,646815
398,646847
208,646879
503,646911
1087,646943
910,646975
1213,647007
1737,647039
1644,647071
1838,647103
1787,647135
1623,647167
1386,647199
1114,647231
958,647263
1037,647295
476,647327
621,647359
57,647391
0,647423
442,647455
703,647487
599,647519
1129,647551
1354,647583
1625,647615
1776,647647
2048,647679
2286,647711
1726,647743
1864,647775
1627,647807
1434,647839
810,647871
936,647903
441,647935
174,647967
0,647999
216,648031
183,648063
366,648095
552,648127
859,648159
1092,648191
1282,648223
1961,648255
1781,648287
1982,648319
2107,648351
1929,648383
1288,648415
1356,648447
806,648479
1001,648511
298,648543
444,648575
253,648607
0,648639
619,648671
752,648703
634,648735
1311,648767
1056,648799
1353,648831
1964,648863
1754,648895
1943,648927
2000,648959
1400,648991
1150,649023
1016,649055
760,649087
491,649119
239,649151
119,649183
170,649215
19,649247
313,649279
539,649311
730,649343
1338,649375
1567,649407
1448,649439
2000,649471
2281,649503
2247,649535
1928,649567
1737,649599
1536,649631
871,649663
992,649695
800,649727
618,649759
0,649791
155,649823
92,649855
268,649887
490,649919
1071,649951
996,649983
1168,650015
1402,650047
1723,650079
1914,650111
1720,650143
1981,650175
1349,650207
1080,650239
1216,650271
1051,650303
438,650335
538,650367
313,650399
331,650431
463,650463
746,650495
973,650527
776,650559
1094,650591
1663,650623
1483,650655
2199,650687
2288,650719
1689,650751
1869,650783
1207,650815
1037,650847
1178,650879
552,650911
300,650943
138,650975
0,651007
359,651039
157,651071
445,651103
1004,651135
860,651167
1160,651199
1356,651231
1590,651263
2221,651295
1949,651327
1675,651359
1792,651391
1599,651423
1017,651455
1099,651487
864,651519
679,651551
364,651583
169,651615
377,651647
648,651679
798,651711
1020,651743
940,651775
1118,651807
1712,651839
1948,651871
1864,651903
1776,651935
1917,651967
1402,651999
1132,652031
857,652063
719,652095
488,652127
232,652159
415,652191
0,652223
413,652255
672,652287
970,652319
805,652351
1326,652383
1611,652415
1901,652447
1642,652479
1960,652511
2169,652543
1487,652575
1752,652607
1408,652639
829,652671
1065,652703
349,652735
195,652767
318,652799
0,652831
189,652863
392,652895
580,652927
877,652959
1005,652991
1303,653023
1920,653055
1703,653087
2007,653119
1736,653151
1454,653183
1303,653215
1079,653247
812,653279
960,653311
733,653343
167,653375
236,653407
362,653439
587,653471
735,653503
1007,653535
1277,653567
1066,653599
1660,653631
1932,653663
1754,653695
1836,653727
1978,653759
1787,653791
1146,653823
912,653855
1051,653887
518,653919
238,653951
22,653983
0,654015
37,654047
208,654079
907,654111
745,654143
1320,654175
1545,654207
1847,654239
1660,654271
2250,654303
2231,654335
2044,654367
1706,654399
1144,654431
1291,654463
635,654495
492,654527
604,654559
0,654591
279,654623
410,654655
295,654687
919,654719
727,654751
1015,654783
1242,654815
1423,654847
1741,654879
2269,654911
1789,654943
1949,654975
1262,655007
1097,655039
874,655071
604,655103
456,655135
200,655167
0,655199
301,655231
201,655263
392,655295
958,655327
1227,655359
1102,655391
1656,655423
1514,655455
2157,655487
2281,655519
2089,655551
1849,655583
1208,655615
1339,655647
1103,655679
922,655711
298,655743
416,655775
187,655807
0,655839
158,655871
732,655903
695,655935
879,655967
1054,655999
1373,656031
1607,656063
2201,656095
2345,656127
1691,656159
1462,656191
1568,656223
1400,656255
776,656287
841,656319
294,656351
475,656383
0,656415
74,656447
633,656479
432,656511
1143,656543
1276,656575
1145,656607
1847,656639
1580,656671
1885,656703
1804,656735
1549,656767
1420,656799
1471,656831
878,656863
733,656895
410,656927
248,656959
0,656991
0,657023
139,657055
342,657087
510,657119
823,657151
1051,657183
1254,657215
1870,657247
2105,657279
1979,657311
2144,657343
1484,657375
1717,657407
1400,657439
1208,657471
1017,657503
360,657535
478,657567
286,657599
300,657631
104,657663
682,657695
952,657727
780,657759
1002,657791
1597,657823
1512,657855
1690,657887
1898,657919
1754,657951
1479,657983
1641,658015
1451,658047
828,658079
569,658111
713,658143
539,658175
0,658207
332,658239
575,658271
858,658303
984,658335
1260,658367
1495,658399
1290,658431
1610,658463
2202,658495
1866,658527
2107,658559
1760,658591
1165,658623
943,658655
688,658687
533,658719
656,658751
41,658783
0,658815
352,658847
280,658879
877,658911
668,658943
954,658975
1192,659007
1372,659039
1687,659071
1884,659103
1850,659135
2011,659167
1421,659199
1159,659231
1276,659263
635,659295
507,659327
585,659359
348,659391
237,659423
400,659455
668,659487
891,659519
1165,659551
1310,659583
1534,659615
1463,659647
1640,659679
2240,659711
2093,659743
1532,659775
1258,659807
1388,659839
890,659871
624,659903
827,659935
206,659967
0,659999
0,660031
571,660063
409,660095
635,660127
1195,660159
1485,660191
1319,660223
1851,660255
2139,660287
2399,660319
1662,660351
1516,660383
1641,660415
972,660447
1227,660479
896,660511
317,660543
74,660575
0,660607
3,660639
574,660671
382,660703
711,660735
1214,660767
1084,660799
1391,660831
1520,660863
1822,660895
1867,660927
1611,660959
1479,660991
1218,661023
941,661055
793,661087
567,661119
302,661151
446,661183
0,661215
76,661247
618,661279
880,661311
1109,661343
1257,661375
1529,661407
1806,661439
1580,661471
2190,661503
2200,661535
1548,661567
1311,661599
1450,661631
1258,661663
634,661695
410,661727
536,661759
6,661791
0,661823
507,661855
349,661887
548,661919
717,661951
1431,661983
1259,662015
1451,662047
2075,662079
2375,662111
1813,662143
1918,662175
1693,662207
1513,662239
1180,662271
632,662303
767,662335
125,662367
0,662399
284,662431
126,662463
331,662495
928,662527
808,662559
1437,662591
1240,662623
1529,662655
2140,662687
1928,662719
1769,662751
1823,662783
1270,662815
1421,662847
749,662879
586,662911
363,662943
94,662975
0,663007
4,663039
220,663071
827,663103
968,663135
903,663167
1480,663199
1757,663231
1626,663263
2185,663295
2264,663327
2063,663359
1744,663391
1552,663423
1320,663455
696,663487
826,663519
587,663551
408,663583
0,663615
334,663647
559,663679
490,663711
666,663743
973,663775
1208,663807
1904,663839
1850,663871
1804,663903
1670,663935
1959,663967
1805,663999
1175,664031
938,664063
1051,664095
877,664127
267,664159
318,664191
0,664223
511,664255
269,664287
585,664319
1147,664351
952,664383
1181,664415
1792,664447
1661,664479
2377,664511
1723,664543
1557,664575
1694,664607
1034,664639
903,664671
956,664703
374,664735
223,664767
0,664799
0,664831
125,664863
331,664895
649,664927
852,664959
1034,664991
1337,665023
1836,665055
1768,665087
2366,665119
2135,665151
1531,665183
1624,665215
1422,665247
1191,665279
878,665311
700,665343
495,665375
0,665407
284,665439
554,665471
816,665503
607,665535
1195,665567
1467,665599
1292,665631
1517,665663
1847,665695
1893,665727
1607,665759
1370,665791
1227,665823
965,665855
685,665887
939,665919
316,665951
57,665983
183,666015
456,666047
298,666079
857,666111
1087,666143
1371,666175
1501,666207
1401,666239
2025,666271
1817,666303
2174,666335
1992,666367
1338,666399
1576,666431
1231,666463
652,666495
829,666527
176,666559
24,666591
224,666623
74,666655
362,666687
875,666719
791,666751
1401,666783
1182,666815
1479,666847
1709,666879
1900,666911
1821,666943
1901,666975
1325,667007
1481,667039
907,667071
647,667103
752,667135
565,667167
1,667199
269,667231
495,667263
760,667295
911,667327
1183,667359
1407,667391
1689,667423
1836,667455
2064,667487
1947,667519
1661,667551
1800,667583
1288,667615
1018,667647
746,667679
875,667711
376,667743
110,667775
0,667807
20,667839
244,667871
432,667903
1084,667935
920,667967
1148,667999
1723,668031
2023,668063
1847,668095
2233,668127
1658,668159
1865,668191
1147,668223
1294,668255
1115,668287
458,668319
702,668351
381,668383
0,668415
463,668447
375,668479
504,668511
1098,668543
892,668575
1224,668607
1742,668639
1607,668671
1917,668703
1790,668735
1613,668767
1339,668799
1087,668831
955,668863
1024,668895
428,668927
283,668959
55,668991
0,669023
478,669055
713,669087
599,669119
1132,669151
1402,669183
1628,669215
1784,669247
2061,669279
2335,669311
1724,669343
1856,669375
1663,669407
1032,669439
809,669471
928,669503
409,669535
122,669567
0,669599
221,669631
152,669663
331,669695
555,669727
862,669759
1052,669791
1230,669823
1961,669855
1797,669887
1944,669919
2103,669951
1927,669983
1287,670015
1388,670047
1167,670079
998,670111
665,670143
1337,670175
1065,670207
1567,670239
1260,670271
1680,670303
1484,670335
1903,670367
1724,670399
1755,670431
1911,670463
2046,670495
1390,670527
1241,670559
1294,670591
750,670623
488,670655
236,670687
71,670719
166,670751
24,670783
314,670815
509,670847
734,670879
1353,670911
1225,670943
1418,670975
2008,671007
2285,671039
1884,671071
1966,671103
1736,671135
1532,671167
1224,671199
1024,671231
811,671263
187,671295
302,671327
156,671359
104,671391
278,671423
845,671455
1081,671487
1000,671519
1178,671551
1774,671583
1725,671615
1918,671647
1712,671679
1576,671711
1338,671743
1079,671775
1275,671807
661,671839
435,671871
536,671903
360,671935
0,671967
473,671999
749,672031
1035,672063
780,672095
1096,672127
1673,672159
1466,672191
2200,672223
2287,672255
1680,672287
1929,672319
1198,672351
1036,672383
1168,672415
522,672447
391,672479
440,672511
0,672543
0,672575
159,672607
452,672639
1052,672671
842,672703
1164,672735
1364,672767
1547,672799
1865,672831
1944,672863
1672,672895
1835,672927
1596,672959
1015,672991
1098,673023
906,673055
668,673087
364,673119
164,673151
416,673183
220,673215
798,673247
1068,673279
900,673311
1120,673343
1722,673375
1997,673407
1818,673439
1774,673471
1914,673503
1367,673535
1082,673567
859,673599
715,673631
455,673663
176,673695
413,673727
0,673759
90,673791
683,673823
971,673855
808,673887
1370,673919
1613,673951
1899,673983
2030,674015
1929,674047
2167,674079
1485,674111
1338,674143
1456,674175
826,674207
1051,674239
719,674271
151,674303
313,674335
0,674367
170,674399
396,674431
584,674463
784,674495
1392,674527
1304,674559
1929,674591
1706,674623
1962,674655
1736,674687
1455,674719
1293,674751
1039,674783
810,674815
957,674847
393,674879
135,674911
234,674943
365,674975
264,675007
792,675039
1016,675071
1276,675103
1434,675135
1710,675167
1947,675199
1767,675231
2217,675263
1977,675295
1418,675327
1146,675359
1272,675391
1040,675423
508,675455
234,675487
351,675519
0,675551
41,675583
217,675615
526,675647
756,675679
938,675711
1609,675743
1437,675775
1671,675807
2253,675839
2281,675871
1629,675903
1696,675935
1132,675967
1339,675999
624,676031
780,676063
599,676095
0,676127
280,676159
416,676191
297,676223
973,676255
728,676287
1016,676319
1200,676351
1414,676383
1741,676415
2272,676447
1743,676479
1591,676511
1260,676543
1096,676575
828,676607
575,676639
443,676671
195,676703
0,676735
0,676767
201,676799
397,676831
1001,676863
1229,676895
1111,676927
1660,676959
1932,676991
2165,677023
2271,677055
2080,677087
1885,677119
1200,677151
1336,677183
1144,677215
522,677247
296,677279
414,677311
218,677343
0,677375
160,677407
736,677439
664,677471
844,677503
1066,677535
1374,677567
1574,677599
2205,677631
2333,677663
1689,677695
1416,677727
1567,677759
1389,677791
775,677823
876,677855
663,677887
471,677919
135,677951
408,677983
635,678015
442,678047
757,678079
1322,678111
1136,678143
1848,678175
1978,678207
1837,678239
1800,678271
1547,678303
1383,678335
1514,678367
879,678399
731,678431
781,678463
246,678495
0,678527
0,678559
119,678591
670,678623
523,678655
826,678687
1019,678719
1244,678751
1871,678783
1751,678815
1947,678847
2142,678879
1949,678911
1357,678943
1438,678975
1208,679007
1007,679039
712,679071
512,679103
283,679135
0,679167
457,679199
684,679231
618,679263
782,679295
1368,679327
1599,679359
1515,679391
1694,679423
2267,679455
1751,679487
1478,679519
1689,679551
1053,679583
826,679615
566,679647
763,679679
143,679711
0,679743
345,679775
633,679807
472,679839
984,679871
1263,679903
1551,679935
1294,679967
1612,679999
2205,680031
1837,680063
2104,680095
1758,680127
1163,680159
922,680191
686,680223
523,680255
653,680287
9,680319
0,680351
362,680383
237,680415
508,680447
670,680479
964,680511
1578,680543
1356,680575
1687,680607
1893,680639
1802,680671
1647,680703
1418,680735
1148,680767
1305,680799
624,680831
503,680863
576,680895
382,680927
247,680959
409,680991
681,681023
939,681055
730,681087
1310,681119
1592,681151
1414,681183
1643,681215
2250,681247
2137,681279
1482,681311
1248,681343
1386,681375
845,681407
570,681439
821,681471
203,681503
0,681535
0,681567
571,681599
410,681631
603,681663
1199,681695
1487,681727
1320,681759
1901,681791
2143,681823
2392,681855
2048,681887
1478,681919
1631,681951
970,681983
826,682015
940,682047
314,682079
64,682111
203,682143
0,682175
585,682207
382,682239
680,682271
1272,682303
1094,682335
1304,682367
1920,682399
1831,682431
2299,682463
1610,682495
1436,682527
1210,682559
939,682591
791,682623
525,682655
301,682687
441,682719
119,682751
58,682783
620,682815
887,682847
765,682879
1306,682911
1533,682943
1814,682975
1963,683007
2239,683039
2191,683071
1536,683103
1680,683135
1447,683167
907,683199
634,683231
752,683263
528,683295
5,683327
0,683359
126,683391
359,683423
551,683455
718,683487
1035,683519
1269,683551
1464,683583
2143,683615
1963,683647
1803,683679
1917,683711
1751,683743
1115,683775
1180,683807
622,683839
825,683871
120,683903
0,683935
287,683967
110,683999
333,684031
928,684063
805,684095
1494,684127
1242,684159
1532,684191
2144,684223
1897,684255
1758,684287
1820,684319
1223,684351
1069,684383
747,684415
584,684447
318,684479
62,684511
0,684543
6,684575
188,684607
489,684639
969,684671
906,684703
1518,684735
1757,684767
1626,684799
2188,684831
2302,684863
2061,684895
1742,684927
1550,684959
1359,684991
684,685023
816,685055
624,685087
19,685119
0,685151
335,685183
605,685215
445,685247
666,685279
984,685311
1176,685343
1344,685375
1582,685407
1900,685439
1821,685471
1534,685503
1803,685535
1172,685567
904,685599
1040,685631
875,685663
255,685695
361,685727
231,685759
508,685791
647,685823
553,685855
1151,685887
954,685919
1565,685951
1850,685983
1664,686015
2379,686047
2110,686079
1501,686111
1691,686143
1023,686175
862,686207
992,686239
368,686271
216,686303
266,686335
0,686367
136,686399
333,686431
618,686463
856,686495
1036,686527
1338,686559
1885,686591
1772,686623
2363,686655
1767,686687
1495,686719
1614,686751
1419,686783
843,686815
920,686847
686,686879
490,686911
185,686943
329,686975
553,687007
394,687039
972,687071
1196,687103
1470,687135
1293,687167
1884,687199
1850,687231
1883,687263
1597,687295
1736,687327
1224,687359
955,687391
684,687423
541,687455
313,687487
58,687519
233,687551
75,687583
307,687615
859,687647
1147,687679
983,687711
1512,687743
1404,687775
2087,687807
1821,687839
2170,687871
1983,687903
1309,687935
1566,687967
1230,687999
653,688031
875,688063
171,688095
18,688127
234,688159
48,688191
376,688223
880,688255
749,688287
958,688319
1287,688351
1479,688383
1673,688415
1884,688447
1819,688479
1900,688511
1276,688543
1129,688575
903,688607
636,688639
792,688671
553,688703
0,688735
280,688767
542,688799
765,688831
921,688863
1184,688895
1465,688927
1243,688959
1840,688991
2124,689023
2360,689055
1658,689087
1792,689119
1243,689151
968,689183
744,689215
873,689247
334,689279
70,689311
0,689343
21,689375
213,689407
391,689439
1085,689471
924,689503
1114,689535
1723,689567
2024,689599
1846,689631
2266,689663
2041,689695
1867,689727
1518,689759
1340,689791
1113,689823
448,689855
315,689887
426,689919
0,689951
459,689983
592,690015
471,690047
1097,690079
895,690111
1193,690143
1791,690175
1612,690207
1822,690239
1848,690271
1610,690303
1769,690335
1085,690367
920,690399
1024,690431
426,690463
280,690495
24,690527
0,690559
478,690591
379,690623
568,690655
1133,690687
1403,690719
1288,690751
1833,690783
2064,690815
2344,690847
2095,690879
1903,690911
1659,690943
1469,690975
1163,691007
925,691039
398,691071
121,691103
236,691135
222,691167
154,691199
334,691231
910,691263
862,691295
1062,691327
1240,691359
1563,691391
1788,691423
1944,691455
2155,691487
1511,691519
1582,691551
1390,691583
1215,691615
599,691647
654,691679
477,691711
299,691743
0,691775
248,691807
812,691839
617,691871
1320,691903
1452,691935
1320,691967
2027,691999
1760,692031
1899,692063
2043,692095
1371,692127
1239,692159
974,692191
716,692223
557,692255
236,692287
73,692319
198,692351
6,692383
327,692415
520,692447
751,692479
1001,692511
1227,692543
1420,692575
2048,692607
2285,692639
1881,692671
1964,692703
1771,692735
1529,692767
1216,692799
1024,692831
841,692863
185,692895
303,692927
213,692959
66,692991
280,693023
860,693055
1128,693087
954,693119
1180,693151
1776,693183
1699,693215
1880,693247
1710,693279
1566,693311
1301,693343
1020,693375
1275,693407
659,693439
764,693471
527,693503
359,693535
0,693567
511,693599
751,693631
1031,693663
1163,693695
1064,693727
1677,693759
1467,693791
1797,693823
2334,693855
1679,693887
1918,693919
1579,693951
987,693983
1165,694015
509,694047
359,694079
132,694111
0,694143
39,694175
539,694207
457,694239
1053,694271
845,694303
1133,694335
1368,694367
1551,694399
1866,694431
1902,694463
1670,694495
1833,694527
1241,694559
973,694591
1088,694623
895,694655
329,694687
400,694719
0,694751
424,694783
574,694815
845,694847
1070,694879
906,694911
1488,694943
1724,694975
1999,695007
1820,695039
2144,695071
1913,695103
1358,695135
1080,695167
1210,695199
711,695231
453,695263
172,695295
28,695327
0,695359
463,695391
748,695423
588,695455
810,695487
1374,695519
1673,695551
1497,695583
2032,695615
1930,695647
2219,695679
1482,695711
1642,695743
1453,695775
796,695807
1048,695839
717,695871
141,695903
359,695935
0,695967
167,695999
360,696031
558,696063
887,696095
1400,696127
1261,696159
1568,696191
1709,696223
1961,696255
1680,696287
1424,696319
1293,696351
1035,696383
764,696415
608,696447
391,696479
132,696511
268,696543
365,696575
253,696607
796,696639
616,696671
1289,696703
1436,696735
1723,696767
1992,696799
1769,696831
2206,696863
2012,696895
1824,696927
1135,696959
1263,696991
1082,697023
458,697055
234,697087
350,697119
0,697151
3,697183
220,697215
532,697247
724,697279
1327,697311
1611,697343
1436,697375
1637,697407
2255,697439
2269,697471
1625,697503
1738,697535
1513,697567
1335,697599
1002,697631
816,697663
588,697695
0,697727
0,697759
464,697791
300,697823
974,697855
1103,697887
973,697919
1210,697951
1419,697983
1719,698015
2330,698047
1738,698079
1581,698111
1642,698143
1093,698175
1245,698207
574,698239
409,698271
184,698303
0,698335
0,698367
183,698399
397,698431
1002,698463
889,698495
1081,698527
1660,698559
1469,698591
1806,698623
2316,698655
2079,698687
1881,698719
1565,698751
1373,698783
1135,698815
953,698847
640,698879
411,698911
0,698943
0,698975
508,699007
744,699039
674,699071
843,699103
1432,699135
1385,699167
1580,699199
2265,699231
1917,699263
1688,699295
1414,699327
1625,699359
988,699391
775,699423
873,699455
701,699487
88,699519
124,699551
411,699583
696,699615
443,699647
761,699679
1325,699711
1128,699743
1851,699775
1980,699807
1847,699839
1772,699871
1536,699903
1371,699935
1514,699967
856,699999
727,700031
778,700063
201,700095
43,700127
0,700159
117,700191
302,700223
504,700255
827,700287
1030,700319
1210,700351
1514,700383
1753,700415
1957,700447
2186,700479
1483,700511
1352,700543
1437,700575
1246,700607
1005,700639
703,700671
509,700703
315,700735
0,700767
460,700799
732,700831
556,700863
784,700895
1374,700927
1646,700959
1466,700991
1704,701023
2264,701055
1707,701087
1420,701119
1688,701151
1050,701183
791,701215
518,701247
763,701279
147,701311
0,701343
348,701375
635,701407
471,701439
1024,701471
1273,701503
1550,701535
1688,701567
1588,701599
2207,701631
1824,701663
1689,701695
1804,701727
1162,701759
907,701791
1055,701823
484,701855
651,701887
8,701919
0,701951
410,701983
248,702015
551,702047
1054,702079
968,702111
1579,702143
1359,702175
1656,702207
1896,702239
1802,702271
1641,702303
1373,702335
1148,702367
1305,702399
983,702431
461,702463
576,702495
377,702527
0,702559
447,702591
672,702623
937,702655
1088,702687
1373,702719
1593,702751
1417,702783
2024,702815
2250,702847
2126,702879
1481,702911
1612,702943
1384,702975
846,703007
571,703039
427,703071
202,703103
0,703135
0,703167
189,703199
412,703231
605,703263
1263,703295
1096,703327
1322,703359
1903,703391
2205,703423
1979,703455
2046,703487
1470,703519
1679,703551
967,703583
825,703615
937,703647
282,703679
62,703711
201,703743
0,703775
637,703807
383,703839
682,703871
1274,703903
1068,703935
1399,703967
1920,703999
1786,704031
1931,704063
1600,704095
1432,704127
1161,704159
909,704191
780,704223
524,704255
262,704287
103,704319
110,704351
58,704383
664,704415
891,704447
776,704479
1033,704511
1582,704543
1816,704575
1965,704607
2248,704639
2237,704671
1535,704703
1677,704735
1483,704767
1296,704799
620,704831
749,704863
569,704895
0,704927
0,704959
135,704991
328,705023
506,705055
732,705087
1045,705119
1234,705151
1418,705183
2143,705215
1972,705247
1766,705279
1915,705311
1739,705343
1111,705375
1214,705407
991,705439
813,705471
480,705503
0,705535
299,705567
111,705599
702,705631
985,705663
812,705695
1499,705727
1628,705759
1496,705791
2153,705823
1888,705855
1723,705887
1856,705919
1214,705951
1064,705983
1118,706015
582,706047
727,706079
60,706111
0,706143
7,706175
192,706207
488,706239
1018,706271
920,706303
1527,706335
1403,706367
1597,706399
2190,706431
2297,706463
1705,706495
1790,706527
1548,706559
1355,706591
1040,706623
856,706655
631,706687
429,706719
109,706751
345,706783
270,706815
448,706847
1024,706879
985,706911
1178,706943
1354,706975
1960,707007
1913,707039
1820,707071
1532,707103
1399,707135
1162,707167
902,707199
1099,707231
477,707263
250,707295
351,707327
285,707359
135,707391
649,707423
556,707455
1209,707487
957,707519
1568,707551
1853,707583
1644,707615
2391,707647
2108,707679
1498,707711
1751,707743
1022,707775
860,707807
990,707839
344,707871
215,707903
256,707935
0,707967
205,707999
343,708031
623,708063
812,708095
1020,708127
1341,708159
1886,708191
1736,708223
1995,708255
1757,708287
1486,708319
1647,708351
1417,708383
840,708415
912,708447
728,708479
489,708511
176,708543
331,708575
592,708607
396,708639
974,708671
1243,708703
1070,708735
1296,708767
1899,708799
1818,708831
1832,708863
1595,708895
1727,708927
1188,708959
905,708991
681,709023
538,709055
278,709087
7,709119
219,709151
82,709183
275,709215
861,709247
1147,709279
984,709311
1550,709343
1791,709375
2088,709407
2217,709439
2218,709471
1981,709503
1306,709535
1163,709567
1278,709599
650,709631
875,709663
552,709695
0,709727
237,709759
56,709791
345,709823
926,709855
752,709887
1053,709919
1578,709951
1482,709983
1676,710015
1885,710047
1784,710079
1900,710111
1273,710143
1118,710175
862,710207
634,710239
781,710271
217,710303
0,710335
282,710367
549,710399
439,710431
968,710463
1194,710495
1465,710527
1612,710559
1888,710591
2123,710623
1887,710655
2028,710687
1788,710719
1244,710751
968,710783
1088,710815
874,710847
334,710879
58,710911
184,710943
24,710975
208,711007
392,711039
699,711071
925,711103
1116,711135
1790,711167
1613,711199
1850,711231
2267,711263
2093,711295
1447,711327
1516,711359
1335,711391
1151,711423
456,711455
314,711487
413,711519
0,711551
461,711583
591,711615
473,711647
1149,711679
905,711711
1193,711743
1802,711775
1592,711807
1928,711839
2170,711871
1561,711903
1318,711935
1088,711967
919,711999
1066,712031
409,712063
265,712095
19,712127
0,712159
153,712191
378,712223
580,712255
1182,712287
1407,712319
1289,712351
1838,712383
2120,712415
2347,712447
2095,712479
1898,712511
1707,712543
1022,712575
1151,712607
966,712639
348,712671
120,712703
236,712735
267,712767
111,712799
334,712831
912,712863
841,712895
1016,712927
1241,712959
1559,712991
1755,713023
1883,713055
2154,713087
1502,713119
1239,713151
1385,713183
1212,713215
597,713247
696,713279
475,713311
291,713343
312,713375
216,713407
815,713439
618,713471
934,713503
1502,713535
1324,713567
2028,713599
2159,713631
1851,713663
2041,713695
1360,713727
1197,713759
971,713791
701,713823
458,713855
602,713887
59,713919
185,713951
6,713983
285,714015
519,714047
700,714079
1001,714111
1207,714143
1422,714175
2057,714207
1933,714239
1837,714271
1964,714303
1769,714335
1177,714367
1259,714399
1022,714431
828,714463
527,714495
335,714527
216,714559
61,714591
635,714623
861,714655
781,714687
956,714719
1548,714751
1787,714783
1703,714815
1882,714847
2087,714879
1564,714911
1292,714943
1018,714975
875,715007
649,715039
388,715071
585,715103
0,715135
0,715167
521,715199
810,715231
648,715263
1166,715295
1068,715327
1736,715359
1471,715391
2104,715423
2333,715455
1648,715487
1915,715519
1579,715551
984,715583
1213,715615
509,715647
346,715679
76,715711
0,715743
40,715775
542,715807
421,715839
719,715871
847,715903
1144,715935
1325,715967
1532,715999
1868,716031
1898,716063
1624,716095
1467,716127
1240,716159
970,716191
1128,716223
895,716255
329,716287
398,716319
198,716351
427,716383
586,716415
854,716447
1116,716479
906,716511
1567,716543
1770,716575
1595,716607
1822,716639
2140,716671
1948,716703
1304,716735
1070,716767
1210,716799
680,716831
396,716863
171,716895
27,716927
0,716959
475,716991
749,717023
588,717055
777,717087
1384,717119
1672,717151
1500,717183
2080,717215
2329,717247
2207,717279
1868,717311
1688,717343
1451,717375
794,717407
650,717439
761,717471
138,717503
348,717535
248,717567
136,717599
363,717631
568,717663
855,717695
1454,717727
1272,717759
1577,717791
2106,717823
1957,717855
1677,717887
1424,717919
1256,717951
1370,717983
763,718015
617,718047
359,718079
124,718111
253,718143
43,718175
233,718207
798,718239
1065,718271
951,718303
1486,718335
1712,718367
1995,718399
2143,718431
2251,718463
2009,718495
1360,718527
1500,718559
1261,718591
732,718623
458,718655
574,718687
347,718719
0,718751
7,718783
572,718815
537,718847
727,718879
1385,718911
1213,718943
1447,718975
1640,719007
2329,719039
1864,719071
1623,719103
1737,719135
1566,719167
926,719199
992,719231
813,719263
637,719295
0,719327
0,719359
473,719391
282,719423
987,719455
1112,719487
984,719519
1192,719551
1418,719583
1721,719615
2332,719647
1709,719679
1580,719711
1632,719743
1040,719775
808,719807
570,719839
407,719871
551,719903
0,719935
0,719967
183,719999
362,720031
656,720063
892,720095
1082,720127
1707,720159
1471,720191
1815,720223
2314,720255
2122,720287
1879,720319
1564,720351
1369,720383
1179,720415
510,720447
638,720479
444,720511
0,720543
0,720575
512,720607
790,720639
620,720671
844,720703
1436,720735
1352,720767
1529,720799
2267,720831
1914,720863
1641,720895
1354,720927
1613,720959
985,720991
727,721023
863,721055
699,721087
87,721119
156,721151
423,721183
699,721215
831,721247
729,721279
1326,721311
1132,721343
1448,721375
2032,721407
1848,721439
1772,721471
1929,721503
1324,721535
1513,721567
845,721599
685,721631
816,721663
201,721695
0,721727
200,721759
122,721791
715,721823
508,721855
797,721887
1031,721919
1212,721951
1518,721983
1721,722015
1960,722047
2174,722079
1850,722111
1320,722143
1434,722175
1241,722207
664,722239
746,722271
508,722303
315,722335
238,722367
506,722399
731,722431
571,722463
1148,722495
1374,722527
1294,722559
1471,722591
2078,722623
2265,722655
1709,722687
1417,722719
1275,722751
1037,722783
780,722815
505,722847
365,722879
145,722911
0,722943
409,722975
251,723007
475,723039
1035,723071
1325,723103
1160,723135
1690,723167
1591,723199
2267,723231
1823,723263
1684,723295
1801,723327
1132,723359
908,723391
1054,723423
475,723455
699,723487
6,723519
0,723551
416,723583
230,723615
551,723647
1056,723679
936,723711
1229,723743
1369,723775
1659,723807
1852,723839
1772,723871
1644,723903
1371,723935
1100,723967
955,723999
972,724031
460,724063
606,724095
377,724127
0,724159
456,724191
720,724223
949,724255
1098,724287
1371,724319
1643,724351
1419,724383
2027,724415
2301,724447
1710,724479
1471,724511
1610,724543
1420,724575
794,724607
568,724639
425,724671
167,724703
0,724735
0,724767
199,724799
393,724831
559,724863
1260,724895
1108,724927
1292,724959
1903,724991
2204,725023
1975,725055
2090,725087
1855,725119
1675,725151
1340,725183
791,725215
927,725247
283,725279
427,725311
238,725343
0,725375
647,725407
767,725439
647,725471
1274,725503
1072,725535
1369,725567
1978,725599
1790,725631
1931,725663
1984,725695
1431,725727
1161,725759
908,725791
745,725823
522,725855
252,725887
92,725919
148,725951
72,725983
665,726015
555,726047
746,726079
1311,726111
1589,726143
1465,726175
2014,726207
2252,726239
2233,726271
1914,726303
1720,726335
1481,726367
847,726399
974,726431
747,726463
560,726495
0,726527
172,726559
139,726591
330,726623
507,726655
1086,726687
1047,726719
1232,726751
1415,726783
1739,726815
1975,726847
1754,726879
1980,726911
1325,726943
1100,726975
1211,727007
1039,727039
423,727071
478,727103
0,727135
349,727167
110,727199
714,727231
987,727263
792,727295
1499,727327
1632,727359
1498,727391
2207,727423
1885,727455
1720,727487
1856,727519
1192,727551
1063,727583
1114,727615
537,727647
295,727679
155,727711
0,727743
0,727775
171,727807
491,727839
1022,727871
872,727903
1177,727935
1404,727967
1606,727999
2235,728031
2295,728063
1693,728095
1784,728127
1584,728159
1351,728191
1038,728223
855,728255
655,728287
9,728319
105,728351
392,728383
656,728415
456,728447
1034,728479
954,728511
1131,728543
1867,728575
1964,728607
1881,728639
1768,728671
1528,728703
1387,728735
1123,728767
845,728799
1099,728831
475,728863
215,728895
349,728927
283,728959
135,728991
695,729023
927,729055
1211,729087
1340,729119
1624,729151
1855,729183
1648,729215
1974,729247
2154,729279
1497,729311
1736,729343
1403,729375
812,729407
990,729439
334,729471
172,729503
300,729535
0,729567
120,729599
408,729631
634,729663
1239,729695
1021,729727
1308,729759
1902,729791
1738,729823
1991,729855
1723,729887
1484,729919
1645,729951
1065,729983
807,730015
919,730047
719,730079
153,730111
221,730143
342,730175
603,730207
760,730239
1021,730271
1246,730303
1519,730335
1675,730367
1900,730399
1818,730431
1820,730463
1962,730495
1726,730527
1186,730559
907,730591
1033,730623
537,730655
282,730687
5,730719
0,730751
90,730783
271,730815
927,730847
760,730879
1280,730911
1559,730943
1855,730975
1677,731007
2220,731039
2215,731071
2031,731103
1296,731135
1162,731167
1275,731199
620,731231
863,731263
541,731295
0,731327
297,731359
59,731391
346,731423
928,731455
742,731487
1065,731519
1256,731551
1448,731583
1757,731615
1888,731647
1774,731679
1934,731711
1246,731743
1115,731775
859,731807
588,731839
441,731871
216,731903
0,731935
318,731967
553,731999
439,732031
972,732063
1242,732095
1467,732127
1615,732159
1898,732191
2171,732223
1885,732255
2026,732287
1832,732319
1194,732351
958,732383
1088,732415
907,732447
290,732479
57,732511
172,732543
1,732575
174,732607
396,732639
711,732671
893,732703
1070,732735
1799,732767
1623,732799
2216,732831
2265,732863
2089,732895
1446,732927
1552,732959
1327,732991
1147,733023
824,733055
280,733087
415,733119
0,733151
87,733183
647,733215
477,733247
1157,733279
1290,733311
1160,733343
1803,733375
1597,733407
1897,733439
1838,733471
1552,733503
1403,733535
1451,733567
908,733599
1063,733631
396,733663
232,733695
9,733727
0,733759
156,733791
359,733823
582,733855
1181,733887
1066,733919
1257,733951
1840,733983
2111,734015
1991,734047
2128,734079
1518,734111
1694,734143
1386,734175
1192,734207
959,734239
346,734271
472,734303
234,734335
268,734367
120,734399
687,734431
921,734463
843,734495
1018,734527
1612,734559
1562,734591
1764,734623
1881,734655
1739,734687
1499,734719
1627,734751
1439,734783
813,734815
587,734847
695,734879
512,734911
0,734943
313,734975
230,735007
875,735039
621,735071
1228,735103
1503,735135
1304,735167
2037,735199
2160,735231
1849,735263
2091,735295
1357,735327
1195,735359
924,735391
680,735423
551,735455
604,735487
24,735519
0,735551
9,735583
288,735615
485,735647
682,735679
1002,735711
1208,735743
1386,735775
1695,735807
1932,735839
1835,735871
1998,735903
1757,735935
1176,735967
1248,735999
621,736031
827,736063
523,736095
333,736127
253,736159
60,736191
639,736223
906,736255
1180,736287
966,736319
1551,736351
1833,736383
1646,736415
1886,736447
2077,736479
1519,736511
1242,736543
1016,736575
874,736607
614,736639
761,736671
574,736703
0,736735
0,736767
526,736799
811,736831
648,736863
1211,736895
1451,736927
1739,736959
1870,736991
2156,737023
2329,737055
1647,737087
1501,737119
1624,737151
984,737183
1211,737215
877,737247
301,737279
79,737311
0,737343
16,737375
590,737407
422,737439
716,737471
1227,737503
1143,737535
1759,737567
1536,737599
1837,737631
1897,737663
1614,737695
1464,737727
1197,737759
973,737791
1117,737823
553,737855
286,737887
396,737919
0,737951
103,737983
632,738015
858,738047
1117,738079
1276,738111
1544,738143
1775,738175
2057,738207
2206,738239
2139,738271
1594,738303
1296,738335
1432,738367
1199,738399
676,738431
396,738463
512,738495
24,738527
0,738559
527,738591
365,738623
599,738655
780,738687
1449,738719
1275,738751
1501,738783
2089,738815
2393,738847
1790,738879
1856,738911
1677,738943
1499,738975
784,739007
647,739039
761,739071
107,739103
348,739135
254,739167
139,739199
350,739231
568,739263
859,739295
1452,739327
1253,739359
1580,739391
2108,739423
1910,739455
1753,739487
1423,739519
1256,739551
984,739583
735,739615
603,739647
348,739679
88,739711
0,739743
43,739775
238,739807
842,739839
623,739871
951,739903
1488,739935
1770,739967
1994,739999
2153,740031
2250,740063
2048,740095
1359,740127
1496,740159
1306,740191
681,740223
448,740255
573,740287
382,740319
0,740351
6,740383
576,740415
503,740447
682,740479
1387,740511
1223,740543
1415,740575
1664,740607
2331,740639
1852,740671
1579,740703
1728,740735
1559,740767
925,740799
1024,740831
811,740863
635,740895
304,740927
0,740959
477,740991
285,741023
599,741055
1163,741087
988,741119
1194,741151
1815,741183
1677,741215
2333,741247
1706,741279
1544,741311
1680,741343
1036,741375
887,741407
939,741439
406,741471
539,741503
0,741535
0,741567
183,741599
366,741631
666,741663
861,741695
1092,741727
1707,741759
1851,741791
1783,741823
2312,741855
2111,741887
1516,741919
1600,741951
1360,741983
1175,742015
864,742047
681,742079
447,742111
0,742143
299,742175
524,742207
794,742239
623,742271
1209,742303
1437,742335
1354,742367
1533,742399
1863,742431
1913,742463
1640,742495
1353,742527
1211,742559
985,742591
718,742623
937,742655
299,742687
84,742719
175,742751
463,742783
311,742815
831,742847
732,742879
1387,742911
1135,742943
1450,742975
2041,743007
1832,743039
1770,743071
1920,743103
1322,743135
1561,743167
845,743199
684,743231
812,743263
167,743295
30,743327
202,743359
87,743391
381,743423
508,743455
806,743487
989,743519
1200,743551
1527,743583
1733,743615
1915,743647
1807,743679
1839,743711
1319,743743
1466,743775
1231,743807
664,743839
749,743871
542,743903
310,743935
239,743967
509,743999
781,744031
573,744063
1160,744095
1422,744127
1706,744159
1481,744191
2088,744223
2300,744255
1647,744287
1407,744319
1274,744351
1004,744383
733,744415
506,744447
361,744479
100,744511
0,744543
411,744575
249,744607
443,744639
1039,744671
1325,744703
1162,744735
1738,744767
1981,744799
2269,744831
2217,744863
1643,744895
1800,744927
1129,744959
1278,744991
1099,745023
475,745055
695,745087
363,745119
0,745151
425,745183
236,745215
521,745247
1103,745279
940,745311
1229,745343
1757,745375
1660,745407
2297,745439
1770,745471
1594,745503
1369,745535
1098,745567
951,745599
1018,745631
460,745663
605,745695
41,745727
0,745759
460,745791
727,745823
615,745855
1147,745887
1372,745919
1645,745951
1800,745983
2076,746015
2303,746047
2169,746079
1840,746111
1608,746143
1066,746175
784,746207
911,746239
416,746271
164,746303
0,746335
236,746367
199,746399
392,746431
569,746463
877,746495
1109,746527
1294,746559
1979,746591
1803,746623
1964,746655
2088,746687
1913,746719
1271,746751
1338,746783
782,746815
976,746847
272,746879
428,746911
234,746943
0,746975
637,747007
768,747039
649,747071
1327,747103
1081,747135
1370,747167
1980,747199
1772,747231
1927,747263
1984,747295
1382,747327
1229,747359
904,747391
742,747423
472,747455
220,747487
91,747519
154,747551
27,747583
327,747615
555,747647
750,747679
1358,747711
1593,747743
1468,747775
2025,747807
2300,747839
2230,747871
1904,747903
1721,747935
1519,747967
856,747999
975,748031
791,748063
170,748095
0,748127
174,748159
109,748191
294,748223
510,748255
1097,748287
1008,748319
1191,748351
1419,748383
1739,748415
1940,748447
1703,748479
1965,748511
1331,748543
1062,748575
1208,748607
1036,748639
421,748671
520,748703
297,748735
349,748767
479,748799
764,748831
991,748863
795,748895
1112,748927
1680,748959
1501,748991
2216,749023
2280,749055
1672,749087
1855,749119
1184,749151
1019,749183
1150,749215
526,749247
375,749279
429,749311
0,749343
0,749375
173,749407
460,749439
1023,749471
878,749503
1180,749535
1383,749567
1608,749599
2237,749631
1929,749663
1657,749695
1775,749727
1582,749759
1000,749791
1082,749823
848,749855
652,749887
349,749919
154,749951
393,749983
234,750015
815,750047
1038,750079
965,750111
1135,750143
1736,750175
1967,750207
1883,750239
1759,750271
1900,750303
1386,750335
1116,750367
842,750399
699,750431
471,750463
206,750495
399,750527
0,750559
140,750591
699,750623
989,750655
823,750687
1342,750719
1629,750751
1919,750783
1656,750815
1978,750847
2143,750879
1468,750911
1739,750943
1400,750975
813,751007
1037,751039
334,751071
170,751103
298,751135
0,751167
220,751199
716,751231
603,751263
806,751295
1023,751327
1319,751359
1944,751391
1720,751423
1991,751455
1720,751487
1436,751519
1287,751551
1063,751583
796,751615
944,751647
717,751679
151,751711
218,751743
378,751775
606,751807
761,751839
1033,751871
1295,751903
1083,751935
1678,751967
1952,751999
1772,752031
1821,752063
1950,752095
1769,752127
1128,752159
906,752191
1024,752223
492,752255
220,752287
3,752319
0,752351
55,752383
232,752415
925,752447
762,752479
954,752511
1563,752543
1862,752575
1687,752607
1960,752639
2205,752671
2024,752703
1687,752735
1127,752767
1275,752799
616,752831
474,752863
585,752895
0,752927
295,752959
428,752991
314,753023
937,753055
744,753087
1035,753119
1260,753151
1447,753183
1661,753215
2286,753247
1772,753279
1931,753311
1246,753343
1080,753375
855,753407
587,753439
429,753471
174,753503
0,753535
318,753567
217,753599
409,753631
974,753663
1245,753695
1127,753727
1664,753759
1900,753791
2173,753823
2264,753855
2064,753887
1824,753919
1192,753951
1320,753983
1086,754015
554,754047
284,754079
397,754111
169,754143
3,754175
173,754207
751,754239
714,754271
903,754303
1080,754335
1387,754367
1624,754399
1820,754431
2319,754463
1671,754495
1436,754527
1551,754559
1375,754591
750,754623
824,754655
272,754687
458,754719
0,754751
378,754783
648,754815
456,754847
1160,754879
1289,754911
1162,754943
1865,754975
1598,755007
1899,755039
1787,755071
1530,755103
1399,755135
1454,755167
868,755199
717,755231
394,755263
232,755295
0,755327
0,755359
155,755391
358,755423
540,755455
841,755487
1067,755519
1261,755551
1888,755583
2123,755615
1994,755647
2136,755679
1934,755711
1693,755743
1376,755775
1193,755807
992,755839
343,755871
460,755903
267,755935
0,755967
122,755999
697,756031
968,756063
802,756095
1020,756127
1615,756159
1530,756191
1710,756223
1881,756255
1735,756287
1462,756319
1623,756351
1435,756383
811,756415
550,756447
687,756479
509,756511
0,756543
351,756575
591,756607
875,756639
1001,756671
1280,756703
1519,756735
1310,756767
1630,756799
2220,756831
1840,756863
2087,756895
1744,756927
1148,756959
921,756991
670,757023
519,757055
636,757087
22,757119
0,757151
376,757183
296,757215
488,757247
686,757279
974,757311
1548,757343
1391,757375
1705,757407
1911,757439
1835,757471
1993,757503
1401,757535
1134,757567
1248,757599
1065,757631
488,757663
568,757695
332,757727
253,757759
424,757791
685,757823
921,757855
745,757887
1328,757919
1562,757951
1478,757983
1659,758015
2266,758047
2075,758079
1518,758111
1232,758143
1371,758175
863,758207
604,758239
811,758271
187,758303
0,758335
0,758367
587,758399
427,758431
660,758463
1215,758495
1503,758527
1336,758559
1870,758591
2159,758623
2381,758655
1646,758687
1498,758719
1615,758751
954,758783
1207,758815
876,758847
301,758879
47,758911
0,758943
18,758975
592,759007
399,759039
727,759071
1238,759103
1102,759135
1319,759167
1547,759199
1847,759231
2284,759263
1594,759295
1452,759327
1194,759359
923,759391
767,759423
542,759455
293,759487
426,759519
0,759551
103,759583
634,759615
904,759647
1128,759679
1275,759711
1551,759743
1823,759775
1600,759807
2207,759839
2184,759871
1530,759903
1294,759935
1424,759967
1242,759999
618,760031
384,760063
510,760095
0,760127
0,760159
535,760191
375,760223
567,760255
743,760287
1451,760319
1276,760351
1468,760383
2095,760415
2393,760447
1788,760479
1900,760511
1675,760543
1495,760575
1162,760607
614,760639
751,760671
106,760703
0,760735
302,760767
142,760799
348,760831
953,760863
823,760895
1455,760927
1257,760959
1549,760991
2160,761023
1902,761055
1648,761087
1805,761119
1254,761151
1401,761183
731,761215
567,761247
344,761279
79,761311
0,761343
24,761375
238,761407
845,761439
984,761471
920,761503
1496,761535
1767,761567
1644,761599
2192,761631
2252,761663
2044,761695
1727,761727
1546,761759
1303,761791
680,761823
800,761855
570,761887
46,761919
0,761951
351,761983
586,762015
506,762047
687,762079
999,762111
1224,762143
1416,762175
1596,762207
1927,762239
1849,762271
1576,762303
1787,762335
1148,762367
925,762399
1034,762431
861,762463
248,762495
302,762527
0,762559
525,762591
285,762623
602,762655
1167,762687
968,762719
1198,762751
1818,762783
1679,762815
2395,762847
1702,762879
1544,762911
1678,762943
1016,762975
887,763007
938,763039
359,763071
205,763103
0,763135
0,763167
142,763199
347,763231
669,763263
870,763295
1050,763327
1353,763359
1855,763391
1786,763423
2346,763455
2109,763487
1512,763519
1598,763551
1404,763583
1164,763615
860,763647
670,763679
479,763711
0,763743
303,763775
570,763807
410,763839
624,763871
1212,763903
1472,763935
1316,763967
1534,763999
1866,764031
1867,764063
1580,764095
1356,764127
1209,764159
939,764191
666,764223
919,764255
305,764287
40,764319
173,764351
471,764383
315,764415
873,764447
1113,764479
1389,764511
1519,764543
1420,764575
2041,764607
1835,764639
1724,764671
1966,764703
1320,764735
1550,764767
1215,764799
635,764831
811,764863
160,764895
4,764927
248,764959
90,764991
391,765023
892,765055
808,765087
1000,765119
1197,765151
1495,765183
1735,765215
1912,765247
1806,765279
1884,765311
1306,765343
1469,765375
889,765407
622,765439
736,765471
541,765503
0,765535
285,765567
512,765599
779,765631
928,765663
1200,765695
1433,765727
1257,765759
1854,765791
2090,765823
2298,765855
1641,765887
1775,765919
1272,765951
1002,765983
720,766015
848,766047
360,766079
104,766111
0,766143
30,766175
261,766207
454,766239
1101,766271
939,766303
1172,766335
1739,766367
2047,766399
1864,766431
2208,766463
1640,766495
1849,766527
1120,766559
1276,766591
1099,766623
441,766655
685,766687
362,766719
0,766751
473,766783
237,766815
523,766847
1113,766879
909,766911
1240,766943
1758,766975
1627,767007
1838,767039
1863,767071
1595,767103
1321,767135
1068,767167
939,767199
1008,767231
412,767263
267,767295
39,767327
0,767359
504,767391
729,767423
616,767455
1152,767487
1420,767519
1645,767551
1804,767583
2077,767615
2361,767647
1706,767679
1839,767711
1644,767743
1456,767775
783,767807
910,767839
387,767871
106,767903
0,767935
238,767967
169,767999
345,768031
573,768063
887,768095
1069,768127
1254,768159
1979,768191
1804,768223
1927,768255
2077,768287
1902,768319
1271,768351
1372,768383
1149,768415
973,768447
640,768479
462,768511
224,768543
0,768575
265,768607
827,768639
653,768671
1339,768703
1466,768735
1335,768767
1981,768799
1775,768831
1883,768863
2028,768895
1382,768927
1130,768959
967,768991
734,769023
886,769055
222,769087
57,769119
158,769151
40,769183
332,769215
535,769247
751,769279
1359,769311
1243,769343
1436,769375
2028,769407
2301,769439
1865,769471
1949,769503
1710,769535
1514,769567
1199,769599
1017,769631
781,769663
600,769695
285,769727
176,769759
118,769791
295,769823
872,769855
1099,769887
1018,769919
1195,769951
1792,769983
1751,770015
1944,770047
1694,770079
1559,770111
1320,770143
1062,770175
1259,770207
637,770239
702,770271
511,770303
343,770335
0,770367
489,770399
765,770431
1051,770463
798,770495
1114,770527
1691,770559
1484,770591
2219,770623
2269,770655
1663,770687
1913,770719
1181,770751
1017,770783
1162,770815
495,770847
375,770879
110,770911
0,770943
45,770975
188,771007
470,771039
1068,771071
858,771103
1192,771135
1382,771167
1566,771199
1881,771231
1927,771263
1655,771295
1820,771327
1579,771359
990,771391
1080,771423
890,771455
649,771487
346,771519
157,771551
440,771583
240,771615
814,771647
1083,771679
920,771711
1136,771743
1737,771775
2014,771807
1836,771839
1758,771871
1896,771903
1339,771935
1065,771967
839,771999
697,772031
436,772063
156,772095
396,772127
0,772159
479,772191
703,772223
1000,772255
825,772287
1389,772319
1629,772351
1927,772383
2047,772415
1949,772447
2143,772479
1468,772511
1323,772543
1436,772575
810,772607
1035,772639
701,772671
132,772703
295,772735
0,772767
185,772799
410,772831
602,772863
894,772895
1408,772927
1321,772959
1947,772991
1724,773023
1945,773055
1718,773087
1435,773119
1287,773151
1021,773183
794,773215
941,773247
378,773279
119,773311
216,773343
381,773375
268,773407
808,773439
680,773471
1303,773503
1452,773535
1728,773567
1952,773599
1784,773631
2190,773663
1946,773695
1760,773727
1120,773759
1248,773791
1022,773823
490,773855
218,773887
344,773919
0,773951
58,773983
234,774015
542,774047
764,774079
1339,774111
1627,774143
1451,774175
1688,774207
2272,774239
2256,774271
1611,774303
1680,774335
1124,774367
1318,774399
615,774431
762,774463
584,774495
0,774527
299,774559
431,774591
313,774623
990,774655
746,774687
1035,774719
1225,774751
1424,774783
1767,774815
2296,774847
1722,774879
1567,774911
1242,774943
1079,774975
811,775007
559,775039
426,775071
171,775103
0,775135
2,775167
218,775199
412,775231
1020,775263
1247,775295
1129,775327
1676,775359
1484,775391
2183,775423
2254,775455
2063,775487
1867,775519
1182,775551
1311,775583
1128,775615
938,775647
272,775679
397,775711
204,775743
0,775775
175,775807
752,775839
681,775871
856,775903
1081,775935
1400,775967
1592,775999
2223,776031
2315,776063
1671,776095
1399,776127
1547,776159
1371,776191
749,776223
858,776255
635,776287
455,776319
136,776351
428,776383
651,776415
459,776447
775,776479
1340,776511
1162,776543
1867,776575
1995,776607
1863,776639
1785,776671
1947,776703
1357,776735
1498,776767
867,776799
712,776831
763,776863
219,776895
365,776927
0,776959
136,776991
361,777023
544,777055
842,777087
1038,777119
1262,777151
1897,777183
1769,777215
1965,777247
2124,777279
1467,777311
1339,777343
1420,777375
1184,777407
989,777439
686,777471
495,777503
267,777535
318,777567
475,777599
701,777631
622,777663
800,777695
1387,777727
1616,777759
1534,777791
1712,777823
2249,777855
1733,777887
1450,777919
1673,777951
1035,777983
809,778015
549,778047
745,778079
125,778111
0,778143
363,778175
651,778207
479,778239
1003,778271
1289,778303
1575,778335
1311,778367
1639,778399
2223,778431
1818,778463
2087,778495
1741,778527
1146,778559
894,778591
668,778623
505,778655
636,778687
0,778719
0,778751
380,778783
264,778815
559,778847
694,778879
982,778911
1167,778943
1373,778975
1707,779007
1911,779039
1786,779071
1627,779103
1399,779135
1132,779167
1290,779199
614,779231
487,779263
560,779295
364,779327
263,779359
423,779391
687,779423
958,779455
748,779487
1336,779519
1608,779551
1432,779583
1660,779615
2268,779647
2112,779679
1464,779711
1232,779743
1369,779775
828,779807
554,779839
807,779871
185,779903
0,779935
0,779967
589,779999
435,780031
629,780063
1224,780095
1515,780127
1340,780159
1916,780191
2167,780223
2377,780255
2028,780287
1464,780319
1613,780351
952,780383
810,780415
922,780447
298,780479
48,780511
182,780543
0,780575
603,780607
399,780639
697,780671
1280,780703
1104,780735
1416,780767
1936,780799
1849,780831
2281,780863
1592,780895
1417,780927
1192,780959
921,780991
764,781023
509,781055
284,781087
425,781119
123,781151
73,781183
639,781215
905,781247
793,781279
1323,781311
1552,781343
1832,781375
1980,781407
2256,781439
2173,781471
1528,781503
1660,781535
1422,781567
1240,781599
608,781631
734,781663
508,781695
0,781727
0,781759
155,781791
377,781823
560,781855
746,781887
1051,781919
1286,781951
1478,781983
2158,782015
1981,782047
1787,782079
1899,782111
1725,782143
1095,782175
1152,782207
606,782239
807,782271
96,782303
0,782335
312,782367
122,782399
349,782431
954,782463
825,782495
1515,782527
1259,782559
1557,782591
2169,782623
1872,782655
1741,782687
1802,782719
1206,782751
1051,782783
730,782815
566,782847
300,782879
45,782911
0,782943
23,782975
206,783007
505,783039
988,783071
932,783103
1536,783135
1773,783167
1646,783199
2205,783231
2284,783263
2041,783295
1724,783327
1530,783359
1339,783391
670,783423
798,783455
605,783487
416,783519
0,783551
352,783583
632,783615
460,783647
685,783679
1000,783711
1193,783743
1368,783775
1597,783807
1929,783839
1802,783871
1516,783903
1787,783935
1146,783967
885,783999
1031,784031
859,784063
248,784095
334,784127
251,784159
536,784191
663,784223
571,784255
1175,784287
970,784319
1592,784351
1868,784383
1688,784415
2397,784447
2092,784479
1483,784511
1675,784543
1006,784575
843,784607
974,784639
358,784671
199,784703
240,784735
0,784767
555,784799
350,784831
647,784863
874,784895
1054,784927
1356,784959
1902,784991
1796,785023
2343,785055
1743,785087
1479,785119
1597,785151
1401,785183
827,785215
904,785247
668,785279
475,785311
172,785343
347,785375
573,785407
843,785439
988,785471
1213,785503
1145,785535
1311,785567
1916,785599
1878,785631
1865,785663
1580,785695
1712,785727
1208,785759
938,785791
666,785823
525,785855
298,785887
38,785919
235,785951
91,785983
318,786015
879,786047
1165,786079
999,786111
1531,786143
1422,786175
2105,786207
1840,786239
2154,786271
1965,786303
1296,786335
1549,786367
1214,786399
633,786431
859,786463
159,786495
2,786527
250,786559
71,786591
391,786623
894,786655
773,786687
1071,786719
1200,786751
1496,786783
1688,786815
1901,786847
1802,786879
1882,786911
1257,786943
1103,786975
877,787007
620,787039
766,787071
537,787103
0,787135
296,787167
558,787199
781,787231
939,787263
1209,787295
1481,787327
1258,787359
1856,787391
2140,787423
1872,787455
1641,787487
1774,787519
1228,787551
952,787583
720,787615
847,787647
327,787679
44,787711
0,787743
40,787775
230,787807
408,787839
1109,787871
940,787903
1139,787935
1743,787967
2043,787999
1865,788031
2250,788063
2025,788095
1837,788127
1499,788159
1312,788191
1087,788223
439,788255
298,788287
400,788319
0,788351
475,788383
607,788415
487,788447
1113,788479
912,788511
1210,788543
1816,788575
1637,788607
1944,788639
2153,788671
1592,788703
1231,788735
1067,788767
903,788799
1006,788831
412,788863
253,788895
8,788927
0,788959
503,788991
393,789023
586,789055
1152,789087
1423,789119
1305,789151
1854,789183
2080,789215
2360,789247
2076,789279
1882,789311
1643,789343
1007,789375
1143,789407
908,789439
386,789471
107,789503
221,789535
239,789567
174,789599
349,789631
927,789663
888,789695
1072,789727
1260,789759
1577,789791
1813,789823
1926,789855
2139,789887
1485,789919
1258,789951
1370,789983
1197,790015
584,790047
640,790079
457,790111
279,790143
0,790175
265,790207
827,790239
634,790271
1339,790303
1468,790335
1337,790367
2045,790399
1785,790431
1894,790463
2026,790495
1350,790527
1224,790559
1274,790591
686,790623
441,790655
216,790687
46,790719
204,790751
23,790783
331,790815
536,790847
712,790879
1017,790911
1245,790943
1438,790975
2074,791007
2303,791039
1865,791071
1946,791103
1754,791135
1511,791167
1208,791199
1014,791231
816,791263
167,791295
283,791327
222,791359
74,791391
298,791423
872,791455
1147,791487
971,791519
1197,791551
1802,791583
1711,791615
1898,791647
1693,791679
1555,791711
1276,791743
1002,791775
1259,791807
634,791839
375,791871
508,791903
332,791935
0,791967
536,791999
777,792031
1051,792063
1181,792095
1082,792127
1693,792159
1487,792191
1815,792223
2317,792255
1662,792287
1899,792319
1565,792351
971,792383
1147,792415
493,792447
333,792479
106,792511
0,792543
0,792575
555,792607
473,792639
1079,792671
862,792703
1151,792735
1386,792767
1576,792799
1881,792831
1884,792863
1646,792895
1815,792927
1225,792959
957,792991
1070,793023
879,793055
311,793087
383,793119
168,793151
442,793183
591,793215
864,793247
1087,793279
920,793311
1514,793343
1740,793375
1660,793407
1837,793439
2125,793471
1887,793503
1338,793535
1064,793567
1192,793599
695,793631
428,793663
164,793695
20,793727
0,793759
112,793791
765,793823
605,793855
827,793887
1390,793919
1689,793951
1515,793983
2048,794015
1958,794047
2191,794079
1465,794111
1626,794143
1435,794175
778,794207
1021,794239
700,794271
125,794303
335,794335
0,794367
195,794399
376,794431
583,794463
905,794495
1418,794527
1279,794559
1593,794591
1727,794623
1943,794655
1662,794687
1408,794719
1274,794751
1026,794783
746,794815
590,794847
376,794879
106,794911
246,794943
383,794975
280,795007
813,795039
1071,795071
1305,795103
1454,795135
1737,795167
2009,795199
1786,795231
2189,795263
1993,795295
1352,795327
1117,795359
1246,795391
1053,795423
442,795455
218,795487
333,795519
0,795551
22,795583
240,795615
552,795647
740,795679
1343,795711
1627,795743
1460,795775
1655,795807
2272,795839
2252,795871
1608,795903
1720,795935
1487,795967
1319,795999
976,796031
800,796063
575,796095
0,796127
0,796159
478,796191
318,796223
999,796255
1120,796287
999,796319
1227,796351
1433,796383
1736,796415
2346,796447
1721,796479
1563,796511
1616,796543
1069,796575
810,796607
553,796639
392,796671
492,796703
0,796735
2,796767
199,796799
422,796831
1021,796863
907,796895
1099,796927
1678,796959
1951,796991
1829,797023
2298,797055
2048,797087
1863,797119
1547,797151
1354,797183
1119,797215
495,797247
623,797279
384,797311
0,797343
0,797375
537,797407
763,797439
684,797471
860,797503
1449,797535
1402,797567
1596,797599
2285,797631
1900,797663
1660,797695
1390,797727
1600,797759
972,797791
745,797823
857,797855
681,797887
61,797919
138,797951
425,797983
715,798015
459,798047
776,798079
1343,798111
1146,798143
1867,798175
1998,798207
1867,798239
1756,798271
1519,798303
1354,798335
1488,798367
839,798399
711,798431
762,798463
182,798495
0,798527
0,798559
135,798591
732,798623
524,798655
845,798687
1046,798719
1226,798751
1533,798783
1770,798815
1966,798847
2159,798879
1456,798911
1335,798943
1419,798975
1226,799007
987,799039
683,799071
492,799103
299,799135
0,799167
480,799199
736,799231
584,799263
800,799295
1390,799327
1663,799359
1485,799391
1721,799423
2239,799455
1689,799487
1403,799519
1662,799551
1034,799583
773,799615
493,799647
736,799679
121,799711
0,799743
363,799775
651,799807
491,799839
1054,799871
1289,799903
1575,799935
1706,799967
1607,799999
2223,800031
1808,800063
1671,800095
1785,800127
1142,800159
892,800191
1040,800223
457,800255
635,800287
0,800319
0,800351
426,800383
269,800415
464,800447
1069,800479
983,800511
1597,800543
1384,800575
1674,800607
1913,800639
1776,800671
1624,800703
1357,800735
973,800767
1277,800799
966,800831
457,800863
556,800895
361,800927
0,800959
473,800991
698,801023
968,801055
1113,801087
1376,801119
1613,801151
1435,801183
2042,801215
2270,801247
1752,801279
1456,801311
1595,801343
1368,801375
826,801407
553,801439
411,801471
184,801503
0,801535
0,801567
207,801599
437,801631
630,801663
1279,801695
1115,801727
1340,801759
1928,801791
2221,801823
1958,801855
2028,801887
1454,801919
1661,801951
956,801983
807,802015
911,802047
272,802079
47,802111
182,802143
0,802175
651,802207
411,802239
707,802271
1292,802303
1086,802335
1416,802367
1946,802399
1805,802431
1915,802463
1582,802495
1415,802527
1144,802559
892,802591
761,802623
507,802655
239,802687
80,802719
124,802751
74,802783
684,802815
909,802847
792,802879
1328,802911
1606,802943
1835,802975
1983,803007
2266,803039
2219,803071
1518,803103
1659,803135
1465,803167
838,803199
607,803231
733,803263
544,803295
0,803327
0,803359
155,803391
354,803423
526,803455
747,803487
1063,803519
1252,803551
1432,803583
2167,803615
1989,803647
1748,803679
1896,803711
1723,803743
1084,803775
1195,803807
974,803839
795,803871
463,803903
0,803935
315,803967
124,803999
720,804031
1002,804063
830,804095
1515,804127
1646,804159
1513,804191
2173,804223
1869,804255
1703,804287
1840,804319
1196,804351
1047,804383
1100,804415
558,804447
297,804479
43,804511
0,804543
26,804575
216,804607
507,804639
1035,804671
934,804703
1545,804735
1421,804767
1623,804799
2208,804831
2279,804863
1687,804895
1768,804927
1530,804959
1336,804991
1022,805023
832,805055
604,805087
2,805119
125,805151
362,805183
636,805215
464,805247
1051,805279
1002,805311
1194,805343
1370,805375
1979,805407
1931,805439
1802,805471
1512,805503
1373,805535
1142,805567
878,805599
1080,805631
460,805663
234,805695
334,805727
303,805759
155,805791
668,805823
572,805855
1227,805887
972,805919
1584,805951
1869,805983
1662,806015
2398,806047
2090,806079
1481,806111
1721,806143
1004,806175
841,806207
974,806239
328,806271
202,806303
238,806335
0,806367
136,806399
452,806431
648,806463
839,806495
1036,806527
1367,806559
1912,806591
1750,806623
1977,806655
1597,806687
1468,806719
1630,806751
1399,806783
823,806815
894,806847
704,806879
471,806911
168,806943
349,806975
620,807007
412,807039
1000,807071
1261,807103
1536,807135
1312,807167
1919,807199
1836,807231
1806,807263
1576,807295
1710,807327
1164,807359
888,807391
656,807423
521,807455
261,807487
0,807519
237,807551
93,807583
282,807615
879,807647
1164,807679
1000,807711
1568,807743
1817,807775
2107,807807
2236,807839
2192,807871
1963,807903
1280,807935
1146,807967
1260,807999
632,808031
855,808063
525,808095
0,808127
253,808159
76,808191
363,808223
944,808255
777,808287
984,808319
1273,808351
1496,808383
2135,808415
1903,808447
1767,808479
1880,808511
1256,808543
1100,808575
843,808607
617,808639
763,808671
201,808703
0,808735
302,808767
559,808799
455,808831
987,808863
1212,808895
1481,808927
1631,808959
1913,808991
2143,809023
2331,809055
2012,809087
1771,809119
1224,809151
944,809183
1071,809215
845,809247
316,809279
41,809311
157,809343
41,809375
230,809407
410,809439
726,809471
949,809503
1134,809535
1817,809567
1639,809599
2176,809631
2249,809663
2077,809695
1431,809727
1498,809759
1319,809791
1135,809823
430,809855
296,809887
395,809919
0,809951
476,809983
616,810015
491,810047
1175,810079
922,810111
1212,810143
1818,810175
1610,810207
1947,810239
1820,810271
1544,810303
1387,810335
1065,810367
900,810399
1040,810431
381,810463
250,810495
2,810527
0,810559
169,810591
407,810623
588,810655
1196,810687
1423,810719
1305,810751
1856,810783
2136,810815
2363,810847
2073,810879
1883,810911
1679,810943
1004,810975
1134,811007
942,811039
330,811071
104,811103
218,811135
287,811167
136,811199
352,811231
942,811263
856,811295
1024,811327
1257,811359
1578,811391
1780,811423
1867,811455
2135,811487
1483,811519
1609,811551
1369,811583
1195,811615
571,811647
671,811679
455,811711
267,811743
327,811775
246,811807
831,811839
637,811871
951,811903
1519,811935
1339,811967
2046,811999
2184,812031
1834,812063
2025,812095
1342,812127
1191,812159
955,812191
684,812223
535,812255
584,812287
45,812319
205,812351
28,812383
311,812415
538,812447
716,812479
1017,812511
1213,812543
1452,812575
2073,812607
1949,812639
1821,812671
1948,812703
1743,812735
1160,812767
825,812799
650,812831
813,812863
511,812895
318,812927
224,812959
78,812991
652,813023
878,813055
1148,813087
976,813119
1565,813151
1803,813183
1720,813215
1898,813247
2060,813279
1544,813311
1275,813343
998,813375
859,813407
632,813439
735,813471
568,813503
0,813535
0,813567
541,813599
829,813631
665,813663
1182,813695
1086,813727
1756,813759
1488,813791
2124,813823
2315,813855
1638,813887
1899,813919
1561,813951
968,813983
1195,814015
491,814047
331,814079
72,814111
0,814143
59,814175
568,814207
441,814239
743,814271
864,814303
1160,814335
1352,814367
1552,814399
1886,814431
1882,814463
1599,814495
1449,814527
1214,814559
954,814591
1112,814623
877,814655
311,814687
380,814719
0,814751
442,814783
600,814815
872,814847
1135,814879
924,814911
1516,814943
1788,814975
2075,815007
1840,815039
2124,815071
1932,815103
1288,815135
1054,815167
1184,815199
651,815231
377,815263
144,815295
16,815327
0,815359
491,815391
765,815423
605,815455
796,815487
1401,815519
1691,815551
1525,815583
2107,815615
2349,815647
2188,815679
1849,815711
1662,815743
1433,815775
768,815807
632,815839
736,815871
122,815903
331,815935
270,815967
154,815999
379,816031
584,816063
874,816095
1468,816127
1290,816159
1595,816191
2124,816223
1933,816255
2095,816287
1404,816319
1240,816351
1018,816383
746,816415
588,816447
332,816479
107,816511
237,816543
59,816575
253,816607
816,816639
638,816671
957,816703
1500,816735
1738,816767
2011,816799
2168,816831
2232,816863
1984,816895
1801,816927
1479,816959
1244,816991
715,817023
440,817055
556,817087
331,817119
0,817151
24,817183
592,817215
552,817247
744,817279
1405,817311
1238,817343
1464,817375
1658,817407
2347,817439
1835,817471
1596,817503
1719,817535
1536,817567
910,817599
976,817631
797,817663
621,817695
0,817727
0,817759
491,817791
304,817823
1003,817855
1129,817887
1001,817919
1209,817951
1436,817983
1736,818015
2360,818047
1693,818079
1560,818111
1616,818143
1019,818175
875,818207
552,818239
390,818271
123,818303
0,818335
10,818367
201,818399
380,818431
683,818463
907,818495
1101,818527
1724,818559
1488,818591
1832,818623
2296,818655
2096,818687
1863,818719
1536,818751
1352,818783
1163,818815
495,818847
620,818879
427,818911
0,818943
0,818975
540,819007
808,819039
637,819071
863,819103
1452,819135
1371,819167
1549,819199
2287,819231
1897,819263
1625,819295
1338,819327
1597,819359
968,819391
711,819423
855,819455
684,819487
61,819519
185,819551
423,819583
715,819615
843,819647
748,819679
1353,819711
1149,819743
1465,819775
2048,819807
1868,819839
1753,819871
1912,819903
1306,819935
1485,819967
830,819999
668,820031
798,820063
173,820095
24,820127
208,820159
138,820191
743,820223
526,820255
813,820287
1049,820319
1229,820351
1543,820383
1739,820415
1976,820447
2157,820479
1833,820511
1301,820543
1408,820575
1215,820607
649,820639
720,820671
488,820703
295,820735
256,820767
528,820799
750,820831
587,820863
1166,820895
1391,820927
1674,820959
1496,820991
2096,821023
2237,821055
1680,821087
1392,821119
1259,821151
1021,821183
762,821215
488,821247
347,821279
119,821311
0,821343
425,821375
269,821407
491,821439
1054,821471
1343,821503
1175,821535
1708,821567
1609,821599
2285,821631
1807,821663
1669,821695
1785,821727
1113,821759
889,821791
1038,821823
457,821855
681,821887
0,821919
0,821951
440,821983
249,822015
567,822047
1080,822079
943,822111
1247,822143
1386,822175
1676,822207
1880,822239
1756,822271
1623,822303
1352,822335
1082,822367
927,822399
959,822431
442,822463
586,822495
359,822527
0,822559
474,822591
734,822623
967,822655
1117,822687
1386,822719
1663,822751
1439,822783
2045,822815
2318,822847
2154,822879
1454,822911
1594,822943
1392,822975
776,823007
542,823039
409,823071
139,823103
0,823135
0,823167
215,823199
406,823231
582,823263
1287,823295
1118,823327
1307,823359
1930,823391
2231,823423
1947,823455
2073,823487
1839,823519
1656,823551
1323,823583
764,823615
909,823647
266,823679
410,823711
217,823743
0,823775
653,823807
792,823839
664,823871
1291,823903
1097,823935
1387,823967
1998,823999
1816,824031
1911,824063
1966,824095
1403,824127
1565,824159
889,824191
728,824223
502,824255
232,824287
77,824319
171,824351
86,824383
681,824415
571,824447
762,824479
1338,824511
1609,824543
1482,824575
2032,824607
2270,824639
2215,824671
1888,824703
1696,824735
1463,824767
1273,824799
1051,824831
730,824863
200,824895
0,824927
190,824959
156,824991
356,825023
526,825055
1112,825087
1065,825119
1257,825151
1434,825183
1757,825215
1992,825247
1738,825279
1951,825311
1318,825343
1082,825375
1195,825407
1019,825439
398,825471
461,825503
0,825535
367,825567
126,825599
732,825631
1003,825663
810,825695
1527,825727
1656,825759
1515,825791
2233,825823
1868,825855
1703,825887
1838,825919
1168,825951
1047,825983
1096,826015
511,826047
363,826079
40,826111
0,826143
0,826175
188,826207
507,826239
1040,826271
892,826303
1195,826335
1431,826367
1624,826399
2256,826431
2270,826463
1675,826495
1760,826527
1566,826559
1334,826591
1020,826623
830,826655
640,826687
0,826719
136,826751
409,826783
258,826815
475,826847
1053,826879
973,826911
1148,826943
1374,826975
1993,827007
1897,827039
1744,827071
1512,827103
1368,827135
1108,827167
826,827199
1079,827231
457,827263
189,827295
331,827327
312,827359
154,827391
715,827423
953,827455
1229,827487
1360,827519
1646,827551
1881,827583
1674,827615
1994,827647
2137,827679
1481,827711
1720,827743
1376,827775
794,827807
969,827839
319,827871
167,827903
282,827935
0,827967
221,827999
731,828031
652,828063
842,828095
1050,828127
1335,828159
1916,828191
1755,828223
1974,828255
1705,828287
1476,828319
1629,828351
1039,828383
791,828415
894,828447
701,828479
135,828511
205,828543
361,828575
619,828607
776,828639
1039,828671
1273,828703
1098,828735
1692,828767
1927,828799
1838,828831
1806,828863
1944,828895
1709,828927
1162,828959
880,828991
1016,829023
519,829055
252,829087
0,829119
0,829151
95,829183
294,829215
943,829247
779,829279
1003,829311
1583,829343
1881,829375
1703,829407
2237,829439
2191,829471
2013,829503
1288,829535
1144,829567
1259,829599
602,829631
855,829663
512,829695
0,829727
313,829759
76,829791
365,829823
954,829855
752,829887
1080,829919
1596,829951
1456,829983
1678,830015
1913,830047
1754,830079
1916,830111
1230,830143
1099,830175
841,830207
572,830239
413,830271
189,830303
0,830335
334,830367
569,830399
459,830431
989,830463
1260,830495
1483,830527
1640,830559
1916,830591
2190,830623
1869,830655
2000,830687
1815,830719
1176,830751
939,830783
1070,830815
880,830847
264,830879
41,830911
152,830943
17,830975
189,831007
414,831039
727,831071
918,831103
1096,831135
1815,831167
1642,831199
1843,831231
2239,831263
2072,831295
1428,831327
1534,831359
1309,831391
1132,831423
800,831455
262,831487
394,831519
0,831551
104,831583
664,831615
493,831647
1175,831679
1306,831711
1176,831743
1821,831775
1614,831807
1914,831839
1817,831871
1535,831903
1291,831935
1439,831967
893,831999
1039,832031
378,832063
216,832095
1,832127
0,832159
172,832191
376,832223
598,832255
1197,832287
1085,832319
1275,832351
1866,832383
2137,832415
2008,832447
2110,832479
1872,832511
1677,832543
1359,832575
1179,832607
942,832639
328,832671
446,832703
208,832735
0,832767
140,832799
712,832831
939,832863
866,832895
1035,832927
1630,832959
1579,832991
1776,833023
1856,833055
1723,833087
1482,833119
1212,833151
1419,833183
796,833215
571,833247
671,833279
504,833311
0,833343
332,833375
240,833407
891,833439
639,833471
1248,833503
1529,833535
1324,833567
2057,833599
2185,833631
1833,833663
2075,833695
1341,833727
1178,833759
908,833791
654,833823
525,833855
586,833887
7,833919
0,833951
31,833983
313,834015
495,834047
700,834079
1021,834111
1224,834143
1404,834175
1721,834207
1949,834239
1818,834271
1982,834303
1741,834335
1158,834367
1230,834399
1040,834431
810,834463
506,834495
314,834527
281,834559
76,834591
656,834623
923,834655
760,834687
984,834719
1578,834751
1851,834783
1674,834815
1903,834847
2060,834879
1509,834911
1224,834943
997,834975
856,835007
588,835039
735,835071
557,835103
0,835135
0,835167
541,835199
839,835231
666,835263
1231,835295
1467,835327
1757,835359
1885,835391
2176,835423
2313,835455
1630,835487
1485,835519
1600,835551
968,835583
1192,835615
861,835647
284,835679
60,835711
0,835743
26,835775
606,835807
444,835839
745,835871
1248,835903
1163,835935
1353,835967
1563,835999
1863,836031
2232,836063
1598,836095
1446,836127
1179,836159
952,836191
1101,836223
537,836255
279,836287
376,836319
217,836351
119,836383
649,836415
874,836447
1142,836479
1291,836511
1566,836543
1791,836575
1614,836607
2222,836639
2123,836671
1564,836703
1278,836735
1408,836767
1182,836799
650,836831
393,836863
495,836895
16,836927
0,836959
543,836991
382,837023
614,837055
806,837087
1465,837119
1293,837151
1526,837183
2107,837215
2409,837247
1773,837279
1847,837311
1661,837343
1483,837375
765,837407
632,837439
735,837471
90,837503
331,837535
272,837567
157,837599
362,837631
587,837663
877,837695
1470,837727
1272,837759
1607,837791
2128,837823
1892,837855
1640,837887
1401,837919
1238,837951
1386,837983
718,838015
586,838047
329,838079
62,838111
0,838143
59,838175
260,838207
858,838239
640,838271
969,838303
1515,838335
1790,838367
2013,838399
2172,838431
2231,838463
2030,838495
1340,838527
1480,838559
1278,838591
664,838623
430,838655
555,838687
360,838719
0,838751
23,838783
592,838815
522,838847
698,838879
1403,838911
1240,838943
1431,838975
1610,839007
2348,839039
1833,839071
1561,839103
1711,839135
1534,839167
915,839199
1019,839231
795,839263
619,839295
282,839327
0,839359
491,839391
301,839423
616,839455
1180,839487
1002,839519
1212,839551
1833,839583
1693,839615
2361,839647
1691,839679
1515,839711
1664,839743
1018,839775
778,839807
922,839839
380,839871
523,839903
0,839935
0,839967
200,839999
392,840031
685,840063
878,840095
1110,840127
1737,840159
1868,840191
1801,840223
2288,840255
2093,840287
1497,840319
1582,840351
1342,840383
1159,840415
847,840447
655,840479
426,840511
0,840543
316,840575
540,840607
472,840639
647,840671
1228,840703
1454,840735
1380,840767
1552,840799
1883,840831
1895,840863
1616,840895
1336,840927
1195,840959
967,840991
708,841023
907,841055
284,841087
58,841119
191,841151
489,841183
331,841215
845,841247
748,841279
1405,841311
1152,841343
1468,841375
2061,841407
1848,841439
1744,841471
1904,841503
1306,841535
1534,841567
827,841599
666,841631
796,841663
153,841695
24,841727
220,841759
104,841791
399,841823
528,841855
824,841887
1006,841919
1214,841951
1547,841983
1750,842015
1932,842047
1789,842079
1824,842111
1291,842143
1451,842175
1215,842207
647,842239
717,842271
526,842303
285,842335
266,842367
535,842399
796,842431
591,842463
1177,842495
1439,842527
1272,842559
1499,842591
2106,842623
2280,842655
1626,842687
1390,842719
1256,842751
986,842783
713,842815
488,842847
344,842879
84,842911
0,842943
427,842975
277,843007
469,843039
1063,843071
1343,843103
1180,843135
1755,843167
1997,843199
2295,843231
2201,843263
1624,843295
1775,843327
1112,843359
1261,843391
1080,843423
448,843455
672,843487
347,843519
0,843551
431,843583
249,843615
541,843647
1130,843679
953,843711
1256,843743
1776,843775
1687,843807
1880,843839
1754,843871
1579,843903
1352,843935
1080,843967
924,843999
992,844031
441,844063
589,844095
26,844127
0,844159
477,844191
745,844223
635,844255
1164,844287
1390,844319
1661,844351
1819,844383
2094,844415
2329,844447
1689,844479
1824,844511
1584,844543
1390,844575
776,844607
894,844639
406,844671
138,844703
0,844735
254,844767
217,844799
408,844831
586,844863
901,844895
1127,844927
1320,844959
1996,844991
1819,845023
1946,845055
2073,845087
1887,845119
1247,845151
1321,845183
764,845215
959,845247
268,845279
400,845311
207,845343
0,845375
665,845407
793,845439
667,845471
1353,845503
1098,845535
1389,845567
2000,845599
1790,845631
1911,845663
1966,845695
1358,845727
1116,845759
983,845791
718,845823
458,845855
208,845887
72,845919
182,845951
54,845983
349,846015
572,846047
772,846079
1376,846111
1613,846143
1484,846175
2042,846207
2316,846239
2205,846271
1887,846303
1693,846335
1500,846367
828,846399
958,846431
765,846463
574,846495
0,846527
192,846559
132,846591
310,846623
527,846655
1114,846687
1034,846719
1210,846751
1439,846783
1767,846815
1959,846847
1687,846879
1947,846911
1305,846943
1047,846975
1183,847007
1015,847039
396,847071
495,847103
281,847135
375,847167
505,847199
782,847231
1015,847263
814,847295
1128,847327
1707,847359
1518,847391
2235,847423
2255,847455
1654,847487
1837,847519
1166,847551
1004,847583
1134,847615
507,847647
266,847679
93,847711
0,847743
397,847775
190,847807
487,847839
1048,847871
893,847903
1196,847935
1399,847967
1627,847999
2263,848031
1913,848063
1641,848095
1758,848127
1561,848159
983,848191
1066,848223
830,848255
635,848287
332,848319
174,848351
412,848383
683,848415
830,848447
1054,848479
974,848511
1152,848543
1754,848575
1992,848607
1900,848639
1740,848671
1882,848703
1368,848735
1098,848767
825,848799
685,848831
455,848863
80,848895
382,848927
0,848959
456,848991
717,849023
1007,849055
843,849087
1360,849119
1645,849151
1935,849183
1675,849215
2004,849247
2127,849279
1452,849311
1717,849343
1372,849375
793,849407
1019,849439
316,849471
153,849503
280,849535
0,849567
231,849599
428,849631
615,849663
919,849695
1040,849727
1337,849759
1964,849791
1740,849823
1963,849855
1702,849887
1420,849919
1271,849951
1036,849983
778,850015
926,850047
697,850079
125,850111
202,850143
398,850175
619,850207
780,850239
1050,850271
1320,850303
1101,850335
1694,850367
1977,850399
1798,850431
1802,850463
1936,850495
1743,850527
1110,850559
877,850591
1007,850623
476,850655
204,850687
0,850719
0,850751
71,850783
250,850815
951,850847
788,850879
1357,850911
1583,850943
1880,850975
1704,851007
2286,851039
2187,851071
2008,851103
1664,851135
1100,851167
1247,851199
599,851231
456,851263
558,851295
0,851327
315,851359
446,851391
330,851423
955,851455
760,851487
1050,851519
1277,851551
1468,851583
1783,851615
2304,851647
1754,851679
1913,851711
1226,851743
1063,851775
840,851807
568,851839
412,851871
155,851903
0,851935
343,851967
237,851999
428,852031
992,852063
1263,852095
1143,852127
1690,852159
1560,852191
2199,852223
2238,852255
2045,852287
1807,852319
1167,852351
1295,852383
1068,852415
878,852447
265,852479
378,852511
144,852543
21,852575
192,852607
768,852639
728,852671
920,852703
1096,852735
1415,852767
1644,852799
2239,852831
2299,852863
1655,852895
1418,852927
1531,852959
1357,852991
733,853023
800,853055
264,853087
443,853119
0,853151
396,853183
669,853215
472,853247
1179,853279
1308,853311
1179,853343
1883,853375
1616,853407
1924,853439
1770,853471
1512,853503
1383,853535
1436,853567
845,853599
688,853631
376,853663
205,853695
0,853727
0,853759
183,853791
376,853823
556,853855
861,853887
1084,853919
1284,853951
1903,853983
2141,854015
2012,854047
2110,854079
1451,854111
1675,854143
1359,854175
1175,854207
976,854239
319,854271
443,854303
249,854335
334,854367
142,854399
715,854431
984,854463
814,854495
1038,854527
1632,854559
1549,854591
1726,854623
1852,854655
1719,854687
1443,854719
1599,854751
1416,854783
793,854815
535,854847
669,854879
493,854911
0,854943
375,854975
617,855007
893,855039
1022,855071
1304,855103
1529,855135
1326,855167
1653,855199
2237,855231
1822,855263
2069,855295
1724,855327
1127,855359
905,855391
654,855423
491,855455
624,855487
8,855519
0,855551
408,855583
314,855615
909,855647
703,855679
991,855711
1228,855743
1408,855775
1721,855807
1927,855839
1816,855871
1977,855903
1385,855935
1115,855967
1230,855999
592,856031
471,856063
544,856095
316,856127
281,856159
432,856191
702,856223
927,856255
1199,856287
1344,856319
1578,856351
1496,856383
1675,856415
2283,856447
2048,856479
1500,856511
1214,856543
1352,856575
843,856607
588,856639
793,856671
171,856703
0,856735
0,856767
604,856799
455,856831
677,856863
1231,856895
1531,856927
1355,856959
1888,856991
2175,857023
2361,857055
1624,857087
1481,857119
1597,857151
937,857183
1189,857215
860,857247
283,857279
36,857311
0,857343
28,857375
618,857407
424,857439
744,857471
1248,857503
1127,857535
1431,857567
1565,857599
1863,857631
1822,857663
1576,857695
1435,857727
1177,857759
906,857791
749,857823
523,857855
264,857887
409,857919
0,857951
121,857983
654,858015
920,858047
1145,858079
1294,858111
1568,858143
1849,858175
1624,858207
2224,858239
2158,858271
1512,858303
1276,858335
1407,858367
1216,858399
600,858431
365,858463
490,858495
0,858527
0,858559
551,858591
391,858623
581,858655
758,858687
1467,858719
1300,858751
1493,858783
2111,858815
2412,858847
1770,858879
1883,858911
1656,858943
1479,858975
1144,859007
597,859039
733,859071
88,859103
0,859135
328,859167
158,859199
364,859231
968,859263
840,859295
1471,859327
1275,859359
1566,859391
2176,859423
1885,859455
1724,859487
1786,859519
1227,859551
1385,859583
714,859615
553,859647
329,859679
59,859711
0,859743
39,859775
268,859807
861,859839
1004,859871
939,859903
1516,859935
1789,859967
1661,859999
2221,860031
2222,860063
2027,860095
1708,860127
1514,860159
1277,860191
655,860223
781,860255
555,860287
362,860319
0,860351
376,860383
603,860415
524,860447
700,860479
1017,860511
1241,860543
1432,860575
1612,860607
1943,860639
1831,860671
1558,860703
1769,860735
1131,860767
905,860799
1021,860831
839,860863
220,860895
0,860927
0,860959
553,860991
314,861023
619,861055
1183,861087
986,861119
1216,861151
1836,861183
1703,861215
2413,861247
1690,861279
1515,861311
1660,861343
997,861375
863,861407
922,861439
335,861471
185,861503
0,861535
0,861567
167,861599
364,861631
695,861663
886,861695
1066,861727
1373,861759
1870,861791
1802,861823
2320,861855
2093,861887
1496,861919
1581,861951
1388,861983
1147,862015
844,862047
653,862079
460,862111
0,862143
319,862175
587,862207
858,862239
651,862271
1229,862303
1501,862335
1325,862367
1560,862399
1882,862431
1850,862463
1575,862495
1336,862527
1192,862559
932,862591
650,862623
907,862655
282,862687
24,862719
203,862751
496,862783
331,862815
891,862847
1129,862879
1403,862911
1535,862943
1445,862975
2063,863007
1851,863039
2136,863071
1948,863103
1304,863135
1531,863167
1198,863199
619,863231
793,863263
143,863295
0,863327
268,863359
106,863391
407,863423
908,863455
822,863487
1435,863519
1216,863551
1514,863583
1752,863615
1935,863647
1785,863679
1866,863711
1288,863743
1439,863775
863,863807
605,863839
718,863871
525,863903
0,863935
313,863967
542,863999
797,864031
954,864063
1224,864095
1439,864127
1726,864159
1870,864191
2108,864223
1913,864255
1627,864287
1757,864319
1244,864351
984,864383
704,864415
832,864447
343,864479
78,864511
0,864543
43,864575
278,864607
463,864639
1116,864671
955,864703
1179,864735
1760,864767
2059,864799
1880,864831
2190,864863
1625,864895
1821,864927
1104,864959
1258,864991
1071,865023
424,865055
668,865087
345,865119
0,865151
491,865183
252,865215
542,865247
1130,865279
936,865311
1259,865343
1776,865375
1644,865407
1959,865439
1743,865471
1576,865503
1296,865535
1053,865567
921,865599
990,865631
397,865663
240,865695
18,865727
0,865759
512,865791
749,865823
634,865855
1166,865887
1438,865919
1671,865951
1819,865983
2103,866015
2379,866047
1679,866079
1820,866111
1628,866143
988,866175
764,866207
892,866239
362,866271
88,866303
0,866335
256,866367
184,866399
364,866431
588,866463
890,866495
1095,866527
1270,866559
1995,866591
1829,866623
1911,866655
2057,866687
1884,866719
1241,866751
1355,866783
1133,866815
954,866847
624,866879
446,866911
207,866943
0,866975
267,867007
844,867039
670,867071
1356,867103
1482,867135
1353,867167
2007,867199
1792,867231
1867,867263
2010,867295
1357,867327
1207,867359
1257,867391
717,867423
456,867455
205,867487
39,867519
184,867551
56,867583
349,867615
551,867647
774,867679
1383,867711
1261,867743
1451,867775
2043,867807
2317,867839
1847,867871
1931,867903
1694,867935
1499,867967
1182,867999
990,868031
763,868063
153,868095
269,868127
200,868159
136,868191
312,868223
880,868255
1116,868287
1036,868319
1212,868351
1816,868383
1767,868415
1960,868447
1676,868479
1533,868511
1301,868543
1037,868575
1241,868607
619,868639
394,868671
495,868703
319,868735
2,868767
508,868799
783,868831
1067,868863
814,868895
1130,868927
1709,868959
1499,868991
2238,869023
2251,869055
1645,869087
1885,869119
1163,869151
997,869183
1134,869215
486,869247
348,869279
400,869311
0,869343
0,869375
202,869407
487,869439
1087,869471
878,869503
1198,869535
1401,869567
1590,869599
1899,869631
1900,869663
1638,869695
1792,869727
1561,869759
983,869791
1056,869823
862,869855
631,869887
329,869919
184,869951
457,869983
256,870015
840,870047
1104,870079
936,870111
1161,870143
1754,870175
2031,870207
1854,870239
1738,870271
1871,870303
1324,870335
1040,870367
816,870399
671,870431
411,870463
141,870495
379,870527
0,870559
123,870591
719,870623
1015,870655
841,870687
1406,870719
1647,870751
1943,870783
2074,870815
1973,870847
2125,870879
1449,870911
1305,870943
1420,870975
792,871007
1015,871039
685,871071
118,871103
269,871135
0,871167
204,871199
427,871231
619,871263
825,871295
1424,871327
1339,871359
1965,871391
1740,871423
1928,871455
1693,871487
1418,871519
1260,871551
1003,871583
775,871615
923,871647
361,871679
92,871711
192,871743
399,871775
299,871807
825,871839
1054,871871
1311,871903
1469,871935
1744,871967
1979,871999
1801,872031
2172,872063
1932,872095
1386,872127
1102,872159
1229,872191
1002,872223
484,872255
202,872287
319,872319
0,872351
76,872383
252,872415
559,872447
790,872479
975,872511
1643,872543
1479,872575
1706,872607
2287,872639
2239,872671
1582,872703
1660,872735
1097,872767
1295,872799
591,872831
736,872863
558,872895
0,872927
0,872959
448,872991
332,873023
1007,873055
764,873087
1051,873119
1241,873151
1448,873183
1784,873215
2312,873247
1705,873279
1547,873311
1216,873343
1052,873375
792,873407
540,873439
409,873471
154,873503
0,873535
22,873567
235,873599
430,873631
1036,873663
1261,873695
1146,873727
1694,873759
1966,873791
2201,873823
2234,873855
2044,873887
1851,873919
1163,873951
1295,873983
1114,874015
486,874047
262,874079
364,874111
184,874143
0,874175
204,874207
777,874239
698,874271
876,874303
1099,874335
1417,874367
1609,874399
2239,874431
2297,874463
1652,874495
1380,874527
1529,874559
1356,874591
728,874623
830,874655
617,874687
430,874719
156,874751
442,874783
671,874815
472,874847
793,874879
1356,874911
1178,874943
1884,874975
2014,875007
1879,875039
1758,875071
1504,875103
1339,875135
1482,875167
847,875199
695,875231
747,875263
213,875295
0,875327
0,875359
152,875391
704,875423
559,875455
860,875487
1063,875519
1288,875551
1913,875583
1787,875615
1981,875647
2107,875679
1913,875711
1321,875743
1403,875775
1166,875807
973,875839
670,875871
477,875903
249,875935
0,875967
491,875999
720,876031
648,876063
816,876095
1402,876127
1632,876159
1559,876191
1728,876223
2224,876255
1706,876287
1434,876319
1647,876351
1019,876383
791,876415
524,876447
720,876479
107,876511
0,876543
378,876575
669,876607
507,876639
1020,876671
1303,876703
1593,876735
1328,876767
1654,876799
2239,876831
1800,876863
2062,876895
1724,876927
1128,876959
876,876991
652,877023
489,877055
618,877087
0,877119
0,877151
396,877183
282,877215
488,877247
712,877279
999,877311
1614,877343
1400,877375
1725,877407
1930,877439
1768,877471
1609,877503
1373,877535
1114,877567
1264,877599
591,877631
461,877663
542,877695
346,877727
281,877759
441,877791
714,877823
973,877855
765,877887
1356,877919
1626,877951
1448,877983
1679,878015
2285,878047
2093,878079
1446,878111
1212,878143
1344,878175
811,878207
538,878239
779,878271
167,878303
0,878335
0,878367
619,878399
446,878431
647,878463
1241,878495
1531,878527
1354,878559
1936,878591
2187,878623
2361,878655
2012,878687
1438,878719
1593,878751
928,878783
1083,878815
904,878847
280,878879
28,878911
156,878943
2,878975
619,879007
424,879039
715,879071
1306,879103
1130,879135
1339,879167
1963,879199
1865,879231
2255,879263
1567,879295
1400,879327
1175,879359
896,879391
745,879423
489,879455
264,879487
397,879519
143,879551
92,879583
654,879615
923,879647
811,879679
1342,879711
1576,879743
1849,879775
1996,879807
2282,879839
2156,879871
1511,879903
1644,879935
1402,879967
873,879999
590,880031
716,880063
488,880095
0,880127
0,880159
171,880191
392,880223
584,880255
762,880287
1077,880319
1303,880351
1488,880383
2175,880415
1996,880447
1770,880479
1881,880511
1705,880543
1067,880575
1133,880607
588,880639
783,880671
78,880703
0,880735
331,880767
140,880799
368,880831
971,880863
841,880895
1529,880927
1278,880959
1573,880991
2188,881023
1852,881055
1724,881087
1776,881119
1180,881151
1023,881183
712,881215
550,881247
282,881279
30,881311
0,881343
40,881375
228,881407
525,881439
1005,881471
938,881503
1562,881535
1791,881567
1672,881599
2224,881631
2266,881663
2024,881695
1707,881727
1512,881759
1321,881791
652,881823
778,881855
586,881887
0,881919
0,881951
377,881983
640,882015
485,882047
712,882079
1022,882111
1212,882143
1387,882175
1624,882207
1945,882239
1785,882271
1498,882303
1757,882335
1129,882367
862,882399
1002,882431
839,882463
217,882495
314,882527
269,882559
555,882591
686,882623
599,882655
1195,882687
987,882719
1607,882751
1887,882783
1704,882815
2424,882847
2064,882879
1468,882911
1647,882943
987,882975
827,883007
958,883039
334,883071
183,883103
224,883135
0,883167
172,883199
366,883231
663,883263
898,883295
1071,883327
1383,883359
1918,883391
1805,883423
2326,883455
1725,883487
1461,883519
1578,883551
1385,883583
807,883615
888,883647
654,883679
455,883711
151,883743
363,883775
599,883807
428,883839
1006,883871
1230,883903
1504,883935
1328,883967
1932,883999
1885,884031
1839,884063
1552,884095
1692,884127
1181,884159
920,884191
646,884223
507,884255
277,884287
19,884319
255,884351
107,884383
343,884415
895,884447
1181,884479
1016,884511
1547,884543
1446,884575
2123,884607
1854,884639
2128,884671
1945,884703
1264,884735
1528,884767
1196,884799
617,884831
839,884863
153,884895
0,884927
271,884959
631,884991
410,885023
922,885055
790,885087
1000,885119
1320,885151
1513,885183
1708,885215
1917,885247
1783,885279
1856,885311
1242,885343
1085,885375
860,885407
602,885439
748,885471
521,885503
0,885535
314,885567
572,885599
806,885631
956,885663
1226,885695
1498,885727
1276,885759
1882,885791
2158,885823
2317,885855
1625,885887
1755,885919
1209,885951
934,885983
701,886015
829,886047
299,886079
25,886111
0,886143
58,886175
248,886207
424,886239
1128,886271
964,886303
1148,886335
1769,886367
2061,886399
1885,886431
2232,886463
2009,886495
1819,886527
1481,886559
1304,886591
1069,886623
415,886655
280,886687
381,886719
0,886751
494,886783
632,886815
504,886847
1133,886879
938,886911
1225,886943
1834,886975
1648,887007
1866,887039
1804,887071
1573,887103
1725,887135
1050,887167
887,887199
990,887231
393,887263
232,887295
0,887327
0,887359
521,887391
413,887423
605,887455
1168,887487
1449,887519
1323,887551
1871,887583
2106,887615
2375,887647
2058,887679
1864,887711
1627,887743
1435,887775
1118,887807
888,887839
360,887871
87,887903
192,887935
256,887967
200,887999
366,888031
944,888063
904,888095
1098,888127
1275,888159
1595,888191
1831,888223
1900,888255
2121,888287
1467,888319
1536,888351
1344,888383
1177,888415
556,888447
620,888479
439,888511
253,888543
0,888575
285,888607
845,888639
650,888671
1355,888703
1484,888735
1357,888767
2063,888799
1804,888831
1863,888863
2008,888895
1326,888927
1196,888959
940,888991
677,889023
525,889055
202,889087
37,889119
222,889151
29,889183
350,889215
552,889247
732,889279
1039,889311
1260,889343
1462,889375
2090,889407
2327,889439
1847,889471
1920,889503
1736,889535
1486,889567
1181,889599
988,889631
797,889663
141,889695
265,889727
248,889759
92,889791
312,889823
891,889855
1164,889887
994,889919
1214,889951
1816,889983
1733,890015
1911,890047
1675,890079
1528,890111
1260,890143
984,890175
1238,890207
618,890239
728,890271
491,890303
315,890335
3,890367
544,890399
795,890431
1068,890463
1197,890495
1099,890527
1719,890559
1504,890591
1832,890623
2301,890655
1644,890687
1883,890719
1548,890751
954,890783
1133,890815
476,890847
315,890879
90,890911
0,890943
76,890975
572,891007
490,891039
1097,891071
878,891103
1175,891135
1410,891167
1582,891199
1911,891231
1867,891263
1628,891295
1789,891327
1207,891359
938,891391
1056,891423
863,891455
287,891487
365,891519
0,891551
457,891583
620,891615
880,891647
1111,891679
940,891711
1528,891743
1759,891775
2032,891807
1854,891839
2107,891871
1869,891903
1320,891935
1040,891967
1168,891999
671,892031
409,892063
137,892095
4,892127
0,892159
511,892191
782,892223
620,892255
851,892287
1417,892319
1709,892351
1531,892383
2076,892415
1964,892447
2182,892479
1446,892511
1600,892543
1419,892575
762,892607
1006,892639
682,892671
107,892703
313,892735
0,892767
201,892799
394,892831
601,892863
920,892895
1434,892927
1296,892959
1611,892991
1742,893023
1926,893055
1645,893087
1390,893119
1257,893151
999,893183
729,893215
574,893247
347,893279
90,893311
220,893343
409,893375
295,893407
832,893439
652,893471
1321,893503
1481,893535
1754,893567
2028,893599
1802,893631
2171,893663
1977,893695
1787,893727
1100,893759
1230,893791
1038,893823
428,893855
192,893887
314,893919
0,893951
38,893983
253,894015
567,894047
759,894079
1359,894111
1645,894143
1477,894175
1674,894207
2297,894239
2235,894271
1591,894303
1694,894335
1471,894367
1293,894399
958,894431
784,894463
553,894495
0,894527
0,894559
506,894591
333,894623
1019,894655
1144,894687
1016,894719
1244,894751
1451,894783
1753,894815
2360,894847
1704,894879
1544,894911
1597,894943
1051,894975
1207,895007
538,895039
375,895071
151,895103
0,895135
24,895167
216,895199
430,895231
1039,895263
925,895295
1115,895327
1696,895359
1504,895391
1851,895423
2280,895455
2043,895487
1850,895519
1520,895551
1335,895583
1103,895615
911,895647
606,895679
376,895711
0,895743
0,895775
544,895807
778,895839
700,895871
876,895903
1468,895935
1418,895967
1613,895999
2303,896031
1883,896063
1643,896095
1370,896127
1584,896159
955,896191
728,896223
831,896255
665,896287
44,896319
169,896351
443,896383
720,896415
478,896447
795,896479
1367,896511
1164,896543
1896,896575
2015,896607
1884,896639
1738,896671
1501,896703
1337,896735
1472,896767
814,896799
695,896831
736,896863
166,896895
18,896927
0,896959
152,896991
424,897023
540,897055
863,897087
1064,897119
1242,897151
1550,897183
1789,897215
1980,897247
2142,897279
1437,897311
1319,897343
1392,897375
1208,897407
969,897439
666,897471
474,897503
281,897535
0,897567
492,897599
764,897631
601,897663
824,897695
1406,897727
1688,897759
1509,897791
1739,897823
2221,897855
1671,897887
1384,897919
1643,897951
1012,897983
747,898015
476,898047
717,898079
105,898111
0,898143
381,898175
669,898207
505,898239
1068,898271
1307,898303
1595,898335
1723,898367
1625,898399
2247,898431
1789,898463
1654,898495
1760,898527
1118,898559
876,898591
1019,898623
442,898655
607,898687
0,898719
0,898751
446,898783
284,898815
583,898847
1086,898879
1002,898911
1615,898943
1392,898975
1692,899007
1930,899039
1755,899071
1608,899103
1339,899135
1103,899167
1263,899199
944,899231
428,899263
538,899295
345,899327
0,899359
489,899391
716,899423
973,899455
1130,899487
1406,899519
1631,899551
1452,899583
2062,899615
2284,899647
2092,899679
1438,899711
1568,899743
1340,899775
808,899807
527,899839
395,899871
156,899903
0,899935
0,899967
221,899999
456,900031
646,900063
1302,900095
1131,900127
1365,900159
1943,900191
2247,900223
1943,900255
2011,900287
1436,900319
1643,900351
924,900383
789,900415
895,900447
252,900479
25,900511
154,900543
6,900575
671,900607
427,900639
717,900671
1308,900703
1104,900735
1435,900767
1962,900799
1830,900831
1897,900863
1565,900895
1390,900927
1128,900959
876,900991
745,901023
487,901055
222,901087
61,901119
141,901151
100,901183
700,901215
923,901247
809,901279
1354,901311
1626,901343
1853,901375
2000,901407
2286,901439
2205,901471
1500,901503
1642,901535
1448,901567
1262,901599
587,901631
714,901663
521,901695
0,901727
0,901759
172,901791
363,901823
538,901855
766,901887
1080,901919
1272,901951
1448,901983
2185,902015
1994,902047
1722,902079
1879,902111
1703,902143
1065,902175
1177,902207
959,902239
779,902271
444,902303
0,902335
345,902367
156,902399
747,902431
1022,902463
842,902495
1544,902527
1672,902559
1530,902591
2189,902623
1851,902655
1688,902687
1834,902719
1178,902751
1020,902783
1083,902815
537,902847
683,902879
31,902911
0,902943
41,902975
224,903007
535,903039
1054,903071
950,903103
1565,903135
1447,903167
1639,903199
2233,903231
2263,903263
1661,903295
1742,903327
1504,903359
1309,903391
1004,903423
816,903455
588,903487
393,903519
151,903551
380,903583
314,903615
489,903647
1067,903679
1020,903711
1214,903743
1390,903775
1997,903807
1947,903839
1784,903871
1487,903903
1355,903935
1126,903967
858,903999
1067,904031
443,904063
220,904095
315,904127
333,904159
171,904191
683,904223
590,904255
1243,904287
990,904319
1616,904351
1899,904383
1688,904415
2411,904447
2064,904479
1466,904511
1705,904543
984,904575
824,904607
954,904639
302,904671
172,904703
222,904735
0,904767
249,904799
368,904831
667,904863
856,904895
1054,904927
1384,904959
1932,904991
1770,905023
1950,905055
1724,905087
1454,905119
1624,905151
1383,905183
796,905215
878,905247
686,905279
455,905311
141,905343
375,905375
635,905407
431,905439
1017,905471
1288,905503
1112,905535
1338,905567
1936,905599
1860,905631
1788,905663
1551,905695
1693,905727
1147,905759
872,905791
640,905823
503,905855
235,905887
0,905919
267,905951
118,905983
309,906015
904,906047
1191,906079
1020,906111
1593,906143
1837,906175
2123,906207
2255,906239
2176,906271
1943,906303
1264,906335
1128,906367
1240,906399
616,906431
829,906463
493,906495
0,906527
279,906559
90,906591
391,906623
958,906655
792,906687
1095,906719
1611,906751
1514,906783
1710,906815
1914,906847
1742,906879
1854,906911
1231,906943
1082,906975
826,907007
598,907039
747,907071
183,907103
0,907135
318,907167
583,907199
471,907231
1005,907263
1228,907295
1498,907327
1648,907359
1931,907391
2160,907423
1852,907455
1993,907487
1744,907519
1207,907551
926,907583
1052,907615
827,907647
298,907679
26,907711
135,907743
58,907775
250,907807
426,907839
741,907871
967,907903
1158,907935
1833,907967
1656,907999
1886,908031
2223,908063
2059,908095
1406,908127
1484,908159
1294,908191
1119,908223
414,908255
280,908287
377,908319
0,908351
503,908383
635,908415
509,908447
1197,908479
937,908511
1230,908543
1838,908575
1626,908607
1965,908639
2128,908671
1518,908703
1276,908735
1050,908767
885,908799
1022,908831
364,908863
232,908895
0,908927
0,908959
185,908991
415,909023
651,909055
1216,909087
1447,909119
1323,909151
1882,909183
2156,909215
2374,909247
2048,909279
1855,909311
1663,909343
987,909375
1116,909407
923,909439
312,909471
78,909503
201,909535
304,909567
154,909599
368,909631
955,909663
876,909695
1050,909727
1274,909759
1597,909791
1799,909823
1847,909855
2109,909887
1467,909919
1206,909951
1343,909983
1175,910015
553,910047
664,910079
441,910111
247,910143
344,910175
260,910207
847,910239
656,910271
968,910303
1536,910335
1358,910367
2071,910399
2202,910431
1815,910463
1997,910495
1325,910527
1160,910559
936,910591
667,910623
424,910655
568,910687
27,910719
231,910751
42,910783
317,910815
555,910847
743,910879
1037,910911
1240,910943
1464,910975
2095,911007
1967,911039
1802,911071
1920,911103
1725,911135
1143,911167
1216,911199
988,911231
793,911263
494,911295
300,911327
251,911359
102,911391
678,911423
894,911455
825,911487
1002,911519
1583,911551
1820,911583
1737,911615
1902,911647
2043,911679
1528,911711
1257,911743
974,911775
843,911807
615,911839
347,911871
543,911903
0,911935
3,911967
559,911999
845,912031
683,912063
1198,912095
1110,912127
1775,912159
1513,912191
2142,912223
2299,912255
1612,912287
1879,912319
1534,912351
943,912383
1178,912415
473,912447
313,912479
45,912511
0,912543
75,912575
576,912607
455,912639
761,912671
888,912703
1176,912735
1358,912767
1578,912799
1913,912831
1862,912863
1580,912895
1429,912927
1196,912959
936,912991
1088,913023
859,913055
285,913087
362,913119
234,913151
460,913183
620,913215
889,913247
1152,913279
941,913311
1535,913343
1806,913375
1628,913407
1864,913439
2104,913471
1914,913503
1262,913535
1037,913567
1168,913599
634,913631
361,913663
139,913695
0,913727
0,913759
507,913791
795,913823
630,913855
818,913887
1417,913919
1710,913951
1542,913983
2122,914015
2349,914047
2170,914079
1836,914111
1644,914143
1407,914175
752,914207
615,914239
718,914271
104,914303
315,914335
286,914367
170,914399
395,914431
603,914463
891,914495
1484,914527
1306,914559
1612,914591
2140,914623
1917,914655
1644,914687
1387,914719
1223,914751
1328,914783
730,914815
569,914847
315,914879
88,914911
217,914943
77,914975
275,915007
840,915039
1101,915071
985,915103
1519,915135
1758,915167
2029,915199
2186,915231
2216,915263
1967,915295
1326,915327
1464,915359
1227,915391
694,915423
415,915455
538,915487
314,915519
0,915551
31,915583
608,915615
570,915647
762,915679
1421,915711
1254,915743
1479,915775
1677,915807
2363,915839
1820,915871
1579,915903
1695,915935
1519,915967
892,915999
958,916031
776,916063
601,916095
0,916127
0,916159
507,916191
315,916223
1019,916255
1146,916287
1019,916319
1227,916351
1456,916383
1755,916415
2360,916447
1676,916479
1544,916511
1598,916543
1002,916575
762,916607
527,916639
373,916671
508,916703
0,916735
21,916767
214,916799
406,916831
700,916863
926,916895
1127,916927
1742,916959
1514,916991
1852,917023
2272,917055
2079,917087
1838,917119
1518,917151
1335,917183
1144,917215
475,917247
604,917279
412,917311
0,917343
0,917375
560,917407
827,917439
654,917471
878,917503
1470,917535
1387,917567
1566,917599
2311,917631
1880,917663
1607,917695
1322,917727
1579,917759
952,917791
694,917823
827,917855
663,917887
50,917919
205,917951
447,917983
732,918015
860,918047
772,918079
1371,918111
1167,918143
1484,918175
2076,918207
1886,918239
1737,918271
1887,918303
1289,918335
1469,918367
813,918399
653,918431
780,918463
165,918495
0,918527
234,918559
157,918591
759,918623
551,918655
840,918687
1065,918719
1247,918751
1560,918783
1758,918815
1976,918847
2141,918879
1808,918911
1275,918943
1400,918975
1207,919007
633,919039
704,919071
474,919103
269,919135
284,919167
540,919199
768,919231
604,919263
1192,919295
1418,919327
1338,919359
1514,919391
2120,919423
2219,919455
1670,919487
1375,919519
1243,919551
1005,919583
746,919615
473,919647
333,919679
94,919711
0,919743
443,919775
285,919807
508,919839
1071,919871
1366,919903
1195,919935
1727,919967
1626,919999
2313,920031
1790,920063
1644,920095
1767,920127
1096,920159
871,920191
1018,920223
441,920255
655,920287
0,920319
0,920351
446,920383
265,920415
586,920447
1098,920479
965,920511
1273,920543
1404,920575
1703,920607
1896,920639
1728,920671
1599,920703
1338,920735
1064,920767
909,920799
940,920831
427,920863
572,920895
345,920927
0,920959
492,920991
758,921023
984,921055
908,921087
1406,921119
1679,921151
1455,921183
2064,921215
2327,921247
1673,921279
1440,921311
1568,921343
1376,921375
752,921407
525,921439
389,921471
124,921503
0,921535
0,921567
230,921599
424,921631
600,921663
1303,921695
1142,921727
1332,921759
1947,921791
2249,921823
1932,921855
2047,921887
1821,921919
1640,921951
1304,921983
747,922015
891,922047
248,922079
393,922111
199,922143
8,922175
670,922207
810,922239
680,922271
1311,922303
1116,922335
1404,922367
2014,922399
1834,922431
1895,922463
1948,922495
1388,922527
1127,922559
873,922591
711,922623
486,922655
219,922687
59,922719
188,922751
104,922783
701,922815
591,922847
780,922879
1356,922911
1625,922943
1502,922975
2059,923007
2286,923039
2197,923071
1872,923103
1679,923135
1439,923167
813,923199
942,923231
704,923263
526,923295
0,923327
208,923359
183,923391
367,923423
544,923455
1129,923487
1083,923519
1274,923551
1450,923583
1774,923615
1991,923647
1710,923679
1932,923711
1291,923743
1075,923775
1167,923807
1001,923839
379,923871
443,923903
0,923935
383,923967
141,923999
752,924031
1021,924063
826,924095
1547,924127
1674,924159
1533,924191
2249,924223
1848,924255
1677,924287
1818,924319
1150,924351
1019,924383
1082,924415
492,924447
250,924479
107,924511
0,924543
9,924575
206,924607
537,924639
1056,924671
908,924703
1213,924735
1447,924767
1644,924799
2281,924831
2253,924863
1657,924895
1742,924927
1550,924959
1307,924991
1002,925023
813,925055
623,925087
0,925119
155,925151
426,925183
698,925215
490,925247
1068,925279
1000,925311
1166,925343
1400,925375
1997,925407
1915,925439
1726,925471
1488,925503
1352,925535
1085,925567
808,925599
1054,925631
441,925663
180,925695
313,925727
331,925759
180,925791
730,925823
969,925855
1244,925887
1374,925919
1660,925951
1899,925983
1692,926015
1993,926047
2119,926079
1456,926111
1693,926143
1357,926175
776,926207
953,926239
301,926271
138,926303
266,926335
0,926367
154,926399
443,926431
669,926463
1277,926495
1064,926527
1352,926559
1934,926591
1773,926623
1947,926655
1687,926687
1446,926719
1611,926751
1033,926783
763,926815
876,926847
685,926879
123,926911
174,926943
380,926975
637,927007
796,927039
1056,927071
1289,927103
1563,927135
1712,927167
1945,927199
1864,927231
1788,927263
1928,927295
1689,927327
1146,927359
863,927391
991,927423
499,927455
232,927487
0,927519
0,927551
117,927583
310,927615
967,927647
795,927679
1324,927711
1596,927743
1899,927775
1719,927807
2255,927839
2171,927871
1993,927903
1262,927935
1126,927967
1243,927999
584,928031
829,928063
496,928095
0,928127
333,928159
91,928191
391,928223
972,928255
776,928287
1099,928319
1292,928351
1482,928383
1799,928415
1914,928447
1738,928479
1900,928511
1212,928543
1080,928575
825,928607
554,928639
399,928671
173,928703
0,928735
360,928767
583,928799
476,928831
1008,928863
1276,928895
1501,928927
1658,928959
1933,928991
2208,929023
1850,929055
1983,929087
1790,929119
1158,929151
923,929183
1054,929215
863,929247
248,929279
24,929311
134,929343
36,929375
206,929407
442,929439
744,929471
933,929503
1112,929535
1833,929567
1660,929599
2252,929631
2221,929663
2045,929695
1406,929727
1516,929759
1291,929791
1115,929823
791,929855
246,929887
375,929919
0,929951
120,929983
683,930015
510,930047
1195,930079
1323,930111
1194,930143
1849,930175
1640,930207
1932,930239
1800,930271
1516,930303
1367,930335
1421,930367
875,930399
1019,930431
361,930463
201,930495
0,930527
0,930559
189,930591
391,930623
616,930655
1221,930687
1113,930719
1293,930751
1886,930783
2157,930815
2009,930847
2096,930879
1484,930911
1659,930943
1342,930975
1160,931007
922,931039
304,931071
424,931103
190,931135
314,931167
152,931199
729,931231
954,931263
878,931295
1055,931327
1648,931359
1607,931391
1802,931423
1836,931455
1694,931487
1464,931519
1583,931551
1403,931583
779,931615
562,931647
653,931679
477,931711
0,931743
349,931775
255,931807
909,931839
656,931871
1264,931903
1547,931935
1341,931967
2075,931999
2204,932031
1807,932063
2057,932095
1323,932127
1160,932159
890,932191
638,932223
507,932255
558,932287
0,932319
0,932351
46,932383
330,932415
512,932447
719,932479
1047,932511
1243,932543
1420,932575
1739,932607
1980,932639
1802,932671
1961,932703
1723,932735
1132,932767
1216,932799
585,932831
793,932863
478,932895
297,932927
297,932959
104,932991
680,933023
942,933055
1214,933087
1574,933119
1594,933151
1868,933183
1690,933215
1900,933247
2041,933279
1483,933311
1199,933343
972,933375
840,933407
572,933439
727,933471
539,933503
0,933535
0,933567
560,933599
855,933631
683,933663
1245,933695
1494,933727
1773,933759
1903,933791
2192,933823
2287,933855
1609,933887
1465,933919
1582,933951
942,933983
1175,934015
843,934047
265,934079
42,934111
0,934143
55,934175
632,934207
459,934239
760,934271
1264,934303
1178,934335
1803,934367
1581,934399
1879,934431
1859,934463
1578,934495
1419,934527
1163,934559
936,934591
1085,934623
521,934655
253,934687
352,934719
0,934751
135,934783
667,934815
893,934847
1163,934879
1308,934911
1583,934943
1817,934975
2093,935007
2239,935039
2094,935071
1546,935103
1260,935135
1391,935167
1164,935199
632,935231
352,935263
476,935295
0,935327
0,935359
569,935391
411,935423
631,935455
824,935487
1481,935519
1308,935551
1543,935583
2127,935615
2406,935647
1753,935679
1822,935711
1643,935743
1465,935775
748,935807
615,935839
717,935871
72,935903
315,935935
296,935967
175,935999
379,936031
605,936063
902,936095
1488,936127
1290,936159
1623,936191
2152,936223
1869,936255
1719,936287
1385,936319
1214,936351
950,936383
700,936415
569,936447
312,936479
44,936511
0,936543
87,936575
280,936607
876,936639
664,936671
986,936703
1528,936735
1802,936767
2038,936799
2190,936831
2206,936863
2013,936895
1323,936927
1454,936959
1262,936991
648,937023
416,937055
539,937087
349,937119
0,937151
45,937183
619,937215
547,937247
716,937279
1431,937311
1255,937343
1448,937375
1627,937407
2366,937439
1814,937471
1541,937503
1691,937535
1515,937567
890,937599
992,937631
777,937663
590,937695
269,937727
0,937759
511,937791
317,937823
634,937855
1200,937887
1022,937919
1229,937951
1851,937983
1718,938015
2349,938047
1672,938079
1498,938111
1644,938143
1003,938175
855,938207
904,938239
365,938271
507,938303
0,938335
0,938367
222,938399
409,938431
712,938463
893,938495
1128,938527
1753,938559
1888,938591
1819,938623
2270,938655
2073,938687
1479,938719
1564,938751
1324,938783
1141,938815
826,938847
638,938879
400,938911
0,938943
334,938975
558,939007
828,939039
656,939071
1243,939103
1472,939135
1390,939167
1576,939199
1899,939231
1877,939263
1598,939295
1320,939327
1179,939359
949,939391
680,939423
889,939455
267,939487
30,939519
207,939551
505,939583
349,939615
875,939647
776,939679
1421,939711
1168,939743
1494,939775
2077,939807
1865,939839
1728,939871
1884,939903
1288,939935
1517,939967
811,939999
648,940031
780,940063
134,940095
8,940127
238,940159
125,940191
423,940223
554,940255
840,940287
1023,940319
1231,940351
1562,940383
1766,940415
1928,940447
1771,940479
1804,940511
1272,940543
1424,940575
1197,940607
621,940639
700,940671
506,940703
269,940735
282,940767
544,940799
815,940831
612,940863
1195,940895
1466,940927
1744,940959
1514,940991
2123,941023
2264,941055
1608,941087
1374,941119
1237,941151
969,941183
688,941215
463,941247
327,941279
58,941311
0,941343
445,941375
284,941407
476,941439
1081,941471
1367,941503
1204,941535
1774,941567
2014,941599
2311,941631
2175,941663
1606,941695
1757,941727
1096,941759
1243,941791
1066,941823
430,941855
653,941887
328,941919
0,941951
459,941983
266,942015
555,942047
1148,942079
970,942111
1273,942143
1790,942175
1704,942207
2332,942239
1737,942271
1559,942303
1334,942335
1064,942367
919,942399
976,942431
424,942463
557,942495
6,942527
0,942559
494,942591
763,942623
649,942655
1182,942687
1408,942719
1686,942751
1834,942783
2111,942815
2319,942847
2125,942879
1804,942911
1568,942943
1033,942975
749,943007
878,943039
378,943071
122,943103
0,943135
271,943167
244,943199
424,943231
602,943263
923,943295
1143,943327
1338,943359
2012,943391
1835,943423
1930,943455
2043,943487
1869,943519
1239,943551
1304,943583
750,943615
941,943647
238,943679
384,943711
189,943743
0,943775
683,943807
814,943839
685,943871
1371,943903
1115,943935
1414,943967
2025,943999
1808,944031
1885,944063
1947,944095
1340,944127
1193,944159
863,944191
701,944223
438,944255
187,944287
55,944319
202,944351
64,944383
365,944415
599,944447
792,944479
1401,944511
1627,944543
1501,944575
2048,944607
2334,944639
2188,944671
1869,944703
1677,944735
1483,944767
811,944799
940,944831
746,944863
136,944895
0,944927
218,944959
142,944991
326,945023
553,945055
1130,945087
1049,945119
1419,945151
1456,945183
1783,945215
1945,945247
1660,945279
1931,945311
1287,945343
1020,945375
1165,945407
999,945439
380,945471
477,945503
255,945535
391,945567
512,945599
798,945631
1023,945663
831,945695
1147,945727
1723,945759
1534,945791
2251,945823
2238,945855
1637,945887
1817,945919
1148,945951
983,945983
1118,946015
492,946047
343,946079
382,946111
0,946143
21,946175
218,946207
503,946239
1056,946271
911,946303
1214,946335
1416,946367
1644,946399
2283,946431
1897,946463
1623,946495
1740,946527
1547,946559
958,946591
1038,946623
814,946655
619,946687
314,946719
200,946751
428,946783
272,946815
859,946847
1071,946879
1000,946911
1177,946943
1769,946975
2000,947007
1916,947039
1722,947071
1864,947103
1349,947135
1080,947167
807,947199
664,947231
437,947263
174,947295
365,947327
0,947359
183,947391
734,947423
1023,947455
859,947487
1384,947519
1661,947551
1961,947583
1691,947615
1991,947647
2109,947679
1432,947711
1705,947743
1354,947775
775,947807
1001,947839
297,947871
136,947903
254,947935
0,947967
248,947999
760,948031
632,948063
840,948095
1065,948127
1355,948159
1981,948191
1755,948223
1945,948255
1677,948287
1402,948319
1245,948351
1019,948383
760,948415
908,948447
681,948479
116,948511
172,948543
416,948575
648,948607
797,948639
1065,948671
1328,948703
1119,948735
1721,948767
1995,948799
1816,948831
1786,948863
1920,948895
1727,948927
1092,948959
860,948991
987,949023
457,949055
198,949087
0,949119
0,949151
100,949183
266,949215
967,949247
806,949279
988,949311
1607,949343
1902,949375
1720,949407
2313,949439
2171,949471
1991,949503
1646,949535
1084,949567
1231,949599
575,949631
440,949663
542,949695
0,949727
334,949759
471,949791
347,949823
973,949855
779,949887
1069,949919
1301,949951
1484,949983
1704,950015
2288,950047
1734,950079
1888,950111
1210,950143
1038,950175
823,950207
554,950239
392,950271
139,950303
0,950335
361,950367
255,950399
444,950431
1008,950463
1279,950495
1163,950527
1708,950559
1945,950591
2216,950623
2222,950655
2027,950687
1789,950719
1151,950751
1280,950783
1040,950815
524,950847
240,950879
363,950911
123,950943
39,950975
208,951007
783,951039
747,951071
936,951103
1114,951135
1435,951167
1661,951199
1864,951231
2284,951263
1629,951295
1403,951327
1513,951359
1339,951391
715,951423
780,951455
238,951487
425,951519
0,951551
416,951583
687,951615
491,951647
1195,951679
1324,951711
1197,951743
1901,951775
1640,951807
1934,951839
1750,951871
1488,951903
1356,951935
1418,951967
827,951999
681,952031
352,952063
186,952095
0,952127
0,952159
199,952191
393,952223
574,952255
877,952287
1102,952319
1294,952351
1930,952383
2157,952415
2007,952447
2091,952479
1900,952511
1659,952543
1341,952575
1163,952607
960,952639
302,952671
428,952703
234,952735
0,952767
156,952799
732,952831
1002,952863
830,952895
1052,952927
1656,952959
1572,952991
1752,953023
1836,953055
1692,953087
1418,953119
1581,953151
1389,953183
776,953215
519,953247
651,953279
477,953311
0,953343
394,953375
633,953407
910,953439
1038,953471
1312,953503
1549,953535
1352,953567
1661,953599
2253,953631
1804,953663
2055,953695
1705,953727
1114,953759
889,953791
636,953823
473,953855
602,953887
0,953919
0,953951
414,953983
328,954015
512,954047
728,954079
1015,954111
1584,954143
1432,954175
1740,954207
1943,954239
1788,954271
1951,954303
1367,954335
1099,954367
1213,954399
1021,954431
446,954463
528,954495
296,954527
297,954559
456,954591
720,954623
952,954655
780,954687
1369,954719
1595,954751
1514,954783
1693,954815
2267,954847
2029,954879
1480,954911
1199,954943
1327,954975
830,955007
570,955039
775,955071
155,955103
0,955135
0,955167
620,955199
461,955231
698,955263
1257,955295
1547,955327
1375,955359
1914,955391
2201,955423
2335,955455
1608,955487
1460,955519
1581,955551
920,955583
1164,955615
844,955647
266,955679
22,955711
0,955743
54,955775
634,955807
437,955839
763,955871
1272,955903
1144,955935
1354,955967
1582,955999
1880,956031
2248,956063
1552,956095
1418,956127
1158,956159
888,956191
733,956223
507,956255
260,956287
392,956319
0,956351
140,956383
672,956415
938,956447
1163,956479
1311,956511
1591,956543
1867,956575
1639,956607
2250,956639
2140,956671
1488,956703
1261,956735
1388,956767
1207,956799
584,956831
350,956863
475,956895
0,956927
0,956959
569,956991
409,957023
601,957055
777,957087
1483,957119
1319,957151
1582,957183
2135,957215
2397,957247
1753,957279
1856,957311
1640,957343
1453,957375
1119,957407
573,957439
717,957471
64,957503
0,957535
345,957567
176,957599
378,957631
985,957663
856,957695
1495,957727
1294,957759
1592,957791
1828,957823
1866,957855
1613,957887
1760,957919
1209,957951
1367,957983
696,958015
535,958047
311,958079
43,958111
0,958143
55,958175
272,958207
877,958239
1020,958271
955,958303
1532,958335
1803,958367
1685,958399
2237,958431
2204,958463
2007,958495
1688,958527
1498,958559
1261,958591
636,958623
766,958655
525,958687
8,958719
0,958751
393,958783
618,958815
550,958847
719,958879
1035,958911
1259,958943
1450,958975
1639,959007
1963,959039
1813,959071
1532,959103
1751,959135
1115,959167
888,959199
990,959231
823,959263
203,959295
264,959327
0,959359
569,959391
320,959423
635,959455
1209,959487
1002,959519
1232,959551
1853,959583
1720,959615
2399,959647
1662,959679
1497,959711
1632,959743
974,959775
842,959807
904,959839
317,959871
169,959903
0,959935
0,959967
187,959999
384,960031
711,960063
905,960095
1085,960127
1389,960159
1897,960191
1830,960223
2304,960255
2073,960287
1470,960319
1564,960351
1368,960383
1132,960415
827,960447
637,960479
444,960511
0,960543
336,960575
604,960607
450,960639
668,960671
1246,960703
1527,960735
1352,960767
1578,960799
1900,960831
1832,960863
1548,960895
1318,960927
1173,960959
904,960991
644,961023
875,961055
267,961087
3,961119
221,961151
507,961183
362,961215
920,961247
1147,961279
1430,961311
1564,961343
1462,961375
2079,961407
1883,961439
2120,961471
1929,961503
1276,961535
1513,961567
1180,961599
601,961631
767,961663
124,961695
0,961727
284,961759
127,961791
423,961823
936,961855
842,961887
1036,961919
1242,961951
1531,961983
1768,962015
1920,962047
1769,962079
1849,962111
1274,962143
1430,962175
855,962207
599,962239
698,962271
503,962303
0,962335
331,962367
556,962399
813,962431
974,962463
1244,962495
1467,962527
1292,962559
1896,962591
2126,962623
2254,962655
1607,962687
1740,962719
1229,962751
967,962783
685,962815
814,962847
325,962879
59,962911
0,962943
63,962975
297,963007
486,963039
1145,963071
973,963103
1205,963135
1776,963167
2087,963199
1899,963231
2176,963263
1596,963295
1815,963327
1084,963359
1242,963391
1053,963423
400,963455
651,963487
328,963519
0,963551
523,963583
270,963615
566,963647
1150,963679
944,963711
1275,963743
1792,963775
1669,963807
1881,963839
1821,963871
1548,963903
1286,963935
1035,963967
910,963999
976,964031
378,964063
221,964095
2,964127
0,964159
538,964191
765,964223
649,964255
1184,964287
1456,964319
1691,964351
1839,964383
2121,964415
2363,964447
1663,964479
1802,964511
1611,964543
1420,964575
746,964607
877,964639
345,964671
72,964703
0,964735
279,964767
203,964799
392,964831
614,964863
920,964895
1109,964927
1288,964959
2023,964991
1846,965023
1884,965055
2032,965087
1867,965119
1226,965151
1338,965183
1115,965215
939,965247
616,965279
426,965311
187,965343
1,965375
296,965407
862,965439
686,965471
1372,965503
1503,965535
1370,965567
2025,965599
1819,965631
1848,965663
1993,965695
1339,965727
1102,965759
921,965791
697,965823
845,965855
187,965887
23,965919
202,965951
74,965983
375,966015
567,966047
792,966079
1402,966111
1287,966143
1479,966175
2062,966207
2343,966239
1829,966271
1912,966303
1675,966335
1479,966367
1165,966399
974,966431
747,966463
559,966495
249,966527
219,966559
156,966591
331,966623
906,966655
1134,966687
1061,966719
1231,966751
1834,966783
1785,966815
1944,966847
1658,966879
1515,966911
1277,966943
1016,966975
1225,967007
599,967039
669,967071
473,967103
299,967135
20,967167
526,967199
807,967231
1085,967263
838,967295
1149,967327
1727,967359
1519,967391
2253,967423
2234,967455
1629,967487
1869,967519
1145,967551
981,967583
1117,967615
459,967647
343,967679
74,967711
0,967743
89,967775
218,967807
505,967839
1104,967871
895,967903
1223,967935
1417,967967
1609,967999
1917,968031
1883,968063
1614,968095
1774,968127
1545,968159
956,968191
1038,968223
846,968255
614,968287
304,968319
203,968351
477,968383
280,968415
857,968447
1119,968479
962,968511
1178,968543
1774,968575
2048,968607
1870,968639
1720,968671
1852,968703
1307,968735
1023,968767
798,968799
663,968831
395,968863
120,968895
363,968927
0,968959
512,968991
743,969023
1024,969055
858,969087
1431,969119
1671,969151
1963,969183
1864,969215
1948,969247
2109,969279
1432,969311
1287,969343
1402,969375
768,969407
999,969439
668,969471
91,969503
251,969535
0,969567
222,969599
452,969631
637,969663
935,969695
1451,969727
1356,969759
1981,969791
1759,969823
1908,969855
1675,969887
1392,969919
1240,969951
983,969983
760,970015
907,970047
345,970079
76,970111
171,970143
425,970175
314,970207
845,970239
715,970271
1339,970303
1486,970335
1768,970367
1997,970399
1822,970431
2156,970463
1916,970495
1726,970527
1085,970559
1212,970591
987,970623
456,970655
186,970687
299,970719
0,970751
90,970783
270,970815
583,970847
808,970879
1376,970911
1663,970943
1492,970975
1724,971007
2315,971039
2219,971071
1576,971103
1645,971135
1082,971167
1279,971199
574,971231
728,971263
539,971295
0,971327
333,971359
475,971391
357,971423
1033,971455
782,971487
1077,971519
1258,971551
1466,971583
1803,971615
2296,971647
1688,971679
1529,971711
1209,971743
1037,971775
775,971807
512,971839
392,971871
136,971903
0,971935
28,971967
253,971999
456,972031
1054,972063
1289,972095
1163,972127
1712,972159
1516,972191
2221,972223
2218,972255
2016,972287
1833,972319
1136,972351
1278,972383
1086,972415
896,972447
237,972479
352,972511
157,972543
3,972575
220,972607
796,972639
716,972671
893,972703
1118,972735
1432,972767
1626,972799
2265,972831
2280,972863
1630,972895
1363,972927
1503,972959
1335,972991
714,973023
814,973055
599,973087
423,973119
174,973151
460,973183
687,973215
491,973247
809,973279
1376,973311
1198,973343
1909,973375
2029,973407
1899,973439
1743,973471
1487,973503
1323,973535
1456,973567
826,973599
670,973631
718,973663
188,973695
329,973727
0,973759
169,973791
396,973823
586,973855
877,973887
1079,973919
1304,973951
1931,973983
1815,974015
1963,974047
2090,974079
1423,974111
1303,974143
1375,974175
1162,974207
955,974239
651,974271
457,974303
224,974335
363,974367
524,974399
734,974431
664,974463
832,974495
1420,974527
1659,974559
1576,974591
1756,974623
2206,974655
1690,974687
1416,974719
1629,974751
999,974783
774,974815
508,974847
713,974879
91,974911
0,974943
398,974975
687,975007
524,975039
1038,975071
1323,975103
1611,975135
1344,975167
1670,975199
2267,975231
1775,975263
2043,975295
1696,975327
1113,975359
859,975391
633,975423
473,975455
602,975487
0,975519
0,975551
416,975583
296,975615
605,975647
730,975679
1016,975711
1208,975743
1417,975775
1740,975807
1948,975839
1740,975871
1593,975903
1355,975935
1093,975967
1246,975999
574,976031
443,976063
526,976095
328,976127
300,976159
457,976191
728,976223
991,976255
792,976287
1374,976319
1645,976351
1468,976383
1696,976415
2266,976447
2076,976479
1421,976511
1195,976543
1325,976575
794,976607
518,976639
763,976671
151,976703
0,976735
0,976767
632,976799
469,976831
663,976863
1257,976895
1547,976927
1383,976959
1961,976991
2205,977023
2332,977055
1992,977087
1418,977119
1577,977151
911,977183
776,977215
879,977247
264,977279
20,977311
137,977343
21,977375
637,977407
443,977439
740,977471
1324,977503
1146,977535
1451,977567
1980,977599
1884,977631
2237,977663
1550,977695
1383,977727
1158,977759
876,977791
729,977823
472,977855
247,977887
383,977919
168,977951
108,977983
672,978015
941,978047
827,978079
1360,978111
1594,978143
1867,978175
2016,978207
2299,978239
2139,978271
1483,978303
1626,978335
1387,978367
1196,978399
573,978431
700,978463
474,978495
0,978527
0,978559
187,978591
410,978623
602,978655
780,978687
1099,978719
1320,978751
1512,978783
2203,978815
1979,978847
1749,978879
1856,978911
1687,978943
1054,978975
1118,979007
570,979039
764,979071
61,979103
0,979135
347,979167
154,979199
395,979231
985,979263
860,979295
1551,979327
1292,979359
1592,979391
2206,979423
1836,979455
1704,979487
1760,979519
1164,979551
1015,979583
696,979615
524,979647
264,979679
17,979711
0,979743
65,979775
240,979807
541,979839
1023,979871
957,979903
1580,979935
1817,979967
1688,979999
2240,980031
2248,980063
1998,980095
1690,980127
1487,980159
1296,980191
635,980223
762,980255
572,980287
380,980319
0,980351
394,980383
666,980415
502,980447
717,980479
1037,980511
1227,980543
1404,980575
1640,980607
1961,980639
1766,980671
1480,980703
1739,980735
1112,980767
850,980799
987,980831
823,980863
200,980895
298,980927
285,980959
571,980991
699,981023
613,981055
1211,981087
1006,981119
1624,981151
1904,981183
1724,981215
1896,981247
2048,981279
1447,981311
1631,981343
971,981375
808,981407
940,981439
314,981471
155,981503
202,981535
5,981567
589,981599
392,981631
679,981663
907,981695
1088,981727
1399,981759
1946,981791
1832,981823
2299,981855
1705,981887
1436,981919
1552,981951
1359,981983
791,982015
863,982047
632,982079
437,982111
125,982143
384,982175
608,982207
877,982239
1022,982271
1248,982303
1176,982335
1353,982367
1950,982399
1912,982431
1828,982463
1545,982495
1688,982527
1165,982559
905,982591
623,982623
477,982655
253,982687
1,982719
284,982751
126,982783
357,982815
912,982847
1199,982879
1034,982911
1563,982943
1466,982975
2141,983007
1881,983039
2110,983071
1931,983103
1257,983135
1510,983167
1179,983199
599,983231
815,983263
124,983295
0,983327
284,983359
104,983391
427,983423
936,983455
809,983487
1113,983519
1247,983551
1530,983583
1726,983615
1902,983647
1767,983679
1840,983711
1212,983743
1069,983775
843,983807
588,983839
734,983871
495,983903
0,983935
334,983967
602,983999
823,984031
973,984063
1246,984095
1516,984127
1296,984159
1899,984191
2173,984223
1836,984255
1600,984287
1728,984319
1192,984351
909,984383
684,984415
812,984447
292,984479
18,984511
0,984543
73,984575
264,984607
442,984639
1143,984671
982,984703
1174,984735
1787,984767
2087,984799
1909,984831
2208,984863
1983,984895
1804,984927
1464,984959
1278,984991
1053,985023
397,985055
265,985087
364,985119
0,985151
509,985183
649,985215
521,985247
1151,985279
954,985311
1243,985343
1852,985375
1674,985407
1980,985439
2111,985471
1545,985503
1276,985535
1024,985567
871,985599
971,985631
378,985663
220,985695
0,985727
0,985759
539,985791
430,985823
631,985855
1194,985887
1455,985919
1335,985951
1888,985983
2122,986015
2358,986047
2031,986079
1839,986111
1599,986143
970,986175
1100,986207
872,986239
345,986271
64,986303
174,986335
283,986367
206,986399
383,986431
968,986463
923,986495
1118,986527
1290,986559
1611,986591
1847,986623
1882,986655
2095,986687
1451,986719
1224,986751
1325,986783
1161,986815
541,986847
607,986879
425,986911
230,986943
3,986975
298,987007
863,987039
668,987071
1372,987103
1504,987135
1371,987167
2079,987199
1821,987231
1847,987263
1983,987295
1309,987327
1180,987359
1232,987391
661,987423
410,987455
174,987487
18,987519
248,987551
56,987583
375,987615
578,987647
750,987679
1053,987711
1288,987743
1481,987775
2110,987807
2347,987839
1820,987871
1912,987903
1711,987935
1469,987967
1164,987999
970,988031
781,988063
127,988095
240,988127
266,988159
110,988191
334,988223
910,988255
1184,988287
1004,988319
1232,988351
1838,988383
1755,988415
1892,988447
1648,988479
1511,988511
1240,988543
966,988575
1211,988607
600,988639
340,988671
472,988703
295,988735
20,988767
575,988799
809,988831
1096,988863
1213,988895
1118,988927
1728,988959
1519,988991
1848,989023
2280,989055
1624,989087
1864,989119
1520,989151
936,989183
1113,989215
459,989247
297,989279
73,989311
0,989343
6,989375
590,989407
508,989439
1113,989471
896,989503
1191,989535
1422,989567
1611,989599
1927,989631
1848,989663
1610,989695
1771,989727
1181,989759
920,989791
1024,989823
845,989855
279,989887
348,989919
214,989951
475,989983
632,990015
905,990047
1129,990079
956,990111
1548,990143
1784,990175
1701,990207
1880,990239
2080,990271
1854,990303
1305,990335
1019,990367
1150,990399
661,990431
394,990463
121,990495
0,990527
0,990559
154,990591
799,990623
648,990655
869,990687
1434,990719
1725,990751
1557,990783
2095,990815
1944,990847
2157,990879
1423,990911
1580,990943
1401,990975
744,991007
988,991039
655,991071
89,991103
299,991135
0,991167
231,991199
412,991231
618,991263
939,991295
1454,991327
1320,991359
1631,991391
1768,991423
1900,991455
1626,991487
1372,991519
1240,991551
983,991583
712,991615
555,991647
330,991679
72,991711
199,991743
429,991775
313,991807
854,991839
1116,991871
1339,991903
1488,991935
1770,991967
2047,991999
1822,992031
2152,992063
1962,992095
1308,992127
1082,992159
1200,992191
1022,992223
399,992255
174,992287
296,992319
0,992351
48,992383
279,992415
585,992447
775,992479
1389,992511
1670,992543
1496,992575
1689,992607
2316,992639
2216,992671
1565,992703
1676,992735
1451,992767
1275,992799
942,992831
766,992863
537,992895
0,992927
0,992959
512,992991
360,993023
1035,993055
1164,993087
1036,993119
1262,993151
1470,993183
1771,993215
2336,993247
2079,993279
1527,993311
1582,993343
1034,993375
766,993407
512,993439
359,993471
458,993503
0,993535
28,993567
232,993599
456,993631
1063,993663
941,993695
1131,993727
1712,993759
1993,993791
1867,993823
2256,993855
2016,993887
1822,993919
1512,993951
1320,993983
1083,994015
461,994047
588,994079
351,994111
0,994143
5,994175
572,994207
797,994239
718,994271
894,994303
1484,994335
1439,994367
1638,994399
2327,994431
1865,994463
1625,994495
1356,994527
1565,994559
939,994591
712,994623
815,994655
639,994687
29,994719
184,994751
471,994783
748,994815
493,994847
812,994879
1385,994911
1182,994943
1912,994975
2042,995007
1899,995039
1722,995071
1482,995103
1320,995135
1452,995167
796,995199
668,995231
716,995263
141,995295
0,995327
0,995359
180,995391
766,995423
560,995455
887,995487
1080,995519
1270,995551
1577,995583
1815,995615
1962,995647
2124,995679
1422,995711
1293,995743
1376,995775
1180,995807
953,995839
649,995871
457,995903
256,995935
0,995967
512,995999
782,996031
618,996063
844,996095
1424,996127
1709,996159
1528,996191
1759,996223
2204,996255
1646,996287
1359,996319
1627,996351
998,996383
728,996415
458,996447
699,996479
88,996511
0,996543
396,996575
683,996607
532,996639
1086,996671
1323,996703
1611,996735
1741,996767
1640,996799
2271,996831
1773,996863
1626,996895
1757,996927
1102,996959
857,996991
1001,997023
424,997055
591,997087
0,997119
0,997151
462,997183
301,997215
506,997247
1112,997279
1020,997311
1639,997343
1418,997375
1710,997407
1958,997439
1742,997471
1591,997503
1323,997535
1094,997567
1245,997599
926,997631
411,997663
522,997695
317,997727
0,997759
507,997791
732,997823
1003,997855
1148,997887
1420,997919
1647,997951
1472,997983
2078,998015
2266,998047
1708,998079
1422,998111
1562,998143
1324,998175
793,998207
510,998239
367,998271
147,998303
0,998335
0,998367
251,998399
473,998431
664,998463
1321,998495
1148,998527
1383,998559
1964,998591
2265,998623
1917,998655
1983,998687
1419,998719
1627,998751
909,998783
773,998815
877,998847
232,998879
10,998911
136,998943
24,998975
695,999007
444,999039
743,999071
1326,999103
1130,999135
1452,999167
1984,999199
1847,999231
1871,999263
1546,999295
1373,999327
1103,999359
858,999391
727,999423
472,999455
201,999487
41,999519
169,999551
121,999583
720,999615
941,999647
827,999679
1370,999711
1644,999743
1877,999775
2016,999807
2303,999839
2173,999871
1481,999903
1616,999935
1422,999967
806,999999
571,1000031
699,1000063
504,1000095
0,1000127
0,1000159
187,1000191
381,1000223
558,1000255
781,1000287
1097,1000319
1287,1000351
1466,1000383
2204,1000415
1975,1000447
1704,1000479
1853,1000511
1679,1000543
1049,1000575
1152,1000607
937,1000639
763,1000671
430,1000703
0,1000735
351,1000767
158,1000799
766,1000831
1038,1000863
863,1000895
1559,1000927
1688,1000959
1557,1000991
2207,1001023
1835,1001055
1671,1001087
1805,1001119
1164,1001151
1004,1001183
1064,1001215
524,1001247
264,1001279
8,1001311
0,1001343
67,1001375
251,1001407
541,1001439
1071,1001471
968,1001503
1581,1001535
1469,1001567
1657,1001599
2251,1001631
2237,1001663
1643,1001695
1726,1001727
1498,1001759
1292,1001791
986,1001823
800,1001855
567,1001887
0,1001919
172,1001951
406,1001983
666,1002015
507,1002047
1083,1002079
1047,1002111
1238,1002143
1408,1002175
2013,1002207
1975,1002239
1756,1002271
1480,1002303
1339,1002335
1110,1002367
843,1002399
1040,1002431
425,1002463
201,1002495
296,1002527
345,1002559
187,1002591
702,1002623
617,1002655
1260,1002687
1008,1002719
1628,1002751
1914,1002783
1704,1002815
2392,1002847
2046,1002879
1447,1002911
1679,1002943
960,1002975
806,1003007
938,1003039
294,1003071
155,1003103
202,1003135
0,1003167
172,1003199
488,1003231
682,1003263
871,1003295
1069,1003327
1402,1003359
1948,1003391
1788,1003423
1933,1003455
1703,1003487
1434,1003519
1596,1003551
1357,1003583
780,1003615
862,1003647
670,1003679
428,1003711
120,1003743
392,1003775
655,1003807
448,1003839
1036,1003871
1304,1003903
1582,1003935
1356,1003967
1961,1003999
1872,1004031
1772,1004063
1534,1004095
1674,1004127
1129,1004159
847,1004191
624,1004223
487,1004255
219,1004287
0,1004319
283,1004351
136,1004383
327,1004415
920,1004447
1207,1004479
1045,1004511
1612,1004543
1853,1004575
2151,1004607
2270,1004639
2156,1004671
1917,1004703
1245,1004735
1110,1004767
1216,1004799
591,1004831
821,1004863
487,1004895
0,1004927
299,1004959
108,1004991
407,1005023
988,1005055
811,1005087
1018,1005119
1306,1005151
1542,1005183
2169,1005215
1899,1005247
1724,1005279
1416,1005311
1212,1005343
1068,1005375
810,1005407
582,1005439
719,1005471
169,1005503
0,1005535
346,1005567
603,1005599
489,1005631
1021,1005663
1248,1005695
1515,1005727
1672,1005759
1947,1005791
2175,1005823
2295,1005855
1968,1005887
1728,1005919
1192,1005951
908,1005983
1036,1006015
810,1006047
282,1006079
9,1006111
110,1006143
76,1006175
270,1006207
446,1006239
763,1006271
981,1006303
1176,1006335
1851,1006367
1675,1006399
2222,1006431
2207,1006463
2043,1006495
1388,1006527
1456,1006559
1274,1006591
1101,1006623
397,1006655
262,1006687
362,1006719
0,1006751
512,1006783
652,1006815
527,1006847
1209,1006879
955,1006911
1256,1006943
1865,1006975
1645,1007007
1981,1007039
1784,1007071
1499,1007103
1353,1007135
1030,1007167
860,1007199
1008,1007231
346,1007263
217,1007295
0,1007327
0,1007359
201,1007391
439,1007423
632,1007455
1240,1007487
1469,1007519
1340,1007551
1898,1007583
2172,1007615
2349,1007647
2029,1007679
1838,1007711
1645,1007743
969,1007775
1101,1007807
910,1007839
294,1007871
61,1007903
171,1007935
329,1007967
166,1007999
395,1008031
970,1008063
891,1008095
1067,1008127
1296,1008159
1613,1008191
1813,1008223
1822,1008255
2093,1008287
1449,1008319
1568,1008351
1327,1008383
1159,1008415
538,1008447
638,1008479
423,1008511
219,1008543
365,1008575
275,1008607
864,1008639
671,1008671
986,1008703
1561,1008735
1384,1008767
2088,1008799
2220,1008831
1799,1008863
1979,1008895
1309,1008927
1145,1008959
920,1008991
652,1009023
491,1009055
552,1009087
16,1009119
251,1009151
55,1009183
346,1009215
581,1009247
761,1009279
1054,1009311
1259,1009343
1482,1009375
2119,1009407
1991,1009439
1784,1009471
1902,1009503
1709,1009535
1127,1009567
1200,1009599
615,1009631
779,1009663
473,1009695
283,1009727
269,1009759
120,1009791
688,1009823
912,1009855
1184,1009887
1018,1009919
1600,1009951
1839,1009983
1756,1010015
1884,1010047
2026,1010079
1510,1010111
1240,1010143
957,1010175
823,1010207
597,1010239
704,1010271
528,1010303
0,1010335
22,1010367
583,1010399
863,1010431
699,1010463
1216,1010495
1125,1010527
1791,1010559
1532,1010591
2158,1010623
2272,1010655
1596,1010687
1863,1010719
1516,1010751
935,1010783
1167,1010815
456,1010847
297,1010879
27,1010911
0,1010943
91,1010975
604,1011007
481,1011039
776,1011071
906,1011103
1194,1011135
1384,1011167
1596,1011199
1927,1011231
1846,1011263
1564,1011295
1405,1011327
1179,1011359
921,1011391
1068,1011423
841,1011455
279,1011487
346,1011519
0,1011551
477,1011583
637,1011615
907,1011647
1179,1011679
959,1011711
1552,1011743
1824,1011775
2109,1011807
1881,1011839
2080,1011871
1887,1011903
1253,1011935
1016,1011967
1149,1011999
619,1012031
344,1012063
111,1012095
0,1012127
0,1012159
527,1012191
807,1012223
650,1012255
839,1012287
1439,1012319
1735,1012351
1561,1012383
2142,1012415
2335,1012447
2152,1012479
1805,1012511
1630,1012543
1391,1012575
734,1012607
601,1012639
702,1012671
78,1012703
296,1012735
304,1012767
194,1012799
415,1012831
619,1012863
907,1012895
1500,1012927
1324,1012959
1639,1012991
2160,1013023
1897,1013055
2055,1013087
1370,1013119
1204,1013151
973,1013183
704,1013215
554,1013247
298,1013279
74,1013311
189,1013343
93,1013375
286,1013407
856,1013439
679,1013471
999,1013503
1536,1013535
1776,1013567
2046,1013599
2204,1013631
2191,1013663
1961,1013695
1759,1013727
1448,1013759
1210,1013791
678,1013823
399,1013855
512,1013887
288,1013919
0,1013951
58,1013983
624,1014015
596,1014047
779,1014079
1439,1014111
1275,1014143
1496,1014175
1702,1014207
2381,1014239
1800,1014271
1563,1014303
1675,1014335
1501,1014367
876,1014399
942,1014431
761,1014463
584,1014495
0,1014527
0,1014559
527,1014591
333,1014623
1035,1014655
1166,1014687
1037,1014719
1247,1014751
1480,1014783
1773,1014815
2334,1014847
1657,1014879
1517,1014911
1580,1014943
985,1014975
841,1015007
508,1015039
346,1015071
79,1015103
0,1015135
39,1015167
233,1015199
422,1015231
717,1015263
951,1015295
1142,1015327
1769,1015359
1531,1015391
1869,1015423
2254,1015455
2062,1015487
1819,1015519
1501,1015551
1312,1015583
1119,1015615
460,1015647
576,1015679
384,1015711
0,1015743
5,1015775
573,1015807
842,1015839
679,1015871
896,1015903
1486,1015935
1405,1015967
1592,1015999
2328,1016031
1862,1016063
1580,1016095
1296,1016127
1563,1016159
936,1016191
667,1016223
811,1016255
635,1016287
25,1016319
232,1016351
471,1016383
747,1016415
878,1016447
789,1016479
1387,1016511
1183,1016543
1509,1016575
2093,1016607
1904,1016639
1711,1016671
1868,1016703
1270,1016735
1449,1016767
793,1016799
632,1016831
758,1016863
139,1016895
0,1016927
250,1016959
174,1016991
775,1017023
560,1017055
857,1017087
1091,1017119
1263,1017151
1577,1017183
1783,1017215
1960,1017247
2121,1017279
1788,1017311
1131,1017343
1372,1017375
1181,1017407
605,1017439
686,1017471
458,1017503
249,1017535
298,1017567
558,1017599
792,1017631
623,1017663
1208,1017695
1433,1017727
1710,1017759
1530,1017791
2136,1017823
2192,1017855
1642,1017887
1359,1017919
1223,1017951
986,1017983
728,1018015
448,1018047
315,1018079
87,1018111
0,1018143
462,1018175
301,1018207
537,1018239
1087,1018271
1385,1018303
1223,1018335
1752,1018367
1642,1018399
2329,1018431
1773,1018463
1626,1018495
1753,1018527
1081,1018559
847,1018591
1001,1018623
424,1018655
637,1018687
0,1018719
0,1018751
470,1018783
281,1018815
603,1018847
1114,1018879
983,1018911
1287,1018943
1422,1018975
1720,1019007
1911,1019039
1711,1019071
1579,1019103
1320,1019135
1048,1019167
891,1019199
924,1019231
409,1019263
553,1019295
317,1019327
0,1019359
508,1019391
778,1019423
1003,1019455
1152,1019487
1421,1019519
1696,1019551
1480,1019583
2079,1019615
2302,1019647
2121,1019679
1418,1019711
1548,1019743
1367,1019775
740,1019807
507,1019839
374,1019871
106,1019903
0,1019935
0,1019967
250,1019999
442,1020031
619,1020063
1323,1020095
1150,1020127
1351,1020159
1967,1020191
2267,1020223
1911,1020255
2027,1020287
1803,1020319
1623,1020351
1288,1020383
731,1020415
874,1020447
224,1020479
367,1020511
171,1020543
27,1020575
699,1020607
826,1020639
698,1020671
1327,1020703
1132,1020735
1431,1020767
2030,1020799
1850,1020831
1879,1020863
1929,1020895
1372,1020927
1519,1020959
847,1020991
692,1021023
469,1021055
200,1021087
40,1021119
219,1021151
122,1021183
717,1021215
617,1021247
807,1021279
1374,1021311
1645,1021343
1517,1021375
2076,1021407
2312,1021439
2171,1021471
1853,1021503
1659,1021535
1421,1021567
1238,1021599
924,1021631
688,1021663
166,1021695
0,1021727
224,1021759
190,1021791
391,1021823
569,1021855
1146,1021887
1096,1021919
1292,1021951
1468,1021983
1799,1022015
1974,1022047
1696,1022079
1914,1022111
1272,1022143
1048,1022175
1151,1022207
987,1022239
363,1022271
425,1022303
0,1022335
409,1022367
168,1022399
768,1022431
1040,1022463
842,1022495
1561,1022527
1691,1022559
1559,1022591
2269,1022623
1824,1022655
1661,1022687
1805,1022719
1130,1022751
1003,1022783
1056,1022815
483,1022847
320,1022879
8,1022911
0,1022943
26,1022975
222,1023007
551,1023039
1082,1023071
926,1023103
1229,1023135
1467,1023167
1669,1023199
2298,1023231
2235,1023263
1640,1023295
1725,1023327
1516,1023359
1292,1023391
984,1023423
808,1023455
601,1023487
0,1023519
185,1023551
446,1023583
284,1023615
512,1023647
1086,1023679
1005,1023711
1190,1023743
1418,1023775
2016,1023807
1933,1023839
1708,1023871
1470,1023903
1335,1023935
1064,1023967
784,1023999
1038,1024031
425,1024063
168,1024095
295,1024127
347,1024159
189,1024191
747,1024223
985,1024255
1275,1024287
1400,1024319
1688,1024351
1917,1024383
1708,1024415
1976,1024447
2092,1024479
1447,1024511
1676,1024543
1342,1024575
760,1024607
937,1024639
284,1024671
129,1024703
246,1024735
0,1024767
267,1024799
767,1024831
693,1024863
877,1024895
1080,1024927
1370,1024959
1950,1024991
1791,1025023
1929,1025055
1673,1025087
1433,1025119
1593,1025151
1006,1025183
748,1025215
856,1025247
663,1025279
95,1025311
153,1025343
396,1025375
665,1025407
813,1025439
1072,1025471
1304,1025503
1132,1025535
1728,1025567
1964,1025599
1882,1025631
1770,1025663
1903,1025695
1673,1025727
1128,1025759
846,1025791
972,1025823
476,1025855
219,1025887
0,1025919
0,1025951
139,1025983
330,1026015
985,1026047
812,1026079
1046,1026111
1613,1026143
1913,1026175
1739,1026207
2280,1026239
2153,1026271
1977,1026303
1247,1026335
1100,1026367
1215,1026399
560,1026431
812,1026463
488,1026495
0,1026527
351,1026559
119,1026591
407,1026623
992,1026655
794,1026687
1115,1026719
1632,1026751
1499,1026783
1720,1026815
1886,1026847
1717,1026879
1880,1026911
1194,1026943
1068,1026975
800,1027007
536,1027039
393,1027071
155,1027103
0,1027135
378,1027167
603,1027199
492,1027231
1024,1027263
1296,1027295
1525,1027327
1675,1027359
1952,1027391
2233,1027423
1832,1027455
1966,1027487
1772,1027519
1134,1027551
905,1027583
1034,1027615
846,1027647
230,1027679
8,1027711
107,1027743
43,1027775
222,1027807
448,1027839
762,1027871
952,1027903
1128,1027935
1853,1027967
1684,1027999
1880,1028031
2201,1028063
2040,1028095
1386,1028127
1497,1028159
1273,1028191
1095,1028223
765,1028255
220,1028287
352,1028319
0,1028351
139,1028383
701,1028415
537,1028447
1212,1028479
1341,1028511
1209,1028543
1865,1028575
1656,1028607
1956,1028639
1784,1028671
1499,1028703
1247,1028735
1403,1028767
856,1028799
1005,1028831
335,1028863
180,1028895
0,1028927
0,1028959
215,1028991
409,1029023
632,1029055
1232,1029087
1117,1029119
1319,1029151
1900,1029183
2175,1029215
1991,1029247
2077,1029279
1836,1029311
1643,1029343
987,1029375
1136,1029407
905,1029439
287,1029471
409,1029503
171,1029535
3,1029567
171,1029599
745,1029631
973,1029663
901,1029695
1071,1029727
1664,1029759
1625,1029791
1816,1029823
1820,1029855
1678,1029887
1447,1029919
1176,1029951
1376,1029983
763,1030015
533,1030047
636,1030079
461,1030111
0,1030143
366,1030175
282,1030207
935,1030239
681,1030271
1288,1030303
1565,1030335
1360,1030367
2092,1030399
2222,1030431
1789,1030463
2029,1030495
1296,1030527
1144,1030559
872,1030591
619,1030623
490,1030655
544,1030687
0,1030719
0,1030751
60,1030783
347,1030815
539,1030847
735,1030879
1063,1030911
1258,1030943
1440,1030975
1757,1031007
1992,1031039
1784,1031071
1946,1031103
1705,1031135
1115,1031167
1200,1031199
1004,1031231
779,1031263
464,1031295
279,1031327
315,1031359
120,1031391
696,1031423
958,1031455
794,1031487
1018,1031519
1611,1031551
1888,1031583
1710,1031615
1883,1031647
2016,1031679
1468,1031711
1191,1031743
955,1031775
823,1031807
554,1031839
703,1031871
523,1031903
0,1031935
0,1031967
587,1031999
871,1032031
698,1032063
1272,1032095
1503,1032127
1799,1032159
1930,1032191
2208,1032223
2269,1032255
1594,1032287
1439,1032319
1566,1032351
924,1032383
1163,1032415
827,1032447
260,1032479
23,1032511
0,1032543
71,1032575
652,1032607
484,1032639
776,1032671
1288,1032703
1197,1032735
1388,1032767
1598,1032799
1897,1032831
2186,1032863
1562,1032895
1402,1032927
1143,1032959
910,1032991
1069,1033023
493,1033055
233,1033087
334,1033119
263,1033151
153,1033183
686,1033215
910,1033247
1179,1033279
1328,1033311
1600,1033343
1835,1033375
1656,1033407
2264,1033439
2079,1033471
1529,1033503
1244,1033535
1372,1033567
1145,1033599
613,1033631
346,1033663
461,1033695
0,1033727
0,1033759
586,1033791
427,1033823
649,1033855
838,1033887
1499,1033919
1335,1033951
1562,1033983
2143,1034015
2383,1034047
1735,1034079
1804,1034111
1623,1034143
1447,1034175
732,1034207
599,1034239
699,1034271
56,1034303
283,1034335
316,1034367
189,1034399
398,1034431
621,1034463
919,1034495
1514,1034527
1308,1034559
1640,1034591
2168,1034623
1850,1034655
1596,1034687
1367,1034719
1196,1034751
1344,1034783
680,1034815
552,1034847
294,1034879
25,1034911
0,1034943
103,1034975
294,1035007
892,1035039
683,1035071
1003,1035103
1550,1035135
1822,1035167
2059,1035199
2206,1035231
2188,1035263
1995,1035295
1307,1035327
1436,1035359
1245,1035391
618,1035423
394,1035455
512,1035487
331,1035519
0,1035551
59,1035583
637,1035615
557,1035647
732,1035679
1438,1035711
1274,1035743
1465,1035775
1646,1035807
2381,1035839
1797,1035871
1523,1035903
1675,1035935
1499,1035967
872,1035999
974,1036031
751,1036063
572,1036095
249,1036127
0,1036159
535,1036191
336,1036223
659,1036255
1216,1036287
1040,1036319
1256,1036351
1870,1036383
1735,1036415
2331,1036447
1657,1036479
1482,1036511
1626,1036543
976,1036575
736,1036607
880,1036639
348,1036671
487,1036703
0,1036735
16,1036767
235,1036799
425,1036831
727,1036863
923,1036895
1146,1036927
1768,1036959
1911,1036991
1847,1037023
2253,1037055
2059,1037087
1463,1037119
1547,1037151
1308,1037183
1115,1037215
810,1037247
620,1037279
380,1037311
0,1037343
352,1037375
575,1037407
495,1037439
682,1037471
1261,1037503
1488,1037535
1414,1037567
1594,1037599
1918,1037631
1850,1037663
1579,1037695
1295,1037727
1151,1037759
923,1037791
665,1037823
873,1037855
247,1037887
22,1037919
239,1037951
525,1037983
364,1038015
888,1038047
793,1038079
1447,1038111
1192,1038143
1502,1038175
2093,1038207
1887,1038239
1710,1038271
1868,1038303
1263,1038335
1501,1038367
793,1038399
630,1038431
762,1038463
112,1038495
0,1038527
252,1038559
138,1038591
443,1038623
572,1038655
861,1038687
1048,1038719
1257,1038751
1591,1038783
1784,1038815
1901,1038847
1754,1038879
1788,1038911
1256,1038943
1406,1038975
1181,1039007
605,1039039
683,1039071
490,1039103
247,1039135
298,1039167
569,1039199
840,1039231
623,1039263
1209,1039295
1482,1039327
1307,1039359
1532,1039391
2142,1039423
2237,1039455
1593,1039487
1354,1039519
1213,1039551
953,1039583
680,1039615
448,1039647
309,1039679
42,1039711
0,1039743
463,1039775
310,1039807
501,1039839
1097,1039871
1385,1039903
1225,1039935
1790,1039967
2041,1039999
2319,1040031
2158,1040063
1590,1040095
1741,1040127
1071,1040159
1226,1040191
1040,1040223
414,1040255
635,1040287
312,1040319
0,1040351
471,1040383
285,1040415
583,1040447
1164,1040479
984,1040511
1291,1040543
1817,1040575
1722,1040607
1917,1040639
1709,1040671
1545,1040703
1310,1040735
1040,1040767
890,1040799
960,1040831
411,1040863
553,1040895
0,1040927
0,1040959
510,1040991
781,1041023
667,1041055
1200,1041087
1424,1041119
1707,1041151
1866,1041183
2138,1041215
2299,1041247
1646,1041279
1789,1041311
1547,1041343
1358,1041375
1102,1041407
859,1041439
363,1041471
105,1041503
0,1041535
296,1041567
253,1041599
444,1041631
620,1041663
935,1041695
1160,1041727
1352,1041759
2029,1041791
1853,1041823
1911,1041855
2027,1041887
1851,1041919
1209,1041951
1277,1041983
728,1042015
927,1042047
220,1042079
364,1042111
173,1042143
6,1042175
699,1042207
829,1042239
702,1042271
1386,1042303
1133,1042335
1431,1042367
2042,1042399
1832,1042431
1866,1042463
1928,1042495
1322,1042527
1081,1042559
951,1042591
686,1042623
423,1042655
172,1042687
39,1042719
220,1042751
88,1042783
381,1042815
615,1042847
808,1042879
1418,1042911
1655,1042943
1527,1042975
2078,1043007
2352,1043039
2171,1043071
1849,1043103
1659,1043135
1465,1043167
795,1043199
921,1043231
729,1043263
542,1043295
0,1043327
234,1043359
167,1043391
356,1043423
570,1043455
1149,1043487
1068,1043519
1244,1043551
1480,1043583
1801,1043615
1928,1043647
1642,1043679
1911,1043711
1272,1043743
1003,1043775
1147,1043807
983,1043839
361,1043871
456,1043903
239,1043935
411,1043967
539,1043999
816,1044031
1051,1044063
848,1044095
1161,1044127
1744,1044159
1562,1044191
2268,1044223
2219,1044255
1610,1044287
1801,1044319
1130,1044351
967,1044383
1100,1044415
473,1044447
232,1044479
59,1044511
0,1044543
429,1044575
224,1044607
522,1044639
1082,1044671
935,1044703
1240,1044735
1432,1044767
1669,1044799
2299,1044831
1871,1044863
1598,1044895
1722,1044927
1517,1044959
951,1044991
1021,1045023
795,1045055
599,1045087
288,1045119
220,1045151
447,1045183
717,1045215
874,1045247
1097,1045279
1016,1045311
1184,1045343
1786,1045375
2025,1045407
1945,1045439
1704,1045471
1850,1045503
1324,1045535
1062,1045567
794,1045599
647,1045631
413,1045663
154,1045695
347,1045727
0,1045759
480,1045791
751,1045823
1049,1045855
877,1045887
1399,1045919
1687,1045951
1979,1045983
1710,1046015
1972,1046047
2091,1046079
1417,1046111
1675,1046143
1340,1046175
752,1046207
983,1046239
282,1046271
131,1046303
238,1046335
0,1046367
270,1046399
462,1046431
650,1046463
955,1046495
1084,1046527
1372,1046559
1996,1046591
1786,1046623
1927,1046655
1666,1046687
1372,1046719
1231,1046751
1003,1046783
747,1046815
893,1046847
663,1046879
93,1046911
169,1046943
440,1046975
663,1047007
826,1047039
1084,1047071
1355,1047103
1136,1047135
1737,1047167
2012,1047199
1830,1047231
1760,1047263
1901,1047295
1709,1047327
1070,1047359
843,1047391
971,1047423
442,1047455
168,1047487
0,1047519
0,1047551
106,1047583
284,1047615
987,1047647
823,1047679
1390,1047711
1616,1047743
1915,1047775
1741,1047807
2328,1047839
2151,1047871
1963,1047903
1627,1047935
1066,1047967
1213,1047999
559,1048031
421,1048063
526,1048095
0,1048127
349,1048159
480,1048191
364,1048223
991,1048255
798,1048287
1083,1048319
1320,1048351
1510,1048383
1816,1048415
2272,1048447
1708,1048479
1871,1048511
1193,1048543
1021,1048575
798,1048607
528,1048639
377,1048671
120,1048703
0,1048735
377,1048767
281,1048799
462,1048831
1024,1048863
1305,1048895
1179,1048927
1725,1048959
1592,1048991
2236,1049023
2203,1049055
2011,1049087
1771,1049119
1132,1049151
1260,1049183
1024,1049215
842,1049247
223,1049279
345,1049311
109,1049343
56,1049375
232,1049407
811,1049439
763,1049471
954,1049503
1133,1049535
1451,1049567
1686,1049599
2281,1049631
2263,1049663
1612,1049695
1384,1049727
1497,1049759
1323,1049791
699,1049823
762,1049855
215,1049887
399,1049919
0,1049951
430,1049983
702,1050015
506,1050047
1223,1050079
1344,1050111
1213,1050143
1917,1050175
1657,1050207
1959,1050239
1727,1050271
1478,1050303
1339,1050335
1392,1050367
810,1050399
655,1050431
344,1050463
173,1050495
0,1050527
0,1050559
216,1050591
412,1050623
592,1050655
893,1050687
1128,1050719
1319,1050751
1950,1050783
2183,1050815
1991,1050847
2074,1050879
1416,1050911
1641,1050943
1324,1050975
1135,1051007
943,1051039
284,1051071
408,1051103
216,1051135
380,1051167
174,1051199
752,1051231
1021,1051263
847,1051295
1081,1051327
1676,1051359
1592,1051391
1772,1051423
1818,1051455
1674,1051487
1402,1051519
1563,1051551
1373,1051583
758,1051615
490,1051647
635,1051679
459,1051711
0,1051743
411,1051775
651,1051807
935,1051839
1056,1051871
1338,1051903
1567,1051935
1360,1051967
1689,1051999
2272,1052031
1787,1052063
2024,1052095
1689,1052127
1095,1052159
863,1052191
618,1052223
456,1052255
584,1052287
0,1052319
0,1052351
441,1052383
349,1052415
953,1052447
744,1052479
1033,1052511
1260,1052543
1450,1052575
1757,1052607
1961,1052639
1770,1052671
1931,1052703
1351,1052735
1081,1052767
1196,1052799
567,1052831
430,1052863
505,1052895
270,1052927
315,1052959
472,1052991
744,1053023
969,1053055
1237,1053087
1387,1053119
1614,1053151
1532,1053183
1712,1053215
2251,1053247
2014,1053279
1463,1053311
1178,1053343
1319,1053375
818,1053407
522,1053439
749,1053471
139,1053503
0,1053535
1,1053567
648,1053599
476,1053631
712,1053663
1275,1053695
1565,1053727
1388,1053759
1931,1053791
2217,1053823
2319,1053855
1584,1053887
1438,1053919
1561,1053951
896,1053983
1149,1054015
824,1054047
237,1054079
1,1054111
0,1054143
72,1054175
652,1054207
458,1054239
781,1054271
1292,1054303
1162,1054335
1469,1054367
1599,1054399
1900,1054431
1788,1054463
1532,1054495
1401,1054527
1143,1054559
870,1054591
715,1054623
488,1054655
232,1054687
374,1054719
0,1054751
156,1054783
686,1054815
958,1054847
1189,1054879
1328,1054911
1611,1054943
1885,1054975
1660,1055007
2266,1055039
2124,1055071
1477,1055103
1242,1055135
1359,1055167
1182,1055199
558,1055231
334,1055263
458,1055295
0,1055327
0,1055359
583,1055391
426,1055423
620,1055455
794,1055487
1499,1055519
1335,1055551
1529,1055583
2155,1055615
2379,1055647
1735,1055679
1840,1055711
1621,1055743
1435,1055775
1102,1055807
562,1055839
697,1055871
45,1055903
0,1055935
362,1055967
204,1055999
408,1056031
1001,1056063
875,1056095
1513,1056127
1309,1056159
1608,1056191
2218,1056223
1848,1056255
1691,1056287
1744,1056319
1192,1056351
1341,1056383
672,1056415
509,1056447
296,1056479
26,1056511
0,1056543
73,1056575
298,1056607
903,1056639
1037,1056671
973,1056703
1558,1056735
1833,1056767
1704,1056799
2255,1056831
2186,1056863
1989,1056895
1674,1056927
1480,1056959
1242,1056991
621,1057023
747,1057055
508,1057087
320,1057119
0,1057151
413,1057183
640,1057215
558,1057247
744,1057279
1051,1057311
1278,1057343
1468,1057375
1647,1057407
1979,1057439
1789,1057471
1515,1057503
1727,1057535
1096,1057567
871,1057599
972,1057631
809,1057663
188,1057695
250,1057727
0,1057759
591,1057791
346,1057823
660,1057855
1224,1057887
1024,1057919
1248,1057951
1872,1057983
1737,1058015
2383,1058047
1644,1058079
1479,1058111
1614,1058143
955,1058175
824,1058207
888,1058239
300,1058271
143,1058303
0,1058335
19,1058367
201,1058399
400,1058431
728,1058463
921,1058495
1104,1058527
1407,1058559
1914,1058591
1846,1058623
2285,1058655
2055,1058687
1463,1058719
1546,1058751
1344,1058783
1113,1058815
810,1058847
620,1058879
423,1058911
0,1058943
360,1058975
632,1059007
894,1059039
684,1059071
1264,1059103
1545,1059135
1368,1059167
1596,1059199
1917,1059231
1815,1059263
1518,1059295
1294,1059327
1149,1059359
887,1059391
615,1059423
861,1059455
250,1059487
0,1059519
237,1059551
527,1059583
376,1059615
926,1059647
1165,1059679
1449,1059711
1579,1059743
1480,1059775
2105,1059807
1887,1059839
2095,1059871
1912,1059903
1262,1059935
1496,1059967
1167,1059999
584,1060031
759,1060063
96,1060095
0,1060127
302,1060159
140,1060191
441,1060223
944,1060255
861,1060287
1471,1060319
1259,1060351
1557,1060383
1787,1060415
1902,1060447
1751,1060479
1823,1060511
1253,1060543
1403,1060575
829,1060607
569,1060639
682,1060671
477,1060703
0,1060735
347,1060767
572,1060799
841,1060831
987,1060863
1260,1060895
1487,1060927
1769,1060959
1915,1060991
2144,1061023
1871,1061055
1584,1061087
1722,1061119
1210,1061151
944,1061183
671,1061215
796,1061247
301,1061279
40,1061311
0,1061343
91,1061375
313,1061407
496,1061439
1161,1061471
988,1061503
1223,1061535
1801,1061567
2094,1061599
1917,1061631
2156,1061663
1580,1061695
1789,1061727
1067,1061759
1224,1061791
1039,1061823
380,1061855
635,1061887
302,1061919
0,1061951
537,1061983
288,1062015
582,1062047
1162,1062079
968,1062111
1292,1062143
1820,1062175
1687,1062207
1995,1062239
1708,1062271
1534,1062303
1263,1062335
1008,1062367
878,1062399
956,1062431
360,1062463
205,1062495
0,1062527
0,1062559
558,1062591
783,1062623
668,1062655
1212,1062687
1480,1062719
1707,1062751
1863,1062783
2140,1062815
2345,1062847
1647,1062879
1786,1062911
1592,1062943
955,1062975
730,1063007
856,1063039
329,1063071
56,1063103
0,1063135
297,1063167
231,1063199
400,1063231
624,1063263
940,1063295
1127,1063327
1304,1063359
2029,1063391
1864,1063423
1865,1063455
2015,1063487
1847,1063519
1207,1063551
1310,1063583
1097,1063615
919,1063647
584,1063679
408,1063711
175,1063743
7,1063775
313,1063807
880,1063839
704,1063871
1390,1063903
1519,1063935
1388,1063967
2041,1063999
1835,1064031
1832,1064063
1968,1064095
1322,1064127
1165,1064159
1224,1064191
680,1064223
412,1064255
168,1064287
8,1064319
220,1064351
91,1064383
391,1064415
588,1064447
808,1064479
1417,1064511
1303,1064543
1495,1064575
2079,1064607
2363,1064639
1805,1064671
1896,1064703
1658,1064735
1463,1064767
1148,1064799
959,1064831
727,1064863
110,1064895
233,1064927
240,1064959
174,1064991
347,1065023
926,1065055
1151,1065087
1071,1065119
1248,1065151
1853,1065183
1802,1065215
1928,1065247
1640,1065279
1499,1065311
1269,1065343
1000,1065375
1199,1065407
587,1065439
251,1065471
458,1065503
281,1065535
40,1065567
544,1065599
825,1065631
1099,1065663
857,1065695
1174,1065727
1744,1065759
1544,1065791
2270,1065823
2216,1065855
1609,1065887
1849,1065919
1129,1065951
965,1065983
1097,1066015
443,1066047
315,1066079
364,1066111
0,1066143
19,1066175
238,1066207
524,1066239
1130,1066271
910,1066303
1240,1066335
1435,1066367
1626,1066399
1943,1066431
1867,1066463
1596,1066495
1757,1066527
1515,1066559
937,1066591
1020,1066623
826,1066655
603,1066687
288,1066719
222,1066751
480,1066783
296,1066815
876,1066847
1150,1066879
970,1066911
1196,1066943
1790,1066975
2074,1067007
1894,1067039
1695,1067071
1835,1067103
1287,1067135
1007,1067167
784,1067199
636,1067231
378,1067263
106,1067295
347,1067327
0,1067359
168,1067391
761,1067423
1051,1067455
882,1067487
1440,1067519
1693,1067551
1979,1067583
2109,1067615
1929,1067647
2079,1067679
1407,1067711
1269,1067743
1384,1067775
750,1067807
973,1067839
649,1067871
75,1067903
229,1067935
0,1067967
237,1067999
474,1068031
652,1068063
861,1068095
1468,1068127
1372,1068159
2006,1068191
1784,1068223
1892,1068255
1656,1068287
1376,1068319
1227,1068351
967,1068383
742,1068415
887,1068447
319,1068479
57,1068511
170,1068543
441,1068575
331,1068607
861,1068639
1086,1068671
1358,1068703
1512,1068735
1785,1068767
2013,1068799
1838,1068831
2138,1068863
1898,1068895
1350,1068927
1068,1068959
1195,1068991
968,1069023
440,1069055
170,1069087
279,1069119
0,1069151
106,1069183
294,1069215
603,1069247
824,1069279
1016,1069311
1679,1069343
1515,1069375
1750,1069407
2331,1069439
2201,1069471
1549,1069503
1625,1069535
1066,1069567
1259,1069599
557,1069631
702,1069663
523,1069695
0,1069727
359,1069759
492,1069791
376,1069823
1051,1069855
798,1069887
1094,1069919
1274,1069951
1484,1069983
1820,1070015
2270,1070047
1669,1070079
1513,1070111
1184,1070143
1016,1070175
749,1070207
495,1070239
364,1070271
109,1070303
0,1070335
47,1070367
280,1070399
470,1070431
1072,1070463
1305,1070495
1181,1070527
1728,1070559
2000,1070591
2235,1070623
2192,1070655
2009,1070687
1815,1070719
1128,1070751
1258,1070783
1068,1070815
452,1070847
220,1070879
346,1070911
157,1070943
19,1070975
233,1071007
814,1071039
740,1071071
908,1071103
1134,1071135
1452,1071167
1652,1071199
2285,1071231
2253,1071263
1610,1071295
1338,1071327
1485,1071359
1320,1071391
698,1071423
798,1071455
585,1071487
395,1071519
191,1071551
478,1071583
719,1071615
512,1071647
824,1071679
1401,1071711
1224,1071743
1927,1071775
2057,1071807
1916,1071839
1723,1071871
1466,1071903
1303,1071935
1438,1071967
809,1071999
653,1072031
704,1072063
168,1072095
0,1072127
0,1072159
185,1072191
748,1072223
600,1072255
894,1072287
1097,1072319
1322,1072351
1949,1072383
1833,1072415
1959,1072447
2064,1072479
1869,1072511
1278,1072543
1360,1072575
1130,1072607
938,1072639
634,1072671
432,1072703
205,1072735
0,1072767
537,1072799
760,1072831
682,1072863
857,1072895
1448,1072927
1677,1072959
1594,1072991
1774,1073023
2190,1073055
1672,1073087
1400,1073119
1614,1073151
983,1073183
756,1073215
488,1073247
683,1073279
75,1073311
0,1073343
411,1073375
711,1073407
541,1073439
1056,1073471
1341,1073503
1631,1073535
1368,1073567
1688,1073599
2283,1073631
1756,1073663
2024,1073695
1688,1073727
1087,1073759
844,1073791
618,1073823
453,1073855
585,1073887
0,1073919
0,1073951
442,1073983
315,1074015
524,1074047
747,1074079
1035,1074111
1648,1074143
1436,1074175
1767,1074207
1966,1074239
1724,1074271
1565,1074303
1338,1074335
1070,1074367
1228,1074399
556,1074431
428,1074463
496,1074495
312,1074527
316,1074559
475,1074591
746,1074623
1008,1074655
808,1074687
1388,1074719
1660,1074751
1486,1074783
1721,1074815
2249,1074847
2058,1074879
1413,1074911
1178,1074943
1310,1074975
775,1075007
496,1075039
747,1075071
135,1075103
0,1075135
0,1075167
651,1075199
487,1075231
679,1075263
1275,1075295
1575,1075327
1398,1075359
1978,1075391
2219,1075423
2315,1075455
1977,1075487
1402,1075519
1552,1075551
892,1075583
759,1075615
863,1075647
238,1075679
4,1075711
138,1075743
38,1075775
653,1075807
463,1075839
748,1075871
1342,1075903
1164,1075935
1376,1075967
1996,1075999
1900,1076031
2221,1076063
1531,1076095
1367,1076127
1131,1076159
863,1076191
711,1076223
456,1076255
230,1076287
365,1076319
184,1076351
125,1076383
698,1076415
957,1076447
843,1076479
1384,1076511
1616,1076543
1883,1076575
2041,1076607
2317,1076639
2121,1076671
1468,1076703
1610,1076735
1370,1076767
837,1076799
556,1076831
682,1076863
448,1076895
0,1076927
0,1076959
203,1076991
439,1077023
620,1077055
805,1077087
1115,1077119
1338,1077151
1530,1077183
2221,1077215
1963,1077247
1724,1077279
1839,1077311
1671,1077343
1035,1077375
1099,1077407
554,1077439
745,1077471
89,1077503
0,1077535
367,1077567
171,1077599
409,1077631
1006,1077663
879,1077695
1577,1077727
1310,1077759
1612,1077791
2222,1077823
1819,1077855
1689,1077887
1740,1077919
1147,1077951
999,1077983
670,1078015
506,1078047
246,1078079
5,1078111
0,1078143
76,1078175
264,1078207
560,1078239
1049,1078271
986,1078303
1598,1078335
1833,1078367
1703,1078399
2268,1078431
2223,1078463
1981,1078495
1671,1078527
1469,1078559
1279,1078591
617,1078623
744,1078655
554,1078687
0,1078719
0,1078751
412,1078783
685,1078815
520,1078847
736,1078879
1062,1078911
1253,1078943
1422,1078975
1657,1079007
1981,1079039
1748,1079071
1463,1079103
1723,1079135
1095,1079167
825,1079199
968,1079231
798,1079263
183,1079295
280,1079327
311,1079359
589,1079391
717,1079423
631,1079455
1227,1079487
1023,1079519
1648,1079551
1930,1079583
1740,1079615
2377,1079647
2032,1079679
1432,1079711
1611,1079743
954,1079775
789,1079807
924,1079839
296,1079871
139,1079903
181,1079935
20,1079967
216,1079999
409,1080031
697,1080063
924,1080095
1112,1080127
1415,1080159
1963,1080191
1848,1080223
2285,1080255
1689,1080287
1417,1080319
1536,1080351
1341,1080383
775,1080415
846,1080447
608,1080479
421,1080511
125,1080543
408,1080575
633,1080607
464,1080639
1049,1080671
1271,1080703
1548,1080735
1369,1080767
1976,1080799
1929,1080831
1805,1080863
1518,1080895
1659,1080927
1147,1080959
890,1080991
606,1081023
475,1081055
247,1081087
0,1081119
300,1081151
142,1081183
377,1081215
938,1081247
1223,1081279
1052,1081311
1582,1081343
1482,1081375
2167,1081407
1898,1081439
2094,1081471
1911,1081503
1239,1081535
1486,1081567
1161,1081599
584,1081631
799,1081663
107,1081695
0,1081727
313,1081759
132,1081791
443,1081823
956,1081855
824,1081887
1034,1081919
1355,1081951
1559,1081983
1743,1082015
1882,1082047
1739,1082079
1820,1082111
1198,1082143
1049,1082175
827,1082207
570,1082239
714,1082271
477,1082303
0,1082335
351,1082367
608,1082399
841,1082431
991,1082463
1260,1082495
1531,1082527
1319,1082559
1919,1082591
2200,1082623
2272,1082655
1580,1082687
1712,1082719
1175,1082751
894,1082783
668,1082815
795,1082847
266,1082879
0,1082911
0,1082943
93,1082975
284,1083007
460,1083039
1163,1083071
1000,1083103
1191,1083135
1803,1083167
2103,1083199
1925,1083231
2190,1083263
1967,1083295
1785,1083327
1448,1083359
1262,1083391
1036,1083423
380,1083455
236,1083487
344,1083519
0,1083551
535,1083583
666,1083615
538,1083647
1167,1083679
972,1083711
1261,1083743
1870,1083775
1690,1083807
1914,1083839
1767,1083871
1532,1083903
1691,1083935
1005,1083967
845,1083999
956,1084031
359,1084063
201,1084095
0,1084127
0,1084159
558,1084191
447,1084223
647,1084255
1212,1084287
1481,1084319
1355,1084351
1914,1084383
2142,1084415
2333,1084447
2015,1084479
1823,1084511
1584,1084543
1399,1084575
1082,1084607
846,1084639
328,1084671
47,1084703
156,1084735
300,1084767
232,1084799
410,1084831
987,1084863
949,1084895
1132,1084927
1308,1084959
1630,1084991
1867,1085023
1865,1085055
2076,1085087
1431,1085119
1504,1085151
1311,1085183
1145,1085215
523,1085247
585,1085279
397,1085311
235,1085343
19,1085375
314,1085407
887,1085439
686,1085471
1399,1085503
1530,1085535
1399,1085567
2109,1085599
1840,1085631
1821,1085663
1966,1085695
1293,1085727
1164,1085759
906,1085791
634,1085823
479,1085855
157,1085887
2,1085919
266,1085951
64,1085983
391,1086015
589,1086047
768,1086079
1070,1086111
1304,1086143
1498,1086175
2128,1086207
2365,1086239
1804,1086271
1888,1086303
1692,1086335
1451,1086367
1146,1086399
954,1086431
763,1086463
108,1086495
230,1086527
284,1086559
134,1086591
351,1086623
927,1086655
1199,1086687
1022,1086719
1260,1086751
1855,1086783
1771,1086815
1868,1086847
1639,1086879
1495,1086911
1228,1086943
950,1086975
1195,1087007
583,1087039
695,1087071
456,1087103
269,1087135
39,1087167
589,1087199
827,1087231
1102,1087263
1232,1087295
1140,1087327
1755,1087359
1536,1087391
1869,1087423
2256,1087455
1600,1087487
1846,1087519
1502,1087551
918,1087583
1097,1087615
440,1087647
279,1087679
54,1087711
0,1087743
107,1087775
608,1087807
533,1087839
1131,1087871
923,1087903
1209,1087935
1445,1087967
1628,1087999
1943,1088031
1833,1088063
1592,1088095
1753,1088127
1165,1088159
904,1088191
1017,1088223
827,1088255
265,1088287
329,1088319
0,1088351
491,1088383
652,1088415
922,1088447
1148,1088479
972,1088511
1568,1088543
1802,1088575
2076,1088607
1897,1088639
2064,1088671
1834,1088703
1286,1088735
1002,1088767
1135,1088799
635,1088831
368,1088863
103,1088895
0,1088927
0,1088959
555,1088991
825,1089023
663,1089055
887,1089087
1451,1089119
1753,1089151
1575,1089183
2112,1089215
1929,1089247
2139,1089279
1408,1089311
1564,1089343
1373,1089375
718,1089407
971,1089439
640,1089471
72,1089503
0,1089535
0,1089567
247,1089599
428,1089631
636,1089663
955,1089695
1470,1089727
1337,1089759
1653,1089791
1786,1089823
1883,1089855
1608,1089887
1353,1089919
1223,1089951
965,1089983
697,1090015
541,1090047
315,1090079
58,1090111
204,1090143
445,1090175
343,1090207
864,1090239
686,1090271
1357,1090303
1515,1090335
1789,1090367
2063,1090399
1840,1090431
2128,1090463
1944,1090495
1752,1090527
1065,1090559
1193,1090591
1004,1090623
380,1090655
158,1090687
282,1090719
0,1090751
72,1090783
297,1090815
602,1090847
794,1090879
1405,1090911
1688,1090943
1514,1090975
1717,1091007
2335,1091039
2190,1091071
1547,1091103
1662,1091135
1435,1091167
1256,1091199
924,1091231
748,1091263
512,1091295
0,1091327
0,1091359
539,1091391
378,1091423
1053,1091455
1181,1091487
1053,1091519
1278,1091551
1486,1091583
1797,1091615
2318,1091647
1662,1091679
1501,1091711
1566,1091743
1015,1091775
1165,1091807
494,1091839
341,1091871
109,1091903
0,1091935
56,1091967
251,1091999
474,1092031
1081,1092063
959,1092095
1159,1092127
1728,1092159
1551,1092191
1885,1092223
2240,1092255
1998,1092287
1803,1092319
1487,1092351
1295,1092383
1067,1092415
877,1092447
571,1092479
332,1092511
0,1092543
22,1092575
588,1092607
815,1092639
741,1092671
924,1092703
1502,1092735
1460,1092767
1656,1092799
2345,1092831
1837,1092863
1607,1092895
1337,1092927
1547,1092959
920,1092991
695,1093023
796,1093055
621,1093087
20,1093119
202,1093151
477,1093183
765,1093215
512,1093247
837,1093279
1403,1093311
1198,1093343
1931,1093375
2060,1093407
1919,1093439
1696,1093471
1465,1093503
1301,1093535
1436,1093567
779,1093599
649,1093631
702,1093663
121,1093695
0,1093727
0,1093759
197,1093791
379,1093823
584,1093855
903,1093887
1101,1093919
1279,1093951
1593,1093983
1832,1094015
1944,1094047
2106,1094079
1404,1094111
1274,1094143
1358,1094175
1166,1094207
933,1094239
633,1094271
443,1094303
239,1094335
0,1094367
539,1094399
799,1094431
644,1094463
859,1094495
1451,1094527
1724,1094559
1548,1094591
1775,1094623
2185,1094655
1628,1094687
1343,1094719
1608,1094751
979,1094783
711,1094815
438,1094847
681,1094879
71,1094911
0,1094943
423,1094975
711,1095007
549,1095039
1101,1095071
1341,1095103
1629,1095135
1759,1095167
1658,1095199
2283,1095231
1754,1095263
1611,1095295
1725,1095327
1084,1095359
842,1095391
983,1095423
408,1095455
571,1095487
0,1095519
0,1095551
490,1095583
317,1095615
619,1095647
1130,1095679
1037,1095711
1657,1095743
1436,1095775
1735,1095807
1976,1095839
1722,1095871
1564,1095903
1304,1095935
1070,1095967
1227,1095999
910,1096031
393,1096063
494,1096095
303,1096127
3,1096159
523,1096191
750,1096223
1015,1096255
1167,1096287
1438,1096319
1673,1096351
1488,1096383
2102,1096415
2240,1096447
2048,1096479
1407,1096511
1534,1096543
1306,1096575
776,1096607
493,1096639
351,1096671
122,1096703
0,1096735
0,1096767
267,1096799
490,1096831
681,1096863
1339,1096895
1167,1096927
1401,1096959
1981,1096991
2281,1097023
1899,1097055
1966,1097087
1404,1097119
1600,1097151
891,1097183
756,1097215
859,1097247
216,1097279
0,1097311
142,1097343
40,1097375
713,1097407
461,1097439
759,1097471
1344,1097503
1145,1097535
1479,1097567
1998,1097599
1866,1097631
1855,1097663
1520,1097695
1356,1097727
1086,1097759
832,1097791
711,1097823
454,1097855
182,1097887
27,1097919
189,1097951
136,1097983
734,1098015
957,1098047
855,1098079
1389,1098111
1658,1098143
1885,1098175
2044,1098207
2319,1098239
2171,1098271
1466,1098303
1600,1098335
1406,1098367
1226,1098399
554,1098431
680,1098463
488,1098495
0,1098527
0,1098559
216,1098591
398,1098623
576,1098655
807,1098687
1116,1098719
1305,1098751
1483,1098783
2221,1098815
1960,1098847
1686,1098879
1835,1098911
1661,1098943
1022,1098975
1135,1099007
921,1099039
743,1099071
411,1099103
0,1099135
379,1099167
176,1099199
783,1099231
1064,1099263
878,1099295
1579,1099327
1704,1099359
1574,1099391
2231,1099423
1818,1099455
1655,1099487
1788,1099519
1144,1099551
987,1099583
1040,1099615
504,1099647
649,1099679
1,1099711
0,1099743
85,1099775
254,1099807
568,1099839
1096,1099871
988,1099903
1597,1099935
1481,1099967
1675,1099999
2268,1100031
2219,1100063
1623,1100095
1708,1100127
1470,1100159
1277,1100191
968,1100223
779,1100255
544,1100287
361,1100319
190,1100351
416,1100383
348,1100415
526,1100447
1100,1100479
1065,1100511
1255,1100543
1432,1100575
2046,1100607
1991,1100639
1741,1100671
1462,1100703
1311,1100735
1094,1100767
828,1100799
1023,1100831
411,1100863
179,1100895
272,1100927
363,1100959
205,1100991
726,1101023
632,1101055
1289,1101087
1024,1101119
1646,1101151
1933,1101183
1724,1101215
2375,1101247
2030,1101279
1423,1101311
1663,1101343
944,1101375
789,1101407
922,1101439
270,1101471
137,1101503
184,1101535
428,1101567
281,1101599
412,1101631
707,1101663
891,1101695
1096,1101727
1418,1101759
1966,1101791
1806,1101823
1917,1101855
1687,1101887
1408,1101919
1582,1101951
1339,1101983
760,1102015
844,1102047
652,1102079
413,1102111
127,1102143
409,1102175
671,1102207
473,1102239
1051,1102271
1312,1102303
1156,1102335
1372,1102367
1978,1102399
1897,1102431
1754,1102463
1514,1102495
1657,1102527
1113,1102559
829,1102591
604,1102623
459,1102655
203,1102687
0,1102719
301,1102751
151,1102783
343,1102815
939,1102847
1225,1102879
1061,1102911
1628,1102943
1869,1102975
2157,1103007
2295,1103039
2138,1103071
1903,1103103
1231,1103135
1095,1103167
1198,1103199
572,1103231
795,1103263
464,1103295
0,1103327
315,1103359
126,1103391
423,1103423
1004,1103455
829,1103487
1132,1103519
1648,1103551
1561,1103583
1752,1103615
1869,1103647
1706,1103679
1820,1103711
1198,1103743
1049,1103775
793,1103807
558,1103839
711,1103871
141,1103903
0,1103935
352,1103967
617,1103999
509,1104031
1039,1104063
1264,1104095
1544,1104127
1692,1104159
1968,1104191
2201,1104223
1816,1104255
1950,1104287
1712,1104319
1166,1104351
890,1104383
1008,1104415
793,1104447
264,1104479
0,1104511
125,1104543
91,1104575
294,1104607
462,1104639
779,1104671
999,1104703
1194,1104735
1868,1104767
1693,1104799
1930,1104831
2189,1104863
2013,1104895
1371,1104927
1438,1104959
1259,1104991
1085,1105023
384,1105055
235,1105087
345,1105119
0,1105151
539,1105183
670,1105215
552,1105247
1229,1105279
972,1105311
1270,1105343
1882,1105375
1672,1105407
2000,1105439
2094,1105471
1482,1105503
1242,1105535
1006,1105567
842,1105599
990,1105631
334,1105663
199,1105695
0,1105727
0,1105759
223,1105791
456,1105823
650,1105855
1258,1105887
1487,1105919
1366,1105951
1916,1105983
2190,1106015
2333,1106047
2012,1106079
1819,1106111
1627,1106143
944,1106175
1081,1106207
890,1106239
271,1106271
43,1106303
155,1106335
344,1106367
188,1106399
409,1106431
988,1106463
911,1106495
1086,1106527
1320,1106559
1639,1106591
1831,1106623
1804,1106655
2075,1106687
1432,1106719
1162,1106751
1307,1106783
1144,1106815
510,1106847
620,1106879
397,1106911
235,1106943
383,1106975
298,1107007
891,1107039
688,1107071
1004,1107103
1581,1107135
1402,1107167
2109,1107199
2239,1107231
1773,1107263
1963,1107295
1291,1107327
1127,1107359
904,1107391
632,1107423
382,1107455
526,1107487
1,1107519
267,1107551
77,1107583
363,1107615
589,1107647
777,1107679
1085,1107711
1274,1107743
1500,1107775
2133,1107807
2009,1107839
1767,1107871
1888,1107903
1693,1107935
1099,1107967
1182,1107999
952,1108031
761,1108063
457,1108095
256,1108127
287,1108159
139,1108191
710,1108223
925,1108255
860,1108287
1034,1108319
1625,1108351
1856,1108383
1772,1108415
1865,1108447
2008,1108479
1493,1108511
1223,1108543
942,1108575
811,1108607
581,1108639
314,1108671
507,1108703
0,1108735
40,1108767
600,1108799
879,1108831
715,1108863
1242,1108895
1144,1108927
1808,1108959
1549,1108991
2176,1109023
2253,1109055
1578,1109087
1838,1109119
1499,1109151
907,1109183
1145,1109215
431,1109247
271,1109279
9,1109311
0,1109343
119,1109375
618,1109407
491,1109439
795,1109471
923,1109503
1212,1109535
1406,1109567
1612,1109599
1947,1109631
1831,1109663
1546,1109695
1389,1109727
1163,1109759
904,1109791
1052,1109823
823,1109855
248,1109887
320,1109919
270,1109951
505,1109983
655,1110015
927,1110047
1197,1110079
976,1110111
1576,1110143
1848,1110175
1670,1110207
1900,1110239
2063,1110271
1879,1110303
1228,1110335
1002,1110367
1132,1110399
601,1110431
329,1110463
94,1110495
0,1110527
0,1110559
553,1110591
827,1110623
664,1110655
857,1110687
1455,1110719
1755,1110751
1577,1110783
2171,1110815
2314,1110847
2136,1110879
1790,1110911
1610,1110943
1373,1110975
716,1111007
582,1111039
684,1111071
64,1111103
283,1111135
329,1111167
216,1111199
428,1111231
638,1111263
925,1111295
1528,1111327
1342,1111359
1656,1111391
2186,1111423
1879,1111455
1608,1111487
1354,1111519
1191,1111551
1292,1111583
688,1111615
536,1111647
279,1111679
54,1111711
205,1111743
111,1111775
311,1111807
876,1111839
1143,1111871
1017,1111903
1564,1111935
1792,1111967
2071,1111999
2222,1112031
2172,1112063
1932,1112095
1288,1112127
1422,1112159
1192,1112191
654,1112223
382,1112255
493,1112287
272,1112319
0,1112351
74,1112383
652,1112415
603,1112447
805,1112479
1453,1112511
1291,1112543
1516,1112575
1710,1112607
2399,1112639
1783,1112671
1545,1112703
1659,1112735
1482,1112767
859,1112799
923,1112831
747,1112863
559,1112895
0,1112927
0,1112959
543,1112991
350,1113023
1063,1113055
1184,1113087
1061,1113119
1264,1113151
1496,1113183
1799,1113215
2317,1113247
1639,1113279
1500,1113311
1562,1113343
968,1113375
728,1113407
494,1113439
331,1113471
464,1113503
0,1113535
57,1113567
328,1113599
440,1113631
745,1113663
967,1113695
1160,1113727
1786,1113759
1549,1113791
1895,1113823
2238,1113855
2042,1113887
1802,1113919
1483,1113951
1294,1113983
1101,1114015
442,1114047
569,1114079
376,1114111
0,1114143
23,1114175
590,1114207
863,1114239
696,1114271
922,1114303
1504,1114335
1423,1114367
1610,1114399
2345,1114431
1836,1114463
1562,1114495
1288,1114527
1543,1114559
919,1114591
658,1114623
793,1114655
619,1114687
16,1114719
251,1114751
489,1114783
773,1114815
896,1114847
807,1114879
1405,1114911
1208,1114943
1527,1114975
2112,1115007
1928,1115039
1693,1115071
1852,1115103
1255,1115135
1433,1115167
777,1115199
616,1115231
744,1115263
122,1115295
0,1115327
271,1115359
188,1115391
793,1115423
586,1115455
875,1115487
1111,1115519
1291,1115551
1593,1115583
1800,1115615
1934,1115647
2105,1115679
1771,1115711
1239,1115743
1356,1115775
1163,1115807
589,1115839
668,1115871
440,1115903
233,1115935
315,1115967
586,1115999
800,1116031
640,1116063
1226,1116095
1452,1116127
1372,1116159
1552,1116191
2156,1116223
2175,1116255
1626,1116287
1339,1116319
1205,1116351
972,1116383
702,1116415
440,1116447
293,1116479
59,1116511
0,1116543
491,1116575
331,1116607
554,1116639
1103,1116671
1401,1116703
1230,1116735
1775,1116767
1662,1116799
2345,1116831
1753,1116863
1608,1116895
1723,1116927
1054,1116959
831,1116991
982,1117023
399,1117055
621,1117087
0,1117119
0,1117151
490,1117183
300,1117215
621,1117247
1132,1117279
1002,1117311
1307,1117343
1437,1117375
1737,1117407
1929,1117439
1696,1117471
1561,1117503
1302,1117535
1021,1117567
877,1117599
905,1117631
391,1117663
528,1117695
299,1117727
6,1117759
538,1117791
794,1117823
1017,1117855
1177,1117887
1449,1117919
1723,1117951
1496,1117983
2108,1118015
2283,1118047
1640,1118079
1404,1118111
1533,1118143
1341,1118175
716,1118207
492,1118239
351,1118271
95,1118303
0,1118335
0,1118367
279,1118399
455,1118431
634,1118463
1341,1118495
1177,1118527
1370,1118559
1983,1118591
2286,1118623
1895,1118655
2010,1118687
1785,1118719
1595,1118751
1261,1118783
711,1118815
858,1118847
206,1118879
351,1118911
189,1118943
42,1118975
715,1119007
841,1119039
724,1119071
1353,1119103
1150,1119135
1447,1119167
2060,1119199
1880,1119231
1851,1119263
1912,1119295
1351,1119327
1083,1119359
839,1119391
667,1119423
450,1119455
176,1119487
24,1119519
236,1119551
138,1119583
734,1119615
633,1119647
825,1119679
1390,1119711
1661,1119743
1544,1119775
2093,1119807
2330,1119839
2166,1119871
1837,1119903
1642,1119935
1404,1119967
781,1119999
906,1120031
668,1120063
480,1120095
0,1120127
250,1120159
218,1120191
399,1120223
585,1120255
1163,1120287
1117,1120319
1308,1120351
1486,1120383
1819,1120415
1958,1120447
1678,1120479
1897,1120511
1256,1120543
1033,1120575
1135,1120607
969,1120639
349,1120671
408,1120703
0,1120735
416,1120767
186,1120799
782,1120831
1068,1120863
870,1120895
1580,1120927
1711,1120959
1577,1120991
2293,1121023
1808,1121055
1642,1121087
1785,1121119
1116,1121151
985,1121183
1038,1121215
456,1121247
216,1121279
77,1121311
0,1121343
56,1121375
248,1121407
569,1121439
1098,1121471
950,1121503
1255,1121535
1480,1121567
1678,1121599
2318,1121631
2219,1121663
1624,1121695
1708,1121727
1504,1121759
1275,1121791
960,1121823
779,1121855
588,1121887
0,1121919
192,1121951
460,1121983
734,1122015
527,1122047
1112,1122079
1032,1122111
1208,1122143
1436,1122175
2042,1122207
1958,1122239
1688,1122271
1453,1122303
1309,1122335
1048,1122367
774,1122399
1019,1122431
405,1122463
149,1122495
271,1122527
365,1122559
204,1122591
765,1122623
1005,1122655
1288,1122687
1419,1122719
1706,1122751
1935,1122783
1725,1122815
1959,1122847
2076,1122879
1421,1122911
1659,1122943
1322,1122975
742,1123007
911,1123039
267,1123071
95,1123103
221,1123135
0,1123167
190,1123199
475,1123231
700,1123263
1311,1123295
1098,1123327
1388,1123359
1966,1123391
1816,1123423
1913,1123455
1644,1123487
1414,1123519
1567,1123551
985,1123583
727,1123615
842,1123647
649,1123679
76,1123711
175,1123743
426,1123775
679,1123807
830,1123839
1099,1123871
1324,1123903
1597,1123935
1754,1123967
1982,1123999
1900,1124031
1752,1124063
1884,1124095
1648,1124127
1112,1124159
828,1124191
955,1124223
457,1124255
200,1124287
0,1124319
0,1124351
154,1124383
346,1124415
1002,1124447
829,1124479
1368,1124511
1632,1124543
1933,1124575
1756,1124607
2299,1124639
2135,1124671
1959,1124703
1226,1124735
1085,1124767
1195,1124799
542,1124831
795,1124863
464,1124895
0,1124927
365,1124959
126,1124991
424,1125023
1006,1125055
810,1125087
1133,1125119
1336,1125151
1516,1125183
1837,1125215
1868,1125247
1703,1125279
1864,1125311
1176,1125343
1047,1125375
782,1125407
510,1125439
361,1125471
137,1125503
0,1125535
384,1125567
631,1125599
924,1125631
1050,1125663
1312,1125695
1543,1125727
1694,1125759
1979,1125791
2253,1125823
1807,1125855
1948,1125887
1754,1125919
1116,1125951
890,1125983
1016,1126015
826,1126047
206,1126079
0,1126111
127,1126143
69,1126175
249,1126207
473,1126239
786,1126271
969,1126303
1158,1126335
1869,1126367
1703,1126399
2297,1126431
2187,1126463
2011,1126495
1368,1126527
1480,1126559
1257,1126591
1083,1126623
750,1126655
203,1126687
343,1126719
0,1126751
156,1126783
716,1126815
552,1126847
1228,1126879
1358,1126911
1227,1126943
1885,1126975
1676,1127007
1975,1127039
1764,1127071
1481,1127103
1324,1127135
1376,1127167
840,1127199
985,1127231
319,1127263
155,1127295
0,1127327
0,1127359
222,1127391
427,1127423
652,1127455
1258,1127487
1135,1127519
1335,1127551
1918,1127583
2191,1127615
1973,1127647
2048,1127679
1450,1127711
1625,1127743
1308,1127775
1116,1127807
889,1127839
268,1127871
392,1127903
152,1127935
352,1127967
200,1127999
761,1128031
991,1128063
912,1128095
1088,1128127
1690,1128159
1640,1128191
1834,1128223
1802,1128255
1661,1128287
1432,1128319
1549,1128351
1359,1128383
744,1128415
511,1128447
619,1128479
456,1128511
0,1128543
382,1128575
299,1128607
943,1128639
697,1128671
1308,1128703
1584,1128735
1382,1128767
2110,1128799
2240,1128831
1771,1128863
2013,1128895
1288,1128927
1118,1128959
856,1128991
601,1129023
474,1129055
528,1129087
0,1129119
0,1129151
76,1129183
363,1129215
554,1129247
760,1129279
1086,1129311
1284,1129343
1466,1129375
1781,1129407
2011,1129439
1766,1129471
1918,1129503
1685,1129535
1099,1129567
1181,1129599
552,1129631
757,1129663
444,1129695
265,1129727
331,1129759
138,1129791
714,1129823
984,1129855
1248,1129887
1038,1129919
1628,1129951
1914,1129983
1734,1130015
1864,1130047
1998,1130079
1450,1130111
1163,1130143
938,1130175
796,1130207
536,1130239
683,1130271
503,1130303
0,1130335
17,1130367
603,1130399
888,1130431
726,1130463
1280,1130495
1527,1130527
1816,1130559
1946,1130591
2236,1130623
2251,1130655
1576,1130687
1431,1130719
1547,1130751
908,1130783
1131,1130815
809,1130847
233,1130879
8,1130911
0,1130943
88,1130975
666,1131007
494,1131039
795,1131071
1307,1131103
1213,1131135
1837,1131167
1623,1131199
1916,1131231
1820,1131263
1535,1131295
1386,1131327
1127,1131359
890,1131391
1040,1131423
475,1131455
217,1131487
318,1131519
0,1131551
173,1131583
702,1131615
928,1131647
1195,1131679
1352,1131711
1625,1131743
1851,1131775
2136,1131807
2282,1131839
2061,1131871
1510,1131903
1225,1131935
1356,1131967
1129,1131999
590,1132031
316,1132063
440,1132095
0,1132127
0,1132159
592,1132191
443,1132223
668,1132255
858,1132287
1529,1132319
1351,1132351
1589,1132383
2170,1132415
2363,1132447
1710,1132479
1787,1132511
1607,1132543
1419,1132575
714,1132607
571,1132639
683,1132671
40,1132703
267,1132735
332,1132767
205,1132799
421,1132831
647,1132863
933,1132895
1530,1132927
1324,1132959
1658,1132991
2184,1133023
1830,1133055
1675,1133087
1344,1133119
1177,1133151
909,1133183
666,1133215
536,1133247
280,1133279
17,1133311
0,1133343
120,1133375
316,1133407
912,1133439
698,1133471
1021,1133503
1568,1133535
1848,1133567
2075,1133599
2232,1133631
2171,1133663
1977,1133695
1290,1133727
1421,1133759
1228,1133791
605,1133823
378,1133855
494,1133887
304,1133919
0,1133951
78,1133983
652,1134015
583,1134047
762,1134079
1465,1134111
1291,1134143
1483,1134175
1670,1134207
2407,1134239
1781,1134271
1500,1134303
1657,1134335
1479,1134367
856,1134399
956,1134431
733,1134463
557,1134495
224,1134527
0,1134559
555,1134591
352,1134623
668,1134655
1240,1134687
1064,1134719
1264,1134751
1886,1134783
1753,1134815
2313,1134847
1630,1134879
1464,1134911
1600,1134943
966,1134975
812,1135007
871,1135039
330,1135071
463,1135103
0,1135135
28,1135167
260,1135199
442,1135231
743,1135263
938,1135295
1162,1135327
1785,1135359
1929,1135391
1863,1135423
2234,1135455
2039,1135487
1451,1135519
1528,1135551
1292,1135583
1095,1135615
795,1135647
606,1135679
368,1135711
0,1135743
379,1135775
592,1135807
864,1135839
699,1135871
1280,1135903
1515,1135935
1434,1135967
1614,1135999
1934,1136031
1834,1136063
1560,1136095
1276,1136127
1141,1136159
915,1136191
650,1136223
845,1136255
235,1136287
16,1136319
252,1136351
539,1136383
380,1136415
904,1136447
808,1136479
1465,1136511
1212,1136543
1528,1136575
2121,1136607
1902,1136639
1691,1136671
1848,1136703
1245,1136735
1479,1136767
768,1136799
612,1136831
734,1136863
102,1136895
0,1136927
282,1136959
167,1136991
461,1137023
591,1137055
874,1137087
1064,1137119
1272,1137151
1596,1137183
1804,1137215
1885,1137247
1737,1137279
1770,1137311
1238,1137343
1390,1137375
1161,1137407
585,1137439
668,1137471
474,1137503
219,1137535
319,1137567
589,1137599
857,1137631
810,1137663
1230,1137695
1500,1137727
1786,1137759
1552,1137791
2159,1137823
2222,1137855
1576,1137887
1338,1137919
1198,1137951
935,1137983
654,1138015
431,1138047
284,1138079
24,1138111
0,1138143
487,1138175
329,1138207
521,1138239
1114,1138271
1403,1138303
1238,1138335
1808,1138367
2059,1138399
2348,1138431
2138,1138463
1565,1138495
1723,1138527
1052,1138559
1200,1138591
1020,1138623
398,1138655
619,1138687
287,1138719
0,1138751
491,1138783
302,1138815
599,1138847
1178,1138879
1004,1138911
1308,1138943
1835,1138975
1739,1139007
2375,1139039
1694,1139071
1527,1139103
1293,1139135
1021,1139167
872,1139199
942,1139231
388,1139263
525,1139295
0,1139327
0,1139359
536,1139391
797,1139423
683,1139455
1216,1139487
1456,1139519
1723,1139551
1880,1139583
2154,1139615
2272,1139647
2089,1139679
1771,1139711
1520,1139743
988,1139775
715,1139807
840,1139839
345,1139871
78,1139903
0,1139935
315,1139967
275,1139999
462,1140031
638,1140063
955,1140095
1180,1140127
1369,1140159
2047,1140191
1880,1140223
1886,1140255
2007,1140287
1835,1140319
1195,1140351
1259,1140383
712,1140415
907,1140447
204,1140479
348,1140511
201,1140543
23,1140575
717,1140607
844,1140639
719,1140671
1407,1140703
1162,1140735
1448,1140767
2060,1140799
1848,1140831
1849,1140863
1910,1140895
1306,1140927
1161,1140959
828,1140991
666,1141023
399,1141055
141,1141087
24,1141119
240,1141151
106,1141183
406,1141215
632,1141247
836,1141279
1438,1141311
1673,1141343
1543,1141375
2096,1141407
2377,1141439
2154,1141471
1832,1141503
1641,1141535
1440,1141567
768,1141599
906,1141631
714,1141663
92,1141695
0,1141727
256,1141759
194,1141791
362,1141823
587,1141855
1166,1141887
1095,1141919
1261,1141951
1487,1141983
1817,1142015
1912,1142047
1627,1142079
1886,1142111
1255,1142143
984,1142175
1131,1142207
966,1142239
343,1142271
444,1142303
215,1142335
427,1142367
558,1142399
844,1142431
1067,1142463
863,1142495
1179,1142527
1760,1142559
1578,1142591
2295,1142623
2200,1142655
1594,1142687
1787,1142719
1113,1142751
951,1142783
1082,1142815
457,1142847
299,1142879
348,1142911
0,1142943
57,1142975
253,1143007
539,1143039
1102,1143071
955,1143103
1256,1143135
1453,1143167
1688,1143199
2317,1143231
1851,1143263
1589,1143295
1696,1143327
1501,1143359
925,1143391
1003,1143423
778,1143455
583,1143487
283,1143519
238,1143551
463,1143583
313,1143615
891,1143647
1114,1143679
1036,1143711
1212,1143743
1806,1143775
2043,1143807
1960,1143839
1679,1143871
1821,1143903
1308,1143935
1039,1143967
764,1143999
635,1144031
407,1144063
139,1144095
329,1144127
0,1144159
218,1144191
778,1144223
1065,1144255
893,1144287
1420,1144319
1707,1144351
1997,1144383
1726,1144415
1948,1144447
2075,1144479
1390,1144511
1656,1144543
1312,1144575
733,1144607
959,1144639
255,1144671
101,1144703
218,1144735
0,1144767
283,1144799
796,1144831
667,1144863
877,1144895
1100,1144927
1384,1144959
2014,1144991
1800,1145023
1911,1145055
1642,1145087
1358,1145119
1211,1145151
984,1145183
718,1145215
874,1145247
637,1145279
76,1145311
186,1145343
456,1145375
681,1145407
832,1145439
1109,1145471
1371,1145503
1160,1145535
1756,1145567
2027,1145599
1852,1145631
1744,1145663
1882,1145695
1690,1145727
1050,1145759
828,1145791
955,1145823
424,1145855
141,1145887
0,1145919
0,1145951
122,1145983
303,1146015
1003,1146047
840,1146079
1032,1146111
1642,1146143
1933,1146175
1758,1146207
2336,1146239
2126,1146271
1947,1146303
1609,1146335
1046,1146367
1195,1146399
542,1146431
405,1146463
503,1146495
0,1146527
376,1146559
508,1146591
389,1146623
1005,1146655
811,1146687
1111,1146719
1336,1146751
1517,1146783
1740,1146815
2254,1146847
1693,1146879
1853,1146911
1166,1146943
1001,1146975
783,1147007
512,1147039
350,1147071
104,1147103
0,1147135
397,1147167
287,1147199
479,1147231
1052,1147263
1321,1147295
1198,1147327
1742,1147359
1980,1147391
2253,1147423
2184,1147455
1984,1147487
1753,1147519
1116,1147551
1242,1147583
1008,1147615
484,1147647
204,1147679
329,1147711
135,1147743
74,1147775
251,1147807
828,1147839
787,1147871
972,1147903
1148,1147935
1467,1147967
1705,1147999
1900,1148031
2253,1148063
1596,1148095
1366,1148127
1482,1148159
1303,1148191
683,1148223
746,1148255
202,1148287
381,1148319
0,1148351
446,1148383
728,1148415
527,1148447
1239,1148479
1368,1148511
1231,1148543
1945,1148575
1678,1148607
1976,1148639
1708,1148671
1450,1148703
1321,1148735
1374,1148767
793,1148799
645,1148831
319,1148863
153,1148895
0,1148927
0,1148959
235,1148991
427,1149023
616,1149055
911,1149087
1145,1149119
1340,1149151
1965,1149183
2201,1149215
1961,1149247
2048,1149279
1854,1149311
1623,1149343
1305,1149375
1115,1149407
921,1149439
267,1149471
382,1149503
187,1149535
0,1149567
191,1149599
768,1149631
1038,1149663
1358,1149695
1098,1149727
1691,1149759
1608,1149791
1788,1149823
1792,1149855
1657,1149887
1385,1149919
1536,1149951
1357,1149983
743,1150015
472,1150047
607,1150079
443,1150111
0,1150143
432,1150175
669,1150207
952,1150239
1071,1150271
1354,1150303
1592,1150335
1384,1150367
1707,1150399
2296,1150431
1768,1150463
2008,1150495
1664,1150527
1078,1150559
847,1150591
601,1150623
439,1150655
570,1150687
0,1150719
0,1150751
447,1150783
374,1150815
560,1150847
762,1150879
1047,1150911
1624,1150943
1468,1150975
1783,1151007
1977,1151039
1757,1151071
1913,1151103
1325,1151135
1063,1151167
1180,1151199
985,1151231
412,1151263
489,1151295
252,1151327
333,1151359
490,1151391
762,1151423
988,1151455
816,1151487
1404,1151519
1630,1151551
1550,1151583
1728,1151615
2236,1151647
1997,1151679
1446,1151711
1163,1151743
1291,1151775
794,1151807
536,1151839
733,1151871
119,1151903
0,1151935
21,1151967
655,1151999
501,1152031
729,1152063
1290,1152095
1583,1152127
1415,1152159
1948,1152191
2235,1152223
2301,1152255
1567,1152287
1420,1152319
1535,1152351
879,1152383
1131,1152415
808,1152447
231,1152479
0,1152511
0,1152543
87,1152575
670,1152607
474,1152639
807,1152671
1308,1152703
1178,1152735
1390,1152767
1625,1152799
1916,1152831
2204,1152863
1515,1152895
1383,1152927
1116,1152959
845,1152991
699,1153023
472,1153055
204,1153087
350,1153119
0,1153151
173,1153183
704,1153215
974,1153247
1207,1153279
1354,1153311
1626,1153343
1903,1153375
1679,1153407
2284,1153439
2096,1153471
1450,1153503
1225,1153535
1354,1153567
1164,1153599
548,1153631
316,1153663
441,1153695
0,1153727
0,1153759
607,1153791
443,1153823
635,1153855
812,1153887
1515,1153919
1353,1153951
1547,1153983
2171,1154015
2359,1154047
1716,1154079
1822,1154111
1597,1154143
1419,1154175
1083,1154207
537,1154239
672,1154271
30,1154303
0,1154335
382,1154367
218,1154399
415,1154431
1021,1154463
900,1154495
1531,1154527
1328,1154559
1627,1154591
2238,1154623
1830,1154655
1578,1154687
1727,1154719
1177,1154751
1325,1154783
656,1154815
491,1154847
269,1154879
8,1154911
0,1154943
91,1154975
314,1155007
919,1155039
1056,1155071
990,1155103
1568,1155135
1849,1155167
1723,1155199
2281,1155231
2174,1155263
1966,1155295
1657,1155327
1456,1155359
1225,1155391
602,1155423
729,1155455
494,1155487
0,1155519
0,1155551
428,1155583
656,1155615
586,1155647
762,1155679
1069,1155711
1303,1155743
1487,1155775
1673,1155807
1998,1155839
1770,1155871
1496,1155903
1708,1155935
1079,1155967
855,1155999
956,1156031
791,1156063
171,1156095
224,1156127
0,1156159
603,1156191
362,1156223
679,1156255
1245,1156287
1040,1156319
1273,1156351
1898,1156383
1755,1156415
2361,1156447
1639,1156479
1462,1156511
1600,1156543
938,1156575
810,1156607
862,1156639
284,1156671
137,1156703
0,1156735
37,1156767
230,1156799
424,1156831
744,1156863
940,1156895
1126,1156927
1432,1156959
1933,1156991
1864,1157023
2269,1157055
2029,1157087
1437,1157119
1518,1157151
1326,1157183
1099,1157215
793,1157247
600,1157279
411,1157311
0,1157343
377,1157375
647,1157407
484,1157439
701,1157471
1280,1157503
1563,1157535
1384,1157567
1616,1157599
1944,1157631
1800,1157663
1510,1157695
1274,1157727
1142,1157759
871,1157791
590,1157823
843,1157855
231,1157887
0,1157919
251,1157951
541,1157983
383,1158015
950,1158047
1183,1158079
1468,1158111
1598,1158143
1497,1158175
2123,1158207
1903,1158239
2077,1158271
1888,1158303
1242,1158335
1479,1158367
1144,1158399
558,1158431
735,1158463
90,1158495
0,1158527
320,1158559
164,1158591
459,1158623
968,1158655
877,1158687
1070,1158719
1276,1158751
1565,1158783
1805,1158815
1881,1158847
1726,1158879
1805,1158911
1230,1158943
1387,1158975
813,1159007
553,1159039
664,1159071
459,1159103
0,1159135
363,1159167
590,1159199
857,1159231
1017,1159263
1276,1159295
1503,1159327
1327,1159359
1934,1159391
2169,1159423
1860,1159455
1567,1159487
1696,1159519
1193,1159551
932,1159583
651,1159615
779,1159647
282,1159679
21,1159711
0,1159743
107,1159775
332,1159807
524,1159839
1179,1159871
1016,1159903
1240,1159935
1820,1159967
2120,1159999
1933,1160031
2137,1160063
1564,1160095
1773,1160127
1049,1160159
1200,1160191
1019,1160223
368,1160255
615,1160287
286,1160319
0,1160351
553,1160383
311,1160415
601,1160447
1184,1160479
986,1160511
1319,1160543
1838,1160575
1703,1160607
1916,1160639
1787,1160671
1515,1160703
1254,1160735
999,1160767
862,1160799
940,1160831
344,1160863
189,1160895
0,1160927
0,1160959
576,1160991
799,1161023
686,1161055
1227,1161087
1496,1161119
1725,1161151
1881,1161183
2156,1161215
2327,1161247
1624,1161279
1760,1161311
1568,1161343
1376,1161375
715,1161407
832,1161439
310,1161471
36,1161503
0,1161535
317,1161567
248,1161599
424,1161631
649,1161663
955,1161695
1641,1161727
1325,1161759
2056,1161791
1881,1161823
1848,1161855
1999,1161887
1831,1161919
1190,1161951
1295,1161983
1081,1162015
893,1162047
569,1162079
384,1162111
203,1162143
24,1162175
340,1162207
896,1162239
729,1162271
1415,1162303
1536,1162335
1414,1162367
2061,1162399
1852,1162431
1817,1162463
1950,1162495
1296,1162527
1055,1162559
888,1162591
666,1162623
807,1162655
144,1162687
0,1162719
240,1162751
108,1162783
408,1162815
603,1162847
826,1162879
1437,1162911
1321,1162943
1515,1162975
2108,1163007
2381,1163039
1787,1163071
1872,1163103
1640,1163135
1437,1163167
1130,1163199
941,1163231
713,1163263
509,1163295
214,1163327
254,1163359
194,1163391
365,1163423
943,1163455
1176,1163487
1095,1163519
1272,1163551
1871,1163583
1829,1163615
1904,1163647
1615,1163679
1479,1163711
1243,1163743
984,1163775
1181,1163807
571,1163839
632,1163871
443,1163903
265,1163935
54,1163967
560,1163999
843,1164031
1118,1164063
878,1164095
1189,1164127
1760,1164159
1562,1164191
2299,1164223
2199,1164255
1591,1164287
1833,1164319
1104,1164351
941,1164383
1082,1164415
425,1164447
296,1164479
40,1164511
0,1164543
123,1164575
254,1164607
548,1164639
1148,1164671
936,1164703
1260,1164735
1462,1164767
1644,1164799
1961,1164831
1850,1164863
1576,1164895
1740,1164927
1499,1164959
921,1164991
1006,1165023
808,1165055
574,1165087
270,1165119
247,1165151
510,1165183
304,1165215
890,1165247
1161,1165279
988,1165311
1213,1165343
1816,1165375
2093,1165407
1911,1165439
1679,1165471
1819,1165503
1264,1165535
988,1165567
764,1165599
619,1165631
360,1165663
89,1165695
317,1165727
1,1165759
567,1165791
779,1165823
1067,1165855
902,1165887
1469,1165919
1709,1165951
1996,1165983
2127,1166015
1912,1166047
2063,1166079
1390,1166111
1253,1166143
1359,1166175
732,1166207
957,1166239
630,1166271
54,1166303
214,1166335
0,1166367
265,1166399
488,1166431
678,1166463
969,1166495
1487,1166527
1400,1166559
2023,1166591
1802,1166623
1866,1166655
1640,1166687
1358,1166719
1207,1166751
951,1166783
716,1166815
871,1166847
301,1166879
40,1166911
186,1166943
459,1166975
349,1167007
889,1167039
749,1167071
1374,1167103
1529,1167135
1805,1167167
2041,1167199
1856,1167231
2120,1167263
1872,1167295
1688,1167327
1049,1167359
1178,1167391
944,1167423
422,1167455
142,1167487
264,1167519
0,1167551
134,1167583
304,1167615
617,1167647
843,1167679
1417,1167711
1705,1167743
1531,1167775
1768,1167807
2349,1167839
2183,1167871
1531,1167903
1598,1167935
1040,1167967
1243,1167999
537,1168031
686,1168063
503,1168095
0,1168127
379,1168159
512,1168191
393,1168223
1067,1168255
815,1168287
1112,1168319
1294,1168351
1508,1168383
1835,1168415
2254,1168447
1646,1168479
1497,1168511
1166,1168543
1000,1168575
732,1168607
487,1168639
359,1168671
102,1168703
0,1168735
73,1168767
285,1168799
489,1168831
1098,1168863
1323,1168895
1207,1168927
1756,1168959
1560,1168991
2262,1169023
2176,1169055
1982,1169087
1791,1169119
1104,1169151
1241,1169183
1051,1169215
862,1169247
201,1169279
316,1169311
172,1169343
38,1169375
252,1169407
828,1169439
750,1169471
932,1169503
1160,1169535
1468,1169567
1669,1169599
2301,1169631
2235,1169663
1593,1169695
1321,1169727
1471,1169759
1294,1169791
680,1169823
780,1169855
553,1169887
379,1169919
219,1169951
496,1169983
729,1170015
528,1170047
843,1170079
1418,1170111
1232,1170143
1943,1170175
2075,1170207
1933,1170239
1706,1170271
1452,1170303
1287,1170335
1422,1170367
793,1170399
633,1170431
685,1170463
150,1170495
285,1170527
0,1170559
215,1170591
439,1170623
620,1170655
920,1170687
1115,1170719
1340,1170751
1975,1170783
1847,1170815
1929,1170847
2045,1170879
1391,1170911
1261,1170943
1342,1170975
1114,1171007
919,1171039
618,1171071
426,1171103
185,1171135
397,1171167
556,1171199
780,1171231
708,1171263
877,1171295
1464,1171327
1695,1171359
1610,1171391
1791,1171423
2172,1171455
1653,1171487
1383,1171519
1593,1171551
957,1171583
731,1171615
472,1171647
665,1171679
54,1171711
0,1171743
439,1171775
727,1171807
566,1171839
1080,1171871
1357,1171903
1645,1171935
1387,1171967
1708,1171999
2299,1172031
1739,1172063
1998,1172095
1662,1172127
1069,1172159
824,1172191
591,1172223
430,1172255
566,1172287
0,1172319
0,1172351
458,1172383
334,1172415
637,1172447
765,1172479
1052,1172511
1240,1172543
1452,1172575
1783,1172607
1990,1172639
1706,1172671
1549,1172703
1321,1172735
1062,1172767
1212,1172799
538,1172831
411,1172863
488,1172895
288,1172927
343,1172959
504,1172991
765,1173023
1034,1173055
826,1173087
1408,1173119
1688,1173151
1502,1173183
1740,1173215
2224,1173247
2039,1173279
1387,1173311
1160,1173343
1289,1173375
759,1173407
486,1173439
731,1173471
119,1173503
0,1173535
0,1173567
667,1173599
505,1173631
697,1173663
1295,1173695
1591,1173727
1492,1173759
1996,1173791
2247,1173823
2295,1173855
1952,1173887
1386,1173919
1535,1173951
877,1173983
741,1174015
845,1174047
220,1174079
0,1174111
164,1174143
56,1174175
671,1174207
476,1174239
775,1174271
1358,1174303
1190,1174335
1485,1174367
2014,1174399
1926,1174431
2205,1174463
1513,1174495
1340,1174527
1115,1174559
845,1174591
695,1174623
440,1174655
216,1174687
347,1174719
206,1174751
153,1174783
714,1174815
975,1174847
861,1174879
1402,1174911
1630,1174943
1911,1174975
2063,1175007
2334,1175039
2095,1175071
1448,1175103
1591,1175135
1344,1175167
1164,1175199
539,1175231
663,1175263
432,1175295
0,1175327
0,1175359
219,1175391
444,1175423
638,1175455
815,1175487
1131,1175519
1355,1175551
1550,1175583
2239,1175615
1944,1175647
1707,1175679
1821,1175711
1647,1175743
1019,1175775
1084,1175807
538,1175839
729,1175871
30,1175903
0,1175935
383,1175967
192,1175999
428,1176031
1024,1176063
903,1176095
1593,1176127
1337,1176159
1629,1176191
2238,1176223
1798,1176255
1671,1176287
1726,1176319
1131,1176351
971,1176383
652,1176415
488,1176447
220,1176479
0,1176511
0,1176543
91,1176575
280,1176607
583,1176639
1067,1176671
1000,1176703
1625,1176735
1853,1176767
1724,1176799
2286,1176831
2206,1176863
1965,1176895
1647,1176927
1455,1176959
1261,1176991
592,1177023
728,1177055
526,1177087
344,1177119
0,1177151
432,1177183
703,1177215
546,1177247
764,1177279
1080,1177311
1271,1177343
1449,1177375
1676,1177407
2007,1177439
1724,1177471
1447,1177503
1707,1177535
1078,1177567
809,1177599
953,1177631
779,1177663
166,1177695
254,1177727
329,1177759
615,1177791
736,1177823
646,1177855
1245,1177887
1040,1177919
1663,1177951
1947,1177983
1768,1178015
2359,1178047
2012,1178079
1414,1178111
1597,1178143
936,1178175
776,1178207
896,1178239
280,1178271
123,1178303
167,1178335
40,1178367
633,1178399
428,1178431
716,1178463
942,1178495
1130,1178527
1433,1178559
1980,1178591
1868,1178623
2265,1178655
1673,1178687
1399,1178719
1518,1178751
1323,1178783
759,1178815
828,1178847
598,1178879
397,1178911
141,1178943
426,1178975
651,1179007
921,1179039
1067,1179071
1280,1179103
1211,1179135
1390,1179167
1994,1179199
1944,1179231
1788,1179263
1498,1179295
1643,1179327
1131,1179359
872,1179391
588,1179423
453,1179455
219,1179487
0,1179519
317,1179551
167,1179583
394,1179615
957,1179647
1241,1179679
1070,1179711
1599,1179743
1502,1179775
2183,1179807
1915,1179839
2078,1179871
1887,1179903
1212,1179935
1476,1179967
1144,1179999
559,1180031
781,1180063
78,1180095
0,1180127
330,1180159
144,1180191
471,1180223
974,1180255
844,1180287
1147,1180319
1280,1180351
1576,1180383
1768,1180415
1864,1180447
1725,1180479
1804,1180511
1182,1180543
1033,1180575
809,1180607
550,1180639
696,1180671
461,1180703
0,1180735
380,1180767
636,1180799
861,1180831
1007,1180863
1279,1180895
1561,1180927
1338,1180959
1936,1180991
2216,1181023
1799,1181055
1564,1181087
1695,1181119
1158,1181151
876,1181183
650,1181215
779,1181247
247,1181279
0,1181311
0,1181343
108,1181375
308,1181407
476,1181439
1179,1181471
1016,1181503
1208,1181535
1821,1181567
2123,1181599
1943,1181631
2173,1181663
1949,1181695
1767,1181727
1422,1181759
1244,1181791
1017,1181823
365,1181855
217,1181887
328,1181919
0,1181951
552,1181983
683,1182015
565,1182047
1193,1182079
990,1182111
1287,1182143
1888,1182175
1707,1182207
2023,1182239
2074,1182271
1510,1182303
1243,1182335
991,1182367
827,1182399
938,1182431
334,1182463
185,1182495
0,1182527
0,1182559
574,1182591
473,1182623
663,1182655
1229,1182687
1497,1182719
1383,1182751
1933,1182783
2168,1182815
2317,1182847
1998,1182879
1804,1182911
1564,1182943
938,1182975
1066,1183007
832,1183039
310,1183071
26,1183103
136,1183135
318,1183167
248,1183199
426,1183231
1004,1183263
967,1183295
1150,1183327
1327,1183359
1656,1183391
1886,1183423
1838,1183455
2059,1183487
1415,1183519
1181,1183551
1292,1183583
1127,1183615
507,1183647
570,1183679
383,1183711
263,1183743
29,1183775
343,1183807
904,1183839
712,1183871
1416,1183903
1549,1183935
1417,1183967
2123,1183999
1866,1184031
1812,1184063
1948,1184095
1276,1184127
1145,1184159
1200,1184191
619,1184223
374,1184255
141,1184287
0,1184319
284,1184351
90,1184383
410,1184415
606,1184447
792,1184479
1095,1184511
1323,1184543
1514,1184575
2153,1184607
2383,1184639
1785,1184671
1868,1184703
1677,1184735
1434,1184767
1130,1184799
939,1184831
747,1184863
94,1184895
206,1184927
301,1184959
152,1184991
367,1185023
944,1185055
1215,1185087
1049,1185119
1275,1185151
1872,1185183
1789,1185215
1850,1185247
1614,1185279
1476,1185311
1207,1185343
926,1185375
1191,1185407
565,1185439
297,1185471
429,1185503
251,1185535
56,1185567
606,1185599
845,1185631
1131,1185663
1256,1185695
1160,1185727
1773,1185759
1726,1185791
1884,1185823
2238,1185855
1580,1185887
1820,1185919
1485,1185951
901,1185983
1069,1186015
425,1186047
263,1186079
40,1186111
0,1186143
40,1186175
632,1186207
551,1186239
1149,1186271
940,1186303
1229,1186335
1464,1186367
1647,1186399
1961,1186431
1805,1186463
1576,1186495
1737,1186527
1145,1186559
887,1186591
992,1186623
809,1186655
237,1186687
313,1186719
254,1186751
518,1186783
669,1186815
939,1186847
1165,1186879
998,1186911
1584,1186943
1819,1186975
1736,1187007
1913,1187039
2046,1187071
1818,1187103
1262,1187135
986,1187167
1116,1187199
625,1187231
358,1187263
86,1187295
0,1187327
2,1187359
186,1187391
842,1187423
679,1187455
904,1187487
1470,1187519
1769,1187551
1595,1187583
2136,1187615
1912,1187647
2123,1187679
1389,1187711
1546,1187743
1357,1187775
700,1187807
955,1187839
622,1187871
57,1187903
253,1187935
0,1187967
265,1187999
455,1188031
654,1188063
973,1188095
1496,1188127
1355,1188159
1671,1188191
1805,1188223
1863,1188255
1590,1188287
1336,1188319
1198,1188351
938,1188383
678,1188415
520,1188447
295,1188479
38,1188511
224,1188543
461,1188575
350,1188607
892,1188639
1150,1188671
1383,1188703
1531,1188735
1807,1188767
2091,1188799
1864,1188831
2112,1188863
1917,1188895
1275,1188927
1049,1188959
1168,1188991
987,1189023
365,1189055
140,1189087
256,1189119
0,1189151
90,1189183
312,1189215
629,1189247
811,1189279
1423,1189311
1707,1189343
1532,1189375
1735,1189407
2349,1189439
2172,1189471
1529,1189503
1642,1189535
1417,1189567
1240,1189599
907,1189631
730,1189663
493,1189695
0,1189727
3,1189759
558,1189791
394,1189823
1069,1189855
1197,1189887
1069,1189919
1296,1189951
1513,1189983
1815,1190015
2300,1190047
1644,1190079
1484,1190111
1547,1190143
989,1190175
730,1190207
478,1190239
316,1190271
416,1190303
0,1190335
73,1190367
268,1190399
492,1190431
1097,1190463
983,1190495
1176,1190527
1758,1190559
2029,1190591
1910,1190623
2220,1190655
1980,1190687
1787,1190719
1468,1190751
1277,1190783
1049,1190815
428,1190847
553,1190879
315,1190911
0,1190943
30,1190975
605,1191007
830,1191039
760,1191071
936,1191103
1519,1191135
1478,1191167
1674,1191199
2361,1191231
1820,1191263
1591,1191295
1321,1191327
1527,1191359
901,1191391
670,1191423
777,1191455
601,1191487
4,1191519
223,1191551
503,1191583
781,1191615
539,1191647
852,1191679
1421,1191711
1216,1191743
1947,1191775
2078,1191807
1935,1191839
1680,1191871
1450,1191903
1277,1191935
1418,1191967
762,1191999
633,1192031
684,1192063
106,1192095
0,1192127
0,1192159
203,1192191
808,1192223
592,1192255
920,1192287
1118,1192319
1306,1192351
1613,1192383
1850,1192415
1924,1192447
2088,1192479
1388,1192511
1259,1192543
1338,1192575
1146,1192607
918,1192639
606,1192671
425,1192703
217,1192735
0,1192767
560,1192799
815,1192831
656,1192863
876,1192895
1468,1192927
1742,1192959
1571,1192991
1800,1193023
2168,1193055
1611,1193087
1326,1193119
1591,1193151
956,1193183
695,1193215
422,1193247
667,1193279
52,1193311
0,1193343
440,1193375
729,1193407
567,1193439
1120,1193471
1359,1193503
1655,1193535
1775,1193567
1676,1193599
2303,1193631
1740,1193663
1590,1193695
1708,1193727
1066,1193759
815,1193791
967,1193823
389,1193855
557,1193887
0,1193919
0,1193951
504,1193983
345,1194015
543,1194047
1146,1194079
1062,1194111
1687,1194143
1455,1194175
1753,1194207
1978,1194239
1705,1194271
1547,1194303
1287,1194335
1050,1194367
1209,1194399
890,1194431
376,1194463
478,1194495
282,1194527
19,1194559
539,1194591
774,1194623
1035,1194655
1184,1194687
1455,1194719
1689,1194751
1512,1194783
2122,1194815
2222,1194847
1673,1194879
1386,1194911
1516,1194943
1280,1194975
750,1195007
480,1195039
331,1195071
105,1195103
0,1195135
0,1195167
283,1195199
504,1195231
710,1195263
1357,1195295
1195,1195327
1428,1195359
1999,1195391
2301,1195423
1883,1195455
1947,1195487
1382,1195519
1583,1195551
872,1195583
733,1195615
841,1195647
200,1195679
0,1195711
168,1195743
57,1195775
729,1195807
478,1195839
777,1195871
1360,1195903
1166,1195935
1495,1195967
2016,1195999
1881,1196031
1837,1196063
1503,1196095
1339,1196127
1068,1196159
826,1196191
686,1196223
438,1196255
170,1196287
18,1196319
205,1196351
156,1196383
752,1196415
985,1196447
872,1196479
1408,1196511
1678,1196543
1911,1196575
2074,1196607
2334,1196639
2139,1196671
1449,1196703
1582,1196735
1388,1196767
760,1196799
535,1196831
655,1196863
474,1196895
0,1196927
0,1196959
231,1196991
423,1197023
600,1197055
823,1197087
1140,1197119
1323,1197151
1500,1197183
2238,1197215
1940,1197247
1670,1197279
1819,1197311
1643,1197343
1006,1197375
1118,1197407
905,1197439
717,1197471
392,1197503
0,1197535
391,1197567
192,1197599
800,1197631
1080,1197663
896,1197695
1595,1197727
1725,1197759
1591,1197791
1976,1197823
1792,1197855
1627,1197887
1770,1197919
1130,1197951
968,1197983
1022,1198015
488,1198047
222,1198079
0,1198111
0,1198143
102,1198175
283,1198207
585,1198239
1113,1198271
1002,1198303
1615,1198335
1501,1198367
1692,1198399
2285,1198431
2201,1198463
1607,1198495
1690,1198527
1452,1198559
1259,1198591
953,1198623
765,1198655
537,1198687
0,1198719
217,1198751
432,1198783
704,1198815
543,1198847
1118,1198879
1080,1198911
1272,1198943
1448,1198975
2057,1199007
1995,1199039
1722,1199071
1436,1199103
1293,1199135
1066,1199167
808,1199199
1005,1199231
391,1199263
157,1199295
263,1199327
381,1199359
220,1199391
745,1199423
652,1199455
1295,1199487
1049,1199519
1674,1199551
1949,1199583
1740,1199615
2349,1199647
2010,1199679
1404,1199711
1643,1199743
926,1199775
773,1199807
905,1199839
250,1199871
120,1199903
156,1199935
6,1199967
206,1199999
523,1200031
726,1200063
907,1200095
1115,1200127
1434,1200159
1992,1200191
1831,1200223
1899,1200255
1671,1200287
1400,1200319
1550,1200351
1321,1200383
744,1200415
826,1200447
634,1200479
395,1200511
155,1200543
429,1200575
695,1200607
488,1200639
1070,1200671
1339,1200703
1616,1200735
1390,1200767
1997,1200799
1914,1200831
1734,1200863
1498,1200895
1643,1200927
1095,1200959
812,1200991
586,1201023
444,1201055
184,1201087
0,1201119
325,1201151
169,1201183
361,1201215
956,1201247
1243,1201279
1079,1201311
1646,1201343
1895,1201375
2185,1201407
2300,1201439
2124,1201471
1883,1201503
1210,1201535
1068,1201567
1180,1201599
557,1201631
779,1201663
447,1201695
0,1201727
331,1201759
142,1201791
439,1201823
1020,1201855
844,1201887
1056,1201919
1351,1201951
1580,1201983
2205,1202015
1855,1202047
1688,1202079
1804,1202111
1180,1202143
1022,1202175
775,1202207
548,1202239
686,1202271
127,1202303
0,1202335
378,1202367
638,1202399
523,1202431
1065,1202463
1288,1202495
1561,1202527
1709,1202559
1993,1202591
2220,1202623
2263,1202655
1933,1202687
1694,1202719
1156,1202751
872,1202783
1000,1202815
768,1202847
236,1202879
0,1202911
150,1202943
119,1202975
301,1203007
486,1203039
795,1203071
1017,1203103
1212,1203135
1887,1203167
1708,1203199
2256,1203231
2171,1203263
1995,1203295
1355,1203327
1420,1203359
1239,1203391
1067,1203423
362,1203455
220,1203487
319,1203519
0,1203551
556,1203583
687,1203615
567,1203647
1247,1203679
992,1203711
1288,1203743
1888,1203775
1680,1203807
2009,1203839
1740,1203871
1466,1203903
1311,1203935
986,1203967
823,1203999
971,1204031
304,1204063
173,1204095
0,1204127
0,1204159
247,1204191
473,1204223
667,1204255
1274,1204287
1501,1204319
1383,1204351
1936,1204383
2208,1204415
2315,1204447
1994,1204479
1802,1204511
1611,1204543
926,1204575
1056,1204607
872,1204639
260,1204671
24,1204703
136,1204735
365,1204767
206,1204799
432,1204831
1006,1204863
933,1204895
1110,1204927
1328,1204959
1657,1204991
1852,1205023
1788,1205055
2056,1205087
1413,1205119
1536,1205151
1292,1205183
1117,1205215
500,1205247
603,1205279
379,1205311
267,1205343
396,1205375
312,1205407
906,1205439
713,1205471
1021,1205503
1598,1205535
1418,1205567
2125,1205599
2254,1205631
1753,1205663
1945,1205695
1271,1205727
1103,1205759
878,1205791
616,1205823
459,1205855
508,1205887
0,1205919
293,1205951
91,1205983
380,1206015
615,1206047
795,1206079
1098,1206111
1291,1206143
1517,1206175
2157,1206207
2013,1206239
1749,1206271
1867,1206303
1673,1206335
1083,1206367
1165,1206399
582,1206431
734,1206463
431,1206495
240,1206527
313,1206559
156,1206591
730,1206623
956,1206655
1224,1206687
1052,1206719
1644,1206751
1882,1206783
1800,1206815
1851,1206847
1984,1206879
1467,1206911
1196,1206943
924,1206975
781,1207007
553,1207039
671,1207071
492,1207103
0,1207135
59,1207167
620,1207199
905,1207231
743,1207263
1259,1207295
1162,1207327
1833,1207359
1568,1207391
2200,1207423
2235,1207455
1552,1207487
1819,1207519
1483,1207551
893,1207583
1117,1207615
415,1207647
251,1207679
0,1207711
0,1207743
126,1207775
634,1207807
508,1207839
809,1207871
938,1207903
1238,1207935
1420,1207967
1640,1207999
1975,1208031
1802,1208063
1528,1208095
1373,1208127
1145,1208159
874,1208191
1024,1208223
795,1208255
231,1208287
304,1208319
0,1208351
522,1208383
678,1208415
952,1208447
1212,1208479
999,1208511
1593,1208543
1866,1208575
2144,1208607
1904,1208639
2040,1208671
1852,1208703
1210,1208735
975,1208767
1114,1208799
584,1208831
302,1208863
78,1208895
0,1208927
0,1208959
559,1208991
843,1209023
679,1209055
872,1209087
1471,1209119
1771,1209151
1594,1209183
2184,1209215
2297,1209247
2119,1209279
1771,1209311
1590,1209343
1353,1209375
699,1209407
565,1209439
668,1209471
46,1209503
251,1209535
347,1209567
233,1209599
456,1209631
656,1209663
951,1209695
1546,1209727
1366,1209759
1673,1209791
2202,1209823
2152,1209855
2023,1209887
1336,1209919
1161,1209951
938,1209983
667,1210015
512,1210047
263,1210079
37,1210111
229,1210143
137,1210175
327,1210207
892,1210239
715,1210271
1038,1210303
1582,1210335
1816,1210367
2091,1210399
2238,1210431
2156,1210463
1915,1210495
1723,1210527
1403,1210559
1166,1210591
643,1210623
365,1210655
479,1210687
254,1210719
0,1210751
90,1210783
670,1210815
630,1210847
814,1210879
1485,1210911
1307,1210943
1543,1210975
1736,1211007
2411,1211039
1757,1211071
1529,1211103
1641,1211135
1467,1211167
840,1211199
905,1211231
727,1211263
551,1211295
0,1211327
16,1211359
559,1211391
368,1211423
1079,1211455
1200,1211487
1079,1211519
1288,1211551
1514,1211583
1814,1211615
2297,1211647
1614,1211679
1482,1211711
1536,1211743
952,1211775
799,1211807
475,1211839
315,1211871
47,1211903
0,1211935
74,1211967
278,1211999
456,1212031
758,1212063
984,1212095
1179,1212127
1802,1212159
1568,1212191
1913,1212223
2218,1212255
2026,1212287
1783,1212319
1467,1212351
1276,1212383
1085,1212415
426,1212447
552,1212479
352,1212511
0,1212543
30,1212575
608,1212607
878,1212639
716,1212671
940,1212703
1531,1212735
1449,1212767
1626,1212799
2363,1212831
1820,1212863
1546,1212895
1260,1212927
1515,1212959
893,1212991
633,1213023
777,1213055
604,1213087
0,1213119
264,1213151
507,1213183
792,1213215
919,1213247
822,1213279
1431,1213311
1225,1213343
1543,1213375
2128,1213407
1932,1213439
1678,1213471
1834,1213503
1229,1213535
1407,1213567
760,1213599
599,1213631
720,1213663
107,1213695
0,1213727
295,1213759
216,1213791
809,1213823
605,1213855
892,1213887
1125,1213919
1306,1213951
1613,1213983
1819,1214015
1916,1214047
2079,1214079
1754,1214111
1224,1214143
1337,1214175
1149,1214207
573,1214239
652,1214271
412,1214303
211,1214335
332,1214367
602,1214399
829,1214431
664,1214463
1243,1214495
1469,1214527
1752,1214559
1567,1214591
2173,1214623
2158,1214655
1609,1214687
1324,1214719
1181,1214751
953,1214783
686,1214815
414,1214847
270,1214879
43,1214911
0,1214943
505,1214975
343,1215007
569,1215039
1130,1215071
1421,1215103
1247,1215135
1788,1215167
1690,1215199
2365,1215231
1728,1215263
1590,1215295
1707,1215327
1036,1215359
814,1215391
959,1215423
379,1215455
607,1215487
0,1215519
0,1215551
510,1215583
317,1215615
649,1215647
1152,1215679
1018,1215711
1326,1215743
1464,1215775
1756,1215807
1933,1215839
1676,1215871
1543,1215903
1284,1215935
1003,1215967
857,1215999
890,1216031
374,1216063
508,1216095
281,1216127
24,1216159
554,1216191
816,1216223
1039,1216255
1193,1216287
1465,1216319
1741,1216351
1514,1216383
2120,1216415
2266,1216447
2074,1216479
1384,1216511
1516,1216543
1323,1216575
699,1216607
473,1216639
330,1216671
71,1216703
0,1216735
0,1216767
285,1216799
474,1216831
652,1216863
1357,1216895
1193,1216927
1384,1216959
2009,1216991
2311,1217023
1877,1217055
1991,1217087
1759,1217119
1580,1217151
1246,1217183
696,1217215
832,1217247
188,1217279
334,1217311
214,1217343
63,1217375
731,1217407
859,1217439
741,1217471
1373,1217503
1166,1217535
1465,1217567
2074,1217599
1894,1217631
1833,1217663
1886,1217695
1335,1217727
1485,1217759
824,1217791
651,1217823
428,1217855
156,1217887
4,1217919
252,1217951
168,1217983
761,1218015
651,1218047
839,1218079
1408,1218111
1687,1218143
1561,1218175
2112,1218207
2332,1218239
2135,1218271
1820,1218303
1624,1218335
1385,1218367
1197,1218399
888,1218431
654,1218463
132,1218495
0,1218527
268,1218559
231,1218591
425,1218623
603,1218655
1179,1218687
1141,1218719
1326,1218751
1512,1218783
1835,1218815
1930,1218847
1662,1218879
1871,1218911
1240,1218943
1002,1218975
1116,1219007
951,1219039
329,1219071
384,1219103
0,1219135
443,1219167
203,1219199
800,1219231
1081,1219263
880,1219295
1597,1219327
1727,1219359
1593,1219391
2311,1219423
1789,1219455
1625,1219487
1770,1219519
1098,1219551
967,1219583
1018,1219615
440,1219647
285,1219679
0,1219711
0,1219743
70,1219775
265,1219807
588,1219839
1118,1219871
968,1219903
1273,1219935
1499,1219967
1704,1219999
2332,1220031
2201,1220063
1598,1220095
1690,1220127
1496,1220159
1256,1220191
942,1220223
761,1220255
568,1220287
0,1220319
218,1220351
479,1220383
326,1220415
544,1220447
1130,1220479
1040,1220511
1224,1220543
1452,1220575
2060,1220607
1959,1220639
1663,1220671
1435,1220703
1300,1220735
1020,1220767
749,1220799
1003,1220831
381,1220863
121,1220895
255,1220927
381,1220959
221,1220991
782,1221023
1023,1221055
1307,1221087
1433,1221119
1722,1221151
1952,1221183
1756,1221215
1942,1221247
2048,1221279
1404,1221311
1643,1221343
1304,1221375
726,1221407
893,1221439
248,1221471
87,1221503
202,1221535
9,1221567
300,1221599
810,1221631
726,1221663
910,1221695
1117,1221727
1406,1221759
1992,1221791
1835,1221823
1896,1221855
1579,1221887
1390,1221919
1549,1221951
969,1221983
717,1222015
824,1222047
633,1222079
61,1222111
200,1222143
430,1222175
696,1222207
847,1222239
1117,1222271
1340,1222303
1168,1222335
1770,1222367
1999,1222399
1916,1222431
1727,1222463
1867,1222495
1630,1222527
1086,1222559
810,1222591
938,1222623
437,1222655
174,1222687
0,1222719
0,1222751
179,1222783
364,1222815
1020,1222847
856,1222879
1081,1222911
1659,1222943
1949,1222975
1781,1223007
2299,1223039
2121,1223071
1931,1223103
1211,1223135
1067,1223167
1179,1223199
524,1223231
779,1223263
445,1223295
0,1223327
393,1223359
155,1223391
440,1223423
1020,1223455
827,1223487
1159,1223519
1678,1223551
1534,1223583
1756,1223615
1852,1223647
1676,1223679
1838,1223711
1152,1223743
1032,1223775
771,1223807
502,1223839
349,1223871
119,1223903
0,1223935
412,1223967
639,1223999
535,1224031
1066,1224063
1338,1224095
1565,1224127
1711,1224159
1996,1224191
2271,1224223
1788,1224255
1932,1224287
1736,1224319
1098,1224351
872,1224383
992,1224415
809,1224447
190,1224479
0,1224511
156,1224543
89,1224575
265,1224607
488,1224639
796,1224671
986,1224703
1165,1224735
1894,1224767
1720,1224799
1914,1224831
2167,1224863
1993,1224895
1352,1224927
1456,1224959
1241,1224991
1063,1225023
729,1225055
188,1225087
319,1225119
0,1225151
180,1225183
736,1225215
570,1225247
1253,1225279
1375,1225311
1246,1225343
1899,1225375
1692,1225407
1975,1225439
1741,1225471
1465,1225503
1216,1225535
1360,1225567
822,1225599
967,1225631
301,1225663
139,1225695
0,1225727
0,1225759
247,1225791
444,1225823
668,1225855
1277,1225887
1161,1225919
1354,1225951
1936,1225983
2217,1226015
1948,1226047
2032,1226079
1800,1226111
1607,1226143
1291,1226175
1100,1226207
863,1226239
252,1226271
377,1226303
122,1226335
38,1226367
208,1226399
781,1226431
1008,1226463
937,1226495
1110,1226527
1706,1226559
1658,1226591
1854,1226623
1786,1226655
1643,1226687
1404,1226719
1144,1226751
1343,1226783
727,1226815
500,1226847
591,1226879
429,1226911
0,1226943
400,1226975
316,1227007
966,1227039
715,1227071
1324,1227103
1607,1227135
1401,1227167
2135,1227199
2267,1227231
1753,1227263
1995,1227295
1262,1227327
1100,1227359
830,1227391
585,1227423
458,1227455
508,1227487
0,1227519
0,1227551
95,1227583
382,1227615
573,1227647
779,1227679
1098,1227711
1292,1227743
1480,1227775
1799,1227807
2011,1227839
1740,1227871
1902,1227903
1661,1227935
1080,1227967
1164,1227999
970,1228031
733,1228063
428,1228095
238,1228127
351,1228159
155,1228191
733,1228223
1002,1228255
836,1228287
1056,1228319
1644,1228351
1919,1228383
1752,1228415
1838,1228447
1980,1228479
1431,1228511
1146,1228543
922,1228575
777,1228607
519,1228639
665,1228671
477,1228703
0,1228735
25,1228767
618,1228799
907,1228831
743,1228863
1306,1228895
1547,1228927
1835,1228959
1963,1228991
2254,1229023
2233,1229055
1551,1229087
1404,1229119
1519,1229151
891,1229183
1127,1229215
784,1229247
217,1229279
0,1229311
0,1229343
104,1229375
684,1229407
518,1229439
811,1229471
1323,1229503
1238,1229535
1424,1229567
1642,1229599
1931,1229631
2144,1229663
1518,1229695
1367,1229727
1111,1229759
876,1229791
1021,1229823
459,1229855
189,1229887
300,1229919
297,1229951
187,1229983
720,1230015
952,1230047
1212,1230079
1368,1230111
1641,1230143
1869,1230175
1692,1230207
2280,1230239
2042,1230271
1488,1230303
1208,1230335
1337,1230367
1104,1230399
572,1230431
303,1230463
427,1230495
0,1230527
0,1230559
621,1230591
459,1230623
684,1230655
874,1230687
1533,1230719
1369,1230751
1605,1230783
2185,1230815
2347,1230847
1694,1230879
1770,1230911
1583,1230943
1403,1230975
698,1231007
563,1231039
665,1231071
23,1231103
247,1231135
350,1231167
233,1231199
428,1231231
665,1231263
952,1231295
1548,1231327
1341,1231359
1676,1231391
2204,1231423
1807,1231455
1564,1231487
1326,1231519
1160,1231551
1308,1231583
640,1231615
507,1231647
262,1231679
0,1231711
0,1231743
139,1231775
329,1231807
938,1231839
716,1231871
1037,1231903
1584,1231935
1866,1231967
2093,1231999
2240,1232031
2154,1232063
1961,1232095
1263,1232127
1404,1232159
1210,1232191
585,1232223
352,1232255
476,1232287
288,1232319
0,1232351
94,1232383
670,1232415
590,1232447
777,1232479
1483,1232511
1309,1232543
1501,1232575
1689,1232607
2407,1232639
1755,1232671
1482,1232703
1632,1232735
1453,1232767
831,1232799
938,1232831
719,1232863
540,1232895
207,1232927
0,1232959
571,1232991
378,1233023
695,1233055
1248,1233087
1081,1233119
1290,1233151
1911,1233183
1770,1233215
2295,1233247
1612,1233279
1447,1233311
1583,1233343
942,1233375
700,1233407
844,1233439
312,1233471
445,1233503
0,1233535
44,1233567
278,1233599
458,1233631
761,1233663
953,1233695
1179,1233727
1803,1233759
1948,1233791
1879,1233823
2208,1233855
2013,1233887
1307,1233919
1503,1233951
1274,1233983
1079,1234015
777,1234047
586,1234079
347,1234111
0,1234143
393,1234175
618,1234207
550,1234239
719,1234271
1296,1234303
1532,1234335
1455,1234367
1628,1234399
1959,1234431
1815,1234463
1536,1234495
1257,1234527
1115,1234559
890,1234591
630,1234623
828,1234655
215,1234687
0,1234719
271,1234751
557,1234783
406,1234815
920,1234847
826,1234879
1481,1234911
1228,1234943
1546,1234975
2139,1235007
1900,1235039
1673,1235071
1824,1235103
1228,1235135
1465,1235167
752,1235199
589,1235231
716,1235263
76,1235295
0,1235327
298,1235359
186,1235391
477,1235423
607,1235455
894,1235487
1082,1235519
1291,1235551
1621,1235583
1821,1235615
1866,1235647
1709,1235679
1744,1235711
1214,1235743
1374,1235775
1135,1235807
569,1235839
650,1235871
445,1235903
203,1235935
344,1235967
606,1235999
875,1236031
664,1236063
1256,1236095
1518,1236127
1352,1236159
1576,1236191
2176,1236223
2203,1236255
1550,1236287
1320,1236319
1179,1236351
910,1236383
637,1236415
412,1236447
267,1236479
16,1236511
0,1236543
507,1236575
344,1236607
538,1236639
1135,1236671
1422,1236703
1255,1236735
1834,1236767
2075,1236799
2360,1236831
2120,1236863
1546,1236895
1711,1236927
1035,1236959
1184,1236991
1004,1237023
380,1237055
603,1237087
269,1237119
0,1237151
509,1237183
319,1237215
616,1237247
1198,1237279
1020,1237311
1335,1237343
1853,1237375
1765,1237407
1930,1237439
1675,1237471
1502,1237503
1283,1237535
1003,1237567
847,1237599
923,1237631
364,1237663
505,1237695
0,1237727
1,1237759
554,1237791
815,1237823
711,1237855
1243,1237887
1468,1237919
1751,1237951
1888,1237983
2172,1238015
2267,1238047
1600,1238079
1744,1238111
1513,1238143
1322,1238175
688,1238207
824,1238239
342,1238271
72,1238303
0,1238335
331,1238367
295,1238399
486,1238431
655,1238463
971,1238495
1206,1238527
1388,1238559
2075,1238591
1899,1238623
1868,1238655
1991,1238687
1814,1238719
1179,1238751
1242,1238783
686,1238815
889,1238847
188,1238879
330,1238911
217,1238943
40,1238975
742,1239007
862,1239039
743,1239071
1423,1239103
1177,1239135
1467,1239167
2076,1239199
1868,1239231
1832,1239263
1887,1239295
1288,1239327
1036,1239359
908,1239391
649,1239423
380,1239455
136,1239487
3,1239519
256,1239551
122,1239583
425,1239615
649,1239647
842,1239679
1452,1239711
1689,1239743
1561,1239775
2120,1239807
2367,1239839
2126,1239871
1816,1239903
1615,1239935
1421,1239967
752,1239999
888,1240031
686,1240063
504,1240095
0,1240127
270,1240159
202,1240191
380,1240223
604,1240255
1193,1240287
1102,1240319
1288,1240351
1514,1240383
1844,1240415
1893,1240447
1607,1240479
1869,1240511
1227,1240543
967,1240575
1113,1240607
941,1240639
328,1240671
416,1240703
197,1240735
447,1240767
575,1240799
858,1240831
1085,1240863
879,1240895
1206,1240927
1784,1240959
1598,1240991
2312,1241023
2175,1241055
1576,1241087
1759,1241119
1095,1241151
925,1241183
1056,1241215
432,1241247
191,1241279
28,1241311
0,1241343
473,1241375
268,1241407
558,1241439
1120,1241471
970,1241503
1272,1241535
1469,1241567
1704,1241599
2333,1241631
1835,1241663
1561,1241695
1680,1241727
1485,1241759
906,1241791
987,1241823
750,1241855
557,1241887
253,1241919
256,1241951
479,1241983
761,1242015
908,1242047
1131,1242079
1052,1242111
1228,1242143
1823,1242175
2063,1242207
1958,1242239
1663,1242271
1802,1242303
1290,1242335
1020,1242367
748,1242399
606,1242431
378,1242463
122,1242495
301,1242527
16,1242559
528,1242591
794,1242623
1081,1242655
910,1242687
1438,1242719
1725,1242751
2013,1242783
1753,1242815
1930,1242847
2048,1242879
1372,1242911
1639,1242943
1295,1242975
717,1243007
943,1243039
237,1243071
87,1243103
189,1243135
0,1243167
311,1243199
496,1243231
686,1243263
987,1243295
1119,1243327
1414,1243359
2042,1243391
1816,1243423
1895,1243455
1623,1243487
1341,1243519
1195,1243551
967,1243583
714,1243615
858,1243647
623,1243679
55,1243711
204,1243743
476,1243775
697,1243807
848,1243839
1120,1243871
1389,1243903
1176,1243935
1774,1243967
2048,1243999
1870,1244031
1724,1244063
1864,1244095
1673,1244127
1032,1244159
808,1244191
937,1244223
407,1244255
134,1244287
0,1244319
0,1244351
138,1244383
326,1244415
1021,1244447
858,1244479
1432,1244511
1659,1244543
1959,1244575
1784,1244607
2334,1244639
2109,1244671
1931,1244703
1592,1244735
1032,1244767
1177,1244799
512,1244831
378,1244863
480,1244895
0,1244927
392,1244959
526,1244991
406,1245023
1033,1245055
832,1245087
1127,1245119
1356,1245151
1536,1245183
1852,1245215
2238,1245247
1672,1245279
1835,1245311
1151,1245343
985,1245375
770,1245407
492,1245439
344,1245471
87,1245503
0,1245535
423,1245567
315,1245599
504,1245631
1070,1245663
1337,1245695
1215,1245727
1769,1245759
1626,1245791
2269,1245823
2160,1245855
1968,1245887
1727,1245919
1469,1245951
1224,1245983
989,1246015
800,1246047
186,1246079
300,1246111
155,1246143
98,1246175
269,1246207
845,1246239
808,1246271
996,1246303
1167,1246335
1485,1246367
1721,1246399
2317,1246431
2223,1246463
1575,1246495
1341,1246527
1455,1246559
1293,1246591
664,1246623
726,1246655
185,1246687
365,1246719
0,1246751
476,1246783
747,1246815
550,1246847
1255,1246879
1388,1246911
1255,1246943
1951,1246975
1692,1247007
1974,1247039
1690,1247071
1434,1247103
1304,1247135
1360,1247167
777,1247199
623,1247231
300,1247263
137,1247295
0,1247327
0,1247359
254,1247391
452,1247423
634,1247455
935,1247487
1163,1247519
1355,1247551
1982,1247583
2221,1247615
1945,1247647
2032,1247679
1372,1247711
1597,1247743
1280,1247775
1097,1247807
907,1247839
250,1247871
364,1247903
168,1247935
412,1247967
217,1247999
792,1248031
1056,1248063
888,1248095
1115,1248127
1711,1248159
1626,1248191
1804,1248223
1774,1248255
1640,1248287
1365,1248319
1518,1248351
1339,1248383
716,1248415
467,1248447
591,1248479
423,1248511
0,1248543
448,1248575
685,1248607
967,1248639
1097,1248671
1372,1248703
1609,1248735
1403,1248767
1722,1248799
2315,1248831
1751,1248863
1991,1248895
1646,1248927
1053,1248959
828,1248991
582,1249023
423,1249055
552,1249087
0,1249119
0,1249151
473,1249183
391,1249215
987,1249247
784,1249279
1068,1249311
1304,1249343
1484,1249375
1801,1249407
1975,1249439
1738,1249471
1897,1249503
1305,1249535
1038,1249567
1152,1249599
524,1249631
395,1249663
473,1249695
234,1249727
359,1249759
512,1249791
780,1249823
1003,1249855
1277,1249887
1423,1249919
1648,1249951
1576,1249983
1753,1250015
2216,1250047
1978,1250079
1430,1250111
1145,1250143
1272,1250175
776,1250207
510,1250239
717,1250271
93,1250303
0,1250335
28,1250367
683,1250399
519,1250431
745,1250463
1308,1250495
1607,1250527
1429,1250559
1966,1250591
2253,1250623
2285,1250655
1549,1250687
1398,1250719
1517,1250751
860,1250783
1114,1250815
782,1250847
204,1250879
0,1250911
0,1250943
107,1250975
688,1251007
490,1251039
813,1251071
1326,1251103
1198,1251135
1503,1251167
1644,1251199
1942,1251231
1752,1251263
1488,1251295
1365,1251327
1101,1251359
830,1251391
681,1251423
455,1251455
196,1251487
332,1251519
0,1251551
202,1251583
730,1251615
990,1251647
1223,1251679
1372,1251711
1646,1251743
1920,1251775
1694,1251807
2281,1251839
2080,1251871
1434,1251903
1200,1251935
1328,1251967
1147,1251999
524,1252031
300,1252063
425,1252095
0,1252127
0,1252159
621,1252191
460,1252223
651,1252255
836,1252287
1543,1252319
1372,1252351
1564,1252383
2189,1252415
2344,1252447
1691,1252479
1806,1252511
1579,1252543
1399,1252575
1066,1252607
520,1252639
656,1252671
10,1252703
0,1252735
397,1252767
236,1252799
432,1252831
1037,1252863
917,1252895
1549,1252927
1344,1252959
1644,1252991
2256,1253023
1805,1253055
1655,1253087
1707,1253119
1158,1253151
1306,1253183
639,1253215
476,1253247
257,1253279
0,1253311
0,1253343
119,1253375
333,1253407
937,1253439
1080,1253471
1015,1253503
1592,1253535
1867,1253567
1739,1253599
2298,1253631
2143,1253663
1947,1253695
1631,1253727
1437,1253759
1199,1253791
585,1253823
711,1253855
477,1253887
284,1253919
0,1253951
445,1253983
672,1254015
600,1254047
779,1254079
1095,1254111
1319,1254143
1510,1254175
1690,1254207
1988,1254239
1751,1254271
1478,1254303
1689,1254335
1053,1254367
826,1254399
938,1254431
767,1254463
151,1254495
202,1254527
0,1254559
623,1254591
379,1254623
695,1254655
1261,1254687
1062,1254719
1291,1254751
1915,1254783
1783,1254815
2347,1254847
1610,1254879
1435,1254911
1581,1254943
920,1254975
792,1255007
842,1255039
265,1255071
109,1255103
0,1255135
55,1255167
238,1255199
440,1255231
761,1255263
961,1255295
1144,1255327
1451,1255359
1947,1255391
1883,1255423
2252,1255455
2011,1255487
1416,1255519
1498,1255551
1310,1255583
1079,1255615
768,1255647
583,1255679
382,1255711
0,1255743
397,1255775
664,1255807
938,1255839
719,1255871
1306,1255903
1580,1255935
1404,1255967
1630,1255999
1961,1256031
1772,1256063
1484,1256095
1259,1256127
1111,1256159
852,1256191
582,1256223
829,1256255
210,1256287
0,1256319
283,1256351
571,1256383
405,1256415
970,1256447
1209,1256479
1483,1256511
1614,1256543
1526,1256575
2143,1256607
1898,1256639
2059,1256671
1871,1256703
1226,1256735
1463,1256767
1127,1256799
548,1256831
715,1256863
78,1256895
0,1256927
346,1256959
196,1256991
477,1257023
984,1257055
904,1257087
1513,1257119
1294,1257151
1591,1257183
1831,1257215
1868,1257247
1708,1257279
1789,1257311
1212,1257343
1369,1257375
793,1257407
536,1257439
638,1257471
445,1257503
0,1257535
383,1257567
620,1257599
875,1257631
1021,1257663
1295,1257695
1527,1257727
1805,1257759
1960,1257791
2176,1257823
1836,1257855
1548,1257887
1674,1257919
1177,1257951
1240,1257983
639,1258015
764,1258047
263,1258079
6,1258111
0,1258143
127,1258175
347,1258207
540,1258239
1196,1258271
1035,1258303
1257,1258335
1837,1258367
2137,1258399
1960,1258431
2112,1258463
1536,1258495
1753,1258527
1024,1258559
1182,1258591
992,1258623
349,1258655
587,1258687
266,1258719
0,1258751
573,1258783
328,1258815
621,1258847
1210,1258879
1006,1258911
1335,1258943
1856,1258975
1721,1259007
2007,1259039
1664,1259071
1498,1259103
1228,1259135
975,1259167
851,1259199
922,1259231
314,1259263
169,1259295
0,1259327
3,1259359
592,1259391
815,1259423
715,1259455
1244,1259487
1516,1259519
1742,1259551
1900,1259583
2175,1259615
2299,1259647
1600,1259679
1743,1259711
1549,1259743
918,1259775
687,1259807
824,1259839
294,1259871
19,1259903
0,1259935
335,1259967
266,1259999
440,1260031
666,1260063
971,1260095
1163,1260127
1341,1260159
2075,1260191
1900,1260223
1831,1260255
1981,1260287
1805,1260319
1174,1260351
1278,1260383
1055,1260415
878,1260447
554,1260479
368,1260511
223,1260543
45,1260575
351,1260607
910,1260639
746,1260671
1431,1260703
1562,1260735
1431,1260767
2087,1260799
1871,1260831
1787,1260863
1932,1260895
1286,1260927
1128,1260959
1183,1260991
638,1261023
378,1261055
124,1261087
0,1261119
256,1261151
128,1261183
425,1261215
620,1261247
844,1261279
1455,1261311
1339,1261343
1531,1261375
2124,1261407
2365,1261439
1768,1261471
1853,1261503
1614,1261535
1418,1261567
1112,1261599
921,1261631
687,1261663
76,1261695
187,1261727
280,1261759
202,1261791
382,1261823
960,1261855
1184,1261887
1114,1261919
1289,1261951
1887,1261983
1847,1262015
1884,1262047
1597,1262079
1454,1262111
1226,1262143
966,1262175
1165,1262207
542,1262239
318,1262271
416,1262303
235,1262335
71,1262367
584,1262399
861,1262431
1143,1262463
892,1262495
1207,1262527
1789,1262559
1580,1262591
2315,1262623
2176,1262655
1573,1262687
1817,1262719
1086,1262751
922,1262783
1056,1262815
408,1262847
283,1262879
320,1262911
0,1262943
44,1262975
272,1263007
557,1263039
1166,1263071
956,1263103
1274,1263135
1477,1263167
1660,1263199
1981,1263231
1832,1263263
1561,1263295
1724,1263327
1481,1263359
905,1263391
984,1263423
795,1263455
557,1263487
253,1263519
266,1263551
536,1263583
331,1263615
909,1263647
1178,1263679
1004,1263711
1231,1263743
1834,1263775
2111,1263807
1896,1263839
1662,1263871
1801,1263903
1255,1263935
970,1263967
749,1263999
604,1264031
343,1264063
70,1264095
299,1264127
18,1264159
214,1264191
796,1264223
1083,1264255
920,1264287
1483,1264319
1727,1264351
2014,1264383
2142,1264415
1896,1264447
2047,1264479
1373,1264511
1236,1264543
1340,1264575
714,1264607
939,1264639
608,1264671
38,1264703
187,1264735
0,1264767
283,1264799
506,1264831
688,1264863
896,1264895
1504,1264927
1418,1264959
2041,1264991
1824,1265023
1848,1265055
1614,1265087
1338,1265119
1191,1265151
923,1265183
700,1265215
845,1265247
281,1265279
24,1265311
216,1265343
477,1265375
364,1265407
907,1265439
1128,1265471
1399,1265503
1548,1265535
1822,1265567
2047,1265599
1872,1265631
2096,1265663
1854,1265695
1306,1265727
1024,1265759
1152,1265791
935,1265823
396,1265855
123,1265887
240,1265919
0,1265951
142,1265983
327,1266015
637,1266047
858,1266079
1054,1266111
1721,1266143
1547,1266175
1785,1266207
2335,1266239
2169,1266271
1515,1266303
1592,1266335
1024,1266367
1225,1266399
512,1266431
668,1266463
479,1266495
0,1266527
395,1266559
537,1266591
411,1266623
1085,1266655
832,1266687
1130,1266719
1321,1266751
1520,1266783
1863,1266815
2236,1266847
1627,1266879
1471,1266911
1149,1266943
983,1266975
716,1267007
461,1267039
333,1267071
84,1267103
0,1267135
87,1267167
312,1267199
506,1267231
1114,1267263
1341,1267295
1215,1267327
1770,1267359
2046,1267391
2279,1267423
2158,1267455
1966,1267487
1773,1267519
1086,1267551
1216,1267583
1032,1267615
410,1267647
188,1267679
300,1267711
204,1267743
56,1267775
270,1267807
846,1267839
775,1267871
944,1267903
1176,1267935
1495,1267967
1689,1267999
2319,1268031
2219,1268063
1576,1268095
1304,1268127
1452,1268159
1275,1268191
661,1268223
763,1268255
539,1268287
360,1268319
237,1268351
512,1268383
747,1268415
552,1268447
871,1268479
1436,1268511
1256,1268543
1963,1268575
2092,1268607
1925,1268639
1688,1268671
1435,1268703
1271,1268735
1403,1268767
775,1268799
617,1268831
668,1268863
135,1268895
0,1268927
0,1268959
231,1268991
792,1269023
636,1269055
936,1269087
1131,1269119
1358,1269151
1993,1269183
1869,1269215
1911,1269247
2030,1269279
1823,1269311
1245,1269343
1324,1269375
1096,1269407
903,1269439
592,1269471
408,1269503
157,1269535
4,1269567
572,1269599
795,1269631
718,1269663
892,1269695
1480,1269727
1724,1269759
1636,1269791
1816,1269823
2158,1269855
1628,1269887
1357,1269919
1577,1269951
939,1269983
953,1270015
454,1270047
651,1270079
29,1270111
0,1270143
455,1270175
745,1270207
583,1270239
1099,1270271
1375,1270303
1663,1270335
1406,1270367
1733,1270399
2327,1270431
1724,1270463
1981,1270495
1644,1270527
1053,1270559
808,1270591
574,1270623
412,1270655
540,1270687
0,1270719
0,1270751
472,1270783
357,1270815
558,1270847
782,1270879
1078,1270911
1692,1270943
1470,1270975
1802,1271007
1966,1271039
1686,1271071
1533,1271103
1304,1271135
1038,1271167
1194,1271199
523,1271231
393,1271263
464,1271295
270,1271327
361,1271359
512,1271391
783,1271423
1052,1271455
844,1271487
1424,1271519
1706,1271551
1530,1271583
1756,1271615
2208,1271647
2016,1271679
1370,1271711
1144,1271743
1273,1271775
743,1271807
462,1271839
712,1271871
92,1271903
0,1271935
1,1271967
683,1271999
522,1272031
712,1272063
1311,1272095
1609,1272127
1434,1272159
2014,1272191
2263,1272223
2280,1272255
1933,1272287
1369,1272319
1517,1272351
858,1272383
715,1272415
826,1272447
206,1272479
0,1272511
189,1272543
69,1272575
697,1272607
494,1272639
792,1272671
1376,1272703
1199,1272735
1418,1272767
2032,1272799
1946,1272831
2185,1272863
1487,1272895
1324,1272927
1098,1272959
828,1272991
679,1273023
423,1273055
188,1273087
331,1273119
223,1273151
169,1273183
732,1273215
1001,1273247
887,1273279
1420,1273311
1648,1273343
1927,1273375
2078,1273407
2318,1273439
2075,1273471
1432,1273503
1564,1273535
1326,1273567
796,1273599
512,1273631
634,1273663
411,1273695
0,1273727
0,1273759
237,1273791
471,1273823
654,1273855
830,1273887
1149,1273919
1373,1273951
1574,1273983
2255,1274015
1927,1274047
1689,1274079
1803,1274111
1629,1274143
997,1274175
1065,1274207
510,1274239
703,1274271
8,1274303
0,1274335
399,1274367
217,1274399
443,1274431
1040,1274463
909,1274495
1611,1274527
1355,1274559
1654,1274591
2256,1274623
1784,1274655
1643,1274687
1707,1274719
1113,1274751
955,1274783
636,1274815
470,1274847
216,1274879
0,1274911
0,1274943
116,1274975
300,1275007
601,1275039
1084,1275071
1020,1275103
1640,1275135
1867,1275167
1749,1275199
2302,1275231
2189,1275263
1944,1275295
1627,1275327
1436,1275359
1245,1275391
584,1275423
702,1275455
509,1275487
0,1275519
0,1275551
447,1275583
719,1275615
556,1275647
781,1275679
1097,1275711
1288,1275743
1456,1275775
1694,1275807
1988,1275839
1708,1275871
1421,1275903
1687,1275935
1051,1275967
792,1275999
936,1276031
763,1276063
151,1276095
240,1276127
347,1276159
631,1276191
764,1276223
665,1276255
1261,1276287
1067,1276319
1680,1276351
1966,1276383
1785,1276415
2343,1276447
1995,1276479
1397,1276511
1577,1276543
910,1276575
749,1276607
880,1276639
266,1276671
106,1276703
142,1276735
55,1276767
238,1276799
443,1276831
731,1276863
966,1276895
1147,1276927
1452,1276959
1999,1276991
1886,1277023
2249,1277055
1647,1277087
1384,1277119
1498,1277151
1307,1277183
731,1277215
810,1277247
576,1277279
379,1277311
170,1277343
432,1277375
666,1277407
507,1277439
1082,1277471
1309,1277503
1584,1277535
1406,1277567
2010,1277599
1962,1277631
1774,1277663
1482,1277695
1616,1277727
1108,1277759
845,1277791
571,1277823
427,1277855
203,1277887
0,1277919
335,1277951
187,1277983
410,1278015
971,1278047
1257,1278079
1085,1278111
1626,1278143
1528,1278175
2201,1278207
1888,1278239
2048,1278271
1881,1278303
1196,1278335
1451,1278367
1128,1278399
540,1278431
765,1278463
75,1278495
0,1278527
350,1278559
164,1278591
487,1278623
988,1278655
870,1278687
1072,1278719
1397,1278751
1594,1278783
1784,1278815
1839,1278847
1707,1278879
1786,1278911
1164,1278943
1015,1278975
791,1279007
526,1279039
680,1279071
445,1279103
0,1279135
394,1279167
654,1279199
877,1279231
1024,1279263
1302,1279295
1581,1279327
1355,1279359
1963,1279391
2234,1279423
2238,1279455
1545,1279487
1677,1279519
1132,1279551
856,1279583
636,1279615
760,1279647
231,1279679
0,1279711
0,1279743
135,1279775
315,1279807
492,1279839
1197,1279871
1035,1279903
1226,1279935
1839,1279967
2140,1279999
1962,1280031
2156,1280063
1929,1280095
1742,1280127
1405,1280159
1228,1280191
992,1280223
346,1280255
203,1280287
304,1280319
0,1280351
571,1280383
701,1280415
582,1280447
1211,1280479
1005,1280511
1304,1280543
1912,1280575
1734,1280607
1997,1280639
1726,1280671
1495,1280703
1653,1280735
972,1280767
809,1280799
912,1280831
314,1280863
167,1280895
0,1280927
9,1280959
589,1280991
491,1281023
679,1281055
1246,1281087
1517,1281119
1399,1281151
1948,1281183
2186,1281215
2299,1281247
1982,1281279
1787,1281311
1548,1281343
1358,1281375
1040,1281407
814,1281439
284,1281471
20,1281503
120,1281535
334,1281567
268,1281599
444,1281631
1022,1281663
980,1281695
1166,1281727
1342,1281759
1671,1281791
1910,1281823
1821,1281855
2043,1281887
1400,1281919
1466,1281951
1276,1281983
1101,1282015
414,1282047
553,1282079
363,1282111
271,1282143
44,1282175
359,1282207
923,1282239
730,1282271
1435,1282303
1566,1282335
1433,1282367
2143,1282399
1882,1282431
1785,1282463
1930,1282495
1258,1282527
1128,1282559
872,1282591
600,1282623
445,1282655
125,1282687
0,1282719
302,1282751
106,1282783
426,1282815
629,1282847
810,1282879
1113,1282911
1339,1282943
1530,1282975
2170,1283007
2361,1283039
1769,1283071
1851,1283103
1660,1283135
1417,1283167
1104,1283199
921,1283231
731,1283263
74,1283295
189,1283327
318,1283359
168,1283391
396,1283423
970,1283455
1240,1283487
1070,1283519
1292,1283551
1898,1283583
1806,1283615
1834,1283647
1596,1283679
1461,1283711
1189,1283743
908,1283775
1163,1283807
538,1283839
652,1283871
413,1283903
231,1283935
81,1283967
632,1283999
861,1284031
1145,1284063
1274,1284095
1178,1284127
1789,1284159
1584,1284191
1912,1284223
2220,1284255
1564,1284287
1804,1284319
1466,1284351
876,1284383
1055,1284415
399,1284447
247,1284479
19,1284511
0,1284543
151,1284575
650,1284607
568,1284639
1165,1284671
957,1284703
1246,1284735
1482,1284767
1663,1284799
1979,1284831
1788,1284863
1550,1284895
1719,1284927
1129,1284959
864,1284991
986,1285023
791,1285055
215,1285087
287,1285119
0,1285151
537,1285183
688,1285215
959,1285247
1182,1285279
1016,1285311
1608,1285343
1836,1285375
2112,1285407
1896,1285439
2028,1285471
1802,1285503
1243,1285535
968,1285567
1099,1285599
600,1285631
332,1285663
63,1285695
0,1285727
20,1285759
587,1285791
861,1285823
695,1285855
919,1285887
1488,1285919
1787,1285951
1612,1285983
2155,1286015
1894,1286047
2103,1286079
1369,1286111
1530,1286143
1341,1286175
684,1286207
939,1286239
607,1286271
29,1286303
233,1286335
3,1286367
283,1286399
472,1286431
677,1286463
1000,1286495
1504,1286527
1380,1286559
1689,1286591
1824,1286623
1846,1286655
1566,1286687
1320,1286719
1180,1286751
922,1286783
654,1286815
509,1286847
269,1286879
21,1286911
252,1286943
489,1286975
376,1287007
906,1287039
718,1287071
1401,1287103
1561,1287135
1824,1287167
2106,1287199
1884,1287231
2094,1287263
1898,1287295
1710,1287327
1022,1287359
1160,1287391
969,1287423
356,1287455
120,1287487
238,1287519
0,1287551
104,1287583
331,1287615
637,1287647
827,1287679
1439,1287711
1723,1287743
1558,1287775
1752,1287807
2331,1287839
2155,1287871
1512,1287903
1626,1287935
1399,1287967
1215,1287999
891,1288031
704,1288063
479,1288095
0,1288127
24,1288159
574,1288191
410,1288223
1086,1288255
1223,1288287
1093,1288319
1320,1288351
1530,1288383
1831,1288415
2283,1288447
1627,1288479
1466,1288511
1520,1288543
973,1288575
1127,1288607
460,1288639
297,1288671
74,1288703
0,1288735
91,1288767
295,1288799
507,1288831
1117,1288863
1001,1288895
1191,1288927
1776,1288959
1583,1288991
1929,1289023
2200,1289055
1964,1289087
1767,1289119
1450,1289151
1260,1289183
1021,1289215
841,1289247
528,1289279
296,1289311
0,1289343
58,1289375
623,1289407
859,1289439
778,1289471
952,1289503
1536,1289535
1496,1289567
1693,1289599
2379,1289631
1803,1289663
1565,1289695
1295,1289727
1503,1289759
877,1289791
658,1289823
761,1289855
589,1289887
0,1289919
238,1289951
521,1289983
808,1290015
557,1290047
873,1290079
1438,1290111
1240,1290143
1964,1290175
2094,1290207
1914,1290239
1660,1290271
1431,1290303
1260,1290335
1401,1290367
745,1290399
615,1290431
666,1290463
95,1290495
0,1290527
0,1290559
233,1290591
424,1290623
619,1290655
941,1290687
1144,1290719
1322,1290751
1629,1290783
1868,1290815
1900,1290847
2073,1290879
1368,1290911
1239,1290943
1322,1290975
1130,1291007
893,1291039
589,1291071
407,1291103
189,1291135
7,1291167
571,1291199
842,1291231
670,1291263
894,1291295
1485,1291327
1758,1291359
1582,1291391
1818,1291423
2154,1291455
1592,1291487
1308,1291519
1564,1291551
939,1291583
677,1291615
398,1291647
651,1291679
28,1291711
0,1291743
457,1291775
747,1291807
583,1291839
1144,1291871
1383,1291903
1671,1291935
1805,1291967
1701,1291999
2319,1292031
1712,1292063
1572,1292095
1690,1292127
1048,1292159
796,1292191
952,1292223
365,1292255
541,1292287
0,1292319
0,1292351
524,1292383
362,1292415
663,1292447
1164,1292479
1080,1292511
1691,1292543
1472,1292575
1770,1292607
1963,1292639
1688,1292671
1527,1292703
1262,1292735
1036,1292767
1191,1292799
874,1292831
360,1292863
461,1292895
263,1292927
31,1292959
558,1292991
784,1293023
1053,1293055
1208,1293087
1480,1293119
1708,1293151
1528,1293183
2138,1293215
2203,1293247
2013,1293279
1369,1293311
1499,1293343
1264,1293375
738,1293407
458,1293439
316,1293471
88,1293503
0,1293535
0,1293567
301,1293599
533,1293631
716,1293663
1375,1293695
1208,1293727
1436,1293759
2015,1293791
2319,1293823
1864,1293855
1932,1293887
1360,1293919
1567,1293951
856,1293983
711,1294015
829,1294047
555,1294079
0,1294111
186,1294143
72,1294175
747,1294207
504,1294239
795,1294271
1386,1294303
1180,1294335
1512,1294367
2041,1294399
1902,1294431
1817,1294463
1485,1294495
1319,1294527
1049,1294559
798,1294591
667,1294623
413,1294655
152,1294687
0,1294719
233,1294751
171,1294783
768,1294815
1003,1294847
887,1294879
1422,1294911
1704,1294943
1931,1294975
2080,1295007
2315,1295039
2123,1295071
1424,1295103
1564,1295135
1374,1295167
1184,1295199
512,1295231
639,1295263
446,1295295
0,1295327
0,1295359
248,1295391
442,1295423
616,1295455
842,1295487
1158,1295519
1339,1295551
1527,1295583
2265,1295615
1917,1295647
1643,1295679
1801,1295711
1623,1295743
989,1295775
1100,1295807
877,1295839
699,1295871
375,1295903
0,1295935
411,1295967
219,1295999
816,1296031
1099,1296063
922,1296095
1613,1296127
1743,1296159
1609,1296191
2265,1296223
1773,1296255
1608,1296287
1752,1296319
1103,1296351
953,1296383
1005,1296415
461,1296447
605,1296479
0,1296511
0,1296543
120,1296575
297,1296607
602,1296639
1130,1296671
1019,1296703
1642,1296735
1515,1296767
1709,1296799
2304,1296831
2185,1296863
1581,1296895
1675,1296927
1436,1296959
1241,1296991
936,1297023
744,1297055
509,1297087
325,1297119
232,1297151
458,1297183
390,1297215
559,1297247
1144,1297279
1098,1297311
1290,1297343
1467,1297375
2075,1297407
1977,1297439
1706,1297471
1419,1297503
1275,1297535
1049,1297567
790,1297599
988,1297631
365,1297663
150,1297695
237,1297727
397,1297759
247,1297791
761,1297823
666,1297855
1321,1297887
1070,1297919
1690,1297951
1975,1297983
1766,1298015
2332,1298047
1992,1298079
1388,1298111
1629,1298143
911,1298175
748,1298207
878,1298239
234,1298271
94,1298303
138,1298335
23,1298367
317,1298399
444,1298431
741,1298463
923,1298495
1131,1298527
1452,1298559
2000,1298591
1846,1298623
1879,1298655
1643,1298687
1374,1298719
1532,1298751
1303,1298783
727,1298815
800,1298847
608,1298879
373,1298911
173,1298943
446,1298975
715,1299007
508,1299039
1085,1299071
1356,1299103
1190,1299135
1419,1299167
2014,1299199
1932,1299231
1710,1299263
1482,1299295
1616,1299327
1080,1299359
795,1299391
570,1299423
427,1299455
165,1299487
0,1299519
347,1299551
186,1299583
380,1299615
972,1299647
1259,1299679
1095,1299711
1664,1299743
1913,1299775
2203,1299807
2283,1299839
2104,1299871
1865,1299903
1194,1299935
1050,1299967
1177,1299999
537,1300031
763,1300063
425,1300095
0,1300127
349,1300159
169,1300191
456,1300223
1038,1300255
871,1300287
1164,1300319
1688,1300351
1595,1300383
1789,1300415
1834,1300447
1671,1300479
1784,1300511
1164,1300543
1004,1300575
748,1300607
524,1300639
669,1300671
105,1300703
0,1300735
394,1300767
661,1300799
540,1300831
1080,1300863
1306,1300895
1591,1300927
1736,1300959
2009,1300991
2237,1301023
1772,1301055
1914,1301087
1674,1301119
1130,1301151
856,1301183
976,1301215
762,1301247
229,1301279
0,1301311
170,1301343
135,1301375
328,1301407
506,1301439
813,1301471
1045,1301503
1228,1301535
1901,1301567
1735,1301599
1964,1301631
2153,1301663
1978,1301695
1339,1301727
1402,1301759
1225,1301791
1049,1301823
344,1301855
200,1301887
303,1301919
0,1301951
574,1301983
704,1302015
575,1302047
1261,1302079
1016,1302111
1304,1302143
1916,1302175
1706,1302207
1997,1302239
2046,1302271
1449,1302303
1198,1302335
976,1302367
808,1302399
952,1302431
286,1302463
157,1302495
0,1302527
0,1302559
265,1302591
488,1302623
686,1302655
1295,1302687
1519,1302719
1400,1302751
1952,1302783
2232,1302815
2295,1302847
1980,1302879
1783,1302911
1583,1302943
912,1302975
1040,1303007
854,1303039
237,1303071
11,1303103
109,1303135
381,1303167
228,1303199
445,1303231
1022,1303263
944,1303295
1126,1303327
1354,1303359
1676,1303391
1868,1303423
1769,1303455
2029,1303487
1387,1303519
1128,1303551
1271,1303583
1099,1303615
476,1303647
576,1303679
363,1303711
283,1303743
424,1303775
330,1303807
923,1303839
730,1303871
1044,1303903
1614,1303935
1436,1303967
2149,1303999
2272,1304031
1736,1304063
1917,1304095
1248,1304127
1085,1304159
860,1304191
590,1304223
346,1304255
488,1304287
0,1304319
313,1304351
108,1304383
407,1304415
630,1304447
813,1304479
1114,1304511
1308,1304543
1544,1304575
2173,1304607
1995,1304639
1723,1304671
1848,1304703
1645,1304735
1065,1304767
1146,1304799
920,1304831
718,1304863
424,1304895
231,1304927
331,1304959
168,1304991
748,1305023
970,1305055
898,1305087
1070,1305119
1662,1305151
1900,1305183
1816,1305215
1824,1305247
1965,1305279
1448,1305311
1181,1305343
905,1305375
765,1305407
536,1305439
280,1305471
464,1305503
0,1305535
75,1305567
633,1305599
921,1305631
759,1305663
1276,1305695
1180,1305727
1851,1305759
1592,1305791
2220,1305823
2219,1305855
1546,1305887
1803,1305919
1465,1305951
877,1305983
1101,1306015
398,1306047
237,1306079
327,1306111
0,1306143
151,1306175
652,1306207
524,1306239
827,1306271
958,1306303
1256,1306335
1448,1306367
1657,1306399
1981,1306431
1784,1306463
1500,1306495
1353,1306527
1118,1306559
860,1306591
1015,1306623
781,1306655
218,1306687
286,1306719
316,1306751
537,1306783
696,1306815
968,1306847
1231,1306879
1018,1306911
1612,1306943
1884,1306975
1708,1307007
1887,1307039
2026,1307071
1834,1307103
1192,1307135
959,1307167
1101,1307199
557,1307231
293,1307263
59,1307295
0,1307327
0,1307359
585,1307391
859,1307423
697,1307455
891,1307487
1497,1307519
1789,1307551
1619,1307583
2202,1307615
2280,1307647
2091,1307679
1756,1307711
1568,1307743
1336,1307775
684,1307807
541,1307839
640,1307871
27,1307903
227,1307935
363,1307967
245,1307999
473,1308031
672,1308063
968,1308095
1566,1308127
1384,1308159
1690,1308191
2221,1308223
1846,1308255
1566,1308287
1309,1308319
1146,1308351
1258,1308383
652,1308415
493,1308447
236,1308479
19,1308511
249,1308543
155,1308575
346,1308607
908,1308639
1177,1308671
1063,1308703
1610,1308735
1834,1308767
2109,1308799
2263,1308831
2136,1308863
1897,1308895
1256,1308927
1387,1308959
1149,1308991
620,1309023
347,1309055
462,1309087
235,1309119
0,1309151
110,1309183
685,1309215
636,1309247
838,1309279
1501,1309311
1325,1309343
1561,1309375
1754,1309407
2391,1309439
1751,1309471
1510,1309503
1615,1309535
1447,1309567
823,1309599
880,1309631
703,1309663
527,1309695
0,1309727
24,1309759
587,1309791
392,1309823
1096,1309855
1226,1309887
1097,1309919
1305,1309951
1536,1309983
1833,1310015
2272,1310047
1597,1310079
1465,1310111
1528,1310143
938,1310175
686,1310207
457,1310239
294,1310271
440,1310303
0,1310335
91,1310367
294,1310399
472,1310431
775,1310463
1002,1310495
1196,1310527
1822,1310559
1592,1310591
1929,1310623
2200,1310655
2000,1310687
1767,1310719
1451,1310751
1255,1310783
1068,1310815
407,1310847
527,1310879
344,1310911
0,1310943
48,1310975
624,1311007
904,1311039
738,1311071
960,1311103
1549,1311135
1464,1311167
1645,1311199
2389,1311231
1802,1311263
1527,1311295
1242,1311327
1497,1311359
874,1311391
617,1311423
752,1311455
583,1311487
0,1311519
283,1311551
527,1311583
808,1311615
928,1311647
840,1311679
1449,1311711
1242,1311743
1562,1311775
2144,1311807
1914,1311839
1659,1311871
1817,1311903
1208,1311935
1389,1311967
735,1311999
583,1312031
702,1312063
80,1312095
0,1312127
314,1312159
232,1312191
826,1312223
621,1312255
908,1312287
1145,1312319
1322,1312351
1640,1312383
1837,1312415
1898,1312447
2059,1312479
1737,1312511
1199,1312543
1321,1312575
1129,1312607
555,1312639
632,1312671
394,1312703
183,1312735
349,1312767
620,1312799
845,1312831
682,1312863
1263,1312895
1485,1312927
1411,1312959
1592,1312991
2192,1313023
2142,1313055
1582,1313087
1305,1313119
1163,1313151
936,1313183
668,1313215
394,1313247
253,1313279
28,1313311
0,1313343
512,1313375
360,1313407
594,1313439
1146,1313471
1437,1313503
1271,1313535
1803,1313567
1704,1313599
2383,1313631
1710,1313663
1566,1313695
1687,1313727
1018,1313759
797,1313791
942,1313823
363,1313855
589,1313887
0,1313919
0,1313951
526,1313983
334,1314015
663,1314047
1168,1314079
1037,1314111
1341,1314143
1481,1314175
1774,1314207
1914,1314239
1659,1314271
1527,1314303
1258,1314335
987,1314367
843,1314399
863,1314431
347,1314463
490,1314495
253,1314527
40,1314559
572,1314591
830,1314623
1061,1314655
1209,1314687
1482,1314719
1757,1314751
1532,1314783
2140,1314815
2248,1314847
1604,1314879
1369,1314911
1496,1314943
1305,1314975
682,1315007
456,1315039
313,1315071
55,1315103
0,1315135
4,1315167
311,1315199
500,1315231
676,1315263
1374,1315295
1212,1315327
1402,1315359
2025,1315391
2317,1315423
1853,1315455
1966,1315487
1741,1315519
1563,1315551
1227,1315583
680,1315615
815,1315647
170,1315679
313,1315711
238,1315743
80,1315775
757,1315807
876,1315839
749,1315871
1389,1315903
1192,1315935
1479,1315967
2094,1315999
1902,1316031
1817,1316063
1870,1316095
1309,1316127
1040,1316159
796,1316191
634,1316223
410,1316255
140,1316287
0,1316319
281,1316351
173,1316383
778,1316415
666,1316447
857,1316479
1432,1316511
1705,1316543
1577,1316575
2137,1316607
2312,1316639
2123,1316671
1792,1316703
1600,1316735
1359,1316767
744,1316799
864,1316831
636,1316863
446,1316895
0,1316927
288,1316959
250,1316991
443,1317023
620,1317055
1200,1317087
1159,1317119
1344,1317151
1529,1317183
1851,1317215
1914,1317247
1640,1317279
1854,1317311
1212,1317343
986,1317375
1096,1317407
935,1317439
312,1317471
366,1317503
0,1317535
461,1317567
221,1317599
826,1317631
1099,1317663
904,1317695
1623,1317727
1744,1317759
1609,1317791
2329,1317823
1771,1317855
1607,1317887
1742,1317919
1081,1317951
953,1317983
1002,1318015
426,1318047
172,1318079
41,1318111
302,1318143
79,1318175
284,1318207
603,1318239
1132,1318271
984,1318303
1289,1318335
1527,1318367
1720,1318399
2351,1318431
2175,1318463
1579,1318495
1664,1318527
1468,1318559
1239,1318591
925,1318623
736,1318655
544,1318687
0,1318719
238,1318751
504,1318783
768,1318815
568,1318847
1145,1318879
1068,1318911
1244,1318943
1468,1318975
2079,1319007
1933,1319039
1648,1319071
1417,1319103
1274,1319135
1014,1319167
731,1319199
983,1319231
362,1319263
104,1319295
233,1319327
407,1319359
247,1319391
808,1319423
1039,1319455
1323,1319487
1453,1319519
1738,1319551
1977,1319583
1769,1319615
1916,1319647
2032,1319679
1383,1319711
1612,1319743
1288,1319775
708,1319807
877,1319839
223,1319871
71,1319903
172,1319935
25,1319967
232,1319999
510,1320031
744,1320063
1343,1320095
1133,1320127
1431,1320159
2012,1320191
1852,1320223
1868,1320255
1607,1320287
1371,1320319
1531,1320351
953,1320383
695,1320415
798,1320447
605,1320479
43,1320511
218,1320543
446,1320575
714,1320607
864,1320639
1146,1320671
1359,1320703
1645,1320735
1786,1320767
2015,1320799
1934,1320831
1720,1320863
1848,1320895
1611,1320927
1067,1320959
795,1320991
921,1321023
425,1321055
155,1321087
0,1321119
0,1321151
197,1321183
388,1321215
1037,1321247
872,1321279
1404,1321311
1673,1321343
1967,1321375
1798,1321407
2272,1321439
2095,1321471
1915,1321503
1192,1321535
1048,1321567
1163,1321599
504,1321631
758,1321663
430,1321695
0,1321727
409,1321759
173,1321791
458,1321823
1050,1321855
846,1321887
1175,1321919
1368,1321951
1559,1321983
1869,1322015
1833,1322047
1659,1322079
1820,1322111
1132,1322143
1003,1322175
746,1322207
476,1322239
329,1322271
107,1322303
0,1322335
430,1322367
665,1322399
552,1322431
1086,1322463
1355,1322495
1580,1322527
1738,1322559
2011,1322591
2294,1322623
1772,1322655
1912,1322687
1719,1322719
1080,1322751
847,1322783
974,1322815
793,1322847
172,1322879
0,1322911
174,1322943
107,1322975
285,1323007
505,1323039
820,1323071
1004,1323103
1181,1323135
1911,1323167
1737,1323199
2332,1323231
2144,1323263
1975,1323295
1333,1323327
1436,1323359
1213,1323391
1036,1323423
713,1323455
169,1323487
299,1323519
0,1323551
198,1323583
762,1323615
587,1323647
1271,1323679
1400,1323711
1260,1323743
1917,1323775
1710,1323807
1949,1323839
1721,1323871
1447,1323903
1288,1323935
1344,1323967
805,1323999
951,1324031
298,1324063
120,1324095
0,1324127
0,1324159
264,1324191
460,1324223
686,1324255
1294,1324287
1177,1324319
1369,1324351
1952,1324383
2237,1324415
1931,1324447
2016,1324479
1406,1324511
1590,1324543
1272,1324575
1081,1324607
847,1324639
235,1324671
359,1324703
103,1324735
384,1324767
232,1324799
800,1324831
1024,1324863
954,1324895
1129,1324927
1724,1324959
1672,1324991
1871,1325023
1766,1325055
1623,1325087
1386,1325119
1503,1325151
1323,1325183
712,1325215
476,1325247
575,1325279
407,1325311
0,1325343
416,1325375
336,1325407
983,1325439
731,1325471
1342,1325503
1624,1325535
1420,1325567
2155,1325599
2282,1325631
1735,1325663
1979,1325695
1247,1325727
1092,1325759
812,1325791
569,1325823
439,1325855
488,1325887
0,1325919
0,1325951
120,1325983
399,1326015
589,1326047
797,1326079
1116,1326111
1311,1326143
1498,1326175
1815,1326207
1992,1326239
1722,1326271
1882,1326303
1645,1326335
1063,1326367
1144,1326399
508,1326431
717,1326463
413,1326495
217,1326527
367,1326559
171,1326591
750,1326623
1022,1326655
1294,1326687
1071,1326719
1674,1326751
1948,1326783
1768,1326815
1822,1326847
1963,1326879
1412,1326911
1132,1326943
904,1326975
764,1327007
499,1327039
651,1327071
461,1327103
0,1327135
43,1327167
638,1327199
923,1327231
760,1327263
1320,1327295
1563,1327327
1852,1327359
1980,1327391
2272,1327423
2208,1327455
1533,1327487
1386,1327519
1502,1327551
872,1327583
1097,1327615
765,1327647
199,1327679
0,1327711
0,1327743
119,1327775
702,1327807
538,1327839
839,1327871
1340,1327903
1256,1327935
1871,1327967
1658,1327999
1959,1328031
1783,1328063
1502,1328095
1343,1328127
1085,1328159
860,1328191
1005,1328223
443,1328255
183,1328287
284,1328319
0,1328351
215,1328383
736,1328415
970,1328447
1239,1328479
1385,1328511
1660,1328543
1888,1328575
2172,1328607
2264,1328639
2016,1328671
1474,1328703
1184,1328735
1322,1328767
1088,1328799
557,1328831
284,1328863
400,1328895
0,1328927
0,1328959
637,1328991
477,1329023
701,1329055
893,1329087
1561,1329119
1385,1329151
1624,1329183
2205,1329215
2329,1329247
1676,1329279
1744,1329311
1565,1329343
1385,1329375
681,1329407
536,1329439
649,1329471
3,1329503
227,1329535
376,1329567
251,1329599
447,1329631
682,1329663
968,1329695
1566,1329727
1368,1329759
1692,1329791
2222,1329823
1787,1329855
1639,1329887
1309,1329919
1144,1329951
874,1329983
624,1330015
493,1330047
234,1330079
0,1330111
0,1330143
203,1330175
356,1330207
956,1330239
731,1330271
1063,1330303
1610,1330335
1884,1330367
2119,1330399
2267,1330431
2136,1330463
1933,1330495
1247,1330527
1386,1330559
1184,1330591
570,1330623
336,1330655
459,1330687
269,1330719
0,1330751
110,1330783
687,1330815
616,1330847
792,1330879
1500,1330911
1324,1330943
1526,1330975
1705,1331007
2379,1331039
1736,1331071
1463,1331103
1615,1331135
1447,1331167
811,1331199
921,1331231
701,1331263
520,1331295
190,1331327
3,1331359
591,1331391
392,1331423
708,1331455
1274,1331487
1098,1331519
1306,1331551
1930,1331583
1788,1331615
2269,1331647
1594,1331679
1420,1331711
1564,1331743
933,1331775
777,1331807
827,1331839
293,1331871
429,1331903
0,1331935
71,1331967
297,1331999
478,1332031
778,1332063
971,1332095
1196,1332127
1822,1332159
1952,1332191
1899,1332223
2192,1332255
1995,1332287
1404,1332319
1484,1332351
1256,1332383
1067,1332415
760,1332447
571,1332479
336,1332511
0,1332543
410,1332575
634,1332607
908,1332639
735,1332671
1320,1332703
1551,1332735
1469,1332767
1645,1332799
1976,1332831
1799,1332863
1517,1332895
1240,1332927
1100,1332959
872,1332991
615,1333023
810,1333055
189,1333087
0,1333119
295,1333151
587,1333183
423,1333215
941,1333247
844,1333279
1501,1333311
1246,1333343
1564,1333375
2155,1333407
1882,1333439
1656,1333471
1807,1333503
1209,1333535
1439,1333567
732,1333599
581,1333631
702,1333663
59,1333695
0,1333727
316,1333759
200,1333791
493,1333823
632,1333855
918,1333887
1100,1333919
1310,1333951
1641,1333983
1846,1334015
1850,1334047
1693,1334079
1726,1334111
1196,1334143
1355,1334175
1129,1334207
551,1334239
632,1334271
438,1334303
183,1334335
360,1334367
619,1334399
893,1334431
685,1334463
1272,1334495
1544,1334527
1822,1334559
1593,1334591
2202,1334623
2186,1334655
1531,1334687
1296,1334719
1172,1334751
892,1334783
618,1334815
396,1334847
247,1334879
0,1334911
0,1334943
525,1334975
371,1335007
562,1335039
1159,1335071
1438,1335103
1274,1335135
1853,1335167
2091,1335199
2383,1335231
2094,1335263
1527,1335295
1687,1335327
1016,1335359
1168,1335391
985,1335423
361,1335455
583,1335487
251,1335519
0,1335551
537,1335583
334,1335615
632,1335647
1224,1335679
1038,1335711
1351,1335743
1870,1335775
1783,1335807
2345,1335839
1657,1335871
1482,1335903
1256,1335935
986,1335967
828,1335999
907,1336031
346,1336063
487,1336095
0,1336127
24,1336159
576,1336191
831,1336223
727,1336255
1261,1336287
1485,1336319
1757,1336351
1914,1336383
2202,1336415
2239,1336447
2056,1336479
1726,1336511
1488,1336543
954,1336575
681,1336607
800,1336639
312,1336671
46,1336703
0,1336735
348,1336767
312,1336799
493,1336831
680,1336863
989,1336895
1220,1336927
1404,1336959
2093,1336991
1915,1337023
1852,1337055
1966,1337087
1789,1337119
1159,1337151
1224,1337183
677,1337215
873,1337247
160,1337279
304,1337311
239,1337343
48,1337375
757,1337407
880,1337439
760,1337471
1449,1337503
1192,1337535
1483,1337567
2096,1337599
1896,1337631
1815,1337663
1866,1337695
1262,1337727
1115,1337759
792,1337791
631,1337823
364,1337855
120,1337887
0,1337919
282,1337951
141,1337983
441,1338015
669,1338047
858,1338079
1470,1338111
1707,1338143
1579,1338175
2138,1338207
2348,1338239
2109,1338271
1791,1338303
1600,1338335
1407,1338367
736,1338399
864,1338431
678,1338463
70,1338495
0,1338527
296,1338559
217,1338591
396,1338623
622,1338655
1209,1338687
1127,1338719
1304,1338751
1531,1338783
1863,1338815
1876,1338847
1583,1338879
1851,1338911
1212,1338943
951,1338975
1088,1339007
925,1339039
311,1339071
397,1339103
173,1339135
462,1339167
601,1339199
876,1339231
1112,1339263
907,1339295
1224,1339327
1802,1339359
1610,1339391
2331,1339423
2160,1339455
1559,1339487
1741,1339519
1071,1339551
909,1339583
1050,1339615
422,1339647
263,1339679
304,1339711
0,1339743
88,1339775
286,1339807
583,1339839
1144,1339871
987,1339903
1289,1339935
1495,1339967
1724,1339999
2361,1340031
1817,1340063
1544,1340095
1664,1340127
1467,1340159
889,1340191
971,1340223
736,1340255
539,1340287
236,1340319
283,1340351
504,1340383
344,1340415
926,1340447
1148,1340479
1080,1340511
1256,1340543
1850,1340575
2089,1340607
1932,1340639
1643,1340671
1785,1340703
1272,1340735
1002,1340767
731,1340799
587,1340831
360,1340863
102,1340895
287,1340927
24,1340959
249,1340991
813,1341023
1103,1341055
935,1341087
1456,1341119
1742,1341151
2039,1341183
1770,1341215
1914,1341247
2029,1341279
1356,1341311
1615,1341343
1278,1341375
699,1341407
925,1341439
221,1341471
68,1341503
181,1341535
5,1341567
327,1341599
832,1341631
709,1341663
911,1341695
1136,1341727
1430,1341759
2060,1341791
1836,1341823
1867,1341855
1608,1341887
1325,1341919
1167,1341951
941,1341983
684,1342015
832,1342047
603,1342079
41,1342111
222,1342143
490,1342175
352,1342207
873,1342239
1143,1342271
1408,1342303
1195,1342335
1791,1342367
2072,1342399
1892,1342431
1706,1342463
1839,1342495
1647,1342527
1016,1342559
791,1342591
912,1342623
382,1342655
108,1342687
0,1342719
0,1342751
167,1342783
344,1342815
1051,1342847
874,1342879
1066,1342911
1677,1342943
1976,1342975
1800,1343007
2320,1343039
2091,1343071
1911,1343103
1567,1343135
1012,1343167
1152,1343199
496,1343231
362,1343263
464,1343295
0,1343327
411,1343359
541,1343391
423,1343423
1049,1343455
848,1343487
1144,1343519
1372,1343551
1562,1343583
1776,1343615
2221,1343647
1659,1343679
1818,1343711
1132,1343743
968,1343775
747,1343807
476,1343839
315,1343871
62,1343903
0,1343935
432,1343967
332,1343999
523,1344031
1087,1344063
1357,1344095
1239,1344127
1787,1344159
2014,1344191
2296,1344223
2142,1344255
1949,1344287
1711,1344319
1080,1344351
1208,1344383
972,1344415
442,1344447
170,1344479
284,1344511
173,1344543
110,1344575
284,1344607
862,1344639
823,1344671
1004,1344703
1192,1344735
1511,1344767
1739,1344799
1943,1344831
2205,1344863
1560,1344895
1325,1344927
1435,1344959
1269,1344991
648,1345023
716,1345055
164,1345087
346,1345119
0,1345151
488,1345183
765,1345215
572,1345247
1275,1345279
1404,1345311
1272,1345343
1983,1345375
1712,1345407
1946,1345439
1672,1345471
1415,1345503
1287,1345535
1342,1345567
751,1345599
603,1345631
285,1345663
120,1345695
0,1345727
0,1345759
279,1345791
470,1345823
652,1345855
951,1345887
1181,1345919
1372,1345951
2008,1345983
2239,1346015
1929,1346047
2012,1346079
1820,1346111
1579,1346143
1262,1346175
1080,1346207
889,1346239
232,1346271
349,1346303
151,1346335
19,1346367
232,1346399
810,1346431
1072,1346463
908,1346495
1132,1346527
1727,1346559
1644,1346591
1832,1346623
1766,1346655
1620,1346687
1339,1346719
1501,1346751
1319,1346783
698,1346815
441,1346847
572,1346879
407,1346911
0,1346943
462,1346975
709,1347007
988,1347039
1114,1347071
1392,1347103
1627,1347135
1420,1347167
1741,1347199
2334,1347231
1726,1347263
1966,1347295
1629,1347327
1036,1347359
812,1347391
560,1347423
407,1347455
524,1347487
0,1347519
0,1347551
489,1347583
398,1347615
592,1347647
796,1347679
1095,1347711
1660,1347743
1502,1347775
1822,1347807
1950,1347839
1712,1347871
1881,1347903
1289,1347935
1021,1347967
1134,1347999
943,1348031
379,1348063
455,1348095
216,1348127
375,1348159
536,1348191
798,1348223
1022,1348255
859,1348287
1440,1348319
1674,1348351
1594,1348383
1773,1348415
2191,1348447
1960,1348479
1406,1348511
1128,1348543
1257,1348575
760,1348607
492,1348639
697,1348671
77,1348703
0,1348735
44,1348767
699,1348799
535,1348831
763,1348863
1327,1348895
1627,1348927
1451,1348959
1983,1348991
2279,1349023
2267,1349055
1530,1349087
1387,1349119
1501,1349151
842,1349183
1095,1349215
765,1349247
186,1349279
0,1349311
0,1349343
132,1349375
704,1349407
507,1349439
840,1349471
1344,1349503
1221,1349535
1438,1349567
1658,1349599
1959,1349631
2170,1349663
1480,1349695
1340,1349727
1091,1349759
811,1349791
665,1349823
439,1349855
174,1349887
314,1349919
0,1349951
215,1349983
746,1350015
1016,1350047
1239,1350079
1389,1350111
1671,1350143
1936,1350175
1721,1350207
2256,1350239
2060,1350271
1416,1350303
1182,1350335
1312,1350367
1130,1350399
505,1350431
282,1350463
397,1350495
0,1350527
0,1350559
647,1350591
479,1350623
675,1350655
846,1350687
1563,1350719
1387,1350751
1590,1350783
2207,1350815
2327,1350847
1675,1350879
1785,1350911
1561,1350943
1374,1350975
1051,1351007
501,1351039
639,1351071
4,1351103
0,1351135
414,1351167
252,1351199
457,1351231
1056,1351263
935,1351295
1577,1351327
1369,1351359
1671,1351391
2282,1351423
1786,1351455
1535,1351487
1690,1351519
1134,1351551
1293,1351583
620,1351615
456,1351647
236,1351679
0,1351711
0,1351743
125,1351775
350,1351807
955,1351839
1097,1351871
1034,1351903
1610,1351935
1885,1351967
1758,1351999
2316,1352031
2125,1352063
1931,1352095
1612,1352127
1420,1352159
1184,1352191
568,1352223
688,1352255
458,1352287
0,1352319
0,1352351
463,1352383
697,1352415
634,1352447
796,1352479
1112,1352511
1336,1352543
1520,1352575
1708,1352607
1963,1352639
1735,1352671
1464,1352703
1673,1352735
1035,1352767
809,1352799
921,1352831
745,1352863
126,1352895
186,1352927
6,1352959
639,1352991
396,1353023
712,1353055
1279,1353087
1081,1353119
1310,1353151
1932,1353183
1791,1353215
2327,1353247
1591,1353279
1419,1353311
1561,1353343
906,1353375
775,1353407
828,1353439
255,1353471
91,1353503
0,1353535
70,1353567
262,1353599
458,1353631
791,1353663
973,1353695
1163,1353727
1467,1353759
1963,1353791
1902,1353823
2232,1353855
1993,1353887
1403,1353919
1484,1353951
1290,1353983
1063,1354015
749,1354047
566,1354079
376,1354111
0,1354143
414,1354175
683,1354207
1021,1354239
736,1354271
1322,1354303
1598,1354335
1422,1354367
1648,1354399
1979,1354431
1753,1354463
1468,1354495
1231,1354527
1098,1354559
828,1354591
556,1354623
807,1354655
188,1354687
0,1354719
298,1354751
587,1354783
425,1354815
984,1354847
1223,1354879
1500,1354911
1632,1354943
1531,1354975
2159,1355007
1872,1355039
2040,1355071
1852,1355103
1208,1355135
1436,1355167
1111,1355199
535,1355231
699,1355263
57,1355295
0,1355327
364,1355359
202,1355391
503,1355423
1005,1355455
920,1355487
1102,1355519
1312,1355551
1608,1355583
1847,1355615
1840,1355647
1690,1355679
1771,1355711
1194,1355743
1351,1355775
777,1355807
509,1355839
620,1355871
425,1355903
0,1355935
398,1355967
632,1355999
892,1356031
1049,1356063
1321,1356095
1545,1356127
1359,1356159
1968,1356191
2203,1356223
2174,1356255
1530,1356287
1662,1356319
1162,1356351
894,1356383
618,1356415
744,1356447
247,1356479
0,1356511
0,1356543
155,1356575
375,1356607
557,1356639
1213,1356671
1048,1356703
1275,1356735
1855,1356767
2155,1356799
1979,1356831
2096,1356863
1520,1356895
1727,1356927
1008,1356959
1166,1356991
985,1357023
330,1357055
583,1357087
250,1357119
0,1357151
589,1357183
347,1357215
635,1357247
1226,1357279
1022,1357311
1355,1357343
1880,1357375
1740,1357407
1894,1357439
1752,1357471
1479,1357503
1212,1357535
958,1357567
827,1357599
904,1357631
302,1357663
144,1357695
0,1357727
19,1357759
618,1357791
843,1357823
727,1357855
1262,1357887
1530,1357919
1769,1357951
1918,1357983
2201,1358015
2283,1358047
1593,1358079
1726,1358111
1530,1358143
1342,1358175
672,1358207
800,1358239
268,1358271
5,1358303
0,1358335
349,1358367
282,1358399
456,1358431
683,1358463
990,1358495
1189,1358527
1359,1358559
2093,1358591
1916,1358623
1813,1358655
1963,1358687
1788,1358719
1149,1358751
1260,1358783
1039,1358815
859,1358847
536,1358879
350,1358911
247,1358943
59,1358975
373,1359007
938,1359039
762,1359071
1448,1359103
1581,1359135
1448,1359167
2105,1359199
1896,1359231
1770,1359263
1916,1359295
1262,1359327
1018,1359359
855,1359391
619,1359423
767,1359455
108,1359487
0,1359519
284,1359551
142,1359583
442,1359615
638,1359647
870,1359679
1481,1359711
1357,1359743
1548,1359775
2142,1359807
2347,1359839
1751,1359871
1834,1359903
1596,1359935
1401,1359967
1087,1359999
904,1360031
668,1360063
473,1360095
171,1360127
298,1360159
231,1360191
399,1360223
984,1360255
1211,1360287
1130,1360319
1307,1360351
1904,1360383
1863,1360415
1868,1360447
1580,1360479
1437,1360511
1211,1360543
938,1360575
1147,1360607
524,1360639
588,1360671
399,1360703
231,1360735
88,1360767
604,1360799
877,1360831
1162,1360863
909,1360895
1225,1360927
1803,1360959
1598,1360991
2331,1361023
2155,1361055
1549,1361087
1789,1361119
1070,1361151
907,1361183
1038,1361215
394,1361247
253,1361279
4,1361311
0,1361343
169,1361375
288,1361407
584,1361439
1182,1361471
972,1361503
1293,1361535
1499,1361567
1680,1361599
1997,1361631
1815,1361663
1544,1361695
1694,1361727
1465,1361759
889,1361791
960,1361823
776,1361855
537,1361887
238,1361919
284,1361951
544,1361983
348,1362015
928,1362047
1194,1362079
1032,1362111
1247,1362143
1852,1362175
2126,1362207
1880,1362239
1642,1362271
1774,1362303
1229,1362335
952,1362367
729,1362399
585,1362431
329,1362463
46,1362495
283,1362527
28,1362559
600,1362591
815,1362623
1099,1362655
937,1362687
1502,1362719
1741,1362751
2039,1362783
2169,1362815
1870,1362847
2029,1362879
1356,1362911
1210,1362943
1324,1362975
698,1363007
923,1363039
590,1363071
22,1363103
185,1363135
17,1363167
299,1363199
524,1363231
714,1363263
1005,1363295
1520,1363327
1432,1363359
2061,1363391
1838,1363423
1832,1363455
1595,1363487
1323,1363519
1163,1363551
909,1363583
683,1363615
829,1363647
270,1363679
8,1363711
236,1363743
493,1363775
391,1363807
921,1363839
792,1363871
1416,1363903
1566,1363935
1849,1363967
2077,1363999
1898,1364031
2076,1364063
1836,1364095
1646,1364127
1008,1364159
1134,1364191
910,1364223
378,1364255
105,1364287
220,1364319
0,1364351
168,1364383
345,1364415
653,1364447
883,1364479
1455,1364511
1741,1364543
1565,1364575
1803,1364607
2313,1364639
2141,1364671
1495,1364703
1566,1364735
1004,1364767
1207,1364799
494,1364831
650,1364863
473,1364895
0,1364927
412,1364959
544,1364991
425,1365023
1103,1365055
858,1365087
1159,1365119
1336,1365151
1544,1365183
1880,1365215
2218,1365247
1610,1365279
1449,1365311
1129,1365343
966,1365375
698,1365407
445,1365439
315,1365471
68,1365503
0,1365535
105,1365567
331,1365599
526,1365631
1131,1365663
1357,1365695
1240,1365727
1789,1365759
1596,1365791
2296,1365823
2141,1365855
1948,1365887
1755,1365919
1070,1365951
1199,1365983
1008,1366015
828,1366047
159,1366079
282,1366111
220,1366143
62,1366175
287,1366207
863,1366239
1183,1366271
968,1366303
1197,1366335
1513,1366367
1706,1366399
2345,1366431
2201,1366463
1557,1366495
1287,1366527
1436,1366559
1261,1366591
637,1366623
744,1366655
521,1366687
342,1366719
254,1366751
538,1366783
765,1366815
570,1366847
883,1366879
1452,1366911
1278,1366943
1980,1366975
2110,1367007
1898,1367039
1662,1367071
1408,1367103
1244,1367135
1388,1367167
750,1367199
599,1367231
648,1367263
109,1367295
249,1367327
0,1367359
248,1367391
470,1367423
654,1367455
955,1367487
1149,1367519
1382,1367551
2011,1367583
1881,1367615
1884,1367647
2014,1367679
1354,1367711
1224,1367743
1305,1367775
1080,1367807
877,1367839
575,1367871
384,1367903
155,1367935
431,1367967
588,1367999
812,1368031
742,1368063
911,1368095
1500,1368127
1737,1368159
1656,1368191
1838,1368223
2128,1368255
1611,1368287
1340,1368319
1549,1368351
924,1368383
697,1368415
429,1368447
635,1368479
21,1368511
0,1368543
473,1368575
763,1368607
598,1368639
1126,1368671
1400,1368703
1689,1368735
1424,1368767
1750,1368799
2343,1368831
1705,1368863
1963,1368895
1628,1368927
1024,1368959
784,1368991
557,1369023
393,1369055
524,1369087
0,1369119
0,1369151
492,1369183
376,1369215
669,1369247
800,1369279
1095,1369311
1278,1369343
1487,1369375
1822,1369407
1960,1369439
1664,1369471
1513,1369503
1287,1369535
1018,1369567
1176,1369599
505,1369631
376,1369663
448,1369695
238,1369727
378,1369759
539,1369791
807,1369823
1071,1369855
862,1369887
1451,1369919
1724,1369951
1546,1369983
1772,1370015
2190,1370047
1997,1370079
1352,1370111
1120,1370143
1248,1370175
717,1370207
443,1370239
693,1370271
74,1370303
0,1370335
9,1370367
701,1370399
540,1370431
730,1370463
1328,1370495
1628,1370527
1451,1370559
2032,1370591
2281,1370623
2254,1370655
1917,1370687
1351,1370719
1499,1370751
840,1370783
698,1370815
810,1370847
188,1370879
0,1370911
201,1370943
91,1370975
715,1371007
510,1371039
808,1371071
1036,1371103
1225,1371135
1528,1371167
2060,1371199
1963,1371231
2167,1371263
1472,1371295
1304,1371327
1081,1371359
812,1371391
652,1371423
397,1371455
173,1371487
303,1371519
239,1371551
186,1371583
749,1371615
1017,1371647
903,1371679
1437,1371711
1673,1371743
1947,1371775
2095,1371807
2298,1371839
2061,1371871
1416,1371903
1548,1371935
1309,1371967
1128,1371999
504,1372031
624,1372063
400,1372095
0,1372127
0,1372159
262,1372191
476,1372223
680,1372255
856,1372287
1159,1372319
1400,1372351
1592,1372383
2281,1372415
1901,1372447
1671,1372479
1786,1372511
1611,1372543
973,1372575
1040,1372607
496,1372639
687,1372671
0,1372703
0,1372735
425,1372767
235,1372799
459,1372831
1066,1372863
936,1372895
1627,1372927
1371,1372959
1672,1372991
2282,1373023
1766,1373055
1627,1373087
1688,1373119
1094,1373151
939,1373183
618,1373215
455,1373247
185,1373279
0,1373311
0,1373343
136,1373375
316,1373407
621,1373439
1101,1373471
1035,1373503
1656,1373535
1897,1373567
1767,1373599
2331,1373631
2170,1373663
1927,1373695
1612,1373727
1417,1373759
1229,1373791
556,1373823
687,1373855
492,1373887
302,1373919
0,1373951
472,1373983
746,1374015
572,1374047
798,1374079
1114,1374111
1306,1374143
1486,1374175
1720,1374207
1962,1374239
1688,1374271
1404,1374303
1661,1374335
1035,1374367
776,1374399
911,1374431
747,1374463
124,1374495
218,1374527
363,1374559
647,1374591
768,1374623
681,1374655
1280,1374687
1081,1374719
1696,1374751
1984,1374783
1802,1374815
2318,1374847
1979,1374879
1372,1374911
1561,1374943
893,1374975
730,1375007
864,1375039
248,1375071
89,1375103
139,1375135
73,1375167
667,1375199
459,1375231
760,1375263
983,1375295
1165,1375327
1467,1375359
2016,1375391
1902,1375423
2230,1375455
1631,1375487
1368,1375519
1482,1375551
1289,1375583
713,1375615
792,1375647
556,1375679
361,1375711
188,1375743
460,1375775
685,1375807
955,1375839
1103,1375871
1326,1375903
1254,1375935
1423,1375967
2028,1375999
1980,1376031
1754,1376063
1466,1376095
1598,1376127
1093,1376159
828,1376191
554,1376223
411,1376255
185,1376287
0,1376319
363,1376351
203,1376383
427,1376415
987,1376447
1277,1376479
1111,1376511
1644,1376543
1544,1376575
2219,1376607
1872,1376639
2032,1376671
1851,1376703
1179,1376735
1435,1376767
1103,1376799
525,1376831
747,1376863
47,1376895
0,1376927
366,1376959
174,1376991
503,1377023
1006,1377055
879,1377087
1183,1377119
1320,1377151
1610,1377183
1800,1377215
1821,1377247
1688,1377279
1768,1377311
1146,1377343
989,1377375
766,1377407
508,1377439
654,1377471
425,1377503
0,1377535
412,1377567
672,1377599
893,1377631
1053,1377663
1321,1377695
1595,1377727
1372,1377759
1978,1377791
2253,1377823
1766,1377855
1528,1377887
1657,1377919
1115,1377951
842,1377983
617,1378015
735,1378047
203,1378079
0,1378111
0,1378143
152,1378175
343,1378207
518,1378239
1222,1378271
1467,1378303
1243,1378335
1865,1378367
2157,1378399
1981,1378431
2138,1378463
1911,1378495
1725,1378527
1388,1378559
1210,1378591
975,1378623
329,1378655
186,1378687
286,1378719
0,1378751
590,1378783
720,1378815
599,1378847
1227,1378879
1023,1378911
1320,1378943
1930,1378975
1744,1379007
1978,1379039
2040,1379071
1477,1379103
1200,1379135
957,1379167
792,1379199
896,1379231
300,1379263
149,1379295
0,1379327
23,1379359
621,1379391
505,1379423
696,1379455
1262,1379487
1534,1379519
1417,1379551
1967,1379583
2204,1379615
2281,1379647
1961,1379679
1771,1379711
1529,1379743
894,1379775
1024,1379807
797,1379839
268,1379871
2,1379903
118,1379935
363,1379967
294,1379999
460,1380031
1040,1380063
999,1380095
1190,1380127
1368,1380159
1691,1380191
1925,1380223
1803,1380255
2025,1380287
1373,1380319
1146,1380351
1259,1380383
1085,1380415
470,1380447
527,1380479
345,1380511
298,1380543
63,1380575
374,1380607
953,1380639
746,1380671
1452,1380703
1582,1380735
1449,1380767
2159,1380799
1899,1380831
1769,1380863
1913,1380895
1232,1380927
1113,1380959
1160,1380991
582,1381023
331,1381055
105,1381087
0,1381119
320,1381151
137,1381183
443,1381215
646,1381247
826,1381279
1129,1381311
1357,1381343
1560,1381375
2189,1381407
2345,1381439
1751,1381471
1833,1381503
1641,1381535
1399,1381567
1087,1381599
893,1381631
713,1381663
57,1381695
167,1381727
344,1381759
196,1381791
410,1381823
986,1381855
1260,1381887
1083,1381919
1310,1381951
1916,1381983
1831,1382015
1816,1382047
1580,1382079
1435,1382111
1173,1382143
890,1382175
1133,1382207
530,1382239
265,1382271
397,1382303
235,1382335
91,1382367
652,1382399
879,1382431
1163,1382463
1293,1382495
1193,1382527
1807,1382559
1599,1382591
1928,1382623
2203,1382655
1536,1382687
1787,1382719
1450,1382751
859,1382783
1035,1382815
384,1382847
217,1382879
5,1382911
0,1382943
76,1382975
669,1383007
586,1383039
1191,1383071
975,1383103
1271,1383135
1497,1383167
1690,1383199
2007,1383231
1771,1383263
1530,1383295
1693,1383327
1113,1383359
844,1383391
960,1383423
765,1383455
199,1383487
268,1383519
288,1383551
556,1383583
704,1383615
974,1383647
1199,1383679
1024,1383711
1626,1383743
1855,1383775
1773,1383807
1872,1383839
2010,1383871
1774,1383903
1228,1383935
944,1383967
1080,1383999
583,1384031
316,1384063
45,1384095
0,1384127
29,1384159
230,1384191
879,1384223
713,1384255
938,1384287
1504,1384319
1805,1384351
1629,1384383
2170,1384415
1868,1384447
2079,1384479
1344,1384511
1502,1384543
1321,1384575
664,1384607
911,1384639
587,1384671
20,1384703
233,1384735
9,1384767
298,1384799
488,1384831
686,1384863
1015,1384895
1530,1384927
1400,1384959
1707,1384991
1840,1385023
1822,1385055
1550,1385087
1294,1385119
1162,1385151
916,1385183
634,1385215
479,1385247
253,1385279
3,1385311
266,1385343
495,1385375
393,1385407
926,1385439
1194,1385471
1419,1385503
1566,1385535
1849,1385567
2127,1385599
1900,1385631
2075,1385663
1881,1385695
1240,1385727
1004,1385759
1135,1385791
952,1385823
330,1385855
104,1385887
221,1385919
0,1385951
122,1385983
347,1386015
661,1386047
853,1386079
1463,1386111
1741,1386143
1575,1386175
1769,1386207
2313,1386239
2139,1386271
1491,1386303
1600,1386335
1383,1386367
1195,1386399
864,1386431
686,1386463
459,1386495
0,1386527
39,1386559
606,1386591
428,1386623
1110,1386655
1238,1386687
1102,1386719
1339,1386751
1547,1386783
1852,1386815
2264,1386847
1607,1386879
1448,1386911
1502,1386943
956,1386975
696,1387007
445,1387039
280,1387071
380,1387103
0,1387135
105,1387167
311,1387199
528,1387231
1133,1387263
1017,1387295
1211,1387327
1792,1387359
2073,1387391
1943,1387423
2185,1387455
1946,1387487
1750,1387519
1432,1387551
1240,1387583
1004,1387615
384,1387647
508,1387679
280,1387711
0,1387743
74,1387775
639,1387807
876,1387839
794,1387871
970,1387903
1564,1387935
1513,1387967
1710,1387999
2397,1388031
1787,1388063
1547,1388095
1286,1388127
1485,1388159
859,1388191
634,1388223
735,1388255
569,1388287
0,1388319
266,1388351
539,1388383
825,1388415
575,1388447
888,1388479
1455,1388511
1257,1388543
1982,1388575
2120,1388607
1897,1388639
1641,1388671
1406,1388703
1241,1388735
1386,1388767
727,1388799
591,1388831
652,1388863
73,1388895
0,1388927
0,1388959
248,1388991
844,1389023
636,1389055
958,1389087
1160,1389119
1340,1389151
1657,1389183
1885,1389215
1882,1389247
2048,1389279
1344,1389311
1213,1389343
1304,1389375
1114,1389407
877,1389439
571,1389471
381,1389503
201,1389535
24,1389567
590,1389599
859,1389631
696,1389663
912,1389695
1503,1389727
1785,1389759
1607,1389791
1836,1389823
2126,1389855
1575,1389887
1290,1389919
1548,1389951
921,1389983
663,1390015
380,1390047
635,1390079
17,1390111
0,1390143
476,1390175
766,1390207
602,1390239
1164,1390271
1403,1390303
1355,1390335
1819,1390367
1719,1390399
2345,1390431
1694,1390463
1557,1390495
1674,1390527
1023,1390559
782,1390591
928,1390623
348,1390655
521,1390687
0,1390719
0,1390751
542,1390783
377,1390815
586,1390847
1183,1390879
1095,1390911
1709,1390943
1496,1390975
1789,1391007
1949,1391039
1662,1391071
1511,1391103
1244,1391135
1016,1391167
1165,1391199
857,1391231
343,1391263
446,1391295
249,1391327
55,1391359
586,1391391
810,1391423
1070,1391455
1227,1391487
1496,1391519
1725,1391551
1550,1391583
2155,1391615
2186,1391647
1630,1391679
1344,1391711
1479,1391743
1246,1391775
716,1391807
442,1391839
299,1391871
71,1391903
0,1391935
9,1391967
317,1391999
551,1392031
732,1392063
1391,1392095
1227,1392127
1462,1392159
2041,1392191
2343,1392223
1847,1392255
1915,1392287
1339,1392319
1549,1392351
832,1392383
698,1392415
799,1392447
156,1392479
0,1392511
206,1392543
101,1392575
765,1392607
512,1392639
810,1392671
1406,1392703
1199,1392735
1530,1392767
2061,1392799
1924,1392831
1801,1392863
1469,1392895
1302,1392927
1024,1392959
783,1392991
652,1393023
393,1393055
124,1393087
0,1393119
247,1393151
198,1393183
796,1393215
1021,1393247
903,1393279
1440,1393311
1722,1393343
1947,1393375
2104,1393407
2297,1393439
2105,1393471
1408,1393503
1548,1393535
1354,1393567
728,1393599
496,1393631
620,1393663
438,1393695
0,1393727
0,1393759
266,1393791
456,1393823
634,1393855
860,1393887
1175,1393919
1365,1393951
1546,1393983
2281,1394015
1897,1394047
1626,1394079
1775,1394111
1606,1394143
978,1394175
1083,1394207
861,1394239
683,1394271
350,1394303
0,1394335
429,1394367
237,1394399
832,1394431
1116,1394463
942,1394495
1628,1394527
1769,1394559
1629,1394591
2285,1394623
1755,1394655
1591,1394687
1726,1394719
1085,1394751
935,1394783
987,1394815
444,1394847
186,1394879
0,1394911
0,1394943
135,1394975
319,1395007
631,1395039
1147,1395071
1038,1395103
1660,1395135
1535,1395167
1736,1395199
2330,1395231
2159,1395263
1565,1395295
1648,1395327
1416,1395359
1225,1395391
908,1395423
727,1395455
492,1395487
0,1395519
250,1395551
473,1395583
748,1395615
574,1395647
1162,1395679
1114,1395711
1308,1395743
1484,1395775
2091,1395807
1961,1395839
1688,1395871
1404,1395903
1259,1395935
1032,1395967
774,1395999
971,1396031
348,1396063
123,1396095
219,1396127
415,1396159
267,1396191
780,1396223
684,1396255
1341,1396287
1086,1396319
1706,1396351
1993,1396383
1776,1396415
2313,1396447
1975,1396479
1369,1396511
1609,1396543
891,1396575
729,1396607
862,1396639
208,1396671
87,1396703
142,1396735
40,1396767
252,1396799
567,1396831
759,1396863
940,1396895
1148,1396927
1471,1396959
2026,1396991
1866,1397023
1865,1397055
1626,1397087
1356,1397119
1516,1397151
1277,1397183
711,1397215
784,1397247
592,1397279
359,1397311
198,1397343
463,1397375
731,1397407
526,1397439
1104,1397471
1376,1397503
1658,1397535
1432,1397567
2032,1397599
1949,1397631
1699,1397663
1456,1397695
1596,1397727
1051,1397759
777,1397791
552,1397823
410,1397855
150,1397887
0,1397919
363,1397951
212,1397983
406,1398015
989,1398047
1287,1398079
1113,1398111
1689,1398143
1929,1398175
2221,1398207
2264,1398239
2080,1398271
1848,1398303
1176,1398335
1035,1398367
1144,1398399
512,1398431
743,1398463
411,1398495
0,1398527
377,1398559
184,1398591
472,1398623
1064,1398655
890,1398687
1097,1398719
1385,1398751
1614,1398783
2247,1398815
1818,1398847
1645,1398879
1760,1398911
1145,1398943
988,1398975
733,1399007
506,1399039
649,1399071
89,1399103
0,1399135
414,1399167
681,1399199
567,1399231
1099,1399263
1324,1399295
1595,1399327
1752,1399359
2028,1399391
2255,1399423
2218,1399455
1900,1399487
1659,1399519
1112,1399551
840,1399583
958,1399615
732,1399647
201,1399679
0,1399711
188,1399743
153,1399775
344,1399807
512,1399839
830,1399871
1054,1399903
1246,1399935
1931,1399967
1755,1399999
2297,1400031
2133,1400063
1961,1400095
1317,1400127
1385,1400159
1209,1400191
1031,1400223
320,1400255
184,1400287
285,1400319
0,1400351
599,1400383
728,1400415
603,1400447
1287,1400479
1034,1400511
1324,1400543
1934,1400575
1724,1400607
1976,1400639
1706,1400671
1434,1400703
1275,1400735
953,1400767
789,1400799
936,1400831
271,1400863
141,1400895
0,1400927
0,1400959
281,1400991
508,1401023
710,1401055
1308,1401087
1545,1401119
1419,1401151
1976,1401183
2252,1401215
2271,1401247
1961,1401279
1759,1401311
1568,1401343
892,1401375
1024,1401407
830,1401439
220,1401471
0,1401503
122,1401535
398,1401567
246,1401599
462,1401631
1040,1401663
967,1401695
1146,1401727
1371,1401759
1692,1401791
1885,1401823
1750,1401855
2011,1401887
1372,1401919
1487,1401951
1248,1401983
1083,1402015
468,1402047
568,1402079
343,1402111
296,1402143
440,1402175
344,1402207
941,1402239
747,1402271
1063,1402303
1642,1402335
1959,1402367
2168,1402399
2299,1402431
1719,1402463
1901,1402495
1232,1402527
1067,1402559
842,1402591
574,1402623
425,1402655
464,1402687
0,1402719
329,1402751
127,1402783
423,1402815
651,1402847
830,1402879
1131,1402911
1324,1402943
1562,1402975
2189,1403007
1977,1403039
1704,1403071
1824,1403103
1629,1403135
1049,1403167
1129,1403199
548,1403231
701,1403263
395,1403295
202,1403327
345,1403359
190,1403391
768,1403423
988,1403455
1262,1403487
1087,1403519
1680,1403551
1917,1403583
1834,1403615
1807,1403647
1947,1403679
1432,1403711
1164,1403743
889,1403775
747,1403807
521,1403839
635,1403871
448,1403903
0,1403935
93,1403967
651,1403999
941,1404031
776,1404063
1294,1404095
1198,1404127
1869,1404159
1608,1404191
2238,1404223
2191,1404255
1516,1404287
1784,1404319
1440,1404351
858,1404383
1085,1404415
380,1404447
214,1404479
0,1404511
0,1404543
167,1404575
670,1404607
550,1404639
845,1404671
976,1404703
1271,1404735
1455,1404767
1674,1404799
2007,1404831
1768,1404863
1484,1404895
1327,1404927
1101,1404959
843,1404991
990,1405023
765,1405055
199,1405087
269,1405119
0,1405151
556,1405183
714,1405215
989,1405247
1247,1405279
1037,1405311
1632,1405343
1912,1405375
2188,1405407
1872,1405439
2009,1405471
1819,1405503
1175,1405535
943,1405567
1071,1405599
548,1405631
267,1405663
43,1405695
0,1405727
16,1405759
603,1405791
877,1405823
723,1405855
905,1405887
1514,1405919
1815,1405951
1631,1405983
2219,1406015
2262,1406047
2075,1406079
1736,1406111
1550,1406143
1321,1406175
664,1406207
520,1406239
632,1406271
17,1406303
235,1406335
379,1406367
263,1406399
491,1406431
699,1406463
985,1406495
1582,1406527
1401,1406559
1719,1406591
2238,1406623
1820,1406655
1991,1406687
1295,1406719
1128,1406751
904,1406783
633,1406815
476,1406847
231,1406879
2,1406911
277,1406943
173,1406975
363,1407007
927,1407039
749,1407071
1079,1407103
1625,1407135
1854,1407167
2133,1407199
2282,1407231
2111,1407263
1871,1407295
1687,1407327
1368,1407359
1133,1407391
600,1407423
330,1407455
446,1407487
218,1407519
0,1407551
125,1407583
712,1407615
664,1407647
856,1407679
1515,1407711
1351,1407743
1578,1407775
1772,1407807
2367,1407839
1720,1407871
1496,1407903
1597,1407935
1430,1407967
804,1407999
862,1408031
683,1408063
507,1408095
0,1408127
39,1408159
607,1408191
412,1408223
1115,1408255
1244,1408287
1115,1408319
1323,1408351
1552,1408383
1851,1408415
2256,1408447
1579,1408479
1447,1408511
1500,1408543
909,1408575
763,1408607
442,1408639
279,1408671
18,1408703
0,1408735
119,1408767
312,1408799
492,1408831
794,1408863
1019,1408895
1222,1408927
1840,1408959
1608,1408991
1945,1409023
2176,1409055
1982,1409087
1741,1409119
1424,1409151
1240,1409183
1049,1409215
379,1409247
508,1409279
316,1409311
0,1409343
78,1409375
652,1409407
920,1409439
748,1409471
972,1409503
1566,1409535
1482,1409567
1662,1409599
2408,1409631
1783,1409663
1510,1409695
1226,1409727
1483,1409759
857,1409791
598,1409823
735,1409855
571,1409887
0,1409919
304,1409951
551,1409983
827,1410015
955,1410047
856,1410079
1465,1410111
1260,1410143
1581,1410175
2170,1410207
1886,1410239
1640,1410271
1791,1410303
1194,1410335
1373,1410367
718,1410399
555,1410431
688,1410463
70,1410495
0,1410527
332,1410559
252,1410591
847,1410623
639,1410655
924,1410687
1160,1410719
1342,1410751
1657,1410783
1863,1410815
1882,1410847
2043,1410879
1712,1410911
1182,1410943
1295,1410975
1103,1411007
537,1411039
616,1411071
379,1411103
203,1411135
376,1411167
638,1411199
863,1411231
698,1411263
1278,1411295
1514,1411327
1790,1411359
1609,1411391
2218,1411423
2124,1411455
1574,1411487
1290,1411519
1147,1411551
917,1411583
652,1411615
378,1411647
235,1411679
16,1411711
0,1411743
541,1411775
379,1411807
606,1411839
1167,1411871
1455,1411903
1288,1411935
1821,1411967
1722,1411999
2399,1412031
1694,1412063
1546,1412095
1663,1412127
1001,1412159
779,1412191
924,1412223
349,1412255
569,1412287
0,1412319
0,1412351
555,1412383
356,1412415
680,1412447
1184,1412479
1064,1412511
1367,1412543
1497,1412575
1799,1412607
1896,1412639
1642,1412671
1502,1412703
1243,1412735
970,1412767
823,1412799
845,1412831
341,1412863
476,1412895
237,1412927
56,1412959
590,1412991
856,1413023
1079,1413055
1231,1413087
1502,1413119
1775,1413151
1552,1413183
2160,1413215
2224,1413247
2042,1413279
1343,1413311
1480,1413343
1290,1413375
665,1413407
430,1413439
296,1413471
39,1413503
0,1413535
21,1413567
327,1413599
520,1413631
698,1413663
1399,1413695
1228,1413727
1421,1413759
2047,1413791
2343,1413823
1848,1413855
1952,1413887
1725,1413919
1543,1413951
1208,1413983
660,1414015
799,1414047
160,1414079
297,1414111
255,1414143
102,1414175
765,1414207
904,1414239
776,1414271
1405,1414303
1208,1414335
1501,1414367
2253,1414399
1930,1414431
1789,1414463
1853,1414495
1292,1414527
1449,1414559
778,1414591
615,1414623
390,1414655
123,1414687
0,1414719
296,1414751
200,1414783
797,1414815
683,1414847
875,1414879
1452,1414911
1723,1414943
1595,1414975
2158,1415007
2288,1415039
2092,1415071
1787,1415103
1583,1415135
1343,1415167
1161,1415199
846,1415231
608,1415263
90,1415295
0,1415327
304,1415359
276,1415391
459,1415423
637,1415455
1224,1415487
1176,1415519
1369,1415551
1546,1415583
1877,1415615
1897,1415647
1623,1415679
1835,1415711
1195,1415743
970,1415775
1083,1415807
909,1415839
296,1415871
349,1415903
0,1415935
479,1415967
240,1415999
844,1416031
1117,1416063
922,1416095
1645,1416127
1771,1416159
1629,1416191
2346,1416223
1755,1416255
1589,1416287
1727,1416319
1064,1416351
935,1416383
984,1416415
408,1416447
251,1416479
0,1416511
0,1416543
101,1416575
300,1416607
631,1416639
1150,1416671
1003,1416703
1307,1416735
1544,1416767
1740,1416799
2368,1416831
2157,1416863
1561,1416895
1644,1416927
1452,1416959
1221,1416991
908,1417023
726,1417055
528,1417087
0,1417119
254,1417151
522,1417183
360,1417215
587,1417247
1166,1417279
1091,1417311
1262,1417343
1488,1417375
2096,1417407
1917,1417439
1628,1417471
1401,1417503
1257,1417535
988,1417567
714,1417599
957,1417631
349,1417663
88,1417695
216,1417727
427,1417759
265,1417791
827,1417823
1065,1417855
1340,1417887
1471,1417919
1760,1417951
1997,1417983
1786,1418015
1900,1418047
2015,1418079
1368,1418111
1596,1418143
1263,1418175
683,1418207
859,1418239
207,1418271
45,1418303
190,1418335
46,1418367
343,1418399
844,1418431
762,1418463
944,1418495
1151,1418527
1448,1418559
2026,1418591
1866,1418623
1852,1418655
1591,1418687
1354,1418719
1511,1418751
937,1418783
679,1418815
784,1418847
589,1418879
24,1418911
238,1418943
462,1418975
729,1419007
888,1419039
1152,1419071
1375,1419103
1210,1419135
1808,1419167
2030,1419199
1960,1419231
1690,1419263
1823,1419295
1596,1419327
1048,1419359
775,1419391
896,1419423
407,1419455
140,1419487
0,1419519
0,1419551
215,1419583
398,1419615
1054,1419647
891,1419679
1114,1419711
1693,1419743
1991,1419775
1816,1419807
2256,1419839
2075,1419871
1897,1419903
1167,1419935
1032,1419967
1145,1419999
490,1420031
733,1420063
411,1420095
0,1420127
429,1420159
187,1420191
472,1420223
1066,1420255
870,1420287
1192,1420319
1710,1420351
1577,1420383
1792,1420415
1816,1420447
1643,1420479
1804,1420511
1117,1420543
985,1420575
729,1420607
458,1420639
301,1420671
76,1420703
0,1420735
448,1420767
683,1420799
571,1420831
1102,1420863
1372,1420895
1606,1420927
1755,1420959
2028,1420991
2313,1421023
1752,1421055
1887,1421087
1693,1421119
1062,1421151
830,1421183
958,1421215
767,1421247
152,1421279
0,1421311
186,1421343
122,1421375
300,1421407
525,1421439
839,1421471
1020,1421503
1206,1421535
1931,1421567
1754,1421599
1956,1421631
2125,1421663
1949,1421695
1309,1421727
1422,1421759
1197,1421791
1020,1421823
696,1421855
149,1421887
283,1421919
0,1421951
213,1421983
778,1422015
606,1422047
1287,1422079
1419,1422111
1290,1422143
1943,1422175
1728,1422207
1932,1422239
1702,1422271
1424,1422303
1179,1422335
1324,1422367
782,1422399
925,1422431
267,1422463
103,1422495
0,1422527
0,1422559
285,1422591
476,1422623
712,1422655
1319,1422687
1197,1422719
1388,1422751
1979,1422783
2253,1422815
1913,1422847
2000,1422879
1758,1422911
1563,1422943
1247,1422975
1056,1423007
830,1423039
216,1423071
335,1423103
134,1423135
69,1423167
250,1423199
816,1423231
1054,1423263
970,1423295
1149,1423327
1752,1423359
1704,1423391
1897,1423423
1742,1423455
1607,1423487
1369,1423519
1100,1423551
1307,1423583
685,1423615
458,1423647
569,1423679
383,1423711
0,1423743
443,1423775
360,1423807
1003,1423839
751,1423871
1358,1423903
1643,1423935
1438,1423967
2171,1423999
2299,1424031
1709,1424063
1959,1424095
1229,1424127
1068,1424159
797,1424191
550,1424223
413,1424255
464,1424287
0,1424319
6,1424351
128,1424383
424,1424415
614,1424447
813,1424479
1132,1424511
1337,1424543
1516,1424575
1834,1424607
1975,1424639
1704,1424671
1866,1424703
1627,1424735
1051,1424767
1120,1424799
928,1424831
700,1424863
397,1424895
199,1424927
384,1424959
187,1424991
768,1425023
1038,1425055
871,1425087
1096,1425119
1692,1425151
1966,1425183
1786,1425215
1803,1425247
1944,1425279
1391,1425311
1112,1425343
880,1425375
745,1425407
476,1425439
631,1425471
445,1425503
0,1425535
60,1425567
656,1425599
942,1425631
778,1425663
1342,1425695
1583,1425727
1870,1425759
1998,1425791
2296,1425823
2199,1425855
1514,1425887
1370,1425919
1483,1425951
856,1425983
1083,1426015
748,1426047
183,1426079
0,1426111
0,1426143
139,1426175
720,1426207
552,1426239
855,1426271
1359,1426303
1274,1426335
1464,1426367
1678,1426399
2240,1426431
2108,1426463
1483,1426495
1325,1426527
1066,1426559
843,1426591
989,1426623
427,1426655
156,1426687
266,1426719
333,1426751
233,1426783
762,1426815
992,1426847
1255,1426879
1404,1426911
1679,1426943
1913,1426975
1727,1427007
2251,1427039
1998,1427071
1450,1427103
1164,1427135
1296,1427167
1071,1427199
546,1427231
256,1427263
381,1427295
0,1427327
17,1427359
665,1427391
501,1427423
727,1427455
918,1427487
1580,1427519
1407,1427551
1641,1427583
2223,1427615
2312,1427647
1659,1427679
1727,1427711
1547,1427743
1369,1427775
656,1427807
520,1427839
624,1427871
0,1427903
247,1427935
384,1427967
268,1427999
473,1428031
697,1428063
988,1428095
1592,1428127
1386,1428159
1719,1428191
2240,1428223
1772,1428255
1529,1428287
1280,1428319
1118,1428351
1280,1428383
604,1428415
473,1428447
217,1428479
0,1428511
0,1428543
170,1428575
366,1428607
970,1428639
760,1428671
1080,1428703
1628,1428735
1900,1428767
2137,1428799
2283,1428831
2109,1428863
1919,1428895
1227,1428927
1360,1428959
1176,1428991
554,1429023
320,1429055
442,1429087
250,1429119
0,1429151
126,1429183
713,1429215
634,1429247
811,1429279
1518,1429311
1352,1429343
1544,1429375
1724,1429407
2363,1429439
1719,1429471
1448,1429503
1597,1429535
1420,1429567
808,1429599
907,1429631
683,1429663
502,1429695
169,1429727
21,1429759
603,1429791
411,1429823
726,1429855
1294,1429887
1117,1429919
1325,1429951
1947,1429983
1815,1430015
2253,1430047
1579,1430079
1412,1430111
1547,1430143
910,1430175
667,1430207
810,1430239
276,1430271
413,1430303
0,1430335
89,1430367
313,1430399
493,1430431
796,1430463
996,1430495
1224,1430527
1847,1430559
1983,1430591
1915,1430623
2174,1430655
1979,1430687
1385,1430719
1467,1430751
1240,1430783
1039,1430815
733,1430847
543,1430879
313,1430911
0,1430943
427,1430975
654,1431007
584,1431039
751,1431071
1338,1431103
1568,1431135
1486,1431167
1664,1431199
1995,1431231
1781,1431263
1500,1431295
1222,1431327
1085,1431359
856,1431391
589,1431423
794,1431455
173,1431487
0,1431519
312,1431551
605,1431583
443,1431615
958,1431647
870,1431679
1519,1431711
1262,1431743
1590,1431775
2173,1431807
1866,1431839
1643,1431871
1787,1431903
1193,1431935
1421,1431967
718,1431999
556,1432031
686,1432063
42,1432095
0,1432127
334,1432159
216,1432191
509,1432223
650,1432255
936,1432287
1117,1432319
1328,1432351
1659,1432383
1862,1432415
1834,1432447
1677,1432479
1711,1432511
1180,1432543
1336,1432575
1101,1432607
536,1432639
608,1432671
416,1432703
205,1432735
368,1432767
640,1432799
909,1432831
702,1432863
1280,1432895
1561,1432927
1385,1432959
1611,1432991
2219,1433023
2159,1433055
1512,1433087
1279,1433119
1144,1433151
878,1433183
602,1433215
376,1433247
234,1433279
0,1433311
0,1433343
541,1433375
380,1433407
573,1433439
1168,1433471
1464,1433503
1290,1433535
1869,1433567
2121,1433599
2407,1433631
2080,1433663
1501,1433695
1661,1433727
990,1433759
1149,1433791
969,1433823
345,1433855
559,1433887
234,1433919
0,1433951
553,1433983
361,1434015
651,1434047
1245,1434079
1062,1434111
1367,1434143
1888,1434175
1800,1434207
1894,1434239
1640,1434271
1467,1434303
1242,1434335
960,1434367
812,1434399
888,1434431
329,1434463
472,1434495
0,1434527
29,1434559
592,1434591
857,1434623
743,1434655
1277,1434687
1504,1434719
1783,1434751
1932,1434783
2218,1434815
2223,1434847
1578,1434879
1710,1434911
1472,1434943
1280,1434975
656,1435007
783,1435039
295,1435071
35,1435103
0,1435135
368,1435167
329,1435199
522,1435231
687,1435263
1003,1435295
1239,1435327
1424,1435359
2122,1435391
1932,1435423
1835,1435455
1949,1435487
1773,1435519
1134,1435551
1200,1435583
654,1435615
846,1435647
154,1435679
288,1435711
267,1435743
74,1435775
779,1435807
906,1435839
779,1435871
1465,1435903
1212,1435935
1502,1435967
2120,1435999
1912,1436031
1788,1436063
1851,1436095
1254,1436127
1003,1436159
871,1436191
606,1436223
346,1436255
102,1436287
0,1436319
288,1436351
168,1436383
459,1436415
685,1436447
878,1436479
1487,1436511
1725,1436543
1607,1436575
2168,1436607
2332,1436639
2091,1436671
1773,1436703
1580,1436735
1387,1436767
715,1436799
845,1436831
653,1436863
474,1436895
0,1436927
313,1436959
236,1436991
423,1437023
640,1437055
1227,1437087
1146,1437119
1323,1437151
1550,1437183
1880,1437215
1850,1437247
1564,1437279
1832,1437311
1192,1437343
934,1437375
1071,1437407
905,1437439
285,1437471
381,1437503
201,1437535
486,1437567
620,1437599
896,1437631
1119,1437663
926,1437695
1240,1437727
1822,1437759
1640,1437791
2360,1437823
2140,1437855
1541,1437887
1723,1437919
1054,1437951
891,1437983
1020,1438015
410,1438047
144,1438079
0,1438111
0,1438143
507,1438175
312,1438207
599,1438239
1160,1438271
1007,1438303
1309,1438335
1511,1438367
1740,1438399
2377,1438431
2125,1438463
1527,1438495
1644,1438527
1449,1438559
873,1438591
944,1438623
714,1438655
523,1438687
219,1438719
301,1438751
523,1438783
795,1438815
944,1438847
1166,1438879
1094,1438911
1272,1438943
1855,1438975
2105,1439007
1914,1439039
1632,1439071
1768,1439103
1255,1439135
984,1439167
713,1439199
571,1439231
346,1439263
78,1439295
267,1439327
46,1439359
557,1439391
829,1439423
1115,1439455
955,1439487
1482,1439519
1759,1439551
2059,1439583
1788,1439615
1897,1439647
2013,1439679
1340,1439711
1595,1439743
1262,1439775
681,1439807
907,1439839
203,1439871
41,1439903
201,1439935
24,1439967
344,1439999
537,1440031
718,1440063
1023,1440095
1161,1440127
1449,1440159
2078,1440191
1853,1440223
1852,1440255
1580,1440287
1306,1440319
1159,1440351
925,1440383
666,1440415
814,1440447
585,1440479
28,1440511
240,1440543
512,1440575
733,1440607
892,1440639
1162,1440671
1433,1440703
1211,1440735
1817,1440767
2091,1440799
1912,1440831
1689,1440863
1822,1440895
1630,1440927
998,1440959
768,1440991
893,1441023
368,1441055
92,1441087
0,1441119
0,1441151
186,1441183
360,1441215
1063,1441247
902,1441279
1472,1441311
1692,1441343
1995,1441375
1816,1441407
2299,1441439
2077,1441471
1885,1441503
1550,1441535
989,1441567
1144,1441599
480,1441631
346,1441663
447,1441695
0,1441727
429,1441759
558,1441791
442,1441823
1067,1441855
873,1441887
1160,1441919
1388,1441951
1580,1441983
1895,1442015
2203,1442047
1640,1442079
1791,1442111
1114,1442143
951,1442175
727,1442207
457,1442239
299,1442271
44,1442303
0,1442335
458,1442367
347,1442399
540,1442431
1114,1442463
1371,1442495
1255,1442527
1804,1442559
1660,1442591
2313,1442623
2124,1442655
1932,1442687
1691,1442719
1055,1442751
1193,1442783
956,1442815
766,1442847
143,1442879
266,1442911
201,1442943
126,1442975
300,1443007
879,1443039
840,1443071
1022,1443103
1208,1443135
1529,1443167
1757,1443199
2351,1443231
2189,1443263
1533,1443295
1304,1443327
1420,1443359
1247,1443391
631,1443423
686,1443455
142,1443487
329,1443519
0,1443551
510,1443583
783,1443615
584,1443647
1292,1443679
1421,1443711
1291,1443743
1997,1443775
1736,1443807
1929,1443839
1656,1443871
1392,1443903
1275,1443935
1326,1443967
743,1443999
584,1444031
268,1444063
104,1444095
0,1444127
0,1444159
284,1444191
488,1444223
666,1444255
971,1444287
1207,1444319
1398,1444351
2024,1444383
2255,1444415
1911,1444447
1994,1444479
1338,1444511
1563,1444543
1245,1444575
1056,1444607
864,1444639
207,1444671
331,1444703
172,1444735
456,1444767
252,1444799
827,1444831
1098,1444863
934,1444895
1152,1444927
1753,1444959
1671,1444991
1848,1445023
1740,1445055
1595,1445087
1331,1445119
1487,1445151
1303,1445183
682,1445215
423,1445247
555,1445279
379,1445311
0,1445343
480,1445375
727,1445407
1005,1445439
1133,1445471
1408,1445503
1647,1445535
1439,1445567
1767,1445599
2352,1445631
1708,1445663
1948,1445695
1610,1445727
1019,1445759
794,1445791
541,1445823
378,1445855
506,1445887
0,1445919
8,1445951
504,1445983
424,1446015
1031,1446047
814,1446079
1111,1446111
1338,1446143
1517,1446175
1836,1446207
1932,1446239
1704,1446271
1863,1446303
1273,1446335
1005,1446367
1120,1446399
480,1446431
363,1446463
431,1446495
198,1446527
393,1446559
556,1446591
815,1446623
1047,1446655
1311,1446687
1465,1446719
1693,1446751
1612,1446783
1789,1446815
2172,1446847
1936,1446879
1386,1446911
1102,1446943
1241,1446975
743,1447007
476,1447039
669,1447071
61,1447103
0,1447135
69,1447167
719,1447199
555,1447231
789,1447263
1343,1447295
1643,1447327
1467,1447359
2008,1447391
2297,1447423
2249,1447455
1512,1447487
1369,1447519
1483,1447551
826,1447583
1070,1447615
746,1447647
173,1447679
0,1447711
0,1447743
150,1447775
731,1447807
526,1447839
856,1447871
1370,1447903
1231,1447935
1547,1447967
1679,1447999
1978,1448031
1709,1448063
1464,1448095
1321,1448127
1066,1448159
795,1448191
649,1448223
424,1448255
156,1448287
296,1448319
0,1448351
235,1448383
766,1448415
1034,1448447
1257,1448479
1406,1448511
1690,1448543
1963,1448575
1737,1448607
2237,1448639
2044,1448671
1392,1448703
1164,1448735
1294,1448767
1111,1448799
486,1448831
266,1448863
380,1448895
0,1448927
0,1448959
663,1448991
501,1449023
692,1449055
861,1449087
1579,1449119
1413,1449151
1608,1449183
2232,1449215
2301,1449247
1656,1449279
1769,1449311
1535,1449343
1355,1449375
1024,1449407
476,1449439
623,1449471
0,1449503
0,1449535
431,1449567
272,1449599
472,1449631
1070,1449663
952,1449695
1593,1449727
1387,1449759
1691,1449791
2298,1449823
1769,1449855
1608,1449887
1663,1449919
1118,1449951
1271,1449983
604,1450015
439,1450047
216,1450079
0,1450111
0,1450143
151,1450175
374,1450207
973,1450239
1116,1450271
1051,1450303
1630,1450335
1911,1450367
1785,1450399
2344,1450431
2108,1450463
1436,1450495
1596,1450527
1402,1450559
1165,1450591
549,1450623
669,1450655
440,1450687
240,1450719
0,1450751
492,1450783
719,1450815
636,1450847
814,1450879
1131,1450911
1357,1450943
1548,1450975
1728,1451007
1945,1451039
1717,1451071
1448,1451103
1647,1451135
1019,1451167
795,1451199
907,1451231
731,1451263
119,1451295
167,1451327
25,1451359
665,1451391
416,1451423
731,1451455
1303,1451487
1100,1451519
1327,1451551
1952,1451583
1817,1451615
2301,1451647
1568,1451679
1403,1451711
1546,1451743
876,1451775
749,1451807
800,1451839
233,1451871
73,1451903
0,1451935
88,1451967
272,1451999
476,1452031
798,1452063
1001,1452095
1180,1452127
1485,1452159
1993,1452191
1926,1452223
2219,1452255
1977,1452287
1383,1452319
1468,1452351
1274,1452383
1037,1452415
732,1452447
543,1452479
347,1452511
0,1452543
429,1452575
700,1452607
972,1452639
761,1452671
1341,1452703
1616,1452735
1445,1452767
1673,1452799
1996,1452831
1737,1452863
1450,1452895
1216,1452927
1079,1452959
811,1452991
539,1453023
783,1453055
168,1453087
0,1453119
316,1453151
604,1453183
442,1453215
1002,1453247
1243,1453279
1527,1453311
1658,1453343
1558,1453375
2175,1453407
1864,1453439
2016,1453471
1836,1453503
1190,1453535
1417,1453567
1085,1453599
507,1453631
681,1453663
40,1453695
0,1453727
380,1453759
227,1453791
508,1453823
1021,1453855
937,1453887
1549,1453919
1328,1453951
1625,1453983
1864,1454015
1824,1454047
1672,1454079
1744,1454111
1178,1454143
1334,1454175
761,1454207
491,1454239
606,1454271
411,1454303
0,1454335
416,1454367
650,1454399
910,1454431
1068,1454463
1338,1454495
1563,1454527
1849,1454559
1993,1454591
2221,1454623
1799,1454655
1503,1454687
1644,1454719
1140,1454751
874,1454783
604,1454815
719,1454847
222,1454879
0,1454911
0,1454943
171,1454975
391,1455007
581,1455039
1231,1455071
1068,1455103
1301,1455135
1881,1455167
2173,1455199
1995,1455231
2078,1455263
1502,1455295
1709,1455327
990,1455359
1146,1455391
968,1455423
316,1455455
566,1455487
224,1455519
0,1455551
607,1455583
362,1455615
652,1455647
1244,1455679
1040,1455711
1369,1455743
1888,1455775
1764,1455807
1965,1455839
1629,1455871
1463,1455903
1193,1455935
940,1455967
808,1455999
880,1456031
286,1456063
135,1456095
0,1456127
38,1456159
633,1456191
861,1456223
744,1456255
1280,1456287
1550,1456319
1788,1456351
1935,1456383
2218,1456415
2266,1456447
1575,1456479
1708,1456511
1514,1456543
880,1456575
654,1456607
780,1456639
259,1456671
0,1456703
0,1456735
367,1456767
304,1456799
473,1456831
698,1456863
1013,1456895
1196,1456927
1384,1456959
2118,1456991
1942,1457023
1787,1457055
1945,1457087
1771,1457119
1131,1457151
1241,1457183
1020,1457215
841,1457247
508,1457279
332,1457311
267,1457343
80,1457375
394,1457407
954,1457439
780,1457471
1468,1457503
1599,1457535
1466,1457567
2125,1457599
1914,1457631
1755,1457663
1888,1457695
1242,1457727
1096,1457759
1144,1457791
605,1457823
343,1457855
93,1457887
0,1457919
302,1457951
157,1457983
458,1458015
653,1458047
878,1458079
1499,1458111
1373,1458143
1575,1458175
2160,1458207
2317,1458239
1726,1458271
1816,1458303
1580,1458335
1383,1458367
1070,1458399
880,1458431
652,1458463
43,1458495
153,1458527
315,1458559
248,1458591
425,1458623
1002,1458655
1229,1458687
1149,1458719
1325,1458751
1931,1458783
1881,1458815
1850,1458847
1564,1458879
1420,1458911
1191,1458943
924,1458975
1127,1459007
507,1459039
281,1459071
379,1459103
253,1459135
107,1459167
621,1459199
903,1459231
1181,1459263
926,1459295
1242,1459327
1823,1459359
1624,1459391
2359,1459423
2142,1459455
1532,1459487
1771,1459519
1056,1459551
889,1459583
1020,1459615
367,1459647
249,1459679
286,1459711
0,1459743
88,1459775
312,1459807
601,1459839
1208,1459871
989,1459903
1310,1459935
1515,1459967
1706,1459999
2011,1460031
1789,1460063
1517,1460095
1678,1460127
1447,1460159
872,1460191
942,1460223
760,1460255
518,1460287
216,1460319
303,1460351
573,1460383
367,1460415
951,1460447
1224,1460479
1050,1460511
1274,1460543
1868,1460575
2154,1460607
1864,1460639
1624,1460671
1760,1460703
1213,1460735
940,1460767
703,1460799
570,1460831
308,1460863
38,1460895
267,1460927
52,1460959
245,1460991
838,1461023
1115,1461055
957,1461087
1527,1461119
1769,1461151
2059,1461183
2189,1461215
1852,1461247
2011,1461279
1338,1461311
1193,1461343
1306,1461375
680,1461407
903,1461439
570,1461471
5,1461503
203,1461535
24,1461567
315,1461599
542,1461631
730,1461663
928,1461695
1545,1461727
1451,1461759
2086,1461791
1856,1461823
1816,1461855
1930,1461887
1295,1461919
1148,1461951
891,1461983
665,1462015
811,1462047
247,1462079
0,1462111
251,1462143
521,1462175
413,1462207
938,1462239
1166,1462271
1435,1462303
1582,1462335
1866,1462367
2095,1462399
1904,1462431
2060,1462463
1820,1462495
1609,1462527
992,1462559
1119,1462591
891,1462623
362,1462655
90,1462687
204,1462719
0,1462751
184,1462783
362,1462815
670,1462847
902,1462879
1094,1462911
1757,1462943
1591,1462975
1821,1463007
2297,1463039
2123,1463071
1479,1463103
1536,1463135
986,1463167
1183,1463199
477,1463231
632,1463263
447,1463295
0,1463327
438,1463359
567,1463391
444,1463423
1129,1463455
875,1463487
1165,1463519
1352,1463551
1563,1463583
1897,1463615
2202,1463647
1591,1463679
1435,1463711
1113,1463743
940,1463775
682,1463807
431,1463839
299,1463871
41,1463903
0,1463935
121,1463967
350,1463999
552,1464031
1152,1464063
1383,1464095
1259,1464127
1806,1464159
2078,1464191
2315,1464223
2123,1464255
1935,1464287
1736,1464319
1050,1464351
1184,1464383
991,1464415
376,1464447
144,1464479
267,1464511
246,1464543
88,1464575
304,1464607
889,1464639
811,1464671
984,1464703
1211,1464735
1530,1464767
1725,1464799
2363,1464831
2183,1464863
1531,1464895
1268,1464927
1416,1464959
1241,1464991
619,1465023
718,1465055
495,1465087
326,1465119
280,1465151
554,1465183
783,1465215
590,1465247
906,1465279
1472,1465311
1294,1465343
1998,1465375
2136,1465407
1881,1465439
1647,1465471
1390,1465503
1227,1465535
1368,1465567
740,1465599
583,1465631
624,1465663
102,1465695
0,1465727
0,1465759
254,1465791
824,1465823
670,1465855
974,1465887
1177,1465919
1398,1465951
2030,1465983
1903,1466015
1869,1466047
1984,1466079
1328,1466111
1207,1466143
1289,1466175
1055,1466207
861,1466239
557,1466271
366,1466303
176,1466335
31,1466367
607,1466399
829,1466431
760,1466463
928,1466495
1518,1466527
1756,1466559
1672,1466591
1851,1466623
2111,1466655
1593,1466687
1324,1466719
1531,1466751
907,1466783
680,1466815
414,1466847
608,1466879
4,1466911
0,1466943
491,1466975
781,1467007
616,1467039
1133,1467071
1417,1467103
1707,1467135
1452,1467167
1769,1467199
2361,1467231
1678,1467263
1947,1467295
1608,1467327
1007,1467359
765,1467391
539,1467423
378,1467455
506,1467487
0,1467519
16,1467551
508,1467583
390,1467615
600,1467647
826,1467679
1114,1467711
1726,1467743
1512,1467775
1844,1467807
1930,1467839
1647,1467871
1495,1467903
1261,1467935
1001,1467967
1163,1467999
488,1468031
349,1468063
432,1468095
222,1468127
395,1468159
554,1468191
824,1468223
1087,1468255
880,1468287
1468,1468319
1739,1468351
1562,1468383
1800,1468415
2171,1468447
1981,1468479
1328,1468511
1100,1468543
1230,1468575
698,1468607
425,1468639
670,1468671
55,1468703
0,1468735
27,1468767
717,1468799
565,1468831
748,1468863
1353,1468895
1644,1468927
1468,1468959
2048,1468991
2299,1469023
2237,1469055
1900,1469087
1324,1469119
1479,1469151
816,1469183
683,1469215
784,1469247
172,1469279
0,1469311
221,1469343
106,1469375
732,1469407
536,1469439
827,1469471
1420,1469503
1241,1469535
1452,1469567
2076,1469599
1981,1469631
2141,1469663
1454,1469695
1287,1469727
1063,1469759
795,1469791
636,1469823
380,1469855
152,1469887
285,1469919
256,1469951
202,1469983
768,1470015
1037,1470047
920,1470079
1455,1470111
1690,1470143
1963,1470175
2120,1470207
2281,1470239
2032,1470271
1392,1470303
1529,1470335
1290,1470367
752,1470399
478,1470431
600,1470463
379,1470495
0,1470527
0,1470559
281,1470591
505,1470623
700,1470655
873,1470687
1182,1470719
1415,1470751
1608,1470783
2297,1470815
1885,1470847
1654,1470879
1768,1470911
1593,1470943
957,1470975
1022,1471007
486,1471039
669,1471071
0,1471103
0,1471135
442,1471167
252,1471199
477,1471231
1084,1471263
953,1471295
1647,1471327
1389,1471359
1691,1471391
2302,1471423
1740,1471455
1611,1471487
1664,1471519
1070,1471551
921,1471583
601,1471615
438,1471647
167,1471679
0,1471711
0,1471743
153,1471775
343,1471807
633,1471839
1127,1471871
1062,1471903
1676,1471935
1911,1471967
1784,1471999
2336,1472031
2154,1472063
1911,1472095
1592,1472127
1400,1472159
1211,1472191
548,1472223
666,1472255
474,1472287
0,1472319
0,1472351
488,1472383
760,1472415
592,1472447
815,1472479
1131,1472511
1323,1472543
1500,1472575
1736,1472607
1946,1472639
1673,1472671
1386,1472703
1643,1472735
1016,1472767
757,1472799
903,1472831
727,1472863
117,1472895
190,1472927
382,1472959
665,1472991
798,1473023
700,1473055
1305,1473087
1101,1473119
1722,1473151
2000,1473183
1819,1473215
2299,1473247
1952,1473279
1353,1473311
1533,1473343
879,1473375
715,1473407
846,1473439
230,1473471
71,1473503
157,1473535
90,1473567
282,1473599
476,1473631
775,1473663
1001,1473695
1182,1473727
1496,1473759
2042,1473791
1928,1473823
2205,1473855
1613,1473887
1340,1473919
1465,1473951
1262,1473983
695,1474015
776,1474047
538,1474079
342,1474111
208,1474143
476,1474175
699,1474207
542,1474239
1119,1474271
1343,1474303
1624,1474335
1448,1474367
2048,1474399
2006,1474431
1736,1474463
1440,1474495
1581,1474527
1321,1474559
810,1474591
537,1474623
395,1474655
168,1474687
0,1474719
379,1474751
219,1474783
445,1474815
1005,1474847
1295,1474879
1132,1474911
1660,1474943
1561,1474975
2237,1475007
1856,1475039
2016,1475071
1833,1475103
1162,1475135
1415,1475167
1088,1475199
503,1475231
729,1475263
33,1475295
0,1475327
383,1475359
202,1475391
521,1475423
1024,1475455
900,1475487
1112,1475519
1434,1475551
1628,1475583
1821,1475615
1802,1475647
1671,1475679
1744,1475711
1130,1475743
981,1475775
748,1475807
488,1475839
635,1475871
399,1475903
0,1475935
430,1475967
698,1475999
920,1476031
1069,1476063
1338,1476095
1613,1476127
1390,1476159
1997,1476191
2270,1476223
2204,1476255
1502,1476287
1642,1476319
1097,1476351
824,1476383
592,1476415
718,1476447
189,1476479
0,1476511
0,1476543
168,1476575
360,1476607
538,1476639
1238,1476671
1077,1476703
1259,1476735
1883,1476767
2182,1476799
2004,1476831
2112,1476863
1886,1476895
1707,1476927
1368,1476959
1194,1476991
959,1477023
303,1477055
168,1477087
268,1477119
0,1477151
616,1477183
745,1477215
617,1477247
1245,1477279
1040,1477311
1340,1477343
1948,1477375
1766,1477407
1866,1477439
1690,1477471
1455,1477503
1613,1477535
938,1477567
776,1477599
878,1477631
283,1477663
122,1477695
0,1477727
40,1477759
637,1477791
525,1477823
717,1477855
1290,1477887
1561,1477919
1436,1477951
1984,1477983
2222,1478015
2264,1478047
1936,1478079
1752,1478111
1503,1478143
1321,1478175
1004,1478207
779,1478239
249,1478271
0,1478303
137,1478335
368,1478367
300,1478399
478,1478431
1064,1478463
1017,1478495
1209,1478527
1385,1478559
1709,1478591
1943,1478623
1786,1478655
1998,1478687
1355,1478719
1433,1478751
1240,1478783
1069,1478815
444,1478847
509,1478879
331,1478911
319,1478943
80,1478975
393,1479007
959,1479039
762,1479071
1470,1479103
1600,1479135
1468,1479167
2185,1479199
1915,1479231
1750,1479263
1886,1479295
1222,1479327
1086,1479359
827,1479391
556,1479423
411,1479455
90,1479487
0,1479519
346,1479551
143,1479583
471,1479615
665,1479647
845,1479679
1147,1479711
1373,1479743
1577,1479775
2208,1479807
2327,1479839
1725,1479871
1816,1479903
1615,1479935
1383,1479967
1067,1479999
878,1480031
687,1480063
29,1480095
152,1480127
362,1480159
206,1480191
426,1480223
1004,1480255
1277,1480287
1100,1480319
1326,1480351
1934,1480383
1849,1480415
1790,1480447
1560,1480479
1416,1480511
1148,1480543
875,1480575
1117,1480607
504,1480639
618,1480671
379,1480703
263,1480735
105,1480767
665,1480799
905,1480831
1181,1480863
1312,1480895
1211,1480927
1837,1480959
1626,1480991
1946,1481023
2192,1481055
1520,1481087
1767,1481119
1434,1481151
842,1481183
1016,1481215
365,1481247
203,1481279
0,1481311
0,1481343
183,1481375
686,1481407
601,1481439
1209,1481471
992,1481503
1287,1481535
1516,1481567
1708,1481599
2014,1481631
1755,1481663
1514,1481695
1675,1481727
1097,1481759
826,1481791
942,1481823
749,1481855
183,1481887
252,1481919
0,1481951
571,1481983
729,1482015
992,1482047
1227,1482079
1052,1482111
1644,1482143
1871,1482175
2156,1482207
1855,1482239
1992,1482271
1756,1482303
1208,1482335
926,1482367
1066,1482399
565,1482431
300,1482463
29,1482495
0,1482527
55,1482559
623,1482591
904,1482623
731,1482655
957,1482687
1529,1482719
1833,1482751
1655,1482783
2191,1482815
1852,1482847
2061,1482879
1328,1482911
1488,1482943
1305,1482975
652,1483007
903,1483039
570,1483071
2,1483103
261,1483135
26,1483167
323,1483199
506,1483231
712,1483263
1035,1483295
1550,1483327
1416,1483359
1725,1483391
1868,1483423
1805,1483455
1531,1483487
1277,1483519
1146,1483551
889,1483583
616,1483615
471,1483647
247,1483679
0,1483711
286,1483743
512,1483775
410,1483807
942,1483839
764,1483871
1435,1483903
1598,1483935
1867,1483967
2143,1483999
1912,1484031
2048,1484063
1864,1484095
1674,1484127
988,1484159
1119,1484191
928,1484223
312,1484255
80,1484287
201,1484319
0,1484351
140,1484383
364,1484415
681,1484447
871,1484479
1483,1484511
1767,1484543
1594,1484575
1790,1484607
2287,1484639
2120,1484671
1469,1484703
1584,1484735
1357,1484767
1179,1484799
847,1484831
666,1484863
445,1484895
0,1484927
58,1484959
616,1484991
448,1485023
1129,1485055
1256,1485087
1128,1485119
1358,1485151
1566,1485183
1865,1485215
2238,1485247
1584,1485279
1431,1485311
1486,1485343
940,1485375
1087,1485407
427,1485439
267,1485471
40,1485503
0,1485535
125,1485567
327,1485599
553,1485631
1158,1485663
1033,1485695
1227,1485727
1816,1485759
1625,1485791
1961,1485823
2160,1485855
1928,1485887
1733,1485919
1408,1485951
1225,1485983
989,1486015
797,1486047
491,1486079
256,1486111
0,1486143
91,1486175
666,1486207
892,1486239
814,1486271
987,1486303
1579,1486335
1533,1486367
1734,1486399
2413,1486431
1771,1486463
1528,1486495
1259,1486527
1467,1486559
1083,1486591
618,1486623
719,1486655
555,1486687
0,1486719
280,1486751
569,1486783
843,1486815
600,1486847
906,1486879
1481,1486911
1276,1486943
2007,1486975
2138,1487007
1879,1487039
1624,1487071
1391,1487103
1224,1487135
1368,1487167
703,1487199
583,1487231
632,1487263
57,1487295
0,1487327
0,1487359
266,1487391
454,1487423
655,1487455
983,1487487
1176,1487519
1356,1487551
1671,1487583
1911,1487615
1864,1487647
2028,1487679
1327,1487711
1197,1487743
1280,1487775
1098,1487807
858,1487839
556,1487871
363,1487903
222,1487935
40,1487967
608,1487999
876,1488031
712,1488063
939,1488095
1520,1488127
1802,1488159
1624,1488191
1853,1488223
2109,1488255
1549,1488287
1272,1488319
1528,1488351
904,1488383
637,1488415
362,1488447
605,1488479
0,1488511
0,1488543
492,1488575
781,1488607
618,1488639
1180,1488671
1421,1488703
1707,1488735
1838,1488767
1737,1488799
2363,1488831
1678,1488863
1530,1488895
1648,1488927
1007,1488959
762,1488991
910,1489023
333,1489055
501,1489087
0,1489119
0,1489151
560,1489183
394,1489215
695,1489247
1211,1489279
1114,1489311
1727,1489343
1512,1489375
1815,1489407
1928,1489439
1647,1489471
1496,1489503
1227,1489535
998,1489567
1161,1489599
831,1489631
314,1489663
430,1489695
221,1489727
73,1489759
604,1489791
824,1489823
1096,1489855
1244,1489887
1516,1489919
1744,1489951
1574,1489983
2175,1490015
2170,1490047
1978,1490079
1326,1490111
1456,1490143
1230,1490175
698,1490207
416,1490239
279,1490271
52,1490303
0,1490335
29,1490367
335,1490399
567,1490431
760,1490463
1407,1490495
1243,1490527
1480,1490559
2060,1490591
2367,1490623
1822,1490655
1888,1490687
1324,1490719
1529,1490751
813,1490783
681,1490815
783,1490847
138,1490879
0,1490911
222,1490943
111,1490975
783,1491007
539,1491039
827,1491071
1424,1491103
1227,1491135
1549,1491167
2079,1491199
1936,1491231
1785,1491263
1451,1491295
1285,1491327
1016,1491359
766,1491391
633,1491423
385,1491455
107,1491487
0,1491519
267,1491551
202,1491583
810,1491615
1039,1491647
922,1491679
1464,1491711
1740,1491743
1966,1491775
2123,1491807
2272,1491839
2079,1491871
1387,1491903
1527,1491935
1336,1491967
1146,1491999
476,1492031
599,1492063
414,1492095
0,1492127
0,1492159
282,1492191
474,1492223
652,1492255
875,1492287
1191,1492319
1382,1492351
1560,1492383
2299,1492415
1880,1492447
1609,1492479
1759,1492511
1590,1492543
955,1492575
1066,1492607
843,1492639
655,1492671
333,1492703
0,1492735
447,1492767
253,1492799
860,1492831
1132,1492863
957,1492895
1655,1492927
1784,1492959
1646,1492991
2303,1493023
1740,1493055
1575,1493087
1708,1493119
1068,1493151
919,1493183
968,1493215
429,1493247
575,1493279
0,1493311
0,1493343
157,1493375
345,1493407
637,1493439
1166,1493471
1062,1493503
1678,1493535
1559,1493567
1755,1493599
2336,1493631
2143,1493663
1547,1493695
1632,1493727
1390,1493759
1205,1493791
893,1493823
702,1493855
473,1493887
284,1493919
270,1493951
494,1493983
424,1494015
599,1494047
1179,1494079
1141,1494111
1326,1494143
1504,1494175
2110,1494207
1944,1494239
1672,1494271
1383,1494303
1243,1494335
1016,1494367
748,1494399
953,1494431
331,1494463
105,1494495
191,1494527
431,1494559
283,1494591
796,1494623
710,1494655
1359,1494687
1104,1494719
1726,1494751
2011,1494783
1801,1494815
2296,1494847
1951,1494879
1353,1494911
1591,1494943
874,1494975
712,1495007
844,1495039
190,1495071
60,1495103
172,1495135
58,1495167
359,1495199
480,1495231
775,1495263
958,1495295
1168,1495327
1496,1495359
2044,1495391
1886,1495423
1837,1495455
1609,1495487
1338,1495519
1498,1495551
1261,1495583
685,1495615
764,1495647
574,1495679
343,1495711
219,1495743
488,1495775
751,1495807
552,1495839
1120,1495871
1400,1495903
1225,1495935
1452,1495967
2048,1495999
1962,1496031
1674,1496063
1438,1496095
1578,1496127
1035,1496159
752,1496191
528,1496223
392,1496255
124,1496287
0,1496319
379,1496351
220,1496383
413,1496415
1007,1496447
1303,1496479
1131,1496511
1705,1496543
1949,1496575
2248,1496607
2240,1496639
2060,1496671
1821,1496703
1151,1496735
1015,1496767
1132,1496799
504,1496831
718,1496863
393,1496895
0,1496927
393,1496959
205,1496991
491,1497023
1082,1497055
906,1497087
1208,1497119
1726,1497151
1637,1497183
1833,1497215
1792,1497247
1627,1497279
1744,1497311
1127,1497343
971,1497375
714,1497407
486,1497439
633,1497471
73,1497503
0,1497535
428,1497567
697,1497599
585,1497631
1117,1497663
1341,1497695
1614,1497727
1771,1497759
2047,1497791
2285,1497823
1740,1497855
1872,1497887
1632,1497919
1098,1497951
814,1497983
942,1498015
714,1498047
186,1498079
0,1498111
203,1498143
169,1498175
364,1498207
541,1498239
855,1498271
1080,1498303
1262,1498335
1945,1498367
1771,1498399
1993,1498431
2111,1498463
1935,1498495
1294,1498527
1368,1498559
1183,1498591
967,1498623
302,1498655
167,1498687
263,1498719
0,1498751
619,1498783
746,1498815
619,1498847
1305,1498879
1051,1498911
1350,1498943
1952,1498975
1743,1499007
1959,1499039
2012,1499071
1413,1499103
1164,1499135
928,1499167
772,1499199
920,1499231
252,1499263
121,1499295
0,1499327
7,1499359
301,1499391
525,1499423
719,1499455
1324,1499487
1563,1499519
1437,1499551
1994,1499583
2268,1499615
2261,1499647
1935,1499679
1744,1499711
1551,1499743
877,1499775
1003,1499807
815,1499839
200,1499871
0,1499903
152,1499935
424,1499967
264,1499999
478,1500031
1068,1500063
985,1500095
1163,1500127
1390,1500159
1719,1500191
1910,1500223
1733,1500255
1997,1500287
1353,1500319
1094,1500351
1228,1500383
1064,1500415
444,1500447
540,1500479
319,1500511
318,1500543
446,1500575
375,1500607
959,1500639
764,1500671
1081,1500703
1660,1500735
1470,1500767
2187,1500799
2303,1500831
1702,1500863
1885,1500895
1212,1500927
1051,1500959
825,1500991
556,1501023
312,1501055
454,1501087
0,1501119
347,1501151
143,1501183
439,1501215
666,1501247
847,1501279
1148,1501311
1351,1501343
1582,1501375
2207,1501407
1961,1501439
1687,1501471
1807,1501503
1613,1501535
1023,1501567
1114,1501599
878,1501631
682,1501663
377,1501695
183,1501727
364,1501759
207,1501791
792,1501823
1006,1501855
936,1501887
1115,1501919
1705,1501951
1934,1501983
1852,1502015
1789,1502047
1929,1502079
1412,1502111
1147,1502143
872,1502175
731,1502207
502,1502239
234,1502271
431,1502303
0,1502335
117,1502367
667,1502399
959,1502431
807,1502463
1311,1502495
1214,1502527
1883,1502559
1628,1502591
2254,1502623
2189,1502655
1500,1502687
1767,1502719
1420,1502751
839,1502783
1067,1502815
363,1502847
204,1502879
0,1502911
0,1502943
183,1502975
696,1503007
569,1503039
863,1503071
992,1503103
1288,1503135
1480,1503167
1692,1503199
2011,1503231
1751,1503263
1466,1503295
1311,1503327
1083,1503359
826,1503391
976,1503423
743,1503455
173,1503487
250,1503519
348,1503551
574,1503583
732,1503615
1002,1503647
1275,1503679
1055,1503711
1648,1503743
1928,1503775
1744,1503807
1850,1503839
1992,1503871
1791,1503903
1160,1503935
925,1503967
1055,1503999
524,1504031
249,1504063
28,1504095
0,1504127
24,1504159
623,1504191
901,1504223
734,1504255
925,1504287
1529,1504319
1832,1504351
1657,1504383
2236,1504415
2235,1504447
2057,1504479
1711,1504511
1532,1504543
1295,1504575
648,1504607
505,1504639
608,1504671
0,1504703
263,1504735
398,1504767
280,1504799
507,1504831
713,1504863
1003,1504895
1598,1504927
1418,1504959
1725,1504991
2256,1505023
1801,1505055
1520,1505087
1280,1505119
1111,1505151
1216,1505183
608,1505215
461,1505247
203,1505279
0,1505311
302,1505343
189,1505375
381,1505407
950,1505439
1213,1505471
1096,1505503
1642,1505535
1880,1505567
2141,1505599
2288,1505631
2094,1505663
1855,1505695
1214,1505727
1343,1505759
1115,1505791
584,1505823
303,1505855
426,1505887
201,1505919
0,1505951
153,1505983
720,1506015
681,1506047
872,1506079
1545,1506111
1367,1506143
1595,1506175
1790,1506207
2349,1506239
1704,1506271
1466,1506303
1581,1506335
1417,1506367
780,1506399
846,1506431
667,1506463
491,1506495
0,1506527
59,1506559
619,1506591
428,1506623
1131,1506655
1261,1506687
1133,1506719
1340,1506751
1567,1506783
1877,1506815
2238,1506847
1561,1506879
1421,1506911
1482,1506943
893,1506975
650,1507007
416,1507039
265,1507071
396,1507103
0,1507135
136,1507167
328,1507199
509,1507231
813,1507263
1039,1507295
1232,1507327
1856,1507359
1627,1507391
1973,1507423
2158,1507455
1966,1507487
1723,1507519
1406,1507551
1225,1507583
1033,1507615
367,1507647
491,1507679
298,1507711
0,1507743
92,1507775
668,1507807
940,1507839
774,1507871
990,1507903
1584,1507935
1509,1507967
1679,1507999
2411,1508031
1757,1508063
1492,1508095
1208,1508127
1467,1508159
841,1508191
584,1508223
715,1508255
551,1508287
0,1508319
328,1508351
569,1508383
845,1508415
972,1508447
886,1508479
1481,1508511
1288,1508543
1607,1508575
2189,1508607
1870,1508639
1616,1508671
1773,1508703
1176,1508735
1353,1508767
701,1508799
540,1508831
668,1508863
54,1508895
0,1508927
350,1508959
268,1508991
863,1509023
663,1509055
951,1509087
1177,1509119
1360,1509151
1672,1509183
1880,1509215
1862,1509247
2023,1509279
1693,1509311
1163,1509343
1280,1509375
1095,1509407
520,1509439
590,1509471
362,1509503
231,1509535
393,1509567
664,1509599
879,1509631
715,1509663
1296,1509695
1529,1509727
1450,1509759
1628,1509791
2236,1509823
2107,1509855
1550,1509887
1263,1509919
1127,1509951
891,1509983
634,1510015
361,1510047
220,1510079
0,1510111
0,1510143
559,1510175
397,1510207
628,1510239
1184,1510271
1469,1510303
1308,1510335
1849,1510367
1740,1510399
2411,1510431
1678,1510463
1528,1510495
1645,1510527
985,1510559
760,1510591
906,1510623
649,1510655
553,1510687
0,1510719
0,1510751
576,1510783
368,1510815
699,1510847
1210,1510879
1079,1510911
1385,1510943
1528,1510975
1816,1511007
1878,1511039
1623,1511071
1495,1511103
1226,1511135
952,1511167
797,1511199
828,1511231
314,1511263
462,1511295
217,1511327
74,1511359
602,1511391
874,1511423
1099,1511455
1248,1511487
1519,1511519
1801,1511551
1578,1511583
2185,1511615
2207,1511647
1560,1511679
1324,1511711
1453,1511743
1273,1511775
646,1511807
416,1511839
269,1511871
21,1511903
0,1511935
43,1511967
345,1511999
535,1512031
712,1512063
1419,1512095
1257,1512127
1445,1512159
2063,1512191
2364,1512223
1817,1512255
1932,1512287
1705,1512319
1517,1512351
1184,1512383
636,1512415
779,1512447
137,1512479
271,1512511
272,1512543
112,1512575
791,1512607
921,1512639
793,1512671
1421,1512703
1227,1512735
1517,1512767
2136,1512799
1933,1512831
1773,1512863
1833,1512895
1277,1512927
1006,1512959
752,1512991
599,1513023
375,1513055
103,1513087
0,1513119
314,1513151
206,1513183
813,1513215
701,1513247
892,1513279
1470,1513311
1741,1513343
1623,1513375
2173,1513407
2268,1513439
2075,1513471
1756,1513503
1565,1513535
1337,1513567
703,1513599
830,1513631
589,1513663
412,1513695
0,1513727
316,1513759
284,1513791
484,1513823
654,1513855
1241,1513887
1194,1513919
1386,1513951
1565,1513983
1887,1514015
1879,1514047
1606,1514079
1819,1514111
1179,1514143
952,1514175
1055,1514207
891,1514239
271,1514271
331,1514303
0,1514335
495,1514367
255,1514399
862,1514431
1135,1514463
938,1514495
1659,1514527
1786,1514559
1655,1514591
2363,1514623
1728,1514655
1563,1514687
1706,1514719
1038,1514751
907,1514783
970,1514815
378,1514847
154,1514879
8,1514911
0,1514943
112,1514975
316,1515007
647,1515039
1176,1515071
1018,1515103
1325,1515135
1560,1515167
1756,1515199
2378,1515231
2141,1515263
1545,1515295
1628,1515327
1434,1515359
1198,1515391
890,1515423
699,1515455
509,1515487
0,1515519
280,1515551
540,1515583
814,1515615
603,1515647
1182,1515679
1102,1515711
1286,1515743
1504,1515775
2112,1515807
1897,1515839
1612,1515871
1372,1515903
1240,1515935
967,1515967
696,1515999
941,1516031
329,1516063
62,1516095
189,1516127
440,1516159
284,1516191
846,1516223
1083,1516255
1367,1516287
1488,1516319
1784,1516351
2013,1516383
1805,1516415
1880,1516447
1996,1516479
1352,1516511
1580,1516543
1247,1516575
664,1516607
832,1516639
190,1516671
26,1516703
220,1516735
61,1516767
266,1516799
551,1516831
780,1516863
1387,1516895
1168,1516927
1466,1516959
2048,1516991
1894,1517023
1835,1517055
1575,1517087
1336,1517119
1485,1517151
921,1517183
653,1517215
766,1517247
571,1517279
8,1517311
265,1517343
490,1517375
749,1517407
907,1517439
1178,1517471
1401,1517503
1677,1517535
1834,1517567
2059,1517599
1962,1517631
1676,1517663
1805,1517695
1576,1517727
1034,1517759
752,1517791
888,1517823
391,1517855
126,1517887
0,1517919
8,1517951
232,1517983
424,1518015
1079,1518047
908,1518079
1438,1518111
1709,1518143
2011,1518175
1837,1518207
2238,1518239
2061,1518271
1881,1518303
1151,1518335
1012,1518367
1120,1518399
472,1518431
717,1518463
392,1518495
0,1518527
445,1518559
206,1518591
500,1518623
1084,1518655
880,1518687
1210,1518719
1412,1518751
1597,1518783
1911,1518815
1790,1518847
1624,1518879
1784,1518911
1100,1518943
968,1518975
713,1519007
440,1519039
297,1519071
71,1519103
0,1519135
474,1519167
701,1519199
588,1519231
1120,1519263
1392,1519295
1627,1519327
1774,1519359
2055,1519391
2331,1519423
1728,1519455
1871,1519487
1676,1519519
1040,1519551
811,1519583
940,1519615
750,1519647
136,1519679
0,1519711
207,1519743
141,1519775
318,1519807
547,1519839
856,1519871
1047,1519903
1225,1519935
1947,1519967
1772,1519999
2350,1520031
2110,1520063
1932,1520095
1292,1520127
1402,1520159
1181,1520191
1003,1520223
670,1520255
123,1520287
263,1520319
0,1520351
231,1520383
796,1520415
620,1520447
1307,1520479
1437,1520511
1306,1520543
1951,1520575
1753,1520607
1914,1520639
1678,1520671
1405,1520703
1246,1520735
1305,1520767
760,1520799
909,1520831
249,1520863
87,1520895
0,1520927
9,1520959
308,1520991
505,1521023
729,1521055
1335,1521087
1215,1521119
1405,1521151
1998,1521183
2271,1521215
1895,1521247
1980,1521279
1370,1521311
1546,1521343
1230,1521375
1038,1521407
812,1521439
190,1521471
315,1521503
155,1521535
426,1521567
256,1521599
842,1521631
1069,1521663
984,1521695
1167,1521727
1768,1521759
1721,1521791
1914,1521823
1722,1521855
1581,1521887
1351,1521919
1469,1521951
1289,1521983
667,1522015
441,1522047
543,1522079
367,1522111
0,1522143
458,1522175
368,1522207
1021,1522239
766,1522271
1376,1522303
1663,1522335
1454,1522367
2188,1522399
2300,1522431
1693,1522463
1935,1522495
1211,1522527
1048,1522559
778,1522591
524,1522623
397,1522655
457,1522687
0,1522719
22,1522751
152,1522783
440,1522815
632,1522847
831,1522879
1160,1522911
1352,1522943
1534,1522975
1853,1523007
1959,1523039
1679,1523071
1848,1523103
1609,1523135
1019,1523167
1104,1523199
474,1523231
680,1523263
378,1523295
185,1523327
409,1523359
208,1523391
784,1523423
1056,1523455
1328,1523487
1112,1523519
1708,1523551
1992,1523583
1806,1523615
1788,1523647
1929,1523679
1371,1523711
1095,1523743
863,1523775
727,1523807
460,1523839
607,1523871
427,1523903
0,1523935
88,1523967
671,1523999
965,1524031
796,1524063
1357,1524095
1609,1524127
1895,1524159
2016,1524191
2312,1524223
2173,1524255
1488,1524287
1352,1524319
1467,1524351
831,1524383
1063,1524415
731,1524447
155,1524479
0,1524511
0,1524543
156,1524575
736,1524607
574,1524639
871,1524671
1376,1524703
1292,1524735
1917,1524767
1694,1524799
1975,1524831
1750,1524863
1466,1524895
1310,1524927
1049,1524959
825,1524991
973,1525023
409,1525055
142,1525087
248,1525119
0,1525151
249,1525183
780,1525215
1006,1525247
1271,1525279
1423,1525311
1696,1525343
1931,1525375
2219,1525407
2221,1525439
1982,1525471
1432,1525503
1149,1525535
1278,1525567
1065,1525599
512,1525631
251,1525663
364,1525695
0,1525727
26,1525759
679,1525791
519,1525823
745,1525855
935,1525887
1595,1525919
1421,1525951
1658,1525983
2248,1526015
2285,1526047
1640,1526079
1712,1526111
1527,1526143
1343,1526175
651,1526207
502,1526239
603,1526271
0,1526303
267,1526335
410,1526367
285,1526399
489,1526431
717,1526463
1001,1526495
1612,1526527
1402,1526559
1736,1526591
2270,1526623
1752,1526655
1597,1526687
1276,1526719
1100,1526751
840,1526783
588,1526815
461,1526847
201,1526879
0,1526911
0,1526943
199,1526975
392,1527007
1000,1527039
768,1527071
1098,1527103
1648,1527135
1920,1527167
2151,1527199
2284,1527231
2095,1527263
1901,1527295
1211,1527327
1341,1527359
1151,1527391
534,1527423
303,1527455
429,1527487
235,1527519
0,1527551
152,1527583
730,1527615
652,1527647
824,1527679
1533,1527711
1370,1527743
1561,1527775
1740,1527807
2347,1527839
1704,1527871
1429,1527903
1577,1527935
1403,1527967
787,1527999
888,1528031
665,1528063
478,1528095
149,1528127
29,1528159
623,1528191
431,1528223
745,1528255
1310,1528287
1133,1528319
1342,1528351
1968,1528383
1831,1528415
2233,1528447
1552,1528479
1386,1528511
1530,1528543
892,1528575
743,1528607
784,1528639
262,1528671
393,1528703
0,1528735
105,1528767
332,1528799
511,1528831
813,1528863
1005,1528895
1242,1528927
1869,1528959
2000,1528991
1933,1529023
2156,1529055
1963,1529087
1368,1529119
1451,1529151
1214,1529183
1021,1529215
716,1529247
528,1529279
288,1529311
0,1529343
446,1529375
670,1529407
938,1529439
768,1529471
1356,1529503
1594,1529535
1510,1529567
1689,1529599
1992,1529631
1754,1529663
1481,1529695
1200,1529727
1067,1529759
839,1529791
580,1529823
768,1529855
155,1529887
0,1529919
330,1529951
621,1529983
459,1530015
974,1530047
879,1530079
1545,1530111
1280,1530143
1606,1530175
2191,1530207
1840,1530239
1614,1530271
1772,1530303
1175,1530335
1403,1530367
699,1530399
536,1530431
666,1530463
25,1530495
0,1530527
352,1530559
232,1530591
534,1530623
666,1530655
952,1530687
1136,1530719
1344,1530751
1675,1530783
1881,1530815
1816,1530847
1657,1530879
1690,1530911
1160,1530943
1320,1530975
1083,1531007
508,1531039
590,1531071
394,1531103
231,1531135
393,1531167
664,1531199
927,1531231
727,1531263
1306,1531295
1579,1531327
1864,1531359
1631,1531391
2237,1531423
2143,1531455
1496,1531487
1260,1531519
1124,1531551
857,1531583
585,1531615
361,1531647
217,1531679
0,1531711
0,1531743
559,1531775
406,1531807
597,1531839
1183,1531871
1480,1531903
1310,1531935
1887,1531967
2137,1531999
2405,1532031
2062,1532063
1494,1532095
1643,1532127
974,1532159
1132,1532191
952,1532223
328,1532255
555,1532287
215,1532319
0,1532351
569,1532383
378,1532415
667,1532447
1258,1532479
1082,1532511
1385,1532543
1915,1532575
1820,1532607
2311,1532639
1616,1532671
1448,1532703
1222,1532735
953,1532767
794,1532799
863,1532831
312,1532863
447,1532895
0,1532927
55,1532959
607,1532991
873,1533023
763,1533055
1294,1533087
1528,1533119
1803,1533151
1952,1533183
2233,1533215
2203,1533247
2010,1533279
1692,1533311
1453,1533343
920,1533375
639,1533407
766,1533439
276,1533471
17,1533503
0,1533535
382,1533567
346,1533599
536,1533631
716,1533663
1031,1533695
1255,1533727
1448,1533759
2136,1533791
1949,1533823
1815,1533855
1928,1533887
1755,1533919
1117,1533951
1180,1533983
637,1534015
824,1534047
126,1534079
270,1534111
283,1534143
92,1534175
795,1534207
926,1534239
796,1534271
1485,1534303
1230,1534335
1527,1534367
2139,1534399
1903,1534431
1771,1534463
1824,1534495
1230,1534527
1081,1534559
752,1534591
598,1534623
320,1534655
74,1534687
125,1534719
318,1534751
173,1534783
474,1534815
703,1534847
902,1534879
1514,1534911
1751,1534943
1623,1534975
2174,1535007
2312,1535039
2078,1535071
1756,1535103
1565,1535135
1372,1535167
699,1535199
829,1535231
635,1535263
27,1535295
0,1535327
330,1535359
268,1535391
432,1535423
655,1535455
1244,1535487
1164,1535519
1339,1535551
1575,1535583
1898,1535615
1833,1535647
1546,1535679
1805,1535711
1176,1535743
917,1535775
1055,1535807
887,1535839
265,1535871
364,1535903
217,1535935
503,1535967
637,1535999
910,1536031
1147,1536063
942,1536095
1258,1536127
1840,1536159
1658,1536191
2366,1536223
2123,1536255
1516,1536287
1705,1536319
1035,1536351
873,1536383
1006,1536415
380,1536447
231,1536479
272,1536511
0,1536543
124,1536575
328,1536607
616,1536639
1180,1536671
1022,1536703
1333,1536735
1531,1536767
1766,1536799
2377,1536831
1773,1536863
1501,1536895
1624,1536927
1433,1536959
855,1536991
928,1537023
700,1537055
503,1537087
201,1537119
315,1537151
543,1537183
383,1537215
960,1537247
1191,1537279
1112,1537311
1288,1537343
1885,1537375
2123,1537407
1897,1537439
1608,1537471
1744,1537503
1237,1537535
968,1537567
686,1537599
555,1537631
327,1537663
68,1537695
247,1537727
61,1537759
294,1537791
847,1537823
1133,1537855
971,1537887
1497,1537919
1785,1537951
2077,1537983
1807,1538015
1877,1538047
1995,1538079
1320,1538111
1579,1538143
1242,1538175
666,1538207
889,1538239
185,1538271
25,1538303
222,1538335
41,1538367
363,1538399
864,1538431
744,1538463
953,1538495
1178,1538527
1468,1538559
2096,1538591
1871,1538623
1832,1538655
1563,1538687
1290,1538719
1133,1538751
907,1538783
648,1538815
798,1538847
569,1538879
4,1538911
268,1538943
528,1538975
759,1539007
908,1539039
1192,1539071
1449,1539103
1231,1539135
1834,1539167
2110,1539199
1902,1539231
1674,1539263
1804,1539295
1612,1539327
984,1539359
750,1539391
877,1539423
345,1539455
74,1539487
0,1539519
16,1539551
200,1539583
378,1539615
1083,1539647
915,1539679
1110,1539711
1719,1539743
2011,1539775
1835,1539807
2281,1539839
2059,1539871
1877,1539903
1532,1539935
971,1539967
1119,1539999
461,1540031
330,1540063
427,1540095
0,1540127
446,1540159
576,1540191
458,1540223
1085,1540255
890,1540287
1179,1540319
1413,1540351
1607,1540383
1818,1540415
2185,1540447
1623,1540479
1783,1540511
1099,1540543
926,1540575
710,1540607
443,1540639
283,1540671
28,1540703
0,1540735
471,1540767
365,1540799
568,1540831
1128,1540863
1401,1540895
1275,1540927
1821,1540959
2058,1540991
2331,1541023
2107,1541055
1904,1541087
1673,1541119
1039,1541151
1166,1541183
936,1541215
408,1541247
138,1541279
248,1541311
218,1541343
144,1541375
320,1541407
903,1541439
860,1541471
1050,1541503
1228,1541535
1547,1541567
1782,1541599
1948,1541631
2169,1541663
1517,1541695
1289,1541727
1400,1541759
1226,1541791
604,1541823
669,1541855
124,1541887
303,1541919
0,1541951
512,1541983
799,1542015
604,1542047
1309,1542079
1439,1542111
1307,1542143
2013,1542175
1753,1542207
1913,1542239
1640,1542271
1381,1542303
1243,1542335
1305,1542367
718,1542399
569,1542431
247,1542463
77,1542495
0,1542527
0,1542559
311,1542591
504,1542623
685,1542655
986,1542687
1223,1542719
1417,1542751
2042,1542783
2271,1542815
1886,1542847
1978,1542879
1786,1542911
1543,1542943
1228,1542975
1038,1543007
847,1543039
187,1543071
312,1543103
199,1543135
46,1543167
266,1543199
845,1543231
1118,1543263
943,1543295
1166,1543327
1772,1543359
1687,1543391
1867,1543423
1723,1543455
1577,1543487
1308,1543519
1467,1543551
1279,1543583
664,1543615
403,1543647
539,1543679
363,1543711
0,1543743
505,1543775
745,1543807
1020,1543839
1150,1543871
1436,1543903
1673,1543935
1456,1543967
1784,1543999
2347,1544031
1688,1544063
1931,1544095
1592,1544127
1001,1544159
777,1544191
512,1544223
363,1544255
492,1544287
0,1544319
24,1544351
512,1544383
443,1544415
634,1544447
831,1544479
1127,1544511
1706,1544543
1536,1544575
1854,1544607
1914,1544639
1678,1544671
1837,1544703
1257,1544735
986,1544767
1101,1544799
909,1544831
343,1544863
413,1544895
182,1544927
410,1544959
571,1544991
844,1545023
1065,1545055
890,1545087
1483,1545119
1710,1545151
1636,1545183
1806,1545215
2154,1545247
1919,1545279
1368,1545311
1086,1545343
1216,1545375
724,1545407
458,1545439
653,1545471
43,1545503
0,1545535
87,1545567
735,1545599
573,1545631
809,1545663
1369,1545695
1659,1545727
1485,1545759
2027,1545791
2315,1545823
2223,1545855
1487,1545887
1350,1545919
1467,1545951
808,1545983
1063,1546015
728,1546047
143,1546079
0,1546111
0,1546143
168,1546175
748,1546207
554,1546239
872,1546271
1386,1546303
1256,1546335
1468,1546367
1696,1546399
1973,1546431
2128,1546463
1439,1546495
1303,1546527
1049,1546559
766,1546591
621,1546623
395,1546655
144,1546687
270,1546719
443,1546751
252,1546783
782,1546815
1050,1546847
1275,1546879
1423,1546911
1705,1546943
1981,1546975
1756,1547007
2219,1547039
2026,1547071
1382,1547103
1148,1547135
1276,1547167
1096,1547199
470,1547231
240,1547263
362,1547295
0,1547327
0,1547359
683,1547391
522,1547423
713,1547455
888,1547487
1596,1547519
1431,1547551
1626,1547583
2249,1547615
2284,1547647
1638,1547679
1744,1547711
1519,1547743
1340,1547775
1005,1547807
467,1547839
603,1547871
0,1547903
0,1547935
454,1547967
296,1547999
493,1548031
1099,1548063
967,1548095
1613,1548127
1404,1548159
1705,1548191
2316,1548223
1744,1548255
1499,1548287
1648,1548319
1096,1548351
1255,1548383
584,1548415
424,1548447
197,1548479
0,1548511
0,1548543
167,1548575
392,1548607
991,1548639
1134,1548671
1066,1548703
1656,1548735
1929,1548767
1799,1548799
2328,1548831
2090,1548863
1887,1548895
1578,1548927
1376,1548959
1147,1548991
535,1549023
652,1549055
416,1549087
0,1549119
0,1549151
494,1549183
734,1549215
654,1549247
829,1549279
1147,1549311
1372,1549343
1562,1549375
1752,1549407
1931,1549439
1692,1549471
1418,1549503
1629,1549535
1001,1549567
776,1549599
887,1549631
713,1549663
92,1549695
148,1549727
40,1549759
683,1549791
440,1549823
748,1549855
1311,1549887
1117,1549919
1352,1549951
1977,1549983
1835,1550015
2285,1550047
1550,1550079
1385,1550111
1520,1550143
860,1550175
731,1550207
784,1550239
207,1550271
57,1550303
0,1550335
104,1550367
295,1550399
493,1550431
825,1550463
1016,1550495
1198,1550527
1503,1550559
2009,1550591
1933,1550623
2190,1550655
1961,1550687
1357,1550719
1449,1550751
1248,1550783
1018,1550815
712,1550847
523,1550879
328,1550911
0,1550943
448,1550975
717,1551007
554,1551039
780,1551071
1359,1551103
1641,1551135
1464,1551167
1692,1551199
1991,1551231
1711,1551263
1432,1551295
1200,1551327
1063,1551359
795,1551391
526,1551423
765,1551455
152,1551487
0,1551519
333,1551551
619,1551583
461,1551615
1021,1551647
1261,1551679
1543,1551711
1673,1551743
1576,1551775
2201,1551807
1839,1551839
1999,1551871
1818,1551903
1164,1551935
1399,1551967
1069,1551999
489,1552031
665,1552063
19,1552095
0,1552127
396,1552159
235,1552191
536,1552223
1052,1552255
953,1552287
1146,1552319
1354,1552351
1644,1552383
1884,1552415
1807,1552447
1655,1552479
1728,1552511
1160,1552543
1309,1552575
733,1552607
474,1552639
576,1552671
391,1552703
0,1552735
440,1552767
670,1552799
937,1552831
1083,1552863
1354,1552895
1583,1552927
1406,1552959
2010,1552991
2240,1553023
2140,1553055
1487,1553087
1627,1553119
1116,1553151
856,1553183
575,1553215
700,1553247
211,1553279
0,1553311
0,1553343
171,1553375
407,1553407
600,1553439
1247,1553471
1084,1553503
1317,1553535
1897,1553567
2199,1553599
1981,1553631
2060,1553663
1486,1553695
1691,1553727
974,1553759
1130,1553791
943,1553823
296,1553855
539,1553887
204,1553919
0,1553951
621,1553983
382,1554015
677,1554047
1262,1554079
1065,1554111
1388,1554143
1916,1554175
1784,1554207
1850,1554239
1708,1554271
1446,1554303
1174,1554335
923,1554367
793,1554399
862,1554431
269,1554463
111,1554495
0,1554527
56,1554559
654,1554591
877,1554623
763,1554655
1304,1554687
1578,1554719
1813,1554751
1952,1554783
2235,1554815
2240,1554847
1549,1554879
1688,1554911
1496,1554943
1306,1554975
634,1555007
764,1555039
235,1555071
0,1555103
0,1555135
393,1555167
315,1555199
490,1555231
717,1555263
1032,1555295
1223,1555327
1400,1555359
2135,1555391
1961,1555423
1771,1555455
1919,1555487
1752,1555519
1114,1555551
1226,1555583
1003,1555615
827,1555647
493,1555679
314,1555711
283,1555743
96,1555775
409,1555807
971,1555839
806,1555871
1485,1555903
1623,1555935
1481,1555967
2141,1555999
1901,1556031
1735,1556063
1870,1556095
1224,1556127
976,1556159
812,1556191
586,1556223
733,1556255
75,1556287
0,1556319
326,1556351
186,1556383
477,1556415
682,1556447
904,1556479
1515,1556511
1391,1556543
1591,1556575
2186,1556607
2301,1556639
1717,1556671
1800,1556703
1561,1556735
1368,1556767
1052,1556799
871,1556831
635,1556863
443,1556895
123,1556927
330,1556959
266,1556991
442,1557023
1018,1557055
1245,1557087
1164,1557119
1341,1557151
1948,1557183
1899,1557215
1832,1557247
1536,1557279
1403,1557311
1173,1557343
906,1557375
1113,1557407
488,1557439
558,1557471
363,1557503
271,1557535
123,1557567
638,1557599
919,1557631
1199,1557663
954,1557695
1259,1557727
1849,1557759
1640,1557791
2376,1557823
2122,1557855
1515,1557887
1753,1557919
1036,1557951
872,1557983
998,1558015
348,1558047
221,1558079
0,1558111
0,1558143
191,1558175
330,1558207
618,1558239
1224,1558271
1006,1558303
1335,1558335
1531,1558367
1720,1558399
1997,1558431
1771,1558463
1498,1558495
1660,1558527
1421,1558559
845,1558591
928,1558623
732,1558655
502,1558687
190,1558719
318,1558751
240,1558783
392,1558815
969,1558847
1231,1558879
1066,1558911
1289,1558943
1888,1558975
2171,1559007
1836,1559039
1600,1559071
1742,1559103
1192,1559135
912,1559167
688,1559199
542,1559231
292,1559263
19,1559295
235,1559327
71,1559359
634,1559391
847,1559423
1134,1559455
970,1559487
1546,1559519
1789,1559551
2075,1559583
2204,1559615
1834,1559647
1991,1559679
1320,1559711
1177,1559743
1280,1559775
655,1559807
883,1559839
557,1559871
0,1559903
221,1559935
46,1559967
331,1559999
556,1560031
746,1560063
1048,1560095
1566,1560127
1468,1560159
2103,1560191
1880,1560223
1788,1560255
1560,1560287
1279,1560319
1129,1560351
875,1560383
648,1560415
793,1560447
233,1560479
0,1560511
270,1560543
537,1560575
427,1560607
956,1560639
826,1560671
1451,1560703
1610,1560735
1881,1560767
2112,1560799
1902,1560831
2042,1560863
1789,1560895
1610,1560927
970,1560959
1102,1560991
875,1561023
346,1561055
73,1561087
188,1561119
20,1561151
208,1561183
381,1561215
699,1561247
920,1561279
1499,1561311
1783,1561343
1607,1561375
1836,1561407
2272,1561439
2105,1561471
1462,1561503
1528,1561535
968,1561567
1167,1561599
458,1561631
608,1561663
427,1561695
0,1561727
455,1561759
588,1561791
460,1561823
1145,1561855
893,1561887
1190,1561919
1371,1561951
1581,1561983
1915,1562015
2174,1562047
1576,1562079
1418,1562111
1098,1562143
933,1562175
666,1562207
410,1562239
282,1562271
25,1562303
0,1562335
138,1562367
375,1562399
558,1562431
1176,1562463
1401,1562495
1273,1562527
1834,1562559
1641,1562591
2333,1562623
2104,1562655
1911,1562687
1711,1562719
1034,1562751
1164,1562783
971,1562815
790,1562847
136,1562879
248,1562911
264,1562943
104,1562975
329,1563007
907,1563039
828,1563071
1002,1563103
1228,1563135
1556,1563167
1748,1563199
2347,1563231
2157,1563263
1513,1563295
1243,1563327
1399,1563359
1224,1563391
602,1563423
698,1563455
479,1563487
299,1563519
302,1563551
570,1563583
800,1563615
606,1563647
920,1563679
1496,1563711
1318,1563743
2024,1563775
2152,1563807
1862,1563839
1628,1563871
1372,1563903
1209,1563935
1340,1563967
714,1563999
557,1564031
616,1564063
83,1564095
201,1564127
0,1564159
282,1564191
515,1564223
688,1564255
986,1564287
1193,1564319
1418,1564351
2045,1564383
1917,1564415
1850,1564447
1968,1564479
1310,1564511
1191,1564543
1272,1564575
1036,1564607
843,1564639
542,1564671
347,1564703
203,1564735
473,1564767
632,1564799
848,1564831
778,1564863
944,1564895
1535,1564927
1774,1564959
1700,1564991
1870,1565023
2092,1565055
1565,1565087
1304,1565119
1515,1565151
887,1565183
662,1565215
396,1565247
589,1565279
0,1565311
0,1565343
509,1565375
797,1565407
635,1565439
1152,1565471
1437,1565503
1725,1565535
1464,1565567
1786,1565599
2345,1565631
1662,1565663
1927,1565695
1583,1565727
999,1565759
748,1565791
523,1565823
358,1565855
488,1565887
0,1565919
26,1565951
538,1565983
412,1566015
711,1566047
841,1566079
1131,1566111
1320,1566143
1527,1566175
1863,1566207
1912,1566239
1628,1566271
1479,1566303
1243,1566335
984,1566367
1134,1566399
472,1566431
332,1566463
413,1566495
204,1566527
423,1566559
574,1566591
841,1566623
1103,1566655
894,1566687
1485,1566719
1768,1566751
1578,1566783
1818,1566815
2143,1566847
1962,1566879
1318,1566911
1085,1566943
1216,1566975
681,1567007
408,1567039
652,1567071
29,1567103
0,1567135
44,1567167
743,1567199
583,1567231
764,1567263
1373,1567295
1662,1567327
1484,1567359
2074,1567391
2317,1567423
2219,1567455
1879,1567487
1308,1567519
1455,1567551
799,1567583
661,1567615
766,1567647
152,1567679
0,1567711
239,1567743
132,1567775
749,1567807
555,1567839
843,1567871
1436,1567903
1261,1567935
1565,1567967
2092,1567999
1962,1568031
2125,1568063
1434,1568095
1271,1568127
1036,1568159
776,1568191
616,1568223
363,1568255
136,1568287
267,1568319
272,1568351
232,1568383
784,1568415
1053,1568447
937,1568479
1472,1568511
1710,1568543
1979,1568575
2139,1568607
2256,1568639
2015,1568671
1374,1568703
1504,1568735
1273,1568767
1086,1568799
460,1568831
590,1568863
359,1568895
0,1568927
0,1568959
299,1568991
530,1569023
714,1569055
890,1569087
1208,1569119
1433,1569151
1628,1569183
2315,1569215
1867,1569247
1626,1569279
1742,1569311
1577,1569343
939,1569375
1006,1569407
460,1569439
651,1569471
0,1569503
0,1569535
459,1569567
269,1569599
495,1569631
1100,1569663
971,1569695
1673,1569727
1406,1569759
1707,1569791
2320,1569823
1724,1569855
1591,1569887
1646,1569919
1059,1569951
905,1569983
584,1570015
422,1570047
142,1570079
0,1570111
0,1570143
169,1570175
351,1570207
653,1570239
1136,1570271
1078,1570303
1694,1570335
1931,1570367
1803,1570399
2320,1570431
2127,1570463
1887,1570495
1567,1570527
1375,1570559
1184,1570591
524,1570623
655,1570655
459,1570687
280,1570719
0,1570751
507,1570783
857,1570815
614,1570847
832,1570879
1147,1570911
1339,1570943
1518,1570975
1754,1571007
1927,1571039
1651,1571071
1369,1571103
1625,1571135
998,1571167
743,1571199
876,1571231
711,1571263
89,1571295
172,1571327
407,1571359
684,1571391
813,1571423
727,1571455
1323,1571487
1119,1571519
1741,1571551
2025,1571583
1838,1571615
2280,1571647
1936,1571679
1336,1571711
1517,1571743
860,1571775
696,1571807
826,1571839
205,1571871
55,1571903
184,1571935
118,1571967
711,1571999
495,1572031
793,1572063
1016,1572095
1200,1572127
1511,1572159
2059,1572191
1946,1572223
2186,1572255
1593,1572287
1335,1572319
1440,1572351
1245,1572383
681,1572415
750,1572447
512,1572479
325,1572511
224,1572543
504,1572575
731,1572607
989,1572639
1144,1572671
1369,1572703
1290,1572735
1464,1572767
2064,1572799
1990,1572831
1709,1572863
1423,1572895
1563,1572927
1052,1572959
792,1572991
511,1573023
375,1573055
151,1573087
0,1573119
397,1573151
238,1573183
468,1573215
1023,1573247
1321,1573279
1145,1573311
1676,1573343
1577,1573375
2255,1573407
1834,1573439
1994,1573471
1807,1573503
1144,1573535
1388,1573567
1065,1573599
487,1573631
713,1573663
20,1573695
0,1573727
408,1573759
218,1573791
539,1573823
1050,1573855
912,1573887
1225,1573919
1355,1573951
1656,1573983
1838,1574015
1785,1574047
1645,1574079
1726,1574111
1111,1574143
955,1574175
731,1574207
473,1574239
620,1574271
383,1574303
0,1574335
448,1574367
714,1574399
937,1574431
1088,1574463
1357,1574495
1630,1574527
1408,1574559
2014,1574591
2288,1574623
1722,1574655
1483,1574687
1624,1574719
1081,1574751
806,1574783
574,1574815
701,1574847
169,1574879
0,1574911
0,1574943
186,1574975
375,1575007
554,1575039
1257,1575071
1094,1575103
1287,1575135
1900,1575167
2201,1575199
1982,1575231
2094,1575263
1865,1575295
1688,1575327
1352,1575359
1176,1575391
939,1575423
287,1575455
152,1575487
248,1575519
0,1575551
631,1575583
760,1575615
635,1575647
1263,1575679
1068,1575711
1356,1575743
1966,1575775
1785,1575807
1943,1575839
1995,1575871
1434,1575903
1166,1575935
921,1575967
759,1575999
860,1576031
256,1576063
107,1576095
0,1576127
58,1576159
653,1576191
541,1576223
733,1576255
1308,1576287
1577,1576319
1451,1576351
2009,1576383
2250,1576415
2236,1576447
1919,1576479
1739,1576511
1487,1576543
861,1576575
992,1576607
760,1576639
232,1576671
0,1576703
168,1576735
398,1576767
326,1576799
493,1576831
1080,1576863
1035,1576895
1226,1576927
1404,1576959
1727,1576991
1960,1577023
1767,1577055
1982,1577087
1340,1577119
1111,1577151
1215,1577183
1051,1577215
437,1577247
492,1577279
312,1577311
335,1577343
96,1577375
410,1577407
975,1577439
778,1577471
1486,1577503
1616,1577535
1485,1577567
2201,1577599
1900,1577631
1732,1577663
1869,1577695
1198,1577727
1065,1577759
1120,1577791
548,1577823
298,1577855
73,1577887
0,1577919
364,1577951
166,1577983
487,1578015
679,1578047
860,1578079
1165,1578111
1389,1578143
1594,1578175
2232,1578207
2301,1578239
1705,1578271
1792,1578303
1596,1578335
1359,1578367
1051,1578399
861,1578431
667,1578463
21,1578495
119,1578527
376,1578559
219,1578591
444,1578623
1020,1578655
1293,1578687
1126,1578719
1343,1578751
1952,1578783
1867,1578815
1773,1578847
1535,1578879
1399,1578911
1130,1578943
848,1578975
1101,1579007
478,1579039
222,1579071
361,1579103
279,1579135
125,1579167
682,1579199
921,1579231
1197,1579263
1326,1579295
1237,1579327
1849,1579359
1643,1579391
1972,1579423
2160,1579455
1502,1579487
1742,1579519
1407,1579551
825,1579583
991,1579615
349,1579647
187,1579679
0,1579711
0,1579743
107,1579775
710,1579807
618,1579839
1227,1579871
1007,1579903
1303,1579935
1541,1579967
1724,1579999
1996,1580031
1728,1580063
1498,1580095
1657,1580127
1071,1580159
810,1580191
924,1580223
731,1580255
167,1580287
237,1580319
330,1580351
588,1580383
746,1580415
1008,1580447
1243,1580479
1068,1580511
1663,1580543
1897,1580575
1814,1580607
1834,1580639
1967,1580671
1738,1580703
1194,1580735
910,1580767
1039,1580799
541,1580831
282,1580863
19,1580895
0,1580927
75,1580959
266,1580991
911,1581023
748,1581055
980,1581087
1547,1581119
1849,1581151
1671,1581183
2208,1581215
1833,1581247
2042,1581279
1311,1581311
1466,1581343
1279,1581375
624,1581407
876,1581439
555,1581471
0,1581503
281,1581535
46,1581567
334,1581599
522,1581631
728,1581663
1051,1581695
1568,1581727
1433,1581759
1743,1581791
1882,1581823
1786,1581855
1513,1581887
1260,1581919
1127,1581951
871,1581983
600,1582015
445,1582047
233,1582079
0,1582111
314,1582143
541,1582175
427,1582207
960,1582239
1230,1582271
1451,1582303
1610,1582335
1883,1582367
2159,1582399
1898,1582431
2040,1582463
1837,1582495
1194,1582527
971,1582559
1100,1582591
918,1582623
296,1582655
70,1582687
174,1582719
0,1582751
156,1582783
384,1582815
671,1582847
886,1582879
1501,1582911
1787,1582943
1610,1582975
1803,1583007
2271,1583039
2103,1583071
1452,1583103
1564,1583135
1339,1583167
1163,1583199
830,1583231
656,1583263
429,1583295
0,1583327
72,1583359
634,1583391
472,1583423
1147,1583455
1274,1583487
1146,1583519
1375,1583551
1582,1583583
1895,1583615
2220,1583647
1575,1583679
1415,1583711
1467,1583743
921,1583775
656,1583807
400,1583839
248,1583871
346,1583903
0,1583935
151,1583967
347,1583999
570,1584031
1174,1584063
1053,1584095
1245,1584127
1834,1584159
2109,1584191
1979,1584223
2142,1584255
1903,1584287
1708,1584319
1390,1584351
1208,1584383
971,1584415
350,1584447
475,1584479
240,1584511
0,1584543
109,1584575
684,1584607
910,1584639
830,1584671
1007,1584703
1599,1584735
1557,1584767
1743,1584799
2395,1584831
1751,1584863
1511,1584895
1242,1584927
1463,1584959
825,1584991
599,1585023
704,1585055
527,1585087
0,1585119
301,1585151
585,1585183
861,1585215
607,1585247
921,1585279
1497,1585311
1292,1585343
2029,1585375
2156,1585407
1863,1585439
1599,1585471
1371,1585503
1209,1585535
1344,1585567
684,1585599
564,1585631
606,1585663
38,1585695
0,1585727
4,1585759
282,1585791
880,1585823
668,1585855
990,1585887
1195,1585919
1382,1585951
1690,1585983
1927,1586015
1846,1586047
2012,1586079
1309,1586111
1181,1586143
1274,1586175
1072,1586207
841,1586239
542,1586271
348,1586303
240,1586335
59,1586367
633,1586399
894,1586431
730,1586463
954,1586495
1536,1586527
1823,1586559
1642,1586591
1872,1586623
2090,1586655
1532,1586687
1254,1586719
1503,1586751
886,1586783
632,1586815
346,1586847
587,1586879
0,1586911
0,1586943
510,1586975
805,1587007
636,1587039
1196,1587071
1439,1587103
1726,1587135
1856,1587167
1754,1587199
2335,1587231
1661,1587263
1513,1587295
1630,1587327
990,1587359
747,1587391
891,1587423
314,1587455
479,1587487
0,1587519
8,1587551
576,1587583
420,1587615
621,1587647
1216,1587679
1134,1587711
1753,1587743
1530,1587775
1833,1587807
1910,1587839
1628,1587871
1468,1587903
1209,1587935
981,1587967
1131,1587999
815,1588031
301,1588063
409,1588095
201,1588127
89,1588159
622,1588191
844,1588223
1112,1588255
1260,1588287
1533,1588319
1760,1588351
1583,1588383
2192,1588415
2144,1588447
1594,1588479
1310,1588511
1440,1588543
1212,1588575
679,1588607
400,1588639
263,1588671
29,1588703
0,1588735
46,1588767
363,1588799
586,1588831
774,1588863
1433,1588895
1262,1588927
1495,1588959
2077,1588991
2379,1589023
1805,1589055
1872,1589087
1308,1589119
1511,1589151
797,1589183
663,1589215
765,1589247
120,1589279
0,1589311
248,1589343
127,1589375
809,1589407
558,1589439
844,1589471
1438,1589503
1243,1589535
1575,1589567
2104,1589599
1916,1589631
1757,1589663
1432,1589695
1261,1589727
997,1589759
747,1589791
617,1589823
362,1589855
89,1589887
0,1589919
284,1589951
232,1589983
828,1590015
1055,1590047
937,1590079
1482,1590111
1757,1590143
1983,1590175
2140,1590207
2254,1590239
2063,1590271
1371,1590303
1500,1590335
1310,1590367
694,1590399
460,1590431
584,1590463
381,1590495
0,1590527
1,1590559
307,1590591
491,1590623
669,1590655
891,1590687
1209,1590719
1403,1590751
1579,1590783
2317,1590815
1863,1590847
1591,1590879
1740,1590911
1574,1590943
938,1590975
1040,1591007
823,1591039
638,1591071
314,1591103
0,1591135
462,1591167
270,1591199
875,1591231
1152,1591263
973,1591295
1672,1591327
1802,1591359
1669,1591391
2329,1591423
1721,1591455
1549,1591487
1690,1591519
1051,1591551
903,1591583
944,1591615
412,1591647
142,1591679
0,1591711
0,1591743
173,1591775
361,1591807
665,1591839
1184,1591871
1080,1591903
1694,1591935
1577,1591967
1773,1591999
2318,1592031
2123,1592063
1527,1592095
1613,1592127
1374,1592159
1179,1592191
876,1592223
685,1592255
457,1592287
0,1592319
285,1592351
512,1592383
782,1592415
620,1592447
1197,1592479
1159,1592511
1350,1592543
1518,1592575
2136,1592607
1917,1592639
1646,1592671
1366,1592703
1223,1592735
988,1592767
732,1592799
928,1592831
314,1592863
88,1592895
171,1592927
457,1592959
300,1592991
816,1593023
720,1593055
1375,1593087
1120,1593119
1742,1593151
2031,1593183
1818,1593215
2279,1593247
1932,1593279
1325,1593311
1567,1593343
858,1593375
695,1593407
828,1593439
176,1593471
55,1593503
190,1593535
77,1593567
283,1593599
599,1593631
796,1593663
974,1593695
1190,1593727
1513,1593759
2063,1593791
1902,1593823
1819,1593855
1591,1593887
1321,1593919
1480,1593951
1243,1593983
669,1594015
750,1594047
555,1594079
317,1594111
234,1594143
504,1594175
768,1594207
559,1594239
1148,1594271
1416,1594303
1694,1594335
1468,1594367
2075,1594399
1945,1594431
1658,1594463
1420,1594495
1560,1594527
1008,1594559
742,1594591
512,1594623
375,1594655
107,1594687
0,1594719
397,1594751
247,1594783
427,1594815
1035,1594847
1336,1594879
1148,1594911
1726,1594943
1965,1594975
2263,1595007
2224,1595039
2044,1595071
1805,1595103
1144,1595135
999,1595167
1112,1595199
479,1595231
700,1595263
375,1595295
0,1595327
413,1595359
221,1595391
519,1595423
1098,1595455
930,1595487
1131,1595519
1418,1595551
1656,1595583
2283,1595615
1774,1595647
1608,1595679
1724,1595711
1104,1595743
952,1595775
697,1595807
471,1595839
617,1595871
47,1595903
0,1595935
448,1595967
719,1595999
603,1596031
1136,1596063
1358,1596095
1639,1596127
1788,1596159
2064,1596191
2297,1596223
2182,1596255
1852,1596287
1615,1596319
1078,1596351
800,1596383
922,1596415
698,1596447
173,1596479
0,1596511
222,1596543
188,1596575
380,1596607
556,1596639
871,1596671
1095,1596703
1288,1596735
1965,1596767
1787,1596799
2296,1596831
2089,1596863
1919,1596895
1277,1596927
1343,1596959
1165,1596991
987,1597023
285,1597055
148,1597087
249,1597119
0,1597151
635,1597183
764,1597215
637,1597247
1321,1597279
1070,1597311
1365,1597343
1968,1597375
1768,1597407
1931,1597439
1672,1597471
1386,1597503
1241,1597535
911,1597567
747,1597599
894,1597631
236,1597663
95,1597695
0,1597727
25,1597759
317,1597791
551,1597823
743,1597855
1342,1597887
1581,1597919
1460,1597951
2012,1597983
2296,1598015
2235,1598047
1916,1598079
1723,1598111
1535,1598143
859,1598175
988,1598207
798,1598239
176,1598271
0,1598303
169,1598335
441,1598367
282,1598399
505,1598431
1084,1598463
1003,1598495
1179,1598527
1406,1598559
1737,1598591
1929,1598623
1710,1598655
1979,1598687
1335,1598719
1454,1598751
1216,1598783
1047,1598815
426,1598847
524,1598879
301,1598911
345,1598943
474,1598975
391,1599007
991,1599039
781,1599071
1099,1599103
1676,1599135
1488,1599167
2204,1599199
2285,1599231
1676,1599263
1867,1599295
1197,1599327
1034,1599359
808,1599391
540,1599423
380,1599455
430,1599487
0,1599519
365,1599551
171,1599583
455,1599615
682,1599647
864,1599679
1166,1599711
1368,1599743
1604,1599775
2233,1599807
1943,1599839
1671,1599871
1788,1599903
1593,1599935
1015,1599967
1096,1599999
504,1600031
663,1600063
361,1600095
155,1600127
383,1600159
231,1600191
798,1600223
1023,1600255
1296,1600287
1130,1600319
1723,1600351
1960,1600383
1870,1600415
1769,1600447
1904,1600479
1397,1600511
1128,1600543
847,1600575
715,1600607
487,1600639
591,1600671
411,1600703
0,1600735
135,1600767
687,1600799
975,1600831
811,1600863
1336,1600895
1241,1600927
1913,1600959
1647,1600991
2284,1601023
2157,1601055
1483,1601087
1740,1601119
1402,1601151
816,1601183
1049,1601215
344,1601247
184,1601279
0,1601311
0,1601343
203,1601375
704,1601407
584,1601439
889,1601471
1016,1601503
1307,1601535
1496,1601567
1708,1601599
1993,1601631
1733,1601663
1448,1601695
1293,1601727
1067,1601759
809,1601791
957,1601823
729,1601855
157,1601887
224,1601919
0,1601951
601,1601983
749,1602015
1018,1602047
1291,1602079
1071,1602111
1662,1602143
1946,1602175
2223,1602207
1824,1602239
1966,1602271
1782,1602303
1132,1602335
907,1602367
1037,1602399
519,1602431
230,1602463
10,1602495
0,1602527
41,1602559
647,1602591
923,1602623
758,1602655
949,1602687
1551,1602719
1849,1602751
1675,1602783
2256,1602815
2217,1602847
2039,1602879
1694,1602911
1514,1602943
1279,1602975
622,1603007
487,1603039
590,1603071
0,1603103
283,1603135
415,1603167
300,1603199
526,1603231
730,1603263
1019,1603295
1623,1603327
1436,1603359
1753,1603391
2272,1603423
1787,1603455
1945,1603487
1248,1603519
1095,1603551
863,1603583
592,1603615
442,1603647
183,1603679
0,1603711
313,1603743
217,1603775
407,1603807
970,1603839
782,1603871
1113,1603903
1660,1603935
1888,1603967
2169,1603999
2270,1604031
2076,1604063
1835,1604095
1645,1604127
1327,1604159
1088,1604191
566,1604223
286,1604255
411,1604287
172,1604319
0,1604351
158,1604383
743,1604415
700,1604447
891,1604479
1551,1604511
1387,1604543
1620,1604575
1815,1604607
2329,1604639
1677,1604671
1450,1604703
1564,1604735
1389,1604767
775,1604799
828,1604831
653,1604863
460,1604895
0,1604927
85,1604959
651,1604991
454,1605023
1148,1605055
1278,1605087
1145,1605119
1358,1605151
1594,1605183
1893,1605215
2219,1605247
1543,1605279
1405,1605311
1470,1605343
875,1605375
719,1605407
410,1605439
245,1605471
0,1605503
0,1605535
151,1605567
345,1605599
525,1605631
825,1605663
1054,1605695
1256,1605727
1882,1605759
1644,1605791
1981,1605823
2138,1605855
1946,1605887
1705,1605919
1390,1605951
1196,1605983
1007,1606015
350,1606047
472,1606079
281,1606111
0,1606143
110,1606175
686,1606207
957,1606239
792,1606271
1016,1606303
1599,1606335
1517,1606367
1706,1606399
2396,1606431
1749,1606463
1467,1606495
1193,1606527
1437,1606559
820,1606591
563,1606623
697,1606655
535,1606687
0,1606719
346,1606751
583,1606783
863,1606815
990,1606847
893,1606879
1657,1606911
1304,1606943
1623,1606975
2206,1607007
1854,1607039
1600,1607071
1754,1607103
1160,1607135
1337,1607167
683,1607199
521,1607231
654,1607263
34,1607295
0,1607327
365,1607359
285,1607391
889,1607423
680,1607455
967,1607487
1196,1607519
1385,1607551
1692,1607583
1896,1607615
1838,1607647
2007,1607679
1675,1607711
1147,1607743
1261,1607775
1069,1607807
503,1607839
571,1607871
344,1607903
247,1607935
409,1607967
672,1607999
905,1608031
731,1608063
1322,1608095
1536,1608127
1824,1608159
1646,1608191
2252,1608223
2080,1608255
1529,1608287
1246,1608319
1111,1608351
877,1608383
617,1608415
346,1608447
203,1608479
0,1608511
0,1608543
575,1608575
423,1608607
648,1608639
1208,1608671
1497,1608703
1325,1608735
1866,1608767
1766,1608799
2393,1608831
1648,1608863
1510,1608895
1626,1608927
958,1608959
745,1608991
890,1609023
312,1609055
527,1609087
0,1609119
7,1609151
586,1609183
392,1609215
715,1609247
1226,1609279
1096,1609311
1403,1609343
1535,1609375
1832,1609407
1854,1609439
1598,1609471
1465,1609503
1207,1609535
936,1609567
781,1609599
810,1609631
298,1609663
432,1609695
199,1609727
91,1609759
632,1609791
892,1609823
1113,1609855
1264,1609887
1547,1609919
1817,1609951
1594,1609983
2202,1610015
2190,1610047
1996,1610079
1307,1610111
1436,1610143
1248,1610175
623,1610207
396,1610239
252,1610271
3,1610303
0,1610335
57,1610367
361,1610399
552,1610431
729,1610463
1435,1610495
1270,1610527
1466,1610559
2080,1610591
2380,1610623
1800,1610655
1915,1610687
1688,1610719
1500,1610751
1166,1610783
618,1610815
763,1610847
110,1610879
253,1610911
298,1610943
138,1610975
811,1611007
939,1611039
812,1611071
1439,1611103
1246,1611135
1533,1611167
2156,1611199
1915,1611231
1757,1611263
1816,1611295
1256,1611327
1415,1611359
746,1611391
574,1611423
358,1611455
90,1611487
0,1611519
332,1611551
236,1611583
829,1611615
718,1611647
909,1611679
1485,1611711
1759,1611743
1640,1611775
2190,1611807
2254,1611839
2057,1611871
1742,1611903
1536,1611935
1307,1611967
1129,1611999
814,1612031
584,1612063
56,1612095
0,1612127
346,1612159
312,1612191
494,1612223
672,1612255
1259,1612287
1212,1612319
1404,1612351
1582,1612383
1913,1612415
1863,1612447
1580,1612479
1791,1612511
1163,1612543
937,1612575
1039,1612607
873,1612639
253,1612671
313,1612703
0,1612735
512,1612767
272,1612799
888,1612831
1151,1612863
953,1612895
1675,1612927
1806,1612959
1674,1612991
2383,1613023
1712,1613055
1546,1613087
1690,1613119
1020,1613151
891,1613183
942,1613215
364,1613247
208,1613279
0,1613311
0,1613343
137,1613375
346,1613407
665,1613439
1194,1613471
1039,1613503
1343,1613535
1579,1613567
1782,1613599
2361,1613631
2121,1613663
1527,1613695
1614,1613727
1416,1613759
1179,1613791
874,1613823
685,1613855
489,1613887
0,1613919
296,1613951
560,1613983
396,1614015
621,1614047
1200,1614079
1127,1614111
1302,1614143
1529,1614175
2138,1614207
1882,1614239
1594,1614271
1358,1614303
1221,1614335
954,1614367
682,1614399
923,1614431
310,1614463
50,1614495
169,1614527
460,1614559
309,1614591
861,1614623
1101,1614655
1383,1614687
1512,1614719
1800,1614751
2031,1614783
1822,1614815
1863,1614847
1980,1614879
1327,1614911
1563,1614943
1228,1614975
648,1615007
815,1615039
171,1615071
16,1615103
238,1615135
74,1615167
377,1615199
880,1615231
797,1615263
988,1615295
1192,1615327
1484,1615359
2072,1615391
1904,1615423
1817,1615455
1548,1615487
1317,1615519
1471,1615551
893,1615583
635,1615615
748,1615647
543,1615679
0,1615711
282,1615743
508,1615775
775,1615807
924,1615839
1195,1615871
1419,1615903
1246,1615935
1850,1615967
2079,1615999
1936,1616031
1656,1616063
1788,1616095
1552,1616127
1014,1616159
733,1616191
872,1616223
372,1616255
104,1616287
0,1616319
24,1616351
247,1616383
450,1616415
1099,1616447
924,1616479
1159,1616511
1727,1616543
2027,1616575
1853,1616607
2224,1616639
2039,1616671
1853,1616703
1134,1616735
988,1616767
1103,1616799
448,1616831
701,1616863
364,1616895
0,1616927
475,1616959
223,1616991
519,1617023
1100,1617055
904,1617087
1228,1617119
1754,1617151
1611,1617183
1834,1617215
1776,1617247
1606,1617279
1768,1617311
1082,1617343
953,1617375
693,1617407
426,1617439
269,1617471
43,1617503
0,1617535
490,1617567
717,1617599
603,1617631
1144,1617663
1407,1617695
1641,1617727
1791,1617759
2073,1617791
2347,1617823
1712,1617855
1854,1617887
1661,1617919
1030,1617951
795,1617983
922,1618015
733,1618047
119,1618079
0,1618111
234,1618143
167,1618175
336,1618207
560,1618239
873,1618271
1064,1618303
1241,1618335
1966,1618367
1798,1618399
1941,1618431
2089,1618463
1919,1618495
1273,1618527
1386,1618559
1163,1618591
985,1618623
652,1618655
108,1618687
239,1618719
0,1618751
262,1618783
814,1618815
638,1618847
1325,1618879
1455,1618911
1775,1618943
1977,1618975
1769,1619007
1897,1619039
1662,1619071
1390,1619103
1136,1619135
1289,1619167
747,1619199
889,1619231
232,1619263
62,1619295
0,1619327
28,1619359
317,1619391
512,1619423
746,1619455
1355,1619487
1229,1619519
1431,1619551
2016,1619583
2295,1619615
1877,1619647
1962,1619679
1724,1619711
1527,1619743
1212,1619775
1022,1619807
799,1619839
174,1619871
288,1619903
169,1619935
106,1619967
284,1619999
861,1620031
1087,1620063
1006,1620095
1184,1620127
1786,1620159
1739,1620191
1934,1620223
1706,1620255
1564,1620287
1335,1620319
1067,1620351
1263,1620383
649,1620415
416,1620447
523,1620479
347,1620511
0,1620543
478,1620575
393,1620607
1039,1620639
794,1620671
1402,1620703
1687,1620735
1479,1620767
2204,1620799
2282,1620831
1677,1620863
1914,1620895
1193,1620927
1020,1620959
762,1620991
507,1621023
380,1621055
428,1621087
0,1621119
43,1621151
174,1621183
458,1621215
640,1621247
848,1621279
1177,1621311
1368,1621343
1562,1621375
1878,1621407
1932,1621439
1668,1621471
1823,1621503
1593,1621535
1003,1621567
1084,1621599
894,1621631
664,1621663
360,1621695
151,1621727
430,1621759
236,1621791
810,1621823
1080,1621855
906,1621887
1132,1621919
1726,1621951
2000,1621983
1831,1622015
1768,1622047
1904,1622079
1356,1622111
1072,1622143
846,1622175
711,1622207
440,1622239
589,1622271
411,1622303
0,1622335
105,1622367
696,1622399
984,1622431
823,1622463
1376,1622495
1625,1622527
1911,1622559
2042,1622591
2332,1622623
2155,1622655
1480,1622687
1334,1622719
1448,1622751
814,1622783
1038,1622815
713,1622847
137,1622879
0,1622911
0,1622943
172,1622975
760,1623007
590,1623039
891,1623071
1402,1623103
1310,1623135
1500,1623167
1712,1623199
1959,1623231
2074,1623263
1448,1623295
1291,1623327
1032,1623359
807,1623391
953,1623423
381,1623455
124,1623487
222,1623519
377,1623551
265,1623583
798,1623615
1024,1623647
1291,1623679
1448,1623711
1720,1623743
1947,1623775
1771,1623807
2202,1623839
1962,1623871
1416,1623903
1132,1623935
1260,1623967
1036,1623999
503,1624031
223,1624063
347,1624095
0,1624127
42,1624159
701,1624191
539,1624223
760,1624255
952,1624287
1615,1624319
1447,1624351
1676,1624383
2265,1624415
2267,1624447
1624,1624479
1691,1624511
1511,1624543
1325,1624575
621,1624607
774,1624639
587,1624671
0,1624703
295,1624735
428,1624767
303,1624799
506,1624831
744,1624863
1031,1624895
1628,1624927
1420,1624959
1752,1624991
2281,1625023
1740,1625055
1483,1625087
1248,1625119
1085,1625151
1232,1625183
570,1625215
441,1625247
184,1625279
0,1625311
0,1625343
215,1625375
409,1625407
1014,1625439
793,1625471
1116,1625503
1664,1625535
1944,1625567
2175,1625599
2267,1625631
2075,1625663
1883,1625695
1193,1625727
1327,1625759
1132,1625791
516,1625823
284,1625855
399,1625887
215,1625919
0,1625951
173,1625983
746,1626015
677,1626047
844,1626079
1563,1626111
1386,1626143
1580,1626175
1766,1626207
2327,1626239
1675,1626271
1406,1626303
1561,1626335
1383,1626367
761,1626399
860,1626431
639,1626463
460,1626495
123,1626527
55,1626559
639,1626591
446,1626623
762,1626655
1328,1626687
1152,1626719
1359,1626751
1983,1626783
1849,1626815
2217,1626847
1532,1626879
1370,1626911
1502,1626943
872,1626975
624,1627007
768,1627039
235,1627071
377,1627103
0,1627135
120,1627167
347,1627199
538,1627231
830,1627263
1024,1627295
1258,1627327
1883,1627359
2025,1627391
1959,1627423
2138,1627455
1945,1627487
1351,1627519
1432,1627551
1196,1627583
1005,1627615
700,1627647
507,1627679
279,1627711
0,1627743
464,1627775
688,1627807
617,1627839
794,1627871
1376,1627903
1610,1627935
1528,1627967
1707,1627999
1976,1628031
1737,1628063
1466,1628095
1188,1628127
1039,1628159
819,1628191
555,1628223
751,1628255
128,1628287
0,1628319
347,1628351
637,1628383
473,1628415
1001,1628447
904,1628479
1561,1628511
1305,1628543
1623,1628575
2208,1628607
1822,1628639
1596,1628671
1752,1628703
1149,1628735
1389,1628767
682,1628799
519,1628831
648,1628863
6,1628895
0,1628927
378,1628959
249,1628991
553,1629023
683,1629055
969,1629087
1161,1629119
1369,1629151
1703,1629183
1899,1629215
1790,1629247
1641,1629279
1674,1629311
1142,1629343
1294,1629375
1065,1629407
492,1629439
570,1629471
376,1629503
253,1629535
409,1629567
684,1629599
943,1629631
745,1629663
1324,1629695
1598,1629727
1422,1629759
1645,1629791
2256,1629823
2123,1629855
1480,1629887
1242,1629919
1110,1629951
839,1629983
568,1630015
335,1630047
189,1630079
0,1630111
0,1630143
573,1630175
425,1630207
616,1630239
1209,1630271
1499,1630303
1335,1630335
1914,1630367
2155,1630399
2382,1630431
2040,1630463
1468,1630495
1625,1630527
956,1630559
1113,1630591
939,1630623
304,1630655
523,1630687
189,1630719
0,1630751
589,1630783
395,1630815
695,1630847
1276,1630879
1100,1630911
1404,1630943
2059,1630975
1836,1631007
1852,1631039
1596,1631071
1431,1631103
1204,1631135
934,1631167
776,1631199
845,1631231
298,1631263
429,1631295
0,1631327
62,1631359
632,1631391
891,1631423
779,1631455
1312,1631487
1546,1631519
1818,1631551
1967,1631583
2252,1631615
2185,1631647
1533,1631679
1672,1631711
1437,1631743
1246,1631775
623,1631807
744,1631839
253,1631871
1,1631903
0,1631935
399,1631967
369,1631999
556,1632031
732,1632063
1051,1632095
1271,1632127
1466,1632159
2153,1632191
1977,1632223
1791,1632255
1913,1632287
1736,1632319
1099,1632351
1166,1632383
618,1632415
813,1632447
107,1632479
252,1632511
299,1632543
110,1632575
811,1632607
940,1632639
813,1632671
1499,1632703
1246,1632735
1545,1632767
2156,1632799
1886,1632831
1755,1632863
1816,1632895
1212,1632927
968,1632959
839,1632991
572,1633023
303,1633055
59,1633087
0,1633119
336,1633151
204,1633183
493,1633215
727,1633247
920,1633279
1530,1633311
1767,1633343
1641,1633375
2192,1633407
2296,1633439
2058,1633471
1740,1633503
1545,1633535
1344,1633567
685,1633599
809,1633631
619,1633663
428,1633695
0,1633727
349,1633759
282,1633791
456,1633823
680,1633855
1259,1633887
1188,1633919
1358,1633951
1584,1633983
1915,1634015
1815,1634047
1529,1634079
1788,1634111
1158,1634143
891,1634175
1037,1634207
871,1634239
248,1634271
345,1634303
235,1634335
523,1634367
653,1634399
926,1634431
1161,1634463
959,1634495
1275,1634527
1856,1634559
1675,1634591
2393,1634623
2106,1634655
1496,1634687
1687,1634719
1019,1634751
856,1634783
988,1634815
364,1634847
111,1634879
0,1634911
0,1634943
551,1634975
344,1635007
632,1635039
1196,1635071
1040,1635103
1351,1635135
1547,1635167
1784,1635199
2349,1635231
1767,1635263
1483,1635295
1608,1635327
1407,1635359
831,1635391
911,1635423
684,1635455
487,1635487
175,1635519
333,1635551
557,1635583
829,1635615
974,1635647
1211,1635679
1130,1635711
1305,1635743
1912,1635775
2143,1635807
1878,1635839
1584,1635871
1724,1635903
1212,1635935
944,1635967
678,1635999
539,1636031
310,1636063
42,1636095
228,1636127
87,1636159
602,1636191
863,1636223
1151,1636255
987,1636287
1514,1636319
1801,1636351
2095,1636383
1832,1636415
1861,1636447
1977,1636479
1304,1636511
1560,1636543
1226,1636575
639,1636607
873,1636639
160,1636671
19,1636703
250,1636735
58,1636767
379,1636799
580,1636831
761,1636863
1063,1636895
1196,1636927
1485,1636959
2120,1636991
1896,1637023
1815,1637055
1545,1637087
1270,1637119
1117,1637151
889,1637183
632,1637215
776,1637247
551,1637279
0,1637311
284,1637343
554,1637375
778,1637407
928,1637439
1199,1637471
1469,1637503
1256,1637535
1852,1637567
2126,1637599
1894,1637631
1648,1637663
1787,1637695
1582,1637727
962,1637759
732,1637791
861,1637823
328,1637855
48,1637887
0,1637919
24,1637951
217,1637983
398,1638015
1099,1638047
935,1638079
1504,1638111
1741,1638143
2029,1638175
1862,1638207
2264,1638239
2039,1638271
1854,1638303
1513,1638335
954,1638367
1101,1638399
446,1638431
311,1638463
408,1638495
0,1638527
471,1638559
602,1638591
474,1638623
1103,1638655
909,1638687
1196,1638719
1433,1638751
1616,1638783
1932,1638815
2160,1638847
1597,1638879
1757,1638911
1082,1638943
909,1638975
694,1639007
423,1639039
265,1639071
17,1639103
0,1639135
494,1639167
383,1639199
583,1639231
1150,1639263
1417,1639295
1289,1639327
1840,1639359
1709,1639391
2350,1639423
2090,1639455
1897,1639487
1657,1639519
1018,1639551
1148,1639583
912,1639615
730,1639647
108,1639679
232,1639711
231,1639743
168,1639775
335,1639807
923,1639839
873,1639871
1066,1639903
1242,1639935
1563,1639967
1800,1639999
2331,1640031
2153,1640063
1497,1640095
1272,1640127
1373,1640159
1213,1640191
587,1640223
652,1640255
106,1640287
287,1640319
0,1640351
544,1640383
816,1640415
620,1640447
1325,1640479
1464,1640511
1327,1640543
2029,1640575
1771,1640607
1894,1640639
1612,1640671
1357,1640703
1228,1640735
1280,1640767
700,1640799
553,1640831
222,1640863
59,1640895
0,1640927
8,1640959
329,1640991
522,1641023
704,1641055
1007,1641087
1239,1641119
1432,1641151
2060,1641183
2301,1641215
1867,1641247
1952,1641279
1296,1641311
1517,1641343
1211,1641375
1021,1641407
828,1641439
174,1641471
288,1641503
216,1641535
490,1641567
286,1641599
862,1641631
1136,1641663
968,1641695
1182,1641727
1790,1641759
1705,1641791
1883,1641823
1704,1641855
1561,1641887
1288,1641919
1449,1641951
1260,1641983
648,1642015
381,1642047
523,1642079
344,1642111
0,1642143
526,1642175
763,1642207
1038,1642239
1176,1642271
1454,1642303
1689,1642335
1480,1642367
1803,1642399
2328,1642431
1672,1642463
1912,1642495
1568,1642527
984,1642559
759,1642591
505,1642623
345,1642655
474,1642687
0,1642719
42,1642751
541,1642783
468,1642815
1067,1642847
856,1642879
1147,1642911
1372,1642943
1562,1642975
1839,1643007
1896,1643039
1659,1643071
1819,1643103
1229,1643135
968,1643167
1082,1643199
456,1643231
317,1643263
394,1643295
154,1643327
427,1643359
588,1643391
857,1643423
1081,1643455
1366,1643487
1500,1643519
1736,1643551
1646,1643583
1832,1643615
2137,1643647
1901,1643679
1354,1643711
1070,1643743
1209,1643775
698,1643807
441,1643839
637,1643871
25,1643903
0,1643935
103,1643967
751,1643999
599,1644031
822,1644063
1386,1644095
1677,1644127
1501,1644159
2042,1644191
2333,1644223
2203,1644255
1470,1644287
1331,1644319
1449,1644351
782,1644383
1037,1644415
704,1644447
135,1644479
0,1644511
0,1644543
181,1644575
764,1644607
567,1644639
891,1644671
1406,1644703
1274,1644735
1583,1644767
1720,1644799
1948,1644831
1673,1644863
1419,1644895
1292,1644927
1030,1644959
752,1644991
607,1645023
377,1645055
120,1645087
250,1645119
0,1645151
267,1645183
808,1645215
1068,1645247
1291,1645279
1449,1645311
1721,1645343
1999,1645375
1772,1645407
2201,1645439
2008,1645471
1356,1645503
1130,1645535
1258,1645567
1070,1645599
453,1645631
223,1645663
336,1645695
0,1645727
9,1645759
699,1645791
539,1645823
728,1645855
904,1645887
1614,1645919
1448,1645951
1644,1645983
2267,1646015
2263,1646047
1620,1646079
1722,1646111
1499,1646143
1320,1646175
989,1646207
443,1646239
587,1646271
0,1646303
0,1646335
472,1646367
312,1646399
509,1646431
1116,1646463
987,1646495
1629,1646527
1422,1646559
1723,1646591
2334,1646623
1734,1646655
1575,1646687
1630,1646719
1081,1646751
1229,1646783
568,1646815
408,1646847
174,1646879
0,1646911
0,1646943
187,1646975
410,1647007
1015,1647039
1152,1647071
1095,1647103
1664,1647135
1945,1647167
1819,1647199
2313,1647231
2072,1647263
1869,1647295
1560,1647327
1359,1647359
1133,1647391
508,1647423
635,1647455
407,1647487
204,1647519
0,1647551
522,1647583
749,1647615
678,1647647
848,1647679
1163,1647711
1396,1647743
1584,1647775
1770,1647807
1915,1647839
1672,1647871
1404,1647903
1615,1647935
983,1647967
757,1647999
863,1648031
687,1648063
77,1648095
122,1648127
58,1648159
701,1648191
446,1648223
764,1648255
1339,1648287
1134,1648319
1369,1648351
1994,1648383
1851,1648415
2266,1648447
1532,1648479
1368,1648511
1500,1648543
844,1648575
716,1648607
766,1648639
188,1648671
30,1648703
0,1648735
124,1648767
312,1648799
512,1648831
839,1648863
1033,1648895
1214,1648927
1528,1648959
2029,1648991
1962,1649023
2175,1649055
1933,1649087
1341,1649119
1433,1649151
1240,1649183
1001,1649215
699,1649247
506,1649279
311,1649311
0,1649343
464,1649375
736,1649407
1008,1649439
799,1649471
1384,1649503
1661,1649535
1480,1649567
1711,1649599
1973,1649631
1700,1649663
1414,1649695
1180,1649727
1037,1649759
777,1649791
504,1649823
749,1649855
136,1649887
0,1649919
351,1649951
647,1649983
476,1650015
1040,1650047
1277,1650079
1563,1650111
1693,1650143
1592,1650175
2221,1650207
1822,1650239
1994,1650271
1792,1650303
1148,1650335
1383,1650367
1052,1650399
473,1650431
639,1650463
3,1650495
0,1650527
424,1650559
264,1650591
555,1650623
1054,1650655
970,1650687
1593,1650719
1370,1650751
1671,1650783
1901,1650815
1788,1650847
1639,1650879
1720,1650911
1132,1650943
1293,1650975
717,1651007
456,1651039
570,1651071
367,1651103
0,1651135
459,1651167
684,1651199
951,1651231
1100,1651263
1373,1651295
1599,1651327
1882,1651359
2028,1651391
2264,1651423
1758,1651455
1468,1651487
1609,1651519
1101,1651551
840,1651583
558,1651615
685,1651647
188,1651679
0,1651711
0,1651743
203,1651775
423,1651807
618,1651839
1273,1651871
1111,1651903
1333,1651935
1914,1651967
2215,1651999
1965,1652031
2031,1652063
1467,1652095
1673,1652127
956,1652159
1104,1652191
925,1652223
272,1652255
510,1652287
188,1652319
0,1652351
649,1652383
399,1652415
694,1652447
1288,1652479
1084,1652511
1406,1652543
1936,1652575
1801,1652607
1929,1652639
1595,1652671
1419,1652703
1150,1652735
904,1652767
777,1652799
844,1652831
250,1652863
91,1652895
0,1652927
74,1652959
668,1652991
893,1653023
781,1653055
1322,1653087
1594,1653119
1821,1653151
1977,1653183
2253,1653215
2223,1653247
1533,1653279
1664,1653311
1480,1653343
844,1653375
619,1653407
736,1653439
220,1653471
0,1653503
0,1653535
412,1653567
332,1653599
509,1653631
733,1653663
1047,1653695
1240,1653727
1418,1653759
2156,1653791
1976,1653823
1753,1653855
1903,1653887
1725,1653919
1098,1653951
1206,1653983
985,1654015
811,1654047
474,1654079
288,1654111
300,1654143
120,1654175
428,1654207
988,1654239
814,1654271
1501,1654303
1640,1654335
1508,1654367
2157,1654399
1885,1654431
1719,1654463
1854,1654495
1210,1654527
1052,1654559
1112,1654591
569,1654623
301,1654655
56,1654687
0,1654719
336,1654751
204,1654783
503,1654815
696,1654847
920,1654879
1533,1654911
1415,1654943
1609,1654975
2202,1655007
2265,1655039
1691,1655071
1775,1655103
1534,1655135
1341,1655167
1036,1655199
858,1655231
607,1655263
4,1655295
124,1655327
347,1655359
282,1655391
460,1655423
1037,1655455
1262,1655487
1190,1655519
1358,1655551
1964,1655583
1916,1655615
1808,1655647
1518,1655679
1387,1655711
1149,1655743
888,1655775
1087,1655807
472,1655839
249,1655871
345,1655903
295,1655935
139,1655967
654,1655999
937,1656031
1215,1656063
967,1656095
1285,1656127
1866,1656159
1659,1656191
2395,1656223
2102,1656255
1487,1656287
1739,1656319
1007,1656351
854,1656383
985,1656415
344,1656447
202,1656479
252,1656511
0,1656543
124,1656575
347,1656607
633,1656639
1244,1656671
1020,1656703
1353,1656735
1557,1656767
1739,1656799
1983,1656831
1753,1656863
1480,1656895
1644,1656927
1403,1656959
828,1656991
910,1657023
718,1657055
477,1657087
176,1657119
346,1657151
604,1657183
408,1657215
986,1657247
1258,1657279
1092,1657311
1308,1657343
1912,1657375
2189,1657407
1820,1657439
1584,1657471
1722,1657503
1179,1657535
894,1657567
670,1657599
535,1657631
265,1657663
1,1657695
235,1657727
87,1657759
280,1657791
873,1657823
1160,1657855
1002,1657887
1564,1657919
1805,1657951
2091,1657983
2221,1658015
1815,1658047
1979,1658079
1295,1658111
1160,1658143
1272,1658175
634,1658207
861,1658239
540,1658271
0,1658303
246,1658335
59,1658367
359,1658399
580,1658431
764,1658463
971,1658495
1580,1658527
1494,1658559
2121,1658591
1897,1658623
1769,1658655
1545,1658687
1263,1658719
1112,1658751
856,1658783
622,1658815
767,1658847
207,1658879
0,1658911
288,1658943
553,1658975
442,1659007
973,1659039
1198,1659071
1470,1659103
1624,1659135
1900,1659167
2137,1659199
1872,1659231
2016,1659263
1784,1659295
1230,1659327
955,1659359
1083,1659391
856,1659423
328,1659455
48,1659487
167,1659519
28,1659551
218,1659583
398,1659615
715,1659647
937,1659679
1129,1659711
1802,1659743
1627,1659775
1862,1659807
2254,1659839
2087,1659871
1435,1659903
1504,1659935
952,1659967
1147,1659999
443,1660031
588,1660063
411,1660095
0,1660127
475,1660159
605,1660191
479,1660223
1162,1660255
910,1660287
1198,1660319
1389,1660351
1607,1660383
1943,1660415
2158,1660447
1550,1660479
1401,1660511
1071,1660543
906,1660575
639,1660607
393,1660639
264,1660671
7,1660703
0,1660735
159,1660767
383,1660799
582,1660831
1184,1660863
1421,1660895
1293,1660927
1850,1660959
2125,1660991
2359,1661023
2079,1661055
1888,1661087
1695,1661119
1016,1661151
1147,1661183
955,1661215
334,1661247
109,1661279
224,1661311
282,1661343
122,1661375
344,1661407
925,1661439
845,1661471
1021,1661503
1255,1661535
1565,1661567
1767,1661599
2331,1661631
2139,1661663
1496,1661695
1226,1661727
1374,1661759
1207,1661791
584,1661823
686,1661855
473,1661887
283,1661919
313,1661951
590,1661983
825,1662015
623,1662047
939,1662079
1514,1662111
1336,1662143
2039,1662175
2170,1662207
1845,1662239
1610,1662271
1358,1662303
1197,1662335
1326,1662367
696,1662399
540,1662431
592,1662463
59,1662495
0,1662527
19,1662559
296,1662591
858,1662623
713,1662655
1015,1662687
1209,1662719
1435,1662751
2063,1662783
1945,1662815
1833,1662847
1950,1662879
1757,1662911
1165,1662943
1246,1662975
1018,1663007
825,1663039
523,1663071
329,1663103
220,1663135
72,1663167
649,1663199
864,1663231
792,1663263
968,1663295
1560,1663327
1791,1663359
1707,1663391
1896,1663423
2073,1663455
1559,1663487
1288,1663519
1497,1663551
875,1663583
644,1663615
377,1663647
575,1663679
0,1663711
0,1663743
535,1663775
813,1663807
654,1663839
1176,1663871
1453,1663903
1744,1663935
1481,1663967
1805,1663999
2327,1664031
1643,1664063
1911,1664095
1568,1664127
973,1664159
729,1664191
495,1664223
343,1664255
474,1664287
0,1664319
53,1664351
554,1664383
426,1664415
636,1664447
860,1664479
1149,1664511
1770,1664543
1548,1664575
1880,1664607
1895,1664639
1600,1664671
1453,1664703
1227,1664735
964,1664767
1118,1664799
445,1664831
317,1664863
394,1664895
200,1664927
430,1664959
590,1664991
859,1665023
1131,1665055
920,1665087
1502,1665119
1782,1665151
1603,1665183
1834,1665215
2134,1665247
1944,1665279
1291,1665311
1067,1665343
1197,1665375
665,1665407
392,1665439
637,1665471
21,1665503
0,1665535
70,1665567
763,1665599
599,1665631
791,1665663
1389,1665695
1688,1665727
1510,1665759
2093,1665791
2335,1665823
2200,1665855
1854,1665887
1290,1665919
1439,1665951
782,1665983
647,1666015
750,1666047
136,1666079
0,1666111
265,1666143
150,1666175
765,1666207
574,1666239
862,1666271
1454,1666303
1278,1666335
1488,1666367
2120,1666399
1947,1666431
2107,1666463
1416,1666495
1243,1666527
1029,1666559
751,1666591
600,1666623
348,1666655
110,1666687
249,1666719
299,1666751
247,1666783
810,1666815
1071,1666847
955,1666879
1497,1666911
1738,1666943
1997,1666975
2154,1667007
2240,1667039
1502,1667071
1356,1667103
1488,1667135
1256,1667167
718,1667199
444,1667231
570,1667263
336,1667295
0,1667327
9,1667359
317,1667391
539,1667423
731,1667455
910,1667487
1227,1667519
1450,1667551
1643,1667583
2332,1667615
1849,1667647
1610,1667679
1725,1667711
1549,1667743
923,1667775
988,1667807
442,1667839
633,1667871
0,1667903
0,1667935
477,1667967
284,1667999
512,1668031
1118,1668063
989,1668095
1689,1668127
1434,1668159
1723,1668191
2336,1668223
1707,1668255
1575,1668287
1628,1668319
1034,1668351
879,1668383
558,1668415
396,1668447
137,1668479
0,1668511
0,1668543
196,1668575
376,1668607
669,1668639
1161,1668671
1096,1668703
1712,1668735
1949,1668767
1820,1668799
2302,1668831
2112,1668863
1867,1668895
1549,1668927
1358,1668959
1177,1668991
505,1669023
634,1669055
441,1669087
0,1669119
0,1669151
528,1669183
795,1669215
632,1669247
856,1669279
1173,1669311
1357,1669343
1544,1669375
1774,1669407
1909,1669439
1628,1669471
1352,1669503
1611,1669535
982,1669567
716,1669599
858,1669631
687,1669663
74,1669695
170,1669727
415,1669759
701,1669791
832,1669823
742,1669855
1337,1669887
1143,1669919
1757,1669951
2044,1669983
1864,1670015
2263,1670047
1917,1670079
1318,1670111
1499,1670143
843,1670175
671,1670207
812,1670239
186,1670271
30,1670303
204,1670335
134,1670367
316,1670399
525,1670431
810,1670463
1036,1670495
1224,1670527
1528,1670559
2079,1670591
1964,1670623
2169,1670655
1577,1670687
1306,1670719
1424,1670751
1229,1670783
663,1670815
732,1670847
504,1670879
299,1670911
255,1670943
511,1670975
735,1671007
576,1671039
1162,1671071
1385,1671103
1662,1671135
1484,1671167
2092,1671199
1966,1671231
1700,1671263
1406,1671295
1536,1671327
1034,1671359
775,1671391
494,1671423
359,1671455
126,1671487
0,1671519
416,1671551
264,1671583
488,1671615
1040,1671647
1337,1671679
1163,1671711
1695,1671743
1597,1671775
2271,1671807
1818,1671839
1984,1671871
1791,1671903
1118,1671935
1373,1671967
1040,1671999
463,1672031
695,1672063
2,1672095
0,1672127
426,1672159
234,1672191
557,1672223
1066,1672255
938,1672287
1146,1672319
1468,1672351
1673,1672383
1863,1672415
1768,1672447
1627,1672479
1708,1672511
1088,1672543
939,1672575
715,1672607
456,1672639
604,1672671
375,1672703
0,1672735
462,1672767
732,1672799
955,1672831
1112,1672863
1375,1672895
1647,1672927
1424,1672959
2032,1672991
2315,1673023
2168,1673055
1466,1673087
1600,1673119
1063,1673151
782,1673183
558,1673215
683,1673247
162,1673279
0,1673311
0,1673343
212,1673375
393,1673407
579,1673439
1275,1673471
1113,1673503
1302,1673535
1915,1673567
2219,1673599
1963,1673631
2076,1673663
1849,1673695
1672,1673727
1326,1673759
1148,1673791
923,1673823
271,1673855
135,1673887
233,1673919
0,1673951
651,1673983
778,1674015
652,1674047
1279,1674079
1084,1674111
1383,1674143
1993,1674175
1803,1674207
1823,1674239
1655,1674271
1418,1674303
1579,1674335
894,1674367
743,1674399
844,1674431
240,1674463
87,1674495
0,1674527
73,1674559
670,1674591
569,1674623
749,1674655
1322,1674687
1597,1674719
1469,1674751
2026,1674783
2264,1674815
2221,1674847
1900,1674879
1710,1674911
1468,1674943
1277,1674975
969,1675007
734,1675039
204,1675071
0,1675103
176,1675135
427,1675167
343,1675199
510,1675231
1112,1675263
1047,1675295
1245,1675327
1421,1675359
1741,1675391
1978,1675423
1742,1675455
1961,1675487
1323,1675519
1390,1675551
1199,1675583
1023,1675615
410,1675647
474,1675679
295,1675711
361,1675743
121,1675775
436,1675807
991,1675839
796,1675871
1512,1675903
1643,1675935
1509,1675967
2221,1675999
1880,1676031
1706,1676063
1854,1676095
1180,1676127
1051,1676159
794,1676191
523,1676223
367,1676255
48,1676287
0,1676319
380,1676351
188,1676383
504,1676415
698,1676447
878,1676479
1193,1676511
1416,1676543
1612,1676575
2254,1676607
2285,1676639
1688,1676671
1776,1676703
1580,1676735
1339,1676767
1024,1676799
843,1676831
651,1676863
4,1676895
121,1676927
396,1676959
237,1676991
460,1677023
1040,1677055
1311,1677087
1143,1677119
1368,1677151
1968,1677183
1892,1677215
1756,1677247
1518,1677279
1383,1677311
1111,1677343
839,1677375
1084,1677407
471,1677439
584,1677471
335,1677503
299,1677535
147,1677567
701,1677599
939,1677631
1213,1677663
1352,1677695
1252,1677727
1867,1677759
1658,1677791
1989,1677823
2144,1677855
1486,1677887
1725,1677919
1390,1677951
807,1677983
985,1678015
331,1678047
168,1678079
0,1678111
0,1678143
219,1678175
720,1678207
646,1678239
1245,1678271
1033,1678303
1323,1678335
1560,1678367
1743,1678399
1978,1678431
1708,1678463
1478,1678495
1630,1678527
1055,1678559
793,1678591
907,1678623
713,1678655
141,1678687
207,1678719
7,1678751
606,1678783
765,1678815
1035,1678847
1261,1678879
1086,1678911
1680,1678943
1903,1678975
2190,1679007
1816,1679039
1948,1679071
1692,1679103
1168,1679135
892,1679167
1020,1679199
533,1679231
264,1679263
0,1679295
0,1679327
90,1679359
653,1679391
937,1679423
775,1679455
997,1679487
1566,1679519
1867,1679551
1691,1679583
2232,1679615
1815,1679647
2014,1679679
1294,1679711
1450,1679743
1263,1679775
606,1679807
860,1679839
524,1679871
0,1679903
303,1679935
63,1679967
359,1679999
541,1680031
746,1680063
1069,1680095
1584,1680127
1452,1680159
1759,1680191
1900,1680223
1767,1680255
1488,1680287
1240,1680319
1112,1680351
855,1680383
583,1680415
429,1680447
202,1680479
0,1680511
320,1680543
559,1680575
444,1680607
984,1680639
807,1680671
1477,1680703
1630,1680735
1912,1680767
2187,1680799
1880,1680831
2015,1680863
1820,1680895
1630,1680927
952,1680959
1072,1680991
894,1681023
268,1681055
48,1681087
159,1681119
4,1681151
184,1681183
407,1681215
714,1681247
904,1681279
1517,1681311
1803,1681343
1627,1681375
1829,1681407
2253,1681439
2078,1681471
1434,1681503
1548,1681535
1321,1681567
1143,1681599
812,1681631
634,1681663
399,1681695
0,1681727
100,1681759
654,1681791
488,1681823
1175,1681855
1293,1681887
1162,1681919
1392,1681951
1608,1681983
1911,1682015
2204,1682047
1547,1682079
1399,1682111
1450,1682143
905,1682175
1050,1682207
384,1682239
222,1682271
5,1682303
0,1682335
159,1682367
363,1682399
586,1682431
1197,1682463
1070,1682495
1272,1682527
1852,1682559
1662,1682591
1998,1682623
2125,1682655
1887,1682687
1689,1682719
1374,1682751
1183,1682783
953,1682815
765,1682847
457,1682879
220,1682911
0,1682943
124,1682975
700,1683007
926,1683039
848,1683071
1024,1683103
1615,1683135
1576,1683167
1769,1683199
2377,1683231
1724,1683263
1498,1683295
1226,1683327
1432,1683359
811,1683391
583,1683423
683,1683455
525,1683487
0,1683519
318,1683551
601,1683583
875,1683615
624,1683647
940,1683679
1519,1683711
1318,1683743
2043,1683775
2174,1683807
1838,1683839
1582,1683871
1355,1683903
1191,1683935
1322,1683967
676,1683999
539,1684031
590,1684063
19,1684095
0,1684127
19,1684159
300,1684191
489,1684223
688,1684255
1006,1684287
1208,1684319
1400,1684351
1709,1684383
1945,1684415
1831,1684447
1993,1684479
1292,1684511
1164,1684543
1244,1684575
1056,1684607
823,1684639
512,1684671
329,1684703
265,1684735
72,1684767
652,1684799
912,1684831
748,1684863
971,1684895
1562,1684927
1848,1684959
1660,1684991
1897,1685023
2064,1685055
1514,1685087
1229,1685119
1486,1685151
860,1685183
604,1685215
329,1685247
573,1685279
0,1685311
0,1685343
541,1685375
816,1685407
663,1685439
1214,1685471
1461,1685503
1753,1685535
1870,1685567
1772,1685599
2317,1685631
1642,1685663
1497,1685695
1613,1685727
970,1685759
720,1685791
875,1685823
296,1685855
459,1685887
0,1685919
24,1685951
600,1685983
430,1686015
731,1686047
1242,1686079
1149,1686111
1773,1686143
1548,1686175
1848,1686207
1885,1686239
1610,1686271
1450,1686303
1191,1686335
964,1686367
1113,1686399
797,1686431
283,1686463
384,1686495
201,1686527
105,1686559
639,1686591
862,1686623
1131,1686655
1280,1686687
1563,1686719
1787,1686751
1610,1686783
2220,1686815
2126,1686847
1944,1686879
1292,1686911
1422,1686943
1195,1686975
666,1687007
382,1687039
247,1687071
20,1687103
0,1687135
72,1687167
379,1687199
601,1687231
794,1687263
1454,1687295
1287,1687327
1513,1687359
2095,1687391
2397,1687423
1785,1687455
1852,1687487
1288,1687519
1485,1687551
779,1687583
646,1687615
747,1687647
103,1687679
0,1687711
266,1687743
143,1687775
825,1687807
585,1687839
871,1687871
1466,1687903
1263,1687935
1593,1687967
2124,1687999
1896,1688031
1743,1688063
1416,1688095
1242,1688127
973,1688159
728,1688191
599,1688223
342,1688255
73,1688287
0,1688319
303,1688351
249,1688383
846,1688415
1081,1688447
959,1688479
1502,1688511
1776,1688543
2008,1688575
2158,1688607
2237,1688639
2041,1688671
1352,1688703
1486,1688735
1293,1688767
1102,1688799
444,1688831
560,1688863
379,1688895
0,1688927
18,1688959
327,1688991
518,1689023
697,1689055
909,1689087
1227,1689119
1416,1689151
1605,1689183
2343,1689215
1848,1689247
1573,1689279
1723,1689311
1548,1689343
920,1689375
1020,1689407
807,1689439
622,1689471
298,1689503
0,1689535
480,1689567
299,1689599
894,1689631
1168,1689663
998,1689695
1691,1689727
1819,1689759
1688,1689791
2345,1689823
1705,1689855
1530,1689887
1674,1689919
1032,1689951
875,1689983
928,1690015
394,1690047
527,1690079
0,1690111
0,1690143
195,1690175
379,1690207
679,1690239
1208,1690271
1098,1690303
1720,1690335
1597,1690367
1799,1690399
2300,1690431
2105,1690463
1502,1690495
1595,1690527
1356,1690559
1163,1690591
858,1690623
667,1690655
440,1690687
235,1690719
304,1690751
539,1690783
462,1690815
635,1690847
1215,1690879
1175,1690911
1360,1690943
1544,1690975
2155,1691007
1909,1691039
1628,1691071
1342,1691103
1071,1691135
971,1691167
714,1691199
911,1691231
299,1691263
72,1691295
185,1691327
475,1691359
319,1691391
832,1691423
744,1691455
1399,1691487
1146,1691519
1760,1691551
2047,1691583
1837,1691615
2254,1691647
1916,1691679
1318,1691711
1549,1691743
840,1691775
678,1691807
809,1691839
166,1691871
24,1691903
216,1691935
92,1691967
391,1691999
522,1692031
810,1692063
1000,1692095
1208,1692127
1531,1692159
2080,1692191
1918,1692223
1801,1692255
1575,1692287
1304,1692319
1464,1692351
1227,1692383
654,1692415
730,1692447
538,1692479
300,1692511
253,1692543
527,1692575
791,1692607
584,1692639
1165,1692671
1432,1692703
1260,1692735
1486,1692767
2092,1692799
1929,1692831
1640,1692863
1404,1692895
1534,1692927
999,1692959
718,1692991
492,1693023
359,1693055
92,1693087
0,1693119
413,1693151
254,1693183
455,1693215
1051,1693247
1339,1693279
1173,1693311
1743,1693343
1993,1693375
2280,1693407
2205,1693439
2026,1693471
1787,1693503
1117,1693535
973,1693567
1086,1693599
460,1693631
683,1693663
350,1693695
0,1693727
427,1693759
235,1693791
535,1693823
1118,1693855
940,1693887
1243,1693919
1769,1693951
1673,1693983
1865,1694015
1758,1694047
1592,1694079
1706,1694111
1086,1694143
936,1694175
681,1694207
454,1694239
601,1694271
30,1694303
0,1694335
472,1694367
733,1694399
619,1694431
1152,1694463
1386,1694495
1656,1694527
1805,1694559
2088,1694591
2315,1694623
1704,1694655
1838,1694687
1598,1694719
1052,1694751
781,1694783
907,1694815
681,1694847
152,1694879
0,1694911
248,1694943
203,1694975
396,1695007
572,1695039
891,1695071
1113,1695103
1305,1695135
1981,1695167
1815,1695199
1965,1695231
2075,1695263
1901,1695295
1259,1695327
1323,1695359
1149,1695391
971,1695423
272,1695455
132,1695487
223,1695519
0,1695551
652,1695583
782,1695615
655,1695647
1341,1695679
1086,1695711
1384,1695743
1995,1695775
1784,1695807
1917,1695839
1978,1695871
1369,1695903
1129,1695935
894,1695967
731,1695999
878,1696031
218,1696063
87,1696095
0,1696127
38,1696159
335,1696191
567,1696223
760,1696255
1370,1696287
1607,1696319
1480,1696351
2030,1696383
2312,1696415
2221,1696447
1903,1696479
1709,1696511
1512,1696543
841,1696575
969,1696607
778,1696639
154,1696671
0,1696703
187,1696735
457,1696767
300,1696799
512,1696831
1102,1696863
1020,1696895
1198,1696927
1430,1696959
1751,1696991
1946,1697023
1690,1697055
1960,1697087
1319,1697119
1051,1697151
1198,1697183
1021,1697215
409,1697247
507,1697279
283,1697311
363,1697343
490,1697375
404,1697407
1003,1697439
798,1697471
1117,1697503
1695,1697535
1514,1697567
2221,1697599
2266,1697631
1659,1697663
1849,1697695
1178,1697727
1015,1697759
794,1697791
522,1697823
281,1697855
413,1697887
0,1697919
391,1697951
189,1697983
473,1698015
706,1698047
880,1698079
1191,1698111
1388,1698143
1614,1698175
2251,1698207
1925,1698239
1645,1698271
1770,1698303
1577,1698335
989,1698367
1069,1698399
846,1698431
649,1698463
336,1698495
171,1698527
408,1698559
251,1698591
826,1698623
1040,1698655
968,1698687
1146,1698719
1740,1698751
1978,1698783
1896,1698815
1754,1698847
1884,1698879
1374,1698911
1102,1698943
829,1698975
695,1699007
469,1699039
204,1699071
394,1699103
0,1699135
152,1699167
713,1699199
999,1699231
828,1699263
1353,1699295
1256,1699327
1929,1699359
1664,1699391
2298,1699423
2143,1699455
1465,1699487
1723,1699519
1387,1699551
797,1699583
1031,1699615
320,1699647
165,1699679
0,1699711
0,1699743
219,1699775
730,1699807
609,1699839
905,1699871
1037,1699903
1322,1699935
1513,1699967
1727,1699999
1978,1700031
1709,1700063
1433,1700095
1278,1700127
1049,1700159
790,1700191
940,1700223
713,1700255
137,1700287
207,1700319
392,1700351
607,1700383
765,1700415
1036,1700447
1307,1700479
1096,1700511
1688,1700543
1964,1700575
1786,1700607
1815,1700639
1949,1700671
1758,1700703
1116,1700735
888,1700767
1018,1700799
488,1700831
208,1700863
2,1700895
0,1700927
59,1700959
662,1700991
939,1701023
775,1701055
968,1701087
1577,1701119
1869,1701151
1692,1701183
2272,1701215
2201,1701247
2012,1701279
1676,1701311
1496,1701343
1261,1701375
608,1701407
469,1701439
574,1701471
0,1701503
299,1701535
439,1701567
325,1701599
551,1701631
748,1701663
1037,1701695
1632,1701727
1454,1701759
1770,1701791
2298,1701823
1768,1701855
1486,1701887
1243,1701919
1068,1701951
1180,1701983
572,1702015
424,1702047
167,1702079
0,1702111
333,1702143
233,1702175
424,1702207
990,1702239
1257,1702271
1133,1702303
1680,1702335
1913,1702367
2187,1702399
2252,1702431
2061,1702463
1819,1702495
1179,1702527
1310,1702559
1072,1702591
550,1702623
270,1702655
392,1702687
157,1702719
9,1702751
186,1702783
763,1702815
717,1702847
906,1702879
1579,1702911
1403,1702943
1629,1702975
1832,1703007
2315,1703039
1669,1703071
1431,1703103
1545,1703135
1165,1703167
747,1703199
810,1703231
635,1703263
455,1703295
0,1703327
93,1703359
663,1703391
462,1703423
1166,1703455
1296,1703487
1166,1703519
1385,1703551
1612,1703583
1912,1703615
2203,1703647
1519,1703679
1387,1703711
1438,1703743
858,1703775
616,1703807
384,1703839
217,1703871
360,1703903
0,1703935
171,1703967
365,1703999
552,1704031
855,1704063
1079,1704095
1272,1704127
1898,1704159
1662,1704191
1998,1704223
2124,1704255
1930,1704287
1689,1704319
1370,1704351
1179,1704383
987,1704415
330,1704447
447,1704479
254,1704511
0,1704543
139,1704575
704,1704607
973,1704639
807,1704671
1035,1704703
1627,1704735
1544,1704767
1721,1704799
2377,1704831
1721,1704863
1449,1704895
1166,1704927
1420,1704959
807,1704991
540,1705023
682,1705055
507,1705087
0,1705119
364,1705151
603,1705183
878,1705215
1006,1705247
918,1705279
1519,1705311
1312,1705343
1639,1705375
2232,1705407
1834,1705439
1581,1705471
1736,1705503
1142,1705535
1321,1705567
665,1705599
504,1705631
634,1705663
20,1705695
0,1705727
383,1705759
302,1705791
907,1705823
696,1705855
985,1705887
1221,1705919
1403,1705951
1716,1705983
1916,1706015
1822,1706047
1981,1706079
1660,1706111
1129,1706143
1244,1706175
1053,1706207
476,1706239
553,1706271
318,1706303
267,1706335
427,1706367
696,1706399
921,1706431
751,1706463
1340,1706495
1563,1706527
1482,1706559
1664,1706591
2270,1706623
2075,1706655
1512,1706687
1228,1706719
1084,1706751
859,1706783
592,1706815
330,1706847
183,1706879
0,1706911
0,1706943
590,1706975
439,1707007
662,1707039
1227,1707071
1515,1707103
1341,1707135
1896,1707167
1774,1707199
2367,1707231
1632,1707263
1492,1707295
1611,1707327
940,1707359
719,1707391
864,1707423
295,1707455
507,1707487
0,1707519
22,1707551
602,1707583
408,1707615
731,1707647
1248,1707679
1114,1707711
1421,1707743
1552,1707775
1851,1707807
1836,1707839
1582,1707871
1447,1707903
1192,1707935
912,1707967
773,1707999
784,1708031
280,1708063
416,1708095
217,1708127
110,1708159
638,1708191
908,1708223
1133,1708255
1280,1708287
1560,1708319
1835,1708351
1611,1708383
2219,1708415
2170,1708447
1516,1708479
1280,1708511
1420,1708543
1231,1708575
610,1708607
381,1708639
245,1708671
0,1708703
0,1708735
73,1708767
377,1708799
569,1708831
746,1708863
1453,1708895
1287,1708927
1478,1708959
2105,1708991
2398,1709023
1781,1709055
1888,1709087
1663,1709119
1483,1709151
1150,1709183
602,1709215
744,1709247
93,1709279
237,1709311
314,1709343
153,1709375
827,1709407
956,1709439
835,1709471
1465,1709503
1264,1709535
1560,1709567
2172,1709599
1897,1709631
1738,1709663
1792,1709695
1240,1709727
972,1709759
720,1709791
555,1709823
342,1709855
64,1709887
0,1709919
350,1709951
248,1709983
846,1710015
745,1710047
925,1710079
1504,1710111
1783,1710143
1655,1710175
2208,1710207
2234,1710239
2038,1710271
1720,1710303
1520,1710335
1289,1710367
668,1710399
794,1710431
559,1710463
378,1710495
0,1710527
364,1710559
330,1710591
522,1710623
686,1710655
1275,1710687
1237,1710719
1421,1710751
1607,1710783
1931,1710815
1836,1710847
1563,1710879
1775,1710911
1143,1710943
919,1710975
1021,1711007
855,1711039
235,1711071
298,1711103
0,1711135
538,1711167
296,1711199
896,1711231
1177,1711263
971,1711295
1693,1711327
1824,1711359
1689,1711391
2399,1711423
1693,1711455
1526,1711487
1664,1711519
1002,1711551
875,1711583
926,1711615
354,1711647
102,1711679
0,1711711
0,1711743
166,1711775
360,1711807
669,1711839
1212,1711871
1064,1711903
1369,1711935
1595,1711967
1800,1711999
2336,1712031
2105,1712063
1502,1712095
1593,1712127
1390,1712159
1161,1712191
848,1712223
667,1712255
472,1712287
0,1712319
304,1712351
574,1712383
858,1712415
639,1712447
1224,1712479
1145,1712511
1320,1712543
1550,1712575
2155,1712607
1863,1712639
1576,1712671
1340,1712703
1205,1712735
934,1712767
656,1712799
909,1712831
286,1712863
29,1712895
185,1712927
477,1712959
317,1712991
886,1713023
1119,1713055
1399,1713087
1531,1713119
1818,1713151
2047,1713183
1839,1713215
1837,1713247
1963,1713279
1308,1713311
1543,1713343
1210,1713375
632,1713407
809,1713439
152,1713471
0,1713503
264,1713535
102,1713567
310,1713599
596,1713631
822,1713663
1431,1713695
1210,1713727
1498,1713759
2092,1713791
1928,1713823
1802,1713855
1531,1713887
1292,1713919
1451,1713951
877,1713983
617,1714015
730,1714047
537,1714079
0,1714111
297,1714143
526,1714175
791,1714207
940,1714239
1212,1714271
1438,1714303
1721,1714335
1868,1714367
2096,1714399
1924,1714431
1631,1714463
1770,1714495
1531,1714527
998,1714559
716,1714591
844,1714623
349,1714655
80,1714687
0,1714719
43,1714751
275,1714783
456,1714815
1113,1714847
955,1714879
1472,1714911
1753,1714943
2059,1714975
1870,1715007
2201,1715039
2013,1715071
1837,1715103
1113,1715135
971,1715167
1019,1715199
438,1715231
683,1715263
350,1715295
0,1715327
489,1715359
248,1715391
534,1715423
1126,1715455
923,1715487
1245,1715519
1448,1715551
1636,1715583
1949,1715615
1756,1715647
1581,1715679
1740,1715711
1066,1715743
935,1715775
678,1715807
410,1715839
253,1715871
24,1715903
0,1715935
504,1715967
743,1715999
621,1716031
1152,1716063
1432,1716095
1659,1716127
1808,1716159
2091,1716191
2365,1716223
1692,1716255
1836,1716287
1640,1716319
1002,1716351
780,1716383
896,1716415
716,1716447
100,1716479
0,1716511
251,1716543
184,1716575
359,1716607
583,1716639
890,1716671
1081,1716703
1259,1716735
1991,1716767
1816,1716799
2316,1716831
2073,1716863
1895,1716895
1255,1716927
1359,1716959
1145,1716991
967,1717023
635,1717055
92,1717087
217,1717119
0,1717151
278,1717183
831,1717215
664,1717247
1341,1717279
1471,1717311
1349,1717343
1993,1717375
1787,1717407
1871,1717439
1642,1717471
1370,1717503
1211,1717535
1264,1717567
728,1717599
873,1717631
208,1717663
55,1717695
0,1717727
43,1717759
344,1717791
539,1717823
763,1717855
1373,1717887
1247,1717919
1447,1717951
2032,1717983
2315,1718015
1853,1718047
1944,1718079
1336,1718111
1501,1718143
1196,1718175
1004,1718207
767,1718239
156,1718271
280,1718303
190,1718335
460,1718367
300,1718399
878,1718431
1113,1718463
1024,1718495
1199,1718527
1804,1718559
1754,1718591
1959,1718623
1690,1718655
1547,1718687
1308,1718719
1433,1718751
1245,1718783
632,1718815
403,1718847
505,1718879
333,1718911
0,1718943
492,1718975
410,1719007
1063,1719039
808,1719071
1420,1719103
1696,1719135
1488,1719167
2235,1719199
2265,1719231
1659,1719263
1903,1719295
1176,1719327
1012,1719359
744,1719391
488,1719423
362,1719455
412,1719487
0,1719519
57,1719551
189,1719583
477,1719615
666,1719647
873,1719679
1192,1719711
1388,1719743
1578,1719775
1887,1719807
1915,1719839
1643,1719871
1806,1719903
1575,1719935
986,1719967
1068,1719999
440,1720031
638,1720063
334,1720095
172,1720127
447,1720159
249,1720191
828,1720223
1096,1720255
1368,1720287
1147,1720319
1742,1720351
2024,1720383
1838,1720415
1744,1720447
1883,1720479
1337,1720511
1064,1720543
831,1720575
692,1720607
428,1720639
571,1720671
391,1720703
0,1720735
122,1720767
712,1720799
999,1720831
837,1720863
1400,1720895
1643,1720927
1928,1720959
2061,1720991
2350,1721023
2137,1721055
1455,1721087
1310,1721119
1432,1721151
798,1721183
1019,1721215
695,1721247
120,1721279
0,1721311
0,1721343
199,1721375
778,1721407
613,1721439
907,1721471
1418,1721503
1326,1721535
1951,1721567
1736,1721599
1933,1721631
1706,1721663
1431,1721695
1274,1721727
1015,1721759
782,1721791
927,1721823
365,1721855
104,1721887
206,1721919
0,1721951
283,1721983
814,1722015
1038,1722047
1306,1722079
1464,1722111
1737,1722143
1967,1722175
2251,1722207
2186,1722239
1936,1722271
1392,1722303
1113,1722335
1241,1722367
1018,1722399
486,1722431
208,1722463
331,1722495
0,1722527
64,1722559
715,1722591
555,1722623
778,1722655
968,1722687
1631,1722719
1464,1722751
1702,1722783
2284,1722815
2249,1722847
1597,1722879
1664,1722911
1487,1722943
1308,1722975
603,1723007
467,1723039
569,1723071
0,1723103
311,1723135
442,1723167
328,1723199
525,1723231
750,1723263
1048,1723295
1646,1723327
1435,1723359
1771,1723391
2298,1723423
1710,1723455
1563,1723487
1230,1723519
1067,1723551
804,1723583
553,1723615
423,1723647
166,1723679
0,1723711
6,1723743
232,1723775
426,1723807
1024,1723839
811,1723871
1132,1723903
1688,1723935
1964,1723967
2189,1723999
2250,1724031
2048,1724063
1855,1724095
1168,1724127
1305,1724159
1116,1724191
492,1724223
267,1724255
394,1724287
196,1724319
0,1724351
185,1724383
764,1724415
685,1724447
868,1724479
1579,1724511
1403,1724543
1597,1724575
1784,1724607
2310,1724639
1660,1724671
1387,1724703
1535,1724735
1367,1724767
744,1724799
846,1724831
631,1724863
443,1724895
151,1724927
84,1724959
664,1724991
472,1725023
780,1725055
1344,1725087
1168,1725119
1385,1725151
2008,1725183
1867,1725215
2201,1725247
1518,1725279
1351,1725311
1484,1725343
856,1725375
699,1725407
750,1725439
215,1725471
351,1725503
0,1725535
138,1725567
372,1725599
555,1725631
855,1725663
1048,1725695
1274,1725727
1899,1725759
2043,1725791
1975,1725823
2120,1725855
1919,1725887
1335,1725919
1408,1725951
1178,1725983
985,1726015
680,1726047
489,1726079
255,1726111
0,1726143
477,1726175
704,1726207
976,1726239
812,1726271
1392,1726303
1627,1726335
1547,1726367
1724,1726399
1959,1726431
1722,1726463
1447,1726495
1165,1726527
1023,1726559
796,1726591
537,1726623
733,1726655
123,1726687
0,1726719
366,1726751
653,1726783
493,1726815
1016,1726847
922,1726879
1580,1726911
1322,1726943
1643,1726975
2235,1727007
1804,1727039
1580,1727071
1727,1727103
1133,1727135
1369,1727167
663,1727199
781,1727231
634,1727263
0,1727295
0,1727327
394,1727359
268,1727391
569,1727423
699,1727455
989,1727487
1176,1727519
1386,1727551
1719,1727583
1916,1727615
1773,1727647
1615,1727679
1655,1727711
1128,1727743
1276,1727775
1051,1727807
475,1727839
558,1727871
352,1727903
269,1727935
432,1727967
697,1727999
971,1728031
750,1728063
1342,1728095
1616,1728127
1900,1728159
1673,1728191
2280,1728223
2106,1728255
1454,1728287
1224,1728319
1084,1728351
824,1728383
550,1728415
318,1728447
181,1728479
0,1728511
0,1728543
603,1728575
442,1728607
631,1728639
1229,1728671
1516,1728703
1352,1728735
1920,1728767
2173,1728799
2364,1728831
2026,1728863
1452,1728895
1599,1728927
939,1728959
1088,1728991
910,1729023
282,1729055
494,1729087
172,1729119
0,1729151
605,1729183
414,1729215
711,1729247
1294,1729279
1116,1729311
1421,1729343
1948,1729375
1861,1729407
2269,1729439
1578,1729471
1405,1729503
1181,1729535
909,1729567
759,1729599
829,1729631
278,1729663
413,1729695
0,1729727
87,1729759
649,1729791
911,1729823
797,1729855
1328,1729887
1566,1729919
1837,1729951
1994,1729983
2269,1730015
2169,1730047
1975,1730079
1648,1730111
1417,1730143
876,1730175
603,1730207
730,1730239
234,1730271
0,1730303
0,1730335
424,1730367
380,1730399
573,1730431
748,1730463
1067,1730495
1290,1730527
1481,1730559
2169,1730591
1992,1730623
1772,1730655
1887,1730687
1719,1730719
1081,1730751
1147,1730783
602,1730815
793,1730847
91,1730879
234,1730911
319,1730943
124,1730975
829,1731007
956,1731039
829,1731071
1517,1731103
1263,1731135
1564,1731167
2184,1731199
1864,1731231
1735,1731263
1790,1731295
1192,1731327
1037,1731359
715,1731391
553,1731423
295,1731455
39,1731487
0,1731519
352,1731551
216,1731583
511,1731615
745,1731647
936,1731679
1549,1731711
1783,1731743
1659,1731775
2208,1731807
2268,1731839
2029,1731871
1712,1731903
1519,1731935
1327,1731967
663,1731999
794,1732031
602,1732063
0,1732095
0,1732127
366,1732159
295,1732191
472,1732223
702,1732255
1279,1732287
1199,1732319
1385,1732351
1613,1732383
1940,1732415
1797,1732447
1512,1732479
1774,1732511
1143,1732543
875,1732575
1017,1732607
845,1732639
233,1732671
329,1732703
263,1732735
551,1732767
672,1732799
952,1732831
1179,1732863
974,1732895
1293,1732927
1882,1732959
1694,1732991
2411,1733023
2079,1733055
1478,1733087
1661,1733119
1002,1733151
839,1733183
970,1733215
347,1733247
189,1733279
236,1733311
0,1733343
157,1733375
362,1733407
649,1733439
1212,1733471
1055,1733503
1368,1733535
1575,1733567
1802,1733599
2333,1733631
1739,1733663
1467,1733695
1582,1733727
1389,1733759
812,1733791
892,1733823
664,1733855
469,1733887
157,1733919
359,1733951
585,1733983
415,1734015
1003,1734047
1227,1734079
1154,1734111
1323,1734143
1930,1734175
2158,1734207
1862,1734239
1566,1734271
1707,1734303
1195,1734335
936,1734367
654,1734399
519,1734431
282,1734463
27,1734495
247,1734527
103,1734559
328,1734591
889,1734623
1177,1734655
1004,1734687
1533,1734719
1821,1734751
2119,1734783
1848,1734815
1835,1734847
1951,1734879
1278,1734911
1543,1734943
1212,1734975
622,1735007
855,1735039
154,1735071
0,1735103
265,1735135
78,1735167
397,1735199
908,1735231
776,1735263
988,1735295
1213,1735327
1509,1735359
2138,1735391
1913,1735423
1785,1735455
1530,1735487
1245,1735519
1097,1735551
873,1735583
614,1735615
760,1735647
527,1735679
0,1735711
302,1735743
568,1735775
795,1735807
944,1735839
1215,1735871
1485,1735903
1275,1735935
1868,1735967
2143,1735999
1866,1736031
1630,1736063
1760,1736095
1578,1736127
938,1736159
704,1736191
842,1736223
312,1736255
39,1736287
0,1736319
41,1736351
234,1736383
412,1736415
1115,1736447
952,1736479
1142,1736511
1755,1736543
2055,1736575
1878,1736607
2239,1736639
2013,1736671
1833,1736703
1486,1736735
937,1736767
1083,1736799
428,1736831
295,1736863
394,1736895
0,1736927
491,1736959
618,1736991
502,1737023
1129,1737055
924,1737087
1223,1737119
1449,1737151
1642,1737183
1854,1737215
2140,1737247
1580,1737279
1737,1737311
1056,1737343
892,1737375
668,1737407
399,1737439
237,1737471
0,1737503
0,1737535
509,1737567
409,1737599
600,1737631
1164,1737663
1435,1737695
1309,1737727
1856,1737759
2094,1737791
2377,1737823
2064,1737855
1880,1737887
1631,1737919
1000,1737951
1132,1737983
896,1738015
374,1738047
92,1738079
206,1738111
253,1738143
174,1738175
360,1738207
940,1738239
893,1738271
1083,1738303
1260,1738335
1581,1738367
1817,1738399
1912,1738431
2125,1738463
1483,1738495
1245,1738527
1359,1738559
1193,1738591
571,1738623
634,1738655
90,1738687
265,1738719
0,1738751
560,1738783
840,1738815
638,1738847
1342,1738879
1480,1738911
1339,1738943
2057,1738975
1790,1739007
1870,1739039
1594,1739071
1340,1739103
1211,1739135
1272,1739167
679,1739199
525,1739231
528,1739263
42,1739295
0,1739327
28,1739359
344,1739391
538,1739423
727,1739455
1023,1739487
1259,1739519
1450,1739551
2080,1739583
2317,1739615
1851,1739647
1944,1739679
1740,1739711
1499,1739743
1192,1739775
1003,1739807
813,1739839
155,1739871
270,1739903
236,1739935
80,1739967
303,1739999
879,1740031
1152,1740063
984,1740095
1209,1740127
1806,1740159
1722,1740191
1900,1740223
1680,1740255
1543,1740287
1272,1740319
1431,1740351
1243,1740383
629,1740415
370,1740447
495,1740479
328,1740511
0,1740543
542,1740575
781,1740607
1063,1740639
1193,1740671
1468,1740703
1707,1740735
1498,1740767
1819,1740799
2302,1740831
1658,1740863
1895,1740895
1551,1740927
965,1740959
744,1740991
491,1741023
327,1741055
448,1741087
0,1741119
61,1741151
570,1741183
478,1741215
668,1741247
872,1741279
1162,1741311
1742,1741343
1581,1741375
1898,1741407
1879,1741439
1641,1741471
1801,1741503
1213,1741535
951,1741567
1066,1741599
873,1741631
301,1741663
376,1741695
172,1741727
444,1741759
605,1741791
875,1741823
1099,1741855
935,1741887
1514,1741919
1754,1741951
1672,1741983
1852,1742015
2120,1742047
1882,1742079
1327,1742111
1051,1742143
1180,1742175
682,1742207
422,1742239
617,1742271
7,1742303
0,1742335
122,1742367
776,1742399
617,1742431
840,1742463
1406,1742495
1703,1742527
1531,1742559
2061,1742591
2359,1742623
2187,1742655
1452,1742687
1308,1742719
1431,1742751
766,1742783
1019,1742815
688,1742847
112,1742879
0,1742911
0,1742943
202,1742975
783,1743007
589,1743039
908,1743071
1422,1743103
1290,1743135
1503,1743167
1738,1743199
1930,1743231
2096,1743263
1402,1743295
1269,1743327
1003,1743359
743,1743391
587,1743423
363,1743455
102,1743487
231,1743519
0,1743551
285,1743583
826,1743615
1086,1743647
1320,1743679
1465,1743711
1742,1743743
2029,1743775
1792,1743807
2176,1743839
1982,1743871
1338,1743903
1104,1743935
1239,1743967
1052,1743999
428,1744031
203,1744063
329,1744095
0,1744127
25,1744159
715,1744191
556,1744223
744,1744255
922,1744287
1640,1744319
1467,1744351
1670,1744383
2285,1744415
2245,1744447
1594,1744479
1706,1744511
1483,1744543
1307,1744575
971,1744607
424,1744639
571,1744671
0,1744703
0,1744735
492,1744767
318,1744799
526,1744831
1135,1744863
1003,1744895
1645,1744927
1439,1744959
1739,1744991
2352,1745023
1710,1745055
1456,1745087
1609,1745119
1064,1745151
1209,1745183
543,1745215
379,1745247
156,1745279
0,1745311
16,1745343
203,1745375
426,1745407
1031,1745439
1176,1745471
1102,1745503
1690,1745535
1965,1745567
1835,1745599
2286,1745631
2045,1745663
1853,1745695
1533,1745727
1343,1745759
1104,1745791
492,1745823
617,1745855
380,1745887
0,1745919
0,1745951
538,1745983
767,1746015
696,1746047
872,1746079
1180,1746111
1415,1746143
1606,1746175
1786,1746207
1895,1746239
1655,1746271
1385,1746303
1595,1746335
967,1746367
733,1746399
843,1746431
669,1746463
59,1746495
153,1746527
76,1746559
717,1746591
470,1746623
789,1746655
1355,1746687
1151,1746719
1387,1746751
2012,1746783
1870,1746815
2249,1746847
1512,1746879
1342,1746911
1482,1746943
824,1746975
696,1747007
748,1747039
173,1747071
22,1747103
0,1747135
142,1747167
331,1747199
536,1747231
856,1747263
1052,1747295
1230,1747327
1545,1747359
2044,1747391
1980,1747423
2154,1747455
1919,1747487
1323,1747519
1405,1747551
1212,1747583
983,1747615
680,1747647
480,1747679
288,1747711
0,1747743
492,1747775
758,1747807
588,1747839
812,1747871
1403,1747903
1675,1747935
1498,1747967
1726,1747999
1949,1748031
1677,1748063
1390,1748095
1164,1748127
1020,1748159
760,1748191
490,1748223
731,1748255
120,1748287
0,1748319
375,1748351
663,1748383
503,1748415
1056,1748447
1295,1748479
1579,1748511
1711,1748543
1610,1748575
2237,1748607
1803,1748639
1961,1748671
1773,1748703
1133,1748735
1357,1748767
1024,1748799
454,1748831
623,1748863
0,1748895
0,1748927
442,1748959
270,1748991
571,1749023
1081,1749055
988,1749087
1179,1749119
1388,1749151
1688,1749183
1925,1749215
1760,1749247
1612,1749279
1693,1749311
1128,1749343
1277,1749375
701,1749407
441,1749439
544,1749471
349,1749503
0,1749535
479,1749567
702,1749599
968,1749631
1120,1749663
1390,1749695
1616,1749727
1448,1749759
2046,1749791
2281,1749823
2096,1749855
1452,1749887
1584,1749919
1079,1749951
816,1749983
542,1750015
668,1750047
179,1750079
0,1750111
0,1750143
220,1750175
442,1750207
634,1750239
1290,1750271
1127,1750303
1355,1750335
1933,1750367
2233,1750399
1948,1750431
2015,1750463
1450,1750495
1657,1750527
938,1750559
1088,1750591
907,1750623
254,1750655
492,1750687
168,1750719
0,1750751
665,1750783
414,1750815
712,1750847
1296,1750879
1100,1750911
1431,1750943
1952,1750975
1818,1751007
1807,1751039
1675,1751071
1403,1751103
1133,1751135
879,1751167
759,1751199
828,1751231
232,1751263
0,1751295
0,1751327
92,1751359
688,1751391
921,1751423
796,1751455
1338,1751487
1612,1751519
1846,1751551
1993,1751583
2272,1751615
2205,1751647
1513,1751679
1647,1751711
1454,1751743
1264,1751775
605,1751807
720,1751839
203,1751871
0,1751903
0,1751935
427,1751967
359,1751999
537,1752031
762,1752063
1068,1752095
1258,1752127
1436,1752159
2173,1752191
1993,1752223
1735,1752255
1887,1752287
1709,1752319
1080,1752351
1182,1752383
969,1752415
793,1752447
457,1752479
272,1752511
328,1752543
128,1752575
443,1752607
1006,1752639
840,1752671
1528,1752703
1659,1752735
1527,1752767
2183,1752799
1864,1752831
1691,1752863
1836,1752895
1192,1752927
941,1752959
777,1752991
552,1753023
696,1753055
31,1753087
0,1753119
360,1753151
218,1753183
520,1753215
715,1753247
938,1753279
1561,1753311
1437,1753343
1628,1753375
2219,1753407
2265,1753439
1673,1753471
1756,1753503
1530,1753535
1323,1753567
1018,1753599
829,1753631
592,1753663
406,1753695
139,1753727
368,1753759
298,1753791
475,1753823
1054,1753855
1289,1753887
1200,1753919
1376,1753951
1992,1753983
1943,1754015
1790,1754047
1512,1754079
1367,1754111
1141,1754143
874,1754175
1070,1754207
455,1754239
524,1754271
328,1754303
317,1754335
167,1754367
672,1754399
955,1754431
1241,1754463
985,1754495
1302,1754527
1885,1754559
1676,1754591
2411,1754623
2078,1754655
1468,1754687
1709,1754719
992,1754751
835,1754783
968,1754815
315,1754847
186,1754879
0,1754911
0,1754943
237,1754975
375,1755007
653,1755039
1260,1755071
1040,1755103
1371,1755135
1574,1755167
1758,1755199
1965,1755231
1737,1755263
1464,1755295
1629,1755327
1385,1755359
811,1755391
890,1755423
700,1755455
459,1755487
154,1755519
362,1755551
633,1755583
426,1755615
1004,1755647
1274,1755679
1102,1755711
1326,1755743
1930,1755775
2207,1755807
1800,1755839
1566,1755871
1706,1755903
1159,1755935
878,1755967
652,1755999
508,1756031
247,1756063
0,1756095
251,1756127
103,1756159
668,1756191
891,1756223
1179,1756255
1014,1756287
1582,1756319
1822,1756351
2120,1756383
2249,1756415
1800,1756447
1951,1756479
1278,1756511
1141,1756543
1246,1756575
620,1756607
844,1756639
506,1756671
0,1756703
267,1756735
79,1756767
375,1756799
602,1756831
781,1756863
1085,1756895
1600,1756927
1512,1756959
2139,1756991
1916,1757023
1753,1757055
1527,1757087
1244,1757119
1095,1757151
839,1757183
613,1757215
751,1757247
189,1757279
0,1757311
310,1757343
571,1757375
459,1757407
1000,1757439
868,1757471
1495,1757503
1644,1757535
1920,1757567
2155,1757599
1864,1757631
1996,1757663
1758,1757695
1568,1757727
936,1757759
1067,1757791
832,1757823
312,1757855
29,1757887
141,1757919
55,1757951
235,1757983
422,1758015
731,1758047
953,1758079
1531,1758111
1819,1758143
1647,1758175
1882,1758207
2239,1758239
2063,1758271
1419,1758303
1487,1758335
934,1758367
1131,1758399
426,1758431
576,1758463
382,1758495
0,1758527
491,1758559
620,1758591
503,1758623
1181,1758655
927,1758687
1223,1758719
1405,1758751
1625,1758783
1950,1758815
2140,1758847
1530,1758879
1375,1758911
1055,1758943
889,1758975
633,1759007
376,1759039
237,1759071
0,1759103
0,1759135
174,1759167
411,1759199
602,1759231
1209,1759263
1433,1759295
1310,1759327
1868,1759359
1674,1759391
2376,1759423
2062,1759455
1867,1759487
1688,1759519
1000,1759551
1132,1759583
941,1759615
752,1759647
91,1759679
204,1759711
298,1759743
142,1759775
364,1759807
943,1759839
871,1759871
1039,1759903
1272,1759935
1592,1759967
1784,1759999
2302,1760031
2123,1760063
1478,1760095
1209,1760127
1356,1760159
1180,1760191
568,1760223
668,1760255
445,1760287
251,1760319
331,1760351
616,1760383
843,1760415
651,1760447
955,1760479
1532,1760511
1352,1760543
2059,1760575
2188,1760607
1817,1760639
1593,1760671
1337,1760703
1176,1760735
1308,1760767
682,1760799
523,1760831
572,1760863
39,1760895
217,1760927
33,1760959
316,1760991
550,1761023
732,1761055
1036,1761087
1229,1761119
1453,1761151
2094,1761183
1963,1761215
1815,1761247
1936,1761279
1277,1761311
1148,1761343
1229,1761375
1000,1761407
808,1761439
492,1761471
312,1761503
239,1761535
509,1761567
668,1761599
890,1761631
814,1761663
988,1761695
1578,1761727
1808,1761759
1725,1761791
1904,1761823
2056,1761855
1542,1761887
1262,1761919
1471,1761951
855,1761983
629,1762015
360,1762047
556,1762079
0,1762111
0,1762143
556,1762175
845,1762207
670,1762239
1194,1762271
1470,1762303
1769,1762335
1500,1762367
1830,1762399
2303,1762431
1626,1762463
1886,1762495
1550,1762527
955,1762559
704,1762591
480,1762623
316,1762655
448,1762687
0,1762719
61,1762751
572,1762783
451,1762815
745,1762847
877,1762879
1164,1762911
1353,1762943
1566,1762975
1896,1763007
1869,1763039
1593,1763071
1435,1763103
1211,1763135
940,1763167
1098,1763199
428,1763231
296,1763263
377,1763295
263,1763327
454,1763359
616,1763391
878,1763423
1147,1763455
938,1763487
1528,1763519
1804,1763551
1626,1763583
1850,1763615
2112,1763647
1918,1763679
1276,1763711
1050,1763743
1179,1763775
647,1763807
375,1763839
616,1763871
2,1763903
0,1763935
77,1763967
779,1763999
616,1764031
808,1764063
1406,1764095
1704,1764127
1531,1764159
2109,1764191
2361,1764223
2184,1764255
1836,1764287
1272,1764319
1423,1764351
765,1764383
620,1764415
733,1764447
110,1764479
0,1764511
281,1764543
168,1764575
783,1764607
590,1764639
876,1764671
1472,1764703
1291,1764735
1607,1764767
2128,1764799
1930,1764831
2090,1764863
1402,1764895
1228,1764927
1003,1764959
734,1764991
574,1765023
327,1765055
101,1765087
229,1765119
318,1765151
266,1765183
828,1765215
1095,1765247
971,1765279
1516,1765311
1742,1765343
2024,1765375
2176,1765407
2220,1765439
1981,1765471
1336,1765503
1468,1765535
1240,1765567
1050,1765599
429,1765631
555,1765663
320,1765695
0,1765727
27,1765759
332,1765791
567,1765823
750,1765855
924,1765887
1243,1765919
1467,1765951
1672,1765983
2351,1766015
1831,1766047
1594,1766079
1707,1766111
1531,1766143
903,1766175
969,1766207
426,1766239
617,1766271
0,1766303
0,1766335
493,1766367
304,1766399
537,1766431
1135,1766463
1005,1766495
1707,1766527
1449,1766559
1741,1766591
2362,1766623
1680,1766655
1547,1766687
1610,1766719
1016,1766751
863,1766783
542,1766815
375,1766847
118,1766879
0,1766911
16,1766943
206,1766975
394,1767007
696,1767039
1178,1767071
1114,1767103
1738,1767135
1965,1767167
1847,1767199
2286,1767231
2090,1767263
1851,1767295
1531,1767327
1342,1767359
1149,1767391
488,1767423
617,1767455
426,1767487
220,1767519
0,1767551
544,1767583
816,1767615
650,1767647
874,1767679
1190,1767711
1384,1767743
1562,1767775
1791,1767807
1891,1767839
1621,1767871
1324,1767903
1593,1767935
964,1767967
698,1767999
839,1768031
668,1768063
55,1768095
190,1768127
441,1768159
718,1768191
848,1768223
760,1768255
1359,1768287
1152,1768319
1776,1768351
2063,1768383
1882,1768415
2247,1768447
1898,1768479
1303,1768511
1481,1768543
825,1768575
663,1768607
792,1768639
166,1768671
18,1768703
221,1768735
151,1768767
745,1768799
538,1768831
826,1768863
1063,1768895
1240,1768927
1546,1768959
2104,1768991
1980,1769023
2153,1769055
1559,1769087
1289,1769119
1403,1769151
1209,1769183
635,1769215
716,1769247
478,1769279
283,1769311
268,1769343
542,1769375
763,1769407
1024,1769439
1177,1769471
1406,1769503
1322,1769535
1500,1769567
2106,1769599
1946,1769631
1674,1769663
1389,1769695
1531,1769727
1016,1769759
750,1769791
476,1769823
343,1769855
107,1769887
0,1769919
441,1769951
283,1769983
504,1770015
1067,1770047
1353,1770079
1189,1770111
1719,1770143
1614,1770175
2301,1770207
1792,1770239
1964,1770271
1773,1770303
1101,1770335
1356,1770367
1024,1770399
447,1770431
669,1770463
0,1770495
0,1770527
446,1770559
250,1770591
573,1770623
1084,1770655
956,1770687
1257,1770719
1392,1770751
1689,1770783
1882,1770815
1754,1770847
1610,1770879
1692,1770911
1068,1770943
923,1770975
696,1771007
444,1771039
576,1771071
347,1771103
0,1771135
490,1771167
748,1771199
971,1771231
1128,1771263
1401,1771295
1673,1771327
1448,1771359
2048,1771391
2330,1771423
1680,1771455
1450,1771487
1580,1771519
1039,1771551
764,1771583
540,1771615
665,1771647
135,1771679
0,1771711
0,1771743
222,1771775
410,1771807
588,1771839
1293,1771871
1128,1771903
1320,1771935
1947,1771967
2236,1771999
1944,1772031
2062,1772063
1833,1772095
1654,1772127
1308,1772159
1134,1772191
905,1772223
255,1772255
117,1772287
213,1772319
3,1772351
668,1772383
797,1772415
675,1772447
1309,1772479
1103,1772511
1399,1772543
2008,1772575
1830,1772607
1898,1772639
1962,1772671
1398,1772703
1132,1772735
878,1772767
713,1772799
828,1772831
221,1772863
72,1772895
0,1772927
91,1772959
685,1772991
585,1773023
775,1773055
1344,1773087
1613,1773119
1496,1773151
2043,1773183
2282,1773215
2201,1773247
1886,1773279
1690,1773311
1453,1773343
825,1773375
955,1773407
718,1773439
196,1773471
0,1773503
202,1773535
430,1773567
358,1773599
528,1773631
1115,1773663
1075,1773695
1260,1773727
1444,1773759
1771,1773791
1996,1773823
1733,1773855
1945,1773887
1303,1773919
1077,1773951
1179,1773983
1015,1774015
392,1774047
448,1774079
271,1774111
379,1774143
141,1774175
455,1774207
1017,1774239
815,1774271
1531,1774303
1660,1774335
1528,1774367
2237,1774399
1854,1774431
1690,1774463
1835,1774495
1163,1774527
1031,1774559
1086,1774591
504,1774623
264,1774655
29,1774687
0,1774719
398,1774751
205,1774783
521,1774815
719,1774847
906,1774879
1199,1774911
1435,1774943
1639,1774975
2266,1775007
2267,1775039
1671,1775071
1754,1775103
1560,1775135
1321,1775167
1008,1775199
825,1775231
623,1775263
0,1775295
151,1775327
142,1775359
262,1775391
480,1775423
1066,1775455
1335,1775487
1161,1775519
1385,1775551
1993,1775583
1911,1775615
1736,1775647
1500,1775679
1355,1775711
1094,1775743
814,1775775
1067,1775807
445,1775839
184,1775871
318,1775903
316,1775935
158,1775967
718,1775999
965,1776031
1241,1776063
1371,1776095
1270,1776127
1887,1776159
1680,1776191
2008,1776223
2126,1776255
1468,1776287
1709,1776319
1370,1776351
791,1776383
959,1776415
304,1776447
152,1776479
0,1776511
0,1776543
141,1776575
747,1776607
661,1776639
1263,1776671
1054,1776703
1338,1776735
1577,1776767
1768,1776799
1959,1776831
1692,1776863
1464,1776895
1613,1776927
1037,1776959
775,1776991
888,1777023
697,1777055
123,1777087
189,1777119
364,1777151
631,1777183
783,1777215
1052,1777247
1279,1777279
1102,1777311
1707,1777343
1932,1777375
1852,1777407
1792,1777439
1931,1777471
1695,1777503
1150,1777535
875,1777567
1002,1777599
503,1777631
247,1777663
0,1777695
0,1777727
107,1777759
301,1777791
956,1777823
783,1777855
1017,1777887
1583,1777919
1895,1777951
1708,1777983
2250,1778015
1789,1778047
1999,1778079
1277,1778111
1438,1778143
1245,1778175
590,1778207
843,1778239
507,1778271
0,1778303
317,1778335
90,1778367
375,1778399
558,1778431
762,1778463
1085,1778495
1612,1778527
1468,1778559
1785,1778591
1918,1778623
1742,1778655
1469,1778687
1224,1778719
1095,1778751
836,1778783
560,1778815
410,1778847
183,1778879
0,1778911
346,1778943
575,1778975
461,1779007
1000,1779039
1272,1779071
1496,1779103
1646,1779135
1930,1779167
2203,1779199
1854,1779231
1994,1779263
1804,1779295
1162,1779327
927,1779359
1052,1779391
875,1779423
254,1779455
26,1779487
136,1779519
21,1779551
201,1779583
425,1779615
733,1779647
922,1779679
1543,1779711
1819,1779743
1653,1779775
1848,1779807
2235,1779839
2062,1779871
1416,1779903
1528,1779935
1303,1779967
1127,1779999
797,1780031
608,1780063
383,1780095
0,1780127
117,1780159
671,1780191
506,1780223
1182,1780255
1312,1780287
1180,1780319
1407,1780351
1627,1780383
1927,1780415
2187,1780447
1529,1780479
1371,1780511
1433,1780543
886,1780575
619,1780607
368,1780639
202,1780671
302,1780703
0,1780735
184,1780767
382,1780799
606,1780831
1211,1780863
1097,1780895
1289,1780927
1870,1780959
2151,1780991
2023,1781023
2106,1781055
1868,1781087
1671,1781119
1356,1781151
1163,1781183
928,1781215
313,1781247
441,1781279
192,1781311
0,1781343
143,1781375
717,1781407
957,1781439
872,1781471
1040,1781503
1358,1781535
1594,1781567
1788,1781599
2359,1781631
1709,1781663
1470,1781695
1208,1781727
1407,1781759
791,1781791
566,1781823
665,1781855
493,1781887
0,1781919
344,1781951
617,1781983
895,1782015
650,1782047
967,1782079
1535,1782111
1336,1782143
2061,1782175
2190,1782207
1821,1782239
1565,1782271
1336,1782303
1166,1782335
1306,1782367
652,1782399
523,1782431
572,1782463
3,1782495
0,1782527
31,1782559
326,1782591
922,1782623
713,1782655
1034,1782687
1229,1782719
1416,1782751
1737,1782783
1964,1782815
1804,1782847
1976,1782879
1275,1782911
1145,1782943
1228,1782975
1036,1783007
797,1783039
495,1783071
311,1783103
283,1783135
92,1783167
668,1783199
928,1783231
775,1783263
988,1783295
1580,1783327
1865,1783359
1686,1783391
1914,1783423
2045,1783455
1497,1783487
1212,1783519
1470,1783551
843,1783583
583,1783615
304,1783647
543,1783679
0,1783711
0,1783743
554,1783775
843,1783807
678,1783839
1240,1783871
1481,1783903
1771,1783935
1898,1783967
1799,1783999
2299,1784031
1624,1784063
1479,1784095
1594,1784127
956,1784159
704,1784191
858,1784223
277,1784255
445,1784287
0,1784319
40,1784351
622,1784383
453,1784415
656,1784447
1258,1784479
1164,1784511
1791,1784543
1576,1784575
1867,1784607
1870,1784639
1584,1784671
1434,1784703
1175,1784735
942,1784767
1097,1784799
779,1784831
264,1784863
366,1784895
229,1784927
125,1784959
656,1784991
886,1785023
1147,1785055
1306,1785087
1576,1785119
1805,1785151
1627,1785183
2235,1785215
2109,1785247
1560,1785279
1274,1785311
1403,1785343
1176,1785375
648,1785407
365,1785439
219,1785471
4,1785503
0,1785535
86,1785567
395,1785599
626,1785631
811,1785663
1469,1785695
1305,1785727
1530,1785759
2121,1785791
2413,1785823
1768,1785855
1836,1785887
1264,1785919
1469,1785951
763,1785983
628,1786015
729,1786047
78,1786079
0,1786111
286,1786143
171,1786175
845,1786207
600,1786239
888,1786271
1480,1786303
1278,1786335
1610,1786367
2138,1786399
1880,1786431
1723,1786463
1392,1786495
1224,1786527
957,1786559
712,1786591
573,1786623
327,1786655
54,1786687
0,1786719
319,1786751
270,1786783
872,1786815
1099,1786847
979,1786879
1520,1786911
1792,1786943
2027,1786975
2176,1787007
2221,1787039
2025,1787071
1336,1787103
1468,1787135
1274,1787167
652,1787199
424,1787231
543,1787263
349,1787295
0,1787327
30,1787359
720,1787391
535,1787423
712,1787455
936,1787487
1242,1787519
1435,1787551
1624,1787583
2361,1787615
1828,1787647
1557,1787679
1707,1787711
1531,1787743
903,1787775
1006,1787807
793,1787839
604,1787871
281,1787903
0,1787935
507,1787967
312,1787999
912,1788031
1195,1788063
1016,1788095
1707,1788127
1839,1788159
1705,1788191
2363,1788223
1680,1788255
1511,1788287
1656,1788319
1008,1788351
860,1788383
912,1788415
378,1788447
108,1788479
0,1788511
0,1788543
215,1788575
396,1788607
696,1788639
1227,1788671
1114,1788703
1738,1788735
1613,1788767
1815,1788799
2284,1788831
2091,1788863
1495,1788895
1577,1788927
1338,1788959
1147,1788991
841,1789023
650,1789055
411,1789087
0,1789119
330,1789151
553,1789183
826,1789215
652,1789247
1232,1789279
1192,1789311
1384,1789343
1564,1789375
2172,1789407
1881,1789439
1612,1789471
1323,1789503
1191,1789535
953,1789567
696,1789599
892,1789631
283,1789663
55,1789695
201,1789727
495,1789759
343,1789791
858,1789823
764,1789855
1419,1789887
1163,1789919
1786,1789951
2073,1789983
1854,1790015
2236,1790047
1896,1790079
1293,1790111
1529,1790143
816,1790175
651,1790207
792,1790239
142,1790271
16,1790303
234,1790335
110,1790367
318,1790399
636,1790431
829,1790463
1018,1790495
1227,1790527
1559,1790559
2104,1790591
1935,1790623
1785,1790655
1550,1790687
1285,1790719
1440,1790751
1209,1790783
634,1790815
712,1790847
512,1790879
279,1790911
270,1790943
536,1790975
800,1791007
601,1791039
1183,1791071
1454,1791103
1737,1791135
1503,1791167
2111,1791199
1903,1791231
1614,1791263
1385,1791295
1517,1791327
983,1791359
699,1791391
478,1791423
340,1791455
75,1791487
0,1791519
438,1791551
280,1791583
472,1791615
1069,1791647
1355,1791679
1190,1791711
1768,1791743
2011,1791775
2299,1791807
2188,1791839
2000,1791871
1769,1791903
1100,1791935
956,1791967
1070,1791999
444,1792031
663,1792063
335,1792095
0,1792127
445,1792159
255,1792191
551,1792223
1133,1792255
958,1792287
1168,1792319
1464,1792351
1702,1792383
2319,1792415
1743,1792447
1565,1792479
1688,1792511
1068,1792543
920,1792575
655,1792607
428,1792639
567,1792671
18,1792703
0,1792735
480,1792767
751,1792799
647,1792831
1176,1792863
1404,1792895
1675,1792927
1832,1792959
2106,1792991
2331,1793023
2138,1793055
1819,1793087
1578,1793119
1038,1793151
760,1793183
890,1793215
654,1793247
132,1793279
0,1793311
266,1793343
231,1793375
420,1793407
590,1793439
907,1793471
1132,1793503
1324,1793535
2008,1793567
1832,1793599
2252,1793631
2048,1793663
1895,1793695
1243,1793727
1309,1793759
1129,1793791
957,1793823
251,1793855
107,1793887
204,1793919
0,1793951
679,1793983
800,1794015
680,1794047
1358,1794079
1112,1794111
1400,1794143
2011,1794175
1804,1794207
1897,1794239
1627,1794271
1354,1794303
1199,1794335
876,1794367
713,1794399
860,1794431
204,1794463
71,1794495
0,1794527
59,1794559
359,1794591
583,1794623
778,1794655
1389,1794687
1623,1794719
1497,1794751
2048,1794783
2330,1794815
2200,1794847
1882,1794879
1689,1794911
1497,1794943
816,1794975
954,1795007
762,1795039
140,1795071
0,1795103
206,1795135
476,1795167
316,1795199
540,1795231
1119,1795263
1040,1795295
1214,1795327
1447,1795359
1772,1795391
1960,1795423
1673,1795455
1935,1795487
1300,1795519
1418,1795551
1168,1795583
1005,1795615
391,1795647
489,1795679
267,1795711
379,1795743
507,1795775
425,1795807
1019,1795839
824,1795871
1132,1795903
1720,1795935
1530,1795967
2247,1795999
2251,1796031
1642,1796063
1823,1796095
1163,1796127
990,1796159
771,1796191
504,1796223
349,1796255
398,1796287
0,1796319
397,1796351
206,1796383
491,1796415
729,1796447
907,1796479
1208,1796511
1403,1796543
1640,1796575
2270,1796607
1901,1796639
1627,1796671
1754,1796703
1551,1796735
971,1796767
1052,1796799
462,1796831
621,1796863
320,1796895
188,1796927
416,1796959
268,1796991
844,1797023
1068,1797055
1340,1797087
1165,1797119
1759,1797151
1995,1797183
1914,1797215
1728,1797247
1869,1797279
1354,1797311
1086,1797343
810,1797375
677,1797407
442,1797439
556,1797471
377,1797503
0,1797535
170,1797567
729,1797599
1017,1797631
845,1797663
1374,1797695
1274,1797727
1949,1797759
1693,1797791
2304,1797823
2123,1797855
1450,1797887
1704,1797919
1370,1797951
778,1797983
1017,1798015
312,1798047
141,1798079
0,1798111
0,1798143
247,1798175
748,1798207
621,1798239
923,1798271
1056,1798303
1349,1798335
1533,1798367
1744,1798399
1960,1798431
1688,1798463
1414,1798495
1259,1798527
1031,1798559
775,1798591
922,1798623
687,1798655
123,1798687
186,1798719
0,1798751
631,1798783
790,1798815
1054,1798847
1325,1798879
1114,1798911
1706,1798943
1982,1798975
2268,1799007
1790,1799039
1929,1799071
1740,1799103
1097,1799135
872,1799167
1001,1799199
471,1799231
201,1799263
0,1799295
0,1799327
76,1799359
680,1799391
551,1799423
792,1799455
983,1799487
1593,1799519
1884,1799551
1709,1799583
2298,1799615
2183,1799647
1996,1799679
1657,1799711
1472,1799743
1243,1799775
588,1799807
453,1799839
552,1799871
0,1799903
327,1799935
459,1799967
343,1799999
560,1800031
766,1800063
1064,1800095
1660,1800127
1479,1800159
1787,1800191
2303,1800223
1749,1800255
1901,1800287
1216,1800319
1051,1800351
836,1800383
558,1800415
407,1800447
151,1800479
0,1800511
349,1800543
239,1800575
441,1800607
1004,1800639
827,1800671
1159,1800703
1695,1800735
1932,1800767
2205,1800799
2232,1800831
2032,1800863
1801,1800895
1607,1800927
1292,1800959
1055,1800991
526,1801023
252,1801055
366,1801087
136,1801119
25,1801151
202,1801183
779,1801215
733,1801247
924,1801279
1597,1801311
1421,1801343
1655,1801375
1848,1801407
2295,1801439
1643,1801471
1403,1801503
1519,1801535
1353,1801567
730,1801599
783,1801631
615,1801663
429,1801695
0,1801727
120,1801759
683,1801791
486,1801823
1184,1801855
1312,1801887
1190,1801919
1399,1801951
1629,1801983
1929,1802015
2176,1802047
1500,1802079
1367,1802111
1424,1802143
840,1802175
685,1802207
365,1802239
204,1802271
0,1802303
0,1802335
183,1802367
386,1802399
568,1802431
864,1802463
1097,1802495
1290,1802527
1918,1802559
1688,1802591
2010,1802623
2104,1802655
1904,1802687
1663,1802719
1355,1802751
1164,1802783
973,1802815
314,1802847
431,1802879
236,1802911
0,1802943
154,1802975
718,1803007
989,1803039
816,1803071
1051,1803103
1644,1803135
1563,1803167
1740,1803199
2347,1803231
1706,1803263
1430,1803295
1156,1803327
1403,1803359
791,1803391
524,1803423
667,1803455
487,1803487
0,1803519
383,1803551
621,1803583
894,1803615
1023,1803647
936,1803679
1535,1803711
1344,1803743
1656,1803775
2249,1803807
1817,1803839
1560,1803871
1712,1803903
1119,1803935
1295,1803967
640,1803999
478,1804031
608,1804063
2,1804095
0,1804127
400,1804159
328,1804191
925,1804223
715,1804255
1003,1804287
1238,1804319
1419,1804351
1736,1804383
1931,1804415
1802,1804447
1965,1804479
1632,1804511
1111,1804543
1216,1804575
1033,1804607
459,1804639
542,1804671
300,1804703
293,1804735
445,1804767
715,1804799
939,1804831
776,1804863
1356,1804895
1584,1804927
1866,1804959
1688,1804991
2283,1805023
2045,1805055
1496,1805087
1209,1805119
1067,1805151
840,1805183
574,1805215
302,1805247
157,1805279
0,1805311
0,1805343
608,1805375
455,1805407
682,1805439
1245,1805471
1533,1805503
1367,1805535
1898,1805567
1800,1805599
2351,1805631
1616,1805663
1468,1805695
1593,1805727
924,1805759
700,1805791
846,1805823
271,1805855
489,1805887
0,1805919
40,1805951
622,1805983
428,1806015
759,1806047
1262,1806079
1133,1806111
1437,1806143
1578,1806175
1867,1806207
1819,1806239
1563,1806271
1432,1806303
1174,1806335
894,1806367
745,1806399
777,1806431
264,1806463
396,1806495
221,1806527
125,1806559
665,1806591
922,1806623
1159,1806655
1305,1806687
1579,1806719
1855,1806751
1628,1806783
2238,1806815
2153,1806847
1961,1806879
1270,1806911
1392,1806943
1214,1806975
588,1807007
362,1807039
220,1807071
0,1807103
0,1807135
92,1807167
406,1807199
588,1807231
774,1807263
1469,1807295
1305,1807327
1498,1807359
2121,1807391
2409,1807423
1766,1807455
1871,1807487
1645,1807519
1464,1807551
1131,1807583
583,1807615
720,1807647
77,1807679
218,1807711
330,1807743
170,1807775
845,1807807
974,1807839
854,1807871
1483,1807903
1289,1807935
1579,1807967
2191,1807999
1872,1808031
1719,1808063
1786,1808095
1223,1808127
1372,1808159
702,1808191
539,1808223
324,1808255
48,1808287
0,1808319
365,1808351
270,1808383
873,1808415
761,1808447
952,1808479
1529,1808511
1801,1808543
1673,1808575
2233,1808607
2216,1808639
2014,1808671
1695,1808703
1512,1808735
1273,1808767
1083,1808799
780,1808831
540,1808863
23,1808895
0,1808927
378,1808959
344,1808991
536,1809023
714,1809055
1294,1809087
1246,1809119
1445,1809151
1624,1809183
1947,1809215
1818,1809247
1546,1809279
1759,1809311
1127,1809343
902,1809375
1003,1809407
831,1809439
219,1809471
271,1809503
0,1809535
557,1809567
315,1809599
912,1809631
1197,1809663
999,1809695
1719,1809727
1850,1809759
1707,1809791
2413,1809823
1677,1809855
1509,1809887
1648,1809919
986,1809951
856,1809983
910,1810015
328,1810047
173,1810079
0,1810111
0,1810143
171,1810175
376,1810207
697,1810239
1228,1810271
1080,1810303
1385,1810335
1623,1810367
1815,1810399
2328,1810431
2079,1810463
1482,1810495
1566,1810527
1374,1810559
1145,1810591
832,1810623
655,1810655
459,1810687
0,1810719
330,1810751
599,1810783
438,1810815
656,1810847
1241,1810879
1163,1810911
1338,1810943
1567,1810975
2172,1811007
1847,1811039
1559,1811071
1322,1811103
1179,1811135
917,1811167
646,1811199
891,1811231
279,1811263
17,1811295
205,1811327
505,1811359
344,1811391
896,1811423
1162,1811455
1419,1811487
1548,1811519
1838,1811551
2075,1811583
1868,1811615
1820,1811647
1934,1811679
1292,1811711
1528,1811743
1194,1811775
612,1811807
781,1811839
126,1811871
0,1811903
272,1811935
126,1811967
412,1811999
923,1812031
837,1812063
1023,1812095
1230,1812127
1525,1812159
2108,1812191
1934,1812223
1783,1812255
1514,1812287
1284,1812319
1433,1812351
873,1812383
600,1812415
713,1812447
511,1812479
0,1812511
316,1812543
552,1812575
809,1812607
960,1812639
1229,1812671
1456,1812703
1280,1812735
1884,1812767
2122,1812799
1902,1812831
1616,1812863
1754,1812895
1515,1812927
973,1812959
698,1812991
825,1813023
330,1813055
72,1813087
0,1813119
59,1813151
284,1813183
474,1813215
1129,1813247
965,1813279
1194,1813311
1771,1813343
2064,1813375
1895,1813407
2187,1813439
1997,1813471
1821,1813503
1103,1813535
954,1813567
1069,1813599
414,1813631
663,1813663
334,1813695
0,1813727
495,1813759
256,1813791
555,1813823
1146,1813855
940,1813887
1271,1813919
1788,1813951
1655,1813983
1871,1814015
1742,1814047
1564,1814079
1724,1814111
1040,1814143
909,1814175
652,1814207
380,1814239
235,1814271
16,1814303
0,1814335
526,1814367
761,1814399
645,1814431
1178,1814463
1440,1814495
1675,1814527
1833,1814559
2110,1814591
2368,1814623
1672,1814655
1807,1814687
1614,1814719
984,1814751
761,1814783
878,1814815
698,1814847
78,1814879
0,1814911
268,1814943
200,1814975
376,1815007
602,1815039
907,1815071
1099,1815103
1285,1815135
2008,1815167
1834,1815199
1897,1815231
2047,1815263
1883,1815295
1230,1815327
1341,1815359
1117,1815391
951,1815423
617,1815455
72,1815487
199,1815519
0,1815551
282,1815583
848,1815615
681,1815647
1367,1815679
1497,1815711
1365,1815743
2011,1815775
1806,1815807
1853,1815839
1624,1815871
1353,1815903
1102,1815935
1247,1815967
713,1815999
855,1816031
192,1816063
27,1816095
0,1816127
60,1816159
359,1816191
557,1816223
780,1816255
1389,1816287
1273,1816319
1466,1816351
2048,1816383
2330,1816415
1835,1816447
1919,1816479
1686,1816511
1485,1816543
1176,1816575
987,1816607
751,1816639
136,1816671
254,1816703
208,1816735
142,1816767
316,1816799
894,1816831
1131,1816863
1040,1816895
1224,1816927
1822,1816959
1781,1816991
1960,1817023
1670,1817055
1527,1817087
1292,1817119
1030,1817151
1228,1817183
615,1817215
380,1817247
479,1817279
309,1817311
7,1817343
512,1817375
428,1817407
1081,1817439
827,1817471
1436,1817503
1721,1817535
1514,1817567
2249,1817599
2239,1817631
1641,1817663
1881,1817695
1152,1817727
987,1817759
726,1817791
473,1817823
344,1817855
384,1817887
0,1817919
77,1817951
205,1817983
489,1818015
683,1818047
880,1818079
1209,1818111
1412,1818143
1592,1818175
1913,1818207
1897,1818239
1626,1818271
1786,1818303
1558,1818335
968,1818367
1052,1818399
856,1818431
621,1818463
316,1818495
199,1818527
461,1818559
268,1818591
847,1818623
1112,1818655
942,1818687
1165,1818719
1767,1818751
2043,1818783
1868,1818815
1725,1818847
1866,1818879
1316,1818911
1034,1818943
811,1818975
667,1819007
408,1819039
557,1819071
365,1819103
0,1819135
136,1819167
730,1819199
1019,1819231
856,1819263
1418,1819295
1661,1819327
1948,1819359
2077,1819391
2352,1819423
2121,1819455
1437,1819487
1300,1819519
1407,1819551
778,1819583
1003,1819615
671,1819647
102,1819679
0,1819711
0,1819743
212,1819775
797,1819807
630,1819839
926,1819871
1437,1819903
1352,1819935
1534,1819967
1753,1819999
1916,1820031
2030,1820063
1406,1820095
1256,1820127
988,1820159
772,1820191
910,1820223
349,1820255
77,1820287
183,1820319
411,1820351
311,1820383
832,1820415
1056,1820447
1327,1820479
1482,1820511
1756,1820543
1993,1820575
1808,1820607
2168,1820639
1920,1820671
1373,1820703
1099,1820735
1225,1820767
989,1820799
464,1820831
192,1820863
311,1820895
0,1820927
80,1820959
733,1820991
573,1821023
796,1821055
984,1821087
1659,1821119
1483,1821151
1718,1821183
2301,1821215
2233,1821247
1580,1821279
1648,1821311
1469,1821343
1289,1821375
586,1821407
443,1821439
544,1821471
0,1821503
331,1821535
460,1821567
345,1821599
550,1821631
776,1821663
1066,1821695
1661,1821727
1452,1821759
1789,1821791
2302,1821823
1700,1821855
1449,1821887
1213,1821919
1048,1821951
1198,1821983
537,1822015
407,1822047
141,1822079
0,1822111
24,1822143
263,1822175
442,1822207
1040,1822239
826,1822271
1159,1822303
1706,1822335
1977,1822367
2207,1822399
2224,1822431
2039,1822463
1835,1822495
1152,1822527
1289,1822559
1100,1822591
476,1822623
250,1822655
366,1822687
170,1822719
0,1822751
205,1822783
782,1822815
712,1822847
878,1822879
1597,1822911
1430,1822943
1622,1822975
1800,1823007
2285,1823039
1642,1823071
1369,1823103
1515,1823135
1343,1823167
727,1823199
826,1823231
603,1823263
427,1823295
168,1823327
90,1823359
683,1823391
480,1823423
796,1823455
1447,1823487
1195,1823519
1403,1823551
2024,1823583
1881,1823615
2173,1823647
1496,1823679
1339,1823711
1470,1823743
840,1823775
588,1823807
734,1823839
198,1823871
331,1823903
0,1823935
155,1823967
392,1823999
570,1824031
871,1824063
1069,1824095
1303,1824127
1918,1824159
2064,1824191
1976,1824223
2104,1824255
1903,1824287
1309,1824319
1390,1824351
1162,1824383
967,1824415
655,1824447
475,1824479
237,1824511
0,1824543
495,1824575
729,1824607
650,1824639
829,1824671
1416,1824703
1648,1824735
1563,1824767
1742,1824799
1933,1824831
1703,1824863
1422,1824895
1150,1824927
1003,1824959
780,1824991
518,1825023
719,1825055
105,1825087
0,1825119
383,1825151
679,1825183
509,1825215
1036,1825247
940,1825279
1597,1825311
1340,1825343
1669,1825375
2253,1825407
1788,1825439
1562,1825471
1718,1825503
1117,1825535
1341,1825567
639,1825599
477,1825631
606,1825663
0,1825695
0,1825727
410,1825759
292,1825791
591,1825823
718,1825855
1003,1825887
1193,1825919
1404,1825951
1736,1825983
1932,1826015
1754,1826047
1597,1826079
1631,1826111
1102,1826143
1264,1826175
1033,1826207
459,1826239
538,1826271
334,1826303
295,1826335
448,1826367
717,1826399
987,1826431
778,1826463
1357,1826495
1632,1826527
1454,1826559
1692,1826591
2272,1826623
2089,1826655
1434,1826687
1208,1826719
1066,1826751
807,1826783
525,1826815
304,1826847
155,1826879
0,1826911
0,1826943
621,1826975
459,1827007
650,1827039
1244,1827071
1533,1827103
1368,1827135
1948,1827167
2199,1827199
2344,1827231
1998,1827263
1432,1827295
1583,1827327
922,1827359
1072,1827391
893,1827423
270,1827455
477,1827487
153,1827519
6,1827551
633,1827583
430,1827615
727,1827647
1312,1827679
1144,1827711
1439,1827743
1967,1827775
1880,1827807
1816,1827839
1561,1827871
1386,1827903
1164,1827935
892,1827967
733,1827999
811,1828031
263,1828063
395,1828095
0,1828127
107,1828159
670,1828191
927,1828223
823,1828255
1356,1828287
1581,1828319
1866,1828351
2011,1828383
2286,1828415
2143,1828447
1500,1828479
1632,1828511
1400,1828543
1210,1828575
587,1828607
713,1828639
219,1828671
0,1828703
0,1828735
442,1828767
407,1828799
590,1828831
776,1828863
1083,1828895
1309,1828927
1500,1828959
2190,1828991
1992,1829023
1767,1829055
1869,1829087
1693,1829119
1067,1829151
1130,1829183
584,1829215
777,1829247
74,1829279
218,1829311
335,1829343
152,1829375
845,1829407
974,1829439
855,1829471
1545,1829503
1289,1829535
1581,1829567
2200,1829599
1850,1829631
1720,1829663
1772,1829695
1174,1829727
934,1829759
794,1829791
538,1829823
270,1829855
28,1829887
0,1829919
368,1829951
236,1829983
535,1830015
760,1830047
956,1830079
1576,1830111
1805,1830143
1677,1830175
2236,1830207
2254,1830239
2011,1830271
1694,1830303
1501,1830335
1311,1830367
649,1830399
765,1830431
575,1830463
384,1830495
0,1830527
382,1830559
327,1830591
490,1830623
716,1830655
1296,1830687
1223,1830719
1400,1830751
1629,1830783
1960,1830815
1781,1830847
1486,1830879
1755,1830911
1116,1830943
857,1830975
992,1831007
829,1831039
205,1831071
311,1831103
270,1831135
559,1831167
696,1831199
972,1831231
1199,1831263
1000,1831295
1317,1831327
1899,1831359
1711,1831391
2398,1831423
2062,1831455
1453,1831487
1645,1831519
976,1831551
814,1831583
954,1831615
329,1831647
76,1831679
0,1831711
0,1831743
589,1831775
379,1831807
668,1831839
1232,1831871
1083,1831903
1386,1831935
1591,1831967
1816,1831999
2315,1832031
1721,1832063
1447,1832095
1564,1832127
1371,1832159
797,1832191
875,1832223
650,1832255
453,1832287
135,1832319
374,1832351
604,1832383
871,1832415
1023,1832447
1245,1832479
1165,1832511
1341,1832543
1946,1832575
2176,1832607
1836,1832639
1548,1832671
1688,1832703
1176,1832735
910,1832767
634,1832799
501,1832831
268,1832863
17,1832895
269,1832927
121,1832959
640,1832991
905,1833023
1197,1833055
1021,1833087
1552,1833119
1839,1833151
2137,1833183
1867,1833215
1816,1833247
1935,1833279
1261,1833311
1525,1833343
1194,1833375
603,1833407
829,1833439
127,1833471
0,1833503
284,1833535
102,1833567
425,1833599
616,1833631
804,1833663
1101,1833695
1230,1833727
1528,1833759
2154,1833791
1912,1833823
1773,1833855
1510,1833887
1224,1833919
1081,1833951
859,1833983
598,1834015
744,1834047
505,1834079
0,1834111
320,1834143
588,1834175
811,1834207
968,1834239
1239,1834271
1503,1834303
1289,1834335
1896,1834367
2168,1834399
1849,1834431
1610,1834463
1742,1834495
1551,1834527
930,1834559
688,1834591
825,1834623
296,1834655
25,1834687
0,1834719
59,1834751
252,1834783
430,1834815
1131,1834847
968,1834879
1547,1834911
1773,1834943
2073,1834975
1896,1835007
2222,1835039
1995,1835071
1816,1835103
1470,1835135
918,1835167
1065,1835199
411,1835231
276,1835263
368,1835295
0,1835327
503,1835359
637,1835391
520,1835423
1145,1835455
943,1835487
1598,1835519
1468,1835551
1660,1835583
1975,1835615
2126,1835647
1563,1835679
1712,1835711
1039,1835743
872,1835775
652,1835807
382,1835839
231,1835871
0,1835903
0,1835935
537,1835967
425,1835999
616,1836031
1181,1836063
1453,1836095
1335,1836127
1884,1836159
1742,1836191
2364,1836223
2044,1836255
1854,1836287
1613,1836319
986,1836351
1112,1836383
880,1836415
696,1836447
80,1836479
190,1836511
270,1836543
204,1836575
377,1836607
956,1836639
917,1836671
1103,1836703
1278,1836735
1608,1836767
1833,1836799
2287,1836831
2105,1836863
1465,1836895
1237,1836927
1340,1836959
1167,1836991
555,1837023
617,1837055
62,1837087
237,1837119
0,1837151
576,1837183
859,1837215
656,1837247
1371,1837279
1502,1837311
1360,1837343
2077,1837375
1807,1837407
1850,1837439
1576,1837471
1322,1837503
1192,1837535
1246,1837567
665,1837599
507,1837631
189,1837663
26,1837695
0,1837727
44,1837759
361,1837791
555,1837823
744,1837855
1049,1837887
1276,1837919
1468,1837951
2105,1837983
2329,1838015
1834,1838047
1916,1838079
1272,1838111
1481,1838143
1167,1838175
985,1838207
797,1838239
139,1838271
253,1838303
254,1838335
524,1838367
329,1838399
896,1838431
1178,1838463
1000,1838495
1228,1838527
1824,1838559
1743,1838591
1900,1838623
1664,1838655
1524,1838687
1255,1838719
1407,1838751
1227,1838783
604,1838815
346,1838847
487,1838879
311,1838911
16,1838943
556,1838975
797,1839007
1080,1839039
1209,1839071
1486,1839103
1737,1839135
1516,1839167
1847,1839199
2288,1839231
1630,1839263
1879,1839295
1533,1839327
949,1839359
716,1839391
471,1839423
311,1839455
438,1839487
0,1839519
87,1839551
586,1839583
503,1839615
1101,1839647
890,1839679
1178,1839711
1413,1839743
1600,1839775
1914,1839807
1863,1839839
1624,1839871
1785,1839903
1195,1839935
935,1839967
1040,1839999
413,1840031
283,1840063
352,1840095
204,1840127
473,1840159
622,1840191
892,1840223
1117,1840255
1390,1840287
1535,1840319
1770,1840351
1688,1840383
1868,1840415
2096,1840447
1866,1840479
1318,1840511
1034,1840543
1164,1840575
664,1840607
400,1840639
605,1840671
0,1840703
0,1840735
140,1840767
799,1840799
635,1840831
859,1840863
1423,1840895
1721,1840927
1547,1840959
2080,1840991
2347,1841023
2167,1841055
1435,1841087
1291,1841119
1405,1841151
748,1841183
1003,1841215
670,1841247
100,1841279
0,1841311
0,1841343
214,1841375
808,1841407
612,1841439
935,1841471
1440,1841503
1316,1841535
1623,1841567
1755,1841599
1914,1841631
1639,1841663
1385,1841695
1255,1841727
988,1841759
717,1841791
573,1841823
344,1841855
78,1841887
214,1841919
0,1841951
311,1841983
842,1842015
1104,1842047
1337,1842079
1484,1842111
1759,1842143
2040,1842175
1808,1842207
2170,1842239
1964,1842271
1321,1842303
1097,1842335
1224,1842367
1034,1842399
418,1842431
184,1842463
302,1842495
0,1842527
48,1842559
743,1842591
574,1842623
764,1842655
937,1842687
1659,1842719
1493,1842751
1687,1842783
2302,1842815
2231,1842847
1580,1842879
1693,1842911
1463,1842943
1288,1842975
953,1843007
409,1843039
544,1843071
0,1843103
0,1843135
510,1843167
348,1843199
552,1843231
1152,1843263
1030,1843295
1663,1843327
1463,1843359
1767,1843391
2348,1843423
1702,1843455
1532,1843487
1594,1843519
1048,1843551
1193,1843583
526,1843615
362,1843647
141,1843679
0,1843711
25,1843743
217,1843775
444,1843807
1051,1843839
1194,1843871
1127,1843903
1708,1843935
1981,1843967
1863,1843999
2268,1844031
2028,1844063
1833,1844095
1516,1844127
1324,1844159
1095,1844191
473,1844223
600,1844255
362,1844287
168,1844319
0,1844351
557,1844383
793,1844415
713,1844447
888,1844479
1207,1844511
1432,1844543
1625,1844575
1805,1844607
1877,1844639
1640,1844671
1369,1844703
1579,1844735
942,1844767
724,1844799
828,1844831
653,1844863
43,1844895
168,1844927
102,1844959
745,1844991
491,1845023
808,1845055
1372,1845087
1178,1845119
1404,1845151
2028,1845183
1895,1845215
2231,1845247
1496,1845279
1325,1845311
1468,1845343
810,1845375
683,1845407
730,1845439
164,1845471
4,1845503
0,1845535
157,1845567
348,1845599
554,1845631
876,1845663
1068,1845695
1256,1845727
1565,1845759
2064,1845791
1974,1845823
2136,1845855
1899,1845887
1305,1845919
1390,1845951
1197,1845983
958,1846015
654,1846047
470,1846079
269,1846111
0,1846143
504,1846175
776,1846207
1050,1846239
840,1846271
1418,1846303
1696,1846335
1516,1846367
1753,1846399
1932,1846431
1660,1846463
1372,1846495
1146,1846527
991,1846559
743,1846591
470,1846623
719,1846655
92,1846687
0,1846719
396,1846751
683,1846783
520,1846815
1082,1846847
1319,1846879
1607,1846911
1728,1846943
1630,1846975
2255,1847007
1787,1847039
1946,1847071
1756,1847103
1116,1847135
1339,1847167
1007,1847199
430,1847231
601,1847263
0,1847295
0,1847327
448,1847359
296,1847391
588,1847423
1100,1847455
1006,1847487
1625,1847519
1466,1847551
1705,1847583
1946,1847615
1756,1847647
1596,1847679
1675,1847711
1100,1847743
1257,1847775
683,1847807
423,1847839
539,1847871
333,1847903
0,1847935
492,1847967
720,1847999
989,1848031
1144,1848063
1408,1848095
1643,1848127
1917,1848159
2073,1848191
2266,1848223
1720,1848255
1434,1848287
1564,1848319
1063,1848351
804,1848383
512,1848415
648,1848447
154,1848479
0,1848511
0,1848543
237,1848575
466,1848607
650,1848639
1311,1848671
1143,1848703
1372,1848735
1952,1848767
2251,1848799
1928,1848831
1997,1848863
1432,1848895
1641,1848927
912,1848959
1070,1848991
891,1849023
236,1849055
477,1849087
140,1849119
18,1849151
685,1849183
439,1849215
731,1849247
1322,1849279
1115,1849311
1448,1849343
1976,1849375
1835,1849407
1883,1849439
1552,1849471
1384,1849503
1116,1849535
871,1849567
732,1849599
812,1849631
216,1849663
57,1849695
0,1849727
106,1849759
704,1849791
937,1849823
824,1849855
1360,1849887
1630,1849919
1863,1849951
2013,1849983
2297,1850015
2187,1850047
1488,1850079
1630,1850111
1436,1850143
810,1850175
583,1850207
703,1850239
182,1850271
0,1850303
0,1850335
445,1850367
377,1850399
552,1850431
777,1850463
1085,1850495
1274,1850527
1456,1850559
2198,1850591
1991,1850623
1718,1850655
1869,1850687
1692,1850719
1055,1850751
1163,1850783
943,1850815
765,1850847
439,1850879
252,1850911
346,1850943
153,1850975
460,1851007
1022,1851039
858,1851071
1547,1851103
1676,1851135
1544,1851167
2205,1851199
1839,1851231
1676,1851263
1822,1851295
1168,1851327
1016,1851359
1070,1851391
535,1851423
268,1851455
24,1851487
0,1851519
380,1851551
236,1851583
536,1851615
732,1851647
956,1851679
1577,1851711
1451,1851743
1652,1851775
2238,1851807
2253,1851839
1657,1851871
1738,1851903
1500,1851935
1305,1851967
1007,1851999
811,1852031
572,1852063
0,1852095
158,1852127
392,1852159
326,1852191
495,1852223
1080,1852255
1306,1852287
1226,1852319
1401,1852351
2010,1852383
1959,1852415
1772,1852447
1485,1852479
1349,1852511
1116,1852543
846,1852575
1055,1852607
429,1852639
204,1852671
303,1852703
333,1852735
183,1852767
699,1852799
969,1852831
1259,1852863
1003,1852895
1320,1852927
1903,1852959
1692,1852991
2398,1853023
2062,1853055
1453,1853087
1693,1853119
975,1853151
812,1853183
944,1853215
298,1853247
169,1853279
216,1853311
0,1853343
166,1853375
382,1853407
679,1853439
1276,1853471
1068,1853503
1396,1853535
1593,1853567
1774,1853599
1949,1853631
1719,1853663
1448,1853695
1600,1853727
1369,1853759
793,1853791
874,1853823
672,1853855
442,1853887
134,1853919
381,1853951
649,1853983
444,1854015
1022,1854047
1292,1854079
1118,1854111
1344,1854143
1948,1854175
2233,1854207
1784,1854239
1552,1854271
1688,1854303
1135,1854335
860,1854367
635,1854399
491,1854431
231,1854463
0,1854495
279,1854527
124,1854559
314,1854591
907,1854623
1195,1854655
1023,1854687
1598,1854719
1847,1854751
2137,1854783
2264,1854815
1782,1854847
1935,1854879
1259,1854911
1117,1854943
1242,1854975
604,1855007
827,1855039
505,1855071
0,1855103
285,1855135
104,1855167
392,1855199
618,1855231
806,1855263
1007,1855295
1624,1855327
1529,1855359
2159,1855391
1902,1855423
1736,1855455
1500,1855487
1229,1855519
1079,1855551
823,1855583
590,1855615
733,1855647
171,1855679
0,1855711
320,1855743
599,1855775
477,1855807
1007,1855839
1242,1855871
1512,1855903
1662,1855935
1943,1855967
2171,1855999
1847,1856031
1982,1856063
1742,1856095
1196,1856127
920,1856159
1040,1856191
816,1856223
292,1856255
21,1856287
121,1856319
68,1856351
262,1856383
440,1856415
747,1856447
971,1856479
1164,1856511
1837,1856543
1663,1856575
1899,1856607
2220,1856639
2045,1856671
1400,1856703
1468,1856735
910,1856767
1113,1856799
408,1856831
558,1856863
367,1856895
0,1856927
507,1856959
640,1856991
521,1857023
1197,1857055
952,1857087
1242,1857119
1421,1857151
1643,1857183
1976,1857215
2120,1857247
1512,1857279
1357,1857311
1037,1857343
872,1857375
604,1857407
352,1857439
220,1857471
0,1857503
0,1857535
201,1857567
427,1857599
620,1857631
1226,1857663
1453,1857695
1336,1857727
1888,1857759
2160,1857791
2363,1857823
2044,1857855
1851,1857887
1658,1857919
976,1857951
1104,1857983
922,1858015
300,1858047
72,1858079
186,1858111
316,1858143
164,1858175
380,1858207
967,1858239
888,1858271
1064,1858303
1289,1858335
1610,1858367
1802,1858399
2285,1858431
2107,1858463
1460,1858495
1191,1858527
1339,1858559
1164,1858591
551,1858623
649,1858655
431,1858687
235,1858719
350,1858751
632,1858783
861,1858815
667,1858847
972,1858879
1550,1858911
1370,1858943
2085,1858975
2206,1859007
1802,1859039
1575,1859071
1320,1859103
1159,1859135
1294,1859167
667,1859199
504,1859231
553,1859263
23,1859295
0,1859327
48,1859359
343,1859391
894,1859423
748,1859455
1048,1859487
1242,1859519
1477,1859551
1712,1859583
1977,1859615
1790,1859647
1916,1859679
1721,1859711
1131,1859743
1214,1859775
984,1859807
782,1859839
480,1859871
287,1859903
265,1859935
107,1859967
682,1859999
895,1860031
836,1860063
1005,1860095
1596,1860127
1834,1860159
1743,1860191
1897,1860223
2028,1860255
1513,1860287
1253,1860319
1465,1860351
827,1860383
603,1860415
345,1860447
538,1860479
0,1860511
16,1860543
571,1860575
857,1860607
686,1860639
1212,1860671
1487,1860703
1787,1860735
1518,1860767
1847,1860799
2283,1860831
1608,1860863
1867,1860895
1530,1860927
939,1860959
687,1860991
462,1861023
300,1861055
428,1861087
0,1861119
76,1861151
586,1861183
463,1861215
670,1861247
894,1861279
1190,1861311
1806,1861343
1583,1861375
1915,1861407
1851,1861439
1575,1861471
1419,1861503
1192,1861535
932,1861567
1082,1861599
412,1861631
281,1861663
352,1861695
240,1861727
473,1861759
632,1861791
895,1861823
1165,1861855
954,1861887
1547,1861919
1819,1861951
1642,1861983
1870,1862015
2093,1862047
1897,1862079
1260,1862111
1024,1862143
1168,1862175
631,1862207
358,1862239
601,1862271
0,1862303
0,1862335
108,1862367
797,1862399
636,1862431
824,1862463
1432,1862495
1723,1862527
1547,1862559
2136,1862591
2345,1862623
2167,1862655
1821,1862687
1256,1862719
1403,1862751
748,1862783
604,1862815
716,1862847
94,1862879
0,1862911
298,1862943
173,1862975
809,1863007
607,1863039
903,1863071
1498,1863103
1319,1863135
1531,1863167
2153,1863199
1914,1863231
2063,1863263
1375,1863295
1210,1863327
986,1863359
714,1863391
567,1863423
311,1863455
73,1863487
213,1863519
344,1863551
280,1863583
844,1863615
1103,1863647
989,1863679
1532,1863711
1770,1863743
2041,1863775
2191,1863807
2204,1863839
1963,1863871
1322,1863903
1451,1863935
1215,1863967
682,1863999
408,1864031
528,1864063
302,1864095
0,1864127
44,1864159
359,1864191
584,1864223
774,1864255
942,1864287
1261,1864319
1495,1864351
1688,1864383
2376,1864415
1807,1864447
1576,1864479
1689,1864511
1513,1864543
888,1864575
954,1864607
408,1864639
589,1864671
0,1864703
0,1864735
511,1864767
328,1864799
555,1864831
1152,1864863
1024,1864895
1725,1864927
1467,1864959
1767,1864991
2346,1865023
1662,1865055
1530,1865087
1594,1865119
998,1865151
847,1865183
523,1865215
360,1865247
94,1865279
0,1865311
28,1865343
234,1865375
410,1865407
713,1865439
1197,1865471
1131,1865503
1754,1865535
1983,1865567
1864,1865599
2267,1865631
2075,1865663
1835,1865695
1514,1865727
1322,1865759
1136,1865791
464,1865823
592,1865855
406,1865887
0,1865919
2,1865951
568,1865983
830,1866015
666,1866047
893,1866079
1208,1866111
1399,1866143
1578,1866175
1816,1866207
1867,1866239
1594,1866271
1308,1866303
1566,1866335
947,1866367
680,1866399
825,1866431
651,1866463
39,1866495
216,1866527
459,1866559
743,1866591
872,1866623
776,1866655
1375,1866687
1181,1866719
1802,1866751
2089,1866783
1897,1866815
2220,1866847
1882,1866879
1286,1866911
1465,1866943
808,1866975
647,1867007
776,1867039
154,1867071
1,1867103
248,1867135
168,1867167
361,1867199
556,1867231
841,1867263
1078,1867295
1261,1867327
1575,1867359
2121,1867391
1964,1867423
2133,1867455
1533,1867487
1271,1867519
1385,1867551
1195,1867583
619,1867615
697,1867647
460,1867679
265,1867711
284,1867743
555,1867775
780,1867807
615,1867839
1196,1867871
1422,1867903
1704,1867935
1520,1867967
2126,1867999
1932,1868031
1656,1868063
1370,1868095
1501,1868127
1001,1868159
732,1868191
460,1868223
315,1868255
88,1868287
0,1868319
458,1868351
295,1868383
521,1868415
1083,1868447
1369,1868479
1207,1868511
1737,1868543
1640,1868575
2315,1868607
1776,1868639
1936,1868671
1753,1868703
1084,1868735
1339,1868767
1007,1868799
429,1868831
651,1868863
0,1868895
0,1868927
460,1868959
270,1868991
599,1869023
1104,1869055
973,1869087
1182,1869119
1511,1869151
1706,1869183
1901,1869215
1727,1869247
1591,1869279
1674,1869311
1053,1869343
905,1869375
679,1869407
413,1869439
559,1869471
329,1869503
0,1869535
494,1869567
766,1869599
989,1869631
1146,1869663
1417,1869695
1691,1869727
1468,1869759
2077,1869791
2314,1869823
2126,1869855
1432,1869887
1564,1869919
1028,1869951
746,1869983
512,1870015
648,1870047
119,1870079
0,1870111
0,1870143
241,1870175
428,1870207
614,1870239
1308,1870271
1146,1870303
1337,1870335
1960,1870367
2260,1870399
1927,1870431
2040,1870463
1805,1870495
1627,1870527
1293,1870559
1114,1870591
880,1870623
235,1870655
90,1870687
182,1870719
21,1870751
686,1870783
815,1870815
694,1870847
1325,1870879
1120,1870911
1417,1870943
2028,1870975
1838,1871007
1790,1871039
1613,1871071
1382,1871103
1533,1871135
861,1871167
697,1871199
798,1871231
206,1871263
55,1871295
0,1871327
108,1871359
703,1871391
605,1871423
793,1871455
1358,1871487
1631,1871519
1513,1871551
2064,1871583
2332,1871615
2183,1871647
1868,1871679
1673,1871711
1433,1871743
1241,1871775
938,1871807
698,1871839
171,1871871
0,1871903
222,1871935
448,1871967
376,1871999
554,1872031
1134,1872063
1095,1872095
1278,1872127
1456,1872159
1787,1872191
1981,1872223
1707,1872255
1919,1872287
1278,1872319
1355,1872351
1164,1872383
991,1872415
366,1872447
443,1872479
251,1872511
397,1872543
154,1872575
471,1872607
1034,1872639
844,1872671
1548,1872703
1688,1872735
1546,1872767
2263,1872799
1836,1872831
1671,1872863
1818,1872895
1145,1872927
1015,1872959
750,1872991
488,1873023
331,1873055
19,1873087
0,1873119
416,1873151
219,1873183
540,1873215
742,1873247
920,1873279
1225,1873311
1452,1873343
1655,1873375
2286,1873407
2239,1873439
1645,1873471
1728,1873503
1536,1873535
1304,1873567
992,1873599
809,1873631
617,1873663
0,1873695
169,1873727
440,1873759
280,1873791
504,1873823
1083,1873855
1353,1873887
1177,1873919
1404,1873951
2011,1873983
1927,1874015
1720,1874047
1483,1874079
1342,1874111
1076,1874143
796,1874175
1051,1874207
437,1874239
540,1874271
301,1874303
333,1874335
185,1874367
736,1874399
975,1874431
1257,1874463
1388,1874495
1289,1874527
1913,1874559
1705,1874591
1989,1874623
2107,1874655
1450,1874687
1689,1874719
1354,1874751
764,1874783
939,1874815
296,1874847
135,1874879
0,1874911
0,1874943
263,1874975
762,1875007
681,1875039
1287,1875071
1072,1875103
1365,1875135
1595,1875167
1786,1875199
1944,1875231
1675,1875263
1438,1875295
1597,1875327
1021,1875359
759,1875391
862,1875423
669,1875455
107,1875487
168,1875519
41,1875551
652,1875583
800,1875615
1068,1875647
1293,1875679
1128,1875711
1724,1875743
1952,1875775
2236,1875807
1776,1875839
1916,1875871
1677,1875903
1133,1875935
858,1875967
976,1875999
489,1876031
230,1876063
0,1876095
0,1876127
124,1876159
697,1876191
973,1876223
811,1876255
1034,1876287
1609,1876319
1903,1876351
1723,1876383
2269,1876415
1776,1876447
1981,1876479
1259,1876511
1408,1876543
1229,1876575
572,1876607
824,1876639
492,1876671
0,1876703
343,1876735
105,1876767
393,1876799
584,1876831
782,1876863
1111,1876895
1628,1876927
1486,1876959
1805,1876991
1900,1877023
1734,1877055
1452,1877087
1208,1877119
1066,1877151
813,1877183
550,1877215
393,1877247
168,1877279
0,1877311
366,1877343
589,1877375
488,1877407
1018,1877439
840,1877471
1513,1877503
1672,1877535
1946,1877567
2223,1877599
1838,1877631
1979,1877663
1786,1877695
1598,1877727
912,1877759
1040,1877791
857,1877823
240,1877855
10,1877887
119,1877919
42,1877951
218,1877983
443,1878015
756,1878047
937,1878079
1561,1878111
1847,1878143
1670,1878175
1865,1878207
2219,1878239
2043,1878271
1399,1878303
1502,1878335
1289,1878367
1102,1878399
776,1878431
592,1878463
365,1878495
0,1878527
134,1878559
688,1878591
524,1878623
1207,1878655
1336,1878687
1198,1878719
1434,1878751
1645,1878783
1947,1878815
2170,1878847
1510,1878879
1355,1878911
1407,1878943
870,1878975
1015,1879007
349,1879039
187,1879071
0,1879103
0,1879135
200,1879167
395,1879199
622,1879231
1226,1879263
1115,1879295
1305,1879327
1888,1879359
1695,1879391
2007,1879423
2089,1879455
1850,1879487
1656,1879519
1337,1879551
1148,1879583
912,1879615
718,1879647
425,1879679
186,1879711
0,1879743
168,1879775
736,1879807
968,1879839
894,1879871
1064,1879903
1658,1879935
1612,1879967
1806,1879999
2335,1880031
1691,1880063
1451,1880095
1192,1880127
1388,1880159
773,1880191
551,1880223
648,1880255
473,1880287
0,1880319
352,1880351
637,1880383
923,1880415
669,1880447
984,1880479
1551,1880511
1353,1880543
2087,1880575
2217,1880607
1802,1880639
1547,1880671
1320,1880703
1148,1880735
1280,1880767
636,1880799
503,1880831
556,1880863
0,1880895
0,1880927
46,1880959
334,1880991
524,1881023
732,1881055
1054,1881087
1255,1881119
1435,1881151
1751,1881183
1979,1881215
1788,1881247
1950,1881279
1258,1881311
1129,1881343
1212,1881375
1014,1881407
779,1881439
479,1881471
285,1881503
303,1881535
111,1881567
684,1881599
954,1881631
784,1881663
1005,1881695
1598,1881727
1882,1881759
1702,1881791
1887,1881823
2028,1881855
1479,1881887
1196,1881919
1453,1881951
825,1881983
565,1882015
297,1882047
539,1882079
0,1882111
0,1882143
575,1882175
860,1882207
696,1882239
1256,1882271
1499,1882303
1788,1882335
1917,1882367
2205,1882399
2283,1882431
1600,1882463
1452,1882495
1577,1882527
938,1882559
685,1882591
831,1882623
262,1882655
425,1882687
0,1882719
56,1882751
636,1882783
464,1882815
765,1882847
1276,1882879
1192,1882911
1807,1882943
1594,1882975
1893,1883007
1848,1883039
1567,1883071
1415,1883103
1150,1883135
922,1883167
1071,1883199
762,1883231
248,1883263
348,1883295
247,1883327
141,1883359
672,1883391
904,1883423
1165,1883455
1320,1883487
1595,1883519
1820,1883551
1647,1883583
2252,1883615
1660,1883647
1898,1883679
1257,1883711
1386,1883743
1150,1883775
621,1883807
347,1883839
203,1883871
0,1883903
0,1883935
104,1883967
414,1883999
636,1884031
828,1884063
1495,1884095
1323,1884127
1556,1884159
2137,1884191
2394,1884223
1741,1884255
1817,1884287
1252,1884319
1451,1884351
744,1884383
604,1884415
715,1884447
60,1884479
0,1884511
302,1884543
176,1884575
861,1884607
618,1884639
904,1884671
1502,1884703
1294,1884735
1627,1884767
2158,1884799
1865,1884831
1705,1884863
1374,1884895
1207,1884927
938,1884959
686,1884991
556,1885023
310,1885055
36,1885087
0,1885119
344,1885151
284,1885183
888,1885215
1113,1885247
1001,1885279
1536,1885311
1816,1885343
2045,1885375
2202,1885407
2201,1885439
1999,1885471
1311,1885503
1451,1885535
1258,1885567
1068,1885599
400,1885631
528,1885663
342,1885695
0,1885727
46,1885759
361,1885791
553,1885823
730,1885855
952,1885887
1259,1885919
1461,1885951
1641,1885983
2379,1886015
1803,1886047
1530,1886079
1679,1886111
1511,1886143
885,1886175
987,1886207
767,1886239
587,1886271
254,1886303
0,1886335
525,1886367
331,1886399
928,1886431
1210,1886463
1036,1886495
1725,1886527
1856,1886559
1723,1886591
2345,1886623
1661,1886655
1495,1886687
1632,1886719
999,1886751
840,1886783
893,1886815
360,1886847
493,1886879
0,1886911
8,1886943
233,1886975
414,1887007
715,1887039
1246,1887071
1134,1887103
1757,1887135
1631,1887167
1833,1887199
2266,1887231
2063,1887263
1469,1887295
1561,1887327
1320,1887359
1129,1887391
826,1887423
632,1887455
396,1887487
197,1887519
344,1887551
570,1887583
492,1887615
668,1887647
1256,1887679
1209,1887711
1404,1887743
1582,1887775
2190,1887807
1864,1887839
1592,1887871
1307,1887903
1164,1887935
937,1887967
682,1887999
877,1888031
252,1888063
40,1888095
220,1888127
509,1888159
363,1888191
874,1888223
779,1888255
1433,1888287
1192,1888319
1804,1888351
2091,1888383
1872,1888415
2219,1888447
1870,1888479
1275,1888511
1513,1888543
796,1888575
635,1888607
766,1888639
124,1888671
0,1888703
252,1888735
134,1888767
429,1888799
558,1888831
845,1888863
1035,1888895
1244,1888927
1575,1888959
2124,1888991
1912,1889023
1759,1889055
1528,1889087
1262,1889119
1420,1889151
1191,1889183
620,1889215
688,1889247
494,1889279
264,1889311
288,1889343
566,1889375
826,1889407
618,1889439
1199,1889471
1468,1889503
1291,1889535
1520,1889567
2136,1889599
1896,1889631
1597,1889663
1360,1889695
1498,1889727
966,1889759
685,1889791
459,1889823
316,1889855
55,1889887
0,1889919
455,1889951
299,1889983
489,1890015
1087,1890047
1373,1890079
1208,1890111
1784,1890143
2029,1890175
2316,1890207
2170,1890239
1982,1890271
1751,1890303
1082,1890335
939,1890367
1052,1890399
428,1890431
651,1890463
317,1890495
0,1890527
461,1890559
279,1890591
568,1890623
1152,1890655
974,1890687
1277,1890719
1804,1890751
1708,1890783
1902,1890815
1724,1890847
1548,1890879
1662,1890911
1051,1890943
901,1890975
639,1891007
412,1891039
555,1891071
6,1891103
0,1891135
508,1891167
768,1891199
663,1891231
1194,1891263
1419,1891295
1691,1891327
1850,1891359
2125,1891391
2304,1891423
1660,1891455
1792,1891487
1552,1891519
1018,1891551
748,1891583
863,1891615
637,1891647
108,1891679
0,1891711
283,1891743
248,1891775
440,1891807
613,1891839
923,1891871
1148,1891903
1350,1891935
2025,1891967
1849,1891999
1925,1892031
2031,1892063
1865,1892095
1224,1892127
1288,1892159
1113,1892191
937,1892223
235,1892255
88,1892287
189,1892319
1,1892351
695,1892383
816,1892415
696,1892447
1375,1892479
1128,1892511
1419,1892543
2028,1892575
1821,1892607
1880,1892639
1936,1892671
1336,1892703
1086,1892735
860,1892767
696,1892799
840,1892831
184,1892863
43,1892895
0,1892927
74,1892959
377,1892991
604,1893023
794,1893055
1405,1893087
1641,1893119
1514,1893151
2064,1893183
2351,1893215
2175,1893247
1856,1893279
1663,1893311
1471,1893343
806,1893375
937,1893407
736,1893439
130,1893471
0,1893503
222,1893535
493,1893567
336,1893599
559,1893631
1136,1893663
1064,1893695
1232,1893727
1466,1893759
1788,1893791
1942,1893823
1656,1893855
1917,1893887
1277,1893919
1012,1893951
1161,1893983
988,1894015
373,1894047
471,1894079
251,1894111
397,1894143
536,1894175
439,1894207
1039,1894239
842,1894271
1158,1894303
1738,1894335
1550,1894367
2263,1894399
2224,1894431
1622,1894463
1805,1894495
1136,1894527
972,1894559
750,1894591
487,1894623
237,1894655
376,1894687
0,1894719
427,1894751
221,1894783
508,1894815
744,1894847
924,1894879
1225,1894911
1431,1894943
1656,1894975
2286,1895007
1883,1895039
1610,1895071
1737,1895103
1533,1895135
955,1895167
1035,1895199
800,1895231
605,1895263
303,1895295
217,1895327
443,1895359
283,1895391
862,1895423
1085,1895455
1002,1895487
1183,1895519
1775,1895551
2014,1895583
1934,1895615
1711,1895647
1786,1895679
1335,1895711
1070,1895743
796,1895775
654,1895807
427,1895839
166,1895871
361,1895903
0,1895935
185,1895967
747,1895999
1037,1896031
872,1896063
1391,1896095
1292,1896127
1965,1896159
1704,1896191
2286,1896223
2105,1896255
1420,1896287
1692,1896319
1344,1896351
763,1896383
987,1896415
284,1896447
122,1896479
0,1896511
0,1896543
254,1896575
764,1896607
649,1896639
941,1896671
1072,1896703
1367,1896735
1560,1896767
1770,1896799
1944,1896831
1671,1896863
1390,1896895
1241,1896927
1004,1896959
750,1896991
904,1897023
669,1897055
104,1897087
166,1897119
426,1897151
653,1897183
810,1897215
1080,1897247
1343,1897279
1132,1897311
1726,1897343
2000,1897375
1830,1897407
1772,1897439
1914,1897471
1720,1897503
1081,1897535
848,1897567
975,1897599
455,1897631
174,1897663
0,1897695
0,1897727
103,1897759
699,1897791
973,1897823
809,1897855
1001,1897887
1613,1897919
1911,1897951
1736,1897983
2316,1898015
2157,1898047
1979,1898079
1630,1898111
1454,1898143
1227,1898175
570,1898207
428,1898239
536,1898271
0,1898303
344,1898335
478,1898367
358,1898399
585,1898431
783,1898463
1079,1898495
1680,1898527
1488,1898559
1804,1898591
2286,1898623
1724,1898655
1450,1898687
1197,1898719
1034,1898751
1144,1898783
540,1898815
381,1898847
125,1898879
0,1898911
365,1898943
265,1898975
457,1899007
1020,1899039
1291,1899071
1175,1899103
1712,1899135
1950,1899167
2231,1899199
2216,1899231
2014,1899263
1776,1899295
1145,1899327
1274,1899359
1037,1899391
506,1899423
235,1899455
350,1899487
109,1899519
44,1899551
221,1899583
798,1899615
757,1899647
942,1899679
1613,1899711
1436,1899743
1674,1899775
1868,1899807
2271,1899839
1627,1899871
1388,1899903
1502,1899935
1327,1899967
702,1899999
777,1900031
599,1900063
411,1900095
0,1900127
126,1900159
699,1900191
496,1900223
1207,1900255
1338,1900287
1208,1900319
1417,1900351
1647,1900383
1948,1900415
2160,1900447
1484,1900479
1353,1900511
1408,1900543
822,1900575
574,1900607
350,1900639
185,1900671
318,1900703
0,1900735
205,1900767
405,1900799
582,1900831
893,1900863
1115,1900895
1309,1900927
1946,1900959
1703,1900991
1994,1901023
2080,1901055
1888,1901087
1645,1901119
1340,1901151
1145,1901183
953,1901215
292,1901247
414,1901279
217,1901311
0,1901343
171,1901375
736,1901407
1008,1901439
842,1901471
1069,1901503
1663,1901535
1579,1901567
1766,1901599
2332,1901631
1688,1901663
1406,1901695
1132,1901727
1387,1901759
772,1901791
504,1901823
649,1901855
475,1901887
0,1901919
408,1901951
633,1901983
923,1902015
1050,1902047
956,1902079
1563,1902111
1355,1902143
1676,1902175
2268,1902207
1792,1902239
1536,1902271
1695,1902303
1099,1902335
1277,1902367
631,1902399
459,1902431
598,1902463
0,1902495
0,1902527
416,1902559
342,1902591
943,1902623
732,1902655
1019,1902687
1254,1902719
1436,1902751
1751,1902783
1950,1902815
1786,1902847
1947,1902879
1624,1902911
1085,1902943
1210,1902975
1017,1903007
443,1903039
512,1903071
284,1903103
309,1903135
463,1903167
732,1903199
956,1903231
784,1903263
1374,1903295
1608,1903327
1526,1903359
1706,1903391
2265,1903423
2024,1903455
1477,1903487
1192,1903519
1051,1903551
823,1903583
558,1903615
293,1903647
141,1903679
0,1903711
1,1903743
635,1903775
471,1903807
699,1903839
1260,1903871
1551,1903903
1389,1903935
1917,1903967
1817,1903999
2329,1904031
1600,1904063
1451,1904095
1567,1904127
908,1904159
685,1904191
830,1904223
249,1904255
473,1904287
0,1904319
69,1904351
638,1904383
446,1904415
775,1904447
1280,1904479
1158,1904511
1455,1904543
1593,1904575
1895,1904607
1802,1904639
1545,1904671
1405,1904703
1153,1904735
878,1904767
729,1904799
752,1904831
247,1904863
380,1904895
253,1904927
151,1904959
682,1904991
942,1905023
1176,1905055
1323,1905087
1599,1905119
1872,1905151
1647,1905183
2254,1905215
2128,1905247
1482,1905279
1247,1905311
1384,1905343
1195,1905375
572,1905407
345,1905439
199,1905471
0,1905503
0,1905535
108,1905567
423,1905599
612,1905631
783,1905663
1495,1905695
1331,1905727
1515,1905759
2141,1905791
2392,1905823
1740,1905855
1854,1905887
1631,1905919
1447,1905951
1114,1905983
568,1906015
703,1906047
59,1906079
201,1906111
350,1906143
186,1906175
871,1906207
990,1906239
863,1906271
1501,1906303
1304,1906335
1594,1906367
2206,1906399
1856,1906431
1703,1906463
1757,1906495
1198,1906527
936,1906559
682,1906591
523,1906623
296,1906655
31,1906687
0,1906719
393,1906751
286,1906783
889,1906815
781,1906847
968,1906879
1546,1906911
1817,1906943
1693,1906975
2252,1907007
2200,1907039
1996,1907071
1679,1907103
1488,1907135
1257,1907167
634,1907199
759,1907231
512,1907263
334,1907295
0,1907327
396,1907359
362,1907391
554,1907423
731,1907455
1319,1907487
1271,1907519
1455,1907551
1642,1907583
1965,1907615
1800,1907647
1520,1907679
1224,1907711
1101,1907743
877,1907775
985,1907807
813,1907839
199,1907871
252,1907903
0,1907935
575,1907967
331,1907999
938,1908031
1216,1908063
1008,1908095
1739,1908127
1856,1908159
1725,1908191
2393,1908223
1659,1908255
1486,1908287
1630,1908319
970,1908351
843,1908383
890,1908415
312,1908447
72,1908479
0,1908511
7,1908543
199,1908575
395,1908607
716,1908639
1245,1908671
1098,1908703
1403,1908735
1639,1908767
1834,1908799
2302,1908831
2061,1908863
1467,1908895
1550,1908927
1358,1908959
1127,1908991
814,1909023
623,1909055
432,1909087
0,1909119
349,1909151
616,1909183
890,1909215
681,1909247
1248,1909279
1178,1909311
1356,1909343
1592,1909375
2192,1909407
1819,1909439
1533,1909471
1304,1909503
1161,1909535
893,1909567
620,1909599
875,1909631
251,1909663
2,1909695
223,1909727
519,1909759
360,1909791
912,1909823
1160,1909855
1437,1909887
1566,1909919
1854,1909951
2093,1909983
1885,1910015
1803,1910047
1920,1910079
1275,1910111
1500,1910143
1176,1910175
597,1910207
763,1910239
120,1910271
0,1910303
298,1910335
136,1910367
336,1910399
631,1910431
854,1910463
1465,1910495
1247,1910527
1543,1910559
2128,1910591
1914,1910623
1757,1910655
1495,1910687
1258,1910719
1418,1910751
841,1910783
583,1910815
687,1910847
491,1910879
0,1910911
335,1910943
560,1910975
825,1911007
975,1911039
1246,1911071
1472,1911103
1767,1911135
1914,1911167
2136,1911199
1882,1911231
1596,1911263
1728,1911295
1222,1911327
966,1911359
680,1911391
810,1911423
307,1911455
56,1911487
0,1911519
75,1911551
307,1911583
492,1911615
1147,1911647
984,1911679
1516,1911711
1789,1911743
2089,1911775
1912,1911807
2168,1911839
1981,1911871
1803,1911903
1080,1911935
936,1911967
1040,1911999
394,1912031
648,1912063
314,1912095
0,1912127
523,1912159
282,1912191
578,1912223
1162,1912255
966,1912287
1287,1912319
1482,1912351
1674,1912383
1991,1912415
1720,1912447
1546,1912479
1696,1912511
1021,1912543
892,1912575
634,1912607
366,1912639
207,1912671
0,1912703
0,1912735
542,1912767
778,1912799
663,1912831
1198,1912863
1466,1912895
1693,1912927
1852,1912959
2126,1912991
2349,1913023
1657,1913055
1790,1913087
1597,1913119
968,1913151
735,1913183
862,1913215
681,1913247
60,1913279
0,1913311
284,1913343
216,1913375
394,1913407
616,1913439
926,1913471
1117,1913503
1294,1913535
2027,1913567
1852,1913599
2272,1913631
2029,1913663
1853,1913695
1222,1913727
1324,1913759
1101,1913791
925,1913823
600,1913855
55,1913887
173,1913919
2,1913951
309,1913983
864,1914015
700,1914047
1383,1914079
1514,1914111
1382,1914143
2039,1914175
1822,1914207
1836,1914239
1608,1914271
1326,1914303
1177,1914335
1231,1914367
686,1914399
839,1914431
175,1914463
16,1914495
0,1914527
79,1914559
375,1914591
572,1914623
796,1914655
1415,1914687
1291,1914719
1483,1914751
2075,1914783
2349,1914815
1817,1914847
1900,1914879
1294,1914911
1465,1914943
1161,1914975
970,1915007
735,1915039
128,1915071
237,1915103
232,1915135
496,1915167
336,1915199
919,1915231
1146,1915263
1066,1915295
1244,1915327
1849,1915359
1798,1915391
1932,1915423
1648,1915455
1501,1915487
1275,1915519
1391,1915551
1213,1915583
589,1915615
370,1915647
462,1915679
295,1915711
24,1915743
539,1915775
444,1915807
1097,1915839
846,1915871
1454,1915903
1739,1915935
1531,1915967
2267,1915999
2222,1916031
1623,1916063
1855,1916095
1133,1916127
969,1916159
699,1916191
456,1916223
317,1916255
378,1916287
0,1916319
91,1916351
236,1916383
509,1916415
702,1916447
906,1916479
1229,1916511
1430,1916543
1610,1916575
1929,1916607
1879,1916639
1609,1916671
1773,1916703
1533,1916735
951,1916767
1038,1916799
406,1916831
603,1916863
311,1916895
217,1916927
479,1916959
285,1916991
861,1917023
1130,1917055
1404,1917087
1183,1917119
1786,1917151
2063,1917183
1882,1917215
1707,1917247
1852,1917279
1294,1917311
1016,1917343
784,1917375
651,1917407
391,1917439
539,1917471
347,1917503
0,1917535
156,1917567
749,1917599
1038,1917631
873,1917663
1437,1917695
1675,1917727
1975,1917759
2103,1917791
2332,1917823
2095,1917855
1417,1917887
1275,1917919
1390,1917951
762,1917983
989,1918015
656,1918047
85,1918079
0,1918111
0,1918143
236,1918175
816,1918207
650,1918239
951,1918271
1456,1918303
1369,1918335
1995,1918367
1772,1918399
1897,1918431
1672,1918463
1388,1918495
1240,1918527
971,1918559
744,1918591
894,1918623
333,1918655
71,1918687
158,1918719
6,1918751
327,1918783
856,1918815
1084,1918847
1340,1918879
1500,1918911
1775,1918943
2009,1918975
2286,1919007
2142,1919039
1912,1919071
1355,1919103
1080,1919135
1209,1919167
976,1919199
445,1919231
170,1919263
295,1919295
0,1919327
102,1919359
749,1919391
589,1919423
821,1919455
1002,1919487
1675,1919519
1499,1919551
1747,1919583
2327,1919615
2205,1919647
1563,1919679
1630,1919711
1064,1919743
1273,1919775
572,1919807
425,1919839
527,1919871
0,1919903
347,1919935
480,1919967
361,1919999
569,1920031
792,1920063
1083,1920095
1680,1920127
1479,1920159
1815,1920191
2284,1920223
1675,1920255
1517,1920287
1196,1920319
1031,1920351
762,1920383
510,1920415
380,1920447
132,1920479
0,1920511
41,1920543
265,1920575
458,1920607
1068,1920639
844,1920671
1179,1920703
1724,1920735
1998,1920767
2232,1920799
2205,1920831
2014,1920863
1821,1920895
1134,1920927
1262,1920959
1082,1920991
454,1921023
232,1921055
350,1921087
149,1921119
7,1921151
224,1921183
798,1921215
728,1921247
906,1921279
1615,1921311
1448,1921343
1640,1921375
1828,1921407
2267,1921439
1623,1921471
1352,1921503
1499,1921535
1323,1921567
701,1921599
810,1921631
585,1921663
411,1921695
189,1921727
104,1921759
703,1921791
496,1921823
813,1921855
1388,1921887
1210,1921919
1421,1921951
2042,1921983
1911,1922015
2157,1922047
1482,1922079
1319,1922111
1450,1922143
816,1922175
664,1922207
717,1922239
182,1922271
315,1922303
0,1922335
181,1922367
408,1922399
588,1922431
889,1922463
1086,1922495
1309,1922527
1943,1922559
2088,1922591
1959,1922623
2078,1922655
1881,1922687
1293,1922719
1373,1922751
1148,1922783
951,1922815
639,1922847
448,1922879
217,1922911
0,1922943
524,1922975
749,1923007
1018,1923039
847,1923071
1436,1923103
1663,1923135
1582,1923167
1760,1923199
1915,1923231
1684,1923263
1405,1923295
1130,1923327
987,1923359
761,1923391
496,1923423
697,1923455
77,1923487
0,1923519
407,1923551
699,1923583
535,1923615
1052,1923647
967,1923679
1615,1923711
1358,1923743
1675,1923775
2269,1923807
1770,1923839
1536,1923871
1691,1923903
1099,1923935
1327,1923967
634,1923999
457,1924031
591,1924063
0,1924095
0,1924127
430,1924159
302,1924191
605,1924223
736,1924255
1022,1924287
1214,1924319
1422,1924351
1755,1924383
1959,1924415
1737,1924447
1578,1924479
1615,1924511
1082,1924543
1242,1924575
1007,1924607
440,1924639
511,1924671
316,1924703
311,1924735
464,1924767
736,1924799
1003,1924831
797,1924863
1385,1924895
1660,1924927
1934,1924959
1709,1924991
2251,1925023
2064,1925055
1417,1925087
1195,1925119
1049,1925151
782,1925183
508,1925215
284,1925247
138,1925279
0,1925311
0,1925343
637,1925375
474,1925407
667,1925439
1263,1925471
1561,1925503
1387,1925535
1968,1925567
2216,1925599
2327,1925631
1981,1925663
1416,1925695
1567,1925727
906,1925759
1055,1925791
875,1925823
250,1925855
471,1925887
125,1925919
24,1925951
649,1925983
447,1926015
743,1926047
1328,1926079
1150,1926111
1463,1926143
1984,1926175
1896,1926207
2233,1926239
1534,1926271
1371,1926303
1145,1926335
875,1926367
727,1926399
794,1926431
234,1926463
375,1926495
0,1926527
123,1926559
684,1926591
953,1926623
839,1926655
1370,1926687
1598,1926719
1879,1926751
2028,1926783
2312,1926815
2125,1926847
1933,1926879
1614,1926911
1376,1926943
842,1926975
568,1927007
688,1927039
199,1927071
0,1927103
0,1927135
459,1927167
426,1927199
614,1927231
792,1927263
1109,1927295
1332,1927327
1517,1927359
2207,1927391
1973,1927423
1736,1927455
1852,1927487
1677,1927519
1038,1927551
1113,1927583
560,1927615
751,1927647
57,1927679
190,1927711
352,1927743
169,1927775
871,1927807
992,1927839
873,1927871
1565,1927903
1305,1927935
1605,1927967
2218,1927999
1832,1928031
1703,1928063
1756,1928095
1159,1928127
1003,1928159
683,1928191
512,1928223
251,1928255
5,1928287
0,1928319
394,1928351
254,1928383
553,1928415
779,1928447
970,1928479
1592,1928511
1822,1928543
1693,1928575
2254,1928607
2236,1928639
1995,1928671
1676,1928703
1485,1928735
1291,1928767
632,1928799
749,1928831
558,1928863
0,1928895
0,1928927
410,1928959
333,1928991
509,1929023
732,1929055
1321,1929087
1241,1929119
1418,1929151
1646,1929183
1975,1929215
1755,1929247
1476,1929279
1727,1929311
1100,1929343
841,1929375
975,1929407
811,1929439
199,1929471
286,1929503
299,1929535
583,1929567
713,1929599
990,1929631
1215,1929663
1019,1929695
1336,1929727
1917,1929759
1737,1929791
2391,1929823
2044,1929855
1447,1929887
1627,1929919
959,1929951
807,1929983
928,1930015
303,1930047
152,1930079
191,1930111
18,1930143
204,1930175
398,1930207
695,1930239
1248,1930271
1100,1930303
1404,1930335
1607,1930367
1838,1930399
2297,1930431
1703,1930463
1431,1930495
1548,1930527
1355,1930559
777,1930591
858,1930623
624,1930655
427,1930687
109,1930719
396,1930751
619,1930783
459,1930815
1038,1930847
1262,1930879
1180,1930911
1358,1930943
1962,1930975
2202,1931007
1820,1931039
1533,1931071
1678,1931103
1161,1931135
894,1931167
618,1931199
477,1931231
248,1931263
1,1931295
303,1931327
139,1931359
363,1931391
924,1931423
1211,1931455
1048,1931487
1580,1931519
1865,1931551
2153,1931583
1885,1931615
1800,1931647
1915,1931679
1246,1931711
1499,1931743
1152,1931775
589,1931807
811,1931839
111,1931871
0,1931903
302,1931935
111,1931967
439,1931999
944,1932031
814,1932063
1022,1932095
1258,1932127
1548,1932159
2176,1932191
1896,1932223
1757,1932255
1485,1932287
1208,1932319
1055,1932351
831,1932383
582,1932415
730,1932447
489,1932479
0,1932511
346,1932543
604,1932575
830,1932607
985,1932639
1256,1932671
1527,1932703
1306,1932735
1914,1932767
2186,1932799
1834,1932831
1594,1932863
1728,1932895
1532,1932927
907,1932959
671,1932991
800,1933023
269,1933055
7,1933087
0,1933119
85,1933151
278,1933183
453,1933215
1149,1933247
986,1933279
1178,1933311
1791,1933343
2091,1933375
1913,1933407
2204,1933439
1977,1933471
1798,1933503
1451,1933535
902,1933567
1049,1933599
384,1933631
251,1933663
351,1933695
0,1933727
523,1933759
654,1933791
534,1933823
1161,1933855
960,1933887
1256,1933919
1484,1933951
1676,1933983
1897,1934015
2106,1934047
1544,1934079
1703,1934111
1018,1934143
856,1934175
632,1934207
363,1934239
215,1934271
0,1934303
0,1934335
543,1934367
445,1934399
635,1934431
1208,1934463
1471,1934495
1351,1934527
1902,1934559
2136,1934591
2347,1934623
2028,1934655
1836,1934687
1597,1934719
966,1934751
1096,1934783
861,1934815
332,1934847
60,1934879
171,1934911
288,1934943
225,1934975
396,1935007
974,1935039
935,1935071
1128,1935103
1302,1935135
1624,1935167
1852,1935199
1868,1935231
2091,1935263
1438,1935295
1211,1935327
1321,1935359
1151,1935391
538,1935423
590,1935455
45,1935487
217,1935519
8,1935551
604,1935583
875,1935615
682,1935647
1385,1935679
1518,1935711
1387,1935743
2093,1935775
1823,1935807
1836,1935839
1562,1935871
1307,1935903
1179,1935935
1230,1935967
646,1935999
495,1936031
170,1936063
8,1936095
0,1936127
59,1936159
379,1936191
582,1936223
762,1936255
1065,1936287
1292,1936319
1486,1936351
2126,1936383
2361,1936415
1817,1936447
1898,1936479
1706,1936511
1468,1936543
1150,1936575
970,1936607
777,1936639
120,1936671
234,1936703
283,1936735
119,1936767
347,1936799
922,1936831
1194,1936863
1020,1936895
1244,1936927
1840,1936959
1767,1936991
1880,1937023
1645,1937055
1499,1937087
1238,1937119
1391,1937151
1207,1937183
589,1937215
329,1937247
460,1937279
285,1937311
26,1937343
586,1937375
815,1937407
1099,1937439
1224,1937471
1504,1937503
1743,1937535
1534,1937567
1861,1937599
2269,1937631
1612,1937663
1854,1937695
1515,1937727
924,1937759
700,1937791
447,1937823
295,1937855
412,1937887
0,1937919
94,1937951
603,1937983
520,1938015
713,1938047
908,1938079
1196,1938111
1784,1938143
1624,1938175
1933,1938207
1838,1938239
1604,1938271
1769,1938303
1177,1938335
919,1938367
1024,1938399
839,1938431
265,1938463
335,1938495
220,1938527
491,1938559
640,1938591
908,1938623
1133,1938655
968,1938687
1564,1938719
1788,1938751
1708,1938783
1888,1938815
2077,1938847
1839,1938879
1292,1938911
1016,1938943
1147,1938975
647,1939007
381,1939039
576,1939071
0,1939103
0,1939135
166,1939167
811,1939199
651,1939231
874,1939263
1447,1939295
1741,1939327
1563,1939359
2107,1939391
2329,1939423
2153,1939455
1417,1939487
1273,1939519
1387,1939551
732,1939583
989,1939615
652,1939647
75,1939679
0,1939711
0,1939743
232,1939775
816,1939807
632,1939839
951,1939871
1466,1939903
1336,1939935
1546,1939967
1774,1939999
1897,1940031
2048,1940063
1360,1940095
1228,1940127
969,1940159
701,1940191
550,1940223
327,1940255
68,1940287
188,1940319
9,1940351
328,1940383
858,1940415
1130,1940447
1353,1940479
1501,1940511
1775,1940543
2061,1940575
1834,1940607
2140,1940639
1946,1940671
1304,1940703
1072,1940735
1196,1940767
1018,1940799
396,1940831
169,1940863
285,1940895
0,1940927
60,1940959
759,1940991
597,1941023
788,1941055
957,1941087
1676,1941119
1510,1941151
1704,1941183
2331,1941215
2204,1941247
1559,1941279
1672,1941311
1449,1941343
1262,1941375
939,1941407
390,1941439
523,1941471
0,1941503
0,1941535
528,1941567
364,1941599
570,1941631
1176,1941663
1048,1941695
1689,1941727
1482,1941759
1783,1941791
2330,1941823
1673,1941855
1424,1941887
1577,1941919
1022,1941951
1177,1941983
506,1942015
345,1942047
122,1942079
0,1942111
41,1942143
235,1942175
462,1942207
1069,1942239
1213,1942271
1147,1942303
1728,1942335
1999,1942367
1879,1942399
2251,1942431
2010,1942463
1816,1942495
1498,1942527
1307,1942559
1071,1942591
456,1942623
572,1942655
348,1942687
0,1942719
20,1942751
576,1942783
812,1942815
738,1942847
896,1942879
1225,1942911
1451,1942943
1646,1942975
1821,1943007
1851,1943039
1621,1943071
1351,1943103
1565,1943135
933,1943167
700,1943199
811,1943231
639,1943263
24,1943295
200,1943327
110,1943359
761,1943391
509,1943423
823,1943455
1391,1943487
1193,1943519
1423,1943551
2048,1943583
1912,1943615
2219,1943647
1472,1943679
1306,1943711
1452,1943743
792,1943775
863,1943807
714,1943839
137,1943871
0,1943903
0,1943935
173,1943967
366,1943999
571,1944031
904,1944063
1094,1944095
1274,1944127
1581,1944159
2090,1944191
1949,1944223
2112,1944255
1883,1944287
1290,1944319
1370,1944351
1180,1944383
941,1944415
636,1944447
447,1944479
250,1944511
0,1944543
525,1944575
793,1944607
632,1944639
857,1944671
1435,1944703
1719,1944735
1535,1944767
1769,1944799
1913,1944831
1641,1944863
1354,1944895
1129,1944927
984,1944959
725,1944991
453,1945023
687,1945055
86,1945087
0,1945119
411,1945151
701,1945183
536,1945215
1098,1945247
1335,1945279
1623,1945311
1754,1945343
1655,1945375
2272,1945407
1760,1945439
1929,1945471
1737,1945503
1096,1945535
1323,1945567
991,1945599
414,1945631
587,1945663
0,1945695
0,1945727
474,1945759
311,1945791
615,1945823
1117,1945855
1033,1945887
1224,1945919
1433,1945951
1724,1945983
1961,1946015
1736,1946047
1577,1946079
1658,1946111
1082,1946143
1241,1946175
665,1946207
407,1946239
508,1946271
313,1946303
0,1946335
511,1946367
736,1946399
1013,1946431
1161,1946463
1424,1946495
1661,1946527
1484,1946559
2091,1946591
2255,1946623
2062,1946655
1419,1946687
1548,1946719
1047,1946751
782,1946783
506,1946815
637,1946847
135,1946879
0,1946911
0,1946943
263,1946975
477,1947007
678,1947039
1325,1947071
1163,1947103
1396,1947135
1976,1947167
2270,1947199
1912,1947231
1980,1947263
1415,1947295
1615,1947327
896,1947359
1052,1947391
864,1947423
220,1947455
460,1947487
132,1947519
29,1947551
701,1947583
456,1947615
746,1947647
1338,1947679
1136,1947711
1464,1947743
1994,1947775
1853,1947807
1770,1947839
1627,1947871
1367,1947903
1097,1947935
848,1947967
715,1947999
794,1948031
200,1948063
39,1948095
0,1948127
132,1948159
730,1948191
955,1948223
840,1948255
1376,1948287
1656,1948319
1882,1948351
2032,1948383
2315,1948415
2171,1948447
1472,1948479
1612,1948511
1420,1948543
1240,1948575
567,1948607
684,1948639
156,1948671
0,1948703
0,1948735
460,1948767
392,1948799
569,1948831
794,1948863
1111,1948895
1299,1948927
1480,1948959
2215,1948991
1973,1949023
1693,1949055
1849,1949087
1672,1949119
1037,1949151
1146,1949183
925,1949215
747,1949247
424,1949279
238,1949311
365,1949343
171,1949375
488,1949407
1048,1949439
875,1949471
1564,1949503
1696,1949535
1562,1949567
2221,1949599
1823,1949631
1657,1949663
1802,1949695
1149,1949727
907,1949759
744,1949791
509,1949823
663,1949855
3,1949887
0,1949919
398,1949951
256,1949983
553,1950015
759,1950047
974,1950079
1593,1950111
1469,1950143
1672,1950175
2255,1950207
2233,1950239
1639,1950271
1722,1950303
1482,1950335
1289,1950367
976,1950399
793,1950431
554,1950463
363,1950495
184,1950527
411,1950559
334,1950591
511,1950623
1088,1950655
1324,1950687
1243,1950719
1419,1950751
2028,1950783
1977,1950815
1755,1950847
1466,1950879
1323,1950911
1097,1950943
838,1950975
1035,1951007
421,1951039
475,1951071
285,1951103
351,1951135
199,1951167
717,1951199
989,1951231
1275,1951263
1019,1951295
1338,1951327
1929,1951359
1711,1951391
2381,1951423
2042,1951455
1435,1951487
1677,1951519
956,1951551
796,1951583
926,1951615
280,1951647
151,1951679
0,1951711
0,1951743
271,1951775
400,1951807
696,1951839
1294,1951871
1084,1951903
1406,1951935
1612,1951967
1802,1951999
1929,1952031
1693,1952063
1423,1952095
1582,1952127
1351,1952159
777,1952191
856,1952223
656,1952255
427,1952287
111,1952319
398,1952351
671,1952383
460,1952415
1040,1952447
1320,1952479
1144,1952511
1360,1952543
1966,1952575
2250,1952607
1766,1952639
1520,1952671
1671,1952703
1126,1952735
842,1952767
616,1952799
473,1952831
204,1952863
0,1952895
285,1952927
147,1952959
704,1952991
925,1953023
1212,1953055
1050,1953087
1624,1953119
1865,1953151
2155,1953183
2283,1953215
1757,1953247
1915,1953279
1242,1953311
1098,1953343
1212,1953375
584,1953407
807,1953439
477,1953471
0,1953503
303,1953535
110,1953567
411,1953599
632,1953631
826,1953663
1118,1953695
1641,1953727
1548,1953759
2175,1953791
1883,1953823
1709,1953855
1482,1953887
1210,1953919
1053,1953951
795,1953983
571,1954015
717,1954047
154,1954079
0,1954111
348,1954143
617,1954175
503,1954207
1024,1954239
903,1954271
1530,1954303
1677,1954335
1962,1954367
2189,1954399
1822,1954431
1964,1954463
1724,1954495
1530,1954527
904,1954559
1022,1954591
797,1954623
272,1954655
3,1954687
109,1954719
87,1954751
272,1954783
454,1954815
765,1954847
989,1954879
1567,1954911
1855,1954943
1687,1954975
1915,1955007
2203,1955039
2025,1955071
1383,1955103
1450,1955135
902,1955167
1095,1955199
392,1955231
538,1955263
349,1955295
0,1955327
539,1955359
664,1955391
539,1955423
1222,1955455
968,1955487
1258,1955519
1449,1955551
1657,1955583
1992,1955615
2104,1955647
1496,1955679
1343,1955711
1019,1955743
853,1955775
587,1955807
622,1955839
203,1955871
0,1955903
0,1955935
215,1955967
443,1955999
634,1956031
1246,1956063
1469,1956095
1352,1956127
1902,1956159
1712,1956191
2344,1956223
2028,1956255
1834,1956287
1641,1956319
956,1956351
1086,1956383
904,1956415
712,1956447
48,1956479
170,1956511
344,1956543
174,1956575
399,1956607
976,1956639
903,1956671
1080,1956703
1308,1956735
1625,1956767
1818,1956799
2269,1956831
2085,1956863
1437,1956895
1174,1956927
1321,1956959
1147,1956991
535,1957023
632,1957055
409,1957087
231,1957119
377,1957151
650,1957183
879,1957215
685,1957247
997,1957279
1568,1957311
1388,1957343
2103,1957375
2233,1957407
1787,1957439
1551,1957471
1304,1957503
1132,1957535
1274,1957567
638,1957599
488,1957631
540,1957663
6,1957695
265,1957727
64,1957759
359,1957791
586,1957823
764,1957855
1067,1957887
1261,1957919
1496,1957951
2125,1957983
1997,1958015
1772,1958047
1897,1958079
1241,1958111
1113,1958143
1195,1958175
960,1958207
767,1958239
463,1958271
270,1958303
283,1958335
554,1958367
700,1958399
924,1958431
844,1958463
1022,1958495
1615,1958527
1852,1958559
1768,1958591
1872,1958623
2011,1958655
1497,1958687
1230,1958719
1437,1958751
813,1958783
587,1958815
326,1958847
512,1958879
0,1958911
27,1958943
589,1958975
877,1959007
711,1959039
1230,1959071
1513,1959103
1804,1959135
1536,1959167
1865,1959199
2267,1959231
1592,1959263
1851,1959295
1504,1959327
920,1959359
680,1959391
444,1959423
281,1959455
410,1959487
0,1959519
103,1959551
604,1959583
484,1959615
783,1959647
912,1959679
1208,1959711
1398,1959743
1608,1959775
1943,1959807
1832,1959839
1550,1959871
1401,1959903
1175,1959935
910,1959967
1064,1959999
392,1960031
263,1960063
330,1960095
268,1960127
493,1960159
649,1960191
919,1960223
1183,1960255
971,1960287
1566,1960319
1836,1960351
1660,1960383
1896,1960415
2076,1960447
1882,1960479
1232,1960511
1007,1960543
1145,1960575
613,1960607
330,1960639
572,1960671
0,1960703
0,1960735
119,1960767
821,1960799
651,1960831
841,1960863
1449,1960895
1741,1960927
1573,1960959
2153,1960991
2327,1961023
2139,1961055
1800,1961087
1239,1961119
1385,1961151
729,1961183
587,1961215
704,1961247
76,1961279
0,1961311
327,1961343
201,1961375
823,1961407
632,1961439
919,1961471
1515,1961503
1336,1961535
1642,1961567
2172,1961599
1886,1961631
2054,1961663
1360,1961695
1192,1961727
966,1961759
698,1961791
540,1961823
287,1961855
56,1961887
197,1961919
351,1961951
299,1961983
862,1962015
1133,1962047
1015,1962079
1560,1962111
1788,1962143
2060,1962175
2208,1962207
2186,1962239
1949,1962271
1302,1962303
1434,1962335
1184,1962367
1008,1962399
394,1962431
505,1962463
285,1962495
0,1962527
61,1962559
379,1962591
601,1962623
792,1962655
968,1962687
1275,1962719
1511,1962751
1707,1962783
2393,1962815
1787,1962847
1556,1962879
1673,1962911
1487,1962943
871,1962975
928,1963007
380,1963039
575,1963071
0,1963103
0,1963135
537,1963167
345,1963199
573,1963231
1178,1963263
1050,1963295
1743,1963327
1485,1963359
1785,1963391
2330,1963423
1644,1963455
1514,1963487
1568,1963519
975,1963551
825,1963583
506,1963615
342,1963647
77,1963679
0,1963711
44,1963743
246,1963775
428,1963807
729,1963839
1214,1963871
1148,1963903
1770,1963935
2009,1963967
1883,1963999
2250,1964031
2046,1964063
1813,1964095
1497,1964127
1306,1964159
1115,1964191
455,1964223
572,1964255
382,1964287
200,1964319
18,1964351
588,1964383
855,1964415
686,1964447
908,1964479
1225,1964511
1418,1964543
1596,1964575
1832,1964607
1848,1964639
1576,1964671
1292,1964703
1548,1964735
923,1964767
664,1964799
800,1964831
635,1964863
19,1964895
236,1964927
477,1964959
763,1964991
888,1965023
794,1965055
1401,1965087
1198,1965119
1820,1965151
2096,1965183
1918,1965215
2215,1965247
1864,1965279
1259,1965311
1439,1965343
782,1965375
621,1965407
750,1965439
127,1965471
0,1965503
266,1965535
183,1965567
781,1965599
574,1965631
862,1965663
1097,1965695
1277,1965727
1592,1965759
2139,1965791
1946,1965823
2110,1965855
1513,1965887
1245,1965919
1368,1965951
1177,1965983
601,1966015
672,1966047
448,1966079
235,1966111
301,1966143
574,1966175
795,1966207
1069,1966239
1214,1966271
1447,1966303
1359,1966335
1536,1966367
2144,1966399
1911,1966431
1640,1966463
1353,1966495
1485,1966527
972,1966559
718,1966591
442,1966623
301,1966655
84,1966687
0,1966719
472,1966751
316,1966783
540,1966815
1103,1966847
1401,1966879
1223,1966911
1755,1966943
1658,1966975
2335,1967007
1759,1967039
1918,1967071
1737,1967103
1068,1967135
1319,1967167
987,1967199
411,1967231
635,1967263
0,1967295
0,1967327
480,1967359
291,1967391
615,1967423
1120,1967455
995,1967487
1293,1967519
1433,1967551
1733,1967583
1917,1967615
1707,1967647
1575,1967679
1656,1967711
1035,1967743
887,1967775
666,1967807
397,1967839
58,1967871
303,1967903
0,1967935
512,1967967
782,1967999
1013,1968031
1166,1968063
1437,1968095
1709,1968127
1487,1968159
2095,1968191
2298,1968223
1644,1968255
1407,1968287
1536,1968319
1003,1968351
728,1968383
502,1968415
635,1968447
100,1968479
0,1968511
0,1968543
253,1968575
451,1968607
635,1968639
1334,1968671
1171,1968703
1365,1968735
1979,1968767
2279,1968799
1909,1968831
2015,1968863
1791,1968895
1610,1968927
1274,1968959
1100,1968991
863,1969023
219,1969055
72,1969087
183,1969119
38,1969151
702,1969183
832,1969215
707,1969247
1339,1969279
1147,1969311
1447,1969343
2047,1969375
1855,1969407
1869,1969439
1928,1969471
1367,1969503
1096,1969535
847,1969567
683,1969599
792,1969631
190,1969663
29,1969695
0,1969727
140,1969759
730,1969791
621,1969823
810,1969855
1388,1969887
1657,1969919
1530,1969951
2092,1969983
2317,1970015
2167,1970047
1851,1970079
1648,1970111
1417,1970143
791,1970175
912,1970207
683,1970239
158,1970271
0,1970303
238,1970335
473,1970367
394,1970399
572,1970431
1151,1970463
1112,1970495
1304,1970527
1480,1970559
1805,1970591
1961,1970623
1690,1970655
1903,1970687
1261,1970719
1034,1970751
1145,1970783
973,1970815
359,1970847
414,1970879
231,1970911
415,1970943
184,1970975
488,1971007
1053,1971039
858,1971071
1574,1971103
1695,1971135
1565,1971167
2281,1971199
1821,1971231
1646,1971263
1792,1971295
1128,1971327
999,1971359
1052,1971391
463,1971423
222,1971455
3,1971487
0,1971519
442,1971551
237,1971583
556,1971615
758,1971647
937,1971679
1241,1971711
1470,1971743
1674,1971775
2301,1971807
2231,1971839
1629,1971871
1712,1971903
1520,1971935
1287,1971967
975,1971999
783,1972031
591,1972063
0,1972095
187,1972127
457,1972159
298,1972191
512,1972223
1100,1972255
1371,1972287
1194,1972319
1421,1972351
2028,1972383
1945,1972415
1702,1972447
1465,1972479
1323,1972511
1060,1972543
780,1972575
1031,1972607
408,1972639
150,1972671
282,1972703
359,1972735
211,1972767
761,1972799
991,1972831
1277,1972863
1404,1972895
1307,1972927
1919,1972959
1720,1972991
1961,1973023
2088,1973055
1433,1973087
1671,1973119
1336,1973151
749,1973183
925,1973215
272,1973247
119,1973279
0,1973311
0,1973343
186,1973375
780,1973407
698,1973439
1307,1973471
1087,1973503
1374,1973535
1610,1973567
1804,1973599
1927,1973631
1657,1973663
1418,1973695
1579,1973727
1001,1973759
745,1973791
848,1973823
653,1973855
87,1973887
169,1973919
406,1973951
665,1973983
825,1974015
1088,1974047
1310,1974079
1144,1974111
1742,1974143
1968,1974175
1895,1974207
1758,1974239
1898,1974271
1659,1974303
1115,1974335
830,1974367
968,1974399
470,1974431
215,1974463
0,1974495
0,1974527
140,1974559
334,1974591
991,1974623
827,1974655
1054,1974687
1625,1974719
1927,1974751
1751,1974783
2286,1974815
1755,1974847
1965,1974879
1241,1974911
1390,1974943
1211,1974975
556,1975007
807,1975039
474,1975071
0,1975103
361,1975135
125,1975167
411,1975199
604,1975231
806,1975263
1127,1975295
1646,1975327
1513,1975359
1823,1975391
1881,1975423
1708,1975455
1436,1975487
1184,1975519
1050,1975551
795,1975583
525,1975615
368,1975647
151,1975679
0,1975711
384,1975743
619,1975775
503,1975807
1039,1975839
1308,1975871
1533,1975903
1691,1975935
1965,1975967
2239,1975999
1820,1976031
1961,1976063
1759,1976095
1126,1976127
892,1976159
1020,1976191
832,1976223
228,1976255
2,1976287
119,1976319
56,1976351
236,1976383
459,1976415
775,1976447
963,1976479
1579,1976511
1864,1976543
1689,1976575
1883,1976607
2191,1976639
2023,1976671
1382,1976703
1484,1976735
1271,1976767
1086,1976799
761,1976831
576,1976863
347,1976895
0,1976927
151,1976959
704,1976991
540,1977023
1224,1977055
1352,1977087
1226,1977119
1452,1977151
1661,1977183
1964,1977215
2153,1977247
1496,1977279
1339,1977311
1391,1977343
852,1977375
585,1977407
332,1977439
171,1977471
268,1977503
0,1977535
216,1977567
424,1977599
645,1977631
1247,1977663
1129,1977695
1322,1977727
1914,1977759
2175,1977791
1981,1977823
2062,1977855
1824,1977887
1629,1977919
1319,1977951
1132,1977983
893,1978015
282,1978047
397,1978079
158,1978111
8,1978143
186,1978175
752,1978207
985,1978239
908,1978271
1083,1978303
1677,1978335
1629,1978367
1830,1978399
2317,1978431
1671,1978463
1434,1978495
1164,1978527
1371,1978559
748,1978591
536,1978623
624,1978655
447,1978687
0,1978719
378,1978751
655,1978783
939,1978815
686,1978847
999,1978879
1579,1978911
1371,1978943
2103,1978975
2232,1979007
1785,1979039
1528,1979071
1294,1979103
1129,1979135
1262,1979167
616,1979199
477,1979231
536,1979263
0,1979295
0,1979327
64,1979359
358,1979391
955,1979423
748,1979455
1077,1979487
1270,1979519
1450,1979551
1769,1979583
2007,1979615
1769,1979647
1931,1979679
1230,1979711
1111,1979743
1184,1979775
992,1979807
765,1979839
463,1979871
184,1979903
320,1979935
136,1979967
704,1979999
970,1980031
808,1980063
1024,1980095
1624,1980127
1900,1980159
1721,1980191
1870,1980223
2011,1980255
1452,1980287
1176,1980319
1431,1980351
810,1980383
549,1980415
270,1980447
511,1980479
0,1980511
3,1980543
589,1980575
875,1980607
713,1980639
1273,1980671
1515,1980703
1804,1980735
1934,1980767
1833,1980799
2265,1980831
1582,1980863
1434,1980895
1550,1980927
920,1980959
671,1980991
815,1981023
237,1981055
407,1981087
0,1981119
75,1981151
652,1981183
487,1981215
696,1981247
1294,1981279
1209,1981311
1831,1981343
1611,1981375
1911,1981407
1833,1981439
1549,1981471
1399,1981503
1131,1981535
904,1981567
1053,1981599
735,1981631
220,1981663
334,1981695
269,1981727
159,1981759
696,1981791
920,1981823
1191,1981855
1337,1981887
1612,1981919
1839,1981951
1664,1981983
2272,1982015
2074,1982047
1516,1982079
1240,1982111
1360,1982143
1134,1982175
610,1982207
330,1982239
187,1982271
0,1982303
0,1982335
122,1982367
439,1982399
651,1982431
846,1982463
1504,1982495
1340,1982527
1567,1982559
2157,1982591
2379,1982623
1726,1982655
1792,1982687
1229,1982719
1423,1982751
719,1982783
585,1982815
687,1982847
42,1982879
0,1982911
318,1982943
207,1982975
877,1983007
634,1983039
922,1983071
1518,1983103
1320,1983135
1655,1983167
2174,1983199
1838,1983231
1687,1983263
1356,1983295
1190,1983327
920,1983359
670,1983391
538,1983423
283,1983455
21,1983487
0,1983519
363,1983551
301,1983583
906,1983615
1133,1983647
1015,1983679
1564,1983711
1834,1983743
2071,1983775
2219,1983807
2184,1983839
1983,1983871
1294,1983903
1423,1983935
1232,1983967
616,1983999
382,1984031
511,1984063
316,1984095
0,1984127
64,1984159
379,1984191
570,1984223
746,1984255
971,1984287
1288,1984319
1478,1984351
1658,1984383
2396,1984415
1785,1984447
1512,1984479
1662,1984511
1484,1984543
860,1984575
960,1984607
749,1984639
571,1984671
238,1984703
0,1984735
539,1984767
348,1984799
952,1984831
1228,1984863
1050,1984895
1751,1984927
1881,1984959
1749,1984991
2319,1985023
1643,1985055
1475,1985087
1612,1985119
972,1985151
823,1985183
878,1985215
339,1985247
79,1985279
0,1985311
24,1985343
250,1985375
429,1985407
732,1985439
1261,1985471
1158,1985503
1775,1985535
1647,1985567
1849,1985599
2239,1985631
2045,1985663
1451,1985695
1534,1985727
1296,1985759
1111,1985791
800,1985823
606,1985855
379,1985887
0,1985919
363,1985951
590,1985983
860,1986015
687,1986047
1263,1986079
1229,1986111
1420,1986143
1607,1986175
2215,1986207
1847,1986239
1576,1986271
1291,1986303
1147,1986335
920,1986367
654,1986399
857,1986431
245,1986463
18,1986495
239,1986527
539,1986559
375,1986591
893,1986623
794,1986655
1453,1986687
1199,1986719
1824,1986751
2107,1986783
1896,1986815
2199,1986847
1856,1986879
1257,1986911
1487,1986943
782,1986975
618,1987007
750,1987039
104,1987071
0,1987103
268,1987135
150,1987167
360,1987199
679,1987231
872,1987263
1062,1987295
1260,1987327
1592,1987359
2140,1987391
1898,1987423
1750,1987455
1511,1987487
1246,1987519
1401,1987551
1167,1987583
599,1987615
672,1987647
478,1987679
237,1987711
304,1987743
576,1987775
845,1987807
638,1987839
1214,1987871
1488,1987903
1772,1987935
1536,1987967
2154,1987999
1866,1988031
1580,1988063
1343,1988095
1482,1988127
939,1988159
666,1988191
443,1988223
297,1988255
39,1988287
0,1988319
475,1988351
316,1988383
506,1988415
1102,1988447
1399,1988479
1228,1988511
1804,1988543
2045,1988575
2343,1988607
2144,1988639
1962,1988671
1727,1988703
1064,1988735
921,1988767
1034,1988799
410,1988831
620,1988863
298,1988895
0,1988927
487,1988959
299,1988991
586,1989023
1176,1989055
999,1989087
1209,1989119
1496,1989151
1734,1989183
2363,1989215
1704,1989247
1530,1989279
1646,1989311
1035,1989343
876,1989375
629,1989407
394,1989439
541,1989471
0,1989503
0,1989535
512,1989567
783,1989599
669,1989631
1212,1989663
1439,1989695
1708,1989727
1867,1989759
2141,1989791
2287,1989823
2103,1989855
1783,1989887
1534,1989919
1000,1989951
720,1989983
846,1990015
633,1990047
102,1990079
0,1990111
300,1990143
271,1990175
454,1990207
634,1990239
942,1990271
1174,1990303
1358,1990335
2043,1990367
1867,1990399
2216,1990431
2013,1990463
1839,1990495
1205,1990527
1271,1990559
1087,1990591
911,1990623
208,1990655
72,1990687
187,1990719
8,1990751
715,1990783
840,1990815
715,1990847
1401,1990879
1147,1990911
1435,1990943
2057,1990975
1838,1991007
1863,1991039
1594,1991071
1317,1991103
1161,1991135
843,1991167
679,1991199
816,1991231
156,1991263
26,1991295
0,1991327
94,1991359
395,1991391
620,1991423
812,1991455
1422,1991487
1661,1991519
1532,1991551
2092,1991583
2366,1991615
2157,1991647
1839,1991679
1645,1991711
1451,1991743
782,1991775
911,1991807
719,1991839
104,1991871
0,1991903
40,1991935
521,1991967
358,1991999
574,1992031
1162,1992063
1080,1992095
1258,1992127
1483,1992159
1813,1992191
1918,1992223
1632,1992255
1899,1992287
1257,1992319
1376,1992351
1135,1992383
971,1992415
348,1992447
446,1992479
221,1992511
415,1992543
544,1992575
459,1992607
1055,1992639
859,1992671
1176,1992703
1754,1992735
1576,1992767
2283,1992799
2206,1992831
1608,1992863
1787,1992895
1118,1992927
955,1992959
732,1992991
460,1993023
311,1993055
352,1993087
0,1993119
443,1993151
239,1993183
535,1993215
762,1993247
940,1993279
1244,1993311
1447,1993343
1676,1993375
2310,1993407
1865,1993439
1593,1993471
1710,1993503
1513,1993535
935,1993567
1016,1993599
428,1993631
587,1993663
283,1993695
234,1993727
460,1993759
300,1993791
876,1993823
1101,1993855
1374,1993887
1197,1993919
1800,1993951
2039,1993983
1957,1994015
1691,1994047
1833,1994079
1320,1994111
1050,1994143
776,1994175
635,1994207
408,1994239
511,1994271
343,1994303
0,1994335
216,1994367
763,1994399
1051,1994431
891,1994463
1406,1994495
1308,1994527
1991,1994559
1724,1994591
2266,1994623
2079,1994655
1403,1994687
1671,1994719
1326,1994751
746,1994783
971,1994815
270,1994847
106,1994879
0,1994911
0,1994943
280,1994975
784,1995007
664,1995039
959,1995071
1088,1995103
1384,1995135
1577,1995167
1788,1995199
1917,1995231
1656,1995263
1372,1995295
1215,1995327
987,1995359
734,1995391
880,1995423
651,1995455
88,1995487
170,1995519
19,1995551
677,1995583
826,1995615
1097,1995647
1360,1995679
1144,1995711
1744,1995743
2016,1995775
2304,1995807
1756,1995839
1888,1995871
1696,1995903
1064,1995935
831,1995967
958,1995999
439,1996031
154,1996063
0,1996095
0,1996127
119,1996159
717,1996191
989,1996223
828,1996255
1019,1996287
1631,1996319
1929,1996351
1753,1996383
2336,1996415
2141,1996447
1959,1996479
1615,1996511
1436,1996543
1207,1996575
554,1996607
408,1996639
510,1996671
0,1996703
363,1996735
495,1996767
376,1996799
603,1996831
808,1996863
1095,1996895
1692,1996927
1513,1996959
1831,1996991
2268,1997023
1705,1997055
1867,1997087
1179,1997119
1017,1997151
791,1997183
524,1997215
363,1997247
119,1997279
0,1997311
393,1997343
285,1997375
474,1997407
1040,1997439
861,1997471
1191,1997503
1738,1997535
1966,1997567
2247,1997599
2191,1997631
1997,1997663
1759,1997695
1567,1997727
1256,1997759
1018,1997791
492,1997823
220,1997855
334,1997887
121,1997919
73,1997951
246,1997983
815,1998015
764,1998047
960,1998079
1641,1998111
1451,1998143
1692,1998175
1886,1998207
2251,1998239
1610,1998271
1371,1998303
1483,1998335
1319,1998367
686,1998399
752,1998431
569,1998463
393,1998495
0,1998527
149,1998559
729,1998591
520,1998623
1227,1998655
1358,1998687
1225,1998719
1436,1998751
1674,1998783
1966,1998815
2142,1998847
1464,1998879
1335,1998911
1388,1998943
806,1998975
649,1999007
330,1999039
168,1999071
0,1999103
0,1999135
231,1999167
424,1999199
604,1999231
907,1999263
1131,1999295
1324,1999327
1952,1999359
1737,1999391
1976,1999423
2063,1999455
1868,1999487
1627,1999519
1312,1999551
1128,1999583
928,1999615
272,1999647
394,1999679
215,1999711
0,1999743
187,1999775
752,1999807
1024,1999839
868,1999871
1096,1999903
1680,1999935
1605,1999967
1776,1999999
2326,2000031
1671,2000063
1388,2000095
1116,2000127
1367,2000159
747,2000191
487,2000223
623,2000255
445,2000287
0,2000319
424,2000351
653,2000383
939,2000415
1068,2000447
968,2000479
1579,2000511
1371,2000543
1692,2000575
2284,2000607
1776,2000639
1528,2000671
1679,2000703
1082,2000735
1261,2000767
606,2000799
455,2000831
574,2000863
0,2000895
0,2000927
440,2000959
362,2000991
957,2001023
748,2001055
1040,2001087
1272,2001119
1454,2001151
1771,2001183
1975,2001215
1768,2001247
1930,2001279
1599,2001311
1079,2001343
1182,2001375
991,2001407
425,2001439
492,2001471
266,2001503
329,2001535
479,2001567
749,2001599
973,2001631
812,2001663
1392,2001695
1626,2001727
1903,2001759
1721,2001791
2239,2001823
2008,2001855
1454,2001887
1167,2001919
1035,2001951
807,2001983
540,2002015
269,2002047
123,2002079
0,2002111
7,2002143
651,2002175
491,2002207
724,2002239
1288,2002271
1575,2002303
1403,2002335
1944,2002367
1837,2002399
2315,2002431
1580,2002463
1433,2002495
1549,2002527
890,2002559
667,2002591
813,2002623
238,2002655
461,2002687
0,2002719
77,2002751
656,2002783
470,2002815
791,2002847
1304,2002879
1175,2002911
1479,2002943
1613,2002975
1912,2003007
1775,2003039
1520,2003071
1387,2003103
1129,2003135
858,2003167
713,2003199
734,2003231
229,2003263
362,2003295
269,2003327
169,2003359
700,2003391
968,2003423
1193,2003455
1342,2003487
1615,2003519
1896,2003551
1672,2003583
2281,2003615
2112,2003647
1920,2003679
1230,2003711
1359,2003743
1179,2003775
553,2003807
327,2003839
185,2003871
0,2003903
0,2003935
555,2003967
440,2003999
621,2004031
808,2004063
1511,2004095
1352,2004127
1532,2004159
2157,2004191
2365,2004223
1722,2004255
1834,2004287
1609,2004319
1420,2004351
1097,2004383
551,2004415
687,2004447
33,2004479
183,2004511
366,2004543
206,2004575
888,2004607
1008,2004639
887,2004671
1519,2004703
1324,2004735
1615,2004767
2224,2004799
1833,2004831
1687,2004863
1739,2004895
1189,2004927
1335,2004959
667,2004991
503,2005023
280,2005055
19,2005087
0,2005119
411,2005151
301,2005183
907,2005215
797,2005247
986,2005279
1566,2005311
1837,2005343
1709,2005375
2267,2005407
2174,2005439
1979,2005471
1661,2005503
1468,2005535
1231,2005567
1049,2005599
734,2005631
494,2005663
0,2005695
0,2005727
415,2005759
392,2005791
574,2005823
748,2005855
1336,2005887
1289,2005919
1480,2005951
1662,2005983
1991,2006015
1783,2006047
1501,2006079
1722,2006111
1084,2006143
857,2006175
969,2006207
795,2006239
174,2006271
236,2006303
0,2006335
600,2006367
351,2006399
958,2006431
1229,2006463
1034,2006495
1755,2006527
1885,2006559
1743,2006591
2367,2006623
1641,2006655
1468,2006687
1610,2006719
944,2006751
813,2006783
864,2006815
294,2006847
137,2006879
0,2006911
23,2006943
217,2006975
411,2007007
733,2007039
1264,2007071
1114,2007103
1421,2007135
1658,2007167
1853,2007199
2283,2007231
2043,2007263
1447,2007295
1530,2007327
1338,2007359
1110,2007391
798,2007423
603,2007455
414,2007487
0,2007519
364,2007551
636,2007583
470,2007615
696,2007647
1275,2007679
1197,2007711
1372,2007743
1600,2007775
2217,2007807
1803,2007839
1515,2007871
1280,2007903
1141,2007935
874,2007967
603,2007999
859,2008031
233,2008063
0,2008095
252,2008127
536,2008159
378,2008191
942,2008223
1179,2008255
1463,2008287
1584,2008319
1880,2008351
2109,2008383
1899,2008415
1782,2008447
1902,2008479
1246,2008511
1486,2008543
1152,2008575
570,2008607
745,2008639
107,2008671
0,2008703
314,2008735
153,2008767
455,2008799
958,2008831
872,2008863
1064,2008895
1264,2008927
1561,2008959
2144,2008991
1896,2009023
1740,2009055
1470,2009087
1240,2009119
1399,2009151
825,2009183
567,2009215
670,2009247
473,2009279
0,2009311
351,2009343
584,2009375
845,2009407
1002,2009439
1264,2009471
1497,2009503
1321,2009535
1928,2009567
2156,2009599
1866,2009631
1578,2009663
1706,2009695
1472,2009727
936,2009759
665,2009791
784,2009823
297,2009855
36,2009887
0,2009919
93,2009951
318,2009983
508,2010015
1165,2010047
1003,2010079
1227,2010111
1808,2010143
2107,2010175
1931,2010207
2142,2010239
1961,2010271
1775,2010303
1054,2010335
919,2010367
1023,2010399
380,2010431
619,2010463
298,2010495
0,2010527
541,2010559
300,2010591
587,2010623
1176,2010655
975,2010687
1305,2010719
1824,2010751
1689,2010783
1913,2010815
1695,2010847
1526,2010879
1688,2010911
1004,2010943
875,2010975
618,2011007
346,2011039
201,2011071
0,2011103
0,2011135
570,2011167
794,2011199
679,2011231
1215,2011263
1494,2011295
1721,2011327
1871,2011359
2142,2011391
2333,2011423
1640,2011455
1772,2011487
1580,2011519
944,2011551
718,2011583
846,2011615
654,2011647
44,2011679
0,2011711
302,2011743
236,2011775
413,2011807
633,2011839
951,2011871
1139,2011903
1318,2011935
2045,2011967
1867,2011999
1864,2012031
2011,2012063
1835,2012095
1204,2012127
1307,2012159
1085,2012191
909,2012223
574,2012255
40,2012287
189,2012319
20,2012351
329,2012383
880,2012415
718,2012447
1399,2012479
1531,2012511
1401,2012543
2048,2012575
1840,2012607
1820,2012639
1582,2012671
1318,2012703
1066,2012735
1214,2012767
668,2012799
815,2012831
150,2012863
1,2012895
0,2012927
102,2012959
395,2012991
599,2013023
812,2013055
1433,2013087
1309,2013119
1500,2013151
2094,2013183
2377,2013215
1799,2013247
1882,2013279
1642,2013311
1449,2013343
1144,2013375
953,2013407
717,2013439
103,2013471
219,2013503
252,2013535
184,2013567
361,2013599
936,2013631
1164,2013663
1095,2013695
1260,2013727
1864,2013759
1815,2013791
1916,2013823
1626,2013855
1485,2013887
1258,2013919
986,2013951
1193,2013983
572,2014015
346,2014047
445,2014079
267,2014111
39,2014143
559,2014175
462,2014207
1115,2014239
864,2014271
1472,2014303
1758,2014335
1548,2014367
2284,2014399
2205,2014431
1598,2014463
1839,2014495
1115,2014527
954,2014559
683,2014591
441,2014623
312,2014655
352,2014687
0,2014719
111,2014751
240,2014783
534,2014815
719,2014847
922,2014879
1245,2014911
1448,2014943
1638,2014975
1947,2015007
1853,2015039
1592,2015071
1744,2015103
1503,2015135
935,2015167
1007,2015199
814,2015231
587,2015263
283,2015295
236,2015327
504,2015359
302,2015391
889,2015423
1150,2015455
975,2015487
1208,2015519
1803,2015551
2080,2015583
1901,2015615
1692,2015647
1824,2015679
1277,2015711
999,2015743
776,2015775
633,2015807
371,2015839
511,2015871
331,2015903
0,2015935
180,2015967
441,2015999
1054,2016031
901,2016063
1454,2016095
1705,2016127
1979,2016159
2120,2016191
2316,2016223
2080,2016255
1402,2016287
1258,2016319
1372,2016351
744,2016383
968,2016415
635,2016447
69,2016479
0,2016511
0,2016543
248,2016575
832,2016607
667,2016639
971,2016671
1480,2016703
1387,2016735
1580,2016767
1790,2016799
1879,2016831
1996,2016863
1360,2016895
1211,2016927
955,2016959
734,2016991
873,2017023
313,2017055
55,2017087
172,2017119
445,2017151
345,2017183
873,2017215
1100,2017247
1369,2017279
1516,2017311
1791,2017343
2027,2017375
1848,2017407
2124,2017439
1884,2017471
1338,2017503
1054,2017535
1191,2017567
957,2017599
425,2017631
154,2017663
269,2017695
0,2017727
120,2017759
777,2017791
605,2017823
839,2017855
1028,2017887
1693,2017919
1518,2017951
1754,2017983
2335,2018015
2189,2018047
1544,2018079
1612,2018111
1431,2018143
1255,2018175
543,2018207
409,2018239
511,2018271
0,2018303
366,2018335
493,2018367
378,2018399
588,2018431
812,2018463
1100,2018495
1696,2018527
1496,2018559
1833,2018591
2268,2018623
1656,2018655
1406,2018687
1177,2018719
1014,2018751
1160,2018783
491,2018815
361,2018847
106,2018879
0,2018911
58,2018943
283,2018975
474,2019007
1086,2019039
864,2019071
1192,2019103
1740,2019135
2014,2019167
2251,2019199
2189,2019231
1994,2019263
1802,2019295
1116,2019327
1248,2019359
1065,2019391
442,2019423
208,2019455
332,2019487
169,2019519
21,2019551
239,2019583
825,2019615
748,2019647
924,2019679
1639,2019711
1463,2019743
1660,2019775
1838,2019807
2251,2019839
1596,2019871
1333,2019903
1479,2019935
1309,2019967
691,2019999
792,2020031
575,2020063
381,2020095
204,2020127
125,2020159
717,2020191
512,2020223
837,2020255
1407,2020287
1230,2020319
1437,2020351
2062,2020383
1930,2020415
2141,2020447
1455,2020479
1292,2020511
1424,2020543
803,2020575
553,2020607
698,2020639
165,2020671
295,2020703
0,2020735
199,2020767
425,2020799
607,2020831
908,2020863
1114,2020895
1328,2020927
1961,2020959
2106,2020991
1943,2021023
2060,2021055
1865,2021087
1273,2021119
1354,2021151
1120,2021183
925,2021215
623,2021247
427,2021279
191,2021311
0,2021343
539,2021375
766,2021407
696,2021439
863,2021471
1452,2021503
1689,2021535
1608,2021567
1786,2021599
1899,2021631
1661,2021663
1388,2021695
1104,2021727
971,2021759
743,2021791
476,2021823
683,2021855
62,2021887
0,2021919
426,2021951
715,2021983
551,2022015
1070,2022047
972,2022079
1641,2022111
1376,2022143
1702,2022175
2295,2022207
1752,2022239
1517,2022271
1676,2022303
1081,2022335
1309,2022367
603,2022399
441,2022431
576,2022463
0,2022495
0,2022527
444,2022559
328,2022591
631,2022623
760,2022655
1048,2022687
1228,2022719
1438,2022751
1773,2022783
1977,2022815
1718,2022847
1563,2022879
1594,2022911
1068,2022943
1226,2022975
987,2023007
423,2023039
494,2023071
300,2023103
331,2023135
492,2023167
751,2023199
1021,2023231
812,2023263
1403,2023295
1676,2023327
1496,2023359
1725,2023391
2238,2023423
2045,2023455
1400,2023487
1166,2023519
1031,2023551
765,2023583
490,2023615
266,2023647
122,2023679
0,2023711
0,2023743
667,2023775
499,2023807
684,2023839
1287,2023871
1579,2023903
1403,2023935
1992,2023967
2235,2023999
2311,2024031
1965,2024063
1400,2024095
1547,2024127
888,2024159
1037,2024191
858,2024223
234,2024255
447,2024287
151,2024319
43,2024351
667,2024383
462,2024415
761,2024447
1356,2024479
1176,2024511
1481,2024543
2008,2024575
1914,2024607
1774,2024639
1517,2024671
1353,2024703
1127,2024735
858,2024767
701,2024799
768,2024831
214,2024863
350,2024895
0,2024927
139,2024959
702,2024991
969,2025023
845,2025055
1390,2025087
1624,2025119
1897,2025151
2046,2025183
2330,2025215
2109,2025247
1455,2025279
1596,2025311
1357,2025343
1176,2025375
552,2025407
672,2025439
172,2025471
0,2025503
0,2025535
475,2025567
442,2025599
634,2025631
810,2025663
1118,2025695
1351,2025727
1542,2025759
2233,2025791
1957,2025823
1720,2025855
1835,2025887
1661,2025919
1021,2025951
1096,2025983
548,2026015
735,2026047
41,2026079
172,2026111
375,2026143
186,2026175
892,2026207
1019,2026239
889,2026271
1581,2026303
1324,2026335
1623,2026367
2234,2026399
1806,2026431
1677,2026463
1738,2026495
1133,2026527
890,2026559
760,2026591
495,2026623
235,2026655
0,2026687
0,2026719
414,2026751
269,2026783
573,2026815
797,2026847
1000,2026879
1612,2026911
1849,2026943
1720,2026975
2271,2027007
2219,2027039
1976,2027071
1657,2027103
1468,2027135
1279,2027167
614,2027199
733,2027231
540,2027263
350,2027295
0,2027327
426,2027359
357,2027391
534,2027423
750,2027455
1339,2027487
1257,2027519
1434,2027551
1672,2027583
1991,2027615
1737,2027647
1452,2027679
1709,2027711
1083,2027743
823,2027775
960,2027807
795,2027839
172,2027871
268,2027903
317,2027935
599,2027967
727,2027999
713,2028031
1231,2028063
1039,2028095
1351,2028127
1936,2028159
1756,2028191
2365,2028223
2026,2028255
1417,2028287
1609,2028319
942,2028351
780,2028383
922,2028415
296,2028447
42,2028479
0,2028511
28,2028543
621,2028575
428,2028607
711,2028639
1272,2028671
1120,2028703
1421,2028735
1627,2028767
1864,2028799
2279,2028831
1677,2028863
1405,2028895
1529,2028927
1337,2028959
759,2028991
832,2029023
606,2029055
408,2029087
137,2029119
412,2029151
639,2029183
909,2029215
1063,2029247
1279,2029279
1200,2029311
1376,2029343
1980,2029375
2219,2029407
1802,2029439
1514,2029471
1648,2029503
1143,2029535
876,2029567
602,2029599
459,2029631
233,2029663
0,2029695
304,2029727
167,2029759
672,2029791
943,2029823
1229,2029855
1064,2029887
1594,2029919
1881,2029951
2171,2029983
1902,2030015
1774,2030047
1897,2030079
1227,2030111
1480,2030143
1150,2030175
571,2030207
795,2030239
90,2030271
0,2030303
316,2030335
134,2030367
457,2030399
648,2030431
838,2030463
1143,2030495
1272,2030527
1563,2030559
2190,2030591
1866,2030623
1735,2030655
1476,2030687
1194,2030719
1039,2030751
823,2030783
557,2030815
702,2030847
473,2030879
0,2030911
364,2030943
632,2030975
855,2031007
1003,2031039
1273,2031071
1547,2031103
1325,2031135
1931,2031167
2218,2031199
1805,2031231
1576,2031263
1706,2031295
1516,2031327
880,2031359
664,2031391
792,2031423
263,2031455
0,2031487
0,2031519
103,2031551
295,2031583
472,2031615
1173,2031647
1004,2031679
1592,2031711
1817,2031743
2119,2031775
1932,2031807
2185,2031839
1961,2031871
1772,2031903
1435,2031935
883,2031967
1023,2031999
368,2032031
242,2032063
344,2032095
0,2032127
539,2032159
679,2032191
555,2032223
1181,2032255
976,2032287
1274,2032319
1510,2032351
1701,2032383
2009,2032415
2088,2032447
1518,2032479
1677,2032511
1003,2032543
841,2032575
618,2032607
336,2032639
187,2032671
0,2032703
0,2032735
569,2032767
461,2032799
650,2032831
1216,2032863
1495,2032895
1369,2032927
1918,2032959
1783,2032991
2328,2033023
2000,2033055
1817,2033087
1579,2033119
942,2033151
1072,2033183
844,2033215
652,2033247
41,2033279
155,2033311
304,2033343
236,2033375
414,2033407
1000,2033439
952,2033471
1136,2033503
1320,2033535
1643,2033567
1879,2033599
2251,2033631
2073,2033663
1421,2033695
1193,2033727
1307,2033759
1133,2033791
511,2033823
572,2033855
38,2033887
247,2033919
22,2033951
622,2033983
893,2034015
698,2034047
1405,2034079
1535,2034111
1403,2034143
2111,2034175
1850,2034207
1817,2034239
1536,2034271
1288,2034303
1151,2034335
1212,2034367
629,2034399
473,2034431
154,2034463
0,2034495
0,2034527
77,2034559
407,2034591
600,2034623
780,2034655
1083,2034687
1310,2034719
1511,2034751
2138,2034783
2377,2034815
1787,2034847
1882,2034879
1224,2034911
1437,2034943
1134,2034975
944,2035007
761,2035039
104,2035071
219,2035103
296,2035135
560,2035167
362,2035199
940,2035231
1210,2035263
1035,2035295
1262,2035327
1867,2035359
1785,2035391
1866,2035423
1628,2035455
1483,2035487
1222,2035519
1371,2035551
1191,2035583
584,2035615
313,2035647
441,2035679
267,2035711
51,2035743
604,2035775
839,2035807
1115,2035839
1244,2035871
1528,2035903
1760,2035935
1552,2035967
1880,2035999
2250,2036031
1594,2036063
1835,2036095
1498,2036127
906,2036159
683,2036191
431,2036223
268,2036255
396,2036287
0,2036319
110,2036351
620,2036383
538,2036415
1135,2036447
927,2036479
1223,2036511
1449,2036543
1641,2036575
1950,2036607
1819,2036639
1580,2036671
1743,2036703
1161,2036735
893,2036767
1004,2036799
379,2036831
253,2036863
317,2036895
238,2036927
503,2036959
667,2036991
928,2037023
1163,2037055
1430,2037087
1580,2037119
1806,2037151
1733,2037183
1904,2037215
2060,2037247
1821,2037279
1273,2037311
990,2037343
1128,2037375
632,2037407
366,2037439
567,2037471
0,2037503
0,2037535
174,2037567
831,2037599
668,2037631
893,2037663
1464,2037695
1767,2037727
1580,2037759
2123,2037791
2313,2037823
2127,2037855
1402,2037887
1256,2037919
1371,2037951
715,2037983
967,2038015
638,2038047
58,2038079
0,2038111
0,2038143
249,2038175
842,2038207
647,2038239
968,2038271
1481,2038303
1342,2038335
1659,2038367
1802,2038399
1879,2038431
1596,2038463
1344,2038495
1210,2038527
954,2038559
680,2038591
527,2038623
301,2038655
44,2038687
218,2038719
28,2038751
347,2038783
879,2038815
1146,2038847
1368,2038879
1519,2038911
1792,2038943
2077,2038975
1852,2039007
2124,2039039
1929,2039071
1288,2039103
1052,2039135
1183,2039167
1001,2039199
376,2039231
153,2039263
268,2039295
0,2039327
78,2039359
779,2039391
616,2039423
806,2039455
974,2039487
1693,2039519
1527,2039551
1721,2039583
2347,2039615
2187,2039647
1543,2039679
1648,2039711
1421,2039743
1243,2039775
922,2039807
373,2039839
511,2039871
0,2039903
0,2039935
553,2039967
383,2039999
588,2040031
1278,2040063
1064,2040095
1707,2040127
1500,2040159
1801,2040191
2314,2040223
1656,2040255
1496,2040287
1552,2040319
1002,2040351
1151,2040383
490,2040415
328,2040447
103,2040479
0,2040511
58,2040543
251,2040575
484,2040607
1087,2040639
1227,2040671
1163,2040703
1744,2040735
2025,2040767
1897,2040799
2234,2040831
1994,2040863
1799,2040895
1482,2040927
1290,2040959
1055,2040991
431,2041023
556,2041055
320,2041087
172,2041119
29,2041151
588,2041183
827,2041215
748,2041247
924,2041279
1243,2041311
1467,2041343
1671,2041375
1840,2041407
1835,2041439
1596,2041471
1326,2041503
1533,2041535
907,2041567
681,2041599
783,2041631
619,2041663
4,2041695
216,2041727
134,2041759
779,2041791
526,2041823
843,2041855
1415,2041887
1212,2041919
1439,2041951
2064,2041983
1931,2042015
2189,2042047
1455,2042079
1290,2042111
1424,2042143
772,2042175
638,2042207
696,2042239
121,2042271
0,2042303
0,2042335
202,2042367
384,2042399
589,2042431
908,2042463
1110,2042495
1293,2042527
1607,2042559
2107,2042591
1934,2042623
2095,2042655
1863,2042687
1271,2042719
1344,2042751
1162,2042783
922,2042815
619,2042847
425,2042879
233,2042911
0,2042943
551,2042975
812,2043007
1084,2043039
872,2043071
1456,2043103
1738,2043135
1552,2043167
1788,2043199
1896,2043231
1615,2043263
1338,2043295
1104,2043327
967,2043359
698,2043391
424,2043423
669,2043455
57,2043487
0,2043519
428,2043551
715,2043583
567,2043615
1114,2043647
1355,2043679
1640,2043711
1770,2043743
1672,2043775
2295,2043807
1743,2043839
1902,2043871
1722,2043903
1072,2043935
1307,2043967
973,2043999
395,2044031
573,2044063
0,2044095
0,2044127
494,2044159
330,2044191
631,2044223
1134,2044255
1049,2044287
1661,2044319
1450,2044351
1741,2044383
1987,2044415
1710,2044447
1559,2044479
1631,2044511
1064,2044543
1213,2044575
639,2044607
380,2044639
495,2044671
297,2044703
16,2044735
536,2044767
762,2044799
1031,2044831
1177,2044863
1449,2044895
1677,2044927
1965,2044959
2107,2044991
2235,2045023
1678,2045055
1392,2045087
1530,2045119
1022,2045151
760,2045183
480,2045215
615,2045247
119,2045279
0,2045311
0,2045343
283,2045375
504,2045407
686,2045439
1343,2045471
1181,2045503
1414,2045535
1991,2045567
2295,2045599
1893,2045631
1963,2045663
1390,2045695
1595,2045727
879,2045759
1034,2045791
847,2045823
200,2045855
443,2045887
153,2045919
47,2045951
718,2045983
474,2046015
772,2046047
1356,2046079
1161,2046111
1482,2046143
2012,2046175
1869,2046207
1851,2046239
1515,2046271
1351,2046303
1081,2046335
828,2046367
699,2046399
768,2046431
170,2046463
22,2046495
0,2046527
150,2046559
746,2046591
973,2046623
857,2046655
1401,2046687
1674,2046719
1900,2046751
2048,2046783
2330,2046815
2153,2046847
1452,2046879
1593,2046911
1400,2046943
778,2046975
541,2047007
668,2047039
140,2047071
0,2047103
0,2047135
477,2047167
411,2047199
588,2047231
812,2047263
1129,2047295
1320,2047327
1494,2047359
2235,2047391
1948,2047423
1676,2047455
1832,2047487
1655,2047519
1018,2047551
1129,2047583
909,2047615
731,2047647
398,2047679
218,2047711
380,2047743
186,2047775
503,2047807
1069,2047839
892,2047871
1581,2047903
1709,2047935
1589,2047967
2237,2047999
1806,2048031
1644,2048063
1775,2048095
1134,2048127
983,2048159
1035,2048191
491,2048223
233,2048255
0,2048287
0,2048319
414,2048351
280,2048383
571,2048415
775,2048447
997,2048479
1613,2048511
1485,2048543
1687,2048575
2272,2048607
2215,2048639
1611,2048671
1696,2048703
1456,2048735
1270,2048767
959,2048799
767,2048831
535,2048863
0,2048895
204,2048927
430,2048959
360,2048991
528,2049023
1115,2049055
1339,2049087
1260,2049119
1435,2049151
2044,2049183
1995,2049215
1736,2049247
1438,2049279
1307,2049311
1080,2049343
814,2049375
1019,2049407
395,2049439
168,2049471
271,2049503
379,2049535
219,2049567
732,2049599
1007,2049631
1293,2049663
1039,2049695
1357,2049727
1943,2049759
1736,2049791
2363,2049823
2016,2049855
1419,2049887
1657,2049919
938,2049951
777,2049983
908,2050015
262,2050047
125,2050079
174,2050111
0,2050143
198,2050175
416,2050207
711,2050239
1312,2050271
1100,2050303
1431,2050335
1628,2050367
1818,2050399
1911,2050431
1674,2050463
1404,2050495
1566,2050527
1327,2050559
759,2050591
832,2050623
638,2050655
407,2050687
141,2050719
412,2050751
683,2050783
476,2050815
1065,2050847
1328,2050879
1162,2050911
1388,2050943
1984,2050975
2267,2051007
1742,2051039
1503,2051071
1644,2051103
1099,2051135
826,2051167
601,2051199
455,2051231
186,2051263
0,2051295
315,2051327
154,2051359
348,2051391
943,2051423
1231,2051455
1066,2051487
1642,2051519
1883,2051551
2172,2051583
2300,2051615
1739,2051647
1888,2051679
1216,2051711
1080,2051743
1194,2051775
568,2051807
795,2051839
459,2051871
0,2051903
319,2051935
139,2051967
427,2051999
654,2052031
840,2052063
1100,2052095
1661,2052127
1574,2052159
2199,2052191
1865,2052223
1692,2052255
1465,2052287
1193,2052319
1035,2052351
791,2052383
554,2052415
697,2052447
137,2052479
0,2052511
366,2052543
623,2052575
523,2052607
1052,2052639
1276,2052671
1549,2052703
1703,2052735
1978,2052767
2207,2052799
1806,2052831
1947,2052863
1705,2052895
1162,2052927
879,2052959
1006,2052991
782,2053023
250,2053055
0,2053087
127,2053119
105,2053151
298,2053183
472,2053215
782,2053247
1012,2053279
1198,2053311
1881,2053343
1704,2053375
1942,2053407
2175,2053439
2007,2053471
1367,2053503
1434,2053535
876,2053567
1071,2053599
366,2053631
510,2053663
333,2053695
0,2053727
555,2053759
682,2053791
555,2053823
1241,2053855
985,2053887
1284,2053919
1466,2053951
1676,2053983
2012,2054015
2080,2054047
1477,2054079
1321,2054111
991,2054143
837,2054175
571,2054207
317,2054239
183,2054271
0,2054303
0,2054335
237,2054367
471,2054399
654,2054431
1262,2054463
1497,2054495
1371,2054527
1928,2054559
2202,2054591
2327,2054623
2000,2054655
1807,2054687
1615,2054719
939,2054751
1070,2054783
876,2054815
264,2054847
42,2054879
140,2054911
352,2054943
200,2054975
414,2055007
1000,2055039
930,2055071
1098,2055103
1324,2055135
1651,2055167
1845,2055199
2251,2055231
2062,2055263
1418,2055295
1148,2055327
1305,2055359
1130,2055391
507,2055423
605,2055455
393,2055487
251,2055519
383,2055551
666,2055583
895,2055615
699,2055647
1015,2055679
1592,2055711
1407,2055743
2119,2055775
2248,2055807
1768,2055839
1532,2055871
1279,2055903
1115,2055935
1248,2055967
620,2055999
471,2056031
512,2056063
0,2056095
0,2056127
79,2056159
376,2056191
936,2056223
782,2056255
1084,2056287
1287,2056319
1512,2056351
2141,2056383
2023,2056415
1755,2056447
1872,2056479
1679,2056511
1095,2056543
1176,2056575
940,2056607
749,2056639
446,2056671
251,2056703
300,2056735
152,2056767
719,2056799
941,2056831
870,2056863
1040,2056895
1632,2056927
1870,2056959
1785,2056991
1866,2057023
1995,2057055
1481,2057087
1209,2057119
1421,2057151
795,2057183
568,2057215
304,2057247
494,2057279
0,2057311
45,2057343
601,2057375
893,2057407
728,2057439
1248,2057471
1531,2057503
1821,2057535
1562,2057567
1883,2057599
2251,2057631
1566,2057663
1832,2057695
1486,2057727
905,2057759
654,2057791
429,2057823
265,2057855
384,2057887
0,2057919
120,2057951
631,2057983
502,2058015
704,2058047
938,2058079
1222,2058111
1850,2058143
1627,2058175
1959,2058207
1816,2058239
1532,2058271
1385,2058303
1149,2058335
902,2058367
1040,2058399
376,2058431
238,2058463
314,2058495
284,2058527
509,2058559
668,2058591
938,2058623
1207,2058655
985,2058687
1581,2058719
1855,2058751
1678,2058783
1904,2058815
2058,2058847
1865,2058879
1224,2058911
989,2058943
1118,2058975
586,2059007
316,2059039
555,2059071
0,2059103
0,2059135
140,2059167
839,2059199
665,2059231
860,2059263
1465,2059295
1767,2059327
1589,2059359
2174,2059391
2303,2059423
2123,2059455
1786,2059487
1212,2059519
1369,2059551
712,2059583
567,2059615
680,2059647
48,2059679
0,2059711
335,2059743
214,2059775
841,2059807
649,2059839
939,2059871
1532,2059903
1354,2059935
1566,2059967
2190,2059999
1867,2060031
2027,2060063
1340,2060095
1175,2060127
951,2060159
682,2060191
522,2060223
267,2060255
40,2060287
217,2060319
367,2060351
315,2060383
878,2060415
1147,2060447
1033,2060479
1568,2060511
1808,2060543
2077,2060575
2232,2060607
2160,2060639
1929,2060671
1278,2060703
1408,2060735
1181,2060767
649,2060799
377,2060831
494,2060863
267,2060895
0,2060927
88,2060959
395,2060991
615,2061023
808,2061055
984,2061087
1303,2061119
1527,2061151
1724,2061183
2411,2061215
1769,2061247
1532,2061279
1643,2061311
1471,2061343
855,2061375
908,2061407
364,2061439
555,2061471
0,2061503
1,2061535
555,2061567
362,2061599
590,2061631
1197,2061663
1067,2061695
1769,2061727
1500,2061759
1802,2061791
2312,2061823
1626,2061855
1495,2061887
1550,2061919
958,2061951
809,2061983
479,2062015
316,2062047
62,2062079
0,2062111
61,2062143
265,2062175
446,2062207
747,2062239
1232,2062271
1166,2062303
1790,2062335
2025,2062367
1899,2062399
2223,2062431
2029,2062463
1789,2062495
1472,2062527
1288,2062559
1097,2062591
429,2062623
559,2062655
366,2062687
0,2062719
30,2062751
602,2062783
864,2062815
700,2062847
926,2062879
1242,2062911
1434,2062943
1614,2062975
1851,2063007
1832,2063039
1559,2063071
1274,2063103
1531,2063135
905,2063167
638,2063199
779,2063231
615,2063263
4,2063295
252,2063327
495,2063359
779,2063391
908,2063423
812,2063455
1423,2063487
1216,2063519
1837,2063551
2124,2063583
1934,2063615
2184,2063647
1848,2063679
1242,2063711
1421,2063743
765,2063775
603,2063807
734,2063839
110,2063871
0,2063903
284,2063935
204,2063967
394,2063999
603,2064031
887,2064063
1114,2064095
1758,2064127
1609,2064159
2159,2064191
1929,2064223
2093,2064255
1499,2064287
1228,2064319
1344,2064351
1149,2064383
583,2064415
656,2064447
428,2064479
229,2064511
320,2064543
590,2064575
815,2064607
651,2064639
1240,2064671
1456,2064703
1382,2064735
1564,2064767
2160,2064799
1885,2064831
1612,2064863
1328,2064895
1471,2064927
967,2064959
698,2064991
426,2065023
284,2065055
56,2065087
0,2065119
492,2065151
331,2065183
564,2065215
1119,2065247
1407,2065279
1243,2065311
1776,2065343
1676,2065375
2361,2065407
1740,2065439
1902,2065471
1711,2065503
1048,2065535
1307,2065567
971,2065599
393,2065631
605,2065663
0,2065695
0,2065727
504,2065759
313,2065791
633,2065823
1142,2065855
1005,2065887
1224,2065919
1546,2065951
1742,2065983
1935,2066015
1680,2066047
1549,2066079
1630,2066111
1018,2066143
863,2066175
637,2066207
377,2066239
512,2066271
285,2066303
16,2066335
540,2066367
808,2066399
1033,2066431
1181,2066463
1453,2066495
1737,2066527
1500,2066559
2121,2066591
2272,2066623
2080,2066655
1390,2066687
1520,2066719
987,2066751
712,2066783
480,2066815
606,2066847
77,2066879
0,2066911
0,2066943
279,2066975
470,2067007
648,2067039
1355,2067071
1191,2067103
1372,2067135
1995,2067167
2297,2067199
1893,2067231
1998,2067263
1771,2067295
1595,2067327
1248,2067359
1072,2067391
845,2067423
200,2067455
58,2067487
202,2067519
48,2067551
728,2067583
857,2067615
729,2067647
1357,2067679
1162,2067711
1452,2067743
2063,2067775
1881,2067807
1752,2067839
1577,2067871
1340,2067903
1497,2067935
826,2067967
666,2067999
766,2068031
170,2068063
18,2068095
0,2068127
153,2068159
749,2068191
637,2068223
825,2068255
1404,2068287
1675,2068319
1547,2068351
2106,2068383
2334,2068415
2152,2068447
1823,2068479
1630,2068511
1391,2068543
1199,2068575
894,2068607
666,2068639
136,2068671
0,2068703
264,2068735
478,2068767
420,2068799
590,2068831
1177,2068863
1131,2068895
1322,2068927
1498,2068959
1831,2068991
1946,2069023
1672,2069055
1885,2069087
1244,2069119
1312,2069151
1120,2069183
957,2069215
334,2069247
396,2069279
203,2069311
427,2069343
192,2069375
505,2069407
1083,2069439
876,2069471
1582,2069503
1721,2069535
1583,2069567
2297,2069599
1802,2069631
1638,2069663
1772,2069695
1102,2069727
971,2069759
718,2069791
454,2069823
299,2069855
0,2069887
0,2069919
460,2069951
265,2069983
583,2070015
777,2070047
956,2070079
1259,2070111
1495,2070143
1688,2070175
2328,2070207
2217,2070239
1609,2070271
1694,2070303
1501,2070335
1270,2070367
955,2070399
767,2070431
572,2070463
0,2070495
204,2070527
474,2070559
322,2070591
540,2070623
1118,2070655
1387,2070687
1212,2070719
1440,2070751
2060,2070783
1965,2070815
1677,2070847
1438,2070879
1300,2070911
1034,2070943
760,2070975
1014,2071007
393,2071039
504,2071071
268,2071103
379,2071135
231,2071167
778,2071199
1017,2071231
1293,2071263
1421,2071295
1326,2071327
1947,2071359
1738,2071391
1946,2071423
2064,2071455
1408,2071487
1644,2071519
1311,2071551
730,2071583
905,2071615
253,2071647
91,2071679
0,2071711
3,2071743
295,2071775
798,2071807
714,2071839
1312,2071871
1114,2071903
1399,2071935
1630,2071967
1822,2071999
1902,2072031
1639,2072063
1402,2072095
1561,2072127
985,2072159
717,2072191
828,2072223
623,2072255
71,2072287
188,2072319
74,2072351
685,2072383
842,2072415
1117,2072447
1335,2072479
1164,2072511
1770,2072543
1993,2072575
2270,2072607
1740,2072639
1872,2072671
1641,2072703
1096,2072735
814,2072767
944,2072799
455,2072831
186,2072863
0,2072895
0,2072927
165,2072959
733,2072991
1005,2073023
843,2073055
1076,2073087
1644,2073119
1936,2073151
1768,2073183
2303,2073215
1738,2073247
1945,2073279
1216,2073311
1374,2073343
1193,2073375
538,2073407
780,2073439
458,2073471
0,2073503
381,2073535
139,2073567
428,2073599
616,2073631
815,2073663
1145,2073695
1662,2073727
1529,2073759
1847,2073791
1865,2073823
1691,2073855
1416,2073887
1165,2073919
1034,2073951
778,2073983
506,2074015
349,2074047
124,2074079
0,2074111
409,2074143
637,2074175
525,2074207
1052,2074239
872,2074271
1557,2074303
1708,2074335
1981,2074367
2255,2074399
1803,2074431
1944,2074463
1744,2074495
1560,2074527
876,2074559
1004,2074591
824,2074623
204,2074655
0,2074687
139,2074719
77,2074751
252,2074783
477,2074815
791,2074847
970,2074879
1595,2074911
1883,2074943
1708,2074975
1912,2075007
2173,2075039
1996,2075071
1367,2075103
1469,2075135
1245,2075167
1067,2075199
736,2075231
558,2075263
329,2075295
0,2075327
169,2075359
730,2075391
556,2075423
1245,2075455
1370,2075487
1239,2075519
1468,2075551
1679,2075583
1981,2075615
2128,2075647
1468,2075679
1320,2075711
1372,2075743
826,2075775
975,2075807
314,2075839
151,2075871
0,2075903
0,2075935
235,2075967
431,2075999
656,2076031
1273,2076063
1149,2076095
1340,2076127
1598,2076159
1738,2076191
1961,2076223
2044,2076255
1806,2076287
1613,2076319
1296,2076351
1104,2076383
875,2076415
685,2076447
380,2076479
137,2076511
24,2076543
208,2076575
779,2076607
1002,2076639
934,2076671
1100,2076703
1695,2076735
1645,2076767
1850,2076799
2299,2076831
1646,2076863
1416,2076895
1148,2076927
1355,2076959
731,2076991
505,2077023
608,2077055
431,2077087
0,2077119
395,2077151
669,2077183
955,2077215
702,2077247
1016,2077279
1593,2077311
1388,2077343
2123,2077375
2250,2077407
1758,2077439
1504,2077471
1276,2077503
1114,2077535
1244,2077567
592,2077599
462,2077631
512,2077663
0,2077695
0,2077727
90,2077759
372,2077791
560,2077823
765,2077855
1095,2077887
1288,2077919
1469,2077951
1787,2077983
2023,2078015
1754,2078047
1914,2078079
1215,2078111
1095,2078143
1177,2078175
974,2078207
745,2078239
442,2078271
249,2078303
345,2078335
144,2078367
720,2078399
988,2078431
824,2078463
1049,2078495
1630,2078527
1916,2078559
1736,2078591
1852,2078623
1992,2078655
1445,2078687
1160,2078719
1415,2078751
791,2078783
531,2078815
260,2078847
491,2078879
0,2078911
22,2078943
608,2078975
903,2079007
732,2079039
1294,2079071
1533,2079103
1823,2079135
1952,2079167
1851,2079199
2251,2079231
1562,2079263
1418,2079295
1534,2079327
892,2079359
654,2079391
796,2079423
219,2079455
393,2079487
0,2079519
92,2079551
670,2079583
504,2079615
808,2079647
1325,2079679
1228,2079711
1851,2079743
1630,2079775
1927,2079807
1814,2079839
1530,2079871
1374,2079903
1115,2079935
890,2079967
1037,2079999
720,2080031
215,2080063
314,2080095
287,2080127
187,2080159
714,2080191
940,2080223
1207,2080255
1355,2080287
1631,2080319
1856,2080351
1688,2080383
2288,2080415
2048,2080447
1856,2080479
1214,2080511
1342,2080543
1130,2080575
586,2080607
314,2080639
171,2080671
0,2080703
0,2080735
138,2080767
445,2080799
679,2080831
868,2080863
1531,2080895
1357,2080927
1592,2080959
2173,2080991
2359,2081023
1707,2081055
1774,2081087
1211,2081119
1417,2081151
702,2081183
568,2081215
672,2081247
27,2081279
0,2081311
335,2081343
220,2081375
905,2081407
650,2081439
938,2081471
1535,2081503
1336,2081535
1671,2081567
2200,2081599
1821,2081631
1662,2081663
1336,2081695
1166,2081727
903,2081759
652,2081791
522,2081823
264,2081855
3,2081887
0,2081919
379,2081951
326,2081983
928,2082015
1151,2082047
1035,2082079
1580,2082111
1855,2082143
2087,2082175
2236,2082207
2158,2082239
1964,2082271
1276,2082303
1408,2082335
1214,2082367
1036,2082399
366,2082431
480,2082463
298,2082495
0,2082527
94,2082559
396,2082591
587,2082623
768,2082655
986,2082687
1305,2082719
1494,2082751
1676,2082783
2421,2082815
1767,2082847
1496,2082879
1646,2082911
1467,2082943
843,2082975
952,2083007
729,2083039
551,2083071
220,2083103
0,2083135
557,2083167
365,2083199
969,2083231
1246,2083263
1069,2083295
1768,2083327
1900,2083359
1757,2083391
2301,2083423
1626,2083455
1453,2083487
1596,2083519
954,2083551
798,2083583
857,2083615
317,2083647
461,2083679
0,2083711
41,2083743
268,2083775
447,2083807
747,2083839
1278,2083871
1176,2083903
1791,2083935
1673,2083967
1880,2083999
2222,2084031
2025,2084063
1431,2084095
1517,2084127
1280,2084159
1085,2084191
783,2084223
599,2084255
363,2084287
221,2084319
383,2084351
602,2084383
536,2084415
713,2084447
1292,2084479
1245,2084511
1445,2084543
1616,2084575
2224,2084607
1831,2084639
1548,2084671
1272,2084703
1131,2084735
903,2084767
645,2084799
832,2084831
221,2084863
1,2084895
265,2084927
557,2084959
396,2084991
908,2085023
815,2085055
1469,2085087
1214,2085119
1840,2085151
2125,2085183
1913,2085215
2174,2085247
1836,2085279
1241,2085311
1471,2085343
762,2085375
601,2085407
732,2085439
78,2085471
0,2085503
286,2085535
168,2085567
463,2085599
601,2085631
889,2085663
1069,2085695
1287,2085727
1611,2085759
2158,2085791
1882,2085823
1725,2085855
1495,2085887
1226,2085919
1387,2085951
1149,2085983
581,2086015
654,2086047
462,2086079
217,2086111
330,2086143
592,2086175
861,2086207
655,2086239
1240,2086271
1504,2086303
1338,2086335
1566,2086367
2172,2086399
1851,2086431
1560,2086463
1325,2086495
1464,2086527
923,2086559
650,2086591
424,2086623
283,2086655
20,2086687
0,2086719
502,2086751
345,2086783
533,2086815
1119,2086847
1416,2086879
1244,2086911
1823,2086943
2073,2086975
2360,2087007
2127,2087039
1948,2087071
1711,2087103
1040,2087135
904,2087167
1016,2087199
383,2087231
615,2087263
282,2087295
0,2087327
505,2087359
314,2087391
603,2087423
1195,2087455
1017,2087487
1320,2087519
1840,2087551
1752,2087583
1944,2087615
1680,2087647
1512,2087679
1628,2087711
1007,2087743
857,2087775
603,2087807
376,2087839
521,2087871
0,2087903
0,2087935
542,2087967
807,2087999
696,2088031
1231,2088063
1468,2088095
1735,2088127
1886,2088159
1885,2088191
2269,2088223
1625,2088255
1756,2088287
1517,2088319
984,2088351
712,2088383
830,2088415
605,2088447
74,2088479
0,2088511
317,2088543
283,2088575
472,2088607
650,2088639
958,2088671
1192,2088703
1382,2088735
2063,2088767
1884,2088799
1881,2088831
1995,2088863
1821,2088895
1181,2088927
1248,2088959
1077,2088991
895,2089023
191,2089055
55,2089087
207,2089119
29,2089151
731,2089183
862,2089215
731,2089247
1419,2089279
1163,2089311
1453,2089343
2076,2089375
1862,2089407
1837,2089439
1900,2089471
1293,2089503
1052,2089535
816,2089567
662,2089599
800,2089631
137,2089663
16,2089695
0,2089727
120,2089759
413,2089791
636,2089823
838,2089855
1448,2089887
1677,2089919
1549,2089951
2112,2089983
2380,2090015
2139,2090047
1821,2090079
1628,2090111
1436,2090143
765,2090175
893,2090207
701,2090239
90,2090271
0,2090303
267,2090335
536,2090367
366,2090399
589,2090431
1179,2090463
1097,2090495
1274,2090527
1499,2090559
1831,2090591
1899,2090623
1616,2090655
1880,2090687
1243,2090719
983,2090751
1129,2090783
953,2090815
332,2090847
431,2090879
201,2090911
443,2090943
573,2090975
475,2091007
1079,2091039
876,2091071
1194,2091103
1774,2091135
1592,2091167
2300,2091199
2189,2091231
1581,2091263
1773,2091295
1102,2091327
939,2091359
713,2091391
444,2091423
202,2091455
334,2091487
0,2091519
461,2091551
256,2091583
552,2091615
777,2091647
959,2091679
1260,2091711
1465,2091743
1690,2091775
2317,2091807
1847,2091839
1575,2091871
1692,2091903
1497,2091935
919,2091967
990,2091999
764,2092031
569,2092063
266,2092095
250,2092127
476,2092159
316,2092191
892,2092223
1118,2092255
1040,2092287
1215,2092319
1816,2092351
2048,2092383
1962,2092415
1675,2092447
1817,2092479
1302,2092511
1033,2092543
762,2092575
619,2092607
393,2092639
124,2092671
315,2092703
4,2092735
218,2092767
779,2092799
1081,2092831
903,2092863
1432,2092895
1328,2092927
2007,2092959
1741,2092991
2250,2093023
2063,2093055
1388,2093087
1645,2093119
1308,2093151
720,2093183
953,2093215
252,2093247
90,2093279
0,2093311
0,2093343
296,2093375
800,2093407
678,2093439
975,2093471
1112,2093503
1400,2093535
1594,2093567
1804,2093599
1899,2093631
1629,2093663
1355,2093695
1198,2093727
973,2093759
716,2093791
862,2093823
635,2093855
60,2093887
189,2093919
473,2093951
695,2093983
844,2094015
1115,2094047
1385,2094079
1167,2094111
1768,2094143
2044,2094175
1862,2094207
1728,2094239
1870,2094271
1679,2094303
1039,2094335
814,2094367
940,2094399
421,2094431
140,2094463
0,2094495
0,2094527
135,2094559
735,2094591
1006,2094623
855,2094655
1035,2094687
1655,2094719
1947,2094751
1767,2094783
2348,2094815
2121,2094847
1941,2094879
1597,2094911
1408,2094943
1182,2094975
528,2095007
392,2095039
492,2095071
0,2095103
381,2095135
507,2095167
395,2095199
620,2095231
825,2095263
1115,2095295
1720,2095327
1530,2095359
1848,2095391
2251,2095423
1690,2095455
1408,2095487
1163,2095519
989,2095551
1102,2095583
504,2095615
347,2095647
94,2095679
0,2095711
411,2095743
301,2095775
492,2095807
1064,2095839
1335,2095871
1209,2095903
1754,2095935
1984,2095967
2265,2095999
2172,2096031
1979,2096063
1739,2096095
1100,2096127
1239,2096159
1000,2096191
478,2096223
199,2096255
316,2096287
139,2096319
78,2096351
256,2096383
840,2096415
793,2096447
986,2096479
1655,2096511
1479,2096543
1716,2096575
1910,2096607
2235,2096639
1591,2096671
1354,2096703
1468,2096735
1293,2096767
668,2096799
734,2096831
556,2096863
379,2096895
0,2096927
169,2096959
733,2096991
538,2097023
1243,2097055
1374,2097087
1244,2097119
1454,2097151
1689,2097183
1977,2097215
2126,2097247
1448,2097279
1310,2097311
1370,2097343
781,2097375
538,2097407
314,2097439
141,2097471
284,2097503
0,2097535
247,2097567
441,2097599
621,2097631
925,2097663
1148,2097695
1350,2097727
1978,2097759
1740,2097791
1959,2097823
2043,2097855
1850,2097887
1609,2097919
1293,2097951
1111,2097983
912,2098015
254,2098047
379,2098079
171,2098111
0,2098143
204,2098175
779,2098207
1050,2098239
878,2098271
1104,2098303
1704,2098335
1615,2098367
1800,2098399
2296,2098431
1644,2098463
1371,2098495
1096,2098527
1343,2098559
729,2098591
467,2098623
604,2098655
428,2098687
0,2098719
432,2098751
679,2098783
958,2098815
1084,2098847
986,2098879
1599,2098911
1392,2098943
1718,2098975
2304,2099007
1756,2099039
1501,2099071
1662,2099103
1066,2099135
1241,2099167
600,2099199
427,2099231
556,2099263
0,2099295
0,2099327
458,2099359
380,2099391
985,2099423
768,2099455
1063,2099487
1290,2099519
1479,2099551
1788,2099583
1981,2099615
1751,2099647
1901,2099679
1580,2099711
1052,2099743
1166,2099775
973,2099807
407,2099839
476,2099871
240,2099903
345,2099935
504,2099967
768,2099999
992,2100031
828,2100063
1417,2100095
1644,2100127
1562,2100159
1742,2100191
1834,2100223
1984,2100255
1433,2100287
1151,2100319
1016,2100351
791,2100383
522,2100415
250,2100447
107,2100479
0,2100511
24,2100543
671,2100575
508,2100607
732,2100639
1294,2100671
1593,2100703
1419,2100735
1952,2100767
1862,2100799
2297,2100831
1564,2100863
1415,2100895
1531,2100927
874,2100959
640,2100991
794,2101023
215,2101055
431,2101087
0,2101119
102,2101151
682,2101183
485,2101215
810,2101247
1322,2101279
1192,2101311
1495,2101343
1628,2101375
1929,2101407
1756,2101439
1501,2101471
1371,2101503
1114,2101535
842,2101567
685,2101599
716,2101631
204,2101663
346,2101695
297,2101727
184,2101759
716,2101791
985,2101823
1211,2101855
1359,2101887
1632,2101919
1915,2101951
1691,2101983
2286,2102015
2092,2102047
1446,2102079
1211,2102111
1342,2102143
1150,2102175
535,2102207
303,2102239
157,2102271
0,2102303
0,2102335
153,2102367
456,2102399
648,2102431
816,2102463
1531,2102495
1366,2102527
1558,2102559
2175,2102591
2348,2102623
1704,2102655
1816,2102687
1591,2102719
1403,2102751
1071,2102783
524,2102815
671,2102847
22,2102879
154,2102911
384,2102943
222,2102975
907,2103007
1024,2103039
904,2103071
1545,2103103
1339,2103135
1639,2103167
2250,2103199
1818,2103231
1659,2103263
1720,2103295
1162,2103327
896,2103359
648,2103391
487,2103423
261,2103455
2,2103487
0,2103519
426,2103551
328,2103583
926,2103615
811,2103647
1004,2103679
1582,2103711
1855,2103743
1735,2103775
2286,2103807
2155,2103839
1963,2103871
1642,2103903
1450,2103935
1214,2103967
589,2103999
718,2104031
478,2104063
288,2104095
0,2104127
441,2104159
395,2104191
588,2104223
764,2104255
1344,2104287
1309,2104319
1498,2104351
1677,2104383
1995,2104415
1765,2104447
1484,2104479
1696,2104511
1067,2104543
840,2104575
951,2104607
779,2104639
155,2104671
217,2104703
0,2104735
615,2104767
367,2104799
974,2104831
1247,2104863
1052,2104895
1771,2104927
1901,2104959
1765,2104991
2349,2105023
1624,2105055
1450,2105087
1592,2105119
932,2105151
797,2105183
856,2105215
271,2105247
29,2105279
0,2105311
42,2105343
232,2105375
430,2105407
756,2105439
1280,2105471
1132,2105503
1437,2105535
1675,2105567
1870,2105599
2266,2105631
2015,2105663
1431,2105695
1514,2105727
1322,2105759
1085,2105791
780,2105823
590,2105855
395,2105887
0,2105919
384,2105951
652,2105983
924,2106015
715,2106047
1294,2106079
1221,2106111
1390,2106143
1626,2106175
2234,2106207
1785,2106239
1498,2106271
1261,2106303
1128,2106335
857,2106367
588,2106399
830,2106431
216,2106463
0,2106495
267,2106527
555,2106559
403,2106591
955,2106623
1195,2106655
1477,2106687
1610,2106719
1898,2106751
2127,2106783
1904,2106815
1767,2106847
1884,2106879
1240,2106911
1467,2106943
1133,2106975
554,2107007
729,2107039
78,2107071
0,2107103
332,2107135
172,2107167
379,2107199
665,2107231
890,2107263
1499,2107295
1279,2107327
1579,2107359
2160,2107391
1872,2107423
1720,2107455
1452,2107487
1224,2107519
1373,2107551
809,2107583
541,2107615
652,2107647
457,2107679
0,2107711
366,2107743
604,2107775
869,2107807
1018,2107839
1289,2107871
1515,2107903
1801,2107935
1950,2107967
2174,2107999
1840,2108031
1563,2108063
1692,2108095
1456,2108127
921,2108159
638,2108191
768,2108223
280,2108255
19,2108287
0,2108319
123,2108351
343,2108383
527,2108415
1184,2108447
1020,2108479
1560,2108511
1823,2108543
2123,2108575
1947,2108607
2124,2108639
1945,2108671
1759,2108703
1038,2108735
892,2108767
1007,2108799
360,2108831
601,2108863
271,2108895
0,2108927
559,2108959
316,2108991
612,2109023
1197,2109055
1000,2109087
1323,2109119
1516,2109151
1709,2109183
2013,2109215
1676,2109247
1502,2109279
1660,2109311
988,2109343
855,2109375
602,2109407
330,2109439
173,2109471
0,2109503
0,2109535
584,2109567
813,2109599
697,2109631
1240,2109663
1504,2109695
1737,2109727
1886,2109759
2168,2109791
2315,2109823
1623,2109855
1757,2109887
1563,2109919
935,2109951
700,2109983
830,2110015
638,2110047
23,2110079
0,2110111
329,2110143
252,2110175
426,2110207
654,2110239
967,2110271
1159,2110303
1335,2110335
2061,2110367
1894,2110399
2238,2110431
1993,2110463
1819,2110495
1178,2110527
1291,2110559
1069,2110591
891,2110623
557,2110655
21,2110687
213,2110719
31,2110751
344,2110783
909,2110815
741,2110847
1419,2110879
1550,2110911
1417,2110943
2075,2110975
1865,2111007
1801,2111039
1564,2111071
1292,2111103
1145,2111135
1196,2111167
650,2111199
795,2111231
139,2111263
0,2111295
0,2111327
111,2111359
413,2111391
615,2111423
838,2111455
1450,2111487
1325,2111519
1527,2111551
2112,2111583
2377,2111615
1783,2111647
1856,2111679
1258,2111711
1431,2111743
1119,2111775
926,2111807
699,2111839
87,2111871
201,2111903
266,2111935
538,2111967
376,2111999
954,2112031
1180,2112063
1102,2112095
1276,2112127
1882,2112159
1832,2112191
1897,2112223
1536,2112255
1468,2112287
1240,2112319
1355,2112351
1177,2112383
555,2112415
327,2112447
431,2112479
249,2112511
59,2112543
572,2112575
486,2112607
1131,2112639
887,2112671
1498,2112703
1785,2112735
1566,2112767
2311,2112799
2188,2112831
1579,2112863
1819,2112895
1099,2112927
935,2112959
668,2112991
422,2113023
287,2113055
334,2113087
0,2113119
137,2113151
256,2113183
555,2113215
743,2113247
940,2113279
1271,2113311
1466,2113343
1656,2113375
1966,2113407
1835,2113439
1566,2113471
1728,2113503
1497,2113535
909,2113567
990,2113599
364,2113631
567,2113663
267,2113695
252,2113727
523,2113759
320,2113791
903,2113823
1166,2113855
1440,2113887
1226,2113919
1820,2113951
2104,2113983
1902,2114015
1672,2114047
1805,2114079
1259,2114111
974,2114143
759,2114175
615,2114207
348,2114239
495,2114271
315,2114303
16,2114335
200,2114367
791,2114399
1077,2114431
907,2114463
1480,2114495
1719,2114527
2011,2114559
2139,2114591
2288,2114623
2048,2114655
1384,2114687
1239,2114719
1356,2114751
719,2114783
951,2114815
618,2114847
51,2114879
0,2114911
0,2114943
267,2114975
858,2115007
682,2115039
983,2115071
1496,2115103
1404,2115135
2031,2115167
1807,2115199
1863,2115231
1626,2115263
1352,2115295
1196,2115327
939,2115359
714,2115391
857,2115423
287,2115455
29,2115487
202,2115519
43,2115551
361,2115583
892,2115615
1116,2115647
1386,2115679
1536,2115711
1817,2115743
2043,2115775
2329,2115807
2110,2115839
1867,2115871
1320,2115903
1039,2115935
1166,2115967
940,2115999
408,2116031
128,2116063
254,2116095
0,2116127
138,2116159
793,2116191
635,2116223
855,2116255
1038,2116287
1708,2116319
1543,2116351
1779,2116383
2343,2116415
2171,2116447
1518,2116479
1592,2116511
1415,2116543
1230,2116575
527,2116607
390,2116639
493,2116671
0,2116703
391,2116735
524,2116767
396,2116799
602,2116831
829,2116863
1115,2116895
1722,2116927
1514,2116959
1851,2116991
2250,2117023
1640,2117055
1483,2117087
1152,2117119
987,2117151
728,2117183
475,2117215
345,2117247
91,2117279
0,2117311
77,2117343
300,2117375
494,2117407
1104,2117439
879,2117471
1211,2117503
1758,2117535
2040,2117567
2270,2117599
2169,2117631
1977,2117663
1787,2117695
1098,2117727
1229,2117759
1040,2117791
422,2117823
200,2117855
314,2117887
189,2117919
36,2117951
264,2117983
842,2118015
763,2118047
936,2118079
1659,2118111
1482,2118143
1676,2118175
1863,2118207
2229,2118239
1579,2118271
1317,2118303
1456,2118335
1289,2118367
665,2118399
767,2118431
553,2118463
364,2118495
231,2118527
149,2118559
735,2118591
541,2118623
856,2118655
1423,2118687
1244,2118719
1455,2118751
2079,2118783
1928,2118815
2121,2118847
1437,2118879
1274,2118911
1406,2118943
780,2118975
631,2119007
672,2119039
137,2119071
283,2119103
0,2119135
215,2119167
447,2119199
624,2119231
935,2119263
1128,2119295
1351,2119327
1981,2119359
2122,2119391
1914,2119423
2040,2119455
1849,2119487
1255,2119519
1336,2119551
1102,2119583
908,2119615
606,2119647
415,2119679
171,2119711
0,2119743
557,2119775
782,2119807
1054,2119839
887,2119871
1469,2119903
1707,2119935
1616,2119967
1804,2119999
1883,2120031
1642,2120063
1372,2120095
1088,2120127
955,2120159
718,2120191
460,2120223
656,2120255
43,2120287
0,2120319
444,2120351
733,2120383
571,2120415
1088,2120447
989,2120479
1659,2120511
1400,2120543
1720,2120575
2311,2120607
1726,2120639
1499,2120671
1658,2120703
1063,2120735
1289,2120767
586,2120799
425,2120831
556,2120863
0,2120895
0,2120927
460,2120959
346,2120991
649,2121023
777,2121055
1065,2121087
1252,2121119
1464,2121151
1799,2121183
1978,2121215
1702,2121247
1535,2121279
1577,2121311
1050,2121343
1198,2121375
969,2121407
408,2121439
478,2121471
280,2121503
360,2121535
510,2121567
776,2121599
1040,2121631
830,2121663
1419,2121695
1693,2121727
1978,2121759
1743,2121791
2219,2121823
2028,2121855
1384,2121887
1147,2121919
1015,2121951
745,2121983
472,2122015
248,2122047
105,2122079
0,2122111
0,2122143
669,2122175
519,2122207
701,2122239
1305,2122271
1595,2122303
1422,2122335
2008,2122367
2251,2122399
2284,2122431
1945,2122463
1373,2122495
1529,2122527
862,2122559
1019,2122591
832,2122623
216,2122655
427,2122687
172,2122719
67,2122751
681,2122783
490,2122815
779,2122847
1370,2122879
1196,2122911
1497,2122943
2030,2122975
1931,2123007
2191,2123039
1498,2123071
1335,2123103
1110,2123135
832,2123167
683,2123199
752,2123231
202,2123263
335,2123295
0,2123327
157,2123359
728,2123391
985,2123423
874,2123455
1407,2123487
1648,2123519
1915,2123551
2063,2123583
2336,2123615
2089,2123647
1901,2123679
1574,2123711
1338,2123743
810,2123775
528,2123807
650,2123839
156,2123871
0,2123903
0,2123935
496,2123967
458,2123999
648,2124031
824,2124063
1147,2124095
1367,2124127
1562,2124159
2251,2124191
1933,2124223
1702,2124255
1352,2124287
1641,2124319
1003,2124351
1071,2124383
525,2124415
715,2124447
23,2124479
154,2124511
407,2124543
206,2124575
908,2124607
1040,2124639
909,2124671
1597,2124703
1342,2124735
1641,2124767
2253,2124799
1788,2124831
1659,2124863
1720,2124895
1124,2124927
969,2124959
640,2124991
477,2125023
220,2125055
0,2125087
0,2125119
432,2125151
285,2125183
589,2125215
823,2125247
1004,2125279
1630,2125311
1863,2125343
1739,2125375
2296,2125407
2200,2125439
1957,2125471
1632,2125503
1440,2125535
1257,2125567
588,2125599
716,2125631
526,2125663
0,2125695
0,2125727
442,2125759
368,2125791
550,2125823
775,2125855
1357,2125887
1275,2125919
1452,2125951
1689,2125983
1993,2126015
1719,2126047
1432,2126079
1691,2126111
1064,2126143
797,2126175
943,2126207
775,2126239
153,2126271
250,2126303
333,2126335
620,2126367
749,2126399
1024,2126431
1257,2126463
1053,2126495
1369,2126527
1960,2126559
1772,2126591
2347,2126623
2010,2126655
1403,2126687
1581,2126719
924,2126751
760,2126783
892,2126815
268,2126847
119,2126879
154,2126911
44,2126943
236,2126975
430,2127007
728,2127039
1292,2127071
1134,2127103
1439,2127135
1643,2127167
1882,2127199
2262,2127231
1661,2127263
1387,2127295
1504,2127327
1321,2127359
743,2127391
814,2127423
586,2127455
393,2127487
158,2127519
430,2127551
654,2127583
494,2127615
1082,2127647
1296,2127679
1222,2127711
1400,2127743
1999,2127775
2236,2127807
1776,2127839
1487,2127871
1628,2127903
1117,2127935
857,2127967
584,2127999
443,2128031
214,2128063
0,2128095
331,2128127
171,2128159
397,2128191
959,2128223
1253,2128255
1081,2128287
1610,2128319
1899,2128351
2189,2128383
1901,2128415
1756,2128447
1871,2128479
1210,2128511
1468,2128543
1132,2128575
551,2128607
781,2128639
75,2128671
0,2128703
336,2128735
153,2128767
475,2128799
976,2128831
856,2128863
1066,2128895
1291,2128927
1582,2128959
2220,2128991
1850,2129023
1720,2129055
1449,2129087
1176,2129119
1021,2129151
797,2129183
539,2129215
682,2129247
447,2129279
0,2129311
382,2129343
638,2129375
871,2129407
1021,2129439
1290,2129471
1565,2129503
1343,2129535
1948,2129567
2222,2129599
1788,2129631
1550,2129663
1690,2129695
1497,2129727
870,2129759
637,2129791
766,2129823
235,2129855
0,2129887
0,2129919
119,2129951
316,2129983
490,2130015
1195,2130047
1032,2130079
1214,2130111
1835,2130143
2135,2130175
1948,2130207
2160,2130239
1935,2130271
1750,2130303
1417,2130335
860,2130367
1005,2130399
360,2130431
220,2130463
316,2130495
0,2130527
568,2130559
698,2130591
571,2130623
1197,2130655
1000,2130687
1293,2130719
1527,2130751
1720,2130783
1912,2130815
2064,2130847
1501,2130879
1659,2130911
984,2130943
819,2130975
597,2131007
328,2131039
171,2131071
0,2131103
0,2131135
587,2131167
477,2131199
668,2131231
1240,2131263
1511,2131295
1385,2131327
1935,2131359
2172,2131391
2312,2131423
1993,2131455
1801,2131487
1559,2131519
924,2131551
1056,2131583
826,2131615
296,2131647
24,2131679
125,2131711
331,2131743
253,2131775
432,2131807
1008,2131839
969,2131871
1161,2131903
1338,2131935
1661,2131967
1896,2131999
1834,2132031
2045,2132063
1404,2132095
1177,2132127
1289,2132159
1115,2132191
492,2132223
553,2132255
19,2132287
267,2132319
43,2132351
638,2132383
911,2132415
714,2132447
1420,2132479
1560,2132511
1420,2132543
2137,2132575
1869,2132607
1798,2132639
1516,2132671
1263,2132703
1143,2132735
1194,2132767
611,2132799
457,2132831
127,2132863
0,2132895
0,2132927
104,2132959
423,2132991
619,2133023
798,2133055
1099,2133087
1332,2133119
1530,2133151
2160,2133183
2375,2133215
1774,2133247
1856,2133279
1660,2133311
1429,2133343
1116,2133375
927,2133407
733,2133439
78,2133471
200,2133503
314,2133535
156,2133567
377,2133599
954,2133631
1229,2133663
1060,2133695
1289,2133727
1885,2133759
1801,2133791
1839,2133823
1609,2133855
1463,2133887
1196,2133919
1353,2133951
1165,2133983
551,2134015
292,2134047
427,2134079
244,2134111
60,2134143
618,2134175
859,2134207
1131,2134239
1263,2134271
1548,2134303
1785,2134335
1578,2134367
1898,2134399
2235,2134431
1578,2134463
1816,2134495
1470,2134527
889,2134559
665,2134591
414,2134623
251,2134655
376,2134687
0,2134719
151,2134751
639,2134783
554,2134815
745,2134847
943,2134879
1239,2134911
1820,2134943
1660,2134975
1975,2135007
1802,2135039
1562,2135071
1725,2135103
1145,2135135
878,2135167
990,2135199
795,2135231
231,2135263
299,2135295
266,2135327
535,2135359
681,2135391
944,2135423
1175,2135455
1003,2135487
1596,2135519
1820,2135551
1742,2135583
1902,2135615
2041,2135647
1805,2135679
1256,2135711
984,2135743
1104,2135775
613,2135807
346,2135839
553,2135871
0,2135903
16,2135935
203,2135967
858,2135999
685,2136031
918,2136063
1481,2136095
1783,2136127
1611,2136159
2142,2136191
2287,2136223
2109,2136255
1376,2136287
1195,2136319
1343,2136351
697,2136383
941,2136415
608,2136447
43,2136479
0,2136511
0,2136543
269,2136575
858,2136607
665,2136639
985,2136671
1502,2136703
1369,2136735
1581,2136767
1816,2136799
1852,2136831
2012,2136863
1325,2136895
1192,2136927
935,2136959
664,2136991
509,2137023
295,2137055
26,2137087
237,2137119
44,2137151
364,2137183
895,2137215
1164,2137247
1398,2137279
1549,2137311
1822,2137343
2103,2137375
1870,2137407
2106,2137439
1912,2137471
1264,2137503
1036,2137535
1164,2137567
975,2137599
360,2137631
135,2137663
251,2137695
0,2137727
105,2137759
795,2137791
633,2137823
823,2137855
1000,2137887
1719,2137919
1544,2137951
1737,2137983
2345,2138015
2169,2138047
1516,2138079
1630,2138111
1405,2138143
1227,2138175
894,2138207
356,2138239
480,2138271
0,2138303
16,2138335
569,2138367
400,2138399
605,2138431
1211,2138463
1081,2138495
1725,2138527
1517,2138559
1819,2138591
2287,2138623
1638,2138655
1386,2138687
1535,2138719
986,2138751
1133,2138783
464,2138815
311,2138847
88,2138879
0,2138911
76,2138943
280,2138975
504,2139007
1113,2139039
1247,2139071
1179,2139103
1760,2139135
2043,2139167
1915,2139199
2216,2139231
1976,2139263
1783,2139295
1464,2139327
1274,2139359
1038,2139391
422,2139423
544,2139455
304,2139487
0,2139519
44,2139551
617,2139583
844,2139615
764,2139647
939,2139679
1256,2139711
1484,2139743
1680,2139775
1865,2139807
1819,2139839
1579,2139871
1308,2139903
1515,2139935
890,2139967
663,2139999
765,2140031
603,2140063
0,2140095
234,2140127
144,2140159
797,2140191
544,2140223
859,2140255
1433,2140287
1229,2140319
1464,2140351
2092,2140383
1929,2140415
2169,2140447
1436,2140479
1272,2140511
1416,2140543
750,2140575
621,2140607
672,2140639
104,2140671
0,2140703
0,2140735
220,2140767
409,2140799
607,2140831
927,2140863
1130,2140895
1310,2140927
1625,2140959
2126,2140991
1914,2141023
2078,2141055
1837,2141087
1246,2141119
1335,2141151
1144,2141183
905,2141215
602,2141247
410,2141279
217,2141311
2,2141343
560,2141375
831,2141407
666,2141439
888,2141471
1472,2141503
1742,2141535
1580,2141567
1808,2141599
1879,2141631
1607,2141663
1318,2141695
1086,2141727
938,2141759
691,2141791
411,2141823
663,2141855
39,2141887
0,2141919
456,2141951
743,2141983
572,2142015
1134,2142047
1373,2142079
1662,2142111
1788,2142143
1689,2142175
2315,2142207
1724,2142239
1886,2142271
1696,2142303
1064,2142335
1288,2142367
956,2142399
378,2142431
541,2142463
0,2142495
0,2142527
510,2142559
356,2142591
648,2142623
1149,2142655
1067,2142687
1256,2142719
1467,2142751
1757,2142783
1976,2142815
1694,2142847
1534,2142879
1612,2142911
1040,2142943
1206,2142975
631,2143007
363,2143039
473,2143071
271,2143103
24,2143135
544,2143167
778,2143199
1040,2143231
1196,2143263
1467,2143295
1696,2143327
1517,2143359
2127,2143391
2217,2143423
2026,2143455
1374,2143487
1504,2143519
1004,2143551
744,2143583
463,2143615
588,2143647
104,2143679
0,2143711
0,2143743
295,2143775
520,2143807
710,2143839
1370,2143871
1196,2143903
1430,2143935
2011,2143967
2313,2143999
1868,2144031
1944,2144063
1372,2144095
1579,2144127
862,2144159
1008,2144191
831,2144223
176,2144255
427,2144287
172,2144319
63,2144351
743,2144383
489,2144415
788,2144447
1374,2144479
1177,2144511
1499,2144543
2028,2144575
1898,2144607
1736,2144639
1593,2144671
1325,2144703
1064,2144735
811,2144767
680,2144799
760,2144831
154,2144863
2,2144895
0,2144927
166,2144959
764,2144991
991,2145023
873,2145055
1418,2145087
1690,2145119
1917,2145151
2076,2145183
2328,2145215
2135,2145247
1436,2145279
1576,2145311
1376,2145343
1196,2145375
527,2145407
650,2145439
131,2145471
0,2145503
0,2145535
506,2145567
427,2145599
604,2145631
829,2145663
1144,2145695
1335,2145727
1514,2145759
2251,2145791
1930,2145823
1657,2145855
1805,2145887
1629,2145919
1003,2145951
1112,2145983
889,2146015
715,2146047
381,2146079
188,2146111
407,2146143
216,2146175
520,2146207
1085,2146239
911,2146271
1605,2146303
1736,2146335
1605,2146367
2253,2146399
1784,2146431
1614,2146463
1759,2146495
1116,2146527
864,2146559
701,2146591
475,2146623
619,2146655
0,2146687
0,2146719
438,2146751
299,2146783
588,2146815
792,2146847
1006,2146879
1629,2146911
1513,2146943
1705,2146975
2298,2147007
2191,2147039
1597,2147071
1679,2147103
1440,2147135
1245,2147167
941,2147199
751,2147231
511,2147263
327,2147295
219,2147327
440,2147359
376,2147391
558,2147423
1132,2147455
1358,2147487
1279,2147519
1456,2147551
2062,2147583
1992,2147615
1711,2147647
1432,2147679
1291,2147711
1062,2147743
796,2147775
999,2147807
379,2147839
444,2147871
249,2147903
391,2147935
236,2147967
749,2147999
1033,2148031
1311,2148063
1064,2148095
1373,2148127
1963,2148159
1755,2148191
2343,2148223
2000,2148255
1399,2148287
1643,2148319
935,2148351
759,2148383
890,2148415
238,2148447
105,2148479
0,2148511
16,2148543
301,2148575
440,2148607
728,2148639
1336,2148671
1119,2148703
1447,2148735
1654,2148767
1836,2148799
1887,2148831
1659,2148863
1386,2148895
1548,2148927
1309,2148959
743,2148991
814,2149023
622,2149055
391,2149087
168,2149119
438,2149151
701,2149183
493,2149215
1081,2149247
1344,2149279
1176,2149311
1402,2149343
2008,2149375
2286,2149407
1724,2149439
1486,2149471
1629,2149503
1083,2149535
808,2149567
575,2149599
439,2149631
183,2149663
0,2149695
333,2149727
180,2149759
746,2149791
969,2149823
1252,2149855
1082,2149887
1659,2149919
1901,2149951
2190,2149983
2296,2150015
1721,2150047
1879,2150079
1208,2150111
1064,2150143
1176,2150175
552,2150207
766,2150239
440,2150271
0,2150303
345,2150335
154,2150367
452,2150399
676,2150431
858,2150463
1160,2150495
1679,2150527
1592,2150559
2217,2150591
1840,2150623
1674,2150655
1448,2150687
1178,2150719
1015,2150751
761,2150783
536,2150815
682,2150847
121,2150879
0,2150911
384,2150943
649,2150975
539,2151007
1069,2151039
938,2151071
1577,2151103
1720,2151135
1996,2151167
2233,2151199
1787,2151231
1928,2151263
1680,2151295
1497,2151327
862,2151359
986,2151391
762,2151423
232,2151455
0,2151487
166,2151519
121,2151551
316,2151583
492,2151615
797,2151647
1032,2151679
1609,2151711
1901,2151743
1723,2151775
1958,2151807
2167,2151839
1993,2151871
1341,2151903
1408,2151935
858,2151967
1055,2151999
351,2152031
494,2152063
315,2152095
0,2152127
571,2152159
701,2152191
573,2152223
1257,2152255
1006,2152287
1301,2152319
1482,2152351
1702,2152383
2007,2152415
2062,2152447
1453,2152479
1305,2152511
985,2152543
813,2152575
554,2152607
298,2152639
168,2152671
0,2152703
0,2152735
253,2152767
476,2152799
678,2152831
1279,2152863
1513,2152895
1387,2152927
1948,2152959
1754,2152991
2302,2153023
1984,2153055
1789,2153087
1599,2153119
924,2153151
1052,2153183
858,2153215
672,2153247
24,2153279
126,2153311
377,2153343
216,2153375
432,2153407
1018,2153439
938,2153471
1114,2153503
1342,2153535
1671,2153567
1862,2153599
2224,2153631
2043,2153663
1400,2153695
1131,2153727
1280,2153759
1112,2153791
491,2153823
592,2153855
367,2153887
269,2153919
410,2153951
686,2153983
921,2154015
719,2154047
1033,2154079
1611,2154111
1423,2154143
2151,2154175
2269,2154207
1742,2154239
1515,2154271
1262,2154303
1099,2154335
1230,2154367
602,2154399
455,2154431
502,2154463
0,2154495
309,2154527
105,2154559
392,2154591
619,2154623
800,2154655
1099,2154687
1305,2154719
1528,2154751
2165,2154783
2009,2154815
1737,2154847
1855,2154879
1196,2154911
1079,2154943
1160,2154975
924,2155007
732,2155039
426,2155071
234,2155103
317,2155135
589,2155167
743,2155199
960,2155231
888,2155263
1056,2155295
1647,2155327
1887,2155359
1804,2155391
1840,2155423
1977,2155455
1463,2155487
1194,2155519
1401,2155551
779,2155583
542,2155615
286,2155647
477,2155679
0,2155711
69,2155743
623,2155775
909,2155807
747,2155839
1264,2155871
1551,2155903
1833,2155935
1584,2155967
1900,2155999
2223,2156031
1549,2156063
1815,2156095
1470,2156127
877,2156159
637,2156191
409,2156223
250,2156255
376,2156287
0,2156319
139,2156351
640,2156383
522,2156415
815,2156447
954,2156479
1240,2156511
1432,2156543
1644,2156575
1978,2156607
1798,2156639
1515,2156671
1367,2156703
1133,2156735
874,2156767
1022,2156799
352,2156831
218,2156863
300,2156895
310,2156927
525,2156959
686,2156991
953,2157023
1225,2157055
1005,2157087
1600,2157119
1880,2157151
1704,2157183
1900,2157215
2032,2157247
1839,2157279
1198,2157311
970,2157343
1102,2157375
572,2157407
298,2157439
539,2157471
0,2157503
0,2157535
154,2157567
855,2157599
693,2157631
885,2157663
1484,2157695
1782,2157727
1608,2157759
2190,2157791
2283,2157823
2103,2157855
1759,2157887
1195,2157919
1343,2157951
688,2157983
552,2158015
656,2158047
30,2158079
0,2158111
360,2158143
234,2158175
859,2158207
668,2158239
955,2158271
1550,2158303
1370,2158335
1687,2158367
2208,2158399
1846,2158431
2009,2158463
1321,2158495
1146,2158527
925,2158559
664,2158591
506,2158623
248,2158655
25,2158687
245,2158719
384,2158751
333,2158783
896,2158815
1165,2158847
1051,2158879
1594,2158911
1823,2158943
2104,2158975
2253,2159007
2142,2159039
1904,2159071
1262,2159103
1391,2159135
1162,2159167
972,2159199
351,2159231
473,2159263
248,2159295
0,2159327
95,2159359
411,2159391
636,2159423
827,2159455
1000,2159487
1311,2159519
1546,2159551
1742,2159583
2397,2159615
1751,2159647
1515,2159679
1629,2159711
1465,2159743
827,2159775
895,2159807
347,2159839
539,2159871
0,2159903
19,2159935
571,2159967
380,2159999
607,2160031
1214,2160063
1084,2160095
1785,2160127
1520,2160159
1829,2160191
2284,2160223
1610,2160255
1480,2160287
1532,2160319
938,2160351
636,2160383
462,2160415
298,2160447
43,2160479
0,2160511
87,2160543
284,2160575
470,2160607
765,2160639
1248,2160671
1190,2160703
1808,2160735
2045,2160767
1916,2160799
2206,2160831
2012,2160863
1771,2160895
1455,2160927
1263,2160959
1072,2160991
412,2161023
528,2161055
346,2161087
238,2161119
41,2161151
620,2161183
891,2161215
720,2161247
944,2161279
1271,2161311
1451,2161343
1638,2161375
1867,2161407
1816,2161439
1532,2161471
1256,2161503
1511,2161535
888,2161567
628,2161599
765,2161631
589,2161663
0,2161695
281,2161727
511,2161759
805,2161791
927,2161823
828,2161855
1439,2161887
1232,2161919
1855,2161951
2141,2161983
1920,2162015
2167,2162047
1822,2162079
1225,2162111
1405,2162143
748,2162175
587,2162207
716,2162239
100,2162271
0,2162303
300,2162335
218,2162367
815,2162399
616,2162431
904,2162463
1129,2162495
1320,2162527
1627,2162559
2173,2162591
1912,2162623
2063,2162655
1481,2162687
1213,2162719
1326,2162751
1133,2162783
567,2162815
637,2162847
408,2162879
203,2162911
348,2162943
608,2162975
840,2163007
1103,2163039
1248,2163071
1480,2163103
1402,2163135
1582,2163167
2185,2163199
1877,2163231
1596,2163263
1310,2163295
1448,2163327
940,2163359
683,2163391
406,2163423
267,2163455
39,2163487
0,2163519
508,2163551
349,2163583
581,2163615
1143,2163647
1431,2163679
1259,2163711
1792,2163743
1692,2163775
2377,2163807
1720,2163839
1882,2163871
1693,2163903
1024,2163935
1276,2163967
954,2163999
375,2164031
589,2164063
0,2164095
0,2164127
520,2164159
328,2164191
650,2164223
1162,2164255
1033,2164287
1335,2164319
1469,2164351
1767,2164383
1927,2164415
1672,2164447
1531,2164479
1613,2164511
991,2164543
845,2164575
619,2164607
364,2164639
506,2164671
267,2164703
26,2164735
560,2164767
828,2164799
1051,2164831
1197,2164863
1470,2164895
1753,2164927
1527,2164959
2137,2164991
2254,2165023
1608,2165055
1372,2165087
1502,2165119
970,2165151
687,2165183
462,2165215
588,2165247
59,2165279
0,2165311
0,2165343
297,2165375
488,2165407
664,2165439
1371,2165471
1207,2165503
1398,2165535
2015,2165567
2315,2165599
1865,2165631
1981,2165663
1755,2165695
1576,2165727
1232,2165759
1056,2165791
829,2165823
174,2165855
38,2165887
224,2165919
73,2165951
743,2165983
874,2166015
745,2166047
1383,2166079
1180,2166111
1479,2166143
2080,2166175
1899,2166207
1821,2166239
1883,2166271
1324,2166303
1054,2166335
808,2166367
639,2166399
748,2166431
154,2166463
0,2166495
0,2166527
166,2166559
765,2166591
653,2166623
844,2166655
1419,2166687
1693,2166719
1575,2166751
2123,2166783
2319,2166815
2125,2166847
1807,2166879
1613,2166911
1375,2166943
747,2166975
879,2167007
640,2167039
134,2167071
0,2167103
281,2167135
496,2167167
430,2167199
614,2167231
1193,2167263
1144,2167295
1338,2167327
1516,2167359
1846,2167391
1925,2167423
1646,2167455
1866,2167487
1227,2167519
1000,2167551
1104,2167583
941,2167615
318,2167647
378,2167679
185,2167711
457,2167743
216,2167775
525,2167807
1095,2167839
892,2167871
1611,2167903
1741,2167935
1607,2167967
2317,2167999
1784,2168031
1611,2168063
1758,2168095
1086,2168127
956,2168159
1016,2168191
428,2168223
186,2168255
0,2168287
0,2168319
474,2168351
272,2168383
599,2168415
793,2168447
974,2168479
1278,2168511
1512,2168543
1708,2168575
2350,2168607
2189,2168639
1592,2168671
1676,2168703
1483,2168735
1243,2168767
939,2168799
750,2168831
555,2168863
0,2168895
223,2168927
491,2168959
333,2168991
556,2169023
1134,2169055
1406,2169087
1230,2169119
1456,2169151
2074,2169183
1956,2169215
1660,2169247
1423,2169279
1287,2169311
1015,2169343
746,2169375
988,2169407
376,2169439
118,2169471
247,2169503
395,2169535
247,2169567
796,2169599
1035,2169631
1320,2169663
1448,2169695
1343,2169727
1967,2169759
1759,2169791
1928,2169823
2046,2169855
1392,2169887
1631,2169919
1293,2169951
714,2169983
889,2170015
237,2170047
75,2170079
0,2170111
21,2170143
222,2170175
815,2170207
732,2170239
1341,2170271
1129,2170303
1417,2170335
1654,2170367
1848,2170399
1883,2170431
1614,2170463
1386,2170495
1545,2170527
957,2170559
699,2170591
813,2170623
619,2170655
55,2170687
205,2170719
442,2170751
701,2170783
859,2170815
1130,2170847
1353,2170879
1180,2170911
1786,2170943
2012,2170975
1930,2171007
1722,2171039
1850,2171071
1624,2171103
1081,2171135
807,2171167
935,2171199
437,2171231
168,2171263
0,2171295
0,2171327
184,2171359
376,2171391
1024,2171423
862,2171455
1093,2171487
1661,2171519
1961,2171551
1787,2171583
2288,2171615
1712,2171647
1929,2171679
1200,2171711
1354,2171743
1167,2171775
512,2171807
763,2171839
432,2171871
0,2171903
397,2171935
160,2171967
453,2171999
636,2172031
841,2172063
1162,2172095
1688,2172127
1545,2172159
1855,2172191
1840,2172223
1672,2172255
1400,2172287
1148,2172319
1016,2172351
758,2172383
808,2172415
333,2172447
119,2172479
0,2172511
426,2172543
653,2172575
537,2172607
1084,2172639
1342,2172671
1575,2172703
1723,2172735
2007,2172767
2283,2172799
1786,2172831
1918,2172863
1724,2172895
1093,2172927
859,2172959
986,2172991
798,2173023
186,2173055
0,2173087
159,2173119
104,2173151
270,2173183
495,2173215
808,2173247
996,2173279
1615,2173311
1901,2173343
1724,2173375
1926,2173407
2157,2173439
1980,2173471
1340,2173503
1450,2173535
1227,2173567
1051,2173599
717,2173631
538,2173663
311,2173695
0,2173727
184,2173759
748,2173791
584,2173823
1259,2173855
1390,2173887
1258,2173919
1484,2173951
1696,2173983
1963,2174015
2108,2174047
1452,2174079
1303,2174111
1352,2174143
808,2174175
552,2174207
299,2174239
135,2174271
224,2174303
0,2174335
253,2174367
455,2174399
680,2174431
1289,2174463
1173,2174495
1356,2174527
1948,2174559
2231,2174591
1943,2174623
2027,2174655
1788,2174687
1595,2174719
1276,2174751
1088,2174783
859,2174815
238,2174847
367,2174879
111,2174911
43,2174943
218,2174975
784,2175007
1020,2175039
940,2175071
1120,2175103
1711,2175135
1672,2175167
1865,2175199
2281,2175231
1629,2175263
1399,2175295
1132,2175327
1337,2175359
715,2175391
491,2175423
591,2175455
414,2175487
0,2175519
414,2175551
687,2175583
975,2175615
720,2175647
1038,2175679
1615,2175711
1406,2175743
2139,2175775
2270,2175807
1739,2175839
1488,2175871
1259,2175903
1095,2175935
1228,2175967
574,2175999
443,2176031
492,2176063
0,2176095
0,2176127
109,2176159
394,2176191
1000,2176223
783,2176255
1111,2176287
1307,2176319
1488,2176351
1805,2176383
1996,2176415
1738,2176447
1896,2176479
1198,2176511
1080,2176543
1150,2176575
958,2176607
727,2176639
426,2176671
232,2176703
352,2176735
169,2176767
744,2176799
1005,2176831
842,2176863
1068,2176895
1659,2176927
1943,2176959
1764,2176991
1834,2177023
1975,2177055
1423,2177087
1144,2177119
1397,2177151
775,2177183
505,2177215
236,2177247
487,2177279
0,2177311
39,2177343
623,2177375
909,2177407
753,2177439
1306,2177471
1559,2177503
1851,2177535
1968,2177567
1868,2177599
2223,2177631
1546,2177663
1399,2177695
1514,2177727
876,2177759
635,2177791
781,2177823
202,2177855
377,2177887
0,2177919
108,2177951
696,2177983
526,2178015
732,2178047
1337,2178079
1253,2178111
1869,2178143
1647,2178175
1947,2178207
1788,2178239
1512,2178271
1354,2178303
1096,2178335
871,2178367
1017,2178399
701,2178431
186,2178463
288,2178495
303,2178527
203,2178559
731,2178591
956,2178623
1223,2178655
1372,2178687
1659,2178719
1883,2178751
1703,2178783
2270,2178815
2030,2178847
1481,2178879
1198,2178911
1325,2178943
1100,2178975
568,2179007
288,2179039
151,2179071
0,2179103
0,2179135
166,2179167
471,2179199
696,2179231
888,2179263
1549,2179295
1387,2179327
1610,2179359
2191,2179391
2333,2179423
1691,2179455
1759,2179487
1194,2179519
1389,2179551
686,2179583
540,2179615
666,2179647
9,2179679
0,2179711
364,2179743
239,2179775
923,2179807
670,2179839
965,2179871
1561,2179903
1352,2179935
1688,2179967
2216,2179999
1802,2180031
1647,2180063
1320,2180095
1149,2180127
887,2180159
636,2180191
493,2180223
248,2180255
0,2180287
0,2180319
397,2180351
346,2180383
942,2180415
1177,2180447
1051,2180479
1600,2180511
1880,2180543
2104,2180575
2256,2180607
2142,2180639
1952,2180671
1260,2180703
1390,2180735
1198,2180767
582,2180799
348,2180831
473,2180863
282,2180895
0,2180927
106,2180959
420,2180991
611,2181023
781,2181055
1006,2181087
1321,2181119
1515,2181151
1694,2181183
2393,2181215
1748,2181247
1476,2181279
1627,2181311
1452,2181343
825,2181375
928,2181407
713,2181439
534,2181471
203,2181503
0,2181535
573,2181567
384,2181599
986,2181631
1262,2181663
1096,2181695
1788,2181727
1919,2181759
1785,2181791
2282,2181823
1600,2181855
1435,2181887
1578,2181919
938,2181951
791,2181983
832,2182015
298,2182047
38,2182079
0,2182111
55,2182143
283,2182175
463,2182207
763,2182239
1295,2182271
1194,2182303
1816,2182335
1691,2182367
1886,2182399
2203,2182431
2013,2182463
1415,2182495
1499,2182527
1264,2182559
1067,2182591
764,2182623
573,2182655
336,2182687
0,2182719
396,2182751
624,2182783
894,2182815
733,2182847
1309,2182879
1269,2182911
1463,2182943
1640,2182975
2249,2183007
1812,2183039
1531,2183071
1254,2183103
1115,2183135
885,2183167
620,2183199
815,2183231
203,2183263
0,2183295
283,2183327
571,2183359
412,2183391
928,2183423
840,2183455
1488,2183487
1232,2183519
1856,2183551
2143,2183583
1896,2183615
2156,2183647
1822,2183679
1223,2183711
1453,2183743
747,2183775
585,2183807
714,2183839
72,2183871
0,2183903
302,2183935
186,2183967
392,2183999
715,2184031
905,2184063
1096,2184095
1303,2184127
1627,2184159
2184,2184191
1864,2184223
1707,2184255
1479,2184287
1208,2184319
1368,2184351
1133,2184383
567,2184415
232,2184447
442,2184479
197,2184511
348,2184543
615,2184575
887,2184607
670,2184639
1256,2184671
1530,2184703
1808,2184735
1582,2184767
2190,2184799
1831,2184831
1544,2184863
1307,2184895
1440,2184927
906,2184959
623,2184991
400,2185023
263,2185055
4,2185087
0,2185119
507,2185151
359,2185183
549,2185215
1149,2185247
1435,2185279
1270,2185311
1839,2185343
2089,2185375
2376,2185407
2110,2185439
1930,2185471
1692,2185503
1021,2185535
888,2185567
992,2185599
368,2185631
587,2185663
256,2185695
0,2185727
523,2185759
330,2185791
620,2185823
1212,2185855
1035,2185887
1245,2185919
1533,2185951
1768,2185983
2359,2186015
1662,2186047
1495,2186079
1610,2186111
992,2186143
842,2186175
585,2186207
358,2186239
503,2186271
0,2186303
8,2186335
567,2186367
829,2186399
712,2186431
1247,2186463
1480,2186495
1753,2186527
1904,2186559
2185,2186591
2251,2186623
2062,2186655
1740,2186687
1501,2186719
966,2186751
687,2186783
813,2186815
585,2186847
60,2186879
0,2186911
335,2186943
299,2186975
491,2187007
666,2187039
983,2187071
1208,2187103
1392,2187135
2077,2187167
1911,2187199
2172,2187231
1979,2187263
1805,2187295
1164,2187327
1230,2187359
1050,2187391
877,2187423
174,2187455
26,2187487
233,2187519
44,2187551
747,2187583
876,2187615
749,2187647
1435,2187679
1183,2187711
1477,2187743
2092,2187775
1880,2187807
1818,2187839
1548,2187871
1277,2187903
1129,2187935
800,2187967
636,2187999
782,2188031
124,2188063
0,2188095
0,2188127
126,2188159
429,2188191
663,2188223
856,2188255
1468,2188287
1703,2188319
1576,2188351
2128,2188383
2364,2188415
2121,2188447
1801,2188479
1613,2188511
1419,2188543
747,2188575
874,2188607
683,2188639
74,2188671
0,2188703
284,2188735
554,2188767
392,2188799
616,2188831
1197,2188863
1125,2188895
1291,2188927
1528,2188959
1848,2188991
1880,2189023
1594,2189055
1863,2189087
1222,2189119
1342,2189151
1099,2189183
936,2189215
313,2189247
414,2189279
183,2189311
459,2189343
588,2189375
500,2189407
1099,2189439
895,2189471
1210,2189503
1791,2189535
1609,2189567
2325,2189599
2174,2189631
1564,2189663
1753,2189695
1087,2189727
920,2189759
698,2189791
428,2189823
279,2189855
318,2189887
0,2189919
477,2189951
279,2189983
567,2190015
797,2190047
975,2190079
1287,2190111
1481,2190143
1720,2190175
2347,2190207
1823,2190239
1559,2190271
1674,2190303
1471,2190335
903,2190367
974,2190399
392,2190431
553,2190463
249,2190495
269,2190527
506,2190559
346,2190591
920,2190623
1132,2190655
1416,2190687
1241,2190719
1835,2190751
2077,2190783
1944,2190815
1660,2190847
1789,2190879
1276,2190911
1006,2190943
743,2190975
599,2191007
375,2191039
477,2191071
297,2191103
20,2191135
252,2191167
799,2191199
1086,2191231
923,2191263
1451,2191295
1352,2191327
2027,2191359
1760,2191391
2234,2191423
2041,2191455
1369,2191487
1627,2191519
1290,2191551
703,2191583
937,2191615
234,2191647
71,2191679
0,2191711
1,2191743
316,2191775
826,2191807
697,2191839
991,2191871
1131,2191903
1420,2191935
1612,2191967
1832,2191999
1882,2192031
1611,2192063
1328,2192095
1181,2192127
955,2192159
696,2192191
844,2192223
617,2192255
44,2192287
219,2192319
54,2192351
704,2192383
862,2192415
1133,2192447
1403,2192479
1192,2192511
1786,2192543
2058,2192575
2347,2192607
1712,2192639
1851,2192671
1661,2192703
1020,2192735
798,2192767
925,2192799
395,2192831
121,2192863
0,2192895
0,2192927
152,2192959
759,2192991
1035,2193023
871,2193055
1052,2193087
1663,2193119
1963,2193151
1789,2193183
2330,2193215
2105,2193247
1915,2193279
1581,2193311
1392,2193343
1165,2193375
511,2193407
363,2193439
474,2193471
0,2193503
411,2193535
527,2193567
410,2193599
638,2193631
845,2193663
1131,2193695
1740,2193727
1552,2193759
1863,2193791
2224,2193823
1671,2193855
1823,2193887
1144,2193919
980,2193951
758,2193983
488,2194015
329,2194047
73,2194079
0,2194111
429,2194143
317,2194175
509,2194207
1082,2194239
895,2194271
1227,2194303
1772,2194335
2008,2194367
2283,2194399
2155,2194431
1961,2194463
1725,2194495
1531,2194527
1214,2194559
976,2194591
454,2194623
176,2194655
298,2194687
171,2194719
100,2194751
272,2194783
856,2194815
811,2194847
1003,2194879
1675,2194911
1499,2194943
1734,2194975
1928,2195007
2219,2195039
1567,2195071
1336,2195103
1448,2195135
1273,2195167
653,2195199
717,2195231
537,2195263
351,2195295
0,2195327
196,2195359
750,2195391
557,2195423
1262,2195455
1391,2195487
1260,2195519
1469,2195551
1708,2195583
1961,2195615
2106,2195647
1431,2195679
1293,2195711
1352,2195743
765,2195775
615,2195807
288,2195839
134,2195871
0,2195903
0,2195935
265,2195967
456,2195999
640,2196031
941,2196063
1175,2196095
1368,2196127
1994,2196159
1758,2196191
1933,2196223
2026,2196255
1824,2196287
1583,2196319
1277,2196351
1088,2196383
895,2196415
237,2196447
29,2196479
153,2196511
5,2196543
222,2196575
798,2196607
1071,2196639
902,2196671
1128,2196703
1720,2196735
1639,2196767
1816,2196799
2269,2196831
1625,2196863
1355,2196895
1079,2196927
1327,2196959
711,2196991
444,2197023
585,2197055
411,2197087
0,2197119
456,2197151
699,2197183
974,2197215
1110,2197247
1004,2197279
1623,2197311
1420,2197343
1736,2197375
2329,2197407
1739,2197439
1485,2197471
1631,2197503
1049,2197535
1215,2197567
574,2197599
409,2197631
538,2197663
0,2197695
0,2197727
479,2197759
397,2197791
1001,2197823
783,2197855
1080,2197887
1308,2197919
1488,2197951
1815,2197983
1960,2198015
1723,2198047
1886,2198079
1562,2198111
1034,2198143
1148,2198175
957,2198207
391,2198239
459,2198271
224,2198303
363,2198335
512,2198367
784,2198399
1019,2198431
846,2198463
1435,2198495
1662,2198527
1946,2198559
1770,2198591
2206,2198623
1965,2198655
1416,2198687
1134,2198719
990,2198751
764,2198783
496,2198815
232,2198847
86,2198879
0,2198911
40,2198943
687,2198975
525,2199007
758,2199039
1320,2199071
1613,2199103
1437,2199135
1980,2199167
1871,2199199
2279,2199231
1536,2199263
1398,2199295
1513,2199327
848,2199359
623,2199391
778,2199423
202,2199455
411,2199487
0,2199519
120,2199551
700,2199583
496,2199615
827,2199647
1340,2199679
1209,2199711
1515,2199743
1648,2199775
1948,2199807
1740,2199839
1484,2199871
1352,2199903
1094,2199935
825,2199967
669,2199999
699,2200031
187,2200063
320,2200095
313,2200127
203,2200159
735,2200191
1003,2200223
1229,2200255
1374,2200287
1658,2200319
1933,2200351
1707,2200383
2269,2200415
2078,2200447
1886,2200479
1194,2200511
1324,2200543
1143,2200575
518,2200607
296,2200639
140,2200671
0,2200703
0,2200735
172,2200767
473,2200799
663,2200831
845,2200863
1550,2200895
1384,2200927
1578,2200959
2202,2200991
2332,2201023
1687,2201055
1792,2201087
1574,2201119
1387,2201151
1064,2201183
507,2201215
648,2201247
8,2201279
133,2201311
408,2201343
248,2201375
923,2201407
1051,2201439
921,2201471
1565,2201503
1357,2201535
1667,2201567
2268,2201599
1802,2201631
1643,2201663
1696,2201695
1146,2201727
1303,2201759
634,2201791
460,2201823
248,2201855
0,2201887
0,2201919
442,2201951
346,2201983
943,2202015
829,2202047
1020,2202079
1598,2202111
1879,2202143
1755,2202175
2302,2202207
2138,2202239
1944,2202271
1626,2202303
1432,2202335
1197,2202367
1003,2202399
701,2202431
464,2202463
0,2202495
0,2202527
459,2202559
413,2202591
616,2202623
782,2202655
1374,2202687
1325,2202719
1516,2202751
1704,2202783
1980,2202815
1740,2202847
1468,2202879
1679,2202911
1048,2202943
825,2202975
927,2203007
759,2203039
139,2203071
200,2203103
1,2203135
635,2203167
392,2203199
992,2203231
1272,2203263
1068,2203295
1799,2203327
1930,2203359
1786,2203391
2331,2203423
1599,2203455
1433,2203487
1574,2203519
906,2203551
779,2203583
830,2203615
251,2203647
105,2203679
0,2203711
59,2203743
249,2203775
448,2203807
766,2203839
1304,2203871
1150,2203903
1463,2203935
1691,2203967
1896,2203999
2238,2204031
2007,2204063
1405,2204095
1488,2204127
1304,2204159
1065,2204191
762,2204223
573,2204255
377,2204287
0,2204319
400,2204351
671,2204383
516,2204415
729,2204447
1310,2204479
1239,2204511
1406,2204543
1644,2204575
2254,2204607
1767,2204639
1471,2204671
1244,2204703
1108,2204735
842,2204767
569,2204799
812,2204831
200,2204863
0,2204895
285,2204927
571,2204959
412,2204991
974,2205023
1211,2205055
1497,2205087
1627,2205119
1916,2205151
2153,2205183
1888,2205215
1751,2205247
1866,2205279
1213,2205311
1451,2205343
1116,2205375
539,2205407
703,2205439
60,2205471
0,2205503
352,2205535
188,2205567
488,2205599
992,2205631
917,2205663
1098,2205695
1305,2205727
1596,2205759
2188,2205791
1853,2205823
1694,2205855
1435,2205887
1208,2205919
1357,2205951
793,2205983
523,2206015
636,2206047
441,2206079
0,2206111
394,2206143
620,2206175
887,2206207
1035,2206239
1306,2206271
1531,2206303
1355,2206335
1964,2206367
2192,2206399
1830,2206431
1534,2206463
1675,2206495
1435,2206527
903,2206559
623,2206591
749,2206623
253,2206655
2,2206687
0,2206719
137,2206751
360,2206783
552,2206815
1210,2206847
1037,2206879
1270,2206911
1849,2206943
2153,2206975
1966,2207007
2106,2207039
1919,2207071
1741,2207103
1020,2207135
884,2207167
989,2207199
336,2207231
587,2207263
254,2207295
0,2207327
583,2207359
334,2207391
630,2207423
1214,2207455
1007,2207487
1339,2207519
1869,2207551
1735,2207583
1898,2207615
1672,2207647
1483,2207679
1646,2207711
969,2207743
841,2207775
582,2207807
314,2207839
157,2207871
0,2207903
8,2207935
602,2207967
831,2207999
715,2208031
1248,2208063
1528,2208095
1755,2208127
1904,2208159
2188,2208191
2287,2208223
1599,2208255
1739,2208287
1544,2208319
910,2208351
682,2208383
811,2208415
619,2208447
8,2208479
237,2208511
345,2208543
269,2208575
444,2208607
676,2208639
985,2208671
1177,2208703
1354,2208735
2087,2208767
1914,2208799
1817,2208831
1975,2208863
1803,2208895
1162,2208927
1273,2208959
1053,2208991
872,2209023
541,2209055
4,2209087
233,2209119
55,2209151
362,2209183
926,2209215
760,2209247
1437,2209279
1577,2209311
1436,2209343
2093,2209375
1884,2209407
1784,2209439
1546,2209471
1274,2209503
1024,2209535
1168,2209567
633,2209599
781,2209631
122,2209663
0,2209695
0,2209727
138,2209759
431,2209791
632,2209823
858,2209855
1465,2209887
1343,2209919
1535,2209951
2134,2209983
2357,2210015
1757,2210047
1847,2210079
1610,2210111
1404,2210143
1099,2210175
912,2210207
684,2210239
71,2210271
183,2210303
285,2210335
220,2210367
392,2210399
968,2210431
1198,2210463
1126,2210495
1295,2210527
1900,2210559
1851,2210591
1880,2210623
1592,2210655
1451,2210687
1222,2210719
952,2210751
1151,2210783
539,2210815
311,2210847
411,2210879
229,2210911
75,2210943
590,2210975
496,2211007
1149,2211039
896,2211071
1514,2211103
1791,2211135
1592,2211167
2327,2211199
2168,2211231
1561,2211263
1801,2211295
1082,2211327
922,2211359
648,2211391
398,2211423
267,2211455
316,2211487
0,2211519
151,2211551
283,2211583
572,2211615
762,2211647
960,2211679
1289,2211711
1482,2211743
1676,2211775
1982,2211807
1820,2211839
1548,2211871
1709,2211903
1469,2211935
893,2211967
974,2211999
784,2212031
551,2212063
248,2212095
279,2212127
541,2212159
344,2212191
923,2212223
1192,2212255
1028,2212287
1244,2212319
1840,2212351
2124,2212383
1884,2212415
1648,2212447
1787,2212479
1243,2212511
968,2212543
740,2212575
596,2212607
332,2212639
475,2212671
295,2212703
22,2212735
216,2212767
800,2212799
1095,2212831
933,2212863
1496,2212895
1739,2212927
2028,2212959
2158,2212991
2266,2213023
2041,2213055
1360,2213087
1223,2213119
1338,2213151
702,2213183
935,2213215
600,2213247
26,2213279
0,2213311
7,2213343
295,2213375
874,2213407
710,2213439
1000,2213471
1515,2213503
1430,2213535
1616,2213567
1832,2213599
1835,2213631
1960,2213663
1328,2213695
1177,2213727
923,2213759
695,2213791
839,2213823
281,2213855
17,2213887
218,2213919
489,2213951
377,2213983
910,2214015
1134,2214047
1403,2214079
1560,2214111
1836,2214143
2072,2214175
1884,2214207
2092,2214239
1850,2214271
1304,2214303
1021,2214335
1147,2214367
922,2214399
392,2214431
123,2214463
235,2214495
0,2214527
154,2214559
809,2214591
651,2214623
872,2214655
1066,2214687
1735,2214719
1561,2214751
1789,2214783
2329,2214815
2153,2214847
1500,2214879
1577,2214911
1389,2214943
1211,2214975
506,2215007
374,2215039
473,2215071
0,2215103
407,2215135
542,2215167
422,2215199
623,2215231
846,2215263
1142,2215295
1740,2215327
1533,2215359
1868,2215391
2222,2215423
1614,2215455
1372,2215487
1136,2215519
972,2215551
1116,2215583
456,2215615
327,2215647
70,2215679
0,2215711
93,2215743
319,2215775
520,2215807
1128,2215839
902,2215871
1228,2215903
1784,2215935
2060,2215967
2285,2215999
2142,2216031
1961,2216063
1760,2216095
1080,2216127
1213,2216159
1022,2216191
406,2216223
172,2216255
288,2216287
204,2216319
57,2216351
272,2216383
860,2216415
781,2216447
956,2216479
1675,2216511
1499,2216543
1692,2216575
1880,2216607
2205,2216639
1564,2216671
1301,2216703
1439,2216735
1271,2216767
650,2216799
750,2216831
535,2216863
347,2216895
249,2216927
166,2216959
759,2216991
569,2217023
875,2217055
1450,2217087
1260,2217119
1472,2217151
2105,2217183
1909,2217215
2105,2217247
1422,2217279
1255,2217311
1390,2217343
760,2217375
510,2217407
655,2217439
124,2217471
253,2217503
0,2217535
235,2217567
461,2217599
650,2217631
948,2217663
1143,2217695
1372,2217727
1996,2217759
2142,2217791
1898,2217823
2014,2217855
1823,2217887
1229,2217919
1312,2217951
1084,2217983
891,2218015
587,2218047
397,2218079
151,2218111
9,2218143
584,2218175
799,2218207
728,2218239
906,2218271
1488,2218303
1723,2218335
1643,2218367
1822,2218399
1863,2218431
1625,2218463
1353,2218495
1070,2218527
937,2218559
701,2218591
441,2218623
639,2218655
25,2218687
0,2218719
459,2218751
749,2218783
587,2218815
1112,2218847
1007,2218879
1678,2218911
1421,2218943
1738,2218975
2335,2219007
1708,2219039
1482,2219071
1631,2219103
1039,2219135
1273,2219167
570,2219199
408,2219231
537,2219263
0,2219295
0,2219327
488,2219359
362,2219391
665,2219423
794,2219455
1083,2219487
1273,2219519
1480,2219551
1815,2219583
1958,2219615
1677,2219647
1517,2219679
1560,2219711
1033,2219743
1182,2219775
955,2219807
380,2219839
459,2219871
264,2219903
363,2219935
526,2219967
795,2219999
1067,2220031
846,2220063
1437,2220095
1712,2220127
1540,2220159
1768,2220191
2201,2220223
2008,2220255
1358,2220287
1130,2220319
989,2220351
728,2220383
457,2220415
222,2220447
77,2220479
0,2220511
74,2220543
699,2220575
536,2220607
726,2220639
1324,2220671
1614,2220703
1446,2220735
2024,2220767
2269,2220799
2267,2220831
1929,2220863
1356,2220895
1513,2220927
844,2220959
991,2220991
823,2221023
199,2221055
411,2221087
190,2221119
85,2221151
701,2221183
504,2221215
796,2221247
1388,2221279
1212,2221311
1516,2221343
2044,2221375
1951,2221407
1739,2221439
1482,2221471
1310,2221503
1092,2221535
824,2221567
665,2221599
733,2221631
182,2221663
318,2221695
0,2221727
183,2221759
736,2221791
1005,2221823
891,2221855
1423,2221887
1660,2221919
1933,2221951
2090,2221983
2312,2222015
2064,2222047
1420,2222079
1561,2222111
1323,2222143
1136,2222175
508,2222207
634,2222239
138,2222271
0,2222303
0,2222335
523,2222367
474,2222399
665,2222431
844,2222463
1159,2222495
1385,2222527
1580,2222559
2279,2222591
1915,2222623
1677,2222655
1799,2222687
1623,2222719
985,2222751
1052,2222783
506,2222815
699,2222847
7,2222879
126,2222911
413,2222943
230,2222975
923,2223007
1054,2223039
923,2223071
1623,2223103
1360,2223135
1658,2223167
2272,2223199
1770,2223231
1640,2223263
1695,2223295
1112,2223327
848,2223359
717,2223391
460,2223423
196,2223455
0,2223487
0,2223519
446,2223551
312,2223583
605,2223615
829,2223647
1030,2223679
1648,2223711
1881,2223743
1754,2223775
2313,2223807
2176,2223839
1933,2223871
1616,2223903
1431,2223935
1232,2223967
571,2223999
697,2224031
505,2224063
316,2224095
0,2224127
462,2224159
393,2224191
568,2224223
796,2224255
1375,2224287
1292,2224319
1482,2224351
1704,2224383
1975,2224415
1701,2224447
1416,2224479
1675,2224511
1047,2224543
779,2224575
923,2224607
749,2224639
146,2224671
224,2224703
361,2224735
635,2224767
767,2224799
1040,2224831
1275,2224863
1069,2224895
1387,2224927
1979,2224959
1788,2224991
2331,2225023
1984,2225055
1385,2225087
1565,2225119
908,2225151
747,2225183
874,2225215
252,2225247
9,2225279
0,2225311
72,2225343
653,2225375
447,2225407
744,2225439
1308,2225471
1160,2225503
1463,2225535
1659,2225567
1896,2225599
2239,2225631
1643,2225663
1381,2225695
1486,2225727
1295,2225759
727,2225791
798,2225823
568,2225855
373,2225887
175,2225919
447,2225951
671,2225983
953,2226015
1096,2226047
1312,2226079
1242,2226111
1420,2226143
2024,2226175
2256,2226207
1764,2226239
1469,2226271
1607,2226303
1109,2226335
839,2226367
566,2226399
427,2226431
196,2226463
0,2226495
349,2226527
190,2226559
715,2226591
976,2226623
1273,2226655
1099,2226687
1630,2226719
1917,2226751
2207,2226783
1887,2226815
1737,2226847
1855,2226879
1196,2226911
1438,2226943
1114,2226975
527,2227007
751,2227039
57,2227071
0,2227103
362,2227135
171,2227167
489,2227199
684,2227231
871,2227263
1173,2227295
1309,2227327
1606,2227359
2234,2227391
1832,2227423
1693,2227455
1432,2227487
1152,2227519
1001,2227551
779,2227583
522,2227615
664,2227647
427,2227679
0,2227711
398,2227743
668,2227775
889,2227807
1040,2227839
1310,2227871
1583,2227903
1359,2227935
1966,2227967
2240,2227999
1770,2228031
1532,2228063
1662,2228095
1480,2228127
846,2228159
619,2228191
747,2228223
229,2228255
0,2228287
0,2228319
135,2228351
331,2228383
506,2228415
1209,2228447
1038,2228479
1628,2228511
1853,2228543
2151,2228575
1975,2228607
2144,2228639
1915,2228671
1736,2228703
1390,2228735
851,2228767
991,2228799
344,2228831
198,2228863
304,2228895
0,2228927
587,2228959
704,2228991
589,2229023
1215,2229055
1017,2229087
1309,2229119
1546,2229151
1736,2229183
1991,2229215
2045,2229247
1484,2229279
1643,2229311
968,2229343
796,2229375
579,2229407
313,2229439
153,2229471
0,2229503
17,2229535
605,2229567
493,2229599
693,2229631
1258,2229663
1529,2229695
1401,2229727
1961,2229759
1820,2229791
2286,2229823
1968,2229855
1775,2229887
1535,2229919
907,2229951
1039,2229983
808,2230015
618,2230047
9,2230079
105,2230111
350,2230143
278,2230175
454,2230207
1034,2230239
987,2230271
1179,2230303
1358,2230335
1677,2230367
1914,2230399
2217,2230431
2029,2230463
1385,2230495
1158,2230527
1263,2230559
1087,2230591
475,2230623
536,2230655
1,2230687
285,2230719
57,2230751
656,2230783
937,2230815
733,2230847
1447,2230879
1580,2230911
1439,2230943
2153,2230975
1887,2231007
1784,2231039
1498,2231071
1252,2231103
1115,2231135
1176,2231167
589,2231199
439,2231231
112,2231263
0,2231295
0,2231327
112,2231359
439,2231391
634,2231423
812,2231455
1117,2231487
1351,2231519
1546,2231551
2174,2231583
2349,2231615
1755,2231647
1839,2231679
1192,2231711
1403,2231743
1101,2231775
907,2231807
718,2231839
62,2231871
182,2231903
334,2231935
604,2231967
396,2231999
974,2232031
1247,2232063
1080,2232095
1296,2232127
1900,2232159
1817,2232191
1821,2232223
1582,2232255
1447,2232287
1176,2232319
1327,2232351
1149,2232383
536,2232415
279,2232447
408,2232479
219,2232511
87,2232543
350,2232575
877,2232607
1150,2232639
1278,2232671
1562,2232703
1803,2232735
1595,2232767
1913,2232799
2208,2232831
1552,2232863
1791,2232895
1455,2232927
869,2232959
648,2232991
398,2233023
232,2233055
362,2233087
0,2233119
154,2233151
654,2233183
572,2233215
1181,2233247
968,2233279
1258,2233311
1486,2233343
1676,2233375
1992,2233407
1783,2233439
1545,2233471
1706,2233503
1119,2233535
857,2233567
970,2233599
335,2233631
203,2233663
281,2233695
280,2233727
539,2233759
700,2233791
968,2233823
1195,2233855
1467,2233887
1623,2233919
1850,2233951
1768,2233983
1882,2234015
2015,2234047
1788,2234079
1241,2234111
955,2234143
1085,2234175
598,2234207
329,2234239
521,2234271
0,2234303
24,2234335
218,2234367
872,2234399
700,2234431
935,2234463
1499,2234495
1799,2234527
1623,2234559
2160,2234591
2271,2234623
2089,2234655
1356,2234687
1213,2234719
1327,2234751
678,2234783
925,2234815
592,2234847
26,2234879
0,2234911
4,2234943
295,2234975
876,2235007
680,2235039
1003,2235071
1518,2235103
1383,2235135
1693,2235167
1834,2235199
1835,2235231
1562,2235263
1306,2235295
1175,2235327
919,2235359
646,2235391
491,2235423
265,2235455
17,2235487
254,2235519
62,2235551
380,2235583
910,2235615
1180,2235647
1405,2235679
1563,2235711
1837,2235743
2121,2235775
1884,2235807
2088,2235839
1886,2235871
1242,2235903
1018,2235935
1148,2235967
954,2235999
334,2236031
112,2236063
230,2236095
0,2236127
112,2236159
812,2236191
651,2236223
841,2236255
1016,2236287
1739,2236319
1563,2236351
1757,2236383
2319,2236415
2150,2236447
1499,2236479
1612,2236511
1386,2236543
1211,2236575
888,2236607
330,2236639
473,2236671
0,2236703
27,2236735
586,2236767
424,2236799
622,2236831
1227,2236863
1101,2236895
1749,2236927
1533,2236959
1837,2236991
2268,2237023
1612,2237055
1463,2237087
1517,2237119
968,2237151
1117,2237183
448,2237215
285,2237247
69,2237279
0,2237311
103,2237343
299,2237375
522,2237407
1129,2237439
1263,2237471
1198,2237503
1784,2237535
2061,2237567
1931,2237599
2192,2237631
1952,2237663
1755,2237695
1438,2237727
1248,2237759
1019,2237791
399,2237823
525,2237855
286,2237887
216,2237919
62,2237951
632,2237983
861,2238015
792,2238047
958,2238079
1276,2238111
1511,2238143
1702,2238175
1883,2238207
1800,2238239
1560,2238271
1290,2238303
1499,2238335
875,2238367
638,2238399
750,2238431
573,2238463
0,2238495
252,2238527
174,2238559
813,2238591
568,2238623
876,2238655
1451,2238687
1244,2238719
1482,2238751
2107,2238783
1901,2238815
2151,2238847
1418,2238879
1256,2238911
1388,2238943
730,2238975
605,2239007
654,2239039
79,2239071
0,2239103
0,2239135
238,2239167
425,2239199
624,2239231
954,2239263
1156,2239295
1334,2239327
1641,2239359
2139,2239391
1894,2239423
2059,2239455
1821,2239487
1229,2239519
1310,2239551
1120,2239583
888,2239615
584,2239647
394,2239679
187,2239711
12,2239743
588,2239775
846,2239807
1118,2239839
907,2239871
1498,2239903
1774,2239935
1594,2239967
1822,2239999
1851,2240031
1581,2240063
1295,2240095
1069,2240127
936,2240159
667,2240191
393,2240223
635,2240255
25,2240287
0,2240319
463,2240351
751,2240383
596,2240415
1151,2240447
1390,2240479
1685,2240511
1806,2240543
1706,2240575
2333,2240607
1708,2240639
1867,2240671
1677,2240703
1038,2240735
1269,2240767
938,2240799
360,2240831
523,2240863
0,2240895
0,2240927
536,2240959
364,2240991
665,2241023
1178,2241055
1085,2241087
1705,2241119
1483,2241151
1783,2241183
1950,2241215
1674,2241247
1514,2241279
1597,2241311
1030,2241343
1177,2241375
607,2241407
347,2241439
458,2241471
255,2241503
42,2241535
574,2241567
798,2241599
1065,2241631
1214,2241663
1484,2241695
1721,2241727
2009,2241759
2144,2241791
2192,2241823
1642,2241855
1356,2241887
1487,2241919
986,2241951
728,2241983
445,2242015
575,2242047
84,2242079
0,2242111
5,2242143
315,2242175
538,2242207
728,2242239
1387,2242271
1212,2242303
1447,2242335
2027,2242367
2329,2242399
1851,2242431
1918,2242463
1350,2242495
1551,2242527
843,2242559
992,2242591
813,2242623
169,2242655
407,2242687
202,2242719
87,2242751
761,2242783
505,2242815
806,2242847
1392,2242879
1196,2242911
1527,2242943
2046,2242975
1913,2243007
1805,2243039
1472,2243071
1309,2243103
1039,2243135
792,2243167
665,2243199
732,2243231
138,2243263
0,2243295
0,2243327
184,2243359
782,2243391
1015,2243423
891,2243455
1436,2243487
1708,2243519
1943,2243551
2093,2243583
2301,2243615
2107,2243647
1417,2243679
1560,2243711
1358,2243743
732,2243775
507,2243807
633,2243839
104,2243871
0,2243903
0,2243935
525,2243967
445,2243999
622,2244031
846,2244063
1161,2244095
1352,2244127
1532,2244159
2268,2244191
1912,2244223
1639,2244255
1790,2244287
1611,2244319
983,2244351
1086,2244383
872,2244415
696,2244447
362,2244479
180,2244511
415,2244543
231,2244575
589,2244607
1112,2244639
934,2244671
1627,2244703
1756,2244735
1622,2244767
2279,2244799
1769,2244831
1595,2244863
1740,2244895
1098,2244927
942,2244959
992,2244991
457,2245023
190,2245055
0,2245087
0,2245119
448,2245151
312,2245183
604,2245215
808,2245247
1033,2245279
1655,2245311
1533,2245343
1724,2245375
2316,2245407
2174,2245439
1576,2245471
1660,2245503
1422,2245535
1231,2245567
924,2245599
732,2245631
504,2245663
0,2245695
239,2245727
460,2245759
394,2245791
571,2245823
1150,2245855
1376,2245887
1304,2245919
1472,2245951
2088,2245983
1974,2246015
1701,2246047
1416,2246079
1262,2246111
1046,2246143
776,2246175
985,2246207
360,2246239
135,2246271
223,2246303
411,2246335
253,2246367
768,2246399
1049,2246431
1327,2246463
1082,2246495
1396,2246527
1979,2246559
1772,2246591
2327,2246623
1984,2246655
1383,2246687
1613,2246719
903,2246751
743,2246783
878,2246815
219,2246847
92,2246879
125,2246911
36,2246943
234,2246975
460,2247007
747,2247039
1356,2247071
1144,2247103
1465,2247135
1669,2247167
1854,2247199
1869,2247231
1639,2247263
1367,2247295
1528,2247327
1291,2247359
715,2247391
796,2247423
600,2247455
363,2247487
189,2247519
456,2247551
717,2247583
512,2247615
1099,2247647
1369,2247679
1194,2247711
1420,2247743
2026,2247775
2304,2247807
1704,2247839
1467,2247871
1608,2247903
1064,2247935
784,2247967
558,2247999
413,2248031
152,2248063
0,2248095
349,2248127
199,2248159
391,2248191
986,2248223
1272,2248255
1110,2248287
1678,2248319
1917,2248351
2216,2248383
2272,2248415
1702,2248447
1855,2248479
1183,2248511
1038,2248543
1150,2248575
526,2248607
748,2248639
415,2248671
0,2248703
363,2248735
171,2248767
462,2248799
686,2248831
874,2248863
1086,2248895
1694,2248927
1609,2248959
2237,2248991
1824,2249023
1657,2249055
1429,2249087
1151,2249119
999,2249151
744,2249183
518,2249215
665,2249247
95,2249279
0,2249311
409,2249343
669,2249375
557,2249407
1085,2249439
1312,2249471
1591,2249503
1741,2249535
2014,2249567
2249,2249599
1772,2249631
1902,2249663
1658,2249695
1128,2249727
842,2249759
958,2249791
745,2249823
206,2249855
0,2249887
175,2249919
138,2249951
330,2249983
510,2250015
827,2250047
1051,2250079
1242,2250111
1919,2250143
1739,2250175
1976,2250207
2139,2250239
1967,2250271
1325,2250303
1390,2250335
842,2250367
1037,2250399
332,2250431
478,2250463
299,2250495
0,2250527
587,2250559
716,2250591
592,2250623
1277,2250655
1021,2250687
1320,2250719
1500,2250751
1712,2250783
1983,2250815
2042,2250847
1436,2250879
1289,2250911
958,2250943
795,2250975
536,2251007
284,2251039
152,2251071
0,2251103
0,2251135
272,2251167
503,2251199
694,2251231
1306,2251263
1531,2251295
1404,2251327
1966,2251359
2240,2251391
2282,2251423
1966,2251455
1773,2251487
1580,2251519
906,2251551
1035,2251583
843,2251615
231,2251647
8,2251679
109,2251711
392,2251743
234,2251775
456,2251807
1038,2251839
954,2251871
1134,2251903
1367,2251935
1687,2251967
1880,2251999
2207,2252031
2024,2252063
1383,2252095
1115,2252127
1261,2252159
1095,2252191
473,2252223
572,2252255
351,2252287
292,2252319
429,2252351
704,2252383
938,2252415
734,2252447
1051,2252479
1627,2252511
1447,2252543
2155,2252575
2286,2252607
1733,2252639
1496,2252671
1244,2252703
1080,2252735
1214,2252767
585,2252799
439,2252831
476,2252863
0,2252895
0,2252927
123,2252959
410,2252991
970,2253023
824,2253055
1127,2253087
1319,2253119
1549,2253151
2185,2253183
1981,2253215
1719,2253247
1836,2253279
1641,2253311
1053,2253343
1134,2253375
904,2253407
711,2253439
408,2253471
215,2253503
333,2253535
176,2253567
763,2253599
974,2253631
904,2253663
1087,2253695
1675,2253727
1913,2253759
1828,2253791
1820,2253823
1960,2253855
1437,2253887
1166,2253919
1385,2253951
763,2253983
532,2254015
268,2254047
459,2254079
0,2254111
87,2254143
647,2254175
927,2254207
763,2254239
1280,2254271
1567,2254303
1853,2254335
1598,2254367
1925,2254399
2217,2254431
1520,2254463
1787,2254495
1452,2254527
863,2254559
618,2254591
393,2254623
230,2254655
352,2254687
0,2254719
156,2254751
666,2254783
540,2254815
747,2254847
970,2254879
1259,2254911
1883,2254943
1661,2254975
1994,2255007
1775,2255039
1498,2255071
1342,2255103
1116,2255135
858,2255167
1002,2255199
334,2255231
203,2255263
280,2255295
328,2255327
549,2255359
703,2255391
971,2255423
1243,2255455
1023,2255487
1626,2255519
1897,2255551
1720,2255583
1880,2255615
2014,2255647
1824,2255679
1188,2255711
954,2255743
1085,2255775
553,2255807
272,2255839
520,2255871
0,2255903
3,2255935
174,2255967
875,2255999
710,2256031
894,2256063
1501,2256095
1803,2256127
1625,2256159
2206,2256191
2267,2256223
2088,2256255
1742,2256287
1178,2256319
1325,2256351
680,2256383
533,2256415
640,2256447
21,2256479
0,2256511
377,2256543
261,2256575
877,2256607
1227,2256639
971,2256671
1566,2256703
1389,2256735
1608,2256767
2232,2256799
1832,2256831
1990,2256863
1306,2256895
1143,2256927
909,2256959
648,2256991
490,2257023
232,2257055
9,2257087
261,2257119
411,2257151
351,2257183
920,2257215
1183,2257247
1069,2257279
1610,2257311
1840,2257343
2121,2257375
2270,2257407
2126,2257439
1884,2257471
1243,2257503
1372,2257535
1146,2257567
616,2257599
333,2257631
456,2257663
222,2257695
0,2257727
120,2257759
431,2257791
659,2257823
843,2257855
1020,2257887
1339,2257919
1564,2257951
1767,2257983
2379,2258015
1726,2258047
1495,2258079
1609,2258111
1437,2258143
811,2258175
877,2258207
331,2258239
511,2258271
0,2258303
27,2258335
591,2258367
396,2258399
632,2258431
1231,2258463
1102,2258495
1803,2258527
1546,2258559
1846,2258591
2267,2258623
1592,2258655
1452,2258687
1504,2258719
922,2258751
767,2258783
446,2258815
284,2258847
23,2258879
0,2258911
105,2258943
298,2258975
487,2259007
783,2259039
1272,2259071
1210,2259103
1834,2259135
2063,2259167
1943,2259199
2188,2259231
1994,2259263
1753,2259295
1434,2259327
1245,2259359
1065,2259391
395,2259423
512,2259455
328,2259487
0,2259519
61,2259551
640,2259583
907,2259615
744,2259647
958,2259679
1278,2259711
1479,2259743
1657,2259775
1884,2259807
1787,2259839
1513,2259871
1240,2259903
1486,2259935
869,2259967
605,2259999
746,2260031
569,2260063
0,2260095
296,2260127
539,2260159
814,2260191
940,2260223
1226,2260255
1453,2260287
1257,2260319
1870,2260351
2158,2260383
1900,2260415
2139,2260447
1803,2260479
1206,2260511
1385,2260543
731,2260575
570,2260607
698,2260639
74,2260671
0,2260703
317,2260735
238,2260767
430,2260799
634,2260831
923,2260863
1148,2260895
1337,2260927
1642,2260959
2190,2260991
1894,2261023
2047,2261055
1455,2261087
1193,2261119
1309,2261151
1117,2261183
541,2261215
619,2261247
384,2261279
187,2261311
363,2261343
623,2261375
855,2261407
686,2261439
1272,2261471
1500,2261503
1775,2261535
1596,2261567
2205,2261599
1850,2261631
1578,2261663
1293,2261695
1422,2261727
923,2261759
656,2261791
383,2261823
239,2261855
20,2261887
0,2261919
537,2261951
376,2261983
598,2262015
1161,2262047
1449,2262079
1277,2262111
1818,2262143
1710,2262175
2395,2262207
1705,2262239
1868,2262271
1677,2262303
1004,2262335
1259,2262367
926,2262399
359,2262431
573,2262463
0,2262495
0,2262527
538,2262559
346,2262591
669,2262623
1180,2262655
1048,2262687
1260,2262719
1579,2262751
1785,2262783
1902,2262815
1656,2262847
1512,2262879
1594,2262911
974,2262943
829,2262975
603,2263007
344,2263039
488,2263071
251,2263103
43,2263135
576,2263167
845,2263199
1069,2263231
1214,2263263
1495,2263295
1769,2263327
1536,2263359
2151,2263391
2236,2263423
2046,2263455
1354,2263487
1482,2263519
943,2263551
677,2263583
445,2263615
571,2263647
43,2263679
0,2263711
8,2263743
313,2263775
506,2263807
682,2263839
1387,2263871
1224,2263903
1415,2263935
2039,2263967
2331,2263999
1849,2264031
1960,2264063
1737,2264095
1550,2264127
1215,2264159
1040,2264191
811,2264223
166,2264255
22,2264287
240,2264319
90,2264351
763,2264383
892,2264415
763,2264447
1401,2264479
1197,2264511
1495,2264543
2106,2264575
1918,2264607
1708,2264639
1532,2264671
1308,2264703
1455,2264735
792,2264767
622,2264799
728,2264831
135,2264863
0,2264895
0,2264927
186,2264959
783,2264991
681,2265023
871,2265055
1438,2265087
1709,2265119
1591,2265151
2143,2265183
2300,2265215
2104,2265247
1788,2265279
1595,2265311
1355,2265343
1165,2265375
859,2265407
624,2265439
104,2265471
0,2265503
296,2265535
527,2265567
454,2265599
622,2265631
1211,2265663
1171,2265695
1356,2265727
1534,2265759
1863,2265791
1909,2265823
1630,2265855
1847,2265887
1211,2265919
1279,2265951
1085,2265983
921,2266015
299,2266047
360,2266079
183,2266111
475,2266143
235,2266175
541,2266207
1111,2266239
910,2266271
1627,2266303
1759,2266335
1624,2266367
2333,2266399
1760,2266431
1596,2266463
1738,2266495
1068,2266527
937,2266559
680,2266591
419,2266623
253,2266655
0,2266687
0,2266719
492,2266751
296,2266783
617,2266815
809,2266847
990,2266879
1303,2266911
1531,2266943
1734,2266975
2364,2267007
2169,2267039
1575,2267071
1662,2267103
1466,2267135
1226,2267167
923,2267199
732,2267231
539,2267263
0,2267295
240,2267327
510,2267359
358,2267391
573,2267423
1152,2267455
1422,2267487
1256,2267519
1480,2267551
2090,2267583
1929,2267615
1641,2267647
1404,2267679
1257,2267711
1001,2267743
718,2267775
981,2267807
359,2267839
460,2267871
223,2267903
411,2267935
261,2267967
813,2267999
1051,2268031
1336,2268063
1466,2268095
1367,2268127
1983,2268159
1774,2268191
1912,2268223
2027,2268255
1372,2268287
1611,2268319
1275,2268351
695,2268383
863,2268415
220,2268447
56,2268479
0,2268511
36,2268543
328,2268575
840,2268607
747,2268639
968,2268671
1144,2268703
1437,2268735
1675,2268767
1865,2268799
1865,2268831
1596,2268863
1360,2268895
1527,2268927
943,2268959
681,2268991
794,2269023
605,2269055
30,2269087
234,2269119
110,2269151
717,2269183
876,2269215
1148,2269247
1372,2269279
1197,2269311
1802,2269343
2030,2269375
2304,2269407
1696,2269439
1834,2269471
1599,2269503
1062,2269535
781,2269567
908,2269599
411,2269631
152,2269663
0,2269695
0,2269727
200,2269759
767,2269791
1051,2269823
879,2269855
1112,2269887
1678,2269919
1979,2269951
1804,2269983
2269,2270015
1692,2270047
1911,2270079
1180,2270111
1328,2270143
1149,2270175
494,2270207
747,2270239
413,2270271
0,2270303
415,2270335
175,2270367
462,2270399
652,2270431
856,2270463
1183,2270495
1708,2270527
1564,2270559
1881,2270591
1823,2270623
1655,2270655
1383,2270687
1130,2270719
989,2270751
743,2270783
462,2270815
315,2270847
89,2270879
0,2270911
440,2270943
671,2270975
557,2271007
1097,2271039
909,2271071
1591,2271103
1740,2271135
2016,2271167
2301,2271199
1768,2271231
1901,2271263
1706,2271295
1516,2271327
832,2271359
970,2271391
779,2271423
168,2271455
0,2271487
175,2271519
109,2271551
296,2271583
512,2271615
826,2271647
1014,2271679
1631,2271711
1931,2271743
1740,2271775
1942,2271807
2139,2271839
1960,2271871
1323,2271903
1432,2271935
1199,2271967
1022,2271999
702,2272031
512,2272063
287,2272095
0,2272127
201,2272159
766,2272191
600,2272223
1275,2272255
1406,2272287
1275,2272319
1513,2272351
1723,2272383
1944,2272415
2092,2272447
1433,2272479
1277,2272511
1336,2272543
792,2272575
939,2272607
280,2272639
109,2272671
0,2272703
0,2272735
280,2272767
472,2272799
696,2272831
1307,2272863
1183,2272895
1383,2272927
1967,2272959
1774,2272991
1918,2273023
2010,2273055
1772,2273087
1575,2273119
1258,2273151
1070,2273183
841,2273215
651,2273247
346,2273279
119,2273311
70,2273343
240,2273375
813,2273407
1038,2273439
965,2273471
1136,2273503
1739,2273535
1689,2273567
1886,2273599
2265,2273631
1613,2273663
1380,2273695
1115,2273727
1309,2273759
699,2273791
471,2273823
569,2273855
397,2273887
0,2273919
430,2273951
713,2273983
991,2274015
745,2274047
1062,2274079
1631,2274111
1432,2274143
2158,2274175
2286,2274207
1721,2274239
1468,2274271
1244,2274303
1079,2274335
1212,2274367
567,2274399
425,2274431
472,2274463
0,2274495
6,2274527
125,2274559
411,2274591
603,2274623
808,2274655
1128,2274687
1324,2274719
1512,2274751
1821,2274783
1991,2274815
1710,2274847
1872,2274879
1180,2274911
1051,2274943
1134,2274975
940,2275007
703,2275039
408,2275071
215,2275103
382,2275135
186,2275167
764,2275199
1024,2275231
860,2275263
1085,2275295
1678,2275327
1963,2275359
1784,2275391
1816,2275423
1951,2275455
1401,2275487
1125,2275519
1383,2275551
759,2275583
490,2275615
219,2275647
455,2275679
0,2275711
56,2275743
651,2275775
935,2275807
766,2275839
1328,2275871
1579,2275903
1864,2275935
1994,2275967
1894,2275999
2205,2276031
1527,2276063
1381,2276095
1500,2276127
856,2276159
615,2276191
760,2276223
185,2276255
351,2276287
0,2276319
135,2276351
714,2276383
540,2276415
843,2276447
1354,2276479
1271,2276511
1885,2276543
1672,2276575
1963,2276607
1772,2276639
1487,2276671
1336,2276703
1082,2276735
846,2276767
1001,2276799
683,2276831
171,2276863
272,2276895
329,2276927
221,2276959
751,2276991
972,2277023
1241,2277055
1401,2277087
1664,2277119
1899,2277151
1722,2277183
2252,2277215
2012,2277247
1822,2277279
1177,2277311
1307,2277343
1081,2277375
554,2277407
272,2277439
124,2277471
0,2277503
3,2277535
173,2277567
491,2277599
711,2277631
906,2277663
1567,2277695
1399,2277727
1629,2277759
2215,2277791
2317,2277823
1670,2277855
1738,2277887
1177,2277919
1371,2277951
666,2277983
531,2278015
633,2278047
0,2278079
0,2278111
379,2278143
254,2278175
937,2278207
685,2278239
981,2278271
1578,2278303
1373,2278335
1704,2278367
2234,2278399
1784,2278431
1629,2278463
1295,2278495
1132,2278527
870,2278559
619,2278591
487,2278623
230,2278655
0,2278687
0,2278719
412,2278751
360,2278783
959,2278815
1193,2278847
1079,2278879
1616,2278911
1886,2278943
2133,2278975
2270,2279007
2122,2279039
1933,2279071
1241,2279103
1374,2279135
1180,2279167
990,2279199
331,2279231
447,2279263
256,2279295
0,2279327
127,2279359
439,2279391
620,2279423
808,2279455
1023,2279487
1342,2279519
1530,2279551
1720,2279583
2375,2279615
1725,2279647
1453,2279679
1607,2279711
1432,2279743
809,2279775
910,2279807
695,2279839
507,2279871
183,2279903
16,2279935
603,2279967
399,2279999
1006,2280031
1280,2280063
1102,2280095
1805,2280127
1935,2280159
1802,2280191
2265,2280223
1591,2280255
1419,2280287
1560,2280319
922,2280351
761,2280383
814,2280415
284,2280447
425,2280479
0,2280511
72,2280543
300,2280575
488,2280607
792,2280639
1311,2280671
1578,2280703
1833,2280735
1711,2280767
1911,2280799
2185,2280831
1993,2280863
1399,2280895
1481,2280927
1244,2280959
1051,2280991
745,2281023
560,2281055
319,2281087
269,2281119
424,2281151
639,2281183
578,2281215
748,2281247
1328,2281279
1287,2281311
1481,2281343
1660,2281375
2268,2281407
1785,2281439
1512,2281471
1229,2281503
1094,2281535
861,2281567
602,2281599
798,2281631
183,2281663
0,2281695
303,2281727
601,2281759
431,2281791
951,2281823
858,2281855
1511,2281887
1255,2281919
1880,2281951
2169,2281983
1872,2282015
2140,2282047
1804,2282079
1197,2282111
1435,2282143
728,2282175
566,2282207
688,2282239
44,2282271
0,2282303
320,2282335
203,2282367
503,2282399
636,2282431
923,2282463
1113,2282495
1320,2282527
1645,2282559
2200,2282591
1838,2282623
1689,2282655
1453,2282687
1191,2282719
1342,2282751
1115,2282783
540,2282815
622,2282847
426,2282879
195,2282911
367,2282943
635,2282975
905,2283007
696,2283039
1277,2283071
1550,2283103
1372,2283135
1608,2283167
2208,2283199
1815,2283231
1516,2283263
1291,2283295
1422,2283327
887,2283359
613,2283391
391,2283423
248,2283455
0,2283487
0,2283519
533,2283551
378,2283583
568,2283615
1162,2283647
1451,2283679
1278,2283711
1865,2283743
2107,2283775
2397,2283807
2090,2283839
1904,2283871
1673,2283903
1005,2283935
859,2283967
972,2283999
358,2284031
571,2284063
237,2284095
0,2284127
541,2284159
349,2284191
647,2284223
1228,2284255
1052,2284287
1357,2284319
1885,2284351
1788,2284383
1900,2284415
1646,2284447
1479,2284479
1584,2284511
974,2284543
824,2284575
569,2284607
344,2284639
475,2284671
0,2284703
24,2284735
584,2284767
845,2284799
733,2284831
1264,2284863
1499,2284895
1770,2284927
1928,2284959
2202,2284991
2233,2285023
1584,2285055
1722,2285087
1482,2285119
944,2285151
668,2285183
794,2285215
570,2285247
42,2285279
0,2285311
363,2285343
324,2285375
505,2285407
686,2285439
1000,2285471
1225,2285503
1419,2285535
2106,2285567
1927,2285599
1847,2285631
1952,2285663
1785,2285695
1147,2285727
1212,2285759
1033,2285791
859,2285823
154,2285855
21,2285887
253,2285919
63,2285951
763,2285983
894,2286015
764,2286047
1451,2286079
1200,2286111
1497,2286143
2112,2286175
1899,2286207
1801,2286239
1855,2286271
1256,2286303
1016,2286335
779,2286367
616,2286399
766,2286431
104,2286463
0,2286495
0,2286527
150,2286559
447,2286591
681,2286623
872,2286655
1484,2286687
1721,2286719
1593,2286751
2144,2286783
2346,2286815
2104,2286847
1786,2286879
1593,2286911
1391,2286943
728,2286975
858,2287007
668,2287039
57,2287071
0,2287103
302,2287135
571,2287167
418,2287199
624,2287231
1214,2287263
1133,2287295
1317,2287327
1545,2287359
1868,2287391
1867,2287423
1578,2287455
1837,2287487
1208,2287519
937,2287551
1083,2287583
910,2287615
295,2287647
394,2287679
185,2287711
475,2287743
607,2287775
520,2287807
1115,2287839
911,2287871
1227,2287903
1816,2287935
1628,2287967
2343,2287999
2153,2288031
1546,2288063
1725,2288095
1064,2288127
903,2288159
678,2288191
410,2288223
169,2288255
298,2288287
0,2288319
503,2288351
297,2288383
584,2288415
813,2288447
1001,2288479
1307,2288511
1500,2288543
1736,2288575
2365,2288607
1805,2288639
1530,2288671
1658,2288703
1453,2288735
877,2288767
958,2288799
730,2288831
527,2288863
224,2288895
286,2288927
511,2288959
360,2288991
928,2289023
1162,2289055
1082,2289087
1258,2289119
1855,2289151
2093,2289183
1920,2289215
1632,2289247
1772,2289279
1269,2289311
999,2289343
716,2289375
587,2289407
348,2289439
90,2289471
279,2289503
39,2289535
265,2289567
825,2289599
1113,2289631
951,2289663
1470,2289695
1369,2289727
2043,2289759
1784,2289791
2208,2289823
2025,2289855
1344,2289887
1609,2289919
1274,2289951
687,2289983
911,2290015
208,2290047
52,2290079
0,2290111
18,2290143
331,2290175
844,2290207
714,2290239
1017,2290271
1146,2290303
1445,2290335
1629,2290367
1850,2290399
1863,2290431
1602,2290463
1320,2290495
1163,2290527
941,2290559
679,2290591
826,2290623
601,2290655
28,2290687
236,2290719
506,2290751
728,2290783
879,2290815
1150,2290847
1421,2290879
1208,2290911
1805,2290943
2079,2290975
1898,2291007
1694,2291039
1833,2291071
1642,2291103
1002,2291135
780,2291167
904,2291199
378,2291231
104,2291263
0,2291295
0,2291327
179,2291359
777,2291391
1051,2291423
888,2291455
1080,2291487
1691,2291519
1989,2291551
1814,2291583
2312,2291615
2089,2291647
1899,2291679
1562,2291711
1374,2291743
1147,2291775
493,2291807
358,2291839
460,2291871
0,2291903
427,2291935
556,2291967
436,2291999
652,2292031
858,2292063
1148,2292095
1756,2292127
1574,2292159
1884,2292191
2208,2292223
1646,2292255
1374,2292287
1120,2292319
955,2292351
1070,2292383
464,2292415
311,2292447
60,2292479
0,2292511
443,2292543
333,2292575
536,2292607
1100,2292639
1369,2292671
1243,2292703
1512,2292735
2029,2292767
2299,2292799
2138,2292831
1946,2292863
1696,2292895
1067,2292927
1198,2292959
955,2292991
430,2293023
156,2293055
281,2293087
185,2293119
111,2293151
298,2293183
872,2293215
838,2293247
1018,2293279
1693,2293311
1516,2293343
1751,2293375
1946,2293407
2200,2293439
1547,2293471
1319,2293503
1424,2293535
1257,2293567
635,2293599
698,2293631
519,2293663
335,2293695
0,2293727
212,2293759
767,2293791
574,2293823
1277,2293855
1408,2293887
1278,2293919
1488,2293951
1722,2293983
1943,2294015
2088,2294047
1404,2294079
1275,2294111
1328,2294143
746,2294175
496,2294207
270,2294239
107,2294271
248,2294303
0,2294335
281,2294367
474,2294399
663,2294431
957,2294463
1192,2294495
1386,2294527
2010,2294559
1784,2294591
1917,2294623
2000,2294655
1808,2294687
1575,2294719
1258,2294751
1065,2294783
876,2294815
219,2294847
346,2294879
157,2294911
23,2294943
239,2294975
816,2295007
1087,2295039
920,2295071
1146,2295103
1741,2295135
1657,2295167
1837,2295199
2253,2295231
1608,2295263
1336,2295295
1054,2295327
1307,2295359
694,2295391
436,2295423
560,2295455
395,2295487
0,2295519
474,2295551
715,2295583
998,2295615
1119,2295647
1020,2295679
1632,2295711
1433,2295743
1753,2295775
2344,2295807
1720,2295839
1467,2295871
1623,2295903
1030,2295935
1209,2295967
553,2295999
392,2296031
512,2296063
0,2296095
0,2296127
506,2296159
414,2296191
1017,2296223
808,2296255
1096,2296287
1333,2296319
1516,2296351
1831,2296383
1946,2296415
1707,2296447
1869,2296479
1536,2296511
1016,2296543
1133,2296575
937,2296607
365,2296639
443,2296671
202,2296703
381,2296735
552,2296767
809,2296799
1024,2296831
863,2296863
1452,2296895
1680,2296927
1604,2296959
1784,2296991
2184,2297023
1950,2297055
1400,2297087
1116,2297119
973,2297151
755,2297183
486,2297215
205,2297247
75,2297279
0,2297311
60,2297343
704,2297375
552,2297407
775,2297439
1339,2297471
1631,2297503
1454,2297535
1996,2297567
1897,2297599
2255,2297631
1518,2297663
1372,2297695
1496,2297727
832,2297759
616,2297791
760,2297823
185,2297855
397,2297887
0,2297919
137,2297951
714,2297983
522,2298015
845,2298047
1358,2298079
1227,2298111
1531,2298143
1664,2298175
1963,2298207
1723,2298239
1468,2298271
1335,2298303
1078,2298335
800,2298367
651,2298399
680,2298431
157,2298463
304,2298495
331,2298527
222,2298559
761,2298591
1020,2298623
1257,2298655
1400,2298687
1674,2298719
1952,2298751
1724,2298783
2251,2298815
2048,2298847
1404,2298879
1178,2298911
1306,2298943
1117,2298975
493,2299007
268,2299039
126,2299071
0,2299103
0,2299135
187,2299167
490,2299199
680,2299231
858,2299263
1575,2299295
1400,2299327
1594,2299359
2217,2299391
2315,2299423
1662,2299455
1774,2299487
1551,2299519
1368,2299551
1037,2299583
489,2299615
633,2299647
1,2299679
141,2299711
426,2299743
256,2299775
940,2299807
1068,2299839
940,2299871
1579,2299903
1375,2299935
1673,2299967
2286,2299999
1774,2300031
1614,2300063
1675,2300095
1129,2300127
862,2300159
607,2300191
446,2300223
218,2300255
0,2300287
0,2300319
461,2300351
360,2300383
967,2300415
855,2300447
1038,2300479
1625,2300511
1899,2300543
1770,2300575
2328,2300607
2121,2300639
1917,2300671
1600,2300703
1408,2300735
1177,2300767
555,2300799
683,2300831
447,2300863
256,2300895
0,2300927
476,2300959
443,2300991
622,2301023
799,2301055
1388,2301087
1341,2301119
1535,2301151
1722,2301183
1959,2301215
1722,2301247
1450,2301279
1661,2301311
1035,2301343
808,2301375
909,2301407
733,2301439
125,2301471
173,2301503
19,2301535
653,2301567
409,2301599
1006,2301631
1289,2301663
1085,2301695
1815,2301727
1945,2301759
1803,2301791
2317,2301823
1581,2301855
1415,2301887
1550,2301919
890,2301951
762,2301983
816,2302015
236,2302047
2,2302079
0,2302111
77,2302143
266,2302175
464,2302207
797,2302239
1324,2302271
1176,2302303
1483,2302335
1719,2302367
1912,2302399
2222,2302431
1981,2302463
1389,2302495
1472,2302527
1274,2302559
1048,2302591
745,2302623
556,2302655
361,2302687
0,2302719
424,2302751
696,2302783
960,2302815
748,2302847
1338,2302879
1257,2302911
1432,2302943
1662,2302975
2272,2303007
1743,2303039
1454,2303071
1229,2303103
1085,2303135
823,2303167
552,2303199
795,2303231
183,2303263
0,2303295
311,2303327
599,2303359
437,2303391
989,2303423
1229,2303455
1515,2303487
1646,2303519
1934,2303551
2171,2303583
1870,2303615
1722,2303647
1848,2303679
1195,2303711
1431,2303743
1100,2303775
520,2303807
685,2303839
45,2303871
0,2303903
376,2303935
208,2303967
414,2303999
701,2304031
927,2304063
1549,2304095
1324,2304127
1623,2304159
2206,2304191
1836,2304223
1676,2304255
1416,2304287
1182,2304319
1339,2304351
765,2304383
505,2304415
618,2304447
425,2304479
0,2304511
412,2304543
646,2304575
905,2304607
1052,2304639
1324,2304671
1551,2304703
1834,2304735
2188,2304767
2208,2304799
1804,2304831
1516,2304863
1656,2304895
1421,2304927
879,2304959
604,2304991
731,2305023
243,2305055
0,2305087
0,2305119
155,2305151
377,2305183
570,2305215
1226,2305247
1063,2305279
1592,2305311
1864,2305343
2168,2305375
1992,2305407
2090,2305439
1901,2305471
1725,2305503
1000,2305535
859,2305567
972,2305599
320,2305631
567,2305663
236,2305695
0,2305727
591,2305759
352,2305791
647,2305823
1240,2305855
1036,2305887
1367,2305919
1562,2305951
1753,2305983
1975,2306015
1643,2306047
1469,2306079
1630,2306111
944,2306143
823,2306175
564,2306207
296,2306239
139,2306271
0,2306303
27,2306335
619,2306367
857,2306399
734,2306431
1274,2306463
1546,2306495
1781,2306527
1934,2306559
2205,2306591
2281,2306623
1580,2306655
1722,2306687
1518,2306719
898,2306751
665,2306783
794,2306815
600,2306847
1,2306879
0,2306911
364,2306943
299,2306975
463,2307007
697,2307039
1002,2307071
1193,2307103
1369,2307135
2105,2307167
1928,2307199
2202,2307231
1951,2307263
1783,2307295
1144,2307327
1248,2307359
1033,2307391
846,2307423
512,2307455
0,2307487
255,2307519
71,2307551
379,2307583
942,2307615
767,2307647
1463,2307679
1596,2307711
1453,2307743
2121,2307775
1901,2307807
1756,2307839
1529,2307871
1256,2307903
1099,2307935
1160,2307967
619,2307999
761,2308031
95,2308063
0,2308095
0,2308127
144,2308159
455,2308191
650,2308223
876,2308255
1485,2308287
1367,2308319
1564,2308351
2154,2308383
2335,2308415
1741,2308447
1822,2308479
1224,2308511
1399,2308543
1083,2308575
894,2308607
665,2308639
46,2308671
156,2308703
302,2308735
576,2308767
412,2308799
991,2308831
1225,2308863
1136,2308895
1312,2308927
1920,2308959
1877,2308991
1862,2309023
1576,2309055
1432,2309087
1204,2309119
1321,2309151
1135,2309183
523,2309215
296,2309247
383,2309279
235,2309311
103,2309343
616,2309375
521,2309407
1167,2309439
923,2309471
1530,2309503
1817,2309535
1614,2309567
2344,2309599
2144,2309631
1535,2309663
1775,2309695
1064,2309727
900,2309759
632,2309791
380,2309823
251,2309855
298,2309887
0,2309919
173,2309951
303,2309983
587,2310015
777,2310047
986,2310079
1306,2310111
1508,2310143
1692,2310175
2009,2310207
1800,2310239
1529,2310271
1690,2310303
1453,2310335
875,2310367
958,2310399
328,2310431
525,2310463
231,2310495
288,2310527
560,2310559
362,2310591
940,2310623
1208,2310655
1483,2310687
1258,2310719
1865,2310751
2141,2310783
1868,2310815
1630,2310847
1770,2310879
1225,2310911
942,2310943
716,2310975
572,2311007
313,2311039
461,2311071
269,2311103
41,2311135
233,2311167
827,2311199
1115,2311231
950,2311263
1515,2311295
1759,2311327
2045,2311359
2175,2311391
2256,2311423
2015,2311455
1343,2311487
1204,2311519
1312,2311551
684,2311583
909,2311615
587,2311647
17,2311679
0,2311711
21,2311743
311,2311775
890,2311807
716,2311839
1016,2311871
1532,2311903
1446,2311935
2073,2311967
1850,2311999
1818,2312031
1592,2312063
1310,2312095
1159,2312127
903,2312159
671,2312191
825,2312223
253,2312255
0,2312287
236,2312319
75,2312351
395,2312383
925,2312415
1160,2312447
1431,2312479
1577,2312511
1853,2312543
2080,2312575
2363,2312607
2064,2312639
1824,2312671
1285,2312703
1001,2312735
1132,2312767
904,2312799
366,2312831
96,2312863
217,2312895
0,2312927
171,2312959
829,2312991
667,2313023
889,2313055
1080,2313087
1754,2313119
1579,2313151
1813,2313183
2303,2313215
2127,2313247
1483,2313279
1552,2313311
1373,2313343
1195,2313375
489,2313407
348,2313439
459,2313471
0,2313503
427,2313535
556,2313567
439,2313599
636,2313631
862,2313663
1159,2313695
1758,2313727
1552,2313759
1896,2313791
2206,2313823
1594,2313855
1451,2313887
1118,2313919
955,2313951
685,2313983
440,2314015
301,2314047
54,2314079
0,2314111
109,2314143
343,2314175
536,2314207
1146,2314239
921,2314271
1247,2314303
1802,2314335
2076,2314367
2301,2314399
2138,2314431
1934,2314463
1743,2314495
1065,2314527
1194,2314559
1002,2314591
391,2314623
154,2314655
268,2314687
232,2314719
74,2314751
302,2314783
877,2314815
807,2314847
974,2314879
1693,2314911
1525,2314943
1718,2314975
1898,2315007
2187,2315039
1545,2315071
1272,2315103
1420,2315135
1255,2315167
635,2315199
732,2315231
507,2315263
331,2315295
267,2315327
187,2315359
779,2315391
584,2315423
888,2315455
1464,2315487
1288,2315519
1488,2315551
2124,2315583
1895,2315615
2077,2315647
1403,2315679
1240,2315711
1372,2315743
745,2315775
587,2315807
638,2315839
106,2315871
237,2315903
0,2315935
249,2315967
476,2315999
666,2316031
967,2316063
1163,2316095
1386,2316127
2014,2316159
2157,2316191
1880,2316223
2010,2316255
1805,2316287
1212,2316319
1306,2316351
1066,2316383
873,2316415
560,2316447
376,2316479
169,2316511
24,2316543
604,2316575
816,2316607
1088,2316639
922,2316671
1512,2316703
1740,2316735
1661,2316767
2007,2316799
1836,2316831
1607,2316863
1328,2316895
1052,2316927
919,2316959
691,2316991
425,2317023
620,2317055
8,2317087
0,2317119
479,2317151
765,2317183
605,2317215
1120,2317247
1024,2317279
1693,2317311
1438,2317343
1757,2317375
2351,2317407
1691,2317439
1456,2317471
1614,2317503
1023,2317535
1257,2317567
552,2317599
390,2317631
510,2317663
0,2317695
8,2317727
508,2317759
380,2317791
681,2317823
813,2317855
1096,2317887
1290,2317919
1496,2317951
1832,2317983
1943,2318015
1658,2318047
1501,2318079
1535,2318111
1015,2318143
1166,2318175
937,2318207
363,2318239
440,2318271
236,2318303
389,2318335
539,2318367
810,2318399
1083,2318431
873,2318463
1463,2318495
1728,2318527
2014,2318559
1786,2318591
2176,2318623
1992,2318655
1340,2318687
1115,2318719
970,2318751
711,2318783
430,2318815
217,2318847
71,2318879
0,2318911
25,2318943
715,2318975
553,2319007
747,2319039
1339,2319071
1629,2319103
1464,2319135
2044,2319167
2295,2319199
2249,2319231
1903,2319263
1338,2319295
1485,2319327
829,2319359
983,2319391
796,2319423
174,2319455
391,2319487
217,2319519
103,2319551
729,2319583
526,2319615
823,2319647
1406,2319679
1228,2319711
1543,2319743
2064,2319775
1973,2319807
2153,2319839
1456,2319871
1292,2319903
1068,2319935
798,2319967
648,2319999
717,2320031
156,2320063
297,2320095
10,2320127
190,2320159
764,2320191
1023,2320223
909,2320255
1450,2320287
1678,2320319
1950,2320351
2108,2320383
2286,2320415
2055,2320447
1863,2320479
1535,2320511
1296,2320543
774,2320575
492,2320607
615,2320639
122,2320671
0,2320703
0,2320735
551,2320767
491,2320799
684,2320831
860,2320863
1179,2320895
1400,2320927
1598,2320959
2287,2320991
1897,2321023
1659,2321055
1773,2321087
1607,2321119
969,2321151
1036,2321183
490,2321215
681,2321247
0,2321279
154,2321311
431,2321343
238,2321375
951,2321407
1080,2321439
949,2321471
1639,2321503
1384,2321535
1678,2321567
2297,2321599
1752,2321631
1623,2321663
1676,2321695
1083,2321727
927,2321759
607,2321791
440,2321823
185,2321855
0,2321887
0,2321919
462,2321951
329,2321983
621,2322015
857,2322047
1040,2322079
1664,2322111
1901,2322143
1774,2322175
2330,2322207
2157,2322239
1915,2322271
1600,2322303
1405,2322335
1215,2322367
554,2322399
672,2322431
478,2322463
0,2322495
0,2322527
480,2322559
409,2322591
586,2322623
809,2322655
1390,2322687
1316,2322719
1488,2322751
1725,2322783
1950,2322815
1686,2322847
1390,2322879
1655,2322911
1028,2322943
761,2322975
907,2323007
731,2323039
119,2323071
215,2323103
375,2323135
652,2323167
781,2323199
1056,2323231
1293,2323263
1088,2323295
1405,2323327
1996,2323359
1808,2323391
2312,2323423
1966,2323455
1358,2323487
1547,2323519
891,2323551
727,2323583
856,2323615
236,2323647
77,2323679
152,2323711
77,2323743
270,2323775
474,2323807
761,2323839
1326,2323871
1168,2323903
1481,2323935
1685,2323967
1927,2323999
2219,2324031
1625,2324063
1355,2324095
1470,2324127
1278,2324159
702,2324191
780,2324223
542,2324255
347,2324287
200,2324319
462,2324351
688,2324383
538,2324415
1113,2324447
1336,2324479
1260,2324511
1436,2324543
2040,2324575
2281,2324607
1740,2324639
1452,2324671
1594,2324703
1083,2324735
816,2324767
540,2324799
411,2324831
179,2324863
0,2324895
375,2324927
205,2324959
441,2324991
1000,2325023
1289,2325055
1115,2325087
1648,2325119
1945,2325151
2235,2325183
1866,2325215
1722,2325247
1839,2325279
1175,2325311
1429,2325343
1096,2325375
511,2325407
735,2325439
39,2325471
0,2325503
382,2325535
188,2325567
509,2325599
1023,2325631
891,2325663
1102,2325695
1326,2325727
1624,2325759
2252,2325791
1808,2325823
1687,2325855
1414,2325887
1134,2325919
985,2325951
760,2325983
502,2326015
639,2326047
413,2326079
0,2326111
414,2326143
684,2326175
905,2326207
1068,2326239
1326,2326271
1599,2326303
1384,2326335
1983,2326367
2266,2326399
1752,2326431
1514,2326463
1646,2326495
1454,2326527
829,2326559
602,2326591
730,2326623
203,2326655
0,2326687
0,2326719
155,2326751
348,2326783
524,2326815
1227,2326847
1063,2326879
1248,2326911
1871,2326943
2168,2326975
1993,2327007
2124,2327039
1897,2327071
1719,2327103
1375,2327135
824,2327167
969,2327199
316,2327231
182,2327263
280,2327295
0,2327327
603,2327359
729,2327391
603,2327423
1239,2327455
1038,2327487
1327,2327519
1562,2327551
1754,2327583
1871,2327615
2016,2327647
1465,2327679
1625,2327711
944,2327743
789,2327775
555,2327807
296,2327839
125,2327871
0,2327903
27,2327935
621,2327967
509,2327999
702,2328031
1278,2328063
1545,2328095
1421,2328127
1980,2328159
2208,2328191
2265,2328223
1950,2328255
1756,2328287
1517,2328319
892,2328351
1017,2328383
784,2328415
262,2328447
0,2328479
135,2328511
367,2328543
298,2328575
471,2328607
1051,2328639
1003,2328671
1196,2328703
1372,2328735
1703,2328767
1930,2328799
1674,2328831
2011,2328863
1371,2328895
1144,2328927
1245,2328959
1081,2328991
459,2329023
512,2329055
0,2329087
313,2329119
74,2329151
672,2329183
953,2329215
750,2329247
1467,2329279
1596,2329311
1454,2329343
2171,2329375
1911,2329407
1756,2329439
1479,2329471
1229,2329503
1099,2329535
1150,2329567
560,2329599
415,2329631
94,2329663
0,2329695
0,2329727
138,2329759
455,2329791
650,2329823
830,2329855
1136,2329887
1369,2329919
1564,2329951
2200,2329983
2330,2330015
1737,2330047
1820,2330079
1630,2330111
1384,2330143
1082,2330175
889,2330207
699,2330239
42,2330271
155,2330303
348,2330335
198,2330367
415,2330399
992,2330431
1271,2330463
1098,2330495
1322,2330527
1920,2330559
1836,2330591
1802,2330623
1567,2330655
1430,2330687
1159,2330719
1311,2330751
1131,2330783
518,2330815
252,2330847
383,2330879
247,2330911
104,2330943
653,2330975
889,2331007
1176,2331039
1295,2331071
1584,2331103
1823,2331135
1611,2331167
1933,2331199
2188,2331231
1533,2331263
1773,2331295
1437,2331327
846,2331359
624,2331391
380,2331423
215,2331455
334,2331487
0,2331519
171,2331551
671,2331583
599,2331615
782,2331647
984,2331679
1274,2331711
1856,2331743
1696,2331775
2010,2331807
1768,2331839
1518,2331871
1689,2331903
1101,2331935
839,2331967
954,2331999
761,2332031
189,2332063
265,2332095
298,2332127
555,2332159
716,2332191
985,2332223
1211,2332255
1040,2332287
1630,2332319
1866,2332351
1786,2332383
1865,2332415
1997,2332447
1770,2332479
1215,2332511
939,2332543
1068,2332575
571,2332607
304,2332639
505,2332671
0,2332703
51,2332735
236,2332767
889,2332799
727,2332831
951,2332863
1515,2332895
1817,2332927
1643,2332959
2175,2332991
2251,2333023
2063,2333055
1340,2333087
1197,2333119
1311,2333151
654,2333183
909,2333215
576,2333247
6,2333279
0,2333311
23,2333343
311,2333375
892,2333407
700,2333439
1020,2333471
1534,2333503
1402,2333535
1626,2333567
1852,2333599
1816,2333631
1978,2333663
1289,2333695
1159,2333727
900,2333759
623,2333791
473,2333823
249,2333855
0,2333887
282,2333919
79,2333951
407,2333983
928,2334015
1198,2334047
1431,2334079
1580,2334111
1865,2334143
2139,2334175
1912,2334207
2064,2334239
1868,2334271
1230,2334303
1001,2334335
1130,2334367
939,2334399
324,2334431
93,2334463
207,2334495
0,2334527
140,2334559
841,2334591
668,2334623
857,2334655
1036,2334687
1755,2334719
1589,2334751
1782,2334783
2303,2334815
2124,2334847
1482,2334879
1596,2334911
1371,2334943
1191,2334975
860,2335007
314,2335039
448,2335071
0,2335103
51,2335135
605,2335167
441,2335199
638,2335231
1246,2335263
1116,2335295
1769,2335327
1563,2335359
1860,2335391
2252,2335423
1593,2335455
1344,2335487
1499,2335519
951,2335551
1099,2335583
432,2335615
269,2335647
45,2335679
0,2335711
121,2335743
313,2335775
540,2335807
1145,2335839
1289,2335871
1223,2335903
1806,2335935
2079,2335967
1949,2335999
2173,2336031
1934,2336063
1737,2336095
1420,2336127
1231,2336159
1001,2336191
380,2336223
505,2336255
267,2336287
0,2336319
77,2336351
653,2336383
877,2336415
806,2336447
975,2336479
1293,2336511
1526,2336543
1720,2336575
1902,2336607
1783,2336639
1544,2336671
1273,2336703
1471,2336735
856,2336767
628,2336799
729,2336831
559,2336863
0,2336895
270,2336927
188,2336959
831,2336991
586,2337023
900,2337055
1467,2337087
1262,2337119
1499,2337151
2128,2337183
1885,2337215
2135,2337247
1404,2337279
1228,2337311
1369,2337343
715,2337375
583,2337407
638,2337439
58,2337471
0,2337503
0,2337535
261,2337567
446,2337599
648,2337631
969,2337663
1163,2337695
1352,2337727
1659,2337759
2169,2337791
1880,2337823
2032,2337855
1801,2337887
1212,2337919
1293,2337951
1102,2337983
872,2338015
560,2338047
375,2338079
207,2338111
26,2338143
602,2338175
872,2338207
708,2338239
924,2338271
1514,2338303
1790,2338335
1612,2338367
1848,2338399
1835,2338431
1561,2338463
1276,2338495
1051,2338527
917,2338559
648,2338591
376,2338623
621,2338655
5,2338687
0,2338719
480,2338751
775,2338783
620,2338815
1167,2338847
1407,2338879
1701,2338911
1824,2338943
1732,2338975
2351,2339007
1691,2339039
1848,2339071
1660,2339103
1018,2339135
1246,2339167
921,2339199
344,2339231
505,2339263
0,2339295
0,2339327
558,2339359
392,2339391
683,2339423
1192,2339455
1102,2339487
1293,2339519
1500,2339551
1799,2339583
1931,2339615
1648,2339647
1496,2339679
1579,2339711
1002,2339743
1161,2339775
589,2339807
331,2339839
432,2339871
233,2339903
59,2339935
590,2339967
812,2339999
1083,2340031
1230,2340063
1512,2340095
1737,2340127
1564,2340159
2170,2340191
2176,2340223
1984,2340255
1339,2340287
1470,2340319
970,2340351
711,2340383
429,2340415
555,2340447
57,2340479
0,2340511
23,2340543
333,2340575
555,2340607
744,2340639
1404,2340671
1239,2340703
1465,2340735
2057,2340767
2347,2340799
1833,2340831
1528,2340863
1336,2340895
1535,2340927
826,2340959
974,2340991
795,2341023
152,2341055
380,2341087
218,2341119
105,2341151
779,2341183
528,2341215
823,2341247
1417,2341279
1212,2341311
1544,2341343
2074,2341375
1931,2341407
1692,2341439
1559,2341471
1291,2341503
1019,2341535
776,2341567
647,2341599
716,2341631
118,2341663
0,2341695
16,2341727
202,2341759
800,2341791
1024,2341823
919,2341855
1453,2341887
1726,2341919
1961,2341951
2111,2341983
2283,2342015
2095,2342047
1402,2342079
1531,2342111
1340,2342143
1150,2342175
491,2342207
608,2342239
90,2342271
0,2342303
0,2342335
543,2342367
461,2342399
638,2342431
870,2342463
1178,2342495
1370,2342527
1551,2342559
2286,2342591
1894,2342623
1621,2342655
1771,2342687
1595,2342719
958,2342751
1071,2342783
847,2342815
667,2342847
346,2342879
200,2342911
444,2342943
250,2342975
563,2343007
1132,2343039
954,2343071
1640,2343103
1770,2343135
1640,2343167
2301,2343199
1742,2343231
1579,2343263
1720,2343295
1082,2343327
840,2343359
664,2343391
441,2343423
575,2343455
0,2343487
0,2343519
472,2343551
331,2343583
631,2343615
825,2343647
1051,2343679
1671,2343711
1547,2343743
1751,2343775
2334,2343807
2155,2343839
1559,2343871
1642,2343903
1404,2343935
1209,2343967
904,2343999
713,2344031
479,2344063
285,2344095
267,2344127
480,2344159
412,2344191
588,2344223
1167,2344255
1401,2344287
1320,2344319
1497,2344351
2105,2344383
1945,2344415
1673,2344447
1391,2344479
1246,2344511
1019,2344543
761,2344575
960,2344607
344,2344639
407,2344671
206,2344703
431,2344735
267,2344767
784,2344799
1066,2344831
1351,2344863
1098,2344895
1415,2344927
1999,2344959
1787,2344991
2301,2345023
1964,2345055
1357,2345087
1597,2345119
888,2345151
716,2345183
846,2345215
202,2345247
74,2345279
0,2345311
46,2345343
347,2345375
474,2345407
764,2345439
1374,2345471
1152,2345503
1483,2345535
1688,2345567
1879,2345599
1849,2345631
1613,2345663
1350,2345695
1504,2345727
1275,2345759
696,2345791
778,2345823
586,2345855
347,2345887
204,2345919
473,2345951
746,2345983
540,2346015
1117,2346047
1386,2346079
1220,2346111
1439,2346143
2043,2346175
2329,2346207
1688,2346239
1450,2346271
1584,2346303
1038,2346335
764,2346367
540,2346399
394,2346431
135,2346463
0,2346495
373,2346527
217,2346559
782,2346591
1003,2346623
1291,2346655
1127,2346687
1695,2346719
1944,2346751
2232,2346783
2252,2346815
1678,2346847
1835,2346879
1164,2346911
1021,2346943
1144,2346975
508,2347007
731,2347039
408,2347071
0,2347103
381,2347135
191,2347167
478,2347199
712,2347231
892,2347263
1193,2347295
1712,2347327
1624,2347359
2251,2347391
1808,2347423
1640,2347455
1403,2347487
1135,2347519
974,2347551
727,2347583
502,2347615
638,2347647
77,2347679
0,2347711
416,2347743
685,2347775
571,2347807
1101,2347839
973,2347871
1607,2347903
1756,2347935
2039,2347967
2269,2347999
1752,2348031
1885,2348063
1644,2348095
1452,2348127
828,2348159
952,2348191
728,2348223
200,2348255
0,2348287
192,2348319
156,2348351
358,2348383
527,2348415
843,2348447
1066,2348479
1647,2348511
1935,2348543
1757,2348575
1992,2348607
2125,2348639
1945,2348671
1307,2348703
1374,2348735
814,2348767
1017,2348799
318,2348831
462,2348863
281,2348895
0,2348927
603,2348959
732,2348991
616,2349023
1293,2349055
1040,2349087
1337,2349119
1518,2349151
1739,2349183
1962,2349215
2025,2349247
1418,2349279
1271,2349311
940,2349343
779,2349375
508,2349407
265,2349439
123,2349471
0,2349503
1,2349535
286,2349567
510,2349599
713,2349631
1324,2349663
1547,2349695
1432,2349727
1982,2349759
1789,2349791
2267,2349823
1947,2349855
1752,2349887
1563,2349919
878,2349951
1017,2349983
824,2350015
636,2350047
0,2350079
128,2350111
412,2350143
249,2350175
474,2350207
1056,2350239
974,2350271
1158,2350303
1383,2350335
1705,2350367
1896,2350399
2189,2350431
2006,2350463
1357,2350495
1096,2350527
1243,2350559
1068,2350591
455,2350623
558,2350655
335,2350687
315,2350719
443,2350751
730,2350783
957,2350815
751,2350847
1064,2350879
1646,2350911
1464,2350943
2183,2350975
2299,2351007
1707,2351039
1471,2351071
1227,2351103
1053,2351135
1194,2351167
568,2351199
411,2351231
462,2351263
0,2351295
335,2351327
142,2351359
427,2351391
655,2351423
843,2351455
1143,2351487
1339,2351519
1566,2351551
2203,2351583
1965,2351615
1703,2351647
1817,2351679
1163,2351711
1037,2351743
1118,2351775
890,2351807
687,2351839
384,2351871
189,2351903
351,2351935
630,2351967
777,2351999
992,2352031
922,2352063
1100,2352095
1692,2352127
1929,2352159
1838,2352191
1801,2352223
1935,2352255
1419,2352287
1151,2352319
1357,2352351
733,2352383
506,2352415
250,2352447
443,2352479
0,2352511
116,2352543
668,2352575
953,2352607
791,2352639
1304,2352671
1593,2352703
1881,2352735
1616,2352767
1943,2352799
2185,2352831
1502,2352863
1724,2352895
1434,2352927
847,2352959
603,2352991
376,2353023
205,2353055
334,2353087
0,2353119
183,2353151
682,2353183
557,2353215
859,2353247
987,2353279
1277,2353311
1466,2353343
1678,2353375
2012,2353407
1753,2353439
1469,2353471
1321,2353503
1096,2353535
836,2353567
988,2353599
316,2353631
185,2353663
256,2353695
344,2353727
571,2353759
718,2353791
986,2353823
1259,2353855
1037,2353887
1643,2353919
1914,2353951
1734,2353983
1855,2354015
1996,2354047
1790,2354079
1162,2354111
928,2354143
1079,2354175
527,2354207
266,2354239
503,2354271
0,2354303
19,2354335
200,2354367
891,2354399
727,2354431
919,2354463
1519,2354495
1819,2354527
1651,2354559
2232,2354591
2249,2354623
2061,2354655
1724,2354687
1160,2354719
1307,2354751
651,2354783
510,2354815
620,2354847
4,2354879
0,2354911
394,2354943
276,2354975
903,2355007
701,2355039
988,2355071
1596,2355103
1406,2355135
1720,2355167
2250,2355199
1727,2355231
1176,2355263
1082,2355295
1336,2355327
901,2355359
620,2355391
472,2355423
215,2355455
0,2355487
281,2355519
425,2355551
375,2355583
940,2355615
1209,2355647
1085,2355679
1631,2355711
1866,2355743
2139,2355775
2288,2355807
2105,2355839
1867,2355871
1224,2355903
1356,2355935
1120,2355967
938,2355999
316,2356031
432,2356063
205,2356095
0,2356127
138,2356159
446,2356191
671,2356223
868,2356255
1038,2356287
1355,2356319
1580,2356351
1786,2356383
2363,2356415
1709,2356447
1478,2356479
1593,2356511
1419,2356543
795,2356575
856,2356607
313,2356639
491,2356671
0,2356703
55,2356735
607,2356767
421,2356799
648,2356831
1248,2356863
1117,2356895
1821,2356927
1564,2356959
1862,2356991
2250,2357023
1571,2357055
1433,2357087
1496,2357119
904,2357151
761,2357183
428,2357215
267,2357247
5,2357279
0,2357311
124,2357343
322,2357375
503,2357407
797,2357439
1289,2357471
1225,2357503
1851,2357535
2079,2357567
1959,2357599
2168,2357631
1976,2357663
1737,2357695
1416,2357727
1228,2357759
1035,2357791
376,2357823
504,2357855
311,2357887
282,2357919
79,2357951
653,2357983
923,2358015
760,2358047
985,2358079
1301,2358111
1486,2358143
1677,2358175
1913,2358207
1769,2358239
1499,2358271
1224,2358303
1471,2358335
851,2358367
588,2358399
728,2358431
555,2358463
0,2358495
316,2358527
559,2358559
837,2358591
966,2358623
872,2358655
1469,2358687
1274,2358719
1897,2358751
2175,2358783
1884,2358815
2123,2358847
1784,2358879
1188,2358911
1367,2358943
713,2358975
551,2359007
670,2359039
60,2359071
0,2359103
333,2359135
263,2359167
859,2359199
650,2359231
937,2359263
1166,2359295
1355,2359327
1660,2359359
2217,2359391
1871,2359423
1422,2359455
1020,2359487
939,2359519
825,2359551
1101,2359583
525,2359615
602,2359647
364,2359679
214,2359711
381,2359743
652,2359775
873,2359807
1145,2359839
1292,2359871
1519,2359903
1436,2359935
1613,2359967
2223,2359999
1834,2360031
1560,2360063
1274,2360095
1406,2360127
906,2360159
638,2360191
366,2360223
221,2360255
1,2360287
0,2360319
543,2360351
392,2360383
615,2360415
1179,2360447
1465,2360479
1303,2360511
1832,2360543
1737,2360575
2411,2360607
1678,2360639
1839,2360671
1659,2360703
988,2360735
1244,2360767
920,2360799
334,2360831
556,2360863
0,2360895
0,2360927
554,2360959
362,2360991
685,2361023
1198,2361055
1066,2361087
1373,2361119
1504,2361151
1804,2361183
1881,2361215
1630,2361247
1495,2361279
1576,2361311
956,2361343
808,2361375
587,2361407
328,2361439
460,2361471
221,2361503
71,2361535
600,2361567
860,2361599
1085,2361631
1240,2361663
1504,2361695
1787,2361727
1564,2361759
2172,2361791
2216,2361823
1566,2361855
1336,2361887
1470,2361919
936,2361951
652,2361983
429,2362015
554,2362047
31,2362079
0,2362111
28,2362143
331,2362175
522,2362207
707,2362239
1405,2362271
1241,2362303
1431,2362335
2057,2362367
2357,2362399
1832,2362431
1936,2362463
1719,2362495
1530,2362527
1209,2362559
1020,2362591
791,2362623
141,2362655
6,2362687
267,2362719
108,2362751
779,2362783
910,2362815
781,2362847
1419,2362879
1213,2362911
1511,2362943
2124,2362975
1934,2363007
1787,2363039
1840,2363071
1287,2363103
1020,2363135
767,2363167
604,2363199
710,2363231
111,2363263
0,2363295
0,2363327
200,2363359
807,2363391
697,2363423
887,2363455
1453,2363487
1735,2363519
1609,2363551
2158,2363583
2282,2363615
2088,2363647
1770,2363679
1576,2363711
1337,2363743
704,2363775
842,2363807
604,2363839
88,2363871
0,2363903
316,2363935
544,2363967
472,2363999
640,2364031
1230,2364063
1191,2364095
1382,2364127
1552,2364159
1883,2364191
1884,2364223
1614,2364255
1824,2364287
1191,2364319
958,2364351
1068,2364383
895,2364415
280,2364447
344,2364479
201,2364511
493,2364543
251,2364575
564,2364607
1131,2364639
934,2364671
1645,2364703
1774,2364735
1643,2364767
2363,2364799
1739,2364831
1576,2364863
1712,2364895
1452,2364927
921,2364959
974,2364991
393,2365023
142,2365055
0,2365087
0,2365119
512,2365151
312,2365183
633,2365215
836,2365247
1006,2365279
1311,2365311
1548,2365343
1744,2365375
2380,2365407
2151,2365439
1557,2365471
1642,2365503
1438,2365535
1209,2365567
896,2365599
713,2365631
512,2365663
0,2365695
265,2365727
537,2365759
368,2365791
591,2365823
1168,2365855
1448,2365887
1272,2365919
1499,2365951
2110,2365983
1913,2366015
1616,2366047
1390,2366079
1246,2366111
984,2366143
710,2366175
955,2366207
341,2366239
85,2366271
201,2366303
430,2366335
276,2366367
832,2366399
1077,2366431
1352,2366463
1482,2366495
1384,2366527
2009,2366559
1792,2366591
1886,2366623
2010,2366655
1356,2366687
1595,2366719
1258,2366751
668,2366783
847,2366815
200,2366847
43,2366879
0,2366911
54,2366943
255,2366975
848,2367007
775,2367039
1373,2367071
1165,2367103
1451,2367135
1691,2367167
1880,2367199
1847,2367231
1579,2367263
1349,2367295
1501,2367327
925,2367359
660,2367391
778,2367423
573,2367455
20,2367487
250,2367519
476,2367551
745,2367583
894,2367615
1164,2367647
1391,2367679
1216,2367711
1820,2367743
2042,2367775
1964,2367807
1680,2367839
1818,2367871
1581,2367903
1038,2367935
763,2367967
892,2367999
395,2368031
136,2368063
0,2368095
4,2368127
216,2368159
410,2368191
1065,2368223
896,2368255
1129,2368287
1705,2368319
1998,2368351
1829,2368383
2252,2368415
1676,2368447
1887,2368479
1164,2368511
1312,2368543
1133,2368575
476,2368607
731,2368639
396,2368671
0,2368703
441,2368735
191,2368767
487,2368799
670,2368831
874,2368863
1196,2368895
1724,2368927
1582,2368959
1899,2368991
1807,2369023
1638,2369055
1358,2369087
1114,2369119
983,2369151
717,2369183
454,2369215
301,2369247
72,2369279
0,2369311
462,2369343
687,2369375
583,2369407
1114,2369439
1376,2369471
1610,2369503
1760,2369535
2048,2369567
2316,2369599
1741,2369631
1881,2369663
1680,2369695
1049,2369727
815,2369759
952,2369791
760,2369823
138,2369855
0,2369887
202,2369919
135,2369951
302,2369983
528,2370015
842,2370047
1034,2370079
1655,2370111
1933,2370143
1767,2370175
1961,2370207
2120,2370239
1947,2370271
1303,2370303
1408,2370335
1195,2370367
1005,2370399
683,2370431
507,2370463
269,2370495
0,2370527
230,2370559
782,2370591
616,2370623
1303,2370655
1424,2370687
1292,2370719
1528,2370751
1740,2370783
1927,2370815
2072,2370847
1417,2370879
1259,2370911
1320,2370943
766,2370975
506,2371007
254,2371039
90,2371071
184,2371103
4,2371135
296,2371167
491,2371199
715,2371231
1325,2371263
1209,2371295
1402,2371327
1982,2371359
2265,2371391
1901,2371423
1992,2371455
1754,2371487
1549,2371519
1243,2371551
1050,2371583
823,2371615
202,2371647
319,2371679
139,2371711
76,2371743
255,2371775
828,2371807
1065,2371839
976,2371871
1160,2371903
1756,2371935
1707,2371967
1900,2371999
2239,2372031
1593,2372063
1356,2372095
1098,2372127
1294,2372159
679,2372191
445,2372223
556,2372255
379,2372287
0,2372319
457,2372351
731,2372383
1015,2372415
752,2372447
1077,2372479
1655,2372511
1448,2372543
2183,2372575
2304,2372607
1707,2372639
1452,2372671
1216,2372703
1054,2372735
1193,2372767
538,2372799
408,2372831
456,2372863
0,2372895
0,2372927
137,2372959
429,2372991
1036,2373023
826,2373055
1146,2373087
1349,2373119
1529,2373151
1839,2373183
1963,2373215
1692,2373247
1851,2373279
1162,2373311
1033,2373343
1114,2373375
922,2373407
685,2373439
394,2373471
187,2373503
396,2373535
201,2373567
781,2373599
1051,2373631
876,2373663
1103,2373695
1694,2373727
1979,2373759
1798,2373791
1791,2373823
1933,2373855
1383,2373887
1100,2373919
1355,2373951
732,2373983
471,2374015
200,2374047
440,2374079
0,2374111
73,2374143
665,2374175
952,2374207
791,2374239
1352,2374271
1595,2374303
1883,2374335
2012,2374367
1911,2374399
2187,2374431
1502,2374463
1364,2374495
1481,2374527
844,2374559
591,2374591
735,2374623
167,2374655
330,2374687
0,2374719
151,2374751
730,2374783
560,2374815
764,2374847
1372,2374879
1286,2374911
1903,2374943
1689,2374975
1991,2375007
1752,2375039
1472,2375071
1320,2375103
1063,2375135
836,2375167
973,2375199
667,2375231
153,2375263
252,2375295
345,2375327
238,2375359
767,2375391
992,2375423
1259,2375455
1416,2375487
1691,2375519
1917,2375551
1740,2375583
2234,2375615
1993,2375647
1446,2375679
1163,2375711
1291,2375743
1056,2375775
526,2375807
254,2375839
107,2375871
0,2375903
22,2375935
200,2375967
509,2375999
731,2376031
921,2376063
1591,2376095
1415,2376127
1652,2376159
2234,2376191
2297,2376223
1653,2376255
1721,2376287
1150,2376319
1355,2376351
652,2376383
507,2376415
619,2376447
0,2376479
0,2376511
397,2376543
281,2376575
955,2376607
704,2376639
999,2376671
1596,2376703
1390,2376735
1726,2376767
2252,2376799
1766,2376831
1611,2376863
1278,2376895
1113,2376927
811,2376959
600,2376991
468,2377023
206,2377055
0,2377087
0,2377119
431,2377151
379,2377183
976,2377215
1209,2377247
1085,2377279
1632,2377311
1912,2377343
2151,2377375
2297,2377407
2107,2377439
1903,2377471
1216,2377503
1344,2377535
1160,2377567
540,2377599
315,2377631
430,2377663
234,2377695
0,2377727
143,2377759
454,2377791
638,2377823
816,2377855
1040,2377887
1353,2377919
1557,2377951
1740,2377983
2363,2378015
1716,2378047
1434,2378079
1580,2378111
1415,2378143
792,2378175
892,2378207
671,2378239
493,2378271
155,2378303
26,2378335
617,2378367
424,2378399
1022,2378431
1304,2378463
1129,2378495
1823,2378527
1951,2378559
1819,2378591
2239,2378623
1563,2378655
1399,2378687
1534,2378719
904,2378751
748,2378783
798,2378815
264,2378847
5,2378879
0,2378911
91,2378943
326,2378975
505,2379007
800,2379039
1337,2379071
1226,2379103
1854,2379135
1727,2379167
1929,2379199
2168,2379231
1965,2379263
1373,2379295
1455,2379327
1226,2379359
1035,2379391
729,2379423
542,2379455
301,2379487
0,2379519
440,2379551
666,2379583
928,2379615
764,2379647
1352,2379679
1304,2379711
1497,2379743
1677,2379775
2283,2379807
1768,2379839
1498,2379871
1212,2379903
1069,2379935
843,2379967
584,2379999
783,2380031
169,2380063
0,2380095
319,2380127
623,2380159
446,2380191
970,2380223
875,2380255
1531,2380287
1278,2380319
1902,2380351
2187,2380383
1854,2380415
2133,2380447
1776,2380479
1180,2380511
1417,2380543
702,2380575
540,2380607
672,2380639
36,2380671
0,2380703
344,2380735
234,2380767
426,2380799
748,2380831
941,2380863
1131,2380895
1338,2380927
1662,2380959
2218,2380991
1819,2381023
1661,2381055
1433,2381087
1174,2381119
1326,2381151
1099,2381183
523,2381215
601,2381247
398,2381279
221,2381311
384,2381343
654,2381375
921,2381407
712,2381439
1293,2381471
1566,2381503
1850,2381535
1625,2381567
2220,2381599
1797,2381631
1508,2381663
1278,2381695
1404,2381727
871,2381759
600,2381791
364,2381823
219,2381855
0,2381887
0,2381919
555,2381951
392,2381983
596,2382015
1179,2382047
1469,2382079
1301,2382111
1880,2382143
2125,2382175
2412,2382207
2064,2382239
1884,2382271
1655,2382303
988,2382335
852,2382367
957,2382399
334,2382431
555,2382463
221,2382495
0,2382527
559,2382559
366,2382591
663,2382623
1244,2382655
1070,2382687
1280,2382719
1575,2382751
1805,2382783
2317,2382815
1626,2382847
1453,2382879
1568,2382911
956,2382943
808,2382975
552,2383007
325,2383039
461,2383071
0,2383103
41,2383135
602,2383167
861,2383199
749,2383231
1280,2383263
1516,2383295
1788,2383327
1936,2383359
2221,2383391
2207,2383423
2023,2383455
1705,2383487
1464,2383519
934,2383551
648,2383583
779,2383615
539,2383647
23,2383679
0,2383711
378,2383743
343,2383775
524,2383807
702,2383839
1019,2383871
1240,2383903
1435,2383935
2122,2383967
1944,2383999
2136,2384031
1943,2384063
1767,2384095
1128,2384127
1196,2384159
1017,2384191
843,2384223
135,2384255
2,2384287
267,2384319
88,2384351
781,2384383
912,2384415
783,2384447
1479,2384479
1216,2384511
1514,2384543
2136,2384575
1915,2384607
1783,2384639
1514,2384671
1240,2384703
1085,2384735
765,2384767
600,2384799
748,2384831
80,2384863
0,2384895
0,2384927
172,2384959
461,2384991
695,2385023
889,2385055
1500,2385087
1739,2385119
1609,2385151
2168,2385183
2320,2385215
2087,2385247
1760,2385279
1567,2385311
1373,2385343
715,2385375
839,2385407
649,2385439
36,2385471
0,2385503
320,2385535
588,2385567
427,2385599
651,2385631
1232,2385663
1151,2385695
1326,2385727
1562,2385759
1884,2385791
1845,2385823
1560,2385855
1819,2385887
1190,2385919
1306,2385951
1065,2385983
894,2386015
279,2386047
378,2386079
205,2386111
491,2386143
621,2386175
536,2386207
1133,2386239
928,2386271
1243,2386303
1834,2386335
1646,2386367
2359,2386399
2136,2386431
1526,2386463
1709,2386495
1040,2386527
887,2386559
654,2386591
392,2386623
239,2386655
284,2386687
0,2386719
523,2386751
314,2386783
601,2386815
838,2386847
1016,2386879
1320,2386911
1517,2386943
1751,2386975
2379,2387007
1785,2387039
1514,2387071
1632,2387103
1437,2387135
859,2387167
939,2387199
360,2387231
510,2387263
206,2387295
304,2387327
537,2387359
376,2387391
954,2387423
1179,2387455
1452,2387487
1276,2387519
1872,2387551
2112,2387583
1904,2387615
1614,2387647
1753,2387679
1241,2387711
972,2387743
702,2387775
559,2387807
340,2387839
443,2387871
251,2387903
59,2387935
283,2387967
839,2387999
1129,2388031
958,2388063
1486,2388095
1388,2388127
2063,2388159
1801,2388191
2190,2388223
1999,2388255
1326,2388287
1582,2388319
1256,2388351
668,2388383
905,2388415
192,2388447
28,2388479
0,2388511
38,2388543
349,2388575
859,2388607
740,2388639
1035,2388671
1165,2388703
1454,2388735
1656,2388767
1865,2388799
1835,2388831
1566,2388863
1303,2388895
1147,2388927
920,2388959
527,2388991
800,2389023
571,2389055
16,2389087
256,2389119
98,2389151
745,2389183
904,2389215
1175,2389247
1439,2389279
1226,2389311
1821,2389343
2096,2389375
2378,2389407
1675,2389439
1817,2389471
1624,2389503
986,2389535
763,2389567
888,2389599
360,2389631
86,2389663
0,2389695
2,2389727
186,2389759
795,2389791
1067,2389823
906,2389855
1096,2389887
1705,2389919
2008,2389951
1831,2389983
2287,2390015
2061,2390047
1880,2390079
1536,2390111
1354,2390143
1129,2390175
475,2390207
330,2390239
432,2390271
0,2390303
443,2390335
575,2390367
451,2390399
678,2390431
888,2390463
1175,2390495
1774,2390527
1597,2390559
1902,2390591
2191,2390623
1628,2390655
1791,2390687
1113,2390719
936,2390751
715,2390783
444,2390815
299,2390847
29,2390879
0,2390911
462,2390943
361,2390975
542,2391007
1116,2391039
937,2391071
1271,2391103
1818,2391135
2042,2391167
2317,2391199
2111,2391231
1920,2391263
1679,2391295
1494,2391327
1180,2391359
942,2391391
412,2391423
140,2391455
254,2391487
205,2391519
137,2391551
313,2391583
892,2391615
853,2391647
1038,2391679
1709,2391711
1531,2391743
1769,2391775
1962,2391807
2173,2391839
1528,2391871
1300,2391903
1403,2391935
1239,2391967
616,2391999
684,2392031
495,2392063
317,2392095
0,2392127
223,2392159
793,2392191
600,2392223
1303,2392255
1432,2392287
1294,2392319
1511,2392351
1742,2392383
1925,2392415
2062,2392447
1388,2392479
1258,2392511
1310,2392543
729,2392575
583,2392607
252,2392639
91,2392671
0,2392703
0,2392735
300,2392767
493,2392799
682,2392831
981,2392863
1210,2392895
1402,2392927
2029,2392959
1799,2392991
1898,2393023
1982,2393055
1788,2393087
1549,2393119
1240,2393151
1050,2393183
859,2393215
203,2393247
320,2393279
184,2393311
41,2393343
266,2393375
842,2393407
1103,2393439
941,2393471
1162,2393503
1757,2393535
1676,2393567
1852,2393599
2235,2393631
1590,2393663
1320,2393695
1039,2393727
1291,2393759
668,2393791
410,2393823
554,2393855
375,2393887
0,2393919
495,2393951
733,2393983
1015,2394015
1144,2394047
1047,2394079
1659,2394111
1450,2394143
1771,2394175
2352,2394207
1703,2394239
1440,2394271
1598,2394303
1006,2394335
1181,2394367
527,2394399
377,2394431
494,2394463
0,2394495
24,2394527
511,2394559
438,2394591
1035,2394623
828,2394655
1113,2394687
1351,2394719
1533,2394751
1847,2394783
1929,2394815
1688,2394847
1851,2394879
1519,2394911
999,2394943
1115,2394975
921,2395007
347,2395039
427,2395071
186,2395103
407,2395135
556,2395167
829,2395199
1053,2395231
880,2395263
1470,2395295
1704,2395327
1982,2395359
1801,2395391
2168,2395423
1930,2395455
1381,2395487
1099,2395519
955,2395551
728,2395583
470,2395615
200,2395647
53,2395679
0,2395711
74,2395743
729,2395775
567,2395807
792,2395839
1357,2395871
1647,2395903
1480,2395935
2015,2395967
1914,2395999
2233,2396031
1500,2396063
1356,2396095
1471,2396127
812,2396159
589,2396191
736,2396223
169,2396255
377,2396287
0,2396319
154,2396351
732,2396383
542,2396415
872,2396447
1372,2396479
1251,2396511
1559,2396543
1690,2396575
1978,2396607
1705,2396639
1450,2396671
1310,2396703
1051,2396735
782,2396767
633,2396799
656,2396831
150,2396863
284,2396895
349,2396927
247,2396959
777,2396991
1040,2397023
1268,2397055
1417,2397087
1692,2397119
1965,2397151
1743,2397183
2232,2397215
2029,2397247
1840,2397279
1152,2397311
1280,2397343
1099,2397375
482,2397407
250,2397439
120,2397471
0,2397503
0,2397535
203,2397567
509,2397599
697,2397631
876,2397663
1595,2397695
1418,2397727
1620,2397759
2239,2397791
2295,2397823
1643,2397855
1757,2397887
1529,2397919
1352,2397951
1019,2397983
472,2398015
607,2398047
0,2398079
158,2398111
446,2398143
284,2398175
965,2398207
1086,2398239
964,2398271
1594,2398303
1391,2398335
1692,2398367
2304,2398399
1766,2398431
1607,2398463
1662,2398495
1111,2398527
1257,2398559
589,2398591
427,2398623
204,2398655
0,2398687
0,2398719
478,2398751
380,2398783
986,2398815
873,2398847
1063,2398879
1642,2398911
1913,2398943
1787,2398975
2334,2399007
2094,2399039
1900,2399071
1583,2399103
1390,2399135
1152,2399167
969,2399199
664,2399231
427,2399263
0,2399295
0,2399327
492,2399359
456,2399391
650,2399423
826,2399455
1407,2399487
1355,2399519
1560,2399551
1740,2399583
1943,2399615
1703,2399647
1432,2399679
1643,2399711
1005,2399743
788,2399775
890,2399807
729,2399839
107,2399871
155,2399903
26,2399935
679,2399967
428,2399999
1024,2400031
1307,2400063
1104,2400095
1835,2400127
1952,2400159
1821,2400191
2297,2400223
1561,2400255
1390,2400287
1530,2400319
872,2400351
745,2400383
798,2400415
217,2400447
69,2400479
0,2400511
103,2400543
292,2400575
480,2400607
809,2400639
1342,2400671
1192,2400703
1494,2400735
1735,2400767
1932,2400799
2204,2400831
1965,2400863
1370,2400895
1454,2400927
1260,2400959
1021,2400991
351,2401023
536,2401055
335,2401087
0,2401119
442,2401151
712,2401183
542,2401215
767,2401247
1344,2401279
1273,2401311
1450,2401343
1679,2401375
2281,2401407
1723,2401439
1449,2401471
1210,2401503
1075,2401535
807,2401567
536,2401599
779,2401631
157,2401663
0,2401695
319,2401727
615,2401759
456,2401791
1006,2401823
1247,2401855
1544,2401887
1662,2401919
1952,2401951
2189,2401983
1853,2402015
1706,2402047
1823,2402079
1179,2402111
1415,2402143
1082,2402175
492,2402207
669,2402239
27,2402271
0,2402303
394,2402335
231,2402367
523,2402399
1034,2402431
942,2402463
1134,2402495
1340,2402527
1639,2402559
2220,2402591
1819,2402623
1660,2402655
1399,2402687
1164,2402719
1322,2402751
745,2402783
487,2402815
601,2402847
397,2402879
0,2402911
430,2402943
656,2402975
921,2403007
1081,2403039
1342,2403071
1567,2403103
1392,2403135
2000,2403167
2224,2403199
1786,2403231
1500,2403263
1628,2403295
1402,2403327
872,2403359
588,2403391
714,2403423
215,2403455
0,2403487
0,2403519
167,2403551
401,2403583
588,2403615
1243,2403647
1079,2403679
1305,2403711
1887,2403743
2187,2403775
1995,2403807
2064,2403839
1885,2403871
1707,2403903
976,2403935
843,2403967
953,2403999
303,2404031
551,2404063
219,2404095
0,2404127
617,2404159
367,2404191
664,2404223
1262,2404255
1060,2404287
1384,2404319
1914,2404351
1773,2404383
1855,2404415
1626,2404447
1446,2404479
1610,2404511
932,2404543
808,2404575
551,2404607
281,2404639
137,2404671
0,2404703
42,2404735
638,2404767
873,2404799
759,2404831
1292,2404863
1562,2404895
1789,2404927
1948,2404959
2235,2404991
2255,2405023
1563,2405055
1696,2405087
1502,2405119
876,2405151
650,2405183
776,2405215
584,2405247
0,2405279
0,2405311
382,2405343
313,2405375
488,2405407
704,2405439
1019,2405471
1221,2405503
1390,2405535
2123,2405567
1946,2405599
1784,2405631
1933,2405663
1767,2405695
1127,2405727
1231,2405759
1007,2405791
827,2405823
504,2405855
0,2405887
283,2405919
90,2405951
405,2405983
968,2406015
794,2406047
1480,2406079
1612,2406111
1477,2406143
2125,2406175
1912,2406207
1752,2406239
1512,2406271
1232,2406303
992,2406335
1134,2406367
598,2406399
743,2406431
78,2406463
0,2406495
1,2406527
173,2406559
471,2406591
667,2406623
892,2406655
1511,2406687
1385,2406719
1579,2406751
2170,2406783
2315,2406815
1721,2406847
1804,2406879
1564,2406911
1369,2406943
1066,2406975
874,2407007
640,2407039
27,2407071
137,2407103
330,2407135
262,2407167
428,2407199
1008,2407231
1240,2407263
1160,2407295
1336,2407327
1936,2407359
1895,2407391
1836,2407423
1550,2407455
1415,2407487
1178,2407519
910,2407551
1115,2407583
493,2407615
280,2407647
378,2407679
267,2407711
119,2407743
634,2407775
539,2407807
1193,2407839
939,2407871
1548,2407903
1835,2407935
1625,2407967
2364,2407999
2127,2408031
1517,2408063
1767,2408095
1040,2408127
878,2408159
618,2408191
362,2408223
231,2408255
282,2408287
0,2408319
189,2408351
318,2408383
612,2408415
797,2408447
1001,2408479
1323,2408511
1528,2408543
1709,2408575
2013,2408607
1783,2408639
1512,2408671
1675,2408703
1435,2408735
857,2408767
940,2408799
746,2408831
507,2408863
202,2408895
316,2408927
585,2408959
379,2408991
958,2409023
1226,2409055
1062,2409087
1278,2409119
1881,2409151
2168,2409183
1850,2409215
1612,2409247
1752,2409279
1208,2409311
925,2409343
698,2409375
567,2409407
294,2409439
439,2409471
251,2409503
56,2409535
250,2409567
845,2409599
1128,2409631
965,2409663
1530,2409695
1775,2409727
2071,2409759
2191,2409791
2224,2409823
1997,2409855
1324,2409887
1181,2409919
1295,2409951
666,2409983
892,2410015
558,2410047
0,2410079
0,2410111
28,2410143
328,2410175
907,2410207
744,2410239
1036,2410271
1551,2410303
1465,2410335
1658,2410367
1869,2410399
1801,2410431
1916,2410463
1293,2410495
1143,2410527
887,2410559
652,2410591
798,2410623
234,2410655
0,2410687
266,2410719
523,2410751
412,2410783
942,2410815
1168,2410847
1446,2410879
1594,2410911
1872,2410943
2105,2410975
1912,2411007
2047,2411039
1806,2411071
1261,2411103
984,2411135
1115,2411167
880,2411199
358,2411231
78,2411263
200,2411295
16,2411327
199,2411359
845,2411391
683,2411423
907,2411455
1096,2411487
1770,2411519
1597,2411551
1831,2411583
2285,2411615
2119,2411647
1467,2411679
1534,2411711
1355,2411743
1177,2411775
464,2411807
331,2411839
443,2411871
0,2411903
443,2411935
574,2411967
454,2411999
656,2412031
880,2412063
1179,2412095
1785,2412127
1574,2412159
1911,2412191
2188,2412223
1579,2412255
1327,2412287
1100,2412319
935,2412351
1084,2412383
424,2412415
288,2412447
38,2412479
0,2412511
137,2412543
363,2412575
554,2412607
1163,2412639
939,2412671
1271,2412703
1820,2412735
2096,2412767
2327,2412799
2112,2412831
1918,2412863
1723,2412895
1036,2412927
1168,2412959
984,2412991
362,2413023
573,2413055
253,2413087
250,2413119
100,2413151
316,2413183
895,2413215
816,2413247
989,2413279
1719,2413311
1544,2413343
1736,2413375
1900,2413407
2171,2413439
1527,2413471
1256,2413503
1401,2413535
1228,2413567
614,2413599
715,2413631
492,2413663
315,2413695
285,2413727
199,2413759
795,2413791
600,2413823
909,2413855
1482,2413887
1306,2413919
1515,2413951
2139,2413983
1868,2414015
2061,2414047
1383,2414079
1223,2414111
1356,2414143
727,2414175
476,2414207
620,2414239
87,2414271
215,2414303
0,2414335
265,2414367
502,2414399
683,2414431
983,2414463
1179,2414495
1404,2414527
2039,2414559
2175,2414591
1863,2414623
1980,2414655
1787,2414687
1195,2414719
1277,2414751
1050,2414783
855,2414815
543,2414847
360,2414879
186,2414911
46,2414943
620,2414975
843,2415007
769,2415039
939,2415071
1529,2415103
1760,2415135
1678,2415167
1864,2415199
1819,2415231
1590,2415263
1316,2415295
1036,2415327
893,2415359
666,2415391
408,2415423
603,2415455
0,2415487
0,2415519
496,2415551
783,2415583
629,2415615
1148,2415647
1040,2415679
1711,2415711
1454,2415743
1771,2415775
2351,2415807
1674,2415839
1448,2415871
1598,2415903
1003,2415935
1229,2415967
528,2415999
365,2416031
494,2416063
0,2416095
24,2416127
512,2416159
396,2416191
699,2416223
832,2416255
1126,2416287
1309,2416319
1516,2416351
1850,2416383
1925,2416415
1642,2416447
1483,2416479
1516,2416511
988,2416543
1147,2416575
911,2416607
345,2416639
414,2416671
216,2416703
399,2416735
560,2416767
828,2416799
1103,2416831
889,2416863
1481,2416895
1753,2416927
1574,2416959
1804,2416991
2158,2417023
1965,2417055
1322,2417087
1097,2417119
955,2417151
687,2417183
411,2417215
190,2417247
41,2417279
0,2417311
40,2417343
731,2417375
571,2417407
759,2417439
1359,2417471
1655,2417503
1481,2417535
2064,2417567
2311,2417599
2230,2417631
1885,2417663
1322,2417695
1469,2417727
812,2417759
960,2417791
780,2417823
158,2417855
375,2417887
234,2417919
119,2417951
735,2417983
550,2418015
839,2418047
1424,2418079
1252,2418111
1559,2418143
2088,2418175
1976,2418207
1704,2418239
1454,2418271
1274,2418303
1049,2418335
778,2418367
631,2418399
698,2418431
152,2418463
281,2418495
26,2418527
215,2418559
784,2418591
1039,2418623
925,2418655
1468,2418687
1696,2418719
1975,2418751
2124,2418783
2270,2418815
2027,2418847
1386,2418879
1518,2418911
1279,2418943
1096,2418975
476,2419007
601,2419039
106,2419071
0,2419103
0,2419135
556,2419167
509,2419199
702,2419231
878,2419263
1195,2419295
1420,2419327
1614,2419359
2303,2419391
1879,2419423
1640,2419455
1755,2419487
1581,2419519
955,2419551
1018,2419583
472,2419615
655,2419647
0,2419679
184,2419711
447,2419743
265,2419775
967,2419807
1088,2419839
959,2419871
1659,2419903
1401,2419935
1691,2419967
2314,2419999
1734,2420031
1598,2420063
1658,2420095
1062,2420127
815,2420159
684,2420191
424,2420223
167,2420255
0,2420287
0,2420319
480,2420351
346,2420383
647,2420415
873,2420447
1066,2420479
1688,2420511
1919,2420543
1799,2420575
2334,2420607
2140,2420639
1899,2420671
1580,2420703
1386,2420735
1197,2420767
536,2420799
664,2420831
471,2420863
280,2420895
0,2420927
496,2420959
424,2420991
602,2421023
827,2421055
1407,2421087
1328,2421119
1511,2421151
1742,2421183
1941,2421215
1660,2421247
1382,2421279
1639,2421311
1003,2421343
746,2421375
888,2421407
715,2421439
103,2421471
186,2421503
395,2421535
669,2421567
800,2421599
1084,2421631
1309,2421663
1113,2421695
1432,2421727
2011,2421759
1832,2421791
2284,2421823
1946,2421855
1349,2421887
1529,2421919
873,2421951
711,2421983
830,2422015
208,2422047
0,2422079
0,2422111
102,2422143
701,2422175
480,2422207
780,2422239
1342,2422271
1194,2422303
1499,2422335
1703,2422367
1933,2422399
2201,2422431
1607,2422463
1336,2422495
1452,2422527
1257,2422559
683,2422591
761,2422623
526,2422655
329,2422687
221,2422719
488,2422751
715,2422783
989,2422815
1132,2422847
1356,2422879
1276,2422911
1454,2422943
2060,2422975
2272,2423007
1723,2423039
1434,2423071
1567,2423103
1066,2423135
804,2423167
526,2423199
381,2423231
153,2423263
0,2423295
381,2423327
231,2423359
750,2423391
1017,2423423
1307,2423455
1133,2423487
1664,2423519
1959,2423551
2251,2423583
1840,2423615
1702,2423647
1821,2423679
1148,2423711
1403,2423743
1080,2423775
491,2423807
719,2423839
24,2423871
0,2423903
406,2423935
206,2423967
524,2423999
727,2424031
907,2424063
1210,2424095
1344,2424127
1642,2424159
2270,2424191
1791,2424223
1656,2424255
1388,2424287
1118,2424319
967,2424351
743,2424383
478,2424415
622,2424447
395,2424479
0,2424511
430,2424543
700,2424575
925,2424607
1081,2424639
1353,2424671
1616,2424703
1402,2424735
2000,2424767
2284,2424799
1734,2424831
1487,2424863
1630,2424895
1437,2424927
808,2424959
576,2424991
704,2425023
186,2425055
253,2425087
0,2425119
170,2425151
364,2425183
542,2425215
1245,2425247
1084,2425279
1662,2425311
1895,2425343
2200,2425375
1992,2425407
2107,2425439
1879,2425471
1694,2425503
1358,2425535
808,2425567
955,2425599
300,2425631
159,2425663
256,2425695
0,2425727
615,2425759
750,2425791
629,2425823
1257,2425855
1056,2425887
1351,2425919
1580,2425951
1772,2425983
1947,2426015
2000,2426047
1448,2426079
1605,2426111
927,2426143
762,2426175
548,2426207
268,2426239
119,2426271
0,2426303
44,2426335
649,2426367
537,2426399
727,2426431
1291,2426463
1565,2426495
1437,2426527
1994,2426559
1854,2426591
2251,2426623
1932,2426655
1739,2426687
1497,2426719
873,2426751
1000,2426783
764,2426815
576,2426847
0,2426879
154,2426911
392,2426943
314,2426975
490,2427007
1070,2427039
1029,2427071
1212,2427103
1390,2427135
1723,2427167
1948,2427199
2173,2427231
1993,2427263
1351,2427295
1115,2427327
1231,2427359
1063,2427391
440,2427423
502,2427455
0,2427487
329,2427519
93,2427551
688,2427583
967,2427615
766,2427647
1483,2427679
1612,2427711
1483,2427743
2189,2427775
1903,2427807
1749,2427839
1456,2427871
1210,2427903
1079,2427935
1134,2427967
552,2427999
399,2428031
78,2428063
0,2428095
0,2428127
153,2428159
471,2428191
677,2428223
858,2428255
1161,2428287
1388,2428319
1580,2428351
2219,2428383
2315,2428415
1719,2428447
1802,2428479
1148,2428511
1367,2428543
1065,2428575
875,2428607
681,2428639
29,2428671
135,2428703
366,2428735
636,2428767
440,2428799
1008,2428831
1280,2428863
1114,2428895
1339,2428927
1945,2428959
1853,2428991
1784,2429023
1548,2429055
1405,2429087
1142,2429119
1295,2429151
1119,2429183
490,2429215
232,2429247
363,2429279
268,2429311
119,2429343
670,2429375
909,2429407
1193,2429439
1320,2429471
1600,2429503
1839,2429535
1629,2429567
1949,2429599
2174,2429631
1516,2429663
1767,2429695
1422,2429727
827,2429759
606,2429791
364,2429823
201,2429855
318,2429887
0,2429919
190,2429951
696,2429983
614,2430015
1213,2430047
1002,2430079
1292,2430111
1528,2430143
1720,2430175
2008,2430207
1739,2430239
1500,2430271
1661,2430303
1085,2430335
813,2430367
936,2430399
303,2430431
171,2430463
238,2430495
318,2430527
587,2430559
736,2430591
1005,2430623
1230,2430655
1501,2430687
1657,2430719
1883,2430751
1801,2430783
1840,2430815
1983,2430847
1743,2430879
1196,2430911
928,2430943
1052,2430975
553,2431007
296,2431039
487,2431071
0,2431103
71,2431135
260,2431167
909,2431199
747,2431231
968,2431263
1536,2431295
1835,2431327
1658,2431359
2200,2431391
2235,2431423
2047,2431455
1322,2431487
1180,2431519
1293,2431551
637,2431583
891,2431615
558,2431647
0,2431679
0,2431711
42,2431743
329,2431775
918,2431807
718,2431839
1047,2431871
1560,2431903
1421,2431935
1737,2431967
1871,2431999
1798,2432031
1519,2432063
1272,2432095
1133,2432127
886,2432159
616,2432191
457,2432223
221,2432255
0,2432287
298,2432319
93,2432351
413,2432383
954,2432415
1214,2432447
1448,2432479
1598,2432511
1881,2432543
2155,2432575
1903,2432607
2045,2432639
1850,2432671
1211,2432703
974,2432735
1104,2432767
921,2432799
299,2432831
76,2432863
190,2432895
0,2432927
152,2432959
854,2432991
684,2433023
874,2433055
1054,2433087
1773,2433119
1598,2433151
1799,2433183
2281,2433215
2107,2433247
1463,2433279
1580,2433311
1351,2433343
1173,2433375
842,2433407
298,2433439
427,2433471
0,2433503
72,2433535
623,2433567
460,2433599
666,2433631
1262,2433663
1132,2433695
1785,2433727
1579,2433759
1880,2433791
2224,2433823
1580,2433855
1420,2433887
1482,2433919
934,2433951
1083,2433983
414,2434015
250,2434047
25,2434079
0,2434111
139,2434143
343,2434175
557,2434207
1165,2434239
1305,2434271
1241,2434303
1820,2434335
2105,2434367
1966,2434399
2154,2434431
1914,2434463
1721,2434495
1404,2434527
1213,2434559
975,2434591
362,2434623
480,2434655
250,2434687
252,2434719
95,2434751
670,2434783
896,2434815
824,2434847
1002,2434879
1309,2434911
1546,2434943
1741,2434975
1899,2435007
1755,2435039
1525,2435071
1255,2435103
1455,2435135
843,2435167
606,2435199
715,2435231
541,2435263
0,2435295
295,2435327
205,2435359
847,2435391
604,2435423
916,2435455
1487,2435487
1288,2435519
1517,2435551
2154,2435583
1867,2435615
2109,2435647
1386,2435679
1220,2435711
1356,2435743
700,2435775
569,2435807
618,2435839
43,2435871
0,2435903
0,2435935
280,2435967
462,2435999
667,2436031
987,2436063
1191,2436095
1371,2436127
1685,2436159
2185,2436191
1860,2436223
2016,2436255
1785,2436287
1192,2436319
1275,2436351
1086,2436383
845,2436415
544,2436447
352,2436479
233,2436511
45,2436543
618,2436575
891,2436607
1164,2436639
941,2436671
1528,2436703
1816,2436735
1638,2436767
1867,2436799
1817,2436831
1546,2436863
1261,2436895
1033,2436927
892,2436959
631,2436991
360,2437023
603,2437055
0,2437087
0,2437119
496,2437151
792,2437183
631,2437215
1184,2437247
1433,2437279
1720,2437311
1849,2437343
1750,2437375
2349,2437407
1664,2437439
1824,2437471
1642,2437503
1002,2437535
1227,2437567
895,2437599
328,2437631
489,2437663
0,2437695
8,2437727
570,2437759
408,2437791
699,2437823
1212,2437855
1118,2437887
1739,2437919
1518,2437951
1820,2437983
1913,2438015
1630,2438047
1479,2438079
1562,2438111
987,2438143
1145,2438175
571,2438207
312,2438239
414,2438271
213,2438303
77,2438335
605,2438367
832,2438399
1100,2438431
1248,2438463
1520,2438495
1756,2438527
2041,2438559
2186,2438591
2155,2438623
1606,2438655
1322,2438687
1451,2438719
953,2438751
686,2438783
412,2438815
540,2438847
49,2438879
0,2438911
41,2438943
347,2438975
572,2439007
772,2439039
1422,2439071
1255,2439103
1484,2439135
2072,2439167
2367,2439199
1815,2439231
1885,2439263
1320,2439295
1517,2439327
808,2439359
972,2439391
779,2439423
138,2439455
363,2439487
236,2439519
124,2439551
795,2439583
544,2439615
842,2439647
1434,2439679
1230,2439711
1559,2439743
2092,2439775
1932,2439807
1771,2439839
1440,2439871
1270,2439903
1002,2439935
751,2439967
618,2439999
698,2440031
104,2440063
0,2440095
24,2440127
216,2440159
816,2440191
1053,2440223
935,2440255
1470,2440287
1750,2440319
1979,2440351
2128,2440383
2266,2440415
2075,2440447
1384,2440479
1513,2440511
1323,2440543
698,2440575
463,2440607
590,2440639
70,2440671
0,2440703
0,2440735
560,2440767
487,2440799
656,2440831
887,2440863
1205,2440895
1388,2440927
1577,2440959
2311,2440991
1868,2441023
1597,2441055
1752,2441087
1579,2441119
947,2441151
1054,2441183
831,2441215
651,2441247
320,2441279
220,2441311
447,2441343
267,2441375
572,2441407
1147,2441439
968,2441471
1660,2441503
1792,2441535
1657,2441567
2315,2441599
1727,2441631
1561,2441663
1696,2441695
1064,2441727
907,2441759
956,2441791
421,2441823
156,2441855
0,2441887
0,2441919
494,2441951
351,2441983
647,2442015
845,2442047
1068,2442079
1689,2442111
1565,2442143
1758,2442175
2332,2442207
2125,2442239
1531,2442271
1616,2442303
1386,2442335
1193,2442367
888,2442399
699,2442431
459,2442463
0,2442495
280,2442527
496,2442559
428,2442591
605,2442623
1184,2442655
1424,2442687
1336,2442719
1515,2442751
2127,2442783
1930,2442815
1658,2442847
1382,2442879
1229,2442911
1002,2442943
744,2442975
941,2443007
327,2443039
90,2443071
185,2443103
447,2443135
299,2443167
810,2443199
1086,2443231
1371,2443263
1115,2443295
1432,2443327
2015,2443359
1806,2443391
2283,2443423
1946,2443455
1339,2443487
1581,2443519
863,2443551
709,2443583
832,2443615
187,2443647
55,2443679
184,2443711
72,2443743
272,2443775
490,2443807
791,2443839
1390,2443871
1179,2443903
1500,2443935
1707,2443967
1896,2443999
1833,2444031
1596,2444063
1334,2444095
1486,2444127
1257,2444159
681,2444191
760,2444223
570,2444255
329,2444287
219,2444319
494,2444351
761,2444383
555,2444415
1135,2444447
1407,2444479
1228,2444511
1455,2444543
2062,2444575
2318,2444607
1671,2444639
1434,2444671
1565,2444703
1019,2444735
748,2444767
523,2444799
376,2444831
119,2444863
0,2444895
397,2444927
235,2444959
426,2444991
1019,2445023
1307,2445055
1142,2445087
1710,2445119
1963,2445151
2251,2445183
2235,2445215
1661,2445247
1817,2445279
1148,2445311
1003,2445343
1116,2445375
493,2445407
715,2445439
378,2445471
0,2445503
399,2445535
208,2445567
503,2445599
728,2445631
918,2445663
1120,2445695
1738,2445727
1643,2445759
2271,2445791
1789,2445823
1623,2445855
1388,2445887
1115,2445919
967,2445951
711,2445983
476,2446015
619,2446047
57,2446079
0,2446111
442,2446143
701,2446175
589,2446207
1128,2446239
1354,2446271
1625,2446303
1776,2446335
2048,2446367
2285,2446399
1724,2446431
1868,2446463
1614,2446495
1084,2446527
810,2446559
925,2446591
704,2446623
183,2446655
0,2446687
216,2446719
181,2446751
366,2446783
551,2446815
860,2446847
1084,2446879
1274,2446911
1951,2446943
1783,2446975
1989,2447007
2105,2447039
1929,2447071
1288,2447103
1355,2447135
807,2447167
1004,2447199
296,2447231
444,2447263
255,2447295
0,2447327
620,2447359
751,2447391
623,2447423
1311,2447455
1064,2447487
1353,2447519
1536,2447551
1754,2447583
1947,2447615
2000,2447647
1399,2447679
1245,2447711
924,2447743
760,2447775
491,2447807
248,2447839
108,2447871
0,2447903
21,2447935
313,2447967
539,2447999
731,2448031
1340,2448063
1567,2448095
1447,2448127
2000,2448159
2282,2448191
2249,2448223
1930,2448255
1737,2448287
1535,2448319
872,2448351
990,2448383
809,2448415
193,2448447
0,2448479
158,2448511
431,2448543
268,2448575
492,2448607
1072,2448639
999,2448671
1168,2448703
1400,2448735
1723,2448767
1917,2448799
2173,2448831
1981,2448863
1339,2448895
1081,2448927
1227,2448959
1063,2448991
439,2449023
540,2449055
313,2449087
331,2449119
263,2449151
746,2449183
971,2449215
777,2449247
1084,2449279
1663,2449311
1482,2449343
2189,2449375
2296,2449407
1688,2449439
1454,2449471
1199,2449503
1038,2449535
1176,2449567
552,2449599
392,2449631
432,2449663
0,2449695
0,2449727
154,2449759
444,2449791
1004,2449823
859,2449855
1160,2449887
1355,2449919
1592,2449951
2219,2449983
1949,2450015
1677,2450047
1802,2450079
1607,2450111
1019,2450143
1100,2450175
864,2450207
669,2450239
368,2450271
171,2450303
375,2450335
220,2450367
795,2450399
1017,2450431
940,2450463
1127,2450495
1710,2450527
1948,2450559
1864,2450591
1776,2450623
1914,2450655
1402,2450687
1133,2450719
1339,2450751
716,2450783
490,2450815
228,2450847
425,2450879
0,2450911
123,2450943
681,2450975
969,2451007
807,2451039
1325,2451071
1609,2451103
1899,2451135
1640,2451167
1961,2451199
2169,2451231
1486,2451263
1752,2451295
1418,2451327
827,2451359
575,2451391
349,2451423
185,2451455
316,2451487
0,2451519
190,2451551
700,2451583
582,2451615
782,2451647
1004,2451679
1293,2451711
1919,2451743
1693,2451775
2007,2451807
1737,2451839
1454,2451871
1306,2451903
1081,2451935
814,2451967
959,2451999
302,2452031
168,2452063
237,2452095
362,2452127
589,2452159
744,2452191
1008,2452223
1291,2452255
1065,2452287
1660,2452319
1944,2452351
1755,2452383
1839,2452415
1978,2452447
1787,2452479
1144,2452511
911,2452543
1051,2452575
509,2452607
238,2452639
475,2452671
0,2452703
38,2452735
216,2452767
907,2452799
746,2452831
936,2452863
1546,2452895
1838,2452927
1670,2452959
2249,2452991
2223,2453023
2044,2453055
1705,2453087
1144,2453119
1289,2453151
634,2453183
491,2453215
600,2453247
0,2453279
0,2453311
413,2453343
284,2453375
921,2453407
718,2453439
1015,2453471
1612,2453503
1423,2453535
1648,2453567
2267,2453599
1790,2453631
1949,2453663
1264,2453695
1101,2453727
872,2453759
605,2453791
447,2453823
199,2453855
0,2453887
301,2453919
447,2453951
393,2453983
956,2454015
1225,2454047
1111,2454079
1645,2454111
1884,2454143
2155,2454175
2281,2454207
2089,2454239
1849,2454271
1208,2454303
1337,2454335
1100,2454367
580,2454399
301,2454431
414,2454463
186,2454495
0,2454527
158,2454559
461,2454591
694,2454623
878,2454655
1062,2454687
1372,2454719
1607,2454751
1801,2454783
2343,2454815
1691,2454847
1462,2454879
1567,2454911
1399,2454943
777,2454975
841,2455007
296,2455039
475,2455071
0,2455103
59,2455135
633,2455167
439,2455199
656,2455231
1272,2455263
1143,2455295
1839,2455327
1580,2455359
1880,2455391
2224,2455423
1550,2455455
1419,2455487
1472,2455519
887,2455551
731,2455583
411,2455615
252,2455647
0,2455679
0,2455711
135,2455743
340,2455775
519,2455807
823,2455839
1307,2455871
1242,2455903
1869,2455935
2105,2455967
1977,2455999
2144,2456031
1950,2456063
1709,2456095
1401,2456127
1215,2456159
1017,2456191
361,2456223
475,2456255
284,2456287
0,2456319
104,2456351
680,2456383
952,2456415
780,2456447
1001,2456479
1320,2456511
1512,2456543
1692,2456575
1896,2456607
1755,2456639
1479,2456671
1195,2456703
1448,2456735
829,2456767
568,2456799
712,2456831
539,2456863
0,2456895
333,2456927
581,2456959
856,2456991
984,2457023
888,2457055
1497,2457087
1292,2457119
1915,2457151
2203,2457183
1865,2457215
2107,2457247
1760,2457279
1164,2457311
1343,2457343
695,2457375
526,2457407
656,2457439
40,2457471
0,2457503
362,2457535
280,2457567
464,2457599
669,2457631
956,2457663
1180,2457695
1371,2457727
1687,2457759
2235,2457791
1852,2457823
2009,2457855
1421,2457887
1159,2457919
1274,2457951
1085,2457983
505,2458015
576,2458047
348,2458079
233,2458111
397,2458143
666,2458175
892,2458207
716,2458239
1308,2458271
1535,2458303
1819,2458335
1641,2458367
2249,2458399
1815,2458431
1534,2458463
1257,2458495
1389,2458527
889,2458559
622,2458591
358,2458623
207,2458655
0,2458687
0,2458719
571,2458751
408,2458783
633,2458815
1195,2458847
1483,2458879
1310,2458911
1852,2458943
1754,2458975
2399,2459007
1663,2459039
1822,2459071
1631,2459103
970,2459135
1227,2459167
895,2459199
317,2459231
537,2459263
0,2459295
0,2459327
570,2459359
382,2459391
701,2459423
1214,2459455
1084,2459487
1296,2459519
1625,2459551
1829,2459583
1866,2459615
1612,2459647
1479,2459679
1560,2459711
940,2459743
793,2459775
567,2459807
302,2459839
446,2459871
205,2459903
87,2459935
618,2459967
880,2459999
1111,2460031
1258,2460063
1530,2460095
1805,2460127
1583,2460159
2190,2460191
2192,2460223
2010,2460255
1311,2460287
1450,2460319
909,2460351
634,2460383
412,2460415
538,2460447
8,2460479
0,2460511
44,2460543
350,2460575
541,2460607
716,2460639
1421,2460671
1259,2460703
1450,2460735
2077,2460767
2365,2460799
1813,2460831
1920,2460863
1693,2460895
1513,2460927
1178,2460959
1002,2460991
768,2461023
112,2461055
0,2461087
284,2461119
123,2461151
491,2461183
925,2461215
804,2461247
1437,2461279
1232,2461311
1528,2461343
2142,2461375
1928,2461407
1673,2461439
1496,2461471
1269,2461503
1419,2461535
749,2461567
588,2461599
696,2461631
100,2461663
0,2461695
4,2461727
216,2461759
824,2461791
713,2461823
903,2461855
1472,2461887
1753,2461919
1627,2461951
2176,2461983
2264,2462015
2063,2462047
1743,2462079
1559,2462111
1311,2462143
1133,2462175
827,2462207
590,2462239
70,2462271
0,2462303
332,2462335
559,2462367
488,2462399
666,2462431
1255,2462463
1206,2462495
1390,2462527
1581,2462559
1899,2462591
1865,2462623
1604,2462655
1805,2462687
1175,2462719
1242,2462751
1051,2462783
887,2462815
263,2462847
319,2462879
223,2462911
509,2462943
269,2462975
584,2463007
1146,2463039
943,2463071
1671,2463103
1800,2463135
1659,2463167
2377,2463199
1724,2463231
1558,2463263
1694,2463295
1024,2463327
903,2463359
646,2463391
376,2463423
221,2463455
0,2463487
0,2463519
528,2463551
329,2463583
650,2463615
845,2463647
1032,2463679
1337,2463711
1566,2463743
1768,2463775
2366,2463807
2125,2463839
1531,2463871
1624,2463903
1422,2463935
1192,2463967
877,2463999
698,2464031
495,2464063
0,2464095
283,2464127
542,2464159
394,2464191
608,2464223
1194,2464255
1466,2464287
1290,2464319
1518,2464351
2126,2464383
1893,2464415
1607,2464447
1370,2464479
1228,2464511
964,2464543
685,2464575
939,2464607
315,2464639
428,2464671
180,2464703
455,2464735
296,2464767
857,2464799
1087,2464831
1371,2464863
1500,2464895
1402,2464927
2016,2464959
1808,2464991
1877,2465023
1984,2465055
1338,2465087
1575,2465119
1240,2465151
662,2465183
831,2465215
176,2465247
24,2465279
0,2465311
76,2465343
371,2465375
873,2465407
782,2465439
1391,2465471
1181,2465503
1466,2465535
1707,2465567
1898,2465599
1832,2465631
1562,2465663
1326,2465695
1483,2465727
905,2465759
647,2465791
752,2465823
559,2465855
0,2465887
270,2465919
142,2465951
763,2465983
920,2466015
1182,2466047
1408,2466079
1239,2466111
1838,2466143
2064,2466175
2316,2466207
1663,2466239
1792,2466271
1563,2466303
1030,2466335
745,2466367
875,2466399
375,2466431
110,2466463
0,2466495
20,2466527
244,2466559
799,2466591
1084,2466623
919,2466655
1146,2466687
1723,2466719
2015,2466751
1851,2466783
2233,2466815
1659,2466847
1867,2466879
1145,2466911
1294,2466943
1115,2466975
458,2467007
715,2467039
379,2467071
0,2467103
457,2467135
217,2467167
506,2467199
688,2467231
890,2467263
1223,2467295
1740,2467327
1608,2467359
1917,2467391
1786,2467423
1613,2467455
1338,2467487
1087,2467519
956,2467551
710,2467583
430,2467615
281,2467647
55,2467679
0,2467711
476,2467743
703,2467775
599,2467807
1132,2467839
952,2467871
1629,2467903
1776,2467935
2060,2467967
2335,2467999
1724,2468031
1856,2468063
1672,2468095
1472,2468127
800,2468159
928,2468191
744,2468223
126,2468255
0,2468287
219,2468319
151,2468351
328,2468383
552,2468415
861,2468447
1051,2468479
1673,2468511
1961,2468543
1784,2468575
1948,2468607
2095,2468639
1928,2468671
1287,2468703
1390,2468735
1167,2468767
996,2468799
665,2468831
478,2468863
251,2468895
0,2468927
245,2468959
809,2468991
638,2469023
1319,2469055
1448,2469087
1311,2469119
1547,2469151
1757,2469183
1911,2469215
2045,2469247
1392,2469279
1242,2469311
1294,2469343
759,2469375
895,2469407
239,2469439
73,2469471
0,2469503
20,2469535
315,2469567
507,2469599
733,2469631
1351,2469663
1226,2469695
1417,2469727
2008,2469759
1817,2469791
1883,2469823
1965,2469855
1736,2469887
1531,2469919
1226,2469951
1024,2469983
799,2470015
607,2470047
304,2470079
157,2470111
102,2470143
270,2470175
848,2470207
1082,2470239
998,2470271
1177,2470303
1773,2470335
1721,2470367
1918,2470399
2221,2470431
1575,2470463
1340,2470495
1070,2470527
1276,2470559
663,2470591
427,2470623
538,2470655
361,2470687
0,2470719
472,2470751
747,2470783
1032,2470815
780,2470847
1095,2470879
1675,2470911
1465,2470943
2200,2470975
2286,2471007
1689,2471039
1433,2471071
1199,2471103
1036,2471135
1166,2471167
522,2471199
395,2471231
441,2471263
0,2471295
28,2471327
160,2471359
453,2471391
638,2471423
843,2471455
1162,2471487
1366,2471519
1547,2471551
1865,2471583
1944,2471615
1674,2471647
1836,2471679
1145,2471711
1015,2471743
1098,2471775
904,2471807
667,2471839
362,2471871
167,2471903
415,2471935
220,2471967
800,2471999
1066,2472031
902,2472063
1117,2472095
1712,2472127
1996,2472159
1815,2472191
1775,2472223
1915,2472255
1359,2472287
1084,2472319
1339,2472351
715,2472383
456,2472415
174,2472447
411,2472479
0,2472511
89,2472543
682,2472575
971,2472607
807,2472639
1371,2472671
1613,2472703
1901,2472735
2029,2472767
1928,2472799
2167,2472831
1486,2472863
1349,2472895
1453,2472927
826,2472959
574,2472991
720,2473023
149,2473055
311,2473087
0,2473119
169,2473151
750,2473183
1095,2473215
876,2473247
1390,2473279
1303,2473311
1929,2473343
1706,2473375
1964,2473407
1736,2473439
1451,2473471
1293,2473503
1037,2473535
811,2473567
957,2473599
649,2473631
136,2473663
234,2473695
365,2473727
254,2473759
792,2473791
1008,2473823
1279,2473855
1436,2473887
1709,2473919
1943,2473951
1759,2473983
2216,2474015
1976,2474047
1785,2474079
1143,2474111
1272,2474143
1040,2474175
507,2474207
238,2474239
93,2474271
0,2474303
40,2474335
216,2474367
524,2474399
748,2474431
938,2474463
1611,2474495
1435,2474527
1671,2474559
2253,2474591
2281,2474623
1628,2474655
1708,2474687
1136,2474719
1339,2474751
633,2474783
491,2474815
603,2474847
0,2474879
0,2474911
414,2474943
298,2474975
985,2475007
729,2475039
1016,2475071
1614,2475103
1404,2475135
1742,2475167
2270,2475199
1742,2475231
1593,2475263
1262,2475295
1096,2475327
826,2475359
576,2475391
444,2475423
194,2475455
0,2475487
0,2475519
455,2475551
396,2475583
1004,2475615
1227,2475647
1111,2475679
1662,2475711
1932,2475743
2166,2475775
2272,2475807
2079,2475839
1885,2475871
1198,2475903
1336,2475935
1146,2475967
956,2475999
297,2476031
413,2476063
222,2476095
0,2476127
160,2476159
472,2476191
664,2476223
840,2476255
1064,2476287
1383,2476319
1574,2476351
1754,2476383
2333,2476415
1691,2476447
1415,2476479
1575,2476511
1389,2476543
766,2476575
876,2476607
651,2476639
473,2476671
135,2476703
42,2476735
635,2476767
432,2476799
1040,2476831
1322,2476863
1145,2476895
1847,2476927
1977,2476959
1835,2476991
2223,2477023
1536,2477055
1383,2477087
1516,2477119
886,2477151
727,2477183
781,2477215
239,2477247
381,2477279
0,2477311
107,2477343
344,2477375
524,2477407
826,2477439
1354,2477471
1252,2477503
1871,2477535
1751,2477567
1946,2477599
2142,2477631
1949,2477663
1355,2477695
1436,2477727
1210,2477759
1005,2477791
711,2477823
523,2477855
283,2477887
301,2477919
457,2477951
682,2477983
613,2478015
783,2478047
1370,2478079
1320,2478111
1516,2478143
1695,2478175
2266,2478207
1751,2478239
1472,2478271
1194,2478303
1063,2478335
826,2478367
558,2478399
763,2478431
152,2478463
0,2478495
336,2478527
623,2478559
471,2478591
986,2478623
890,2478655
1549,2478687
1293,2478719
1918,2478751
2205,2478783
1835,2478815
2103,2478847
1760,2478879
1163,2478911
1391,2478943
687,2478975
533,2479007
654,2479039
19,2479071
0,2479103
364,2479135
238,2479167
541,2479199
681,2479231
957,2479263
1148,2479295
1356,2479327
1688,2479359
2238,2479391
1803,2479423
1645,2479455
1416,2479487
1156,2479519
1307,2479551
1079,2479583
503,2479615
576,2479647
380,2479679
237,2479711
411,2479743
670,2479775
941,2479807
730,2479839
1312,2479871
1584,2479903
1414,2479935
1643,2479967
2249,2479999
1771,2480031
1482,2480063
1248,2480095
1385,2480127
855,2480159
572,2480191
350,2480223
200,2480255
0,2480287
0,2480319
572,2480351
409,2480383
603,2480415
1198,2480447
1485,2480479
1322,2480511
1901,2480543
2143,2480575
2395,2480607
2047,2480639
1868,2480671
1629,2480703
970,2480735
828,2480767
938,2480799
316,2480831
536,2480863
204,2480895
0,2480927
585,2480959
383,2480991
681,2481023
1270,2481055
1086,2481087
1399,2481119
1920,2481151
1829,2481183
1866,2481215
1609,2481247
1437,2481279
1548,2481311
938,2481343
791,2481375
535,2481407
302,2481439
445,2481471
0,2481503
57,2481535
620,2481567
887,2481599
765,2481631
1304,2481663
1532,2481695
1813,2481727
1962,2481759
2238,2481791
2191,2481823
1547,2481855
1679,2481887
1448,2481919
908,2481951
632,2481983
760,2482015
526,2482047
5,2482079
0,2482111
393,2482143
360,2482175
550,2482207
720,2482239
1035,2482271
1260,2482303
1454,2482335
2139,2482367
1963,2482399
1802,2482431
1919,2482463
1743,2482495
1111,2482527
1178,2482559
999,2482591
813,2482623
120,2482655
0,2482687
287,2482719
102,2482751
805,2482783
936,2482815
798,2482847
1487,2482879
1240,2482911
1530,2482943
2152,2482975
1898,2483007
1767,2483039
1820,2483071
1224,2483103
974,2483135
747,2483167
583,2483199
730,2483231
63,2483263
0,2483295
5,2483327
188,2483359
479,2483391
715,2483423
906,2483455
1520,2483487
1755,2483519
1627,2483551
2186,2483583
2300,2483615
2061,2483647
1742,2483679
1549,2483711
1359,2483743
688,2483775
814,2483807
630,2483839
19,2483871
0,2483903
334,2483935
606,2483967
444,2483999
669,2484031
1247,2484063
1175,2484095
1352,2484127
1580,2484159
1908,2484191
1820,2484223
1544,2484255
1803,2484287
1171,2484319
905,2484351
1040,2484383
875,2484415
261,2484447
352,2484479
233,2484511
519,2484543
650,2484575
553,2484607
1151,2484639
952,2484671
1270,2484703
1851,2484735
1663,2484767
2379,2484799
2108,2484831
1508,2484863
1689,2484895
1023,2484927
861,2484959
636,2484991
376,2485023
127,2485055
267,2485087
0,2485119
538,2485151
332,2485183
619,2485215
888,2485247
1037,2485279
1340,2485311
1533,2485343
1770,2485375
2361,2485407
1767,2485439
1496,2485471
1612,2485503
1421,2485535
841,2485567
923,2485599
686,2485631
493,2485663
188,2485695
328,2485727
553,2485759
392,2485791
972,2485823
1198,2485855
1116,2485887
1294,2485919
1896,2485951
2127,2485983
1893,2486015
1598,2486047
1736,2486079
1225,2486111
957,2486143
683,2486175
541,2486207
316,2486239
54,2486271
233,2486303
75,2486335
308,2486367
855,2486399
1147,2486431
975,2486463
1504,2486495
1404,2486527
2079,2486559
1816,2486591
2174,2486623
1984,2486655
1310,2486687
1575,2486719
1240,2486751
652,2486783
877,2486815
172,2486847
18,2486879
0,2486911
46,2486943
375,2486975
878,2487007
749,2487039
1051,2487071
1184,2487103
1480,2487135
1672,2487167
1881,2487199
1818,2487231
1558,2487263
1275,2487295
1129,2487327
903,2487359
643,2487391
784,2487423
553,2487455
0,2487487
280,2487519
538,2487551
765,2487583
922,2487615
1183,2487647
1456,2487679
1243,2487711
1850,2487743
2124,2487775
1896,2487807
1660,2487839
1792,2487871
1598,2487903
968,2487935
736,2487967
875,2487999
343,2488031
62,2488063
0,2488095
22,2488127
211,2488159
811,2488191
1085,2488223
922,2488255
1115,2488287
1725,2488319
2024,2488351
1849,2488383
2268,2488415
2043,2488447
1864,2488479
1518,2488511
1340,2488543
1115,2488575
456,2488607
317,2488639
424,2488671
0,2488703
459,2488735
591,2488767
471,2488799
697,2488831
895,2488863
1193,2488895
1790,2488927
1610,2488959
1917,2488991
2171,2489023
1608,2489055
1343,2489087
1085,2489119
923,2489151
1024,2489183
428,2489215
269,2489247
24,2489279
0,2489311
479,2489343
377,2489375
571,2489407
1134,2489439
1403,2489471
1287,2489503
1834,2489535
2064,2489567
2344,2489599
2094,2489631
1901,2489663
1663,2489695
1023,2489727
1161,2489759
925,2489791
396,2489823
123,2489855
237,2489887
224,2489919
164,2489951
335,2489983
911,2490015
872,2490047
1062,2490079
1727,2490111
1560,2490143
1787,2490175
1935,2490207
2157,2490239
1512,2490271
1277,2490303
1387,2490335
1223,2490367
599,2490399
654,2490431
475,2490463
287,2490495
0,2490527
248,2490559
811,2490591
615,2490623
1320,2490655
1452,2490687
1319,2490719
1530,2490751
1760,2490783
1901,2490815
2044,2490847
1370,2490879
1239,2490911
1294,2490943
712,2490975
463,2491007
236,2491039
71,2491071
198,2491103
5,2491135
317,2491167
518,2491199
698,2491231
991,2491263
1227,2491295
1421,2491327
2059,2491359
1818,2491391
1879,2491423
1966,2491455
1772,2491487
1531,2491519
1216,2491551
1023,2491583
843,2491615
183,2491647
302,2491679
205,2491711
56,2491743
286,2491775
858,2491807
1130,2491839
954,2491871
1179,2491903
1775,2491935
1701,2491967
1872,2491999
2219,2492031
1565,2492063
1302,2492095
1018,2492127
1275,2492159
651,2492191
393,2492223
527,2492255
363,2492287
0,2492319
510,2492351
751,2492383
1035,2492415
1161,2492447
1064,2492479
1679,2492511
1467,2492543
1797,2492575
2335,2492607
1678,2492639
1424,2492671
1581,2492703
996,2492735
1167,2492767
510,2492799
359,2492831
478,2492863
0,2492895
0,2492927
528,2492959
455,2492991
1053,2493023
846,2493055
1131,2493087
1368,2493119
1552,2493151
1865,2493183
1901,2493215
1672,2493247
1830,2493279
1497,2493311
974,2493343
1088,2493375
905,2493407
329,2493439
408,2493471
156,2493503
421,2493535
575,2493567
847,2493599
1069,2493631
896,2493663
1488,2493695
1710,2493727
1642,2493759
1818,2493791
2143,2493823
1904,2493855
1355,2493887
1080,2493919
940,2493951
713,2493983
445,2494015
173,2494047
30,2494079
0,2494111
101,2494143
747,2494175
587,2494207
810,2494239
1373,2494271
1673,2494303
1497,2494335
2040,2494367
1932,2494399
2217,2494431
1484,2494463
1340,2494495
1455,2494527
797,2494559
572,2494591
716,2494623
143,2494655
361,2494687
0,2494719
169,2494751
752,2494783
559,2494815
891,2494847
1392,2494879
1262,2494911
1575,2494943
1708,2494975
1960,2495007
1687,2495039
1432,2495071
1292,2495103
1034,2495135
762,2495167
615,2495199
639,2495231
131,2495263
268,2495295
367,2495327
263,2495359
796,2495391
1056,2495423
1287,2495455
1436,2495487
1710,2495519
1995,2495551
1767,2495583
2207,2495615
2014,2495647
1368,2495679
1136,2495711
1263,2495743
1080,2495775
458,2495807
235,2495839
92,2495871
0,2495903
3,2495935
218,2495967
535,2495999
724,2496031
900,2496063
1611,2496095
1436,2496127
1639,2496159
2264,2496191
2279,2496223
1625,2496255
1738,2496287
1513,2496319
1335,2496351
992,2496383
454,2496415
599,2496447
0,2496479
187,2496511
462,2496543
300,2496575
975,2496607
1112,2496639
980,2496671
1623,2496703
1408,2496735
1719,2496767
2328,2496799
1740,2496831
1591,2496863
1642,2496895
1084,2496927
825,2496959
575,2496991
410,2497023
196,2497055
0,2497087
0,2497119
495,2497151
395,2497183
1001,2497215
889,2497247
1533,2497279
1660,2497311
1933,2497343
1813,2497375
2316,2497407
2078,2497439
1881,2497471
1564,2497503
1372,2497535
1145,2497567
522,2497599
648,2497631
410,2497663
220,2497695
0,2497727
509,2497759
472,2497791
665,2497823
841,2497855
1424,2497887
1384,2497919
1580,2497951
1755,2497983
1926,2498015
1686,2498047
1414,2498079
1624,2498111
988,2498143
763,2498175
864,2498207
700,2498239
88,2498271
133,2498303
48,2498335
687,2498367
443,2498399
1054,2498431
1325,2498463
1128,2498495
1849,2498527
1982,2498559
1847,2498591
2271,2498623
1536,2498655
1374,2498687
1514,2498719
858,2498751
728,2498783
778,2498815
202,2498847
0,2498879
0,2498911
119,2498943
302,2498975
507,2499007
829,2499039
1358,2499071
1210,2499103
1513,2499135
1753,2499167
1960,2499199
2186,2499231
1945,2499263
1353,2499295
1436,2499327
1244,2499359
1005,2499391
701,2499423
520,2499455
319,2499487
0,2499519
462,2499551
728,2499583
1004,2499615
784,2499647
1371,2499679
1290,2499711
1468,2499743
1695,2499775
2265,2499807
1707,2499839
1420,2499871
1192,2499903
1049,2499935
791,2499967
518,2499999
763,2500031
146,2500063
0,2500095
346,2500127
631,2500159
474,2500191
1034,2500223
1273,2500255
1549,2500287
1691,2500319
1968,2500351
2205,2500383
1834,2500415
1688,2500447
1804,2500479
1152,2500511
1387,2500543
1063,2500575
483,2500607
649,2500639
9,2500671
0,2500703
414,2500735
240,2500767
448,2500799
744,2500831
967,2500863
1579,2500895
1360,2500927
1658,2500959
2238,2500991
1801,2501023
1642,2501055
1375,2501087
1146,2501119
1303,2501151
729,2501183
471,2501215
576,2501247
378,2501279
0,2501311
447,2501343
670,2501375
939,2501407
1088,2501439
1360,2501471
1597,2501503
1870,2501535
2016,2501567
2251,2501599
1768,2501631
1483,2501663
1613,2501695
1384,2501727
847,2501759
572,2501791
688,2501823
200,2501855
0,2501887
0,2501919
187,2501951
412,2501983
606,2502015
1261,2502047
1099,2502079
1629,2502111
1902,2502143
2205,2502175
1979,2502207
2047,2502239
1865,2502271
1687,2502303
968,2502335
826,2502367
939,2502399
284,2502431
525,2502463
204,2502495
0,2502527
639,2502559
394,2502591
683,2502623
1274,2502655
1068,2502687
1402,2502719
1598,2502751
1788,2502783
1933,2502815
1608,2502847
1430,2502879
1592,2502911
911,2502943
781,2502975
523,2503007
255,2503039
105,2503071
0,2503103
68,2503135
666,2503167
891,2503199
775,2503231
1310,2503263
1582,2503295
1815,2503327
1966,2503359
2238,2503391
2237,2503423
1536,2503455
1677,2503487
1483,2503519
856,2503551
632,2503583
749,2503615
559,2503647
0,2503679
0,2503711
399,2503743
330,2503775
496,2503807
731,2503839
1045,2503871
1236,2503903
1414,2503935
2141,2503967
1971,2503999
2158,2504031
1917,2504063
1737,2504095
1109,2504127
1211,2504159
991,2504191
812,2504223
489,2504255
0,2504287
288,2504319
109,2504351
415,2504383
986,2504415
812,2504447
1496,2504479
1629,2504511
1496,2504543
2153,2504575
1896,2504607
1724,2504639
1485,2504671
1212,2504703
1065,2504735
1117,2504767
584,2504799
719,2504831
64,2504863
0,2504895
16,2504927
188,2504959
487,2504991
684,2505023
910,2505055
1526,2505087
1403,2505119
1597,2505151
2190,2505183
2299,2505215
1703,2505247
1787,2505279
1180,2505311
1355,2505343
1048,2505375
848,2505407
632,2505439
10,2505471
119,2505503
345,2505535
608,2505567
446,2505599
1024,2505631
1256,2505663
1178,2505695
1354,2505727
1960,2505759
1911,2505791
1819,2505823
1530,2505855
1387,2505887
1161,2505919
1287,2505951
1099,2505983
479,2506015
253,2506047
361,2506079
283,2506111
135,2506143
650,2506175
556,2506207
1209,2506239
956,2506271
1568,2506303
1853,2506335
1646,2506367
2382,2506399
2108,2506431
1500,2506463
1741,2506495
1019,2506527
859,2506559
592,2506591
336,2506623
215,2506655
266,2506687
0,2506719
205,2506751
334,2506783
631,2506815
812,2506847
1018,2506879
1342,2506911
1544,2506943
1736,2506975
1995,2507007
1757,2507039
1486,2507071
1648,2507103
1417,2507135
840,2507167
912,2507199
292,2507231
491,2507263
190,2507295
331,2507327
602,2507359
398,2507391
973,2507423
1244,2507455
1518,2507487
1305,2507519
1900,2507551
2184,2507583
1832,2507615
1592,2507647
1727,2507679
1187,2507711
908,2507743
682,2507775
540,2507807
279,2507839
416,2507871
227,2507903
74,2507935
265,2507967
860,2507999
1147,2508031
984,2508063
1552,2508095
1801,2508127
2087,2508159
2219,2508191
2218,2508223
1979,2508255
1308,2508287
1164,2508319
1276,2508351
650,2508383
876,2508415
542,2508447
0,2508479
0,2508511
48,2508543
343,2508575
926,2508607
761,2508639
1052,2508671
1568,2508703
1481,2508735
2109,2508767
1887,2508799
1783,2508831
1548,2508863
1274,2508895
1117,2508927
860,2508959
643,2508991
781,2509023
217,2509055
0,2509087
281,2509119
110,2509151
439,2509183
970,2509215
1194,2509247
1463,2509279
1415,2509311
1888,2509343
2123,2509375
2357,2509407
2027,2509439
1788,2509471
1242,2509503
960,2509535
1095,2509567
863,2509599
332,2509631
58,2509663
171,2509695
24,2509727
208,2509759
875,2509791
701,2509823
932,2509855
1118,2509887
1789,2509919
1614,2509951
1849,2509983
2268,2510015
2093,2510047
1448,2510079
1517,2510111
1337,2510143
1159,2510175
456,2510207
314,2510239
415,2510271
0,2510303
460,2510335
592,2510367
472,2510399
680,2510431
902,2510463
1193,2510495
1802,2510527
1594,2510559
1927,2510591
2168,2510623
1561,2510655
1405,2510687
1084,2510719
919,2510751
650,2510783
399,2510815
268,2510847
19,2510879
0,2510911
153,2510943
379,2510975
571,2511007
1180,2511039
957,2511071
1288,2511103
1836,2511135
2120,2511167
2347,2511199
2091,2511231
1900,2511263
1707,2511295
1022,2511327
1151,2511359
969,2511391
348,2511423
122,2511455
234,2511487
267,2511519
110,2511551
334,2511583
924,2511615
841,2511647
1008,2511679
1734,2511711
1556,2511743
1752,2511775
1886,2511807
2152,2511839
1500,2511871
1239,2511903
1376,2511935
1211,2511967
596,2511999
696,2512031
473,2512063
286,2512095
302,2512127
216,2512159
813,2512191
619,2512223
933,2512255
1502,2512287
1324,2512319
1531,2512351
2158,2512383
1851,2512415
2041,2512447
1360,2512479
1197,2512511
1338,2512543
711,2512575
552,2512607
602,2512639
70,2512671
189,2512703
6,2512735
287,2512767
522,2512799
704,2512831
1000,2512863
1197,2512895
1422,2512927
2059,2512959
2192,2512991
1845,2513023
1962,2513055
1769,2513087
1179,2513119
1260,2513151
1020,2513183
837,2513215
527,2513247
348,2513279
219,2513311
63,2513343
637,2513375
860,2513407
1132,2513439
958,2513471
1547,2513503
1784,2513535
1704,2513567
1881,2513599
1803,2513631
1562,2513663
1294,2513695
1016,2513727
876,2513759
649,2513791
391,2513823
587,2513855
0,2513887
0,2513919
511,2513951
811,2513983
651,2514015
1162,2514047
1068,2514079
1739,2514111
1472,2514143
1798,2514175
2335,2514207
1648,2514239
1423,2514271
1580,2514303
985,2514335
1213,2514367
507,2514399
346,2514431
474,2514463
0,2514495
39,2514527
540,2514559
421,2514591
719,2514623
846,2514655
1135,2514687
1326,2514719
1534,2514751
1867,2514783
1900,2514815
1622,2514847
1465,2514879
1498,2514911
974,2514943
1130,2514975
895,2515007
329,2515039
408,2515071
189,2515103
424,2515135
584,2515167
855,2515199
1119,2515231
907,2515263
1498,2515295
1769,2515327
2058,2515359
1822,2515391
2140,2515423
1947,2515455
1306,2515487
1072,2515519
936,2515551
679,2515583
397,2515615
172,2515647
26,2515679
0,2515711
56,2515743
747,2515775
587,2515807
790,2515839
1375,2515871
1675,2515903
1502,2515935
2088,2515967
2329,2515999
2215,2516031
1880,2516063
1302,2516095
1453,2516127
798,2516159
941,2516191
763,2516223
136,2516255
348,2516287
251,2516319
134,2516351
759,2516383
559,2516415
856,2516447
1452,2516479
1264,2516511
1575,2516543
2109,2516575
1960,2516607
2121,2516639
1424,2516671
1258,2516703
1032,2516735
764,2516767
606,2516799
682,2516831
122,2516863
266,2516895
43,2516927
235,2516959
797,2516991
1069,2517023
951,2517055
1485,2517087
1720,2517119
1993,2517151
2142,2517183
2251,2517215
2011,2517247
1821,2517279
1499,2517311
1272,2517343
731,2517375
456,2517407
575,2517439
87,2517471
0,2517503
5,2517535
575,2517567
536,2517599
718,2517631
903,2517663
1211,2517695
1446,2517727
1643,2517759
2329,2517791
1863,2517823
1625,2517855
1739,2517887
1561,2517919
935,2517951
1002,2517983
456,2518015
639,2518047
0,2518079
190,2518111
464,2518143
280,2518175
983,2518207
1115,2518239
983,2518271
1677,2518303
1419,2518335
1720,2518367
2332,2518399
1711,2518431
1579,2518463
1642,2518495
1040,2518527
891,2518559
572,2518591
406,2518623
140,2518655
0,2518687
0,2518719
508,2518751
362,2518783
669,2518815
889,2518847
1083,2518879
1712,2518911
1941,2518943
1815,2518975
2314,2519007
2124,2519039
1879,2519071
1564,2519103
1368,2519135
1182,2519167
520,2519199
638,2519231
454,2519263
0,2519295
0,2519327
512,2519359
450,2519391
622,2519423
848,2519455
1435,2519487
1352,2519519
1530,2519551
1766,2519583
1915,2519615
1642,2519647
1357,2519679
1614,2519711
987,2519743
728,2519775
863,2519807
699,2519839
85,2519871
167,2519903
413,2519935
696,2519967
825,2519999
1100,2520031
1327,2520063
1130,2520095
1447,2520127
2031,2520159
1850,2520191
2268,2520223
1932,2520255
1322,2520287
1503,2520319
848,2520351
695,2520383
824,2520415
201,2520447
44,2520479
189,2520511
120,2520543
312,2520575
509,2520607
798,2520639
1368,2520671
1200,2520703
1515,2520735
1723,2520767
1962,2520799
2175,2520831
1583,2520863
1319,2520895
1436,2520927
1241,2520959
665,2520991
744,2521023
512,2521055
311,2521087
236,2521119
506,2521151
731,2521183
572,2521215
1150,2521247
1372,2521279
1296,2521311
1979,2521343
2079,2521375
2256,2521407
1704,2521439
1419,2521471
1549,2521503
1047,2521535
782,2521567
509,2521599
365,2521631
137,2521663
0,2521695
410,2521727
251,2521759
475,2521791
1037,2521823
1325,2521855
1160,2521887
1690,2521919
1978,2521951
2269,2521983
1832,2522015
1685,2522047
1803,2522079
1131,2522111
1387,2522143
1054,2522175
475,2522207
699,2522239
7,2522271
0,2522303
414,2522335
228,2522367
551,2522399
1054,2522431
933,2522463
1136,2522495
1360,2522527
1660,2522559
2286,2522591
1771,2522623
1640,2522655
1372,2522687
1100,2522719
952,2522751
727,2522783
460,2522815
614,2522847
379,2522879
0,2522911
456,2522943
718,2522975
941,2523007
1102,2523039
1368,2523071
1643,2523103
1420,2523135
2027,2523167
2300,2523199
1712,2523231
1472,2523263
1610,2523295
1421,2523327
804,2523359
569,2523391
688,2523423
168,2523455
0,2523487
0,2523519
197,2523551
380,2523583
558,2523615
1269,2523647
1099,2523679
1291,2523711
1913,2523743
2213,2523775
1973,2523807
2090,2523839
1863,2523871
1676,2523903
1340,2523935
792,2523967
935,2523999
281,2524031
138,2524063
238,2524095
0,2524127
638,2524159
767,2524191
645,2524223
1275,2524255
1072,2524287
1369,2524319
1606,2524351
1802,2524383
1835,2524415
1992,2524447
1431,2524479
1581,2524511
908,2524543
745,2524575
521,2524607
262,2524639
103,2524671
0,2524703
70,2524735
653,2524767
553,2524799
745,2524831
1312,2524863
1591,2524895
1463,2524927
2014,2524959
2250,2524991
2232,2525023
1913,2525055
1722,2525087
1485,2525119
856,2525151
984,2525183
750,2525215
228,2525247
0,2525279
173,2525311
408,2525343
329,2525375
505,2525407
1086,2525439
1048,2525471
1230,2525503
1416,2525535
1740,2525567
1975,2525599
1758,2525631
1967,2525663
1325,2525695
1099,2525727
1210,2525759
1037,2525791
423,2525823
479,2525855
0,2525887
349,2525919
111,2525951
714,2525983
987,2526015
792,2526047
1500,2526079
1632,2526111
1487,2526143
2207,2526175
1885,2526207
1720,2526239
1448,2526271
1192,2526303
1063,2526335
1116,2526367
527,2526399
379,2526431
59,2526463
0,2526495
0,2526527
172,2526559
492,2526591
696,2526623
873,2526655
1177,2526687
1404,2526719
1608,2526751
2236,2526783
2295,2526815
1693,2526847
1784,2526879
1592,2526911
1352,2526943
1037,2526975
857,2527007
656,2527039
9,2527071
109,2527103
393,2527135
236,2527167
448,2527199
1034,2527231
1304,2527263
1130,2527295
1358,2527327
1968,2527359
1870,2527391
1768,2527423
1531,2527455
1386,2527487
1124,2527519
1275,2527551
1101,2527583
473,2527615
218,2527647
351,2527679
285,2527711
146,2527743
697,2527775
937,2527807
1211,2527839
1340,2527871
1628,2527903
1855,2527935
1656,2527967
1976,2527999
2156,2528031
1499,2528063
1736,2528095
1402,2528127
813,2528159
588,2528191
336,2528223
183,2528255
300,2528287
0,2528319
215,2528351
715,2528383
632,2528415
816,2528447
1021,2528479
1308,2528511
1888,2528543
1736,2528575
1991,2528607
1723,2528639
1483,2528671
1643,2528703
1065,2528735
797,2528767
911,2528799
719,2528831
155,2528863
222,2528895
346,2528927
603,2528959
761,2528991
1022,2529023
1248,2529055
1081,2529087
1678,2529119
1903,2529151
1820,2529183
1823,2529215
1961,2529247
1726,2529279
1188,2529311
904,2529343
1034,2529375
537,2529407
267,2529439
463,2529471
0,2529503
74,2529535
270,2529567
923,2529599
759,2529631
986,2529663
1561,2529695
1861,2529727
1678,2529759
2220,2529791
2215,2529823
2029,2529855
1295,2529887
1160,2529919
1275,2529951
618,2529983
863,2530015
544,2530047
0,2530079
0,2530111
62,2530143
347,2530175
938,2530207
742,2530239
1063,2530271
1582,2530303
1452,2530335
1660,2530367
1896,2530399
1772,2530431
1936,2530463
1247,2530495
1113,2530527
859,2530559
591,2530591
441,2530623
215,2530655
0,2530687
314,2530719
120,2530751
443,2530783
972,2530815
1242,2530847
1477,2530879
1615,2530911
1899,2530943
2175,2530975
1886,2531007
2025,2531039
1824,2531071
1194,2531103
959,2531135
1087,2531167
904,2531199
291,2531231
60,2531263
173,2531295
3,2531327
168,2531359
871,2531391
701,2531423
893,2531455
1070,2531487
1790,2531519
1624,2531551
1817,2531583
2265,2531615
2091,2531647
1447,2531679
1552,2531711
1335,2531743
1148,2531775
824,2531807
278,2531839
415,2531871
0,2531903
89,2531935
640,2531967
476,2531999
680,2532031
1279,2532063
1160,2532095
1805,2532127
1596,2532159
1896,2532191
2208,2532223
1552,2532255
1309,2532287
1454,2532319
908,2532351
1065,2532383
396,2532415
234,2532447
17,2532479
0,2532511
154,2532543
348,2532575
580,2532607
1181,2532639
1322,2532671
1257,2532703
1840,2532735
2121,2532767
1993,2532799
2137,2532831
1898,2532863
1695,2532895
1384,2532927
1194,2532959
965,2532991
335,2533023
463,2533055
233,2533087
0,2533119
122,2533151
695,2533183
922,2533215
842,2533247
1018,2533279
1336,2533311
1562,2533343
1902,2533375
1882,2533407
1739,2533439
1499,2533471
1232,2533503
1436,2533535
812,2533567
587,2533599
686,2533631
523,2533663
0,2533695
304,2533727
228,2533759
875,2533791
618,2533823
937,2533855
1503,2533887
1304,2533919
1535,2533951
2160,2533983
1849,2534015
2091,2534047
1360,2534079
1196,2534111
1336,2534143
680,2534175
551,2534207
600,2534239
36,2534271
0,2534303
7,2534335
296,2534367
485,2534399
684,2534431
1000,2534463
1206,2534495
1386,2534527
1695,2534559
2201,2534591
1834,2534623
1998,2534655
1757,2534687
1176,2534719
1257,2534751
1065,2534783
827,2534815
512,2534847
334,2534879
253,2534911
63,2534943
638,2534975
908,2535007
742,2535039
959,2535071
1552,2535103
1835,2535135
1656,2535167
1884,2535199
1800,2535231
1528,2535263
1242,2535295
1008,2535327
875,2535359
614,2535391
335,2535423
583,2535455
0,2535487
0,2535519
525,2535551
811,2535583
649,2535615
1210,2535647
1451,2535679
1739,2535711
1866,2535743
1767,2535775
2329,2535807
1656,2535839
1806,2535871
1624,2535903
976,2535935
1211,2535967
878,2535999
309,2536031
463,2536063
0,2536095
20,2536127
592,2536159
424,2536191
717,2536223
1229,2536255
1144,2536287
1327,2536319
1545,2536351
1844,2536383
1898,2536415
1616,2536447
1463,2536479
1536,2536511
971,2536543
1127,2536575
555,2536607
295,2536639
398,2536671
189,2536703
94,2536735
633,2536767
856,2536799
1116,2536831
1272,2536863
1536,2536895
1775,2536927
1596,2536959
2202,2536991
2139,2537023
1948,2537055
1295,2537087
1433,2537119
936,2537151
676,2537183
392,2537215
510,2537247
24,2537279
0,2537311
60,2537343
365,2537375
595,2537407
792,2537439
1439,2537471
1272,2537503
1500,2537535
2094,2537567
2393,2537599
1791,2537631
1866,2537663
1294,2537695
1501,2537727
793,2537759
940,2537791
761,2537823
110,2537855
359,2537887
252,2537919
138,2537951
815,2537983
570,2538015
858,2538047
1454,2538079
1255,2538111
1579,2538143
2110,2538175
1903,2538207
1660,2538239
1517,2538271
1256,2538303
984,2538335
733,2538367
604,2538399
682,2538431
76,2538463
0,2538495
43,2538527
238,2538559
832,2538591
1067,2538623
952,2538655
1498,2538687
1770,2538719
1995,2538751
2156,2538783
2248,2538815
2057,2538847
1359,2538879
1497,2538911
1304,2538943
1118,2538975
455,2539007
572,2539039
46,2539071
0,2539103
5,2539135
574,2539167
504,2539199
685,2539231
905,2539263
1223,2539295
1417,2539327
1593,2539359
2331,2539391
1852,2539423
1577,2539455
1735,2539487
1564,2539519
925,2539551
1036,2539583
813,2539615
635,2539647
312,2539679
248,2539711
475,2539743
283,2539775
598,2539807
1164,2539839
986,2539871
1678,2539903
1817,2539935
1676,2539967
2333,2539999
1709,2540031
1543,2540063
1680,2540095
1037,2540127
796,2540159
632,2540191
395,2540223
541,2540255
0,2540287
0,2540319
508,2540351
366,2540383
666,2540415
872,2540447
1094,2540479
1709,2540511
1593,2540543
1785,2540575
2314,2540607
2109,2540639
1515,2540671
1600,2540703
1368,2540735
1177,2540767
864,2540799
681,2540831
443,2540863
245,2540895
299,2540927
512,2540959
454,2540991
621,2541023
1209,2541055
1437,2541087
1354,2541119
1531,2541151
2140,2541183
1913,2541215
1640,2541247
1354,2541279
1211,2541311
984,2541343
718,2541375
921,2541407
301,2541439
376,2541471
169,2541503
463,2541535
311,2541567
827,2541599
1103,2541631
1389,2541663
1131,2541695
1450,2541727
2039,2541759
1823,2541791
2267,2541823
1920,2541855
1321,2541887
1561,2541919
846,2541951
682,2541983
815,2542015
170,2542047
39,2542079
0,2542111
87,2542143
381,2542175
511,2542207
808,2542239
1414,2542271
1197,2542303
1516,2542335
1731,2542367
1914,2542399
1815,2542431
1579,2542463
1308,2542495
1468,2542527
1241,2542559
664,2542591
736,2542623
542,2542655
313,2542687
240,2542719
518,2542751
781,2542783
572,2542815
1152,2542847
1422,2542879
1254,2542911
1480,2542943
2080,2542975
2298,2543007
1645,2543039
1408,2543071
1552,2543103
1004,2543135
730,2543167
504,2543199
349,2543231
103,2543263
0,2543295
425,2543327
250,2543359
824,2543391
1050,2543423
1333,2543455
1161,2543487
1742,2543519
1979,2543551
2269,2543583
2218,2543615
1654,2543647
1801,2543679
1131,2543711
981,2543743
1099,2543775
472,2543807
701,2543839
366,2543871
0,2543903
423,2543935
233,2543967
523,2543999
746,2544031
934,2544063
1229,2544095
1756,2544127
1669,2544159
2297,2544191
1771,2544223
1597,2544255
1372,2544287
1099,2544319
942,2544351
695,2544383
458,2544415
603,2544447
41,2544479
0,2544511
458,2544543
729,2544575
607,2544607
1148,2544639
1007,2544671
1644,2544703
1800,2544735
2076,2544767
2303,2544799
1708,2544831
1849,2544863
1609,2544895
1418,2544927
784,2544959
911,2544991
687,2545023
164,2545055
0,2545087
233,2545119
197,2545151
382,2545183
560,2545215
877,2545247
1108,2545279
1689,2545311
1976,2545343
1803,2545375
1861,2545407
2089,2545439
1903,2545471
1271,2545503
1340,2545535
782,2545567
983,2545599
272,2545631
426,2545663
235,2545695
0,2545727
647,2545759
776,2545791
647,2545823
1337,2545855
1083,2545887
1371,2545919
1564,2545951
1771,2545983
1928,2546015
1984,2546047
1382,2546079
1229,2546111
906,2546143
745,2546175
472,2546207
220,2546239
91,2546271
0,2546303
27,2546335
333,2546367
558,2546399
746,2546431
1360,2546463
1593,2546495
1465,2546527
2016,2546559
1832,2546591
2232,2546623
1913,2546655
1711,2546687
1519,2546719
848,2546751
974,2546783
791,2546815
600,2546847
0,2546879
175,2546911
446,2546943
293,2546975
508,2547007
1088,2547039
1007,2547071
1194,2547103
1418,2547135
1741,2547167
1941,2547199
2153,2547231
1963,2547263
1332,2547295
1063,2547327
1208,2547359
1035,2547391
415,2547423
509,2547455
295,2547487
347,2547519
476,2547551
766,2547583
989,2547615
794,2547647
1110,2547679
1690,2547711
1501,2547743
2216,2547775
2280,2547807
1673,2547839
1436,2547871
1184,2547903
1019,2547935
1152,2547967
527,2547999
379,2548031
428,2548063
0,2548095
377,2548127
176,2548159
468,2548191
695,2548223
876,2548255
1176,2548287
1373,2548319
1609,2548351
2239,2548383
1929,2548415
1660,2548447
1776,2548479
1130,2548511
1000,2548543
1081,2548575
848,2548607
653,2548639
352,2548671
155,2548703
395,2548735
669,2548767
815,2548799
1034,2548831
963,2548863
1135,2548895
1736,2548927
1965,2548959
1894,2548991
1759,2549023
1899,2549055
1374,2549087
1115,2549119
1323,2549151
701,2549183
474,2549215
204,2549247
409,2549279
0,2549311
137,2549343
698,2549375
987,2549407
823,2549439
1342,2549471
1629,2549503
1917,2549535
1657,2549567
1974,2549599
2153,2549631
1470,2549663
1735,2549695
1392,2549727
811,2549759
558,2549791
334,2549823
170,2549855
296,2549887
0,2549919
206,2549951
718,2549983
591,2550015
895,2550047
1024,2550079
1320,2550111
1509,2550143
1722,2550175
1993,2550207
1720,2550239
1436,2550271
1287,2550303
1053,2550335
796,2550367
952,2550399
287,2550431
152,2550463
219,2550495
380,2550527
603,2550559
762,2550591
1021,2550623
1295,2550655
1082,2550687
1678,2550719
1962,2550751
1782,2550783
1818,2550815
1950,2550847
1770,2550879
1126,2550911
907,2550943
1021,2550975
492,2551007
220,2551039
459,2551071
0,2551103
52,2551135
231,2551167
925,2551199
763,2551231
953,2551263
1563,2551295
1862,2551327
1686,2551359
2268,2551391
2207,2551423
2027,2551455
1688,2551487
1125,2551519
1273,2551551
619,2551583
474,2551615
576,2551647
0,2551679
0,2551711
430,2551743
314,2551775
938,2551807
743,2551839
1035,2551871
1630,2551903
1448,2551935
1758,2551967
2286,2551999
1773,2552031
1931,2552063
1246,2552095
1080,2552127
860,2552159
588,2552191
427,2552223
183,2552255
0,2552287
319,2552319
462,2552351
411,2552383
975,2552415
1242,2552447
1127,2552479
1671,2552511
1900,2552543
2173,2552575
2264,2552607
2072,2552639
