156,44
3,76
588,108
375,140
604,172
1243,204
1052,236
1696,268
1912,300
1773,332
1878,364
1564,396
1405,428
1100,460
876,492
1148,524
905,556
234,588
461,620
0,652
58,684
635,716
506,748
1133,780
1278,812
1606,844
1837,876
2073,908
2313,940
2188,972
1935,1004
1720,1036
1436,1068
1242,1100
974,1132
718,1164
201,1196
254,1228
0,1260
381,1292
267,1324
490,1356
716,1388
940,1420
1223,1452
1400,1484
1687,1516
1964,1548
1736,1580
1546,1612
1215,1644
1082,1676
1213,1708
538,1740
745,1772
493,1804
248,1836
265,1868
504,1900
411,1932
954,1964
1146,1996
1451,2028
1608,2060
1453,2092
2122,2124
1852,2156
1648,2188
1818,2220
1192,2252
956,2284
1080,2316
508,2348
616,2380
28,2412
0,2444
395,2476
174,2508
876,2540
634,2572
904,2604
1485,2636
1365,2668
1595,2700
2158,2732
1868,2764
2059,2796
1405,2828
1595,2860
1307,2892
1127,2924
845,2956
584,2988
381,3020
118,3052
362,3084
264,3116
814,3148
1007,3180
1273,3212
1471,3244
1340,3276
1933,3308
1803,3340
1798,3372
1501,3404
1326,3436
1133,3468
874,3500
692,3532
716,3564
232,3596
12,3628
0,3660
126,3692
711,3724
891,3756
1163,3788
1359,3820
1259,3852
1821,3884
2014,3916
1963,3948
2062,3980
1832,4012
1677,4044
976,4076
763,4108
952,4140
304,4172
112,4204
221,4236
0,4268
458,4300
318,4332
620,4364
1256,4396
1000,4428
1751,4460
1452,4492
1720,4524
2379,4556
1656,4588
1463,4620
1598,4652
1004,4684
1179,4716
554,4748
727,4780
491,4812
141,4844
395,4876
572,4908
793,4940
1034,4972
1216,5004
1064,5036
1756,5068
1885,5100
2153,5132
2159,5164
1563,5196
1691,5228
1102,5260
872,5292
651,5324
426,5356
250,5388
0,5420
0,5452
328,5484
263,5516
524,5548
1099,5580
972,5612
1566,5644
1757,5676
2030,5708
2237,5740
1788,5772
1929,5804
1696,5836
1143,5868
1226,5900
960,5932
810,5964
502,5996
0,6028
208,6060
31,6092
295,6124
905,6156
747,6188
1352,6220
1549,6252
1428,6284
1716,6316
1866,6348
1753,6380
1439,6412
1244,6444
1497,6476
784,6508
616,6540
733,6572
156,6604
0,6636
0,6668
168,6700
795,6732
937,6764
1257,6796
1439,6828
1721,6860
1901,6892
2093,6924
1854,6956
2026,6988
1787,7020
1550,7052
1322,7084
1064,7116
859,7148
601,7180
27,7212
141,7244
0,7276
202,7308
380,7340
662,7372
921,7404
1112,7436
1384,7468
1613,7500
1848,7532
1895,7564
2027,7596
1419,7628
1565,7660
926,7692
1095,7724
831,7756
283,7788
367,7820
103,7852
73,7884
574,7916
797,7948
1112,7980
878,8012
1114,8044
1769,8076
1574,8108
2233,8140
2125,8172
1531,8204
1353,8236
1040,8268
892,8300
587,8332
362,8364
632,8396
0,8428
0,8460
525,8492
294,8524
569,8556
744,8588
1017,8620
1661,8652
1802,8684
2137,8716
2375,8748
2181,8780
1947,8812
1660,8844
986,8876
1192,8908
924,8940
720,8972
460,9004
202,9036
249,9068
443,9100
320,9132
908,9164
779,9196
999,9228
1225,9260
1454,9292
1749,9324
1852,9356
1674,9388
1480,9420
1208,9452
1020,9484
1149,9516
570,9548
695,9580
29,9612
219,9644
331,9676
203,9708
783,9740
1018,9772
922,9804
1468,9836
1672,9868
1993,9900
2137,9932
1790,9964
1993,9996
1322,10028
1133,10060
1280,10092
680,10124
454,10156
567,10188
16,10220
101,10252
0,10284
283,10316
426,10348
687,10380
1388,10412
1136,10444
1420,10476
2027,10508
1882,10540
1819,10572
1916,10604
1342,10636
1529,10668
890,10700
1069,10732
791,10764
490,10796
331,10828
184,10860
445,10892
648,10924
877,10956
1100,10988
1328,11020
1530,11052
1801,11084
2000,11116
1867,11148
2043,11180
1439,11212
1270,11244
984,11276
813,11308
631,11340
362,11372
171,11404
0,11436
0,11468
187,11500
330,11532
637,11564
1215,11596
1053,11628
1679,11660
1887,11692
1787,11724
2283,11756
2009,11788
1483,11820
1532,11852
1305,11884
1151,11916
473,11948
253,11980
430,12012
0,12044
0,12076
510,12108
408,12140
972,12172
828,12204
1130,12236
1279,12268
1516,12300
2280,12332
1800,12364
1593,12396
1851,12428
1128,12460
951,12492
1082,12524
492,12556
667,12588
43,12620
211,12652
447,12684
559,12716
911,12748
1096,12780
1309,12812
1550,12844
1742,12876
2014,12908
2208,12940
2105,12972
1903,13004
1631,13036
1050,13068
1167,13100
599,13132
364,13164
141,13196
0,13228
0,13260
42,13292
325,13324
583,13356
775,13388
1034,13420
1627,13452
1495,13484
2103,13516
1866,13548
2139,13580
1871,13612
1261,13644
1401,13676
1177,13708
631,13740
714,13772
446,13804
0,13836
223,13868
95,13900
731,13932
542,13964
808,13996
1416,14028
1257,14060
1880,14092
2080,14124
1880,14156
1998,14188
1386,14220
1239,14252
923,14284
732,14316
973,14348
281,14380
102,14412
217,14444
1,14476
231,14508
455,14540
679,14572
1308,14604
1454,14636
1775,14668
1977,14700
2251,14732
2249,14764
1964,14796
1767,14828
1488,14860
1261,14892
1024,14924
798,14956
544,14988
344,15020
87,15052
0,15084
556,15116
442,15148
714,15180
890,15212
1174,15244
1436,15276
1626,15308
1911,15340
1833,15372
1597,15404
1367,15436
1040,15468
908,15500
1040,15532
412,15564
575,15596
315,15628
0,15660
441,15692
637,15724
857,15756
1085,15788
1320,15820
1628,15852
1392,15884
1630,15916
2299,15948
1674,15980
1865,16012
1594,16044
1016,16076
838,16108
536,16140
378,16172
76,16204
0,16236
360,16268
91,16300
356,16332
1051,16364
805,16396
1078,16428
1258,16460
1533,16492
2190,16524
2264,16556
2120,16588
1885,16620
1643,16652
1415,16684
1134,16716
893,16748
680,16780
406,16812
212,16844
302,16876
505,16908
761,16940
958,16972
830,17004
1417,17036
1278,17068
2043,17100
1743,17132
1798,17164
1614,17196
1324,17228
1156,17260
968,17292
698,17324
511,17356
633,17388
57,17420
171,17452
0,17484
637,17516
844,17548
717,17580
1305,17612
1534,17644
1721,17676
1998,17708
2202,17740
2205,17772
1884,17804
1264,17836
1456,17868
811,17900
620,17932
776,17964
168,17996
0,18028
171,18060
72,18092
634,18124
490,18156
793,18188
939,18220
1200,18252
1927,18284
2079,18316
1946,18348
2135,18380
1514,18412
1291,18444
1376,18476
830,18508
1006,18540
379,18572
555,18604
269,18636
331,18668
511,18700
702,18732
969,18764
1166,18796
1390,18828
1626,18860
1856,18892
2062,18924
2255,18956
1980,18988
1384,19020
1514,19052
926,19084
758,19116
475,19148
300,19180
119,19212
0,19244
24,19276
249,19308
472,19340
699,19372
829,19404
1149,19436
1753,19468
1576,19500
2215,19532
2223,19564
1944,19596
1751,19628
1471,19660
967,19692
1016,19724
793,19756
635,19788
0,19820
0,19852
393,19884
204,19916
462,19948
1036,19980
912,20012
1485,20044
1352,20076
1654,20108
1806,20140
1736,20172
2024,20204
1767,20236
1070,20268
1321,20300
616,20332
440,20364
558,20396
0,20428
269,20460
117,20492
733,20524
971,20556
1080,20588
1431,20620
1612,20652
1839,20684
2088,20716
2272,20748
2112,20780
1840,20812
1567,20844
1373,20876
1113,20908
539,20940
653,20972
89,21004
0,21036
0,21068
106,21100
376,21132
552,21164
827,21196
1095,21228
1287,21260
1559,21292
2155,21324
1948,21356
2091,21388
1384,21420
1611,21452
1343,21484
1101,21516
879,21548
652,21580
119,21612
188,21644
286,21676
599,21708
736,21740
604,21772
1246,21804
1051,21836
1320,21868
1950,21900
1784,21932
2217,21964
1946,21996
1354,22028
1469,22060
876,22092
719,22124
892,22156
228,22188
457,22220
0,22252
60,22284
635,22316
508,22348
744,22380
966,22412
1191,22444
1836,22476
1982,22508
2312,22540
2187,22572
1997,22604
1711,22636
1434,22668
1231,22700
972,22732
745,22764
510,22796
287,22828
156,22860
415,22892
616,22924
492,22956
1072,22988
944,23020
1224,23052
1404,23084
1690,23116
1963,23148
1734,23180
1533,23212
1309,23244
1083,23276
855,23308
538,23340
397,23372
528,23404
250,23436
301,23468
496,23500
413,23532
959,23564
1148,23596
1097,23628
1610,23660
1848,23692
2159,23724
1840,23756
1614,23788
1815,23820
1150,23852
1338,23884
1080,23916
505,23948
328,23980
28,24012
0,24044
396,24076
156,24108
878,24140
603,24172
868,24204
1575,24236
1318,24268
1606,24300
1784,24332
1868,24364
2059,24396
1736,24428
1581,24460
1355,24492
1117,24524
895,24556
618,24588
381,24620
164,24652
364,24684
632,24716
824,24748
1017,24780
1273,24812
1472,24844
1344,24876
1945,24908
1806,24940
1736,24972
1499,25004
1270,25036
1096,25068
822,25100
645,25132
458,25164
199,25196
8,25228
0,25260
135,25292
711,25324
892,25356
1161,25388
1359,25420
1227,25452
1823,25484
2072,25516
1964,25548
2096,25580
1823,25612
1673,25644
1355,25676
758,25708
942,25740
301,25772
111,25804
253,25836
0,25868
136,25900
696,25932
574,25964
855,25996
1004,26028
1303,26060
1454,26092
1723,26124
2377,26156
1643,26188
1463,26220
1593,26252
1001,26284
779,26316
862,26348
317,26380
491,26412
0,26444
397,26476
571,26508
857,26540
1037,26572
1224,26604
1484,26636
1688,26668
1918,26700
2154,26732
2189,26764
1928,26796
1724,26828
1454,26860
872,26892
992,26924
424,26956
248,26988
0,27020
0,27052
77,27084
264,27116
535,27148
1016,27180
983,27212
1211,27244
1806,27276
1675,27308
2283,27340
1784,27372
1963,27404
1695,27436
1132,27468
1227,27500
957,27532
457,27564
502,27596
270,27628
238,27660
46,27692
266,27724
904,27756
716,27788
975,27820
1560,27852
1432,27884
1719,27916
1870,27948
1752,27980
1435,28012
1212,28044
1485,28076
762,28108
558,28140
799,28172
106,28204
0,28236
296,28268
169,28300
795,28332
628,28364
1257,28396
1485,28428
1598,28460
1961,28492
2142,28524
1852,28556
2062,28588
1786,28620
1584,28652
1312,28684
1052,28716
859,28748
600,28780
28,28812
137,28844
0,28876
156,28908
380,28940
613,28972
888,29004
1064,29036
1339,29068
1885,29100
2200,29132
1895,29164
2023,29196
1420,29228
1550,29260
872,29292
1083,29324
831,29356
247,29388
364,29420
152,29452
83,29484
617,29516
810,29548
1113,29580
1259,29612
1117,29644
1771,29676
1577,29708
1850,29740
2168,29772
1520,29804
1300,29836
1420,29868
842,29900
954,29932
363,29964
205,29996
0,30028
0,30060
536,30092
296,30124
570,30156
1149,30188
1019,30220
1255,30252
1480,30284
1719,30316
2365,30348
2078,30380
1941,30412
1657,30444
1341,30476
1183,30508
918,30540
718,30572
460,30604
224,30636
248,30668
478,30700
671,30732
936,30764
1130,30796
1001,30828
1595,30860
1464,30892
1752,30924
1848,30956
1674,30988
1479,31020
1206,31052
1019,31084
793,31116
568,31148
333,31180
28,31212
0,31244
361,31276
214,31308
823,31340
1019,31372
924,31404
1471,31436
1676,31468
1613,31500
2138,31532
2175,31564
2025,31596
1322,31628
1098,31660
1288,31692
646,31724
447,31756
560,31788
4,31820
0,31852
0,31884
284,31916
429,31948
667,31980
1390,32012
1111,32044
1380,32076
2105,32108
1837,32140
1806,32172
1530,32204
1340,32236
1525,32268
1208,32300
1065,32332
839,32364
488,32396
377,32428
232,32460
448,32492
696,32524
876,32556
1146,32588
1336,32620
1531,32652
1801,32684
2009,32716
1868,32748
2040,32780
1440,32812
1210,32844
974,32876
758,32908
588,32940
302,32972
132,33004
0,33036
0,33068
188,33100
332,33132
640,33164
1227,33196
1000,33228
1687,33260
1895,33292
1751,33324
2271,33356
2042,33388
1479,33420
1567,33452
1306,33484
1146,33516
841,33548
252,33580
427,33612
0,33644
0,33676
558,33708
412,33740
636,33772
1210,33804
1096,33836
1672,33868
1518,33900
1832,33932
1786,33964
1583,33996
1847,34028
1126,34060
940,34092
1079,34124
491,34156
267,34188
348,34220
0,34252
459,34284
592,34316
921,34348
1087,34380
1371,34412
1561,34444
1750,34476
2013,34508
2218,34540
2138,34572
1896,34604
1660,34636
1400,34668
1199,34700
938,34732
363,34764
479,34796
0,34828
0,34860
47,34892
318,34924
585,34956
776,34988
1047,35020
1534,35052
1497,35084
1735,35116
1870,35148
1768,35180
1913,35212
1262,35244
1433,35276
1164,35308
621,35340
717,35372
444,35404
0,35436
233,35468
462,35500
764,35532
552,35564
779,35596
1421,35628
1229,35660
1486,35692
2090,35724
1870,35756
1994,35788
1387,35820
1236,35852
912,35884
700,35916
971,35948
237,35980
56,36012
271,36044
0,36076
236,36108
812,36140
680,36172
1319,36204
1454,36236
1785,36268
2025,36300
2124,36332
2295,36364
2000,36396
1759,36428
1532,36460
1260,36492
1066,36524
798,36556
544,36588
333,36620
87,36652
0,36684
558,36716
442,36748
666,36780
888,36812
1116,36844
1402,36876
1580,36908
1869,36940
2096,36972
1548,37004
1357,37036
1495,37068
904,37100
1035,37132
362,37164
567,37196
313,37228
0,37260
443,37292
672,37324
587,37356
1130,37388
1312,37420
1639,37452
1784,37484
1641,37516
2303,37548
1664,37580
1466,37612
1630,37644
1008,37676
1152,37708
896,37740
340,37772
441,37804
0,37836
0,37868
94,37900
360,37932
1054,37964
1209,37996
1080,38028
1685,38060
1544,38092
1774,38124
2255,38156
1689,38188
1880,38220
1551,38252
1407,38284
1131,38316
943,38348
669,38380
408,38412
205,38444
312,38476
541,38508
750,38540
989,38572
1191,38604
1116,38636
1656,38668
1516,38700
2120,38732
1791,38764
1608,38796
1323,38828
1149,38860
957,38892
694,38924
509,38956
285,38988
55,39020
0,39052
1,39084
310,39116
887,39148
718,39180
1337,39212
1536,39244
1724,39276
2007,39308
2205,39340
1833,39372
1882,39404
1648,39436
1496,39468
809,39500
585,39532
768,39564
134,39596
299,39628
172,39660
74,39692
346,39724
494,39756
796,39788
941,39820
1178,39852
1927,39884
2139,39916
1898,39948
2201,39980
1464,40012
1288,40044
1416,40076
828,40108
1003,40140
686,40172
542,40204
315,40236
347,40268
573,40300
750,40332
969,40364
1210,40396
1392,40428
1662,40460
1866,40492
2063,40524
1901,40556
1981,40588
1385,40620
1504,40652
922,40684
696,40716
473,40748
250,40780
76,40812
0,40844
0,40876
248,40908
429,40940
698,40972
841,41004
1151,41036
1752,41068
1518,41100
2219,41132
2104,41164
1978,41196
1741,41228
1516,41260
956,41292
1050,41324
792,41356
633,41388
329,41420
0,41452
392,41484
207,41516
471,41548
1079,41580
922,41612
1150,41644
1737,41676
1608,41708
2192,41740
1728,41772
1579,41804
1758,41836
1067,41868
1307,41900
617,41932
436,41964
557,41996
0,42028
0,42060
428,42092
347,42124
973,42156
795,42188
1435,42220
1615,42252
1899,42284
2089,42316
2272,42348
2109,42380
1838,42412
1610,42444
1034,42476
1145,42508
876,42540
681,42572
425,42604
0,42636
217,42668
107,42700
379,42732
556,42764
829,42796
1101,42828
1290,42860
1562,42892
2063,42924
1946,42956
1708,42988
1386,43020
1243,43052
1375,43084
1101,43116
907,43148
654,43180
109,43212
187,43244
298,43276
251,43308
749,43340
976,43372
1288,43404
1054,43436
1290,43468
1949,43500
1755,43532
1817,43564
1946,43596
1352,43628
1466,43660
872,43692
714,43724
891,43756
198,43788
445,43820
0,43852
24,43884
703,43916
470,43948
744,43980
1326,44012
1192,44044
1849,44076
1656,44108
2316,44140
2233,44172
1866,44204
1757,44236
1471,44268
1239,44300
1016,44332
744,44364
140,44396
282,44428
155,44460
423,44492
620,44524
494,44556
1072,44588
952,44620
1180,44652
1402,44684
1642,44716
1927,44748
1674,44780
1485,44812
1567,44844
1034,44876
844,44908
969,44940
392,44972
520,45004
238,45036
301,45068
505,45100
380,45132
959,45164
1193,45196
1096,45228
1656,45260
1850,45292
2169,45324
2231,45356
1614,45388
1815,45420
1147,45452
953,45484
1112,45516
495,45548
638,45580
382,45612
0,45644
16,45676
158,45708
456,45740
604,45772
860,45804
1575,45836
1320,45868
1596,45900
2205,45932
1865,45964
1639,45996
1402,46028
1163,46060
1349,46092
1034,46124
889,46156
617,46188
427,46220
165,46252
374,46284
219,46316
826,46348
1052,46380
1278,46412
1514,46444
1720,46476
1981,46508
2189,46540
1728,46572
1864,46604
1260,46636
1096,46668
812,46700
644,46732
455,46764
184,46796
2,46828
0,46860
136,46892
363,46924
937,46956
812,46988
1401,47020
1238,47052
1867,47084
2073,47116
1976,47148
2095,47180
1823,47212
1303,47244
1354,47276
1129,47308
970,47340
300,47372
75,47404
251,47436
0,47468
503,47500
698,47532
587,47564
860,47596
1005,47628
1308,47660
1456,47692
1702,47724
2382,47756
1608,47788
1406,47820
1661,47852
952,47884
776,47916
504,47948
315,47980
491,48012
168,48044
396,48076
633,48108
857,48140
1085,48172
1270,48204
1068,48236
1738,48268
1920,48300
2200,48332
2190,48364
1920,48396
1719,48428
1451,48460
863,48492
990,48524
415,48556
196,48588
0,48620
0,48652
44,48684
218,48716
490,48748
761,48780
951,48812
1213,48844
1813,48876
1675,48908
2281,48940
1734,48972
1959,49004
1691,49036
1095,49068
1225,49100
990,49132
453,49164
538,49196
269,49228
249,49260
407,49292
268,49324
907,49356
715,49388
976,49420
1600,49452
1435,49484
1672,49516
2264,49548
1694,49580
1820,49612
1211,49644
1053,49676
750,49708
559,49740
795,49772
108,49804
0,49836
297,49868
170,49900
407,49932
942,49964
856,49996
1493,50028
1307,50060
1963,50092
2153,50124
2218,50156
2061,50188
1774,50220
1581,50252
1310,50284
1082,50316
856,50348
623,50380
365,50412
158,50444
282,50476
167,50508
731,50540
616,50572
888,50604
1065,50636
1341,50668
1623,50700
1814,50732
1882,50764
1645,50796
1415,50828
1181,50860
872,50892
731,50924
859,50956
248,50988
391,51020
153,51052
87,51084
622,51116
812,51148
763,51180
1262,51212
1499,51244
1808,51276
1579,51308
1808,51340
2159,51372
1486,51404
1293,51436
1418,51468
840,51500
952,51532
361,51564
214,51596
0,51628
0,51660
539,51692
269,51724
524,51756
1227,51788
972,51820
1254,51852
1856,51884
1718,51916
2376,51948
1752,51980
1932,52012
1703,52044
1340,52076
1229,52108
968,52140
717,52172
494,52204
224,52236
286,52268
478,52300
680,52332
939,52364
1132,52396
1004,52428
1598,52460
1467,52492
1702,52524
1838,52556
1610,52588
1433,52620
1147,52652
974,52684
792,52716
523,52748
343,52780
446,52812
0,52844
363,52876
164,52908
824,52940
1019,52972
891,53004
1481,53036
1712,53068
1613,53100
2186,53132
2173,53164
1472,53196
1705,53228
1096,53260
1277,53292
636,53324
441,53356
600,53388
2,53420
141,53452
361,53484
247,53516
800,53548
668,53580
968,53612
1114,53644
1384,53676
2106,53708
1838,53740
1814,53772
1945,53804
1336,53836
1115,53868
887,53900
653,53932
839,53964
509,53996
366,54028
235,54060
507,54092
699,54124
888,54156
1145,54188
1338,54220
1568,54252
1807,54284
2044,54316
2248,54348
2064,54380
1816,54412
1200,54444
1327,54476
759,54508
585,54540
304,54572
124,54604
0,54636
0,54668
191,54700
421,54732
648,54764
877,54796
1004,54828
1325,54860
1935,54892
1752,54924
2303,54956
2041,54988
1469,55020
1565,55052
1295,55084
1064,55116
832,55148
608,55180
446,55212
0,55244
0,55276
570,55308
380,55340
1017,55372
1227,55404
1097,55436
1370,55468
1520,55500
1836,55532
1775,55564
1560,55596
1847,55628
1087,55660
894,55692
1145,55724
452,55756
262,55788
3,55820
0,55852
459,55884
602,55916
921,55948
1147,55980
1371,56012
1613,56044
1792,56076
2023,56108
2270,56140
2136,56172
1932,56204
1662,56236
1391,56268
1195,56300
928,56332
363,56364
474,56396
0,56428
0,56460
46,56492
280,56524
553,56556
729,56588
1002,56620
1272,56652
1463,56684
1737,56716
2345,56748
1767,56780
1901,56812
1207,56844
1423,56876
1167,56908
574,56940
715,56972
476,57004
204,57036
271,57068
471,57100
765,57132
927,57164
783,57196
1423,57228
1232,57260
1499,57292
2128,57324
1869,57356
1641,57388
1760,57420
1176,57452
1293,57484
700,57516
551,57548
234,57580
46,57612
267,57644
357,57676
234,57708
813,57740
691,57772
919,57804
1464,57836
1371,57868
2024,57900
1835,57932
2295,57964
1999,57996
1817,58028
1527,58060
1258,58092
1063,58124
798,58156
570,58188
332,58220
123,58252
345,58284
591,58316
792,58348
670,58380
1247,58412
1119,58444
1404,58476
1578,58508
1868,58540
1821,58572
1550,58604
1356,58636
1129,58668
903,58700
670,58732
359,58764
221,58796
336,58828
0,58860
476,58892
685,58924
862,58956
1133,58988
1326,59020
1271,59052
1789,59084
2028,59116
2346,59148
1661,59180
1434,59212
1630,59244
974,59276
781,59308
894,59340
331,59372
428,59404
0,59436
0,59468
106,59500
332,59532
1063,59564
1261,59596
1037,59628
1755,59660
1486,59692
1782,59724
2298,59756
1688,59788
1868,59820
1226,59852
1403,59884
1177,59916
824,59948
713,59980
440,60012
189,60044
350,60076
540,60108
808,60140
1002,60172
1193,60204
1451,60236
1657,60268
1518,60300
2124,60332
1785,60364
1548,60396
1322,60428
1094,60460
918,60492
644,60524
460,60556
279,60588
18,60620
0,60652
423,60684
311,60716
889,60748
668,60780
1341,60812
1547,60844
1770,60876
2009,60908
2250,60940
1821,60972
1914,61004
1644,61036
1494,61068
1180,61100
576,61132
765,61164
126,61196
0,61228
219,61260
79,61292
671,61324
878,61356
755,61388
1324,61420
1179,61452
1485,61484
2151,61516
1902,61548
2190,61580
1456,61612
1284,61644
1415,61676
824,61708
599,61740
376,61772
151,61804
311,61836
254,61868
584,61900
761,61932
1033,61964
1213,61996
1402,62028
1673,62060
1870,62092
2106,62124
2240,62156
2013,62188
1740,62220
1535,62252
1276,62284
698,62316
816,62348
240,62380
72,62412
0,62444
0,62476
251,62508
442,62540
702,62572
937,62604
1160,62636
1387,62668
1528,62700
1855,62732
2253,62764
1976,62796
1775,62828
1513,62860
956,62892
1049,62924
780,62956
283,62988
320,63020
117,63052
425,63084
208,63116
443,63148
1085,63180
892,63212
1533,63244
1738,63276
1612,63308
1898,63340
1727,63372
1564,63404
1756,63436
1038,63468
1308,63500
574,63532
382,63564
621,63596
0,63628
0,63660
76,63692
350,63724
973,63756
1118,63788
1435,63820
1664,63852
1901,63884
2143,63916
2328,63948
2107,63980
1882,64012
1608,64044
1404,64076
1142,64108
876,64140
681,64172
423,64204
0,64236
222,64268
108,64300
344,64332
558,64364
782,64396
1065,64428
1238,64460
1518,64492
1801,64524
1897,64556
1705,64588
1382,64620
1241,64652
1373,64684
1101,64716
903,64748
652,64780
62,64812
173,64844
345,64876
252,64908
794,64940
984,64972
1289,65004
1439,65036
1293,65068
1951,65100
1758,65132
1819,65164
1981,65196
1658,65228
1118,65260
1241,65292
666,65324
489,65356
189,65388
28,65420
0,65452
26,65484
716,65516
472,65548
746,65580
1337,65612
1204,65644
1420,65676
1991,65708
1897,65740
2219,65772
1565,65804
1757,65836
1469,65868
1285,65900
1005,65932
736,65964
541,65996
280,66028
191,66060
416,66092
656,66124
854,66156
1112,66188
1308,66220
1179,66252
1773,66284
1645,66316
1932,66348
1672,66380
1485,66412
1292,66444
1032,66476
843,66508
876,66540
391,66572
157,66604
269,66636
0,66668
541,66700
388,66732
991,66764
1197,66796
1099,66828
1659,66860
1854,66892
1801,66924
2232,66956
1999,66988
1837,67020
1146,67052
921,67084
1103,67116
461,67148
271,67180
380,67212
0,67244
17,67276
168,67308
457,67340
607,67372
840,67404
1577,67436
1291,67468
1552,67500
2287,67532
1808,67564
1628,67596
1768,67628
1164,67660
1339,67692
712,67724
888,67756
663,67788
314,67820
221,67852
412,67884
222,67916
874,67948
1054,67980
1322,68012
1518,68044
1712,68076
1991,68108
2185,68140
1724,68172
1854,68204
1261,68236
1034,68268
808,68300
586,68332
411,68364
134,68396
0,68428
166,68460
104,68492
375,68524
941,68556
823,68588
1405,68620
1178,68652
1878,68684
2077,68716
1933,68748
2093,68780
1866,68812
1303,68844
1392,68876
1128,68908
971,68940
664,68972
74,69004
248,69036
0,69068
139,69100
736,69132
585,69164
812,69196
1386,69228
1270,69260
1850,69292
1705,69324
1919,69356
1608,69388
1404,69420
1659,69452
944,69484
772,69516
901,69548
314,69580
91,69612
0,69644
16,69676
635,69708
777,69740
1097,69772
1273,69804
1424,69836
1737,69868
1930,69900
2201,69932
2188,69964
1950,69996
1710,70028
1482,70060
1216,70092
1017,70124
763,70156
190,70188
303,70220
0,70252
46,70284
219,70316
496,70348
761,70380
952,70412
1224,70444
1449,70476
1687,70508
1915,70540
1723,70572
1590,70604
1725,70636
1085,70668
1247,70700
991,70732
445,70764
523,70796
265,70828
0,70860
411,70892
640,70924
941,70956
720,70988
952,71020
1608,71052
1406,71084
1674,71116
2270,71148
1702,71180
1511,71212
1209,71244
1050,71276
746,71308
522,71340
793,71372
75,71404
0,71436
373,71468
136,71500
410,71532
586,71564
859,71596
1499,71628
1642,71660
1963,71692
2205,71724
2208,71756
2109,71788
1820,71820
1577,71852
1344,71884
1082,71916
888,71948
624,71980
365,72012
155,72044
283,72076
171,72108
734,72140
620,72172
841,72204
1067,72236
1295,72268
1577,72300
1766,72332
1835,72364
1641,72396
1370,72428
1181,72460
861,72492
730,72524
857,72556
196,72588
381,72620
165,72652
53,72684
619,72716
848,72748
763,72780
1306,72812
1503,72844
1818,72876
1975,72908
1820,72940
2157,72972
1484,73004
1291,73036
1450,73068
837,73100
615,73132
728,73164
154,73196
264,73228
0,73260
125,73292
266,73324
536,73356
1227,73388
984,73420
1258,73452
1862,73484
1721,73516
1959,73548
2074,73580
1512,73612
1691,73644
1369,73676
1229,73708
951,73740
777,73772
489,73804
218,73836
285,73868
480,73900
717,73932
942,73964
1175,73996
1369,74028
1626,74060
1836,74092
1704,74124
2207,74156
1609,74188
1424,74220
1146,74252
970,74284
791,74316
520,74348
330,74380
362,74412
0,74444
26,74476
166,74508
477,74540
1065,74572
901,74604
1517,74636
1723,74668
1625,74700
2187,74732
2173,74764
1643,74796
1696,74828
1469,74860
1310,74892
638,74924
411,74956
588,74988
0,75020
0,75052
360,75084
249,75116
812,75148
669,75180
972,75212
1116,75244
1355,75276
2110,75308
1816,75340
1756,75372
2013,75404
1289,75436
1112,75468
1240,75500
652,75532
827,75564
508,75596
363,75628
295,75660
400,75692
761,75724
924,75756
1150,75788
1388,75820
1578,75852
1852,75884
2046,75916
2251,75948
2064,75980
1800,76012
1200,76044
1326,76076
750,76108
522,76140
298,76172
74,76204
0,76236
0,76268
156,76300
684,76332
617,76364
884,76396
1463,76428
1336,76460
1943,76492
1702,76524
2311,76556
2041,76588
1431,76620
1563,76652
1336,76684
792,76716
874,76748
607,76780
459,76812
139,76844
0,76876
571,76908
384,76940
647,76972
1258,77004
1098,77036
1711,77068
1916,77100
1789,77132
2168,77164
1551,77196
1399,77228
1004,77260
892,77292
1133,77324
827,77356
264,77388
379,77420
0,77452
71,77484
605,77516
523,77548
1148,77580
1290,77612
1614,77644
1801,77676
2087,77708
2269,77740
2126,77772
1929,77804
1658,77836
1422,77868
1192,77900
960,77932
700,77964
184,77996
239,78028
0,78060
397,78092
283,78124
556,78156
720,78188
1006,78220
1275,78252
1466,78284
1742,78316
1979,78348
1756,78380
1529,78412
1198,78444
1068,78476
1198,78508
580,78540
733,78572
475,78604
201,78636
283,78668
473,78700
429,78732
928,78764
1162,78796
1465,78828
1231,78860
1469,78892
2139,78924
1836,78956
2027,78988
1758,79020
1176,79052
989,79084
697,79116
539,79148
234,79180
21,79212
265,79244
407,79276
200,79308
891,79340
638,79372
920,79404
1514,79436
1372,79468
2029,79500
2170,79532
2282,79564
2045,79596
1805,79628
1579,79660
1296,79692
1053,79724
832,79756
572,79788
366,79820
126,79852
345,79884
279,79916
795,79948
680,79980
1247,80012
1129,80044
1354,80076
1582,80108
1818,80140
1775,80172
1483,80204
1307,80236
1127,80268
857,80300
670,80332
360,80364
215,80396
332,80428
0,80460
487,80492
685,80524
909,80556
1145,80588
1373,80620
1274,80652
1838,80684
2031,80716
2349,80748
2047,80780
1432,80812
1628,80844
971,80876
776,80908
938,80940
328,80972
102,81004
206,81036
0,81068
471,81100
332,81132
635,81164
1261,81196
1040,81228
1757,81260
1496,81292
1784,81324
2295,81356
1686,81388
1451,81420
1536,81452
986,81484
1175,81516
535,81548
713,81580
437,81612
238,81644
351,81676
552,81708
811,81740
1004,81772
1228,81804
1129,81836
1692,81868
1899,81900
2169,81932
2152,81964
1548,81996
1678,82028
1087,82060
910,82092
636,82124
462,82156
279,82188
16,82220
0,82252
344,82284
312,82316
539,82348
680,82380
987,82412
1593,82444
1771,82476
2047,82508
2255,82540
1819,82572
1915,82604
1644,82636
1127,82668
1180,82700
952,82732
796,82764
111,82796
0,82828
216,82860
47,82892
311,82924
874,82956
762,82988
1323,83020
1183,83052
1493,83084
2151,83116
1880,83148
2199,83180
1423,83212
1226,83244
1481,83276
775,83308
598,83340
720,83372
148,83404
308,83436
0,83468
574,83500
811,83532
911,83564
1275,83596
1450,83628
1673,83660
1916,83692
2110,83724
1836,83756
2010,83788
1740,83820
1533,83852
1274,83884
688,83916
815,83948
239,83980
19,84012
0,84044
0,84076
216,84108
392,84140
667,84172
1199,84204
1127,84236
1388,84268
1993,84300
1863,84332
2251,84364
1967,84396
1774,84428
1503,84460
909,84492
1039,84524
824,84556
269,84588
362,84620
122,84652
429,84684
588,84716
447,84748
1084,84780
893,84812
1159,84844
1784,84876
1613,84908
2240,84940
2112,84972
1514,85004
1333,85036
1024,85068
876,85100
573,85132
380,85164
620,85196
0,85228
0,85260
475,85292
356,85324
587,85356
808,85388
1024,85420
1675,85452
1817,85484
2153,85516
2331,85548
2167,85580
1871,85612
1596,85644
975,85676
1132,85708
904,85740
672,85772
446,85804
186,85836
253,85868
458,85900
346,85932
908,85964
792,85996
1068,86028
1242,86060
1527,86092
1799,86124
1897,86156
1703,86188
1469,86220
1240,86252
1005,86284
1135,86316
555,86348
682,86380
70,86412
203,86444
345,86476
264,86508
795,86540
990,86572
935,86604
1439,86636
1672,86668
1996,86700
1757,86732
1775,86764
1982,86796
1309,86828
1497,86860
1230,86892
656,86924
488,86956
186,86988
29,87020
0,87052
3,87084
717,87116
443,87148
700,87180
1413,87212
1149,87244
1434,87276
1614,87308
1897,87340
2219,87372
1888,87404
1754,87436
1517,87468
1275,87500
1055,87532
778,87564
127,87596
316,87628
202,87660
462,87692
666,87724
859,87756
1115,87788
1309,87820
1181,87852
1775,87884
1645,87916
1882,87948
1661,87980
1435,88012
1255,88044
968,88076
796,88108
605,88140
349,88172
156,88204
269,88236
0,88268
550,88300
342,88332
1002,88364
1199,88396
1067,88428
1663,88460
1900,88492
1802,88524
2266,88556
1995,88588
1837,88620
1517,88652
912,88684
1101,88716
457,88748
268,88780
416,88812
0,88844
0,88876
538,88908
414,88940
986,88972
846,89004
1146,89036
1293,89068
1562,89100
2295,89132
1803,89164
1626,89196
1757,89228
1160,89260
1161,89292
1021,89324
475,89356
651,89388
27,89420
219,89452
411,89484
575,89516
875,89548
1064,89580
1325,89612
1516,89644
1757,89676
1992,89708
2221,89740
2092,89772
1886,89804
1616,89836
1021,89868
1148,89900
574,89932
408,89964
125,89996
0,90028
0,90060
106,90092
375,90124
601,90156
824,90188
1051,90220
1194,90252
1512,90284
2121,90316
1930,90348
2127,90380
1855,90412
1290,90444
1387,90476
1120,90508
615,90540
664,90572
439,90604
280,90636
0,90668
109,90700
734,90732
557,90764
824,90796
1390,90828
1272,90860
1852,90892
1709,90924
1914,90956
1598,90988
1381,91020
1655,91052
907,91084
717,91116
968,91148
264,91180
89,91212
199,91244
16,91276
636,91308
471,91340
1111,91372
1325,91404
1435,91436
1801,91468
1980,91500
2202,91532
2232,91564
1948,91596
1752,91628
1472,91660
1215,91692
1018,91724
752,91756
184,91788
298,91820
0,91852
8,91884
231,91916
456,91948
731,91980
904,92012
1178,92044
1451,92076
1643,92108
1916,92140
2185,92172
1579,92204
1723,92236
1033,92268
1243,92300
987,92332
397,92364
527,92396
298,92428
0,92460
447,92492
649,92524
496,92556
1097,92588
954,92620
1608,92652
1408,92684
1678,92716
2314,92748
1688,92780
1852,92812
1582,92844
1000,92876
1112,92908
512,92940
364,92972
59,93004
0,93036
376,93068
139,93100
408,93132
989,93164
870,93196
1095,93228
1320,93260
1545,93292
2206,93324
2248,93356
2107,93388
1819,93420
1625,93452
1341,93484
1080,93516
887,93548
620,93580
394,93612
152,93644
316,93676
512,93708
777,93740
970,93772
846,93804
1435,93836
1305,93868
1590,93900
1767,93932
1834,93964
1643,93996
1369,94028
1178,94060
951,94092
727,94124
503,94156
186,94188
45,94220
199,94252
52,94284
663,94316
862,94348
767,94380
1311,94412
1502,94444
1739,94476
1978,94508
2216,94540
2188,94572
1484,94604
1256,94636
1449,94668
804,94700
972,94732
720,94764
155,94796
0,94828
0,94860
122,94892
272,94924
504,94956
1239,94988
954,95020
1214,95052
1933,95084
1674,95116
1963,95148
1700,95180
1498,95212
1688,95244
1368,95276
1223,95308
990,95340
761,95372
537,95404
252,95436
297,95468
528,95500
716,95532
984,95564
1176,95596
1372,95628
1640,95660
1837,95692
1704,95724
2202,95756
1607,95788
1372,95820
1144,95852
910,95884
744,95916
460,95948
296,95980
104,96012
0,96044
39,96076
605,96108
487,96140
1068,96172
846,96204
1518,96236
1724,96268
1581,96300
2191,96332
2206,96364
1931,96396
1736,96428
1463,96460
1309,96492
1002,96524
399,96556
588,96588
0,96620
0,96652
399,96684
262,96716
478,96748
1051,96780
924,96812
1500,96844
1359,96876
1661,96908
1818,96940
1752,96972
2007,97004
1695,97036
1100,97068
1239,97100
648,97132
424,97164
508,97196
0,97228
295,97260
135,97292
759,97324
937,97356
1209,97388
1398,97420
1578,97452
1853,97484
2048,97516
2288,97548
2060,97580
1824,97612
1566,97644
1356,97676
1096,97708
512,97740
638,97772
74,97804
0,97836
0,97868
158,97900
428,97932
616,97964
887,97996
1113,98028
1337,98060
1573,98092
1708,98124
1931,98156
2073,98188
1420,98220
1596,98252
1327,98284
1054,98316
872,98348
602,98380
103,98412
150,98444
311,98476
604,98508
394,98540
619,98572
1261,98604
1066,98636
1327,98668
1920,98700
1789,98732
2158,98764
1549,98796
1396,98828
1072,98860
856,98892
1130,98924
889,98956
207,98988
443,99020
0,99052
74,99084
652,99116
523,99148
1159,99180
972,99212
1622,99244
1853,99276
1962,99308
2329,99340
2172,99372
1929,99404
1696,99436
1416,99468
1226,99500
958,99532
701,99564
493,99596
238,99628
0,99660
397,99692
283,99724
506,99756
731,99788
964,99820
1242,99852
1416,99884
1704,99916
1979,99948
1710,99980
1527,100012
1657,100044
1064,100076
1192,100108
524,100140
728,100172
475,100204
234,100236
283,100268
510,100300
426,100332
972,100364
1164,100396
1469,100428
1624,100460
1480,100492
2142,100524
1835,100556
1630,100588
1792,100620
1167,100652
1320,100684
1064,100716
492,100748
600,100780
11,100812
0,100844
409,100876
200,100908
891,100940
648,100972
922,101004
1517,101036
1372,101068
1613,101100
1844,101132
1851,101164
2043,101196
1712,101228
1575,101260
1291,101292
576,101324
831,101356
566,101388
365,101420
140,101452
380,101484
602,101516
830,101548
1023,101580
1280,101612
1485,101644
1358,101676
1959,101708
1821,101740
1776,101772
1481,101804
1306,101836
1127,101868
854,101900
663,101932
441,101964
217,101996
0,102028
0,102060
142,102092
720,102124
905,102156
1177,102188
1373,102220
1277,102252
1836,102284
2041,102316
1979,102348
2041,102380
1818,102412
1657,102444
968,102476
746,102508
927,102540
284,102572
459,102604
204,102636
0,102668
188,102700
345,102732
636,102764
1271,102796
1020,102828
1767,102860
1467,102892
1738,102924
2363,102956
1628,102988
1450,103020
1166,103052
986,103084
1163,103116
844,103148
715,103180
477,103212
244,103244
413,103276
592,103308
809,103340
1050,103372
1238,103404
1498,103436
1696,103468
1898,103500
2171,103532
2142,103564
1535,103596
1676,103628
1084,103660
858,103692
633,103724
410,103756
234,103788
0,103820
0,103852
89,103884
281,103916
542,103948
682,103980
999,104012
1595,104044
1773,104076
2045,104108
2255,104140
1771,104172
1913,104204
1676,104236
1127,104268
1212,104300
951,104332
791,104364
479,104396
0,104428
233,104460
56,104492
315,104524
918,104556
768,104588
987,104620
1568,104652
1446,104684
1735,104716
1883,104748
1737,104780
1418,104812
1228,104844
1479,104876
766,104908
598,104940
719,104972
137,105004
0,105036
268,105068
185,105100
809,105132
637,105164
1273,105196
1453,105228
1735,105260
1918,105292
2120,105324
2269,105356
2008,105388
1772,105420
1530,105452
1296,105484
1038,105516
843,105548
584,105580
12,105612
120,105644
0,105676
228,105708
396,105740
679,105772
939,105804
1128,105836
1399,105868
1898,105900
1865,105932
1870,105964
2011,105996
1403,106028
1547,106060
906,106092
1069,106124
815,106156
279,106188
350,106220
123,106252
93,106284
588,106316
824,106348
1129,106380
896,106412
1132,106444
1787,106476
1593,106508
1855,106540
2106,106572
1512,106604
1334,106636
1024,106668
882,106700
572,106732
348,106764
619,106796
0,106828
0,106860
543,106892
314,106924
586,106956
1166,106988
1034,107020
1678,107052
1496,107084
2152,107116
2391,107148
2028,107180
1927,107212
1632,107244
968,107276
1176,107308
905,107340
712,107372
444,107404
176,107436
265,107468
458,107500
348,107532
911,107564
794,107596
1016,107628
1246,107660
1476,107692
1766,107724
1832,107756
1658,107788
1737,107820
1195,107852
1000,107884
1129,107916
552,107948
678,107980
21,108012
203,108044
347,108076
220,108108
797,108140
1024,108172
940,108204
1485,108236
1690,108268
1997,108300
2152,108332
1776,108364
1967,108396
1306,108428
1112,108460
1264,108492
653,108524
436,108556
542,108588
0,108620
121,108652
6,108684
300,108716
447,108748
711,108780
1406,108812
1163,108844
1435,108876
2043,108908
1910,108940
1799,108972
1560,109004
1325,109036
1501,109068
1191,109100
1053,109132
767,109164
474,109196
313,109228
206,109260
463,109292
666,109324
892,109356
1118,109388
1354,109420
1547,109452
1818,109484
2016,109516
1882,109548
2027,109580
1424,109612
1246,109644
969,109676
796,109708
604,109740
344,109772
153,109804
0,109836
0,109868
205,109900
344,109932
652,109964
1243,109996
1069,110028
1707,110060
1903,110092
1803,110124
2255,110156
1992,110188
1466,110220
1516,110252
1279,110284
1129,110316
448,110348
233,110380
413,110412
0,110444
0,110476
538,110508
430,110540
698,110572
848,110604
1149,110636
1295,110668
1534,110700
2296,110732
1774,110764
1574,110796
1838,110828
1112,110860
926,110892
656,110924
477,110956
653,110988
331,111020
227,111052
471,111084
575,111116
935,111148
1114,111180
1325,111212
1568,111244
1758,111276
2030,111308
2232,111340
2080,111372
1885,111404
1613,111436
1023,111468
1151,111500
575,111532
348,111564
124,111596
0,111628
0,111660
66,111692
331,111724
600,111756
791,111788
1051,111820
1194,111852
1512,111884
2123,111916
1883,111948
2120,111980
1854,112012
1255,112044
1385,112076
1152,112108
615,112140
697,112172
429,112204
265,112236
252,112268
110,112300
748,112332
559,112364
824,112396
1436,112428
1274,112460
1510,112492
2104,112524
1862,112556
1979,112588
1371,112620
1213,112652
906,112684
715,112716
957,112748
266,112780
86,112812
189,112844
19,112876
247,112908
784,112940
697,112972
1326,113004
1470,113036
1801,113068
1983,113100
2267,113132
2221,113164
1944,113196
1741,113228
1480,113260
1242,113292
1018,113324
312,113356
527,113388
329,113420
106,113452
8,113484
573,113516
457,113548
732,113580
911,113612
1191,113644
1463,113676
1646,113708
1928,113740
2088,113772
1578,113804
1351,113836
1021,113868
891,113900
1021,113932
406,113964
555,113996
299,114028
0,114060
459,114092
652,114124
603,114156
1101,114188
1338,114220
1654,114252
1419,114284
1647,114316
2318,114348
1657,114380
1452,114412
1576,114444
998,114476
1112,114508
511,114540
372,114572
58,114604
0,114636
376,114668
108,114700
364,114732
1069,114764
814,114796
1096,114828
1694,114860
1558,114892
2206,114924
2236,114956
2103,114988
1867,115020
1501,115052
1391,115084
1114,115116
889,115148
654,115180
382,115212
184,115244
320,115276
525,115308
778,115340
974,115372
846,115404
1435,115436
1306,115468
1530,115500
1770,115532
1775,115564
1604,115596
1308,115628
1133,115660
1200,115692
683,115724
493,115756
605,115788
42,115820
199,115852
6,115884
662,115916
863,115948
731,115980
1311,116012
1552,116044
1463,116076
2016,116108
2220,116140
2186,116172
1866,116204
1247,116236
1440,116268
795,116300
610,116332
748,116364
151,116396
284,116428
191,116460
90,116492
648,116524
508,116556
812,116588
954,116620
1222,116652
1943,116684
2105,116716
1972,116748
2105,116780
1498,116812
1275,116844
1368,116876
812,116908
989,116940
671,116972
535,117004
253,117036
347,117068
528,117100
718,117132
983,117164
1182,117196
1406,117228
1643,117260
1881,117292
2078,117324
1896,117356
1960,117388
1369,117420
1488,117452
909,117484
744,117516
461,117548
284,117580
103,117612
0,117644
39,117676
269,117708
489,117740
715,117772
846,117804
1163,117836
1771,117868
1592,117900
2233,117932
2205,117964
1930,117996
1727,118028
1456,118060
951,118092
990,118124
768,118156
618,118188
0,118220
0,118252
400,118284
228,118316
857,118348
1052,118380
939,118412
1210,118444
1360,118476
1674,118508
1822,118540
1722,118572
2009,118604
1749,118636
1060,118668
1305,118700
592,118732
424,118764
552,118796
0,118828
295,118860
444,118892
763,118924
989,118956
1209,118988
1449,119020
1632,119052
1853,119084
2106,119116
2288,119148
2104,119180
1824,119212
1560,119244
1028,119276
1099,119308
511,119340
633,119372
63,119404
0,119436
0,119468
118,119500
394,119532
570,119564
843,119596
1113,119628
1303,119660
1575,119692
1710,119724
1930,119756
2064,119788
1368,119820
1595,119852
1325,119884
1086,119916
875,119948
638,119980
93,120012
168,120044
314,120076
603,120108
765,120140
622,120172
1261,120204
1071,120236
1336,120268
1966,120300
1800,120332
1802,120364
1931,120396
1338,120428
1451,120460
856,120492
701,120524
875,120556
204,120588
442,120620
0,120652
82,120684
653,120716
532,120748
761,120780
1306,120812
1208,120844
1863,120876
1672,120908
2332,120940
2169,120972
1977,121004
1693,121036
1416,121068
1213,121100
956,121132
730,121164
182,121196
267,121228
175,121260
432,121292
635,121324
508,121356
1087,121388
960,121420
1244,121452
1418,121484
1707,121516
1981,121548
1710,121580
1516,121612
1551,121644
1063,121676
837,121708
512,121740
380,121772
495,121804
230,121836
318,121868
523,121900
437,121932
973,121964
1168,121996
1117,122028
1630,122060
1865,122092
2185,122124
1834,122156
1608,122188
1788,122220
1131,122252
939,122284
1052,122316
488,122348
592,122380
9,122412
0,122444
411,122476
172,122508
892,122540
620,122572
878,122604
1591,122636
1337,122668
1614,122700
2232,122732
1849,122764
2039,122796
1397,122828
1565,122860
1339,122892
976,122924
875,122956
600,122988
362,123020
184,123052
380,123084
234,123116
842,123148
1035,123180
1290,123212
1487,123244
1360,123276
1962,123308
1832,123340
1718,123372
1480,123404
1246,123436
1077,123468
794,123500
618,123532
695,123564
172,123596
0,123628
265,123660
152,123692
729,123724
919,123756
1179,123788
1376,123820
1243,123852
1839,123884
2090,123916
1991,123948
2080,123980
1806,124012
1657,124044
1340,124076
735,124108
927,124140
285,124172
100,124204
232,124236
0,124268
512,124300
712,124332
596,124364
872,124396
1020,124428
1322,124460
1471,124492
1740,124524
2360,124556
1626,124588
1438,124620
1581,124652
984,124684
763,124716
535,124748
301,124780
475,124812
141,124844
413,124876
591,124908
873,124940
1053,124972
1242,125004
1072,125036
1708,125068
1935,125100
2172,125132
2176,125164
1912,125196
1705,125228
1436,125260
859,125292
975,125324
400,125356
489,125388
0,125420
0,125452
92,125484
282,125516
551,125548
789,125580
999,125612
1228,125644
1833,125676
1691,125708
2301,125740
1772,125772
1935,125804
1677,125836
1115,125868
1209,125900
942,125932
441,125964
478,125996
256,126028
263,126060
59,126092
284,126124
921,126156
743,126188
1371,126220
1568,126252
1448,126284
1736,126316
1896,126348
1736,126380
1419,126412
1194,126444
1469,126476
732,126508
549,126540
781,126572
90,126604
0,126636
0,126668
184,126700
815,126732
959,126764
1275,126796
1501,126828
1740,126860
1979,126892
2166,126924
1833,126956
2044,126988
1760,127020
1568,127052
1304,127084
1038,127116
831,127148
586,127180
9,127212
109,127244
0,127276
174,127308
400,127340
632,127372
907,127404
1080,127436
1356,127468
1631,127500
1821,127532
1867,127564
1997,127596
1399,127628
1532,127660
856,127692
1066,127724
812,127756
231,127788
347,127820
167,127852
91,127884
636,127916
827,127948
1130,127980
1277,128012
1136,128044
1799,128076
1594,128108
1864,128140
2144,128172
1500,128204
1278,128236
1404,128268
824,128300
938,128332
344,128364
187,128396
0,128428
0,128460
556,128492
315,128524
587,128556
1175,128588
1036,128620
1271,128652
1824,128684
1733,128716
2389,128748
1737,128780
1918,128812
1643,128844
1323,128876
1166,128908
896,128940
701,128972
442,129004
217,129036
266,129068
493,129100
696,129132
953,129164
1148,129196
1020,129228
1610,129260
1480,129292
1768,129324
1831,129356
1644,129388
1463,129420
1190,129452
1002,129484
781,129516
551,129548
317,129580
17,129612
0,129644
378,129676
230,129708
843,129740
1040,129772
941,129804
1495,129836
1691,129868
1639,129900
2158,129932
2152,129964
2008,129996
1296,130028
1083,130060
1258,130092
622,130124
427,130156
541,130188
0,130220
123,130252
9,130284
308,130316
456,130348
682,130380
1419,130412
1131,130444
1388,130476
2121,130508
1854,130540
1798,130572
1934,130604
1322,130636
1501,130668
872,130700
1051,130732
815,130764
463,130796
361,130828
250,130860
471,130892
712,130924
904,130956
1163,130988
1358,131020
1552,131052
1821,131084
2016,131116
1886,131148
2016,131180
1421,131212
1192,131244
960,131276
744,131308
568,131340
286,131372
109,131404
0,131436
0,131468
203,131500
781,131532
664,131564
1241,131596
1032,131628
1707,131660
1911,131692
1771,131724
2255,131756
2027,131788
1464,131820
1552,131852
1279,131884
670,131916
827,131948
223,131980
411,132012
0,132044
0,132076
584,132108
428,132140
1021,132172
1227,132204
1110,132236
1690,132268
1536,132300
1849,132332
1770,132364
1564,132396
1831,132428
1104,132460
926,132492
1053,132524
474,132556
251,132588
23,132620
0,132652
475,132684
618,132716
937,132748
1115,132780
1383,132812
1577,132844
1760,132876
2039,132908
2236,132940
2121,132972
1882,133004
1646,133036
1376,133068
1178,133100
912,133132
346,133164
462,133196
0,133228
0,133260
62,133292
344,133324
605,133356
793,133388
1063,133420
1289,133452
1516,133484
1751,133516
1885,133548
1753,133580
1887,133612
1245,133644
1417,133676
1149,133708
603,133740
688,133772
427,133804
187,133836
250,133868
480,133900
791,133932
568,133964
794,133996
1437,134028
1254,134060
1900,134092
2106,134124
1853,134156
1674,134188
1370,134220
1210,134252
896,134284
685,134316
954,134348
233,134380
40,134412
253,134444
0,134476
248,134508
429,134540
702,134572
1335,134604
1480,134636
1803,134668
2029,134700
2280,134732
2279,134764
1984,134796
1741,134828
1514,134860
1242,134892
1052,134924
782,134956
512,134988
317,135020
109,135052
9,135084
575,135116
459,135148
684,135180
912,135212
1133,135244
1419,135276
1594,135308
1882,135340
1803,135372
1532,135404
1340,135436
1469,135468
889,135500
1019,135532
346,135564
555,135596
287,135628
0,135660
459,135692
697,135724
875,135756
1146,135788
1340,135820
1657,135852
1804,135884
1663,135916
2327,135948
1647,135980
1451,136012
1610,136044
995,136076
762,136108
878,136140
312,136172
415,136204
0,136236
0,136268
112,136300
377,136332
1069,136364
1225,136396
1099,136428
1693,136460
1560,136492
1790,136524
2250,136556
1675,136588
1853,136620
1211,136652
1389,136684
1113,136716
937,136748
649,136780
382,136812
173,136844
328,136876
559,136908
780,136940
1016,136972
1209,137004
1468,137036
1674,137068
1535,137100
2142,137132
1774,137164
1592,137196
1306,137228
1128,137260
951,137292
678,137324
488,137356
265,137388
251,137420
0,137452
17,137484
329,137516
905,137548
742,137580
1357,137612
1560,137644
1752,137676
2015,137708
2222,137740
1807,137772
1866,137804
1630,137836
1471,137868
793,137900
568,137932
750,137964
112,137996
0,138028
202,138060
88,138092
650,138124
510,138156
820,138188
958,138220
1197,138252
1944,138284
2157,138316
1917,138348
2183,138380
1447,138412
1270,138444
1402,138476
808,138508
987,138540
360,138572
526,138604
299,138636
239,138668
587,138700
776,138732
989,138764
1230,138796
1419,138828
1688,138860
1884,138892
2088,138924
2224,138956
1961,138988
1358,139020
1487,139052
906,139084
682,139116
456,139148
234,139180
55,139212
0,139244
4,139276
271,139308
455,139340
716,139372
1302,139404
1175,139436
1771,139468
1542,139500
2235,139532
2203,139564
1960,139596
1723,139628
1498,139660
949,139692
1024,139724
768,139756
605,139788
309,139820
0,139852
412,139884
231,139916
492,139948
1097,139980
939,140012
1549,140044
1753,140076
1626,140108
2217,140140
1711,140172
1559,140204
1739,140236
1050,140268
1303,140300
600,140332
414,140364
541,140396
0,140428
0,140460
138,140492
360,140524
989,140556
1131,140588
1453,140620
1639,140652
1913,140684
2105,140716
2300,140748
2091,140780
1824,140812
1583,140844
1354,140876
1120,140908
863,140940
666,140972
399,141004
0,141036
237,141068
123,141100
396,141132
572,141164
846,141196
1114,141228
1306,141260
1580,141292
1817,141324
1927,141356
1691,141388
1360,141420
1225,141452
1357,141484
1085,141516
892,141548
638,141580
91,141612
167,141644
314,141676
267,141708
766,141740
992,141772
1307,141804
1080,141836
1308,141868
1977,141900
1772,141932
2189,141964
1930,141996
1327,142028
1158,142060
847,142092
696,142124
873,142156
172,142188
440,142220
0,142252
44,142284
727,142316
488,142348
759,142380
939,142412
1210,142444
1863,142476
2010,142508
2332,142540
2207,142572
1975,142604
1741,142636
1452,142668
1213,142700
988,142732
728,142764
526,142796
264,142828
185,142860
443,142892
637,142924
511,142956
1094,142988
971,143020
1194,143052
1418,143084
1656,143116
1945,143148
1657,143180
1478,143212
1277,143244
1015,143276
828,143308
512,143340
377,143372
491,143404
222,143436
325,143468
536,143500
397,143532
975,143564
1214,143596
1117,143628
1672,143660
1869,143692
2185,143724
2207,143756
1594,143788
1790,143820
1132,143852
936,143884
1088,143916
488,143948
262,143980
366,144012
0,144044
24,144076
182,144108
471,144140
621,144172
878,144204
1596,144236
1327,144268
1622,144300
2223,144332
1848,144364
1611,144396
1708,144428
1151,144460
1325,144492
695,144524
873,144556
591,144588
413,144620
185,144652
382,144684
649,144716
844,144748
1072,144780
1294,144812
1531,144844
1727,144876
1998,144908
2203,144940
1707,144972
1839,145004
1245,145036
1070,145068
794,145100
630,145132
439,145164
166,145196
0,145228
174,145260
155,145292
379,145324
953,145356
830,145388
1421,145420
1243,145452
1887,145484
2091,145516
1992,145548
2077,145580
1805,145612
1289,145644
1327,145676
1104,145708
955,145740
281,145772
59,145804
232,145836
0,145868
144,145900
714,145932
603,145964
874,145996
1022,146028
1334,146060
1472,146092
1724,146124
2356,146156
1592,146188
1388,146220
1654,146252
936,146284
758,146316
878,146348
308,146380
462,146412
0,146444
412,146476
651,146508
752,146540
1111,146572
1288,146604
1082,146636
1744,146668
1946,146700
2218,146732
2174,146764
1901,146796
1705,146828
1434,146860
848,146892
972,146924
399,146956
172,146988
0,147020
0,147052
57,147084
235,147116
516,147148
1036,147180
967,147212
1237,147244
1833,147276
1692,147308
2301,147340
1708,147372
1943,147404
1677,147436
1079,147468
1199,147500
975,147532
439,147564
510,147596
252,147628
266,147660
425,147692
296,147724
926,147756
734,147788
1001,147820
1624,147852
1451,147884
1690,147916
2280,147948
1682,147980
1792,148012
1192,148044
1033,148076
732,148108
540,148140
781,148172
89,148204
0,148236
317,148268
188,148300
427,148332
648,148364
875,148396
1511,148428
1658,148460
1981,148492
2169,148524
2200,148556
2041,148588
1770,148620
1562,148652
1292,148684
1068,148716
830,148748
605,148780
348,148812
125,148844
296,148876
176,148908
746,148940
632,148972
906,149004
1081,149036
1366,149068
1639,149100
1832,149132
1863,149164
1627,149196
1400,149228
1166,149260
848,149292
715,149324
842,149356
222,149388
376,149420
239,149452
92,149484
635,149516
832,149548
779,149580
1280,149612
1519,149644
1833,149676
1599,149708
1835,149740
2143,149772
1478,149804
1276,149836
1392,149868
826,149900
638,149932
344,149964
188,149996
0,150028
0,150060
557,150092
280,150124
551,150156
1245,150188
988,150220
1272,150252
1449,150284
1738,150316
2391,150348
2060,150380
1917,150412
1679,150444
1321,150476
1215,150508
926,150540
697,150572
474,150604
204,150636
302,150668
502,150700
699,150732
955,150764
1151,150796
1023,150828
1615,150860
1483,150892
1720,150924
1822,150956
1582,150988
1416,151020
1130,151052
953,151084
775,151116
504,151148
327,151180
5,151212
0,151244
383,151276
183,151308
843,151340
1039,151372
907,151404
1497,151436
1738,151468
1640,151500
2203,151532
2155,151564
2007,151596
1691,151628
1072,151660
1259,151692
617,151724
427,151756
584,151788
0,151820
0,151852
376,151884
278,151916
828,151948
684,151980
984,152012
1133,152044
1392,152076
2125,152108
1855,152140
1786,152172
1917,152204
1320,152236
1095,152268
1184,152300
636,152332
811,152364
495,152396
351,152428
251,152460
537,152492
719,152524
904,152556
1165,152588
1358,152620
1596,152652
1822,152684
2064,152716
2254,152748
2047,152780
1787,152812
1194,152844
1310,152876
734,152908
559,152940
283,152972
116,153004
0,153036
0,153068
215,153100
700,153132
666,153164
891,153196
1022,153228
1351,153260
1951,153292
1772,153324
2287,153356
2023,153388
1450,153420
1549,153452
1276,153484
767,153516
824,153548
592,153580
440,153612
0,153644
0,153676
587,153708
398,153740
663,153772
1229,153804
1103,153836
1692,153868
1549,153900
1862,153932
1758,153964
1536,153996
1820,154028
1067,154060
876,154092
1127,154124
430,154156
246,154188
364,154220
0,154252
476,154284
618,154316
935,154348
1165,154380
1275,154412
1629,154444
1816,154476
2041,154508
2288,154540
2111,154572
1914,154604
1646,154636
1374,154668
1179,154700
920,154732
336,154764
460,154796
0,154828
0,154860
64,154892
298,154924
573,154956
744,154988
1029,155020
1561,155052
1479,155084
1755,155116
2349,155148
1751,155180
1884,155212
1190,155244
1404,155276
1149,155308
567,155340
683,155372
460,155404
0,155436
296,155468
480,155500
791,155532
939,155564
808,155596
1449,155628
1245,155660
1512,155692
2152,155724
1853,155756
2016,155788
1742,155820
1160,155852
1276,155884
683,155916
526,155948
218,155980
34,156012
247,156044
375,156076
254,156108
831,156140
700,156172
936,156204
1482,156236
1387,156268
2043,156300
2189,156332
2269,156364
1981,156396
1799,156428
1515,156460
1240,156492
1040,156524
780,156556
552,156588
316,156620
152,156652
351,156684
285,156716
810,156748
686,156780
1263,156812
1144,156844
1430,156876
1597,156908
1894,156940
1805,156972
1530,157004
1340,157036
1113,157068
879,157100
661,157132
345,157164
203,157196
320,157228
0,157260
495,157292
716,157324
880,157356
1149,157388
1344,157420
1293,157452
1816,157484
2048,157516
2359,157548
1645,157580
1417,157612
1610,157644
958,157676
1135,157708
877,157740
312,157772
136,157804
0,157836
0,157868
112,157900
356,157932
1079,157964
1279,157996
1062,158028
1773,158060
1512,158092
1800,158124
2284,158156
1674,158188
1851,158220
1529,158252
1384,158284
1159,158316
924,158348
699,158380
414,158412
169,158444
366,158476
570,158508
824,158540
1018,158572
1213,158604
1143,158636
1674,158668
1547,158700
2143,158732
1768,158764
1532,158796
1304,158828
1070,158860
891,158892
630,158924
452,158956
263,158988
3,159020
0,159052
20,159084
328,159116
907,159148
696,159180
1357,159212
1562,159244
1790,159276
2027,159308
2270,159340
1803,159372
1899,159404
1630,159436
1467,159468
1161,159500
560,159532
748,159564
108,159596
0,159628
238,159660
103,159692
329,159724
890,159756
764,159788
1340,159820
1198,159852
1500,159884
2157,159916
1915,159948
2172,159980
1448,160012
1262,160044
1392,160076
808,160108
584,160140
670,160172
126,160204
284,160236
0,160268
599,160300
777,160332
1053,160364
1227,160396
1420,160428
1689,160460
1886,160492
2122,160524
1882,160556
1984,160588
1724,160620
1528,160652
1261,160684
679,160716
809,160748
231,160780
46,160812
0,160844
9,160876
279,160908
456,160940
727,160972
1212,161004
1177,161036
1404,161068
1536,161100
1870,161132
2237,161164
1949,161196
1759,161228
1495,161260
940,161292
1024,161324
766,161356
255,161388
300,161420
139,161452
80,161484
232,161516
460,161548
1101,161580
908,161612
1165,161644
1754,161676
1637,161708
2224,161740
1710,161772
1546,161804
1751,161836
1018,161868
1292,161900
556,161932
366,161964
603,161996
0,162028
0,162060
492,162092
364,162124
999,162156
824,162188
1453,162220
1679,162252
1802,162284
2157,162316
2334,162348
2090,162380
1866,162412
1582,162444
962,162476
1116,162508
862,162540
656,162572
398,162604
0,162636
239,162668
126,162700
348,162732
574,162764
798,162796
1081,162828
1256,162860
1544,162892
2090,162924
1880,162956
1688,162988
1817,163020
1223,163052
1351,163084
1081,163116
888,163148
638,163180
55,163212
157,163244
360,163276
276,163308
810,163340
1004,163372
1307,163404
1465,163436
1312,163468
1977,163500
1772,163532
1792,163564
1961,163596
1327,163628
1482,163660
1216,163692
648,163724
471,163756
167,163788
20,163820
0,163852
43,163884
743,163916
492,163948
764,163980
1353,164012
1212,164044
1451,164076
1686,164108
1913,164140
2215,164172
1883,164204
1737,164236
1451,164268
1271,164300
990,164332
716,164364
120,164396
254,164428
217,164460
442,164492
680,164524
874,164556
1131,164588
1325,164620
1197,164652
1792,164684
1662,164716
1943,164748
1644,164780
1468,164812
1276,164844
1014,164876
828,164908
605,164940
375,164972
144,165004
251,165036
0,165068
560,165100
405,165132
1007,165164
1213,165196
1127,165228
1687,165260
1880,165292
1817,165324
2208,165356
1978,165388
1821,165420
1128,165452
903,165484
1096,165516
445,165548
624,165580
363,165612
0,165644
27,165676
186,165708
476,165740
624,165772
860,165804
1594,165836
1308,165868
1576,165900
2301,165932
1788,165964
1612,165996
1326,166028
1148,166060
1326,166092
1008,166124
871,166156
639,166188
407,166220
240,166252
430,166284
240,166316
892,166348
1082,166380
1338,166412
1534,166444
1742,166476
1999,166508
2204,166540
1707,166572
1838,166604
1241,166636
1014,166668
784,166700
566,166732
390,166764
112,166796
0,166828
0,166860
121,166892
380,166924
957,166956
830,166988
1421,167020
1196,167052
1883,167084
2091,167116
1943,167148
2074,167180
1848,167212
1275,167244
1373,167276
1101,167308
953,167340
638,167372
56,167404
232,167436
0,167468
153,167500
762,167532
612,167564
828,167596
1405,167628
1276,167660
1866,167692
1722,167724
1897,167756
1583,167788
1390,167820
1639,167852
935,167884
760,167916
879,167948
297,167980
71,168012
140,168044
28,168076
653,168108
474,168140
1112,168172
1291,168204
1453,168236
1753,168268
1950,168300
2221,168332
2172,168364
1933,168396
1693,168428
1464,168460
1199,168492
1002,168524
736,168556
167,168588
285,168620
0,168652
70,168684
235,168716
520,168748
781,168780
967,168812
1239,168844
1465,168876
1703,168908
1933,168940
1706,168972
1565,169004
1709,169036
1070,169068
1231,169100
972,169132
427,169164
508,169196
247,169228
0,169260
440,169292
664,169324
959,169356
744,169388
972,169420
1623,169452
1422,169484
1692,169516
2280,169548
1672,169580
1792,169612
1183,169644
1034,169676
729,169708
496,169740
778,169772
47,169804
0,169836
393,169868
151,169900
436,169932
1006,169964
872,169996
1513,170028
1336,170060
1981,170092
2223,170124
2203,170156
2093,170188
1804,170220
1561,170252
1338,170284
1066,170316
874,170348
604,170380
336,170412
135,170444
299,170476
184,170508
759,170540
635,170572
859,170604
1083,170636
1310,170668
1597,170700
1782,170732
1819,170764
1627,170796
1353,170828
1164,170860
1291,170892
712,170924
829,170956
168,170988
367,171020
181,171052
61,171084
639,171116
876,171148
779,171180
1327,171212
1527,171244
1371,171276
1992,171308
1837,171340
2138,171372
1470,171404
1276,171436
1434,171468
814,171500
960,171532
698,171564
146,171596
239,171628
0,171660
137,171692
282,171724
553,171756
1259,171788
999,171820
1276,171852
1881,171884
1740,171916
1961,171948
1724,171980
1485,172012
1677,172044
1352,172076
1211,172108
927,172140
747,172172
477,172204
200,172236
313,172268
506,172300
734,172332
960,172364
1194,172396
1390,172428
1648,172460
1865,172492
1721,172524
2187,172556
1583,172588
1416,172620
1130,172652
950,172684
766,172716
505,172748
316,172780
89,172812
0,172844
42,172876
186,172908
501,172940
1086,172972
910,173004
1533,173036
1743,173068
1643,173100
2215,173132
2154,173164
1912,173196
1674,173228
1455,173260
1290,173292
617,173324
392,173356
574,173388
0,173420
171,173452
376,173484
684,173516
540,173548
696,173580
988,173612
1145,173644
1376,173676
2135,173708
1836,173740
1738,173772
1993,173804
1272,173836
1098,173868
812,173900
632,173932
811,173964
490,173996
347,174028
301,174060
537,174092
765,174124
954,174156
1165,174188
1404,174220
1597,174252
1867,174284
2064,174316
2254,174348
2046,174380
1776,174412
1182,174444
1320,174476
733,174508
504,174540
283,174572
55,174604
0,174636
0,174668
181,174700
443,174732
632,174764
904,174796
1481,174828
1352,174860
1959,174892
1724,174924
2293,174956
2015,174988
1407,175020
1547,175052
1312,175084
1037,175116
844,175148
587,175180
425,175212
119,175244
0,175276
587,175308
399,175340
667,175372
1275,175404
1116,175436
1354,175468
1932,175500
1804,175532
2144,175564
1532,175596
1371,175628
1066,175660
876,175692
1115,175724
815,175756
244,175788
365,175820
0,175852
91,175884
632,175916
536,175948
1171,175980
987,176012
1638,176044
1817,176076
2107,176108
2283,176140
2110,176172
1913,176204
1632,176236
1405,176268
1168,176300
942,176332
684,176364
478,176396
222,176428
0,176460
410,176492
296,176524
572,176556
749,176588
1021,176620
1292,176652
1480,176684
1767,176716
1980,176748
1736,176780
1515,176812
1180,176844
1039,176876
1181,176908
554,176940
715,176972
458,177004
173,177036
299,177068
502,177100
447,177132
942,177164
1178,177196
1488,177228
1257,177260
1484,177292
2156,177324
1819,177356
1615,177388
1738,177420
1160,177452
1264,177484
672,177516
530,177548
222,177580
5,177612
247,177644
429,177676
218,177708
905,177740
664,177772
934,177804
1529,177836
1396,177868
2046,177900
1855,177932
2263,177964
2023,177996
1662,178028
1551,178060
1276,178092
1035,178124
812,178156
544,178188
346,178220
154,178252
361,178284
608,178316
814,178348
688,178380
1264,178412
1147,178444
1370,178476
1610,178508
1836,178540
1754,178572
1468,178604
1294,178636
1099,178668
842,178700
652,178732
775,178764
200,178796
315,178828
0,178860
503,178892
703,178924
923,178956
1151,178988
1390,179020
1292,179052
1855,179084
2047,179116
2349,179148
2027,179180
1405,179212
1611,179244
944,179276
762,179308
919,179340
312,179372
444,179404
187,179436
0,179468
490,179500
350,179532
648,179564
1287,179596
1066,179628
1768,179660
1513,179692
1803,179724
2278,179756
1670,179788
1436,179820
1207,179852
967,179884
1147,179916
831,179948
697,179980
411,180012
229,180044
379,180076
572,180108
826,180140
1020,180172
1248,180204
1481,180236
1711,180268
1915,180300
2186,180332
2128,180364
1528,180396
1661,180428
1068,180460
890,180492
620,180524
442,180556
263,180588
0,180620
0,180652
103,180684
343,180716
558,180748
696,180780
1007,180812
1611,180844
1790,180876
2062,180908
2271,180940
1800,180972
1885,181004
1628,181036
1101,181068
1150,181100
926,181132
778,181164
95,181196
0,181228
248,181260
72,181292
688,181324
892,181356
780,181388
1050,181420
1199,181452
1502,181484
2157,181516
1882,181548
2169,181580
1406,181612
1212,181644
1467,181676
750,181708
584,181740
302,181772
123,181804
295,181836
286,181868
603,181900
815,181932
1051,181964
1289,181996
1464,182028
1693,182060
1944,182092
2126,182124
2265,182156
1984,182188
1722,182220
1516,182252
1247,182284
680,182316
797,182348
224,182380
3,182412
0,182444
0,182476
238,182508
410,182540
685,182572
953,182604
1145,182636
1415,182668
1536,182700
1881,182732
2237,182764
1949,182796
1752,182828
1497,182860
891,182892
1017,182924
798,182956
253,182988
334,183020
151,183052
457,183084
603,183116
461,183148
1102,183180
909,183212
1178,183244
1805,183276
1639,183308
1866,183340
2094,183372
1496,183404
1321,183436
1015,183468
859,183500
544,183532
365,183564
604,183596
0,183628
0,183660
493,183692
374,183724
589,183756
1136,183788
1049,183820
1691,183852
1512,183884
2171,183916
2333,183948
2143,183980
1864,184012
1582,184044
1373,184076
1120,184108
888,184140
656,184172
416,184204
168,184236
269,184268
473,184300
361,184332
926,184364
808,184396
1084,184428
1259,184460
1545,184492
1820,184524
1878,184556
1687,184588
1712,184620
1223,184652
997,184684
1112,184716
539,184748
669,184780
51,184812
185,184844
361,184876
279,184908
813,184940
1006,184972
953,185004
1466,185036
1708,185068
2015,185100
1776,185132
1756,185164
1959,185196
1292,185228
1103,185260
1216,185292
648,185324
460,185356
169,185388
19,185420
0,185452
21,185484
733,185516
616,185548
716,185580
1431,185612
1166,185644
1450,185676
2062,185708
1928,185740
2203,185772
1546,185804
1735,185836
1497,185868
1144,185900
1037,185932
760,185964
109,185996
296,186028
218,186060
478,186092
684,186124
877,186156
1133,186188
1338,186220
1209,186252
1792,186284
1673,186316
1880,186348
1641,186380
1405,186412
1238,186444
952,186476
782,186508
857,186540
331,186572
137,186604
249,186636
0,186668
571,186700
350,186732
1019,186764
1225,186796
1086,186828
1679,186860
1918,186892
1819,186924
2239,186956
1977,186988
1819,187020
1495,187052
891,187084
1085,187116
441,187148
251,187180
400,187212
0,187244
0,187276
554,187308
440,187340
1006,187372
862,187404
1166,187436
1310,187468
1579,187500
2313,187532
1785,187564
1608,187596
1741,187628
1145,187660
923,187692
694,187724
461,187756
631,187788
317,187820
247,187852
431,187884
590,187916
893,187948
1080,187980
1341,188012
1546,188044
1773,188076
2008,188108
2250,188140
2076,188172
1867,188204
1596,188236
1008,188268
1136,188300
569,188332
389,188364
110,188396
0,188428
0,188460
134,188492
392,188524
619,188556
843,188588
1070,188620
1198,188652
1525,188684
2137,188716
1932,188748
2109,188780
1837,188812
1277,188844
1367,188876
1100,188908
601,188940
649,188972
400,189004
250,189036
0,189068
123,189100
767,189132
574,189164
839,189196
1406,189228
1288,189260
1576,189292
1726,189324
1897,189356
1583,189388
1354,189420
1639,189452
888,189484
702,189516
941,189548
238,189580
73,189612
0,189644
31,189676
653,189708
798,189740
1112,189772
1341,189804
1452,189836
1815,189868
1998,189900
2219,189932
2216,189964
1934,189996
1728,190028
1456,190060
1195,190092
989,190124
736,190156
167,190188
285,190220
0,190252
19,190284
248,190316
461,190348
745,190380
923,190412
1198,190444
1469,190476
1659,190508
1941,190540
1707,190572
1562,190604
1693,190636
1014,190668
1227,190700
971,190732
379,190764
507,190796
283,190828
0,190860
476,190892
668,190924
967,190956
1117,190988
974,191020
1627,191052
1431,191084
1702,191116
2314,191148
1674,191180
1448,191212
1563,191244
980,191276
1099,191308
496,191340
345,191372
45,191404
0,191436
395,191468
164,191500
436,191532
1013,191564
886,191596
1115,191628
1664,191660
1575,191692
2221,191724
2224,191756
2089,191788
1803,191820
1613,191852
1336,191884
1056,191916
861,191948
602,191980
379,192012
136,192044
333,192076
539,192108
784,192140
985,192172
872,192204
1448,192236
1322,192268
1607,192300
1776,192332
1816,192364
1625,192396
1352,192428
1160,192460
1197,192492
714,192524
477,192556
168,192588
28,192620
217,192652
68,192684
680,192716
880,192748
792,192780
1327,192812
1529,192844
1469,192876
1992,192908
2233,192940
2171,192972
1467,193004
1241,193036
1432,193068
782,193100
589,193132
704,193164
140,193196
240,193228
0,193260
150,193292
297,193324
524,193356
1255,193388
972,193420
1238,193452
1961,193484
1700,193516
1959,193548
2095,193580
1480,193612
1675,193644
1344,193676
1210,193708
975,193740
622,193772
525,193804
248,193836
313,193868
556,193900
743,193932
1002,193964
1194,193996
1390,194028
1659,194060
1854,194092
1722,194124
2189,194156
1579,194188
1351,194220
1129,194252
902,194284
718,194316
452,194348
268,194380
335,194412
0,194444
55,194476
621,194508
503,194540
1085,194572
860,194604
1543,194636
1741,194668
1607,194700
2207,194732
2191,194764
1623,194796
1710,194828
1435,194860
1293,194892
984,194924
391,194956
575,194988
0,195020
0,195052
426,195084
268,195116
864,195148
1069,195180
952,195212
1519,195244
1388,195276
1687,195308
1838,195340
1738,195372
1993,195404
1679,195436
1082,195468
1223,195500
634,195532
407,195564
480,195596
0,195628
301,195660
459,195692
775,195724
955,195756
1225,195788
1407,195820
1600,195852
1871,195884
2074,195916
2282,195948
2043,195980
1808,196012
1548,196044
1004,196076
1083,196108
506,196140
624,196172
47,196204
0,196236
0,196268
186,196300
444,196332
634,196364
903,196396
1129,196428
1354,196460
1595,196492
1728,196524
1912,196556
2047,196588
1404,196620
1579,196652
1311,196684
1036,196716
847,196748
586,196780
77,196812
106,196844
329,196876
622,196908
408,196940
635,196972
1279,197004
1085,197036
1739,197068
1944,197100
1816,197132
1845,197164
1528,197196
1370,197228
1064,197260
844,197292
1116,197324
870,197356
197,197388
428,197420
0,197452
93,197484
672,197516
540,197548
762,197580
1312,197612
1641,197644
1879,197676
2106,197708
2347,197740
2156,197772
1903,197804
1678,197836
1400,197868
1210,197900
952,197932
684,197964
157,197996
237,198028
0,198060
415,198092
301,198124
518,198156
751,198188
974,198220
1261,198252
1432,198284
1719,198316
1976,198348
1691,198380
1501,198412
1192,198444
1036,198476
1173,198508
503,198540
713,198572
458,198604
207,198636
299,198668
538,198700
445,198732
984,198764
1184,198796
1485,198828
1644,198860
1487,198892
2159,198924
1816,198956
1615,198988
1774,199020
1148,199052
922,199084
1040,199116
470,199148
585,199180
0,199212
0,199244
427,199276
219,199308
909,199340
668,199372
950,199404
1531,199436
1397,199468
1627,199500
2190,199532
1835,199564
2027,199596
1370,199628
1549,199660
1275,199692
1085,199724
809,199756
538,199788
345,199820
160,199852
396,199884
296,199916
848,199948
1050,199980
1307,200012
1501,200044
1386,200076
1978,200108
1840,200140
1756,200172
1467,200204
1290,200236
1110,200268
840,200300
649,200332
682,200364
199,200396
0,200428
0,200460
167,200492
735,200524
927,200556
1199,200588
1399,200620
1293,200652
1863,200684
2060,200716
1978,200748
2026,200780
1788,200812
1642,200844
951,200876
730,200908
907,200940
266,200972
79,201004
186,201036
0,201068
488,201100
352,201132
658,201164
1287,201196
1036,201228
1783,201260
1484,201292
1756,201324
2344,201356
1608,201388
1432,201420
1562,201452
968,201484
1149,201516
512,201548
685,201580
459,201612
91,201644
427,201676
606,201708
829,201740
1068,201772
1248,201804
1098,201836
1724,201868
1918,201900
2185,201932
2127,201964
1519,201996
1657,202028
1067,202060
842,202092
616,202124
392,202156
215,202188
0,202220
0,202252
365,202284
295,202316
567,202348
1145,202380
1005,202412
1613,202444
1792,202476
2075,202508
2272,202540
1755,202572
1888,202604
1661,202636
1100,202668
1184,202700
936,202732
767,202764
473,202796
0,202828
250,202860
73,202892
333,202924
940,202956
782,202988
1387,203020
1583,203052
1463,203084
1752,203116
1882,203148
1720,203180
1405,203212
1200,203244
1452,203276
751,203308
580,203340
701,203372
120,203404
0,203436
0,203468
200,203500
827,203532
969,203564
1291,203596
1469,203628
1753,203660
1945,203692
2138,203724
1818,203756
1984,203788
1753,203820
1516,203852
1289,203884
1022,203916
815,203948
560,203980
0,204012
99,204044
0,204076
238,204108
415,204140
694,204172
954,204204
1146,204236
1406,204268
1657,204300
1882,204332
1863,204364
1982,204396
1387,204428
1519,204460
900,204492
1053,204524
799,204556
250,204588
334,204620
141,204652
111,204684
608,204716
840,204748
1146,204780
922,204812
1150,204844
1803,204876
1612,204908
2269,204940
2092,204972
1487,205004
1320,205036
1008,205068
858,205100
544,205132
330,205164
606,205196
0,205228
0,205260
575,205292
332,205324
602,205356
781,205388
1048,205420
1703,205452
1838,205484
2169,205516
2377,205548
2136,205580
1911,205612
1624,205644
952,205676
1150,205708
878,205740
696,205772
430,205804
158,205836
280,205868
475,205900
362,205932
926,205964
813,205996
1038,206028
1263,206060
1496,206092
1786,206124
1816,206156
1642,206188
1447,206220
1165,206252
985,206284
1115,206316
537,206348
653,206380
1,206412
171,206444
364,206476
247,206508
814,206540
1052,206572
958,206604
1504,206636
1709,206668
2015,206700
2172,206732
1757,206764
1952,206796
1280,206828
1097,206860
1248,206892
636,206924
413,206956
526,206988
0,207020
142,207052
23,207084
317,207116
463,207148
718,207180
1432,207212
1180,207244
1452,207276
2061,207308
1929,207340
1781,207372
1880,207404
1304,207436
1484,207468
856,207500
1023,207532
751,207564
447,207596
297,207628
222,207660
479,207692
694,207724
912,207756
1136,207788
1371,207820
1568,207852
1834,207884
2042,207916
1872,207948
1999,207980
1403,208012
1228,208044
952,208076
776,208108
587,208140
330,208172
137,208204
0,208236
8,208268
221,208300
360,208332
680,208364
1261,208396
1092,208428
1725,208460
1931,208492
1821,208524
2237,208556
1967,208588
1438,208620
1498,208652
1272,208684
1117,208716
441,208748
208,208780
398,208812
0,208844
4,208876
554,208908
440,208940
1006,208972
864,209004
1162,209036
1310,209068
1560,209100
2314,209132
1742,209164
1550,209196
1806,209228
1088,209260
920,209292
1040,209324
458,209356
622,209388
18,209420
249,209452
491,209484
600,209516
953,209548
1128,209580
983,209612
1582,209644
1774,209676
2048,209708
2252,209740
2064,209772
1865,209804
1598,209836
1004,209868
1146,209900
558,209932
330,209964
108,209996
0,210028
0,210060
78,210092
357,210124
616,210156
812,210188
1080,210220
1661,210252
1531,210284
2139,210316
1871,210348
2101,210380
1836,210412
1239,210444
1360,210476
1131,210508
587,210540
670,210572
412,210604
0,210636
265,210668
135,210700
766,210732
587,210764
843,210796
1453,210828
1291,210860
1919,210892
2121,210924
1848,210956
1965,210988
1352,211020
1197,211052
889,211084
700,211116
952,211148
239,211180
58,211212
173,211244
41,211276
269,211308
490,211340
711,211372
1343,211404
1486,211436
1819,211468
2007,211500
2285,211532
2205,211564
1930,211596
1721,211628
1454,211660
1216,211692
990,211724
767,211756
510,211788
304,211820
126,211852
29,211884
592,211916
475,211948
758,211980
921,212012
1207,212044
1479,212076
1670,212108
1943,212140
1801,212172
1559,212204
1325,212236
1005,212268
872,212300
1005,212332
386,212364
539,212396
280,212428
0,212460
477,212492
679,212524
889,212556
1119,212588
1354,212620
1671,212652
1440,212684
1676,212716
2314,212748
1640,212780
1823,212812
1562,212844
972,212876
798,212908
494,212940
344,212972
41,213004
0,213036
395,213068
134,213100
382,213132
1085,213164
838,213196
1116,213228
1290,213260
1562,213292
2231,213324
2222,213356
2077,213388
1839,213420
1610,213452
1373,213484
1100,213516
860,213548
638,213580
367,213612
152,213644
344,213676
541,213708
795,213740
991,213772
862,213804
1449,213836
1322,213868
1548,213900
1789,213932
1757,213964
1577,213996
1290,214028
1113,214060
925,214092
666,214124
476,214156
601,214188
24,214220
221,214252
21,214284
683,214316
879,214348
744,214380
1337,214412
1578,214444
1757,214476
2031,214508
2221,214540
2167,214572
1849,214604
1240,214636
1421,214668
776,214700
576,214732
736,214764
123,214796
0,214828
214,214860
116,214892
665,214924
534,214956
829,214988
974,215020
1244,215052
1959,215084
2123,215116
1959,215148
2093,215180
1478,215212
1259,215244
1338,215276
795,215308
970,215340
347,215372
523,215404
233,215436
365,215468
553,215500
736,215532
999,215564
1198,215596
1433,215628
1660,215660
1898,215692
2096,215724
2218,215756
1946,215788
1343,215820
1480,215852
896,215884
728,215916
444,215948
282,215980
87,216012
0,216044
57,216076
281,216108
507,216140
744,216172
862,216204
1189,216236
1787,216268
1610,216300
2253,216332
2188,216364
1912,216396
1707,216428
1436,216460
939,216492
984,216524
760,216556
603,216588
0,216620
0,216652
425,216684
251,216716
496,216748
1068,216780
956,216812
1520,216844
1385,216876
1688,216908
1838,216940
1704,216972
1979,217004
1727,217036
1034,217068
1279,217100
584,217132
406,217164
536,217196
0,217228
311,217260
148,217292
779,217324
1003,217356
1103,217388
1469,217420
1656,217452
1885,217484
2126,217516
2272,217548
2078,217580
1804,217612
1536,217644
1340,217676
1070,217708
508,217740
608,217772
57,217804
0,217836
0,217868
140,217900
410,217932
586,217964
859,217996
1128,218028
1320,218060
1591,218092
2198,218124
1903,218156
2055,218188
1349,218220
1576,218252
1309,218284
1066,218316
847,218348
620,218380
75,218412
151,218444
320,218476
623,218508
783,218540
650,218572
1290,218604
1088,218636
1352,218668
1980,218700
1820,218732
2174,218764
1901,218796
1320,218828
1435,218860
832,218892
683,218924
856,218956
188,218988
413,219020
0,219052
90,219084
678,219116
540,219148
779,219180
1000,219212
1224,219244
1879,219276
2015,219308
2359,219340
2155,219372
1963,219404
1677,219436
1400,219468
1197,219500
938,219532
718,219564
474,219596
250,219628
192,219660
457,219692
653,219724
539,219756
1104,219788
984,219820
1264,219852
1437,219884
1726,219916
1962,219948
1702,219980
1501,220012
1273,220044
1039,220076
812,220108
493,220140
363,220172
488,220204
202,220236
335,220268
553,220300
456,220332
991,220364
1184,220396
1131,220428
1644,220460
1882,220492
2200,220524
1816,220556
1581,220588
1776,220620
1125,220652
1296,220684
1040,220716
464,220748
295,220780
0,220812
0,220844
431,220876
189,220908
921,220940
636,220972
906,221004
1608,221036
1352,221068
1638,221100
1816,221132
1833,221164
2023,221196
1694,221228
1544,221260
1321,221292
1082,221324
859,221356
574,221388
335,221420
200,221452
396,221484
664,221516
858,221548
1051,221580
1310,221612
1230,221644
1384,221676
1980,221708
1850,221740
1702,221772
1456,221804
1240,221836
1061,221868
780,221900
603,221932
411,221964
154,221996
0,222028
0,222060
168,222092
749,222124
928,222156
1197,222188
1403,222220
1257,222252
1867,222284
2106,222316
1964,222348
2064,222380
1792,222412
1641,222444
1311,222476
717,222508
906,222540
266,222572
79,222604
221,222636
0,222668
158,222700
731,222732
606,222764
888,222796
1040,222828
1341,222860
1488,222892
1764,222924
2332,222956
1600,222988
1428,223020
1561,223052
967,223084
744,223116
830,223148
285,223180
459,223212
0,223244
439,223276
607,223308
893,223340
1069,223372
1260,223404
1527,223436
1722,223468
1962,223500
2188,223532
2157,223564
1884,223596
1679,223628
1420,223660
832,223692
959,223724
392,223756
217,223788
0,223820
0,223852
119,223884
300,223916
570,223948
1052,223980
1015,224012
1243,224044
1835,224076
1706,224108
2319,224140
1750,224172
1919,224204
1659,224236
1097,224268
1192,224300
926,224332
415,224364
472,224396
237,224428
282,224460
73,224492
311,224524
941,224556
748,224588
1007,224620
1592,224652
1469,224684
1752,224716
1871,224748
1717,224780
1391,224812
1176,224844
1463,224876
719,224908
526,224940
765,224972
72,225004
0,225036
328,225068
200,225100
827,225132
668,225164
1288,225196
1519,225228
1631,225260
1997,225292
2187,225324
1815,225356
2014,225388
1742,225420
1550,225452
1278,225484
1019,225516
815,225548
559,225580
3,225612
87,225644
0,225676
201,225708
423,225740
652,225772
923,225804
1096,225836
1381,225868
1931,225900
1848,225932
1851,225964
1977,225996
1385,226028
1515,226060
842,226092
1053,226124
793,226156
219,226188
329,226220
190,226252
107,226284
654,226316
844,226348
1145,226380
1294,226412
1152,226444
1816,226476
1612,226508
1881,226540
2122,226572
1486,226604
1269,226636
1384,226668
809,226700
920,226732
328,226764
169,226796
0,226828
0,226860
571,226892
332,226924
606,226956
1193,226988
1054,227020
1289,227052
1514,227084
1751,227116
2377,227148
2041,227180
1901,227212
1611,227244
1305,227276
1147,227308
877,227340
685,227372
416,227404
190,227436
284,227468
511,227500
704,227532
969,227564
1167,227596
1038,227628
1628,227660
1500,227692
1787,227724
1808,227756
1629,227788
1447,227820
1175,227852
986,227884
758,227916
535,227948
301,227980
0,228012
0,228044
399,228076
249,228108
857,228140
1056,228172
956,228204
1513,228236
1706,228268
1657,228300
2173,228332
2144,228364
1983,228396
1290,228428
1066,228460
1245,228492
603,228524
420,228556
512,228588
0,228620
0,228652
25,228684
328,228716
464,228748
710,228780
1434,228812
1147,228844
1406,228876
2139,228908
1878,228940
1773,228972
1484,229004
1308,229036
1483,229068
1164,229100
1020,229132
797,229164
457,229196
345,229228
266,229260
489,229292
730,229324
912,229356
1180,229388
1376,229420
1576,229452
1837,229484
2032,229516
1869,229548
1998,229580
1403,229612
1176,229644
942,229676
718,229708
551,229740
268,229772
94,229804
0,229836
0,229868
221,229900
364,229932
682,229964
1261,229996
1040,230028
1725,230060
1931,230092
1785,230124
2237,230156
2010,230188
1448,230220
1530,230252
1271,230284
1103,230316
810,230348
207,230380
383,230412
0,230444
5,230476
602,230508
452,230540
681,230572
1248,230604
1127,230636
1706,230668
1564,230700
1866,230732
1752,230764
1536,230796
1803,230828
1095,230860
906,230892
1035,230924
455,230956
245,230988
312,231020
0,231052
491,231084
637,231116
953,231148
1131,231180
1406,231212
1597,231244
1786,231276
2059,231308
2254,231340
2104,231372
1864,231404
1625,231436
1370,231468
1164,231500
907,231532
326,231564
443,231596
0,231628
0,231660
79,231692
364,231724
631,231756
813,231788
1080,231820
1578,231852
1529,231884
1771,231916
1868,231948
1739,231980
1869,232012
1229,232044
1391,232076
1135,232108
585,232140
667,232172
410,232204
0,232236
269,232268
506,232300
797,232332
587,232364
814,232396
1461,232428
1273,232460
1531,232492
2122,232524
1837,232556
1963,232588
1352,232620
1192,232652
889,232684
667,232716
938,232748
203,232780
23,232812
235,232844
3,232876
268,232908
847,232940
726,232972
1350,233004
1500,233036
1820,233068
2059,233100
2160,233132
2251,233164
1975,233196
1721,233228
1498,233260
1228,233292
1020,233324
768,233356
506,233388
312,233420
136,233452
31,233484
602,233516
473,233548
698,233580
926,233612
1158,233644
1866,233676
1612,233708
1901,233740
2062,233772
1512,233804
1321,233836
1451,233868
871,233900
987,233932
330,233964
525,233996
283,234028
0,234060
476,234092
712,234124
620,234156
1163,234188
1358,234220
1673,234252
1820,234284
1672,234316
2299,234348
1631,234380
1432,234412
1596,234444
974,234476
1120,234508
864,234540
298,234572
410,234604
0,234636
0,234668
125,234700
394,234732
1095,234764
1245,234796
1114,234828
1709,234860
1579,234892
1806,234924
2219,234956
1655,234988
1846,235020
1514,235052
1373,235084
1087,235116
909,235148
637,235180
362,235212
163,235244
348,235276
572,235308
800,235340
1024,235372
1228,235404
1161,235436
1692,235468
1561,235500
2157,235532
1742,235564
1574,235596
1280,235628
1111,235660
924,235692
666,235724
471,235756
253,235788
25,235820
0,235852
23,235884
347,235916
925,235948
747,235980
1373,236012
1577,236044
1769,236076
2045,236108
2240,236140
1787,236172
1836,236204
1611,236236
1463,236268
767,236300
543,236332
732,236364
101,236396
265,236428
220,236460
108,236492
382,236524
538,236556
840,236588
973,236620
1216,236652
1963,236684
2183,236716
1896,236748
2169,236780
1424,236812
1254,236844
1386,236876
794,236908
971,236940
666,236972
510,237004
279,237036
380,237068
605,237100
790,237132
1015,237164
1246,237196
1434,237228
1696,237260
1902,237292
2105,237324
1866,237356
1943,237388
1342,237420
1470,237452
891,237484
666,237516
440,237548
216,237580
43,237612
0,237644
19,237676
286,237708
472,237740
732,237772
874,237804
1192,237836
1789,237868
1558,237900
2253,237932
2184,237964
1944,237996
1709,238028
1481,238060
933,238092
1007,238124
747,238156
591,238188
286,238220
0,238252
427,238284
251,238316
506,238348
1115,238380
956,238412
1182,238444
1769,238476
1642,238508
2236,238540
1692,238572
1531,238604
1724,238636
1034,238668
1276,238700
583,238732
404,238764
525,238796
0,238828
0,238860
464,238892
379,238924
1003,238956
839,238988
1467,239020
1661,239052
1933,239084
2127,239116
2272,239148
2075,239180
1804,239212
1581,239244
1002,239276
1102,239308
841,239340
640,239372
384,239404
0,239436
254,239468
141,239500
423,239532
576,239564
869,239596
1143,239628
1322,239660
1592,239692
2104,239724
1911,239756
1675,239788
1342,239820
1211,239852
1353,239884
1070,239916
875,239948
618,239980
76,240012
131,240044
330,240076
287,240108
792,240140
1008,240172
1322,240204
1099,240236
1324,240268
1994,240300
1786,240332
1775,240364
1912,240396
1317,240428
1424,240460
832,240492
681,240524
856,240556
170,240588
415,240620
0,240652
58,240684
749,240716
504,240748
792,240780
1372,240812
1227,240844
1880,240876
1692,240908
2359,240940
2189,240972
1834,241004
1721,241036
1438,241068
1207,241100
976,241132
716,241164
94,241196
250,241228
203,241260
462,241292
651,241324
528,241356
1117,241388
986,241420
1222,241452
1436,241484
1678,241516
1925,241548
1630,241580
1452,241612
1534,241644
1000,241676
809,241708
937,241740
359,241772
477,241804
203,241836
343,241868
537,241900
412,241932
1001,241964
1231,241996
1133,242028
1690,242060
1885,242092
2201,242124
2191,242156
1576,242188
1771,242220
1113,242252
920,242284
1069,242316
458,242348
608,242380
350,242412
0,242444
43,242476
190,242508
489,242540
640,242572
904,242604
1607,242636
1357,242668
1640,242700
2249,242732
1822,242764
1592,242796
1367,242828
1133,242860
1307,242892
989,242924
857,242956
587,242988
393,243020
201,243052
412,243084
255,243116
862,243148
1086,243180
1312,243212
1564,243244
1752,243276
2023,243308
2221,243340
1688,243372
1823,243404
1227,243436
1062,243468
778,243500
600,243532
416,243564
152,243596
0,243628
0,243660
173,243692
395,243724
975,243756
855,243788
1439,243820
1270,243852
1902,243884
2109,243916
1963,243948
2048,243980
1786,244012
1261,244044
1312,244076
1088,244108
939,244140
266,244172
44,244204
206,244236
0,244268
541,244300
734,244332
622,244364
892,244396
1040,244428
1351,244460
1498,244492
1738,244524
2334,244556
1564,244588
1382,244620
1625,244652
908,244684
742,244716
460,244748
287,244780
443,244812
109,244844
428,244876
671,244908
903,244940
1127,244972
1308,245004
1102,245036
1770,245068
1964,245100
2236,245132
2158,245164
1885,245196
1677,245228
1407,245260
831,245292
960,245324
383,245356
156,245388
0,245420
0,245452
77,245484
252,245516
534,245548
807,245580
983,245612
1256,245644
1847,245676
1675,245708
2328,245740
1692,245772
1912,245804
1655,245836
1063,245868
1183,245900
966,245932
414,245964
495,245996
223,246028
281,246060
445,246092
328,246124
940,246156
765,246188
1018,246220
1632,246252
1465,246284
1708,246316
2256,246348
1658,246380
1784,246412
1178,246444
1018,246476
714,246508
524,246540
760,246572
59,246604
0,246636
331,246668
212,246700
443,246732
986,246764
888,246796
1525,246828
1352,246860
1997,246892
2187,246924
2175,246956
2015,246988
1752,247020
1545,247052
1274,247084
1048,247116
824,247148
585,247180
331,247212
120,247244
316,247276
202,247308
765,247340
649,247372
924,247404
1099,247436
1380,247468
1657,247500
1848,247532
1838,247564
1613,247596
1383,247628
1147,247660
826,247692
696,247724
825,247756
206,247788
351,247820
199,247852
121,247884
655,247916
856,247948
797,247980
1296,248012
1532,248044
1851,248076
1615,248108
1852,248140
2126,248172
1454,248204
1259,248236
1374,248268
807,248300
910,248332
327,248364
169,248396
0,248428
0,248460
571,248492
299,248524
568,248556
1261,248588
1006,248620
1300,248652
1896,248684
1755,248716
2376,248748
1718,248780
1895,248812
1659,248844
1306,248876
1195,248908
912,248940
685,248972
456,249004
188,249036
318,249068
510,249100
713,249132
972,249164
1175,249196
1040,249228
1629,249260
1499,249292
1738,249324
1804,249356
1566,249388
1401,249420
1116,249452
939,249484
760,249516
487,249548
302,249580
425,249612
0,249644
409,249676
205,249708
859,249740
1065,249772
925,249804
1513,249836
1758,249868
1655,249900
2223,249932
2137,249964
1512,249996
1662,250028
1054,250060
1247,250092
605,250124
409,250156
554,250188
0,250220
184,250252
396,250284
278,250316
841,250348
712,250380
1001,250412
1150,250444
1416,250476
2141,250508
1882,250540
1770,250572
1911,250604
1303,250636
1069,250668
856,250700
616,250732
795,250764
477,250796
343,250828
267,250860
553,250892
733,250924
922,250956
1179,250988
1374,251020
1615,251052
1848,251084
2078,251116
2237,251148
2029,251180
1769,251212
1168,251244
1292,251276
715,251308
540,251340
256,251372
94,251404
0,251436
0,251468
218,251500
461,251532
682,251564
909,251596
1040,251628
1369,251660
1977,251692
1800,251724
2281,251756
1999,251788
1436,251820
1531,251852
1260,251884
1023,251916
796,251948
575,251980
411,252012
0,252044
0,252076
603,252108
424,252140
1049,252172
1248,252204
1128,252236
1404,252268
1565,252300
1867,252332
1744,252364
1515,252396
1800,252428
1052,252460
860,252492
1101,252524
408,252556
232,252588
0,252620
0,252652
494,252684
638,252716
952,252748
1181,252780
1406,252812
1655,252844
1833,252876
2061,252908
2304,252940
2104,252972
1898,253004
1626,253036
1357,253068
1152,253100
893,253132
320,253164
444,253196
0,253228
0,253260
86,253292
316,253324
599,253356
762,253388
1034,253420
1308,253452
1497,253484
1783,253516
2329,253548
1725,253580
1865,253612
1176,253644
1390,253676
1136,253708
551,253740
667,253772
442,253804
167,253836
312,253868
510,253900
809,253932
958,253964
816,253996
1467,254028
1272,254060
1534,254092
2172,254124
1836,254156
1596,254188
1726,254220
1144,254252
1258,254284
666,254316
509,254348
205,254380
21,254412
219,254444
381,254476
276,254508
845,254540
723,254572
952,254604
1500,254636
1405,254668
2062,254700
1868,254732
2253,254764
1965,254796
1781,254828
1497,254860
1226,254892
1017,254924
762,254956
527,254988
300,255020
168,255052
368,255084
632,255116
829,255148
702,255180
1288,255212
1162,255244
1444,255276
1614,255308
1912,255340
1788,255372
1515,255404
1321,255436
1097,255468
871,255500
637,255532
318,255564
184,255596
301,255628
0,255660
523,255692
719,255724
905,255756
1167,255788
1367,255820
1307,255852
1824,255884
2064,255916
2333,255948
1626,255980
1401,256012
1593,256044
938,256076
748,256108
859,256140
299,256172
400,256204
0,256236
0,256268
128,256300
366,256332
1085,256364
1305,256396
1070,256428
1789,256460
1530,256492
1819,256524
2256,256556
1652,256588
1837,256620
1181,256652
1367,256684
1135,256716
791,256748
681,256780
410,256812
149,256844
394,256876
584,256908
843,256940
1038,256972
1230,257004
1487,257036
1691,257068
1564,257100
2169,257132
1744,257164
1516,257196
1279,257228
1064,257260
879,257292
604,257324
425,257356
247,257388
0,257420
0,257452
471,257484
343,257516
926,257548
711,257580
1384,257612
1583,257644
1805,257676
1705,257708
2286,257740
1785,257772
1880,257804
1609,257836
1451,257868
1145,257900
540,257932
730,257964
91,257996
0,258028
256,258060
112,258092
701,258124
604,258156
795,258188
1367,258220
1214,258252
1527,258284
2183,258316
1896,258348
2155,258380
1422,258412
1244,258444
1373,258476
794,258508
558,258540
334,258572
107,258604
269,258636
288,258668
619,258700
795,258732
1069,258764
1247,258796
1436,258828
1705,258860
1904,258892
2141,258924
2208,258956
1978,258988
1712,259020
1503,259052
1239,259084
665,259116
784,259148
215,259180
36,259212
0,259244
30,259276
295,259308
477,259340
743,259372
957,259404
1193,259436
1431,259468
1552,259500
1886,259532
2221,259564
1933,259596
1739,259628
1471,259660
921,259692
1005,259724
736,259756
238,259788
282,259820
155,259852
462,259884
254,259916
474,259948
1120,259980
932,260012
1579,260044
1783,260076
1646,260108
1932,260140
1691,260172
1532,260204
1719,260236
1004,260268
1271,260300
538,260332
358,260364
589,260396
0,260428
0,260460
112,260492
390,260524
1016,260556
1148,260588
1477,260620
1709,260652
1933,260684
2183,260716
2312,260748
2071,260780
1848,260812
1564,260844
1372,260876
1100,260908
842,260940
633,260972
381,261004
0,261036
265,261068
153,261100
374,261132
589,261164
824,261196
1098,261228
1274,261260
1560,261292
1845,261324
1863,261356
1672,261388
1339,261420
1209,261452
1341,261484
1065,261516
874,261548
608,261580
39,261612
135,261644
379,261676
295,261708
831,261740
1023,261772
1337,261804
1472,261836
1327,261868
1992,261900
1789,261932
1774,261964
1949,261996
1308,262028
1084,262060
1198,262092
632,262124
454,262156
155,262188
4,262220
0,262252
60,262284
750,262316
507,262348
782,262380
1369,262412
1236,262444
1463,262476
2031,262508
1931,262540
2189,262572
1527,262604
1721,262636
1435,262668
1245,262700
973,262732
702,262764
505,262796
250,262828
235,262860
460,262892
688,262924
889,262956
1149,262988
1339,263020
1213,263052
1807,263084
1679,263116
1926,263148
1630,263180
1450,263212
1260,263244
988,263276
808,263308
840,263340
349,263372
125,263404
237,263436
7,263468
591,263500
423,263532
1035,263564
1231,263596
1144,263628
1695,263660
1899,263692
1833,263724
2192,263756
1952,263788
1804,263820
1103,263852
888,263884
1069,263916
427,263948
238,263980
350,264012
0,264044
56,264076
200,264108
499,264140
648,264172
878,264204
1613,264236
1326,264268
1592,264300
2327,264332
1772,264364
1590,264396
1728,264428
1130,264460
1305,264492
681,264524
843,264556
617,264588
266,264620
263,264652
458,264684
254,264716
908,264748
1100,264780
1358,264812
1560,264844
1758,264876
2025,264908
2224,264940
1680,264972
1822,265004
1228,265036
1000,265068
765,265100
552,265132
377,265164
104,265196
0,265228
205,265260
136,265292
396,265324
983,265356
859,265388
1447,265420
1222,265452
1899,265484
2121,265516
1914,265548
2048,265580
1823,265612
1260,265644
1352,265676
1083,265708
927,265740
631,265772
44,265804
203,265836
0,265868
171,265900
778,265932
623,265964
855,265996
1424,266028
1304,266060
1886,266092
1742,266124
1880,266156
1566,266188
1369,266220
1625,266252
909,266284
732,266316
861,266348
280,266380
55,266412
0,266444
43,266476
665,266508
810,266540
1127,266572
1307,266604
1467,266636
1775,266668
1968,266700
2247,266732
2154,266764
1916,266796
1678,266828
1451,266860
1179,266892
976,266924
719,266956
144,266988
268,267020
0,267052
86,267084
256,267116
537,267148
795,267180
986,267212
1256,267244
1485,267276
1719,267308
1947,267340
1688,267372
1544,267404
1689,267436
1050,267468
1215,267500
953,267532
410,267564
493,267596
224,267628
0,267660
448,267692
682,267724
982,267756
762,267788
987,267820
1643,267852
1438,267884
1720,267916
2255,267948
1659,267980
1468,268012
1175,268044
1016,268076
712,268108
486,268140
748,268172
36,268204
0,268236
411,268268
168,268300
442,268332
623,268364
894,268396
1531,268428
1678,268460
2007,268492
2239,268524
2176,268556
2077,268588
1786,268620
1544,268652
1310,268684
1050,268716
848,268748
588,268780
328,268812
101,268844
318,268876
203,268908
766,268940
654,268972
874,269004
1103,269036
1327,269068
1623,269100
1798,269132
1797,269164
1607,269196
1326,269228
1146,269260
828,269292
696,269324
812,269356
157,269388
347,269420
199,269452
85,269484
656,269516
894,269548
796,269580
1341,269612
1536,269644
1851,269676
2008,269708
1834,269740
2111,269772
1452,269804
1256,269836
1416,269868
808,269900
572,269932
684,269964
120,269996
222,270028
0,270060
157,270092
304,270124
572,270156
1272,270188
1020,270220
1292,270252
1899,270284
1756,270316
1943,270348
2032,270380
1479,270412
1659,270444
1328,270476
1195,270508
921,270540
733,270572
447,270604
182,270636
331,270668
526,270700
750,270732
974,270764
1200,270796
1405,270828
1672,270860
1869,270892
1740,270924
2173,270956
1575,270988
1400,271020
1104,271052
940,271084
748,271116
476,271148
295,271180
332,271212
0,271244
62,271276
203,271308
512,271340
1103,271372
925,271404
1551,271436
1757,271468
1659,271500
2233,271532
2140,271564
1609,271596
1659,271628
1437,271660
1275,271692
600,271724
377,271756
558,271788
0,271820
0,271852
396,271884
293,271916
845,271948
704,271980
1011,272012
1160,272044
1390,272076
2152,272108
1849,272140
1708,272172
1967,272204
1254,272236
1070,272268
1209,272300
618,272332
795,272364
476,272396
329,272428
329,272460
442,272492
791,272524
972,272556
1193,272588
1422,272620
1612,272652
1884,272684
2080,272716
2236,272748
2029,272780
1758,272812
1164,272844
1294,272876
713,272908
488,272940
268,272972
40,273004
0,273036
0,273068
201,273100
718,273132
648,273164
907,273196
1497,273228
1369,273260
1976,273292
1740,273324
2268,273356
1999,273388
1399,273420
1527,273452
1296,273484
744,273516
832,273548
571,273580
413,273612
87,273644
0,273676
605,273708
425,273740
681,273772
1294,273804
1131,273836
1752,273868
1952,273900
1822,273932
2126,273964
1515,273996
1355,274028
1040,274060
856,274092
1099,274124
797,274156
230,274188
349,274220
0,274252
103,274284
650,274316
555,274348
1191,274380
1339,274412
1654,274444
1837,274476
2123,274508
2313,274540
2090,274572
1885,274604
1624,274636
1391,274668
1164,274700
927,274732
667,274764
138,274796
202,274828
0,274860
441,274892
314,274924
590,274956
765,274988
1038,275020
1310,275052
1498,275084
1783,275116
1963,275148
1722,275180
1485,275212
1162,275244
1031,275276
1163,275308
538,275340
699,275372
447,275404
167,275436
313,275468
509,275500
461,275532
957,275564
1196,275596
1511,275628
1275,275660
1514,275692
2173,275724
1799,275756
1993,275788
1724,275820
1134,275852
956,275884
664,275916
504,275948
203,275980
0,276012
231,276044
445,276076
233,276108
925,276140
681,276172
965,276204
1548,276236
1401,276268
2073,276300
2206,276332
2248,276364
2013,276396
1769,276428
1535,276460
1260,276492
1019,276524
798,276556
524,276588
334,276620
184,276652
380,276684
310,276716
832,276748
704,276780
1291,276812
1161,276844
1388,276876
1624,276908
1861,276940
1739,276972
1450,277004
1275,277036
1095,277068
823,277100
634,277132
318,277164
184,277196
285,277228
0,277260
523,277292
728,277324
938,277356
1179,277388
1405,277420
1319,277452
1871,277484
2074,277516
2331,277548
2011,277580
1402,277612
1593,277644
940,277676
744,277708
892,277740
292,277772
72,277804
157,277836
0,277868
493,277900
376,277932
668,277964
1305,277996
1084,278028
1799,278060
1533,278092
1820,278124
2253,278156
1645,278188
1415,278220
1502,278252
952,278284
1134,278316
503,278348
679,278380
397,278412
199,278444
395,278476
588,278508
842,278540
1038,278572
1264,278604
1162,278636
1728,278668
1935,278700
2202,278732
2110,278764
1514,278796
1645,278828
1051,278860
878,278892
604,278924
424,278956
238,278988
0,279020
0,279052
379,279084
346,279116
573,279148
714,279180
1030,279212
1625,279244
1817,279276
2093,279308
2288,279340
1783,279372
1871,279404
1600,279436
1081,279468
1136,279500
912,279532
762,279564
79,279596
0,279628
266,279660
87,279692
357,279724
908,279756
804,279788
1368,279820
1226,279852
1526,279884
2184,279916
1866,279948
2155,279980
1389,280012
1194,280044
1438,280076
743,280108
568,280140
688,280172
104,280204
267,280236
2,280268
617,280300
845,280332
955,280364
1307,280396
1486,280428
1721,280460
1952,280492
2142,280524
1802,280556
1966,280588
1705,280620
1501,280652
1241,280684
652,280716
777,280748
206,280780
0,280812
0,280844
0,280876
260,280908
428,280940
710,280972
1241,281004
1161,281036
1435,281068
2029,281100
1899,281132
2213,281164
1932,281196
1736,281228
1467,281260
877,281292
1003,281324
781,281356
236,281388
314,281420
159,281452
473,281484
622,281516
487,281548
1119,281580
928,281612
1195,281644
1821,281676
1648,281708
2283,281740
1708,281772
1482,281804
1294,281836
1001,281868
840,281900
537,281932
348,281964
583,281996
0,282028
0,282060
509,282092
382,282124
619,282156
842,282188
1069,282220
1709,282252
1854,282284
2187,282316
2315,282348
2123,282380
1837,282412
1562,282444
938,282476
1098,282508
864,282540
638,282572
409,282604
152,282636
297,282668
491,282700
368,282732
942,282764
828,282796
1100,282828
1280,282860
1563,282892
1844,282924
1852,282956
1661,282988
1433,283020
1196,283052
971,283084
1102,283116
510,283148
639,283180
36,283212
163,283244
381,283276
287,283308
839,283340
1022,283372
973,283404
1481,283436
1720,283468
2040,283500
1800,283532
1744,283564
1935,283596
1275,283628
1456,283660
1196,283692
622,283724
446,283756
143,283788
0,283820
0,283852
39,283884
759,283916
487,283948
742,283980
1446,284012
1194,284044
1468,284076
1648,284108
1942,284140
2183,284172
1856,284204
1707,284236
1481,284268
1241,284300
1007,284332
734,284364
94,284396
280,284428
234,284460
504,284492
700,284524
894,284556
1147,284588
1342,284620
1216,284652
1821,284684
1680,284716
1862,284748
1628,284780
1390,284812
1221,284844
938,284876
764,284908
583,284940
311,284972
122,285004
231,285036
18,285068
583,285100
380,285132
1032,285164
1243,285196
1101,285228
1705,285260
1946,285292
1835,285324
2221,285356
1963,285388
1801,285420
1482,285452
878,285484
1071,285516
423,285548
236,285580
382,285612
0,285644
19,285676
573,285708
456,285740
1021,285772
880,285804
1191,285836
1326,285868
1600,285900
2329,285932
1771,285964
1591,285996
1725,286028
1127,286060
895,286092
987,286124
444,286156
615,286188
0,286220
269,286252
463,286284
608,286316
907,286348
1100,286380
1357,286412
1552,286444
1789,286476
2026,286508
2266,286540
2047,286572
1850,286604
1581,286636
988,286668
1129,286700
541,286732
365,286764
88,286796
0,286828
0,286860
140,286892
413,286924
639,286956
859,286988
1085,287020
1226,287052
1547,287084
2156,287116
1925,287148
2091,287180
1821,287212
1259,287244
1355,287276
1086,287308
573,287340
622,287372
396,287404
232,287436
0,287468
143,287500
783,287532
589,287564
858,287596
1432,287628
1306,287660
1888,287692
1742,287724
1882,287756
1560,287788
1337,287820
1623,287852
876,287884
684,287916
925,287948
230,287980
56,288012
139,288044
52,288076
683,288108
504,288140
1128,288172
1367,288204
1466,288236
1837,288268
2013,288300
2249,288332
2202,288364
1912,288396
1712,288428
1440,288460
1179,288492
985,288524
717,288556
144,288588
266,288620
0,288652
27,288684
252,288716
488,288748
763,288780
936,288812
1211,288844
1483,288876
1687,288908
1959,288940
2151,288972
1546,289004
1677,289036
988,289068
1208,289100
951,289132
375,289164
492,289196
256,289228
0,289260
492,289292
685,289324
539,289356
1147,289388
991,289420
1642,289452
1451,289484
1710,289516
2286,289548
1646,289580
1808,289612
1536,289644
955,289676
1080,289708
476,289740
332,289772
25,289804
0,289836
413,289868
176,289900
445,289932
1023,289964
904,289996
1127,290028
1354,290060
1581,290092
2248,290124
2205,290156
2071,290188
1783,290220
1593,290252
1307,290284
1036,290316
845,290348
586,290380
351,290412
106,290444
349,290476
553,290508
811,290540
1004,290572
877,290604
1464,290636
1339,290668
1626,290700
1802,290732
1797,290764
1607,290796
1335,290828
1143,290860
921,290892
684,290924
461,290956
143,290988
8,291020
237,291052
78,291084
699,291116
896,291148
807,291180
1353,291212
1550,291244
1776,291276
2012,291308
2252,291340
2155,291372
1438,291404
1224,291436
1417,291468
761,291500
940,291532
682,291564
120,291596
0,291628
0,291660
158,291692
313,291724
540,291756
1276,291788
988,291820
1252,291852
1977,291884
1708,291916
1942,291948
1657,291980
1466,292012
1653,292044
1328,292076
1191,292108
955,292140
729,292172
491,292204
215,292236
333,292268
574,292300
760,292332
1020,292364
1214,292396
1407,292428
1677,292460
1883,292492
1741,292524
2168,292556
1565,292588
1336,292620
1100,292652
874,292684
709,292716
426,292748
249,292780
71,292812
0,292844
71,292876
639,292908
521,292940
1099,292972
878,293004
1561,293036
1760,293068
1623,293100
2233,293132
2173,293164
1887,293196
1692,293228
1421,293260
1273,293292
959,293324
363,293356
557,293388
0,293420
0,293452
440,293484
283,293516
511,293548
1083,293580
968,293612
1535,293644
1401,293676
1703,293708
1864,293740
1712,293772
1388,293804
1661,293836
1067,293868
1193,293900
616,293932
395,293964
474,293996
0,294028
318,294060
170,294092
791,294124
969,294156
1245,294188
1421,294220
1622,294252
1897,294284
2092,294316
2266,294348
2016,294380
1789,294412
1518,294444
1311,294476
1064,294508
479,294540
605,294572
40,294604
0,294636
0,294668
206,294700
461,294732
652,294764
920,294796
1147,294828
1372,294860
1608,294892
1742,294924
1896,294956
2031,294988
1385,295020
1559,295052
1295,295084
1020,295116
827,295148
568,295180
73,295212
89,295244
346,295276
653,295308
425,295340
654,295372
1290,295404
1112,295436
1370,295468
1962,295500
1837,295532
2127,295564
1502,295596
1352,295628
1040,295660
824,295692
1096,295724
845,295756
170,295788
411,295820
0,295852
106,295884
688,295916
556,295948
1192,295980
1012,296012
1656,296044
1897,296076
1997,296108
2365,296140
2136,296172
1885,296204
1660,296236
1376,296268
1182,296300
922,296332
666,296364
471,296396
201,296428
0,296460
440,296492
320,296524
550,296556
767,296588
999,296620
1273,296652
1449,296684
1740,296716
1950,296748
1677,296780
1483,296812
1614,296844
1035,296876
1163,296908
488,296940
683,296972
431,297004
190,297036
317,297068
556,297100
471,297132
1004,297164
1197,297196
1513,297228
1661,297260
1517,297292
2176,297324
1801,297356
1596,297388
1760,297420
1129,297452
1278,297484
1020,297516
455,297548
568,297580
0,297612
0,297644
445,297676
232,297708
924,297740
685,297772
964,297804
1549,297836
1416,297868
1653,297900
1882,297932
1816,297964
1996,297996
1676,298028
1533,298060
1259,298092
1071,298124
797,298156
520,298188
329,298220
182,298252
413,298284
640,298316
874,298348
1068,298380
1325,298412
1529,298444
1402,298476
1996,298508
1865,298540
1738,298572
1448,298604
1272,298636
1083,298668
815,298700
631,298732
399,298764
183,298796
0,298828
0,298860
187,298892
767,298924
943,298956
1213,298988
1419,299020
1319,299052
1883,299084
2078,299116
1949,299148
2011,299180
1775,299212
1624,299244
926,299276
713,299308
892,299340
250,299372
429,299404
155,299436
0,299468
230,299500
379,299532
680,299564
1304,299596
1062,299628
1803,299660
1512,299692
1772,299724
2327,299756
1593,299788
1415,299820
1134,299852
949,299884
1127,299916
816,299948
667,299980
441,300012
199,300044
445,300076
632,300108
857,300140
1096,300172
1276,300204
1534,300236
1740,300268
1936,300300
2203,300332
2109,300364
1503,300396
1640,300428
1048,300460
824,300492
598,300524
376,300556
199,300588
0,300620
0,300652
136,300684
313,300716
582,300748
716,300780
1022,300812
1627,300844
1816,300876
2091,300908
2297,300940
1738,300972
1879,301004
1642,301036
1079,301068
1175,301100
907,301132
759,301164
440,301196
0,301228
268,301260
95,301292
347,301324
944,301356
794,301388
1032,301420
1609,301452
1480,301484
1771,301516
1854,301548
1704,301580
1386,301612
1192,301644
1433,301676
740,301708
556,301740
681,301772
104,301804
0,301836
300,301868
215,301900
845,301932
671,301964
1305,301996
1487,302028
1769,302060
1951,302092
2156,302124
2236,302156
1968,302188
1728,302220
1488,302252
1263,302284
1004,302316
809,302348
544,302380
0,302412
73,302444
0,302476
263,302508
430,302540
712,302572
985,302604
1162,302636
1433,302668
1936,302700
1898,302732
1835,302764
1967,302796
1367,302828
1501,302860
870,302892
1024,302924
779,302956
233,302988
315,303020
172,303052
125,303084
622,303116
861,303148
1162,303180
939,303212
1168,303244
1824,303276
1627,303308
1896,303340
2064,303372
1470,303404
1300,303436
987,303468
840,303500
528,303532
314,303564
574,303596
0,303628
0,303660
585,303692
348,303724
616,303756
1198,303788
1078,303820
1707,303852
1532,303884
2199,303916
2361,303948
1993,303980
1885,304012
1600,304044
938,304076
1146,304108
862,304140
672,304172
412,304204
139,304236
297,304268
491,304300
377,304332
943,304364
830,304396
1052,304428
1280,304460
1512,304492
1803,304524
1800,304556
1614,304588
1694,304620
1162,304652
968,304684
1097,304716
511,304748
645,304780
0,304812
167,304844
383,304876
253,304908
839,304940
1072,304972
983,305004
1528,305036
1724,305068
2041,305100
2191,305132
1742,305164
1943,305196
1272,305228
1072,305260
1238,305292
621,305324
404,305356
508,305388
0,305420
157,305452
31,305484
334,305516
479,305548
746,305580
1447,305612
1196,305644
1484,305676
2087,305708
1944,305740
1757,305772
1515,305804
1589,305836
1478,305868
1162,305900
1017,305932
733,305964
429,305996
281,306028
248,306060
509,306092
704,306124
925,306156
1162,306188
1385,306220
1583,306252
1852,306284
2064,306316
1849,306348
1983,306380
1390,306412
1214,306444
936,306476
761,306508
573,306540
312,306572
108,306604
0,306636
18,306668
251,306700
380,306732
697,306764
1277,306796
1102,306828
1741,306860
1945,306892
1847,306924
2223,306956
1950,306988
1431,307020
1472,307052
1248,307084
1097,307116
415,307148
200,307180
376,307212
0,307244
18,307276
574,307308
458,307340
730,307372
890,307404
1190,307436
1336,307468
1578,307500
2331,307532
1738,307564
1530,307596
1798,307628
1070,307660
903,307692
622,307724
441,307756
601,307788
302,307820
267,307852
509,307884
619,307916
969,307948
1144,307980
1369,308012
1610,308044
1802,308076
2074,308108
2268,308140
2045,308172
1849,308204
1577,308236
985,308268
1117,308300
540,308332
314,308364
91,308396
0,308428
0,308460
94,308492
376,308524
633,308556
828,308588
1085,308620
1227,308652
1547,308684
2167,308716
1851,308748
2086,308780
1817,308812
1210,308844
1353,308876
1115,308908
568,308940
654,308972
396,309004
231,309036
286,309068
156,309100
791,309132
601,309164
860,309196
1480,309228
1317,309260
1545,309292
2140,309324
1820,309356
1948,309388
1336,309420
1177,309452
873,309484
680,309516
921,309548
231,309580
54,309612
163,309644
57,309676
283,309708
826,309740
731,309772
1369,309804
1504,309836
1835,309868
2023,309900
2311,309932
2185,309964
1902,309996
1705,310028
1436,310060
1210,310092
973,310124
747,310156
491,310188
286,310220
142,310252
44,310284
606,310316
493,310348
774,310380
940,310412
1222,310444
1495,310476
1688,310508
1961,310540
2056,310572
1543,310604
1309,310636
988,310668
859,310700
975,310732
364,310764
525,310796
251,310828
0,310860
491,310892
684,310924
633,310956
1146,310988
1372,311020
1689,311052
1451,311084
1692,311116
2285,311148
1612,311180
1416,311212
1534,311244
955,311276
1078,311308
478,311340
328,311372
22,311404
0,311436
408,311468
142,311500
408,311532
1101,311564
856,311596
1141,311628
1735,311660
1590,311692
2237,311724
2206,311756
2060,311788
1823,311820
1464,311852
1353,311884
1084,311916
841,311948
624,311980
350,312012
140,312044
362,312076
557,312108
811,312140
1007,312172
879,312204
1468,312236
1340,312268
1565,312300
1806,312332
1736,312364
1560,312396
1274,312428
1097,312460
1167,312492
649,312524
458,312556
575,312588
8,312620
247,312652
43,312684
699,312716
907,312748
775,312780
1355,312812
1584,312844
1496,312876
2060,312908
2253,312940
2141,312972
1832,313004
1214,313036
1405,313068
761,313100
560,313132
718,313164
109,313196
249,313228
232,313260
134,313292
687,313324
540,313356
844,313388
999,313420
1256,313452
1977,313484
2141,313516
1933,313548
2073,313580
1452,313612
1238,313644
1328,313676
777,313708
953,313740
638,313772
493,313804
219,313836
393,313868
583,313900
760,313932
1021,313964
1216,313996
1450,314028
1678,314060
1915,314092
2122,314124
1852,314156
1929,314188
1336,314220
1454,314252
877,314284
708,314316
425,314348
251,314380
61,314412
0,314444
72,314476
303,314508
523,314540
749,314572
892,314604
1208,314636
1805,314668
1630,314700
2271,314732
2173,314764
1887,314796
1695,314828
1420,314860
909,314892
959,314924
734,314956
583,314988
0,315020
0,315052
444,315084
261,315116
903,315148
1088,315180
969,315212
1242,315244
1403,315276
1706,315308
1855,315340
1680,315372
1975,315404
1709,315436
1018,315468
1269,315500
556,315532
380,315564
506,315596
0,315628
331,315660
480,315692
794,315724
1021,315756
1255,315788
1485,315820
1672,315852
1887,315884
2138,315916
2264,315948
2062,315980
1786,316012
1520,316044
985,316076
1065,316108
487,316140
602,316172
30,316204
0,316236
0,316268
144,316300
438,316332
605,316364
889,316396
1148,316428
1336,316460
1611,316492
1744,316524
1895,316556
2029,316588
1325,316620
1559,316652
1295,316684
1053,316716
825,316748
604,316780
71,316812
135,316844
346,316876
639,316908
800,316940
656,316972
1296,317004
1115,317036
1371,317068
2012,317100
1832,317132
1768,317164
1884,317196
1304,317228
1406,317260
816,317292
669,317324
843,317356
174,317388
407,317420
0,317452
120,317484
695,317516
568,317548
795,317580
1338,317612
1244,317644
1899,317676
1708,317708
2375,317740
2123,317772
1942,317804
1655,317836
988,317868
1189,317900
924,317932
686,317964
138,317996
224,318028
218,318060
471,318092
669,318124
552,318156
1129,318188
1000,318220
1286,318252
1452,318284
1742,318316
1946,318348
1674,318380
1482,318412
1514,318444
1021,318476
795,318508
474,318540
347,318572
463,318604
185,318636
363,318668
555,318700
471,318732
1007,318764
1208,318796
1149,318828
1672,318860
1903,318892
2221,318924
1789,318956
1562,318988
1757,319020
1098,319052
903,319084
1020,319116
453,319148
568,319180
0,319212
0,319244
455,319276
206,319308
951,319340
654,319372
909,319404
1627,319436
1370,319468
1656,319500
2264,319532
1814,319564
2007,319596
1351,319628
1527,319660
1305,319692
941,319724
841,319756
570,319788
329,319820
232,319852
412,319884
268,319916
874,319948
1072,319980
1327,320012
1534,320044
1401,320076
1995,320108
1869,320140
1676,320172
1448,320204
1221,320236
1036,320268
760,320300
584,320332
663,320364
137,320396
0,320428
301,320460
184,320492
763,320524
954,320556
1214,320588
1417,320620
1287,320652
1883,320684
2124,320716
1949,320748
2047,320780
1771,320812
1615,320844
1306,320876
703,320908
891,320940
253,320972
57,321004
190,321036
0,321068
554,321100
747,321132
636,321164
915,321196
1056,321228
1357,321260
1504,321292
1776,321324
2316,321356
1580,321388
1404,321420
1533,321452
949,321484
717,321516
494,321548
267,321580
429,321612
111,321644
446,321676
635,321708
907,321740
1095,321772
1276,321804
1117,321836
1742,321868
1976,321900
2208,321932
2140,321964
1872,321996
1662,322028
1401,322060
814,322092
938,322124
366,322156
196,322188
0,322220
0,322252
137,322284
328,322316
585,322348
813,322380
1038,322412
1261,322444
1863,322476
1725,322508
2335,322540
1733,322572
1902,322604
1643,322636
1080,322668
1163,322700
906,322732
397,322764
444,322796
219,322828
300,322860
94,322892
319,322924
956,322956
775,322988
1407,323020
1613,323052
1486,323084
1773,323116
1853,323148
1694,323180
1386,323212
1150,323244
1435,323276
703,323308
506,323340
745,323372
46,323404
0,323436
0,323468
233,323500
853,323532
992,323564
1319,323596
1545,323628
1781,323660
2015,323692
2206,323724
1802,323756
2008,323788
1726,323820
1530,323852
1262,323884
1001,323916
797,323948
544,323980
0,324012
80,324044
0,324076
216,324108
431,324140
664,324172
939,324204
1114,324236
1400,324268
1673,324300
1863,324332
1832,324364
1973,324396
1367,324428
1500,324460
814,324492
1036,324524
777,324556
196,324588
303,324620
206,324652
135,324684
670,324716
863,324748
1165,324780
1312,324812
1176,324844
1834,324876
1640,324908
1901,324940
2105,324972
1468,325004
1242,325036
1369,325068
792,325100
893,325132
314,325164
156,325196
0,325228
0,325260
588,325292
357,325324
628,325356
1207,325388
1079,325420
1307,325452
1870,325484
1771,325516
2350,325548
1692,325580
1881,325612
1597,325644
1280,325676
1133,325708
864,325740
669,325772
408,325804
170,325836
301,325868
537,325900
731,325932
989,325964
1195,325996
1053,326028
1647,326060
1518,326092
1807,326124
1788,326156
1624,326188
1417,326220
1157,326252
964,326284
742,326316
519,326348
284,326380
0,326412
0,326444
413,326476
266,326508
875,326540
1081,326572
983,326604
1531,326636
1727,326668
1675,326700
2199,326732
2124,326764
1965,326796
1262,326828
1036,326860
1227,326892
585,326924
394,326956
505,326988
0,327020
171,327052
45,327084
344,327116
477,327148
720,327180
1452,327212
1168,327244
1432,327276
2165,327308
1897,327340
1756,327372
1896,327404
1276,327436
1467,327468
828,327500
1007,327532
781,327564
430,327596
325,327628
286,327660
505,327692
748,327724
936,327756
1198,327788
1392,327820
1595,327852
1855,327884
2063,327916
1848,327948
1981,327980
1385,328012
1158,328044
935,328076
710,328108
525,328140
261,328172
74,328204
0,328236
0,328268
248,328300
822,328332
699,328364
1287,328396
1062,328428
1736,328460
1947,328492
1813,328524
2221,328556
1995,328588
1423,328620
1515,328652
1243,328684
638,328716
792,328748
192,328780
376,328812
0,328844
24,328876
622,328908
473,328940
1068,328972
1259,329004
1144,329036
1721,329068
1576,329100
1885,329132
1725,329164
1528,329196
1786,329228
1066,329260
890,329292
1021,329324
438,329356
207,329388
0,329420
0,329452
504,329484
652,329516
969,329548
1149,329580
1419,329612
1611,329644
1803,329676
2075,329708
2280,329740
2088,329772
1836,329804
1612,329836
1340,329868
794,329900
879,329932
304,329964
428,329996
0,330028
0,330060
105,330092
389,330124
647,330156
836,330188
1098,330220
1321,330252
1559,330284
1799,330316
1850,330348
1709,330380
1855,330412
1208,330444
1371,330476
1115,330508
567,330540
651,330572
395,330604
151,330636
287,330668
512,330700
816,330732
606,330764
830,330796
1481,330828
1290,330860
1934,330892
2141,330924
1818,330956
1642,330988
1326,331020
1176,331052
859,331084
650,331116
921,331148
197,331180
3,331212
219,331244
19,331276
296,331308
474,331340
734,331372
1369,331404
1516,331436
1837,331468
2075,331500
2314,331532
2235,331564
1948,331596
1709,331628
1482,331660
1208,331692
1006,331724
736,331756
480,331788
281,331820
155,331852
43,331884
616,331916
496,331948
717,331980
942,332012
1168,332044
1461,332076
1640,332108
1924,332140
1783,332172
1496,332204
1307,332236
1435,332268
856,332300
981,332332
312,332364
507,332396
255,332428
0,332460
495,332492
733,332524
921,332556
1178,332588
1384,332620
1693,332652
1848,332684
1696,332716
2285,332748
1616,332780
1418,332812
1577,332844
957,332876
732,332908
843,332940
280,332972
382,333004
0,333036
8,333068
140,333100
411,333132
1103,333164
1261,333196
1133,333228
1737,333260
1594,333292
1833,333324
2202,333356
1623,333388
1829,333420
1172,333452
1351,333484
1079,333516
891,333548
619,333580
346,333612
149,333644
364,333676
588,333708
814,333740
1051,333772
1244,333804
1504,333836
1708,333868
1584,333900
2176,333932
1739,333964
1551,333996
1264,334028
1098,334060
906,334092
646,334124
455,334156
235,334188
8,334220
0,334252
44,334284
360,334316
942,334348
780,334380
1403,334412
1595,334444
1775,334476
2061,334508
2264,334540
1773,334572
1824,334604
1594,334636
1440,334668
751,334700
528,334732
715,334764
75,334796
0,334828
238,334860
125,334892
696,334924
555,334956
852,334988
991,335020
1240,335052
1978,335084
2201,335116
1882,335148
2153,335180
1416,335212
1228,335244
1368,335276
776,335308
955,335340
328,335372
503,335404
247,335436
282,335468
631,335500
808,335532
1021,335564
1262,335596
1450,335628
1722,335660
1920,335692
2126,335724
2190,335756
1931,335788
1336,335820
1467,335852
875,335884
648,335916
428,335948
196,335980
22,336012
0,336044
41,336076
301,336108
488,336140
749,336172
1341,336204
1210,336236
1813,336268
1579,336300
2279,336332
2169,336364
1918,336396
1691,336428
1464,336460
906,336492
992,336524
732,336556
573,336588
265,336620
0,336652
446,336684
263,336716
512,336748
1134,336780
972,336812
1583,336844
1789,336876
1662,336908
2264,336940
1676,336972
1513,337004
1704,337036
1006,337068
1261,337100
556,337132
381,337164
505,337196
0,337228
0,337260
167,337292
396,337324
1019,337356
1168,337388
1496,337420
1677,337452
1961,337484
2141,337516
2256,337548
2057,337580
1784,337612
1536,337644
1310,337676
1086,337708
827,337740
623,337772
366,337804
0,337836
272,337868
165,337900
427,337932
606,337964
890,337996
1160,338028
1341,338060
1623,338092
1851,338124
1882,338156
1655,338188
1326,338220
1195,338252
1327,338284
1048,338316
860,338348
600,338380
59,338412
149,338444
360,338476
301,338508
810,338540
1037,338572
1356,338604
1113,338636
1343,338668
2012,338700
1806,338732
2157,338764
1883,338796
1295,338828
1112,338860
824,338892
664,338924
839,338956
140,338988
397,339020
0,339052
74,339084
765,339116
522,339148
796,339180
971,339212
1255,339244
1899,339276
2048,339308
2380,339340
2173,339372
1934,339404
1705,339436
1416,339468
1181,339500
958,339532
686,339564
490,339596
232,339628
217,339660
474,339692
671,339724
552,339756
1129,339788
1004,339820
1228,339852
1466,339884
1694,339916
1909,339948
1621,339980
1435,340012
1256,340044
983,340076
795,340108
475,340140
343,340172
454,340204
186,340236
359,340268
560,340300
441,340332
1019,340364
1246,340396
1161,340428
1708,340460
1913,340492
2219,340524
2171,340556
1561,340588
1755,340620
1096,340652
905,340684
1054,340716
444,340748
232,340780
332,340812
0,340844
68,340876
208,340908
507,340940
668,340972
922,341004
1627,341036
1380,341068
1657,341100
2269,341132
1813,341164
1579,341196
1664,341228
1113,341260
1288,341292
653,341324
843,341356
557,341388
378,341420
235,341452
426,341484
685,341516
888,341548
1104,341580
1338,341612
1568,341644
1771,341676
2040,341708
2236,341740
1672,341772
1804,341804
1208,341836
1036,341868
1101,341900
585,341932
395,341964
126,341996
0,342028
218,342060
185,342092
421,342124
991,342156
871,342188
1456,342220
1286,342252
1919,342284
2125,342316
1943,342348
2039,342380
1769,342412
1255,342444
1294,342476
1068,342508
921,342540
246,342572
28,342604
191,342636
0,342668
187,342700
750,342732
645,342764
918,342796
1066,342828
1368,342860
1516,342892
1756,342924
2315,342956
1551,342988
1356,343020
1609,343052
894,343084
726,343116
848,343148
264,343180
430,343212
0,343244
456,343276
683,343308
796,343340
1145,343372
1323,343404
1117,343436
1788,343468
1992,343500
2255,343532
2136,343564
1866,343596
1660,343628
1391,343660
813,343692
937,343724
362,343756
136,343788
0,343820
0,343852
101,343884
270,343916
552,343948
1072,343980
1002,344012
1271,344044
1867,344076
1736,344108
2343,344140
1672,344172
1901,344204
1631,344236
1033,344268
1163,344300
938,344332
397,344364
477,344396
214,344428
313,344460
461,344492
331,344524
957,344556
777,344588
1036,344620
1657,344652
1483,344684
1735,344716
2237,344748
1654,344780
1760,344812
1161,344844
999,344876
687,344908
495,344940
745,344972
55,345004
0,345036
349,345068
222,345100
459,345132
690,345164
909,345196
1547,345228
1693,345260
2025,345292
2207,345324
2158,345356
1999,345388
1726,345420
1518,345452
1248,345484
1024,345516
798,345548
573,345580
316,345612
119,345644
335,345676
221,345708
795,345740
668,345772
942,345804
1115,345836
1402,345868
1673,345900
1866,345932
1832,345964
1597,345996
1367,346028
1131,346060
812,346092
683,346124
809,346156
188,346188
335,346220
207,346252
138,346284
671,346316
862,346348
811,346380
1320,346412
1552,346444
1868,346476
1640,346508
1870,346540
2107,346572
1436,346604
1242,346636
1358,346668
778,346700
603,346732
300,346764
154,346796
0,346828
0,346860
589,346892
328,346924
582,346956
1277,346988
1032,347020
1306,347052
1486,347084
1772,347116
2348,347148
2016,347180
1879,347212
1643,347244
1279,347276
1181,347308
906,347340
665,347372
432,347404
158,347436
334,347468
540,347500
733,347532
991,347564
1192,347596
1067,347628
1656,347660
1517,347692
1752,347724
1790,347756
1559,347788
1381,347820
1096,347852
920,347884
732,347916
471,347948
280,347980
0,348012
0,348044
427,348076
220,348108
876,348140
1080,348172
941,348204
1531,348236
1772,348268
1673,348300
2238,348332
2122,348364
1965,348396
1646,348428
1035,348460
1224,348492
576,348524
384,348556
540,348588
0,348620
0,348652
413,348684
296,348716
860,348748
720,348780
1021,348812
1165,348844
1434,348876
2157,348908
1900,348940
1752,348972
1895,349004
1284,349036
1054,349068
1144,349100
603,349132
764,349164
459,349196
317,349228
286,349260
573,349292
759,349324
928,349356
1195,349388
1400,349420
1630,349452
1866,349484
2105,349516
2220,349548
2014,349580
1752,349612
1150,349644
1277,349676
700,349708
534,349740
248,349772
72,349804
0,349836
0,349868
251,349900
732,349932
699,349964
934,349996
1064,350028
1384,350060
1993,350092
1814,350124
2253,350156
1984,350188
1419,350220
1504,350252
1242,350284
733,350316
784,350348
557,350380
396,350412
0,350444
2,350476
622,350508
442,350540
700,350572
1272,350604
1146,350636
1728,350668
1584,350700
1887,350732
1724,350764
1498,350796
1784,350828
1024,350860
840,350892
1085,350924
390,350956
202,350988
318,351020
0,351052
507,351084
654,351116
973,351148
1195,351180
1310,351212
1671,351244
1850,351276
2077,351308
2330,351340
2074,351372
1882,351404
1608,351436
1328,351468
1147,351500
875,351532
304,351564
416,351596
0,351628
0,351660
103,351692
332,351724
612,351756
778,351788
1062,351820
1608,351852
1513,351884
1799,351916
2313,351948
1704,351980
1838,352012
1158,352044
1372,352076
1113,352108
537,352140
648,352172
426,352204
0,352236
330,352268
526,352300
825,352332
973,352364
832,352396
1483,352428
1292,352460
1552,352492
2186,352524
1818,352556
1968,352588
1710,352620
1116,352652
1232,352684
648,352716
491,352748
185,352780
2,352812
232,352844
411,352876
296,352908
873,352940
746,352972
967,353004
1518,353036
1419,353068
2075,353100
2220,353132
2233,353164
1945,353196
1759,353228
1469,353260
1198,353292
1001,353324
736,353356
520,353388
286,353420
189,353452
400,353484
327,353516
848,353548
719,353580
1307,353612
1178,353644
1464,353676
1638,353708
1928,353740
1767,353772
1486,353804
1307,353836
1081,353868
843,353900
861,353932
302,353964
167,353996
285,354028
0,354060
526,354092
735,354124
922,354156
1193,354188
1385,354220
1325,354252
1840,354284
2092,354316
2313,354348
1610,354380
1375,354412
1579,354444
912,354476
1098,354508
846,354540
279,354572
92,354604
0,354636
17,354668
153,354700
392,354732
1113,354764
1321,354796
1096,354828
1805,354860
1546,354892
1832,354924
2240,354956
1628,354988
1819,355020
1487,355052
1342,355084
1119,355116
890,355148
653,355180
384,355212
151,355244
412,355276
600,355308
860,355340
1054,355372
1246,355404
1177,355436
1710,355468
1579,355500
2192,355532
1725,355564
1500,355596
1261,355628
1038,355660
861,355692
586,355724
406,355756
220,355788
0,355820
0,355852
46,355884
362,355916
941,355948
728,355980
1399,356012
1607,356044
1822,356076
2063,356108
2303,356140
1769,356172
1854,356204
1591,356236
1433,356268
1129,356300
524,356332
715,356364
75,356396
0,356428
272,356460
137,356492
360,356524
938,356556
808,356588
1374,356620
1242,356652
1543,356684
2199,356716
1872,356748
2139,356780
1407,356812
1228,356844
1358,356876
776,356908
555,356940
638,356972
91,357004
251,357036
8,357068
635,357100
811,357132
1085,357164
1271,357196
1466,357228
1725,357260
1932,357292
2159,357324
1848,357356
1950,357388
1691,357420
1482,357452
1225,357484
639,357516
766,357548
189,357580
23,357612
0,357644
42,357676
311,357708
490,357740
762,357772
1255,357804
1214,357836
1446,357868
1578,357900
1912,357932
2201,357964
1913,357996
1721,358028
1453,358060
904,358092
985,358124
731,358156
221,358188
256,358220
176,358252
477,358284
272,358316
495,358348
1136,358380
944,358412
1207,358444
1792,358476
1670,358508
2255,358540
1675,358572
1510,358604
1691,358636
986,358668
1255,358700
520,358732
330,358764
570,358796
0,358828
0,358860
528,358892
406,358924
1033,358956
856,358988
1496,359020
1725,359052
1835,359084
2205,359116
2298,359148
2045,359180
1822,359212
1536,359244
924,359276
1082,359308
825,359340
631,359372
363,359404
0,359436
282,359468
167,359500
392,359532
615,359564
844,359596
1125,359628
1292,359660
1580,359692
2121,359724
1847,359756
1655,359788
1785,359820
1194,359852
1319,359884
1051,359916
854,359948
603,359980
21,360012
141,360044
392,360076
314,360108
844,360140
1037,360172
1343,360204
1497,360236
1357,360268
2015,360300
1819,360332
1766,360364
1930,360396
1290,360428
1440,360460
1182,360492
614,360524
439,360556
137,360588
0,360620
0,360652
76,360684
775,360716
526,360748
806,360780
1387,360812
1258,360844
1480,360876
1720,360908
1948,360940
2171,360972
1840,361004
1706,361036
1419,361068
1229,361100
953,361132
684,361164
72,361196
222,361228
253,361260
476,361292
712,361324
904,361356
1168,361388
1360,361420
1240,361452
1836,361484
1694,361516
1900,361548
1609,361580
1435,361612
1246,361644
972,361676
791,361708
569,361740
343,361772
107,361804
207,361836
24,361868
605,361900
441,361932
1055,361964
1255,361996
1161,362028
1719,362060
1915,362092
1853,362124
2176,362156
1947,362188
1790,362220
1086,362252
864,362284
1054,362316
408,362348
587,362380
330,362412
0,362444
58,362476
223,362508
512,362540
656,362572
902,362604
1629,362636
1343,362668
1613,362700
2347,362732
1756,362764
1577,362796
1292,362828
1114,362860
1287,362892
972,362924
839,362956
603,362988
365,363020
281,363052
470,363084
283,363116
924,363148
1114,363180
1376,363212
1580,363244
1773,363276
2042,363308
2239,363340
1672,363372
1792,363404
1212,363436
971,363468
750,363500
536,363532
358,363564
74,363596
0,363628
0,363660
156,363692
426,363724
999,363756
873,363788
1465,363820
1240,363852
1932,363884
2138,363916
1899,363948
2031,363980
1805,364012
1245,364044
1338,364076
1068,364108
921,364140
608,364172
24,364204
184,364236
0,364268
190,364300
794,364332
635,364364
871,364396
1440,364428
1322,364460
1912,364492
1757,364524
1865,364556
1548,364588
1342,364620
1607,364652
892,364684
714,364716
845,364748
264,364780
29,364812
126,364844
61,364876
683,364908
512,364940
1149,364972
1325,365004
1485,365036
1801,365068
1982,365100
2253,365132
2136,365164
1897,365196
1660,365228
1419,365260
1164,365292
960,365324
714,365356
128,365388
251,365420
0,365452
104,365484
280,365516
556,365548
824,365580
1003,365612
1274,365644
1501,365676
1737,365708
1966,365740
1663,365772
1531,365804
1663,365836
1034,365868
1197,365900
939,365932
585,365964
476,365996
207,366028
0,366060
461,366092
700,366124
1002,366156
780,366188
1003,366220
1663,366252
1466,366284
1727,366316
2233,366348
1640,366380
1758,366412
1151,366444
999,366476
696,366508
474,366540
743,366572
20,366604
0,366636
425,366668
189,366700
468,366732
1040,366764
909,366796
1557,366828
1370,366860
2025,366892
2267,366924
2159,366956
2047,366988
1758,367020
1518,367052
1294,367084
1024,367116
828,367148
560,367180
304,367212
119,367244
344,367276
221,367308
792,367340
671,367372
902,367404
1119,367436
1353,367468
1640,367500
1820,367532
1783,367564
1591,367596
1319,367628
1130,367660
1257,367692
666,367724
795,367756
136,367788
331,367820
222,367852
105,367884
683,367916
910,367948
823,367980
1360,368012
1560,368044
1404,368076
2025,368108
1887,368140
2105,368172
1435,368204
1241,368236
1390,368268
782,368300
925,368332
670,368364
104,368396
205,368428
0,368460
173,368492
328,368524
588,368556
1287,368588
1038,368620
1310,368652
1917,368684
1782,368716
1927,368748
1686,368780
1451,368812
1641,368844
1312,368876
1175,368908
895,368940
715,368972
429,369004
158,369036
345,369068
544,369100
767,369132
992,369164
1232,369196
1423,369228
1689,369260
1886,369292
1757,369324
2153,369356
1552,369388
1372,369420
1086,369452
912,369484
729,369516
472,369548
279,369580
47,369612
0,369644
91,369676
220,369708
537,369740
1119,369772
950,369804
1579,369836
1775,369868
1687,369900
2251,369932
2122,369964
1870,369996
1642,370028
1406,370060
1256,370092
575,370124
348,370156
528,370188
0,370220
207,370252
411,370284
300,370316
572,370348
729,370380
1034,370412
1181,370444
1414,370476
2168,370508
1870,370540
1692,370572
1949,370604
1227,370636
1051,370668
778,370700
600,370732
779,370764
460,370796
302,370828
345,370860
571,370892
807,370924
988,370956
1209,370988
1448,371020
1630,371052
1904,371084
2108,371116
2218,371148
2012,371180
1740,371212
1147,371244
1272,371276
696,371308
472,371340
249,371372
25,371404
0,371436
0,371468
216,371500
487,371532
667,371564
935,371596
1513,371628
1384,371660
1995,371692
1755,371724
2252,371756
1981,371788
1370,371820
1515,371852
1280,371884
1003,371916
824,371948
544,371980
393,372012
107,372044
4,372076
621,372108
432,372140
700,372172
1310,372204
1158,372236
1384,372268
1978,372300
1850,372332
2106,372364
1499,372396
1335,372428
1024,372460
832,372492
1080,372524
777,372556
200,372588
329,372620
0,372652
119,372684
666,372716
574,372748
1207,372780
1022,372812
1675,372844
1865,372876
2142,372908
2329,372940
2074,372972
1877,373004
1596,373036
1373,373068
1134,373100
909,373132
640,373164
441,373196
187,373228
0,373260
447,373292
331,373324
616,373356
781,373388
1066,373420
1335,373452
1526,373484
1800,373516
1945,373548
1705,373580
1479,373612
1144,373644
1015,373676
1135,373708
521,373740
683,373772
424,373804
139,373836
335,373868
526,373900
479,373932
984,373964
1223,373996
1519,374028
1293,374060
1531,374092
2189,374124
1784,374156
1579,374188
1706,374220
1124,374252
1231,374284
639,374316
478,374348
173,374380
0,374412
247,374444
459,374476
251,374508
943,374540
698,374572
970,374604
1564,374636
1429,374668
2087,374700
1896,374732
2232,374764
1993,374796
1627,374828
1515,374860
1239,374892
1003,374924
780,374956
512,374988
312,375020
202,375052
399,375084
653,375116
848,375148
730,375180
1306,375212
1181,375244
1413,375276
1644,375308
1881,375340
1722,375372
1432,375404
1257,375436
1067,375468
796,375500
617,375532
733,375564
167,375596
280,375628
0,375660
540,375692
735,375724
958,375756
1193,375788
1422,375820
1327,375852
1888,375884
2092,375916
2313,375948
1996,375980
1374,376012
1567,376044
912,376076
728,376108
872,376140
280,376172
412,376204
139,376236
0,376268
523,376300
396,376332
684,376364
1324,376396
1098,376428
1815,376460
1562,376492
1846,376524
2237,376556
1627,376588
1397,376620
1162,376652
935,376684
1112,376716
794,376748
653,376780
381,376812
217,376844
413,376876
602,376908
861,376940
1054,376972
1290,377004
1516,377036
1753,377068
1952,377100
2221,377132
2092,377164
1484,377196
1626,377228
1035,377260
860,377292
576,377324
408,377356
221,377388
0,377420
0,377452
141,377484
365,377516
592,377548
730,377580
1050,377612
1646,377644
1824,377676
2107,377708
2313,377740
1767,377772
1863,377804
1592,377836
1069,377868
1118,377900
892,377932
732,377964
477,377996
0,378028
286,378060
102,378092
731,378124
926,378156
809,378188
1094,378220
1243,378252
1546,378284
2205,378316
1836,378348
2135,378380
1370,378412
1168,378444
1429,378476
717,378508
540,378540
270,378572
89,378604
237,378636
320,378668
634,378700
859,378732
1083,378764
1325,378796
1502,378828
1735,378860
1976,378892
2158,378924
2224,378956
1952,378988
1678,379020
1479,379052
1216,379084
635,379116
766,379148
187,379180
0,379212
0,379244
5,379276
279,379308
444,379340
728,379372
988,379404
1176,379436
1447,379468
1584,379500
1927,379532
2187,379564
1914,379596
1711,379628
1451,379660
861,379692
989,379724
764,379756
216,379788
298,379820
185,379852
477,379884
639,379916
496,379948
1147,379980
954,380012
1215,380044
1838,380076
1672,380108
1910,380140
2062,380172
1462,380204
1289,380236
984,380268
824,380300
509,380332
329,380364
558,380396
0,380428
0,380460
535,380492
408,380524
635,380556
1176,380588
1083,380620
1735,380652
1547,380684
2205,380716
2297,380748
2117,380780
1821,380812
1536,380844
1350,380876
1080,380908
848,380940
618,380972
396,381004
125,381036
313,381068
508,381100
395,381132
968,381164
844,381196
1126,381228
1291,381260
1583,381292
1863,381324
1837,381356
1641,381388
1679,381420
1191,381452
955,381484
1081,381516
503,381548
623,381580
19,381612
183,381644
399,381676
314,381708
859,381740
1039,381772
989,381804
1503,381836
1740,381868
2059,381900
1817,381932
1726,381964
1914,381996
1260,382028
1064,382060
1178,382092
616,382124
426,382156
127,382188
0,382220
0,382252
47,382284
765,382316
495,382348
764,382380
1465,382412
1210,382444
1496,382476
2096,382508
1960,382540
2169,382572
1512,382604
1689,382636
1455,382668
1103,382700
1001,382732
726,382764
76,382796
264,382828
252,382860
524,382892
720,382924
908,382956
1167,382988
1370,383020
1244,383052
1839,383084
1696,383116
1836,383148
1610,383180
1372,383212
1197,383244
918,383276
742,383308
815,383340
286,383372
93,383404
203,383436
26,383468
603,383500
392,383532
1053,383564
1261,383596
1117,383628
1719,383660
1963,383692
1853,383724
2207,383756
1934,383788
1785,383820
1470,383852
861,383884
1049,383916
412,383948
217,383980
364,384012
0,384044
25,384076
588,384108
475,384140
1038,384172
904,384204
1197,384236
1343,384268
1614,384300
2349,384332
1753,384364
1574,384396
1703,384428
1111,384460
887,384492
652,384524
424,384556
587,384588
282,384620
297,384652
471,384684
633,384716
937,384748
1118,384780
1381,384812
1582,384844
1807,384876
2044,384908
2283,384940
2031,384972
1833,385004
1562,385036
973,385068
1100,385100
525,385132
348,385164
77,385196
0,385228
0,385260
157,385292
424,385324
651,385356
876,385388
1101,385420
1241,385452
1575,385484
2173,385516
1898,385548
2077,385580
1801,385612
1240,385644
1327,385676
1065,385708
557,385740
606,385772
380,385804
215,385836
0,385868
160,385900
800,385932
615,385964
872,385996
1449,386028
1327,386060
1610,386092
1769,386124
1864,386156
1536,386188
1322,386220
1598,386252
856,386284
676,386316
909,386348
206,386380
39,386412
0,386444
72,386476
695,386508
843,386540
1147,386572
1385,386604
1487,386636
1849,386668
2040,386700
2267,386732
2172,386764
1898,386796
1695,386828
1422,386860
1152,386892
967,386924
702,386956
128,386988
247,387020
0,387052
56,387084
285,387116
506,387148
781,387180
953,387212
1232,387244
1511,387276
1690,387308
1978,387340
1662,387372
1527,387404
1660,387436
972,387468
1192,387500
927,387532
347,387564
473,387596
248,387628
0,387660
510,387692
711,387724
1003,387756
1161,387788
1006,387820
1661,387852
1466,387884
1738,387916
2272,387948
1641,387980
1402,388012
1528,388044
948,388076
1064,388108
460,388140
315,388172
10,388204
0,388236
424,388268
199,388300
466,388332
1039,388364
922,388396
1147,388428
1706,388460
1607,388492
2267,388524
2189,388556
2045,388588
1759,388620
1575,388652
1289,388684
1020,388716
827,388748
570,388780
333,388812
134,388844
378,388876
572,388908
829,388940
1037,388972
904,389004
1483,389036
1357,389068
1640,389100
1822,389132
1774,389164
1588,389196
1310,389228
1128,389260
1163,389292
667,389324
443,389356
142,389388
0,389420
255,389452
120,389484
713,389516
912,389548
824,389580
1369,389612
1564,389644
1513,389676
2032,389708
2270,389740
2137,389772
1432,389804
1196,389836
1387,389868
745,389900
552,389932
668,389964
104,389996
0,390028
0,390060
184,390092
331,390124
557,390156
1289,390188
1004,390220
1272,390252
1993,390284
1736,390316
1917,390348
2059,390380
1448,390412
1639,390444
1310,390476
1175,390508
951,390540
588,390572
479,390604
198,390636
345,390668
588,390700
778,390732
1038,390764
1232,390796
1422,390828
1695,390860
1899,390892
1758,390924
2153,390956
1547,390988
1318,391020
1086,391052
862,391084
687,391116
414,391148
236,391180
302,391212
0,391244
88,391276
665,391308
539,391340
1127,391372
904,391404
1581,391436
1783,391468
1640,391500
2252,391532
2155,391564
1591,391596
1680,391628
1405,391660
1257,391692
952,391724
348,391756
537,391788
0,391820
0,391852
462,391884
304,391916
909,391948
1104,391980
982,392012
1562,392044
1420,392076
1722,392108
1872,392140
1690,392172
1959,392204
1641,392236
1050,392268
1177,392300
600,392332
376,392364
446,392396
0,392428
347,392460
492,392492
811,392524
986,392556
1257,392588
1451,392620
1645,392652
1913,392684
2112,392716
2240,392748
2008,392780
1771,392812
1502,392844
973,392876
1040,392908
464,392940
586,392972
24,393004
0,393036
0,393068
218,393100
477,393132
668,393164
938,393196
1163,393228
1389,393260
1627,393292
1766,393324
1879,393356
2015,393388
1369,393420
1535,393452
1277,393484
1001,393516
811,393548
543,393580
45,393612
117,393644
351,393676
656,393708
445,393740
680,393772
1320,393804
1127,393836
1775,393868
1982,393900
1849,393932
1802,393964
1497,393996
1332,394028
1022,394060
802,394092
1082,394124
827,394156
154,394188
393,394220
0,394252
136,394284
702,394316
585,394348
1211,394380
1352,394412
1675,394444
1913,394476
2151,394508
2383,394540
2112,394572
1865,394604
1640,394636
1358,394668
1166,394700
908,394732
640,394764
123,394796
187,394828
0,394860
457,394892
336,394924
566,394956
783,394988
1017,395020
1294,395052
1476,395084
1758,395116
1932,395148
1658,395180
1479,395212
1145,395244
1012,395276
1147,395308
462,395340
667,395372
425,395404
167,395436
345,395468
576,395500
487,395532
1024,395564
1216,395596
1527,395628
1678,395660
1532,395692
2191,395724
1784,395756
1577,395788
1738,395820
1112,395852
888,395884
1005,395916
440,395948
544,395980
0,396012
0,396044
471,396076
251,396108
954,396140
700,396172
973,396204
1565,396236
1432,396268
1671,396300
2234,396332
1801,396364
1981,396396
1336,396428
1511,396460
1239,396492
1049,396524
775,396556
502,396588
313,396620
202,396652
430,396684
344,396716
894,396748
1087,396780
1342,396812
1546,396844
1408,396876
2013,396908
1883,396940
1723,396972
1422,397004
1256,397036
1069,397068
794,397100
615,397132
649,397164
155,397196
0,397228
0,397260
203,397292
781,397324
969,397356
1229,397388
1435,397420
1337,397452
1901,397484
2095,397516
1935,397548
1993,397580
1755,397612
1610,397644
910,397676
684,397708
875,397740
233,397772
47,397804
150,397836
0,397868
526,397900
394,397932
692,397964
1323,397996
1070,398028
1815,398060
1530,398092
1788,398124
2302,398156
1577,398188
1396,398220
1520,398252
935,398284
1112,398316
474,398348
653,398380
415,398412
107,398444
461,398476
654,398508
873,398540
1104,398572
1292,398604
1131,398636
1756,398668
1962,398700
2217,398732
2090,398764
1484,398796
1624,398828
1024,398860
804,398892
576,398924
351,398956
181,398988
0,399020
0,399052
399,399084
329,399116
601,399148
1175,399180
1049,399212
1643,399244
1837,399276
2109,399308
2317,399340
1719,399372
1851,399404
1626,399436
1065,399468
1150,399500
888,399532
733,399564
424,399596
0,399628
286,399660
109,399692
364,399724
970,399756
816,399788
1422,399820
1632,399852
1499,399884
1787,399916
1837,399948
1677,399980
1372,400012
1178,400044
1421,400076
714,400108
536,400140
664,400172
84,400204
0,400236
24,400268
247,400300
869,400332
1003,400364
1325,400396
1513,400428
1785,400460
1977,400492
2171,400524
1776,400556
1948,400588
1709,400620
1472,400652
1245,400684
988,400716
783,400748
527,400780
0,400812
103,400844
7,400876
280,400908
456,400940
730,400972
989,401004
1180,401036
1451,401068
1687,401100
1927,401132
1820,401164
1949,401196
1352,401228
1483,401260
856,401292
1019,401324
765,401356
215,401388
297,401420
188,401452
141,401484
648,401516
878,401548
1195,401580
956,401612
1184,401644
1849,401676
1645,401708
2303,401740
2048,401772
1454,401804
1274,401836
971,401868
824,401900
512,401932
292,401964
557,401996
0,402028
351,402060
613,402092
366,402124
646,402156
814,402188
1098,402220
1736,402252
1881,402284
2215,402316
2345,402348
2104,402380
1881,402412
1582,402444
912,402476
1118,402508
846,402540
652,402572
392,402604
121,402636
313,402668
511,402700
399,402732
960,402764
848,402796
1066,402828
1303,402860
1531,402892
1823,402924
1781,402956
1595,402988
1413,403020
1143,403052
954,403084
1081,403116
503,403148
619,403180
347,403212
187,403244
399,403276
279,403308
856,403340
1096,403372
1000,403404
1550,403436
1744,403468
2061,403500
2207,403532
1725,403564
1914,403596
1257,403628
1054,403660
1214,403692
614,403724
391,403756
492,403788
0,403820
188,403852
48,403884
349,403916
494,403948
762,403980
1464,404012
1215,404044
1494,404076
2107,404108
1962,404140
1741,404172
1834,404204
1273,404236
1451,404268
821,404300
991,404332
729,404364
413,404396
253,404428
264,404460
525,404492
718,404524
951,404556
1178,404588
1404,404620
1610,404652
1870,404684
2078,404716
1836,404748
1965,404780
1373,404812
1196,404844
911,404876
746,404908
554,404940
284,404972
92,405004
0,405036
30,405068
265,405100
394,405132
715,405164
1296,405196
1128,405228
1757,405260
1965,405292
1865,405324
2203,405356
1918,405388
1407,405420
1464,405452
1228,405484
1086,405516
399,405548
183,405580
352,405612
0,405644
40,405676
589,405708
488,405740
1040,405772
908,405804
1208,405836
1356,405868
1596,405900
2347,405932
1707,405964
1516,405996
1773,406028
1058,406060
873,406092
1006,406124
424,406156
587,406188
0,406220
293,406252
527,406284
636,406316
985,406348
1164,406380
1387,406412
1626,406444
1818,406476
2094,406508
2288,406540
2027,406572
1824,406604
1563,406636
970,406668
1101,406700
526,406732
294,406764
72,406796
0,406828
0,406860
120,406892
391,406924
663,406956
841,406988
1113,407020
1693,407052
1564,407084
2172,407116
1832,407148
2062,407180
1800,407212
1207,407244
1325,407276
1102,407308
553,407340
631,407372
376,407404
0,407436
313,407468
168,407500
811,407532
619,407564
878,407596
1497,407628
1325,407660
1952,407692
2157,407724
1804,407756
1931,407788
1322,407820
1161,407852
859,407884
664,407916
903,407948
204,407980
27,408012
181,408044
84,408076
299,408108
532,408140
747,408172
1387,408204
1532,408236
1863,408268
2043,408300
2327,408332
2169,408364
1884,408396
1691,408428
1408,408460
1196,408492
956,408524
729,408556
462,408588
270,408620
169,408652
60,408684
635,408716
510,408748
780,408780
957,408812
1242,408844
1528,408876
1705,408908
1982,408940
1757,408972
1515,409004
1293,409036
970,409068
839,409100
967,409132
344,409164
495,409196
239,409228
0,409260
521,409292
714,409324
939,409356
1164,409388
1402,409420
1710,409452
1470,409484
1710,409516
2269,409548
1598,409580
1787,409612
1527,409644
937,409676
774,409708
458,409740
308,409772
9,409804
0,409836
430,409868
169,409900
428,409932
1129,409964
872,409996
1150,410028
1324,410060
1612,410092
2267,410124
2186,410156
2041,410188
1803,410220
1564,410252
1341,410284
1054,410316
825,410348
598,410380
332,410412
172,410444
378,410476
574,410508
829,410540
1024,410572
908,410604
1486,410636
1359,410668
1592,410700
1824,410732
1719,410764
1541,410796
1256,410828
1080,410860
892,410892
634,410924
440,410956
557,410988
0,411020
253,411052
56,411084
718,411116
920,411148
791,411180
1375,411212
1612,411244
1808,411276
2077,411308
2280,411340
2125,411372
1808,411404
1198,411436
1390,411468
733,411500
549,411532
696,411564
99,411596
0,411628
252,411660
138,411692
704,411724
572,411756
871,411788
1006,411820
1274,411852
1995,411884
2167,411916
1916,411948
2045,411980
1446,412012
1223,412044
1308,412076
759,412108
939,412140
301,412172
475,412204
185,412236
413,412268
591,412300
784,412332
1039,412364
1240,412396
1468,412428
1696,412460
1936,412492
2139,412524
2176,412556
1912,412588
1311,412620
1438,412652
858,412684
682,412716
408,412748
236,412780
39,412812
0,412844
87,412876
317,412908
551,412940
766,412972
896,413004
1227,413036
1833,413068
1646,413100
2295,413132
2153,413164
1870,413196
1677,413228
1406,413260
893,413292
940,413324
728,413356
558,413388
0,413420
0,413452
456,413484
282,413516
539,413548
1113,413580
988,413612
1562,413644
1417,413676
1736,413708
1885,413740
1662,413772
1950,413804
1693,413836
1000,413868
1245,413900
550,413932
364,413964
488,413996
0,414028
349,414060
512,414092
811,414124
1049,414156
1149,414188
1503,414220
1688,414252
1917,414284
2170,414316
2240,414348
2042,414380
1772,414412
1499,414444
1291,414476
1040,414508
459,414540
576,414572
20,414604
0,414636
0,414668
173,414700
441,414732
616,414764
903,414796
1175,414828
1352,414860
1629,414892
2233,414924
1866,414956
2011,414988
1312,415020
1531,415052
1264,415084
1035,415116
813,415148
586,415180
42,415212
156,415244
364,415276
663,415308
814,415340
682,415372
1324,415404
1130,415436
1390,415468
2025,415500
1854,415532
2139,415564
1867,415596
1280,415628
1400,415660
798,415692
649,415724
823,415756
154,415788
379,415820
0,415852
132,415884
711,415916
588,415948
811,415980
1038,416012
1257,416044
1915,416076
2062,416108
2395,416140
2107,416172
1919,416204
1641,416236
1356,416268
1163,416300
896,416332
672,416364
446,416396
208,416428
234,416460
490,416492
688,416524
569,416556
1145,416588
1019,416620
1304,416652
1480,416684
1766,416716
1932,416748
1658,416780
1466,416812
1231,416844
1003,416876
776,416908
458,416940
329,416972
445,417004
165,417036
377,417068
576,417100
489,417132
1033,417164
1226,417196
1177,417228
1688,417260
1916,417292
2237,417324
1775,417356
1545,417388
1741,417420
1082,417452
1263,417484
1006,417516
431,417548
249,417580
0,417612
0,417644
473,417676
228,417708
954,417740
676,417772
936,417804
1645,417836
1384,417868
1672,417900
1852,417932
1798,417964
1981,417996
1659,418028
1511,418060
1279,418092
1051,418124
825,418156
556,418188
303,418220
238,418252
444,418284
698,418316
890,418348
1088,418380
1343,418412
1561,418444
1417,418476
2029,418508
1887,418540
1646,418572
1420,418604
1194,418636
1019,418668
744,418700
570,418732
380,418764
119,418796
0,418828
0,418860
207,418892
790,418924
969,418956
1240,418988
1435,419020
1303,419052
1903,419084
2144,419116
1932,419148
2027,419180
1754,419212
1609,419244
1279,419276
684,419308
861,419340
235,419372
42,419404
172,419436
0,419468
200,419500
776,419532
650,419564
924,419596
1082,419628
1371,419660
1529,419692
1790,419724
2299,419756
1574,419788
1396,419820
1517,419852
926,419884
702,419916
784,419948
248,419980
411,420012
0,420044
463,420076
649,420108
922,420140
1111,420172
1294,420204
1561,420236
1758,420268
1996,420300
2232,420332
2127,420364
1850,420396
1645,420428
1376,420460
797,420492
922,420524
346,420556
174,420588
0,420620
0,420652
152,420684
332,420716
601,420748
1086,420780
1063,420812
1279,420844
1883,420876
1751,420908
2361,420940
1718,420972
1887,421004
1615,421036
1063,421068
1161,421100
891,421132
381,421164
430,421196
201,421228
319,421260
112,421292
344,421324
973,421356
790,421388
1052,421420
1631,421452
1511,421484
1788,421516
1832,421548
1676,421580
1360,421612
1144,421644
1417,421676
681,421708
486,421740
730,421772
38,421804
0,421836
366,421868
244,421900
871,421932
698,421964
1335,421996
1561,422028
1674,422060
2039,422092
2236,422124
1772,422156
1984,422188
1708,422220
1514,422252
1242,422284
984,422316
782,422348
526,422380
0,422412
105,422444
18,422476
230,422508
448,422540
677,422572
957,422604
1129,422636
1417,422668
1964,422700
1880,422732
1815,422764
1935,422796
1352,422828
1483,422860
804,422892
1019,422924
751,422956
168,422988
297,423020
232,423052
153,423084
696,423116
889,423148
1181,423180
1338,423212
1182,423244
1850,423276
1647,423308
1916,423340
2094,423372
1453,423404
1226,423436
1344,423468
774,423500
888,423532
288,423564
139,423596
0,423628
0,423660
615,423692
368,423724
645,423756
1229,423788
1095,423820
1325,423852
1556,423884
1788,423916
2332,423948
2012,423980
1867,424012
1577,424044
1275,424076
1113,424108
844,424140
653,424172
382,424204
153,424236
316,424268
540,424300
747,424332
991,424364
1198,424396
1081,424428
1673,424460
1532,424492
1832,424524
1775,424556
1594,424588
1404,424620
1132,424652
951,424684
729,424716
490,424748
267,424780
0,424812
0,424844
441,424876
281,424908
895,424940
1087,424972
999,425004
1561,425036
1743,425068
1693,425100
2208,425132
2110,425164
1947,425196
1247,425228
1023,425260
1211,425292
571,425324
377,425356
488,425388
0,425420
0,425452
62,425484
349,425516
504,425548
741,425580
1465,425612
1182,425644
1452,425676
2183,425708
1916,425740
1738,425772
1450,425804
1260,425836
1451,425868
1135,425900
999,425932
763,425964
410,425996
297,426028
304,426060
525,426092
798,426124
952,426156
1215,426188
1408,426220
1615,426252
1883,426284
2092,426316
1824,426348
1962,426380
1360,426412
1134,426444
911,426476
694,426508
517,426540
237,426572
67,426604
0,426636
1,426668
263,426700
398,426732
727,426764
1303,426796
1082,426828
1769,426860
1975,426892
1831,426924
2205,426956
1976,426988
1400,427020
1498,427052
1239,427084
1077,427116
766,427148
171,427180
350,427212
0,427244
42,427276
637,427308
484,427340
714,427372
1278,427404
1162,427436
1742,427468
1595,427500
1911,427532
1708,427564
1510,427596
1767,427628
1051,427660
876,427692
1001,427724
424,427756
189,427788
278,427820
0,427852
535,427884
680,427916
985,427948
1167,427980
1439,428012
1631,428044
1824,428076
2093,428108
2288,428140
2062,428172
1824,428204
1584,428236
1320,428268
1128,428300
862,428332
297,428364
412,428396
0,428428
0,428460
120,428492
392,428524
664,428556
842,428588
1113,428620
1613,428652
1581,428684
1816,428716
1832,428748
1692,428780
1837,428812
1191,428844
1357,428876
1099,428908
555,428940
635,428972
376,429004
0,429036
314,429068
542,429100
840,429132
617,429164
858,429196
1501,429228
1306,429260
1573,429292
2158,429324
1799,429356
1920,429388
1308,429420
1159,429452
845,429484
635,429516
904,429548
173,429580
0,429612
249,429644
38,429676
300,429708
888,429740
757,429772
1387,429804
1529,429836
1865,429868
2103,429900
2202,429932
2221,429964
1928,429996
1687,430028
1464,430060
1182,430092
990,430124
732,430156
473,430188
267,430220
184,430252
59,430284
638,430316
510,430348
742,430380
960,430412
1194,430444
1476,430476
1646,430508
1942,430540
2029,430572
1479,430604
1288,430636
1421,430668
830,430700
955,430732
294,430764
491,430796
233,430828
0,430860
512,430892
747,430924
663,430956
1208,430988
1400,431020
1707,431052
1865,431084
1712,431116
2267,431148
1596,431180
1388,431212
1562,431244
937,431276
1085,431308
830,431340
262,431372
362,431404
0,431436
24,431468
171,431500
430,431532
1127,431564
1279,431596
1160,431628
1755,431660
1612,431692
1852,431724
2176,431756
1613,431788
1803,431820
1481,431852
1327,431884
1053,431916
873,431948
599,431980
330,432012
171,432044
384,432076
608,432108
842,432140
1068,432172
1261,432204
1191,432236
1727,432268
1596,432300
2191,432332
1711,432364
1532,432396
1246,432428
1072,432460
891,432492
622,432524
439,432556
207,432588
0,432620
0,432652
64,432684
376,432716
959,432748
791,432780
1417,432812
1625,432844
1802,432876
2079,432908
2282,432940
1753,432972
1805,433004
1568,433036
1420,433068
736,433100
508,433132
699,433164
59,433196
231,433228
254,433260
152,433292
424,433324
559,433356
872,433388
1018,433420
1254,433452
1997,433484
2221,433516
1866,433548
2121,433580
1390,433612
1210,433644
1342,433676
759,433708
935,433740
620,433772
472,433804
231,433836
411,433868
639,433900
830,433932
1040,433964
1288,433996
1472,434028
1742,434060
1944,434092
2143,434124
1830,434156
1901,434188
1308,434220
1437,434252
847,434284
620,434316
398,434348
174,434380
7,434412
0,434444
55,434476
319,434508
504,434540
776,434572
907,434604
1226,434636
1835,434668
1596,434700
2296,434732
2141,434764
1902,434796
1675,434828
1440,434860
892,434892
973,434924
715,434956
555,434988
250,435020
0,435052
464,435084
285,435116
553,435148
1160,435180
988,435212
1226,435244
1816,435276
1685,435308
2269,435340
1656,435372
1500,435404
1685,435436
989,435468
1242,435500
549,435532
364,435564
489,435596
0,435628
0,435660
504,435692
413,435724
1039,435756
871,435788
1513,435820
1695,435852
1977,435884
2167,435916
2238,435948
2041,435980
1770,436012
1534,436044
966,436076
1069,436108
809,436140
607,436172
349,436204
0,436236
296,436268
184,436300
454,436332
620,436364
906,436396
1175,436428
1358,436460
1640,436492
2142,436524
1867,436556
1629,436588
1307,436620
1165,436652
1304,436684
1023,436716
843,436748
583,436780
41,436812
157,436844
366,436876
317,436908
824,436940
1055,436972
1366,437004
1134,437036
1370,437068
2016,437100
1830,437132
1742,437164
1867,437196
1277,437228
1388,437260
797,437292
644,437324
823,437356
122,437388
379,437420
0,437452
98,437484
783,437516
547,437548
820,437580
1402,437612
1271,437644
1915,437676
1724,437708
2381,437740
2155,437772
1790,437804
1677,437836
1400,437868
1165,437900
940,437932
670,437964
73,437996
216,438028
238,438060
495,438092
696,438124
1145,438156
1149,438188
1021,438220
1244,438252
1480,438284
1712,438316
1893,438348
1596,438380
1418,438412
1497,438444
967,438476
766,438508
891,438540
316,438572
443,438604
167,438636
375,438668
583,438700
456,438732
1036,438764
1260,438796
1175,438828
1726,438860
1928,438892
2237,438924
2154,438956
1544,438988
1736,439020
1069,439052
877,439084
1024,439116
427,439148
571,439180
313,439212
0,439244
84,439276
233,439308
535,439340
683,439372
938,439404
1644,439436
1390,439468
1676,439500
2285,439532
1787,439564
1560,439596
1323,439628
1095,439660
1275,439692
952,439724
813,439756
541,439788
349,439820
255,439852
440,439884
285,439916
896,439948
1131,439980
1344,440012
1583,440044
1790,440076
2060,440108
2255,440140
1647,440172
1784,440204
1194,440236
1020,440268
735,440300
568,440332
377,440364
111,440396
0,440428
0,440460
204,440492
430,440524
1007,440556
891,440588
1479,440620
1308,440652
1947,440684
2155,440716
1929,440748
2015,440780
1744,440812
1229,440844
1274,440876
1052,440908
893,440940
224,440972
8,441004
168,441036
0,441068
573,441100
768,441132
651,441164
924,441196
1083,441228
1394,441260
1532,441292
1774,441324
2297,441356
1531,441388
1338,441420
1583,441452
878,441484
708,441516
428,441548
244,441580
414,441612
141,441644
473,441676
701,441708
923,441740
1161,441772
1342,441804
1136,441836
1816,441868
1998,441900
2270,441932
2120,441964
1849,441996
1643,442028
1383,442060
792,442092
922,442124
347,442156
120,442188
0,442220
0,442252
119,442284
286,442316
566,442348
829,442380
1017,442412
1287,442444
1882,442476
1752,442508
2361,442540
1646,442572
1881,442604
1615,442636
1016,442668
1147,442700
925,442732
379,442764
457,442796
199,442828
327,442860
475,442892
348,442924
975,442956
798,442988
1062,443020
1676,443052
1513,443084
1750,443116
2221,443148
1628,443180
1742,443212
1136,443244
983,443276
670,443308
485,443340
719,443372
35,443404
0,443436
377,443468
249,443500
477,443532
1020,443564
924,443596
1564,443628
1375,443660
2043,443692
2221,443724
2141,443756
1981,443788
1708,443820
1497,443852
1244,443884
1016,443916
780,443948
552,443980
287,444012
141,444044
349,444076
238,444108
800,444140
683,444172
965,444204
1133,444236
1432,444268
1691,444300
1884,444332
1801,444364
1577,444396
1341,444428
1115,444460
794,444492
654,444524
784,444556
170,444588
319,444620
237,444652
153,444684
695,444716
888,444748
841,444780
1338,444812
1578,444844
1887,444876
1659,444908
1882,444940
2093,444972
1419,445004
1224,445036
1340,445068
765,445100
876,445132
286,445164
126,445196
0,445228
0,445260
616,445292
344,445324
600,445356
1295,445388
1052,445420
1324,445452
1935,445484
1798,445516
2331,445548
1672,445580
1864,445612
1623,445644
1263,445676
1159,445708
888,445740
639,445772
416,445804
136,445836
362,445868
566,445900
751,445932
1017,445964
1209,445996
1086,446028
1673,446060
1536,446092
1770,446124
1770,446156
1532,446188
1355,446220
1080,446252
902,446284
713,446316
444,446348
267,446380
378,446412
0,446444
439,446476
232,446508
893,446540
1097,446572
958,446604
1551,446636
1792,446668
1703,446700
2256,446732
2096,446764
1472,446796
1626,446828
1019,446860
1211,446892
568,446924
367,446956
512,446988
0,447020
231,447052
428,447084
316,447116
888,447148
748,447180
1037,447212
1192,447244
1452,447276
2181,447308
1916,447340
1736,447372
1881,447404
1268,447436
1036,447468
810,447500
583,447532
759,447564
444,447596
293,447628
311,447660
587,447692
765,447724
956,447756
1225,447788
1420,447820
1648,447852
1882,447884
2122,447916
2202,447948
1994,447980
1723,448012
1132,448044
1259,448076
686,448108
506,448140
222,448172
56,448204
0,448236
8,448268
267,448300
501,448332
727,448364
951,448396
1082,448428
1405,448460
2009,448492
1832,448524
2233,448556
1965,448588
1399,448620
1487,448652
1224,448684
990,448716
762,448748
544,448780
382,448812
0,448844
9,448876
640,448908
456,448940
1095,448972
1289,449004
1164,449036
1450,449068
1599,449100
1914,449132
1696,449164
1487,449196
1767,449228
1008,449260
814,449292
1069,449324
364,449356
198,449388
0,449420
0,449452
539,449484
680,449516
989,449548
1215,449580
1447,449612
1689,449644
1870,449676
2105,449708
2346,449740
2058,449772
1866,449804
1584,449836
1322,449868
1129,449900
859,449932
283,449964
400,449996
0,450028
0,450060
120,450092
344,450124
632,450156
1272,450188
1083,450220
1354,450252
1532,450284
1815,450316
2295,450348
1690,450380
1835,450412
1133,450444
1342,450476
1086,450508
503,450540
633,450572
409,450604
121,450636
345,450668
551,450700
855,450732
992,450764
856,450796
1500,450828
1309,450860
1575,450892
2206,450924
1800,450956
1564,450988
1688,451020
1112,451052
1224,451084
623,451116
471,451148
160,451180
0,451212
252,451244
429,451276
310,451308
889,451340
762,451372
983,451404
1532,451436
1438,451468
2103,451500
1911,451532
2215,451564
1919,451596
1741,451628
1453,451660
1182,451692
981,451724
728,451756
494,451788
266,451820
216,451852
411,451884
669,451916
864,451948
734,451980
1327,452012
1200,452044
1482,452076
1656,452108
1936,452140
1751,452172
1468,452204
1287,452236
1051,452268
825,452300
603,452332
283,452364
153,452396
255,452428
0,452460
557,452492
759,452524
941,452556
1211,452588
1404,452620
1342,452652
1868,452684
2110,452716
2295,452748
1592,452780
1369,452812
1549,452844
906,452876
711,452908
827,452940
254,452972
364,453004
0,453036
25,453068
173,453100
408,453132
1131,453164
1337,453196
1114,453228
1833,453260
1576,453292
1852,453324
2218,453356
1608,453388
1799,453420
1150,453452
1333,453484
1103,453516
745,453548
639,453580
364,453612
183,453644
428,453676
616,453708
878,453740
1072,453772
1264,453804
1530,453836
1735,453868
1597,453900
2203,453932
1711,453964
1476,453996
1246,454028
1006,454060
845,454092
569,454124
391,454156
203,454188
0,454220
0,454252
491,454284
380,454316
965,454348
744,454380
1416,454412
1624,454444
1840,454476
2089,454508
2329,454540
1751,454572
1850,454604
1568,454636
1417,454668
1103,454700
504,454732
697,454764
61,454796
0,454828
296,454860
154,454892
746,454924
943,454956
826,454988
1401,455020
1256,455052
1562,455084
2219,455116
1854,455148
2121,455180
1386,455212
1208,455244
1341,455276
746,455308
526,455340
310,455372
73,455404
219,455436
336,455468
651,455500
839,455532
1101,455564
1289,455596
1472,455628
1742,455660
1946,455692
2175,455724
2174,455756
1935,455788
1661,455820
1467,455852
1196,455884
620,455916
746,455948
175,455980
3,456012
0,456044
56,456076
327,456108
506,456140
777,456172
1001,456204
1228,456236
1463,456268
1596,456300
1941,456332
2183,456364
1899,456396
1705,456428
1436,456460
888,456492
975,456524
714,456556
205,456588
240,456620
201,456652
494,456684
282,456716
510,456748
1150,456780
971,456812
1615,456844
1817,456876
1690,456908
1976,456940
1647,456972
1498,457004
1674,457036
968,457068
1239,457100
495,457132
312,457164
553,457196
0,457228
0,457260
168,457292
424,457324
1047,457356
1194,457388
1513,457420
1743,457452
1978,457484
2217,457516
2280,457548
2029,457580
1808,457612
1528,457644
1328,457676
1066,457708
798,457740
605,457772
344,457804
0,457836
296,457868
172,457900
410,457932
632,457964
861,457996
1133,458028
1311,458060
1593,458092
1867,458124
1831,458156
1627,458188
1308,458220
1175,458252
1293,458284
1024,458316
827,458348
573,458380
8,458412
167,458444
410,458476
329,458508
864,458540
1056,458572
1357,458604
1514,458636
1374,458668
2032,458700
1836,458732
1739,458764
1898,458796
1273,458828
1037,458860
1164,458892
598,458924
427,458956
112,458988
0,459020
0,459052
102,459084
792,459116
546,459148
812,459180
1405,459212
1272,459244
1512,459276
2062,459308
1959,459340
2150,459372
1486,459404
1673,459436
1403,459468
1209,459500
941,459532
670,459564
463,459596
204,459628
268,459660
496,459692
730,459724
923,459756
1181,459788
1386,459820
1246,459852
1851,459884
1720,459916
1880,459948
1592,459980
1417,460012
1229,460044
963,460076
775,460108
808,460140
316,460172
86,460204
189,460236
43,460268
621,460300
460,460332
1069,460364
1263,460396
1176,460428
1727,460460
1927,460492
1878,460524
2151,460556
1919,460588
1767,460620
1069,460652
843,460684
1035,460716
393,460748
201,460780
302,460812
0,460844
88,460876
232,460908
536,460940
682,460972
912,461004
1655,461036
1370,461068
1636,461100
2362,461132
1735,461164
1560,461196
1693,461228
1096,461260
1269,461292
634,461324
811,461356
587,461388
236,461420
299,461452
488,461484
296,461516
942,461548
1132,461580
1402,461612
1598,461644
1800,461676
2059,461708
2251,461740
1647,461772
1788,461804
1192,461836
964,461868
731,461900
508,461932
331,461964
70,461996
0,462028
238,462060
170,462092
443,462124
1017,462156
890,462188
1545,462220
1256,462252
1947,462284
2143,462316
1883,462348
2013,462380
1786,462412
1224,462444
1310,462476
1053,462508
893,462540
590,462572
6,462604
167,462636
0,462668
207,462700
814,462732
656,462764
902,462796
1464,462828
1338,462860
1920,462892
1784,462924
1847,462956
1532,462988
1324,463020
1581,463052
875,463084
696,463116
829,463148
249,463180
22,463212
0,463244
86,463276
711,463308
857,463340
1166,463372
1341,463404
1512,463436
1817,463468
2008,463500
2281,463532
2110,463564
1870,463596
1641,463628
1405,463660
1144,463692
939,463724
697,463756
110,463788
231,463820
0,463852
118,463884
296,463916
570,463948
830,463980
1020,464012
1291,464044
1518,464076
1756,464108
1981,464140
1654,464172
1511,464204
1657,464236
1006,464268
1177,464300
920,464332
375,464364
457,464396
186,464428
0,464460
491,464492
719,464524
1020,464556
800,464588
1023,464620
1677,464652
1482,464684
1752,464716
2220,464748
1616,464780
1434,464812
1133,464844
980,464876
670,464908
454,464940
727,464972
4,465004
0,465036
445,465068
207,465100
488,465132
656,465164
924,465196
1575,465228
1720,465260
2045,465292
2281,465324
2140,465356
2029,465388
1752,465420
1501,465452
1278,465484
1007,465516
812,465548
556,465580
296,465612
149,465644
358,465676
238,465708
813,465740
688,465772
910,465804
1136,465836
1369,465868
1658,465900
1836,465932
1769,465964
1564,465996
1304,466028
1111,466060
783,466092
663,466124
779,466156
111,466188
310,466220
239,466252
117,466284
697,466316
926,466348
840,466380
1375,466412
1579,466444
1885,466476
2044,466508
1886,466540
2079,466572
1418,466604
1214,466636
1373,466668
761,466700
536,466732
650,466764
84,466796
184,466828
0,466860
199,466892
348,466924
604,466956
1303,466988
1054,467020
1336,467052
1943,467084
1800,467116
1901,467148
1996,467180
1432,467212
1624,467244
1293,467276
1147,467308
887,467340
697,467372
415,467404
136,467436
361,467468
558,467500
794,467532
1020,467564
1245,467596
1439,467628
1696,467660
1916,467692
1772,467724
2128,467756
1531,467788
1352,467820
1071,467852
903,467884
713,467916
452,467948
263,467980
284,468012
0,468044
96,468076
238,468108
551,468140
1145,468172
966,468204
1597,468236
1803,468268
1703,468300
2265,468332
2096,468364
1575,468396
1628,468428
1390,468460
1239,468492
557,468524
334,468556
512,468588
0,468620
0,468652
440,468684
323,468716
889,468748
746,468780
1048,468812
1196,468844
1434,468876
2184,468908
1880,468940
1680,468972
1933,469004
1214,469036
1036,469068
1164,469100
582,469132
749,469164
444,469196
282,469228
363,469260
476,469292
829,469324
1002,469356
1225,469388
1468,469420
1658,469452
1920,469484
2126,469516
2192,469548
1983,469580
1722,469612
1136,469644
1259,469676
683,469708
452,469740
222,469772
6,469804
0,469836
0,469868
235,469900
752,469932
679,469964
954,469996
1543,470028
1404,470060
2013,470092
1774,470124
2230,470156
1963,470188
1354,470220
1487,470252
1260,470284
702,470316
798,470348
537,470380
377,470412
126,470444
19,470476
648,470508
460,470540
717,470572
1328,470604
1176,470636
1787,470668
1995,470700
1866,470732
2093,470764
1481,470796
1319,470828
1008,470860
816,470892
1067,470924
763,470956
182,470988
297,471020
0,471052
139,471084
684,471116
589,471148
1223,471180
1368,471212
1695,471244
1887,471276
2157,471308
2331,471340
2060,471372
1851,471404
1580,471436
1352,471468
1114,471500
890,471532
622,471564
118,471596
172,471628
0,471660
472,471692
359,471724
632,471756
807,471788
1081,471820
1352,471852
1543,471884
1819,471916
1915,471948
1690,471980
1452,472012
1128,472044
989,472076
1120,472108
496,472140
655,472172
398,472204
115,472236
363,472268
554,472300
495,472332
992,472364
1232,472396
1535,472428
1309,472460
1548,472492
2208,472524
1768,472556
1949,472588
1687,472620
1099,472652
922,472684
619,472716
469,472748
166,472780
0,472812
264,472844
477,472876
267,472908
957,472940
716,472972
988,473004
1584,473036
1448,473068
2105,473100
2248,473132
2202,473164
1967,473196
1736,473228
1501,473260
1216,473292
985,473324
762,473356
490,473388
288,473420
218,473452
412,473484
356,473516
873,473548
747,473580
1328,473612
1200,473644
1422,473676
1659,473708
1882,473740
1701,473772
1416,473804
1242,473836
1050,473868
781,473900
599,473932
284,473964
142,473996
254,474028
0,474060
555,474092
763,474124
984,474156
1209,474188
1440,474220
1691,474252
1914,474284
2110,474316
2295,474348
1968,474380
1357,474412
1549,474444
904,474476
703,474508
858,474540
253,474572
29,474604
119,474636
0,474668
543,474700
400,474732
700,474764
1339,474796
1114,474828
1834,474860
1580,474892
1863,474924
2216,474956
1608,474988
1373,475020
1464,475052
920,475084
1099,475116
463,475148
635,475180
363,475212
237,475244
431,475276
618,475308
879,475340
1072,475372
1306,475404
1198,475436
1784,475468
1967,475500
2237,475532
2073,475564
1469,475596
1608,475628
1019,475660
842,475692
560,475724
390,475756
205,475788
0,475820
0,475852
414,475884
381,475916
619,475948
746,475980
1067,476012
1663,476044
1851,476076
2125,476108
2315,476140
1742,476172
1837,476204
1566,476236
1055,476268
1100,476300
876,476332
717,476364
43,476396
0,476428
297,476460
123,476492
377,476524
952,476556
830,476588
1403,476620
1258,476652
1568,476684
2221,476716
1834,476748
2119,476780
1355,476812
1148,476844
1403,476876
712,476908
520,476940
650,476972
62,477004
219,477036
27,477068
653,477100
877,477132
989,477164
1341,477196
1528,477228
1753,477260
1996,477292
2186,477324
1758,477356
1934,477388
1663,477420
1455,477452
1197,477484
617,477516
735,477548
171,477580
0,477612
0,477644
23,477676
295,477708
458,477740
744,477772
1273,477804
1193,477836
1465,477868
2062,477900
1934,477932
2174,477964
1885,477996
1704,478028
1435,478060
839,478092
973,478124
735,478156
201,478188
279,478220
202,478252
509,478284
664,478316
525,478348
1165,478380
970,478412
1230,478444
1856,478476
1691,478508
2299,478540
2031,478572
1434,478604
1269,478636
958,478668
808,478700
504,478732
312,478764
551,478796
0,478828
0,478860
553,478892
424,478924
653,478956
887,478988
1100,479020
1751,479052
1898,479084
2221,479116
2269,479148
2089,479180
1803,479212
1526,479244
894,479276
1056,479308
830,479340
604,479372
379,479404
103,479436
330,479468
528,479500
412,479532
986,479564
859,479596
1144,479628
1307,479660
1607,479692
1879,479724
1820,479756
1626,479788
1387,479820
1163,479852
939,479884
1063,479916
477,479948
607,479980
4,480012
205,480044
415,480076
332,480108
873,480140
1056,480172
1007,480204
1518,480236
1758,480268
2063,480300
1833,480332
1706,480364
1911,480396
1242,480428
1423,480460
1162,480492
591,480524
408,480556
110,480588
0,480620
0,480652
63,480684
783,480716
519,480748
776,480780
1471,480812
1226,480844
1510,480876
1701,480908
1960,480940
2149,480972
1821,481004
1675,481036
1439,481068
1207,481100
985,481132
710,481164
48,481196
236,481228
272,481260
544,481292
748,481324
927,481356
1195,481388
1392,481420
1258,481452
1855,481484
1724,481516
1818,481548
1579,481580
1357,481612
1189,481644
902,481676
731,481708
552,481740
281,481772
88,481804
185,481836
56,481868
619,481900
412,481932
1070,481964
1275,481996
1143,482028
1739,482060
1981,482092
1885,482124
2190,482156
1919,482188
1767,482220
1450,482252
843,482284
1034,482316
383,482348
192,482380
344,482412
0,482444
52,482476
608,482508
506,482540
1055,482572
921,482604
1223,482636
1373,482668
1640,482700
2363,482732
1724,482764
1546,482796
1677,482828
1080,482860
861,482892
954,482924
398,482956
575,482988
0,483020
313,483052
491,483084
650,483116
943,483148
1142,483180
1400,483212
1598,483244
1837,483276
2074,483308
2284,483340
2011,483372
1816,483404
1535,483436
958,483468
1082,483500
506,483532
330,483564
59,483596
0,483628
0,483660
182,483692
440,483724
679,483756
892,483788
1131,483820
1258,483852
1580,483884
2190,483916
1870,483948
2055,483980
1787,484012
1225,484044
1309,484076
1040,484108
543,484140
587,484172
365,484204
186,484236
0,484268
184,484300
815,484332
624,484364
892,484396
1468,484428
1348,484460
1929,484492
1776,484524
1834,484556
1518,484588
1308,484620
1581,484652
831,484684
646,484716
893,484748
187,484780
19,484812
200,484844
90,484876
712,484908
542,484940
1166,484972
1401,485004
1514,485036
1867,485068
2058,485100
2277,485132
2154,485164
1872,485196
1676,485228
1406,485260
1144,485292
939,485324
686,485356
108,485388
224,485420
0,485452
78,485484
300,485516
523,485548
807,485580
982,485612
1259,485644
1527,485676
1720,485708
1976,485740
2109,485772
1501,485804
1643,485836
956,485868
1175,485900
909,485932
327,485964
455,485996
221,486028
0,486060
524,486092
719,486124
570,486156
1167,486188
1024,486220
1680,486252
1990,486284
1753,486316
2264,486348
1614,486380
1773,486412
1512,486444
924,486476
1038,486508
444,486540
297,486572
2,486604
0,486636
443,486668
216,486700
476,486732
1069,486764
935,486796
1163,486828
1397,486860
1624,486892
2284,486924
2170,486956
2027,486988
1741,487020
1561,487052
1275,487084
1000,487116
813,487148
544,487180
316,487212
153,487244
394,487276
587,487308
847,487340
1051,487372
912,487404
1501,487436
1384,487468
1668,487500
1836,487532
1756,487564
1559,487596
1292,487628
1100,487660
887,487692
652,487724
427,487756
108,487788
0,487820
269,487852
132,487884
733,487916
939,487948
839,487980
1389,488012
1584,488044
1808,488076
2045,488108
2267,488140
2117,488172
1404,488204
1180,488236
1375,488268
719,488300
903,488332
639,488364
76,488396
0,488428
0,488460
197,488492
347,488524
586,488556
1309,488588
1031,488620
1288,488652
2011,488684
1754,488716
1910,488748
1612,488780
1432,488812
1611,488844
1292,488876
1147,488908
923,488940
695,488972
461,489004
174,489036
366,489068
614,489100
796,489132
1064,489164
1246,489196
1450,489228
1711,489260
1915,489292
1783,489324
2128,489356
1529,489388
1294,489420
1065,489452
844,489484
677,489516
393,489548
225,489580
39,489612
0,489644
106,489676
682,489708
554,489740
1143,489772
922,489804
1597,489836
1801,489868
1661,489900
2265,489932
2128,489964
1853,489996
1660,490028
1387,490060
1238,490092
923,490124
334,490156
511,490188
0,490220
0,490252
478,490284
329,490316
553,490348
1117,490380
1000,490412
1578,490444
1435,490476
1739,490508
1870,490540
1674,490572
1943,490604
1627,490636
1034,490668
1161,490700
580,490732
349,490764
442,490796
0,490828
365,490860
196,490892
829,490924
1006,490956
1277,490988
1469,491020
1664,491052
1927,491084
2136,491116
2224,491148
1982,491180
1752,491212
1484,491244
1279,491276
1021,491308
445,491340
570,491372
8,491404
0,491436
0,491468
234,491500
503,491532
682,491564
951,491596
1191,491628
1405,491660
1643,491692
1784,491724
1863,491756
1999,491788
1342,491820
1517,491852
1259,491884
984,491916
792,491948
538,491980
24,492012
140,492044
383,492076
682,492108
458,492140
688,492172
1339,492204
1136,492236
1404,492268
1994,492300
1870,492332
2090,492364
1470,492396
1308,492428
1008,492460
784,492492
1053,492524
811,492556
136,492588
365,492620
0,492652
152,492684
728,492716
603,492748
1229,492780
1048,492812
1691,492844
1933,492876
2031,492908
2379,492940
2094,492972
1851,493004
1616,493036
1340,493068
1150,493100
890,493132
621,493164
426,493196
168,493228
0,493260
479,493292
359,493324
582,493356
810,493388
1032,493420
1309,493452
1496,493484
1775,493516
1917,493548
1640,493580
1449,493612
1591,493644
984,493676
1118,493708
450,493740
655,493772
395,493804
141,493836
351,493868
592,493900
503,493932
1040,493964
1242,493996
1545,494028
1705,494060
1552,494092
2219,494124
1758,494156
1560,494188
1724,494220
1095,494252
1242,494284
984,494316
422,494348
526,494380
0,494412
0,494444
487,494476
270,494508
969,494540
719,494572
988,494604
1591,494636
1448,494668
1691,494700
1925,494732
1773,494764
1963,494796
1641,494828
1498,494860
1213,494892
1033,494924
759,494956
480,494988
297,495020
218,495052
459,495084
670,495116
910,495148
1100,495180
1368,495212
1563,495244
1435,495276
2031,495308
1880,495340
1704,495372
1407,495404
1232,495436
1047,495468
778,495500
599,495532
375,495564
140,495596
0,495628
0,495660
219,495692
807,495724
985,495756
1257,495788
1449,495820
1354,495852
1913,495884
2111,495916
1917,495948
1976,495980
1741,496012
1582,496044
892,496076
668,496108
859,496140
206,496172
393,496204
119,496236
2,496268
266,496300
408,496332
714,496364
1351,496396
1098,496428
1833,496460
1548,496492
1816,496524
2285,496556
1550,496588
1372,496620
1096,496652
916,496684
1086,496716
779,496748
631,496780
399,496812
247,496844
477,496876
670,496908
887,496940
1118,496972
1306,497004
1580,497036
1772,497068
1979,497100
2248,497132
2077,497164
1466,497196
1600,497228
1008,497260
790,497292
559,497324
334,497356
167,497388
0,497420
0,497452
167,497484
347,497516
617,497548
751,497580
1066,497612
1671,497644
1853,497676
2126,497708
2313,497740
1691,497772
1833,497804
1608,497836
1048,497868
1142,497900
873,497932
715,497964
413,497996
0,498028
302,498060
125,498092
393,498124
988,498156
832,498188
1064,498220
1654,498252
1516,498284
2286,498316
1818,498348
1658,498380
1344,498412
1150,498444
1399,498476
699,498508
521,498540
637,498572
58,498604
0,498636
344,498668
263,498700
891,498732
714,498764
1341,498796
1531,498828
1815,498860
1997,498892
2190,498924
2205,498956
1934,498988
1694,499020
1454,499052
1229,499084
960,499116
764,499148
508,499180
0,499212
125,499244
24,499276
298,499308
464,499340
747,499372
1015,499404
1197,499436
1479,499468
1976,499500
1943,499532
1799,499564
1931,499596
1327,499628
1467,499660
838,499692
1001,499724
745,499756
190,499788
278,499820
206,499852
173,499884
656,499916
896,499948
1195,499980
970,500012
1211,500044
1865,500076
1663,500108
1903,500140
2029,500172
1448,500204
1246,500236
959,500268
810,500300
492,500332
272,500364
555,500396
0,500428
0,500460
621,500492
380,500524
662,500556
1244,500588
1112,500620
1751,500652
1575,500684
2247,500716
2317,500748
1952,500780
1848,500812
1562,500844
895,500876
1100,500908
830,500940
624,500972
368,501004
99,501036
335,501068
537,501100
412,501132
986,501164
872,501196
1084,501228
1310,501260
1550,501292
1836,501324
1754,501356
1580,501388
1658,501420
1117,501452
938,501484
1053,501516
487,501548
597,501580
0,501612
214,501644
415,501676
297,501708
877,501740
1110,501772
1015,501804
1566,501836
1759,501868
2079,501900
2234,501932
1706,501964
1899,501996
1231,502028
1036,502060
1194,502092
586,502124
364,502156
475,502188
0,502220
207,502252
74,502284
375,502316
512,502348
781,502380
1483,502412
1228,502444
1512,502476
2121,502508
1947,502540
1720,502572
1482,502604
1259,502636
1432,502668
1116,502700
973,502732
699,502764
396,502796
235,502828
282,502860
551,502892
734,502924
968,502956
1195,502988
1422,503020
1629,503052
1887,503084
2096,503116
1819,503148
1951,503180
1356,503212
1178,503244
891,503276
728,503308
537,503340
270,503372
87,503404
0,503436
55,503468
280,503500
414,503532
733,503564
1323,503596
1146,503628
1773,503660
1981,503692
1881,503724
2175,503756
1914,503788
1389,503820
1439,503852
1211,503884
1055,503916
379,503948
169,503980
334,504012
0,504044
47,504076
606,504108
496,504140
766,504172
924,504204
1224,504236
1373,504268
1616,504300
2375,504332
1702,504364
1508,504396
1755,504428
1032,504460
860,504492
587,504524
408,504556
571,504588
253,504620
312,504652
543,504684
655,504716
1007,504748
1180,504780
1403,504812
1646,504844
1836,504876
2112,504908
2282,504940
2013,504972
1806,505004
1536,505036
953,505068
1072,505100
506,505132
278,505164
47,505196
0,505228
0,505260
134,505292
410,505324
670,505356
856,505388
1129,505420
1262,505452
1591,505484
2200,505516
1816,505548
2043,505580
1785,505612
1177,505644
1309,505676
1084,505708
536,505740
618,505772
360,505804
185,505836
318,505868
190,505900
815,505932
637,505964
896,505996
1513,506028
1352,506060
1588,506092
2174,506124
1785,506156
1911,506188
1296,506220
1134,506252
827,506284
648,506316
892,506348
187,506380
18,506412
203,506444
92,506476
315,506508
863,506540
776,506572
1403,506604
1550,506636
1885,506668
2059,506700
2348,506732
2156,506764
1868,506796
1673,506828
1402,506860
1165,506892
940,506924
714,506956
456,506988
251,507020
191,507052
79,507084
650,507116
528,507148
808,507180
975,507212
1260,507244
1529,507276
1724,507308
1975,507340
2012,507372
1497,507404
1272,507436
952,507468
814,507500
943,507532
328,507564
479,507596
220,507628
0,507660
527,507692
728,507724
679,507756
1178,507788
1418,507820
1723,507852
1497,507884
1726,507916
2239,507948
1579,507980
1384,508012
1500,508044
921,508076
1036,508108
444,508140
294,508172
0,508204
0,508236
456,508268
185,508300
440,508332
1142,508364
890,508396
1164,508428
1768,508460
1630,508492
2285,508524
2169,508556
2023,508588
1787,508620
1424,508652
1321,508684
1038,508716
807,508748
588,508780
312,508812
190,508844
396,508876
592,508908
857,508940
1049,508972
926,509004
1502,509036
1371,509068
1608,509100
1838,509132
1704,509164
1516,509196
1230,509228
1064,509260
1132,509292
604,509324
424,509356
537,509388
0,509420
283,509452
76,509484
731,509516
937,509548
809,509580
1389,509612
1629,509644
1528,509676
2094,509708
2268,509740
2105,509772
1790,509804
1182,509836
1368,509868
716,509900
535,509932
682,509964
76,509996
212,510028
270,510060
158,510092
719,510124
584,510156
887,510188
1036,510220
1292,510252
2013,510284
2175,510316
2171,510348
2031,510380
1432,510412
1195,510444
1290,510476
733,510508
919,510540
602,510572
456,510604
165,510636
431,510668
617,510700
796,510732
1063,510764
1248,510796
1485,510828
1724,510860
1963,510892
2155,510924
1814,510956
1888,510988
1290,511020
1419,511052
840,511084
654,511116
391,511148
218,511180
24,511212
0,511244
108,511276
335,511308
557,511340
793,511372
922,511404
1238,511436
1851,511468
1660,511500
2303,511532
2135,511564
1850,511596
1647,511628
1388,511660
873,511692
924,511724
700,511756
542,511788
0,511820
0,511852
477,511884
297,511916
927,511948
1130,511980
1004,512012
1288,512044
1438,512076
1741,512108
1866,512140
1642,512172
1928,512204
1673,512236
976,512268
1225,512300
524,512332
348,512364
472,512396
0,512428
375,512460
510,512492
827,512524
1055,512556
1287,512588
1517,512620
1707,512652
1933,512684
2172,512716
2222,512748
2027,512780
1752,512812
1480,512844
951,512876
1019,512908
443,512940
559,512972
3,513004
0,513036
0,513068
198,513100
461,513132
644,513164
911,513196
1191,513228
1372,513260
1645,513292
1785,513324
1852,513356
1995,513388
1288,513420
1516,513452
1257,513484
1016,513516
795,513548
570,513580
26,513612
184,513644
384,513676
685,513708
843,513740
702,513772
1339,513804
1148,513836
1406,513868
2040,513900
1868,513932
1735,513964
1849,513996
1260,514028
1373,514060
782,514092
633,514124
807,514156
138,514188
363,514220
0,514252
152,514284
733,514316
602,514348
839,514380
1373,514412
1276,514444
1931,514476
1751,514508
2377,514540
2089,514572
1899,514604
1613,514636
1338,514668
1145,514700
888,514732
653,514764
102,514796
187,514828
253,514860
507,514892
703,514924
586,514956
1161,514988
1038,515020
1321,515052
1498,515084
1785,515116
1913,515148
1629,515180
1436,515212
1481,515244
984,515276
760,515308
442,515340
301,515372
429,515404
136,515436
397,515468
604,515500
505,515532
1053,515564
1242,515596
1182,515628
1696,515660
1936,515692
2253,515724
1757,515756
1528,515788
1723,515820
1062,515852
872,515884
986,515916
410,515948
512,515980
0,516012
0,516044
488,516076
248,516108
970,516140
698,516172
944,516204
1670,516236
1402,516268
1688,516300
2302,516332
1781,516364
1961,516396
1308,516428
1495,516460
1259,516492
908,516524
799,516556
534,516588
285,516620
268,516652
458,516684
302,516716
912,516748
1112,516780
1367,516812
1567,516844
1436,516876
2039,516908
1872,516940
1636,516972
1405,517004
1176,517036
1001,517068
718,517100
553,517132
619,517164
103,517196
0,517228
333,517260
220,517292
799,517324
991,517356
1255,517388
1463,517420
1320,517452
1919,517484
2160,517516
1913,517548
2008,517580
1728,517612
1577,517644
1261,517676
666,517708
846,517740
216,517772
22,517804
139,517836
1,517868
586,517900
782,517932
666,517964
951,517996
1100,518028
1390,518060
1552,518092
1808,518124
2284,518156
1548,518188
1366,518220
1498,518252
906,518284
685,518316
456,518348
235,518380
397,518412
158,518444
489,518476
667,518508
951,518540
1128,518572
1312,518604
1160,518636
1776,518668
2012,518700
2250,518732
2104,518764
1832,518796
1627,518828
1371,518860
781,518892
908,518924
332,518956
154,518988
0,519020
0,519052
169,519084
358,519116
619,519148
856,519180
1070,519212
1295,519244
1899,519276
1771,519308
2347,519340
1692,519372
1867,519404
1596,519436
1038,519468
1135,519500
872,519532
361,519564
410,519596
176,519628
333,519660
128,519692
359,519724
1001,519756
811,519788
1449,519820
1646,519852
1516,519884
1802,519916
1818,519948
1658,519980
1342,520012
1125,520044
1400,520076
667,520108
462,520140
703,520172
19,520204
0,520236
3,520268
266,520300
888,520332
1035,520364
1354,520396
1579,520428
1817,520460
2057,520492
2238,520524
1758,520556
1966,520588
1692,520620
1486,520652
1224,520684
958,520716
765,520748
506,520780
0,520812
135,520844
24,520876
246,520908
472,520940
700,520972
984,521004
1146,521036
1437,521068
1708,521100
1898,521132
1790,521164
1926,521196
1323,521228
1463,521260
778,521292
989,521324
745,521356
155,521388
271,521420
248,521452
167,521484
702,521516
893,521548
1209,521580
1356,521612
1209,521644
1867,521676
1673,521708
1900,521740
2074,521772
1436,521804
1208,521836
1326,521868
756,521900
863,521932
272,521964
122,521996
0,522028
0,522060
631,522092
383,522124
664,522156
1245,522188
1116,522220
1339,522252
1900,522284
1803,522316
2315,522348
1888,522380
1847,522412
1561,522444
1247,522476
1097,522508
826,522540
633,522572
364,522604
119,522636
332,522668
572,522700
763,522732
1024,522764
1224,522796
1098,522828
1688,522860
1552,522892
1840,522924
1756,522956
1578,522988
1383,523020
1118,523052
925,523084
701,523116
475,523148
248,523180
0,523212
0,523244
457,523276
300,523308
909,523340
1116,523372
1016,523404
1567,523436
1771,523468
1709,523500
2236,523532
2088,523564
1931,523596
1232,523628
1004,523660
1193,523692
551,523724
360,523756
472,523788
0,523820
206,523852
78,523884
372,523916
525,523948
750,523980
1484,524012
1209,524044
1466,524076
2201,524108
1900,524140
1720,524172
1864,524204
1256,524236
1432,524268
807,524300
972,524332
745,524364
394,524396
279,524428
330,524460
543,524492
784,524524
970,524556
1231,524588
1424,524620
1630,524652
1900,524684
2104,524716
1808,524748
1946,524780
1342,524812
1114,524844
892,524876
666,524908
491,524940
216,524972
40,525004
0,525036
24,525068
282,525100
857,525132
730,525164
1323,525196
1096,525228
1783,525260
1993,525292
1847,525324
2187,525356
1950,525388
1385,525420
1472,525452
1210,525484
604,525516
749,525548
156,525580
330,525612
0,525644
58,525676
654,525708
495,525740
1100,525772
1304,525804
1180,525836
1758,525868
1616,525900
1927,525932
1695,525964
1484,525996
1755,526028
1035,526060
858,526092
983,526124
403,526156
171,526188
0,526220
0,526252
548,526284
687,526316
1006,526348
1193,526380
1461,526412
1657,526444
1840,526476
2109,526508
2272,526540
2042,526572
1804,526604
1568,526636
1305,526668
1103,526700
845,526732
272,526764
394,526796
0,526828
0,526860
138,526892
410,526924
681,526956
871,526988
1131,527020
1358,527052
1595,527084
1835,527116
1816,527148
1673,527180
1816,527212
1166,527244
1337,527276
1071,527308
535,527340
619,527372
350,527404
100,527436
330,527468
558,527500
858,527532
637,527564
871,527596
1515,527628
1322,527660
1982,527692
2176,527724
1788,527756
1608,527788
1293,527820
1140,527852
832,527884
616,527916
877,527948
152,527980
0,528012
269,528044
44,528076
318,528108
506,528140
775,528172
1405,528204
1552,528236
1881,528268
2119,528300
2349,528332
2191,528364
1914,528396
1669,528428
1436,528460
1164,528492
972,528524
712,528556
447,528588
249,528620
199,528652
79,528684
656,528716
536,528748
750,528780
986,528812
1212,528844
1496,528876
1673,528908
1928,528940
1738,528972
1463,529004
1275,529036
1401,529068
811,529100
936,529132
278,529164
475,529196
217,529228
0,529260
537,529292
776,529324
954,529356
1225,529388
1419,529420
1733,529452
1884,529484
1736,529516
2248,529548
1575,529580
1382,529612
1534,529644
920,529676
697,529708
811,529740
244,529772
346,529804
0,529836
42,529868
187,529900
445,529932
1146,529964
1307,529996
1178,530028
1775,530060
1630,530092
1868,530124
2169,530156
1594,530188
1787,530220
1144,530252
1319,530284
1037,530316
847,530348
575,530380
312,530412
201,530444
398,530476
632,530508
858,530540
1083,530572
1279,530604
1536,530636
1743,530668
1612,530700
2219,530732
1694,530764
1516,530796
1231,530828
1062,530860
873,530892
604,530924
423,530956
191,530988
0,531020
0,531052
80,531084
397,531116
973,531148
811,531180
1433,531212
1631,531244
1821,531276
2103,531308
2264,531340
1739,531372
1788,531404
1560,531436
1402,531468
717,531500
491,531532
680,531564
42,531596
0,531628
268,531660
166,531692
730,531724
588,531756
886,531788
1024,531820
1272,531852
2028,531884
2233,531916
1836,531948
2107,531980
1371,532012
1196,532044
1323,532076
1040,532108
919,532140
286,532172
456,532204
201,532236
313,532268
669,532300
846,532332
1065,532364
1306,532396
1498,532428
1758,532460
1962,532492
2159,532524
2155,532556
1888,532588
1291,532620
1418,532652
830,532684
614,532716
380,532748
158,532780
0,532812
0,532844
76,532876
344,532908
525,532940
795,532972
1373,533004
1255,533036
1851,533068
1614,533100
2315,533132
2125,533164
1884,533196
1647,533228
1420,533260
872,533292
954,533324
698,533356
541,533388
233,533420
0,533452
479,533484
301,533516
557,533548
1176,533580
1014,533612
1630,533644
1836,533676
1706,533708
2253,533740
1644,533772
1480,533804
1671,533836
974,533868
1223,533900
920,533932
346,533964
461,533996
0,534028
0,534060
215,534092
437,534124
1063,534156
1199,534188
1531,534220
1709,534252
1995,534284
2185,534316
2218,534348
2023,534380
1324,534412
1514,534444
1275,534476
1053,534508
796,534540
588,534572
331,534604
0,534636
319,534668
191,534700
472,534732
651,534764
922,534796
1192,534828
1384,534860
1655,534892
1895,534924
1850,534956
1611,534988
1291,535020
1148,535052
1289,535084
1006,535116
815,535148
571,535180
24,535212
189,535244
384,535276
336,535308
841,535340
1071,535372
1375,535404
1147,535436
1385,535468
2047,535500
1848,535532
2121,535564
1850,535596
1257,535628
1082,535660
778,535692
630,535724
795,535756
102,535788
361,535820
0,535852
112,535884
807,535916
556,535948
839,535980
1008,536012
1286,536044
1933,536076
2079,536108
2375,536140
2137,536172
1896,536204
1661,536236
1386,536268
1145,536300
924,536332
654,536364
456,536396
186,536428
255,536460
510,536492
717,536524
591,536556
1168,536588
1040,536620
1272,536652
1496,536684
1736,536716
1866,536748
1577,536780
1400,536812
1210,536844
940,536876
759,536908
432,536940
300,536972
414,537004
135,537036
395,537068
602,537100
472,537132
1051,537164
1289,537196
1193,537228
1753,537260
1947,537292
2265,537324
2139,537356
1519,537388
1707,537420
1064,537452
859,537484
1020,537516
412,537548
184,537580
297,537612
0,537644
94,537676
250,537708
552,537740
698,537772
956,537804
1675,537836
1415,537868
1690,537900
2301,537932
1771,537964
1543,537996
1629,538028
1079,538060
1256,538092
619,538124
798,538156
512,538188
333,538220
271,538252
460,538284
719,538316
910,538348
1147,538380
1376,538412
1608,538444
1808,538476
2079,538508
2236,538540
1631,538572
1759,538604
1178,538636
998,538668
719,538700
552,538732
359,538764
93,538796
0,538828
251,538860
231,538892
454,538924
1037,538956
907,538988
1497,539020
1324,539052
1963,539084
2167,539116
1911,539148
2009,539180
1736,539212
1209,539244
1262,539276
1035,539308
876,539340
216,539372
0,539404
141,539436
0,539468
230,539500
794,539532
680,539564
950,539596
1103,539628
1400,539660
1551,539692
1790,539724
2271,539756
1517,539788
1320,539820
1577,539852
858,539884
682,539916
812,539948
232,539980
391,540012
0,540044
491,540076
719,540108
830,540140
1181,540172
1358,540204
1152,540236
1834,540268
2016,540300
2297,540332
2096,540364
1835,540396
1626,540428
1359,540460
778,540492
893,540524
330,540556
102,540588
0,540620
0,540652
137,540684
312,540716
585,540748
1114,540780
1038,540812
1304,540844
1901,540876
1771,540908
2341,540940
2057,540972
1854,541004
1595,541036
999,541068
1131,541100
906,541132
360,541164
442,541196
172,541228
335,541260
495,541292
361,541324
992,541356
813,541388
1070,541420
1692,541452
1529,541484
1758,541516
2202,541548
1608,541580
1722,541612
1116,541644
955,541676
654,541708
462,541740
711,541772
20,541804
0,541836
391,541868
267,541900
491,541932
717,541964
951,541996
1581,542028
1726,542060
2061,542092
2249,542124
2123,542156
1965,542188
1688,542220
1485,542252
1226,542284
990,542316
760,542348
526,542380
270,542412
159,542444
368,542476
240,542508
829,542540
702,542572
984,542604
1148,542636
1436,542668
1709,542700
1912,542732
1786,542764
1561,542796
1323,542828
1099,542860
776,542892
638,542924
765,542956
154,542988
297,543020
255,543052
171,543084
714,543116
906,543148
859,543180
1360,543212
1595,543244
1903,543276
1674,543308
1864,543340
2059,543372
1400,543404
1198,543436
1323,543468
750,543500
570,543532
267,543564
116,543596
0,543628
0,543660
636,543692
363,543724
618,543756
1325,543788
1068,543820
1342,543852
1528,543884
1812,543916
2312,543948
1981,543980
1837,544012
1599,544044
1248,544076
1135,544108
860,544140
632,544172
400,544204
116,544236
380,544268
576,544300
766,544332
1024,544364
1225,544396
1099,544428
1689,544460
1561,544492
1787,544524
1752,544556
1514,544588
1341,544620
1053,544652
889,544684
699,544716
428,544748
238,544780
0,544812
0,544844
459,544876
251,544908
909,544940
1115,544972
983,545004
1567,545036
1816,545068
1719,545100
2284,545132
2077,545164
1927,545196
1612,545228
1001,545260
1193,545292
541,545324
356,545356
503,545388
0,545420
0,545452
448,545484
341,545516
904,545548
764,545580
1063,545612
1210,545644
1472,545676
2200,545708
1897,545740
1717,545772
1849,545804
1243,545836
1019,545868
1112,545900
567,545932
733,545964
426,545996
277,546028
333,546060
605,546092
789,546124
982,546156
1239,546188
1436,546220
1673,546252
1900,546284
2140,546316
2187,546348
1968,546380
1708,546412
1479,546444
1240,546476
663,546508
486,546540
206,546572
39,546604
0,546636
23,546668
284,546700
768,546732
744,546764
967,546796
1096,546828
1419,546860
2029,546892
1851,546924
2217,546956
1945,546988
1383,547020
1469,547052
1198,547084
701,547116
744,547148
512,547180
360,547212
0,547244
27,547276
663,547308
475,547340
732,547372
1307,547404
1181,547436
1759,547468
1626,547500
1930,547532
1694,547564
1454,547596
1740,547628
1481,547660
806,547692
1053,547724
348,547756
170,547788
286,547820
0,547852
551,547884
697,547916
1015,547948
1243,547980
1343,548012
1707,548044
1898,548076
2123,548108
2316,548140
2042,548172
1838,548204
1566,548236
1306,548268
1100,548300
843,548332
269,548364
384,548396
0,548428
0,548460
141,548492
363,548524
648,548556
812,548588
1095,548620
1641,548652
1551,548684
1835,548716
2270,548748
1672,548780
1805,548812
1114,548844
1335,548876
1071,548908
488,548940
607,548972
382,549004
0,549036
366,549068
569,549100
873,549132
1017,549164
874,549196
1519,549228
1328,549260
1594,549292
2218,549324
1786,549356
1934,549388
1674,549420
1086,549452
1197,549484
605,549516
457,549548
152,549580
0,549612
281,549644
445,549676
327,549708
907,549740
778,549772
1004,549804
1562,549836
1463,549868
2109,549900
2256,549932
2199,549964
1903,549996
1723,550028
1437,550060
1162,550092
968,550124
712,550156
476,550188
239,550220
231,550252
431,550284
362,550316
891,550348
764,550380
1344,550412
1213,550444
1496,550476
1674,550508
1926,550540
1736,550572
1450,550604
1259,550636
1049,550668
810,550700
583,550732
268,550764
125,550796
239,550828
0,550860
574,550892
779,550924
960,550956
1227,550988
1424,551020
1369,551052
1885,551084
2127,551116
2281,551148
1580,551180
1338,551212
1534,551244
879,551276
1067,551308
800,551340
237,551372
60,551404
0,551436
42,551468
190,551500
423,551532
1147,551564
1357,551596
1130,551628
1847,551660
1592,551692
1878,551724
2204,551756
1591,551788
1781,551820
1455,551852
1310,551884
1081,551916
844,551948
623,551980
346,552012
203,552044
446,552076
634,552108
896,552140
1088,552172
1290,552204
1211,552236
1753,552268
1614,552300
2223,552332
1694,552364
1464,552396
1228,552428
1002,552460
822,552492
550,552524
376,552556
187,552588
0,552620
0,552652
79,552684
396,552716
973,552748
764,552780
1436,552812
1641,552844
1866,552876
2107,552908
2300,552940
1735,552972
1820,553004
1550,553036
1401,553068
1083,553100
487,553132
669,553164
40,553196
0,553228
316,553260
172,553292
402,553324
958,553356
850,553388
1418,553420
1276,553452
1579,553484
2235,553516
1836,553548
2104,553580
1372,553612
1193,553644
1323,553676
734,553708
507,553740
600,553772
56,553804
199,553836
43,553868
667,553900
845,553932
1118,553964
1305,553996
1496,554028
1769,554060
1964,554092
2202,554124
1802,554156
1915,554188
1656,554220
1440,554252
1182,554284
602,554316
729,554348
156,554380
0,554412
0,554444
76,554476
344,554508
534,554540
795,554572
1289,554604
1255,554636
1481,554668
1613,554700
1947,554732
2159,554764
1881,554796
1687,554828
1419,554860
869,554892
955,554924
688,554956
189,554988
232,555020
219,555052
521,555084
304,555116
539,555148
1177,555180
986,555212
1243,555244
1834,555276
1708,555308
2249,555340
1631,555372
1477,555404
1659,555436
943,555468
1223,555500
479,555532
295,555564
537,555596
0,555628
0,555660
558,555692
439,555724
1067,555756
891,555788
1531,555820
1769,555852
1872,555884
2239,555916
2264,555948
2011,555980
1788,556012
1502,556044
892,556076
1040,556108
783,556140
585,556172
331,556204
0,556236
317,556268
201,556300
424,556332
651,556364
877,556396
1159,556428
1334,556460
1612,556492
2170,556524
1803,556556
1609,556588
1741,556620
1147,556652
1276,556684
1003,556716
813,556748
557,556780
0,556812
191,556844
429,556876
347,556908
888,556940
1081,556972
1385,557004
1533,557036
1389,557068
2047,557100
1852,557132
1720,557164
1884,557196
1257,557228
1403,557260
1146,557292
574,557324
394,557356
103,557388
0,557420
0,557452
112,557484
809,557516
558,557548
838,557580
1421,557612
1290,557644
1527,557676
1756,557708
1943,557740
2135,557772
1803,557804
1659,557836
1375,557868
1193,557900
911,557932
650,557964
42,557996
184,558028
288,558060
512,558092
749,558124
943,558156
1200,558188
1403,558220
1273,558252
1868,558284
1740,558316
1865,558348
1567,558380
1392,558412
1210,558444
1198,558476
755,558508
525,558540
297,558572
75,558604
165,558636
61,558668
640,558700
476,558732
1097,558764
1295,558796
1196,558828
1757,558860
1950,558892
1895,558924
2128,558956
1903,558988
1744,559020
1053,559052
829,559084
1016,559116
377,559148
552,559180
286,559212
0,559244
105,559276
253,559308
554,559340
703,559372
937,559404
1676,559436
1384,559468
1646,559500
2381,559532
1719,559564
1528,559596
1256,559628
1078,559660
1246,559692
939,559724
792,559756
567,559788
328,559820
327,559852
506,559884
316,559916
968,559948
1150,559980
1416,560012
1612,560044
1818,560076
2079,560108
2237,560140
1628,560172
1759,560204
1176,560236
940,560268
716,560300
491,560332
316,560364
40,560396
0,560428
8,560460
199,560492
455,560524
1037,560556
909,560588
1501,560620
1272,560652
1964,560684
2171,560716
1864,560748
1997,560780
1770,560812
1208,560844
1292,560876
1024,560908
877,560940
571,560972
0,561004
139,561036
0,561068
233,561100
827,561132
679,561164
906,561196
1480,561228
1356,561260
1948,561292
1803,561324
1831,561356
1512,561388
1306,561420
1564,561452
854,561484
680,561516
809,561548
222,561580
4,561612
173,561644
107,561676
727,561708
555,561740
1183,561772
1369,561804
1520,561836
1835,561868
2026,561900
2297,561932
2094,561964
1856,561996
1616,562028
1389,562060
1132,562092
926,562124
668,562156
94,562188
217,562220
0,562252
138,562284
311,562316
588,562348
857,562380
1038,562412
1319,562444
1545,562476
1773,562508
1963,562540
1626,562572
1493,562604
1631,562636
988,562668
1163,562700
905,562732
359,562764
439,562796
170,562828
10,562860
512,562892
731,562924
1038,562956
824,562988
1053,563020
1696,563052
1503,563084
1771,563116
2200,563148
1596,563180
1724,563212
1116,563244
956,563276
654,563308
430,563340
701,563372
0,563404
0,563436
463,563468
230,563500
502,563532
1084,563564
952,563596
1591,563628
1404,563660
2071,563692
2301,563724
2122,563756
2015,563788
1726,563820
1481,563852
1260,563884
988,563916
796,563948
536,563980
269,564012
171,564044
380,564076
268,564108
830,564140
704,564172
934,564204
1152,564236
1386,564268
1675,564300
1860,564332
1740,564364
1559,564396
1275,564428
1086,564460
1221,564492
635,564524
760,564556
92,564588
299,564620
264,564652
139,564684
715,564716
951,564748
857,564780
1404,564812
1598,564844
1439,564876
2064,564908
1866,564940
2059,564972
1392,565004
1193,565036
1356,565068
744,565100
892,565132
634,565164
72,565196
168,565228
0,565260
216,565292
365,565324
621,565356
1323,565388
1072,565420
1356,565452
1961,565484
1814,565516
1883,565548
1644,565580
1416,565612
1592,565644
1277,565676
1135,565708
859,565740
681,565772
397,565804
108,565836
391,565868
576,565900
812,565932
1024,565964
1264,565996
1465,566028
1727,566060
1931,566092
1800,566124
2111,566156
1512,566188
1338,566220
1053,566252
876,566284
695,566316
428,566348
247,566380
20,566412
0,566444
119,566476
264,566508
573,566540
1161,566572
985,566604
1615,566636
1819,566668
1721,566700
2287,566732
2078,566764
1834,566796
1598,566828
1375,566860
1223,566892
541,566924
316,566956
495,566988
0,567020
251,567052
456,567084
336,567116
617,567148
764,567180
1068,567212
1213,567244
1448,567276
2205,567308
1863,567340
1656,567372
1927,567404
1194,567436
1014,567468
745,567500
565,567532
731,567564
416,567596
265,567628
379,567660
613,567692
856,567724
1020,567756
1243,567788
1486,567820
1674,567852
1948,567884
2144,567916
2175,567948
1977,567980
1707,568012
1112,568044
1232,568076
663,568108
432,568140
206,568172
0,568204
0,568236
0,568268
260,568300
519,568332
706,568364
969,568396
1561,568428
1431,568460
2029,568492
1801,568524
2207,568556
1946,568588
1335,568620
1471,568652
1244,568684
969,568716
778,568748
512,568780
350,568812
156,568844
31,568876
666,568908
475,568940
741,568972
1354,569004
1190,569036
1420,569068
2013,569100
1882,569132
2064,569164
1456,569196
1303,569228
992,569260
797,569292
1038,569324
745,569356
168,569388
285,569420
0,569452
157,569484
700,569516
615,569548
1240,569580
1065,569612
1710,569644
1897,569676
2185,569708
2315,569740
2030,569772
1835,569804
1564,569836
1328,569868
1098,569900
873,569932
616,569964
398,569996
154,570028
0,570060
490,570092
368,570124
648,570156
816,570188
1098,570220
1371,570252
1562,570284
1847,570316
1901,570348
1661,570380
1435,570412
1116,570444
973,570476
960,570508
486,570540
640,570572
381,570604
87,570636
367,570668
570,570700
523,570732
1020,570764
1248,570796
1565,570828
1326,570860
1564,570892
2235,570924
1742,570956
1546,570988
1662,571020
1082,571052
1196,571084
601,571116
444,571148
142,571180
0,571212
283,571244
495,571276
294,571308
985,571340
741,571372
1014,571404
1612,571436
1466,571468
2123,571500
1933,571532
2188,571564
1947,571596
1593,571628
1481,571660
1198,571692
965,571724
746,571756
474,571788
280,571820
236,571852
432,571884
685,571916
890,571948
763,571980
1343,572012
1216,572044
1446,572076
1680,572108
1864,572140
1687,572172
1398,572204
1225,572236
1035,572268
764,572300
574,572332
701,572364
123,572396
237,572428
0,572460
573,572492
781,572524
1000,572556
1231,572588
1468,572620
1371,572652
1932,572684
2136,572716
2269,572748
1961,572780
1340,572812
1531,572844
876,572876
685,572908
842,572940
234,572972
368,573004
103,573036
17,573068
558,573100
428,573132
729,573164
1365,573196
1134,573228
1861,573260
1595,573292
1879,573324
2201,573356
1590,573388
1355,573420
1128,573452
903,573484
1070,573516
764,573548
617,573580
347,573612
263,573644
447,573676
638,573708
903,573740
1088,573772
1326,573804
1560,573836
1789,573868
1995,573900
2256,573932
2048,573964
1452,573996
1582,574028
1000,574060
826,574092
542,574124
365,574156
185,574188
0,574220
0,574252
175,574284
408,574316
635,574348
766,574380
1084,574412
1689,574444
1867,574476
2151,574508
2297,574540
1735,574572
1821,574604
1550,574636
1035,574668
1082,574700
859,574732
700,574764
30,574796
0,574828
320,574860
139,574892
768,574924
968,574956
845,574988
1128,575020
1280,575052
1590,575084
2251,575116
1806,575148
2092,575180
1337,575212
1135,575244
1387,575276
682,575308
506,575340
234,575372
54,575404
199,575436
352,575468
669,575500
905,575532
1129,575564
1367,575596
1546,575628
1771,575660
2012,575692
2204,575724
2186,575756
1912,575788
1646,575820
1439,575852
1180,575884
602,575916
720,575948
156,575980
0,576012
0,576044
40,576076
311,576108
478,576140
770,576172
1032,576204
1211,576236
1486,576268
1624,576300
1950,576332
2157,576364
1872,576396
1677,576428
1417,576460
823,576492
959,576524
732,576556
184,576588
265,576620
222,576652
525,576684
671,576716
539,576748
1181,576780
987,576812
1254,576844
1882,576876
1710,576908
1896,576940
2016,576972
1430,577004
1240,577036
939,577068
792,577100
475,577132
296,577164
523,577196
0,577228
1,577260
575,577292
442,577324
669,577356
1212,577388
1127,577420
1771,577452
1582,577484
2249,577516
2253,577548
2073,577580
1781,577612
1504,577644
1305,577676
1038,577708
816,577740
586,577772
352,577804
73,577836
348,577868
553,577900
428,577932
1008,577964
880,577996
1162,578028
1338,578060
1616,578092
1897,578124
1801,578156
1609,578188
1645,578220
1146,578252
921,578284
1040,578316
460,578348
589,578380
0,578412
231,578444
441,578476
347,578508
889,578540
1084,578572
1023,578604
1536,578636
1776,578668
2092,578700
1853,578732
1692,578764
1881,578796
1224,578828
1022,578860
1145,578892
571,578924
392,578956
96,578988
0,579020
0,579052
88,579084
813,579116
536,579148
796,579180
1501,579212
1243,579244
1529,579276
2138,579308
1934,579340
2133,579372
1468,579404
1659,579436
1419,579468
1068,579500
967,579532
682,579564
43,579596
220,579628
300,579660
556,579692
760,579724
955,579756
1211,579788
1407,579820
1278,579852
1881,579884
1744,579916
1800,579948
1574,579980
1336,580012
1162,580044
887,580076
710,580108
781,580140
263,580172
63,580204
153,580236
59,580268
637,580300
428,580332
1093,580364
1295,580396
1160,580428
1755,580460
1996,580492
1899,580524
2172,580556
1900,580588
1739,580620
1423,580652
826,580684
1006,580716
367,580748
175,580780
318,580812
0,580844
68,580876
622,580908
510,580940
1080,580972
940,581004
1240,581036
1388,581068
1658,581100
2381,581132
1710,581164
1532,581196
1663,581228
1068,581260
843,581292
618,581324
392,581356
555,581388
239,581420
328,581452
507,581484
667,581516
969,581548
1160,581580
1419,581612
1624,581644
1851,581676
2080,581708
2266,581740
1996,581772
1791,581804
1520,581836
939,581868
1066,581900
488,581932
314,581964
40,581996
0,582028
17,582060
202,582092
467,582124
697,582156
919,582188
1143,582220
1276,582252
1607,582284
2208,582316
1853,582348
2031,582380
1769,582412
1197,582444
1292,582476
1022,582508
704,582540
570,582572
343,582604
163,582636
0,582668
203,582700
843,582732
651,582764
908,582796
1486,582828
1367,582860
1645,582892
1804,582924
1819,582956
1503,582988
1280,583020
1561,583052
815,583084
624,583116
873,583148
170,583180
1,583212
0,583244
104,583276
731,583308
876,583340
1191,583372
1419,583404
1528,583436
1897,583468
2076,583500
2303,583532
2138,583564
1854,583596
1660,583628
1386,583660
1119,583692
925,583724
408,583756
95,583788
206,583820
0,583852
90,583884
315,583916
551,583948
823,583980
1002,584012
1274,584044
1547,584076
1738,584108
1960,584140
1626,584172
1487,584204
1622,584236
937,584268
1159,584300
895,584332
314,584364
431,584396
204,584428
18,584460
544,584492
736,584524
1038,584556
1193,584588
1051,584620
1706,584652
1502,584684
1771,584716
2236,584748
1596,584780
1367,584812
1486,584844
906,584876
1020,584908
426,584940
279,584972
0,585004
0,585036
461,585068
235,585100
506,585132
1085,585164
956,585196
1191,585228
1738,585260
1644,585292
2302,585324
2153,585356
2009,585388
1723,585420
1529,585452
1255,585484
986,585516
797,585548
526,585580
299,585612
174,585644
413,585676
605,585708
864,585740
1066,585772
939,585804
1520,585836
1389,585868
1686,585900
1854,585932
1738,585964
1547,585996
1275,586028
1087,586060
1118,586092
635,586124
409,586156
94,586188
0,586220
296,586252
142,586284
747,586316
957,586348
859,586380
1405,586412
1600,586444
1549,586476
2064,586508
2250,586540
2091,586572
1390,586604
1165,586636
1355,586668
702,586700
510,586732
632,586764
60,586796
156,586828
0,586860
218,586892
366,586924
603,586956
1326,586988
1050,587020
1314,587052
2029,587084
1768,587116
1882,587148
2015,587180
1405,587212
1595,587244
1274,587276
1130,587308
907,587340
553,587372
445,587404
147,587436
391,587468
622,587500
814,587532
1082,587564
1274,587596
1467,587628
1737,587660
1935,587692
1801,587724
2108,587756
1511,587788
1276,587820
1040,587852
826,587884
647,587916
374,587948
198,587980
266,588012
0,588044
123,588076
699,588108
583,588140
1163,588172
936,588204
1612,588236
1823,588268
1678,588300
2287,588332
2112,588364
1547,588396
1645,588428
1370,588460
1215,588492
908,588524
313,588556
493,588588
0,588620
0,588652
494,588684
345,588716
941,588748
1143,588780
1018,588812
1599,588844
1454,588876
1767,588908
1854,588940
1656,588972
1912,589004
1605,589036
1014,589068
1145,589100
564,589132
333,589164
410,589196
174,589228
381,589260
527,589292
847,589324
1021,589356
1303,589388
1483,589420
1690,589452
1945,589484
2144,589516
2204,589548
1966,589580
1740,589612
1467,589644
936,589676
1003,589708
429,589740
552,589772
0,589804
0,589836
0,589868
262,589900
521,589932
710,589964
970,589996
1199,590028
1431,590060
1662,590092
1803,590124
1837,590156
1983,590188
1336,590220
1501,590252
1245,590284
959,590316
777,590348
510,590380
18,590412
158,590444
398,590476
701,590508
477,590540
713,590572
1356,590604
1162,590636
1819,590668
2013,590700
1893,590732
1768,590764
1452,590796
1290,590828
987,590860
768,590892
1040,590924
791,590956
120,590988
351,591020
282,591052
167,591084
746,591116
617,591148
1245,591180
1390,591212
1719,591244
1951,591276
2185,591308
2363,591340
2074,591372
1833,591404
1600,591436
1324,591468
1132,591500
874,591532
606,591564
89,591596
142,591628
0,591660
492,591692
376,591724
600,591756
824,591788
1053,591820
1337,591852
1510,591884
1798,591916
1898,591948
1613,591980
1432,592012
1104,592044
970,592076
1099,592108
428,592140
636,592172
379,592204
119,592236
377,592268
606,592300
522,592332
1056,592364
1258,592396
1577,592428
1721,592460
1567,592492
2223,592524
1741,592556
1533,592588
1706,592620
1080,592652
854,592684
969,592716
402,592748
506,592780
0,592812
0,592844
503,592876
296,592908
983,592940
740,592972
1015,593004
1609,593036
1468,593068
1707,593100
2268,593132
1757,593164
1947,593196
1292,593228
1479,593260
1197,593292
1015,593324
735,593356
472,593388
269,593420
240,593452
473,593484
376,593516
925,593548
1120,593580
1386,593612
1584,593644
1450,593676
2046,593708
1855,593740
1687,593772
1387,593804
1222,593836
1023,593868
762,593900
572,593932
601,593964
121,593996
0,594028
0,594060
235,594092
813,594124
1001,594156
1275,594188
1469,594220
1373,594252
1933,594284
2138,594316
1901,594348
1952,594380
1723,594412
1563,594444
878,594476
655,594508
842,594540
558,594572
8,594604
99,594636
10,594668
568,594700
428,594732
730,594764
1367,594796
1114,594828
1855,594860
1563,594892
1834,594924
2265,594956
1530,594988
1353,595020
1488,595052
894,595084
1069,595116
442,595148
616,595180
383,595212
151,595244
503,595276
682,595308
907,595340
1146,595372
1334,595404
1164,595436
1802,595468
1997,595500
2265,595532
2047,595564
1450,595596
1584,595628
989,595660
766,595692
540,595724
316,595756
141,595788
0,595820
0,595852
431,595884
375,595916
634,595948
1213,595980
1095,596012
1687,596044
1879,596076
2150,596108
2287,596140
1677,596172
1815,596204
1581,596236
1033,596268
1116,596300
857,596332
699,596364
395,596396
0,596428
329,596460
144,596492
400,596524
1005,596556
856,596588
1465,596620
1661,596652
1532,596684
1820,596716
1800,596748
1641,596780
1328,596812
1132,596844
1384,596876
681,596908
504,596940
631,596972
352,597004
0,597036
54,597068
281,597100
895,597132
1040,597164
1357,597196
1547,597228
1833,597260
2013,597292
2208,597324
1742,597356
1904,597388
1674,597420
1439,597452
1200,597484
943,597516
749,597548
491,597580
0,597612
153,597644
40,597676
324,597708
488,597740
771,597772
1033,597804
1222,597836
1495,597868
1723,597900
1959,597932
1782,597964
1915,597996
1319,598028
1453,598060
814,598092
983,598124
719,598156
183,598188
263,598220
224,598252
185,598284
684,598316
911,598348
1216,598380
991,598412
1227,598444
1881,598476
1680,598508
2281,598540
2016,598572
1419,598604
1240,598636
936,598668
788,598700
475,598732
262,598764
522,598796
265,598828
0,598860
649,598892
397,598924
668,598956
856,598988
1128,599020
1772,599052
1919,599084
2249,599116
2299,599148
2059,599180
1833,599212
1546,599244
878,599276
1082,599308
810,599340
618,599372
352,599404
75,599436
351,599468
553,599500
427,599532
1007,599564
880,599596
1114,599628
1336,599660
1574,599692
1853,599724
1738,599756
1562,599788
1368,599820
1098,599852
919,599884
1037,599916
458,599948
583,599980
0,600012
220,600044
441,600076
315,600108
895,600140
1128,600172
1035,600204
1582,600236
1786,600268
2093,600300
2251,600332
1679,600364
1872,600396
1213,600428
1020,600460
1180,600492
571,600524
346,600556
456,600588
0,600620
0,600652
92,600684
393,600716
540,600748
798,600780
1501,600812
1255,600844
1532,600876
2139,600908
1941,600940
1705,600972
1792,601004
1240,601036
1419,601068
783,601100
957,601132
683,601164
380,601196
213,601228
300,601260
559,601292
762,601324
976,601356
1214,601388
1448,601420
1643,601452
1915,601484
2112,601516
1790,601548
1928,601580
1335,601612
1160,601644
875,601676
709,601708
520,601740
251,601772
60,601804
0,601836
71,601868
299,601900
432,601932
747,601964
1339,601996
1165,602028
1801,602060
1999,602092
1899,602124
2169,602156
1896,602188
1369,602220
1418,602252
1195,602284
1039,602316
363,602348
143,602380
317,602412
0,602444
73,602476
632,602508
521,602540
1084,602572
942,602604
1243,602636
1400,602668
1629,602700
2391,602732
1676,602764
1478,602796
1737,602828
1015,602860
839,602892
971,602924
392,602956
556,602988
0,603020
329,603052
557,603084
680,603116
1019,603148
1200,603180
1421,603212
1664,603244
1856,603276
2128,603308
2264,603340
1993,603372
1788,603404
1519,603436
936,603468
1054,603500
488,603532
260,603564
39,603596
0,603628
0,603660
152,603692
425,603724
695,603756
875,603788
1147,603820
1741,603852
1608,603884
2219,603916
1800,603948
2027,603980
1759,604012
1160,604044
1291,604076
1056,604108
511,604140
604,604172
343,604204
0,604236
345,604268
205,604300
840,604332
655,604364
911,604396
1530,604428
1368,604460
1994,604492
2191,604524
1771,604556
1887,604588
1277,604620
1116,604652
813,604684
622,604716
875,604748
171,604780
0,604812
231,604844
106,604876
344,604908
568,604940
791,604972
1419,605004
1564,605036
1897,605068
2079,605100
2365,605132
2125,605164
1852,605196
1657,605228
1386,605260
1150,605292
922,605324
697,605356
432,605388
233,605420
208,605452
92,605484
666,605516
551,605548
828,605580
990,605612
1286,605644
1559,605676
1742,605708
1950,605740
1721,605772
1483,605804
1256,605836
936,605868
797,605900
925,605932
301,605964
459,605996
200,606028
18,606060
555,606092
746,606124
968,606156
1197,606188
1433,606220
1743,606252
1516,606284
1744,606316
2231,606348
1563,606380
1752,606412
1480,606444
905,606476
730,606508
426,606540
276,606572
24,606604
0,606636
472,606668
200,606700
460,606732
1161,606764
908,606796
1192,606828
1370,606860
1653,606892
2302,606924
2144,606956
2007,606988
1771,607020
1528,607052
1303,607084
1022,607116
781,607148
570,607180
288,607212
216,607244
416,607276
618,607308
874,607340
1068,607372
940,607404
1528,607436
1392,607468
1630,607500
1866,607532
1676,607564
1501,607596
1214,607628
1037,607660
856,607692
588,607724
407,607756
512,607788
0,607820
299,607852
100,607884
760,607916
955,607948
825,607980
1407,608012
1648,608044
1836,608076
2112,608108
2249,608140
2091,608172
1772,608204
1163,608236
1353,608268
702,608300
510,608332
665,608364
60,608396
0,608428
288,608460
182,608492
743,608524
605,608556
903,608588
1051,608620
1318,608652
2040,608684
2199,608716
1880,608748
2013,608780
1404,608812
1179,608844
1276,608876
725,608908
903,608940
269,608972
441,609004
151,609036
445,609068
623,609100
814,609132
1081,609164
1276,609196
1504,609228
1738,609260
1976,609292
2174,609324
2139,609356
1869,609388
1264,609420
1403,609452
816,609484
650,609516
367,609548
199,609580
8,609612
0,609644
125,609676
359,609708
583,609740
811,609772
940,609804
1261,609836
1867,609868
1688,609900
2331,609932
2111,609964
1823,609996
1631,610028
1369,610060
857,610092
904,610124
682,610156
521,610188
0,610220
0,610252
495,610284
315,610316
575,610348
1148,610380
1032,610412
1599,610444
1456,610476
1758,610508
1852,610540
1625,610572
1911,610604
1647,610636
956,610668
1209,610700
506,610732
330,610764
454,610796
0,610828
395,610860
232,610892
852,610924
1081,610956
1182,610988
1545,611020
1726,611052
1951,611084
2202,611116
2200,611148
2000,611180
1726,611212
1464,611244
1260,611276
1002,611308
426,611340
544,611372
0,611404
0,611436
0,611468
216,611500
488,611532
663,611564
939,611596
1210,611628
1390,611660
1671,611692
2281,611724
1835,611756
1979,611788
1274,611820
1499,611852
1239,611884
1001,611916
781,611948
544,611980
16,612012
204,612044
408,612076
701,612108
858,612140
715,612172
1358,612204
1165,612236
1424,612268
2060,612300
1894,612332
2103,612364
1835,612396
1242,612428
1358,612460
767,612492
615,612524
780,612556
120,612588
345,612620
0,612652
168,612684
749,612716
621,612748
854,612780
1076,612812
1294,612844
1959,612876
2096,612908
2367,612940
2075,612972
1885,613004
1607,613036
1326,613068
1129,613100
864,613132
638,613164
410,613196
171,613228
270,613260
526,613292
720,613324
608,613356
1183,613388
1054,613420
1339,613452
1515,613484
1804,613516
1896,613548
1614,613580
1431,613612
1195,613644
969,613676
747,613708
424,613740
285,613772
411,613804
130,613836
411,613868
619,613900
525,613932
1069,613964
1259,613996
1209,614028
1724,614060
1964,614092
2271,614124
1737,614156
1503,614188
1695,614220
1040,614252
1228,614284
968,614316
395,614348
218,614380
0,614412
0,614444
504,614476
267,614508
987,614540
713,614572
970,614604
1677,614636
1422,614668
1720,614700
1895,614732
1754,614764
1932,614796
1624,614828
1469,614860
1243,614892
1015,614924
781,614956
504,614988
271,615020
286,615052
476,615084
734,615116
928,615148
1129,615180
1389,615212
1592,615244
1452,615276
2059,615308
1854,615340
1616,615372
1387,615404
1160,615436
985,615468
709,615500
536,615532
344,615564
75,615596
0,615628
0,615660
247,615692
813,615724
1003,615756
1275,615788
1472,615820
1338,615852
1943,615884
2185,615916
1895,615948
1984,615980
1720,616012
1561,616044
1244,616076
648,616108
840,616140
192,616172
7,616204
135,616236
18,616268
244,616300
809,616332
692,616364
968,616396
1115,616428
1419,616460
1566,616492
1836,616524
2265,616556
1530,616588
1352,616620
1485,616652
890,616684
667,616716
748,616748
207,616780
376,616812
0,616844
505,616876
695,616908
969,616940
1145,616972
1328,617004
1607,617036
1800,617068
2040,617100
2270,617132
2079,617164
1816,617196
1610,617228
1340,617260
762,617292
880,617324
316,617356
138,617388
0,617420
0,617452
185,617484
376,617516
636,617548
1128,617580
1095,617612
1323,617644
1919,617676
1787,617708
2329,617740
1674,617772
1851,617804
1583,617836
1019,617868
1115,617900
856,617932
347,617964
392,617996
157,618028
361,618060
152,618092
378,618124
1016,618156
826,618188
1085,618220
1672,618252
1545,618284
1832,618316
1792,618348
1640,618380
1325,618412
1100,618444
1383,618476
639,618508
454,618540
695,618572
2,618604
185,618636
407,618668
282,618700
907,618732
731,618764
1367,618796
1599,618828
1709,618860
2077,618892
2264,618924
1739,618956
1950,618988
1674,619020
1470,619052
1208,619084
942,619116
746,619148
490,619180
0,619212
155,619244
44,619276
266,619308
492,619340
715,619372
1000,619404
1167,619436
1450,619468
1999,619500
1927,619532
1771,619564
1909,619596
1308,619628
1437,619660
762,619692
971,619724
717,619756
137,619788
251,619820
268,619852
0,619884
141,619916
109,619948
175,619980
107,620012
0,620044
155,620076
0,620108
0,620140
152,620172
0,620204
0,620236
119,620268
0,620300
105,620332
0,620364
0,620396
0,620428
0,620460
233,620492
0,620524
0,620556
173,620588
0,620620
0,620652
0,620684
0,620716
215,620748
135,620780
215,620812
169,620844
105,620876
169,620908
132,620940
165,620972
134,621004
123,621036
123,621068
123,621100
99,621132
121,621164
101,621196
0,621228
99,621260
0,621292
0,621324
0,621356
0,621388
0,621420
0,621452
0,621484
0,621516
0,621548
0,621580
0,621612
0,621644
185,621676
0,621708
183,621740
155,621772
0,621804
153,621836
119,621868
0,621900
108,621932
107,621964
183,621996
0,622028
0,622060
151,622092
0,622124
0,622156
117,622188
0,622220
0,622252
0,622284
0,622316
0,622348
0,622380
249,622412
0,622444
0,622476
237,622508
0,622540
0,622572
0,622604
0,622636
213,622668
134,622700
215,622732
217,622764
103,622796
217,622828
168,622860
165,622892
168,622924
122,622956
166,622988
124,623020
93,623052
133,623084
101,623116
0,623148
91,623180
0,623212
0,623244
0,623276
0,623308
0,623340
0,623372
0,623404
0,623436
0,623468
0,623500
0,623532
0,623564
187,623596
0,623628
179,623660
153,623692
0,623724
149,623756
151,623788
0,623820
150,623852
119,623884
181,623916
107,623948
0,623980
152,624012
0,624044
0,624076
152,624108
0,624140
0,624172
116,624204
0,624236
107,624268
0,624300
0,624332
0,624364
0,624396
235,624428
0,624460
0,624492
169,624524
0,624556
0,624588
133,624620
0,624652
219,624684
135,624716
215,624748
169,624780
217,624812
169,624844
132,624876
165,624908
124,624940
123,624972
124,625004
123,625036
101,625068
123,625100
93,625132
0,625164
92,625196
0,625228
0,625260
0,625292
0,625324
0,625356
0,625388
0,625420
100,625452
0,625484
0,625516
0,625548
0,625580
185,625612
0,625644
182,625676
153,625708
0,625740
149,625772
109,625804
0,625836
116,625868
109,625900
185,625932
0,625964
0,625996
153,626028
0,626060
0,626092
108,626124
0,626156
105,626188
0,626220
0,626252
0,626284
0,626316
235,626348
0,626380
0,626412
233,626444
0,626476
0,626508
171,626540
0,626572
215,626604
133,626636
215,626668
217,626700
103,626732
217,626764
168,626796
155,626828
166,626860
136,626892
166,626924
124,626956
103,626988
131,627020
93,627052
0,627084
101,627116
0,627148
0,627180
0,627212
0,627244
0,627276
0,627308
0,627340
99,627372
0,627404
0,627436
183,627468
0,627500
183,627532
0,627564
179,627596
153,627628
0,627660
149,627692
155,627724
0,627756
139,627788
119,627820
185,627852
107,627884
0,627916
151,627948
0,627980
0,628012
152,628044
0,628076
141,628108
119,628140
0,628172
107,628204
0,628236
0,628268
0,628300
0,628332
247,628364
169,628396
0,628428
169,628460
0,628492
0,628524
136,628556
0,628588
219,628620
135,628652
215,628684
167,628716
215,628748
169,628780
132,628812
163,628844
124,628876
124,628908
124,628940
125,628972
101,629004
0,629036
93,629068
0,629100
91,629132
0,629164
0,629196
0,629228
0,629260
0,629292
0,629324
0,629356
0,629388
0,629420
0,629452
0,629484
0,629516
189,629548
0,629580
185,629612
153,629644
105,629676
151,629708
119,629740
0,629772
119,629804
119,629836
183,629868
0,629900
0,629932
153,629964
0,629996
143,630028
119,630060
0,630092
0,630124
0,630156
0,630188
0,630220
0,630252
233,630284
213,630316
0,630348
233,630380
0,630412
0,630444
170,630476
0,630508
215,630540
138,630572
215,630604
213,630636
0,630668
217,630700
170,630732
163,630764
168,630796
124,630828
157,630860
124,630892
103,630924
0,630956
99,630988
0,631020
92,631052
0,631084
0,631116
0,631148
0,631180
0,631212
0,631244
0,631276
0,631308
0,631340
0,631372
0,631404
0,631436
187,631468
0,631500
183,631532
155,631564
141,631596
141,631628
151,631660
0,631692
139,631724
119,631756
183,631788
107,631820
0,631852
151,631884
0,631916
0,631948
153,631980
0,632012
0,632044
117,632076
0,632108
107,632140
0,632172
0,632204
215,632236
0,632268
231,632300
0,632332
0,632364
171,632396
0,632428
0,632460
135,632492
0,632524
203,632556
0,632588
215,632620
169,632652
215,632684
169,632716
132,632748
165,632780
132,632812
133,632844
0,632876
123,632908
91,632940
123,632972
103,633004
0,633036
91,633068
0,633100
0,633132
0,633164
0,633196
0,633228
0,633260
0,633292
89,633324
0,633356
0,633388
0,633420
0,633452
187,633484
149,633516
183,633548
157,633580
0,633612
149,633644
116,633676
0,633708
116,633740
119,633772
183,633804
0,633836
0,633868
151,633900
0,633932
0,633964
119,633996
0,634028
109,634060
0,634092
0,634124
215,634156
0,634188
233,634220
0,634252
0,634284
235,634316
0,634348
0,634380
167,634412
0,634444
215,634476
0,634508
215,634540
215,634572
103,634604
217,634636
170,634668
165,634700
166,634732
134,634764
0,634796
134,634828
91,634860
121,634892
91,634924
0,634956
91,634988
0,635020
0,635052
0,635084
0,635116
0,635148
0,635180
0,635212
103,635244
0,635276
0,635308
185,635340
0,635372
187,635404
149,635436
171,635468
153,635500
0,635532
151,635564
153,635596
0,635628
150,635660
117,635692
185,635724
107,635756
0,635788
153,635820
0,635852
0,635884
149,635916
0,635948
151,635980
108,636012
0,636044
0,636076
0,636108
0,636140
0,636172
0,636204
233,636236
0,636268
0,636300
167,636332
0,636364
0,636396
0,636428
0,636460
215,636492
127,636524
219,636556
179,636588
217,636620
169,636652
132,636684
0,636716
124,636748
124,636780
131,636812
123,636844
101,636876
121,636908
93,636940
0,636972
101,637004
0,637036
0,637068
0,637100
0,637132
0,637164
0,637196
0,637228
0,637260
0,637292
0,637324
181,637356
0,637388
185,637420
0,637452
173,637484
153,637516
0,637548
149,637580
119,637612
0,637644
106,637676
117,637708
181,637740
0,637772
0,637804
153,637836
0,637868
143,637900
118,637932
0,637964
0,637996
0,638028
0,638060
0,638092
0,638124
231,638156
0,638188
0,638220
237,638252
0,638284
0,638316
0,638348
0,638380
203,638412
132,638444
215,638476
217,638508
211,638540
217,638572
171,638604
0,638636
170,638668
136,638700
166,638732
122,638764
99,638796
123,638828
103,638860
0,638892
93,638924
0,638956
0,638988
0,639020
0,639052
0,639084
0,639116
0,639148
0,639180
0,639212
0,639244
183,639276
0,639308
181,639340
0,639372
173,639404
155,639436
0,639468
151,639500
153,639532
0,639564
151,639596
119,639628
181,639660
109,639692
0,639724
154,639756
0,639788
0,639820
153,639852
0,639884
0,639916
119,639948
0,639980
115,640012
0,640044
0,640076
0,640108
0,640140
235,640172
0,640204
0,640236
173,640268
0,640300
0,640332
134,640364
124,640396
215,640428
0,640460
217,640492
171,640524
103,640556
169,640588
134,640620
157,640652
122,640684
125,640716
123,640748
123,640780
101,640812
123,640844
94,640876
0,640908
91,640940
0,640972
0,641004
0,641036
0,641068
0,641100
0,641132
0,641164
0,641196
0,641228
0,641260
0,641292
0,641324
185,641356
0,641388
175,641420
155,641452
0,641484
151,641516
107,641548
0,641580
104,641612
111,641644
184,641676
0,641708
0,641740
152,641772
0,641804
0,641836
117,641868
0,641900
105,641932
0,641964
0,641996
0,642028
0,642060
231,642092
0,642124
0,642156
237,642188
166,642220
0,642252
170,642284
0,642316
203,642348
0,642380
215,642412
215,642444
103,642476
217,642508
170,642540
163,642572
168,642604
136,642636
156,642668
0,642700
91,642732
123,642764
101,642796
0,642828
87,642860
0,642892
0,642924
0,642956
0,642988
0,643020
0,643052
0,643084
0,643116
0,643148
0,643180
181,643212
0,643244
187,643276
140,643308
171,643340
165,643372
0,643404
149,643436
151,643468
0,643500
151,643532
117,643564
0,643596
117,643628
0,643660
154,643692
0,643724
0,643756
151,643788
0,643820
139,643852
117,643884
0,643916
109,643948
0,643980
0,644012
0,644044
0,644076
247,644108
0,644140
0,644172
169,644204
0,644236
0,644268
0,644300
0,644332
215,644364
123,644396
215,644428
167,644460
217,644492
167,644524
136,644556
165,644588
124,644620
124,644652
124,644684
131,644716
100,644748
123,644780
89,644812
0,644844
101,644876
0,644908
0,644940
0,644972
0,645004
0,645036
0,645068
0,645100
0,645132
0,645164
0,645196
0,645228
0,645260
187,645292
0,645324
175,645356
155,645388
0,645420
151,645452
115,645484
104,645516
107,645548
107,645580
181,645612
0,645644
0,645676
152,645708
0,645740
141,645772
115,645804
0,645836
0,645868
0,645900
0,645932
0,645964
0,645996
233,646028
0,646060
0,646092
235,646124
0,646156
0,646188
0,646220
0,646252
215,646284
137,646316
102,646348
215,646380
215,646412
221,646444
168,646476
167,646508
170,646540
124,646572
162,646604
124,646636
99,646668
121,646700
101,646732
0,646764
93,646796
0,646828
0,646860
0,646892
0,646924
0,646956
0,646988
0,647020
0,647052
0,647084
0,647116
183,647148
0,647180
183,647212
0,647244
181,647276
153,647308
0,647340
151,647372
149,647404
107,647436
151,647468
117,647500
173,647532
107,647564
0,647596
151,647628
0,647660
0,647692
150,647724
0,647756
0,647788
115,647820
0,647852
105,647884
0,647916
0,647948
0,647980
0,648012
235,648044
169,648076
0,648108
171,648140
134,648172
0,648204
132,648236
0,648268
215,648300
0,648332
215,648364
169,648396
215,648428
169,648460
134,648492
165,648524
134,648556
125,648588
125,648620
123,648652
100,648684
125,648716
91,648748
0,648780
91,648812
0,648844
0,648876
0,648908
0,648940
0,648972
0,649004
0,649036
0,649068
0,649100
0,649132
0,649164
0,649196
185,649228
0,649260
183,649292
151,649324
107,649356
149,649388
117,649420
0,649452
108,649484
117,649516
183,649548
0,649580
0,649612
154,649644
0,649676
0,649708
108,649740
0,649772
107,649804
0,649836
0,649868
0,649900
0,649932
233,649964
217,649996
0,650028
237,650060
0,650092
0,650124
170,650156
0,650188
219,650220
0,650252
211,650284
215,650316
91,650348
217,650380
167,650412
165,650444
168,650476
124,650508
156,650540
120,650572
99,650604
129,650636
91,650668
0,650700
91,650732
0,650764
0,650796
0,650828
0,650860
0,650892
0,650924
0,650956
0,650988
0,651020
0,651052
183,651084
0,651116
183,651148
0,651180
179,651212
155,651244
138,651276
143,651308
151,651340
0,651372
151,651404
117,651436
183,651468
116,651500
0,651532
151,651564
0,651596
0,651628
151,651660
0,651692
150,651724
117,651756
0,651788
0,651820
0,651852
0,651884
215,651916
0,651948
235,651980
0,652012
0,652044
173,652076
0,652108
0,652140
0,652172
0,652204
215,652236
133,652268
207,652300
171,652332
215,652364
169,652396
136,652428
165,652460
122,652492
125,652524
124,652556
125,652588
101,652620
121,652652
93,652684
0,652716
101,652748
0,652780
0,652812
0,652844
0,652876
0,652908
0,652940
0,652972
0,653004
0,653036
0,653068
0,653100
0,653132
183,653164
150,653196
185,653228
151,653260
0,653292
153,653324
119,653356
0,653388
119,653420
119,653452
183,653484
0,653516
0,653548
151,653580
0,653612
0,653644
117,653676
0,653708
0,653740
0,653772
0,653804
215,653836
0,653868
231,653900
0,653932
0,653964
235,653996
0,654028
0,654060
0,654092
0,654124
215,654156
135,654188
215,654220
213,654252
215,654284
217,654316
168,654348
155,654380
172,654412
124,654444
156,654476
124,654508
93,654540
121,654572
91,654604
0,654636
101,654668
0,654700
170,654732
0,654764
0,654796
0,654828
