Record Length,8000,,Source,CH1
Sample Interval,CH1:0.0000199999995,,Second,Volt
Vertical Units,CH1:V,,-0.07999999821,2.04000,
Vertical Scale,CH1:1.00,,-0.07998000085,2.04000,
Vertical Offset,CH1:0.00,,-0.07995999604,2.04000,
Horizontal Units,s,,-0.07993999869,2.04000,
Horizontal Scale,0.0099999998,,-0.07992000133,2.04000,
Model Number,SDS1072CML+,,-0.07989999652,2.04000,
Serial Number,SDS1MCB4166837,,-0.07987999916,2.00000,
Software Version,6.01.01.18,,-0.07985999435,2.04000,
,,,-0.07983999699,2.04000,
,,,-0.07981999964,2.04000,
,,,-0.07979999483,2.00000,
,,,-0.07977999747,2.00000,
,,,-0.07976000011,2.00000,
,,,-0.07973999530,2.00000,
,,,-0.07971999794,1.96000,
,,,-0.07970000058,2.00000,
,,,-0.07967999578,2.00000,
,,,-0.07965999842,2.00000,
,,,-0.07964000106,1.96000,
,,,-0.07961999625,1.96000,
,,,-0.07959999889,2.00000,
,,,-0.07958000153,2.00000,
,,,-0.07955999672,1.96000,
,,,-0.07953999937,1.96000,
,,,-0.07951999456,2.00000,
,,,-0.07949999720,1.96000,
,,,-0.07947999984,2.00000,
,,,-0.07945999503,1.96000,
,,,-0.07943999767,1.96000,
,,,-0.07942000031,2.00000,
,,,-0.07939999551,1.96000,
,,,-0.07937999815,1.92000,
,,,-0.07936000079,1.92000,
,,,-0.07933999598,1.92000,
,,,-0.07931999862,1.96000,
,,,-0.07930000126,1.96000,
,,,-0.07927999645,1.96000,
,,,-0.07925999910,1.96000,
,,,-0.07923999429,1.96000,
,,,-0.07921999693,1.96000,
,,,-0.07919999957,1.96000,
,,,-0.07917999476,1.96000,
,,,-0.07915999740,1.96000,
,,,-0.07914000005,1.92000,
,,,-0.07911999524,1.96000,
,,,-0.07909999788,1.92000,
,,,-0.07908000052,1.88000,
,,,-0.07905999571,1.92000,
,,,-0.07903999835,1.88000,
,,,-0.07902000099,1.92000,
,,,-0.07899999619,1.92000,
,,,-0.07897999883,1.92000,
,,,-0.07896000147,1.92000,
,,,-0.07893999666,1.92000,
,,,-0.07891999930,1.88000,
,,,-0.07889999449,1.88000,
,,,-0.07887999713,1.88000,
,,,-0.07885999978,1.88000,
,,,-0.07883999497,1.88000,
,,,-0.07881999761,1.92000,
,,,-0.07880000025,1.88000,
,,,-0.07877999544,1.88000,
,,,-0.07875999808,1.88000,
,,,-0.07874000072,1.88000,
,,,-0.07871999592,1.88000,
,,,-0.07869999856,1.88000,
,,,-0.07868000120,1.88000,
,,,-0.07865999639,1.88000,
,,,-0.07863999903,1.88000,
,,,-0.07862000167,1.88000,
,,,-0.07859999686,1.88000,
,,,-0.07857999951,1.88000,
,,,-0.07855999470,1.88000,
,,,-0.07853999734,1.88000,
,,,-0.07851999998,1.88000,
,,,-0.07849999517,1.88000,
,,,-0.07847999781,1.84000,
,,,-0.07846000046,1.88000,
,,,-0.07843999565,1.84000,
,,,-0.07841999829,1.84000,
,,,-0.07840000093,1.88000,
,,,-0.07837999612,1.84000,
,,,-0.07835999876,1.88000,
,,,-0.07834000140,1.84000,
,,,-0.07831999660,1.84000,
,,,-0.07829999924,1.88000,
,,,-0.07827999443,1.84000,
,,,-0.07825999707,1.84000,
,,,-0.07823999971,1.84000,
,,,-0.07821999490,1.84000,
,,,-0.07819999754,1.84000,
,,,-0.07818000019,1.84000,
,,,-0.07815999538,1.88000,
,,,-0.07813999802,1.84000,
,,,-0.07812000066,1.80000,
,,,-0.07809999585,1.84000,
,,,-0.07807999849,1.80000,
,,,-0.07806000113,1.80000,
,,,-0.07803999633,1.80000,
,,,-0.07801999897,1.84000,
,,,-0.07800000161,1.80000,
,,,-0.07797999680,1.80000,
,,,-0.07795999944,1.80000,
,,,-0.07793999463,1.80000,
,,,-0.07791999727,1.80000,
,,,-0.07789999992,1.80000,
,,,-0.07787999511,1.80000,
,,,-0.07785999775,1.76000,
,,,-0.07784000039,1.80000,
,,,-0.07781999558,1.80000,
,,,-0.07779999822,1.80000,
,,,-0.07778000087,1.80000,
,,,-0.07775999606,1.80000,
,,,-0.07773999870,1.80000,
,,,-0.07772000134,1.80000,
,,,-0.07769999653,1.76000,
,,,-0.07767999917,1.80000,
,,,-0.07765999436,1.76000,
,,,-0.07763999701,1.76000,
,,,-0.07761999965,1.76000,
,,,-0.07759999484,1.76000,
,,,-0.07757999748,1.76000,
,,,-0.07756000012,1.72000,
,,,-0.07753999531,1.80000,
,,,-0.07751999795,1.80000,
,,,-0.07750000060,1.76000,
,,,-0.07747999579,1.72000,
,,,-0.07745999843,1.76000,
,,,-0.07744000107,1.76000,
,,,-0.07741999626,1.76000,
,,,-0.07739999890,1.80000,
,,,-0.07738000154,1.72000,
,,,-0.07735999674,1.72000,
,,,-0.07733999938,1.72000,
,,,-0.07731999457,1.72000,
,,,-0.07729999721,1.72000,
,,,-0.07727999985,1.76000,
,,,-0.07725999504,1.72000,
,,,-0.07723999768,1.72000,
,,,-0.07722000033,1.72000,
,,,-0.07719999552,1.72000,
,,,-0.07717999816,1.72000,
,,,-0.07716000080,1.72000,
,,,-0.07713999599,1.72000,
,,,-0.07711999863,1.72000,
,,,-0.07710000128,1.72000,
,,,-0.07707999647,1.72000,
,,,-0.07705999911,1.72000,
,,,-0.07704000175,1.72000,
,,,-0.07701999694,1.72000,
,,,-0.07699999958,1.68000,
,,,-0.07697999477,1.72000,
,,,-0.07695999742,1.72000,
,,,-0.07694000006,1.68000,
,,,-0.07691999525,1.72000,
,,,-0.07689999789,1.72000,
,,,-0.07688000053,1.72000,
,,,-0.07685999572,1.72000,
,,,-0.07683999836,1.68000,
,,,-0.07682000101,1.68000,
,,,-0.07679999620,1.72000,
,,,-0.07677999884,1.72000,
,,,-0.07676000148,1.68000,
,,,-0.07673999667,1.68000,
,,,-0.07671999931,1.68000,
,,,-0.07669999450,1.68000,
,,,-0.07667999715,1.64000,
,,,-0.07665999979,1.68000,
,,,-0.07663999498,1.64000,
,,,-0.07661999762,1.68000,
,,,-0.07660000026,1.68000,
,,,-0.07657999545,1.68000,
,,,-0.07655999810,1.64000,
,,,-0.07654000074,1.64000,
,,,-0.07651999593,1.64000,
,,,-0.07649999857,1.64000,
,,,-0.07648000121,1.64000,
,,,-0.07645999640,1.64000,
,,,-0.07643999904,1.64000,
,,,-0.07642000169,1.64000,
,,,-0.07639999688,1.64000,
,,,-0.07637999952,1.64000,
,,,-0.07635999471,1.64000,
,,,-0.07633999735,1.64000,
,,,-0.07631999999,1.64000,
,,,-0.07629999518,1.68000,
,,,-0.07627999783,1.64000,
,,,-0.07626000047,1.64000,
,,,-0.07623999566,1.64000,
,,,-0.07621999830,1.64000,
,,,-0.07620000094,1.60000,
,,,-0.07617999613,1.64000,
,,,-0.07615999877,1.60000,
,,,-0.07614000142,1.64000,
,,,-0.07611999661,1.60000,
,,,-0.07609999925,1.60000,
,,,-0.07607999444,1.64000,
,,,-0.07605999708,1.60000,
,,,-0.07603999972,1.60000,
,,,-0.07601999491,1.64000,
,,,-0.07599999756,1.60000,
,,,-0.07598000020,1.60000,
,,,-0.07595999539,1.64000,
,,,-0.07593999803,1.60000,
,,,-0.07592000067,1.60000,
,,,-0.07589999586,1.60000,
,,,-0.07587999851,1.56000,
,,,-0.07586000115,1.56000,
,,,-0.07583999634,1.56000,
,,,-0.07581999898,1.56000,
,,,-0.07580000162,1.56000,
,,,-0.07577999681,1.56000,
,,,-0.07575999945,1.56000,
,,,-0.07573999465,1.56000,
,,,-0.07571999729,1.56000,
,,,-0.07569999993,1.56000,
,,,-0.07567999512,1.56000,
,,,-0.07565999776,1.56000,
,,,-0.07564000040,1.56000,
,,,-0.07561999559,1.60000,
,,,-0.07559999824,1.56000,
,,,-0.07558000088,1.56000,
,,,-0.07555999607,1.56000,
,,,-0.07553999871,1.56000,
,,,-0.07552000135,1.56000,
,,,-0.07549999654,1.56000,
,,,-0.07547999918,1.56000,
,,,-0.07545999438,1.56000,
,,,-0.07543999702,1.56000,
,,,-0.07541999966,1.56000,
,,,-0.07539999485,1.56000,
,,,-0.07537999749,1.56000,
,,,-0.07536000013,1.56000,
,,,-0.07533999532,1.56000,
,,,-0.07531999797,1.56000,
,,,-0.07530000061,1.56000,
,,,-0.07527999580,1.56000,
,,,-0.07525999844,1.56000,
,,,-0.07524000108,1.52000,
,,,-0.07521999627,1.52000,
,,,-0.07519999892,1.52000,
,,,-0.07518000156,1.56000,
,,,-0.07515999675,1.52000,
,,,-0.07513999939,1.52000,
,,,-0.07511999458,1.52000,
,,,-0.07509999722,1.48000,
,,,-0.07507999986,1.52000,
,,,-0.07505999506,1.52000,
,,,-0.07503999770,1.52000,
,,,-0.07502000034,1.52000,
,,,-0.07499999553,1.52000,
,,,-0.07497999817,1.52000,
,,,-0.07496000081,1.52000,
,,,-0.07493999600,1.52000,
,,,-0.07491999865,1.48000,
,,,-0.07490000129,1.52000,
,,,-0.07487999648,1.48000,
,,,-0.07485999912,1.48000,
,,,-0.07484000176,1.48000,
,,,-0.07481999695,1.48000,
,,,-0.07479999959,1.48000,
,,,-0.07477999479,1.52000,
,,,-0.07475999743,1.48000,
,,,-0.07474000007,1.48000,
,,,-0.07471999526,1.48000,
,,,-0.07469999790,1.48000,
,,,-0.07468000054,1.48000,
,,,-0.07465999573,1.48000,
,,,-0.07463999838,1.48000,
,,,-0.07462000102,1.48000,
,,,-0.07459999621,1.44000,
,,,-0.07457999885,1.48000,
,,,-0.07456000149,1.44000,
,,,-0.07453999668,1.48000,
,,,-0.07451999933,1.48000,
,,,-0.07449999452,1.48000,
,,,-0.07447999716,1.40000,
,,,-0.07445999980,1.44000,
,,,-0.07443999499,1.44000,
,,,-0.07441999763,1.48000,
,,,-0.07440000027,1.44000,
,,,-0.07437999547,1.40000,
,,,-0.07435999811,1.40000,
,,,-0.07434000075,1.40000,
,,,-0.07431999594,1.40000,
,,,-0.07429999858,1.44000,
,,,-0.07428000122,1.44000,
,,,-0.07425999641,1.40000,
,,,-0.07423999906,1.40000,
,,,-0.07422000170,1.40000,
,,,-0.07419999689,1.40000,
,,,-0.07417999953,1.40000,
,,,-0.07415999472,1.40000,
,,,-0.07413999736,1.40000,
,,,-0.07412000000,1.40000,
,,,-0.07409999520,1.40000,
,,,-0.07407999784,1.36000,
,,,-0.07406000048,1.40000,
,,,-0.07403999567,1.36000,
,,,-0.07401999831,1.40000,
,,,-0.07400000095,1.40000,
,,,-0.07397999614,1.36000,
,,,-0.07395999879,1.40000,
,,,-0.07394000143,1.36000,
,,,-0.07391999662,1.40000,
,,,-0.07389999926,1.36000,
,,,-0.07387999445,1.40000,
,,,-0.07385999709,1.40000,
,,,-0.07383999974,1.36000,
,,,-0.07381999493,1.36000,
,,,-0.07379999757,1.40000,
,,,-0.07378000021,1.36000,
,,,-0.07375999540,1.36000,
,,,-0.07373999804,1.36000,
,,,-0.07372000068,1.36000,
,,,-0.07369999588,1.36000,
,,,-0.07367999852,1.36000,
,,,-0.07366000116,1.36000,
,,,-0.07363999635,1.32000,
,,,-0.07361999899,1.32000,
,,,-0.07360000163,1.32000,
,,,-0.07357999682,1.36000,
,,,-0.07355999947,1.32000,
,,,-0.07353999466,1.36000,
,,,-0.07351999730,1.32000,
,,,-0.07349999994,1.32000,
,,,-0.07347999513,1.32000,
,,,-0.07345999777,1.36000,
,,,-0.07344000041,1.36000,
,,,-0.07341999561,1.32000,
,,,-0.07339999825,1.32000,
,,,-0.07338000089,1.32000,
,,,-0.07335999608,1.32000,
,,,-0.07333999872,1.32000,
,,,-0.07332000136,1.32000,
,,,-0.07329999655,1.32000,
,,,-0.07327999920,1.32000,
,,,-0.07326000184,1.32000,
,,,-0.07323999703,1.32000,
,,,-0.07321999967,1.32000,
,,,-0.07319999486,1.32000,
,,,-0.07317999750,1.28000,
,,,-0.07316000015,1.32000,
,,,-0.07313999534,1.32000,
,,,-0.07311999798,1.28000,
,,,-0.07310000062,1.28000,
,,,-0.07307999581,1.28000,
,,,-0.07305999845,1.28000,
,,,-0.07304000109,1.28000,
,,,-0.07301999629,1.24000,
,,,-0.07299999893,1.24000,
,,,-0.07298000157,1.28000,
,,,-0.07295999676,1.24000,
,,,-0.07293999940,1.28000,
,,,-0.07291999459,1.28000,
,,,-0.07289999723,1.28000,
,,,-0.07287999988,1.24000,
,,,-0.07285999507,1.28000,
,,,-0.07283999771,1.24000,
,,,-0.07282000035,1.28000,
,,,-0.07279999554,1.24000,
,,,-0.07277999818,1.28000,
,,,-0.07276000082,1.24000,
,,,-0.07273999602,1.24000,
,,,-0.07271999866,1.24000,
,,,-0.07270000130,1.24000,
,,,-0.07267999649,1.24000,
,,,-0.07265999913,1.24000,
,,,-0.07264000177,1.28000,
,,,-0.07261999696,1.24000,
,,,-0.07259999961,1.24000,
,,,-0.07257999480,1.24000,
,,,-0.07255999744,1.24000,
,,,-0.07254000008,1.24000,
,,,-0.07251999527,1.24000,
,,,-0.07249999791,1.24000,
,,,-0.07248000056,1.24000,
,,,-0.07245999575,1.24000,
,,,-0.07243999839,1.24000,
,,,-0.07242000103,1.24000,
,,,-0.07239999622,1.24000,
,,,-0.07237999886,1.20000,
,,,-0.07236000150,1.20000,
,,,-0.07233999670,1.20000,
,,,-0.07231999934,1.20000,
,,,-0.07229999453,1.20000,
,,,-0.07227999717,1.20000,
,,,-0.07225999981,1.20000,
,,,-0.07223999500,1.20000,
,,,-0.07221999764,1.20000,
,,,-0.07220000029,1.20000,
,,,-0.07217999548,1.20000,
,,,-0.07215999812,1.20000,
,,,-0.07214000076,1.20000,
,,,-0.07211999595,1.16000,
,,,-0.07209999859,1.16000,
,,,-0.07208000124,1.20000,
,,,-0.07205999643,1.20000,
,,,-0.07203999907,1.20000,
,,,-0.07202000171,1.20000,
,,,-0.07199999690,1.16000,
,,,-0.07197999954,1.16000,
,,,-0.07195999473,1.20000,
,,,-0.07193999738,1.16000,
,,,-0.07192000002,1.16000,
,,,-0.07189999521,1.16000,
,,,-0.07187999785,1.16000,
,,,-0.07186000049,1.16000,
,,,-0.07183999568,1.16000,
,,,-0.07181999832,1.16000,
,,,-0.07180000097,1.16000,
,,,-0.07177999616,1.16000,
,,,-0.07175999880,1.16000,
,,,-0.07174000144,1.12000,
,,,-0.07171999663,1.16000,
,,,-0.07169999927,1.16000,
,,,-0.07167999446,1.16000,
,,,-0.07165999711,1.12000,
,,,-0.07163999975,1.12000,
,,,-0.07161999494,1.12000,
,,,-0.07159999758,1.16000,
,,,-0.07158000022,1.12000,
,,,-0.07155999541,1.12000,
,,,-0.07153999805,1.12000,
,,,-0.07152000070,1.12000,
,,,-0.07149999589,1.08000,
,,,-0.07147999853,1.08000,
,,,-0.07146000117,1.08000,
,,,-0.07143999636,1.12000,
,,,-0.07141999900,1.08000,
,,,-0.07140000165,1.12000,
,,,-0.07137999684,1.08000,
,,,-0.07135999948,1.08000,
,,,-0.07133999467,1.08000,
,,,-0.07131999731,1.12000,
,,,-0.07129999995,1.08000,
,,,-0.07127999514,1.08000,
,,,-0.07125999779,1.08000,
,,,-0.07124000043,1.08000,
,,,-0.07121999562,1.08000,
,,,-0.07119999826,1.08000,
,,,-0.07118000090,1.08000,
,,,-0.07115999609,1.08000,
,,,-0.07113999873,1.08000,
,,,-0.07112000138,1.08000,
,,,-0.07109999657,1.08000,
,,,-0.07107999921,1.08000,
,,,-0.07106000185,1.08000,
,,,-0.07103999704,1.08000,
,,,-0.07101999968,1.08000,
,,,-0.07099999487,1.08000,
,,,-0.07097999752,1.08000,
,,,-0.07096000016,1.08000,
,,,-0.07093999535,1.08000,
,,,-0.07091999799,1.08000,
,,,-0.07090000063,1.08000,
,,,-0.07087999582,1.00000,
,,,-0.07085999846,1.00000,
,,,-0.07084000111,1.00000,
,,,-0.07081999630,1.00000,
,,,-0.07079999894,1.08000,
,,,-0.07078000158,1.00000,
,,,-0.07075999677,1.00000,
,,,-0.07073999941,1.00000,
,,,-0.07071999460,1.00000,
,,,-0.07069999725,1.00000,
,,,-0.07067999989,0.96000,
,,,-0.07065999508,0.96000,
,,,-0.07063999772,0.96000,
,,,-0.07062000036,0.96000,
,,,-0.07059999555,1.00000,
,,,-0.07057999820,0.96000,
,,,-0.07056000084,1.00000,
,,,-0.07053999603,0.96000,
,,,-0.07051999867,1.00000,
,,,-0.07050000131,0.96000,
,,,-0.07047999650,1.00000,
,,,-0.07045999914,0.96000,
,,,-0.07044000179,0.96000,
,,,-0.07041999698,0.92000,
,,,-0.07039999962,1.00000,
,,,-0.07037999481,0.96000,
,,,-0.07035999745,0.96000,
,,,-0.07034000009,0.96000,
,,,-0.07031999528,0.96000,
,,,-0.07029999793,0.96000,
,,,-0.07028000057,0.92000,
,,,-0.07025999576,0.96000,
,,,-0.07023999840,0.92000,
,,,-0.07022000104,0.92000,
,,,-0.07019999623,0.92000,
,,,-0.07017999887,0.92000,
,,,-0.07016000152,0.96000,
,,,-0.07013999671,0.96000,
,,,-0.07011999935,0.92000,
,,,-0.07009999454,0.92000,
,,,-0.07007999718,0.96000,
,,,-0.07005999982,0.92000,
,,,-0.07003999501,0.92000,
,,,-0.07001999766,0.88000,
,,,-0.07000000030,0.88000,
,,,-0.06997999549,0.88000,
,,,-0.06995999813,0.88000,
,,,-0.06994000077,0.92000,
,,,-0.06991999596,0.88000,
,,,-0.06989999861,0.88000,
,,,-0.06988000125,0.88000,
,,,-0.06985999644,0.88000,
,,,-0.06983999908,0.88000,
,,,-0.06982000172,0.92000,
,,,-0.06979999691,0.88000,
,,,-0.06977999955,0.88000,
,,,-0.06975999475,0.88000,
,,,-0.06973999739,0.88000,
,,,-0.06972000003,0.88000,
,,,-0.06969999522,0.88000,
,,,-0.06967999786,0.88000,
,,,-0.06966000050,0.88000,
,,,-0.06963999569,0.88000,
,,,-0.06961999834,0.88000,
,,,-0.06960000098,0.88000,
,,,-0.06957999617,0.88000,
,,,-0.06955999881,0.88000,
,,,-0.06954000145,0.88000,
,,,-0.06951999664,0.88000,
,,,-0.06949999928,0.88000,
,,,-0.06948000193,0.84000,
,,,-0.06945999712,0.88000,
,,,-0.06943999976,0.88000,
,,,-0.06941999495,0.88000,
,,,-0.06939999759,0.88000,
,,,-0.06938000023,0.88000,
,,,-0.06935999542,0.84000,
,,,-0.06933999807,0.88000,
,,,-0.06932000071,0.84000,
,,,-0.06929999590,0.84000,
,,,-0.06927999854,0.88000,
,,,-0.06926000118,0.88000,
,,,-0.06923999637,0.84000,
,,,-0.06921999902,0.84000,
,,,-0.06920000166,0.88000,
,,,-0.06917999685,0.84000,
,,,-0.06915999949,0.84000,
,,,-0.06913999468,0.84000,
,,,-0.06911999732,0.84000,
,,,-0.06909999996,0.84000,
,,,-0.06907999516,0.80000,
,,,-0.06905999780,0.80000,
,,,-0.06904000044,0.88000,
,,,-0.06901999563,0.80000,
,,,-0.06899999827,0.80000,
,,,-0.06898000091,0.80000,
,,,-0.06895999610,0.80000,
,,,-0.06893999875,0.80000,
,,,-0.06892000139,0.80000,
,,,-0.06889999658,0.80000,
,,,-0.06887999922,0.80000,
,,,-0.06886000186,0.80000,
,,,-0.06883999705,0.76000,
,,,-0.06881999969,0.80000,
,,,-0.06879999489,0.84000,
,,,-0.06877999753,0.80000,
,,,-0.06876000017,0.80000,
,,,-0.06873999536,0.80000,
,,,-0.06871999800,0.80000,
,,,-0.06870000064,0.80000,
,,,-0.06867999583,0.80000,
,,,-0.06865999848,0.76000,
,,,-0.06864000112,0.80000,
,,,-0.06861999631,0.76000,
,,,-0.06859999895,0.80000,
,,,-0.06858000159,0.76000,
,,,-0.06855999678,0.80000,
,,,-0.06853999943,0.80000,
,,,-0.06851999462,0.76000,
,,,-0.06849999726,0.76000,
,,,-0.06847999990,0.76000,
,,,-0.06845999509,0.72000,
,,,-0.06843999773,0.76000,
,,,-0.06842000037,0.76000,
,,,-0.06839999557,0.76000,
,,,-0.06837999821,0.72000,
,,,-0.06836000085,0.72000,
,,,-0.06833999604,0.72000,
,,,-0.06831999868,0.72000,
,,,-0.06830000132,0.76000,
,,,-0.06827999651,0.72000,
,,,-0.06825999916,0.72000,
,,,-0.06824000180,0.72000,
,,,-0.06821999699,0.72000,
,,,-0.06819999963,0.72000,
,,,-0.06817999482,0.76000,
,,,-0.06815999746,0.72000,
,,,-0.06814000010,0.72000,
,,,-0.06811999530,0.72000,
,,,-0.06809999794,0.68000,
,,,-0.06808000058,0.72000,
,,,-0.06805999577,0.72000,
,,,-0.06803999841,0.72000,
,,,-0.06802000105,0.72000,
,,,-0.06799999624,0.72000,
,,,-0.06797999889,0.72000,
,,,-0.06796000153,0.72000,
,,,-0.06793999672,0.72000,
,,,-0.06791999936,0.72000,
,,,-0.06790000200,0.72000,
,,,-0.06787999719,0.68000,
,,,-0.06785999984,0.72000,
,,,-0.06783999503,0.68000,
,,,-0.06781999767,0.68000,
,,,-0.06780000031,0.68000,
,,,-0.06777999550,0.68000,
,,,-0.06775999814,0.68000,
,,,-0.06774000078,0.68000,
,,,-0.06771999598,0.68000,
,,,-0.06769999862,0.68000,
,,,-0.06768000126,0.64000,
,,,-0.06765999645,0.68000,
,,,-0.06763999909,0.68000,
,,,-0.06762000173,0.68000,
,,,-0.06759999692,0.68000,
,,,-0.06757999957,0.68000,
,,,-0.06755999476,0.64000,
,,,-0.06753999740,0.64000,
,,,-0.06752000004,0.68000,
,,,-0.06749999523,0.64000,
,,,-0.06747999787,0.64000,
,,,-0.06746000051,0.64000,
,,,-0.06743999571,0.64000,
,,,-0.06741999835,0.64000,
,,,-0.06740000099,0.64000,
,,,-0.06737999618,0.64000,
,,,-0.06735999882,0.64000,
,,,-0.06734000146,0.64000,
,,,-0.06731999665,0.60000,
,,,-0.06729999930,0.64000,
,,,-0.06728000194,0.60000,
,,,-0.06725999713,0.64000,
,,,-0.06723999977,0.64000,
,,,-0.06721999496,0.64000,
,,,-0.06719999760,0.60000,
,,,-0.06718000025,0.60000,
,,,-0.06715999544,0.60000,
,,,-0.06713999808,0.60000,
,,,-0.06712000072,0.60000,
,,,-0.06709999591,0.60000,
,,,-0.06707999855,0.60000,
,,,-0.06706000119,0.60000,
,,,-0.06703999639,0.60000,
,,,-0.06701999903,0.60000,
,,,-0.06700000167,0.56000,
,,,-0.06697999686,0.56000,
,,,-0.06695999950,0.56000,
,,,-0.06693999469,0.60000,
,,,-0.06691999733,0.56000,
,,,-0.06689999998,0.60000,
,,,-0.06687999517,0.56000,
,,,-0.06685999781,0.56000,
,,,-0.06684000045,0.56000,
,,,-0.06681999564,0.56000,
,,,-0.06679999828,0.56000,
,,,-0.06678000093,0.56000,
,,,-0.06675999612,0.56000,
,,,-0.06673999876,0.56000,
,,,-0.06672000140,0.56000,
,,,-0.06669999659,0.56000,
,,,-0.06667999923,0.56000,
,,,-0.06666000187,0.56000,
,,,-0.06663999707,0.56000,
,,,-0.06661999971,0.56000,
,,,-0.06659999490,0.56000,
,,,-0.06657999754,0.56000,
,,,-0.06656000018,0.56000,
,,,-0.06653999537,0.56000,
,,,-0.06651999801,0.56000,
,,,-0.06650000066,0.56000,
,,,-0.06647999585,0.52000,
,,,-0.06645999849,0.56000,
,,,-0.06644000113,0.56000,
,,,-0.06641999632,0.52000,
,,,-0.06639999896,0.52000,
,,,-0.06638000160,0.48000,
,,,-0.06635999680,0.48000,
,,,-0.06633999944,0.52000,
,,,-0.06631999463,0.52000,
,,,-0.06629999727,0.56000,
,,,-0.06627999991,0.52000,
,,,-0.06625999510,0.52000,
,,,-0.06623999774,0.52000,
,,,-0.06622000039,0.52000,
,,,-0.06619999558,0.48000,
,,,-0.06617999822,0.48000,
,,,-0.06616000086,0.56000,
,,,-0.06613999605,0.52000,
,,,-0.06611999869,0.48000,
,,,-0.06610000134,0.48000,
,,,-0.06607999653,0.48000,
,,,-0.06605999917,0.48000,
,,,-0.06604000181,0.48000,
,,,-0.06601999700,0.48000,
,,,-0.06599999964,0.48000,
,,,-0.06597999483,0.48000,
,,,-0.06595999748,0.44000,
,,,-0.06594000012,0.48000,
,,,-0.06591999531,0.48000,
,,,-0.06589999795,0.48000,
,,,-0.06588000059,0.48000,
,,,-0.06585999578,0.48000,
,,,-0.06583999842,0.44000,
,,,-0.06582000107,0.48000,
,,,-0.06579999626,0.48000,
,,,-0.06577999890,0.44000,
,,,-0.06576000154,0.44000,
,,,-0.06573999673,0.44000,
,,,-0.06571999937,0.44000,
,,,-0.06570000201,0.44000,
,,,-0.06567999721,0.44000,
,,,-0.06565999985,0.44000,
,,,-0.06563999504,0.40000,
,,,-0.06561999768,0.40000,
,,,-0.06560000032,0.40000,
,,,-0.06557999551,0.40000,
,,,-0.06555999815,0.44000,
,,,-0.06554000080,0.44000,
,,,-0.06551999599,0.44000,
,,,-0.06549999863,0.40000,
,,,-0.06548000127,0.44000,
,,,-0.06545999646,0.40000,
,,,-0.06543999910,0.40000,
,,,-0.06542000175,0.40000,
,,,-0.06539999694,0.40000,
,,,-0.06537999958,0.40000,
,,,-0.06535999477,0.36000,
,,,-0.06533999741,0.40000,
,,,-0.06532000005,0.40000,
,,,-0.06529999524,0.40000,
,,,-0.06527999789,0.40000,
,,,-0.06526000053,0.40000,
,,,-0.06523999572,0.40000,
,,,-0.06521999836,0.36000,
,,,-0.06520000100,0.40000,
,,,-0.06517999619,0.40000,
,,,-0.06515999883,0.40000,
,,,-0.06514000148,0.36000,
,,,-0.06511999667,0.40000,
,,,-0.06509999931,0.36000,
,,,-0.06508000195,0.36000,
,,,-0.06505999714,0.36000,
,,,-0.06503999978,0.36000,
,,,-0.06501999497,0.36000,
,,,-0.06499999762,0.40000,
,,,-0.06498000026,0.36000,
,,,-0.06495999545,0.36000,
,,,-0.06493999809,0.36000,
,,,-0.06492000073,0.36000,
,,,-0.06489999592,0.36000,
,,,-0.06487999856,0.36000,
,,,-0.06486000121,0.32000,
,,,-0.06483999640,0.32000,
,,,-0.06481999904,0.32000,
,,,-0.06480000168,0.32000,
,,,-0.06477999687,0.32000,
,,,-0.06475999951,0.36000,
,,,-0.06473999470,0.32000,
,,,-0.06471999735,0.32000,
,,,-0.06469999999,0.32000,
,,,-0.06467999518,0.32000,
,,,-0.06465999782,0.32000,
,,,-0.06464000046,0.32000,
,,,-0.06461999565,0.32000,
,,,-0.06459999830,0.32000,
,,,-0.06458000094,0.32000,
,,,-0.06455999613,0.28000,
,,,-0.06453999877,0.28000,
,,,-0.06452000141,0.32000,
,,,-0.06449999660,0.28000,
,,,-0.06447999924,0.28000,
,,,-0.06446000189,0.28000,
,,,-0.06443999708,0.32000,
,,,-0.06441999972,0.28000,
,,,-0.06439999491,0.28000,
,,,-0.06437999755,0.24000,
,,,-0.06436000019,0.28000,
,,,-0.06433999538,0.28000,
,,,-0.06431999803,0.28000,
,,,-0.06430000067,0.24000,
,,,-0.06427999586,0.28000,
,,,-0.06425999850,0.24000,
,,,-0.06424000114,0.28000,
,,,-0.06421999633,0.24000,
,,,-0.06419999897,0.28000,
,,,-0.06418000162,0.24000,
,,,-0.06415999681,0.28000,
,,,-0.06413999945,0.24000,
,,,-0.06412000209,0.24000,
,,,-0.06409999728,0.24000,
,,,-0.06407999992,0.24000,
,,,-0.06405999511,0.28000,
,,,-0.06403999776,0.24000,
,,,-0.06402000040,0.24000,
,,,-0.06399999559,0.24000,
,,,-0.06397999823,0.24000,
,,,-0.06396000087,0.24000,
,,,-0.06393999606,0.24000,
,,,-0.06391999871,0.24000,
,,,-0.06390000135,0.24000,
,,,-0.06387999654,0.24000,
,,,-0.06385999918,0.24000,
,,,-0.06384000182,0.24000,
,,,-0.06381999701,0.24000,
,,,-0.06379999965,0.24000,
,,,-0.06377999485,0.24000,
,,,-0.06375999749,0.24000,
,,,-0.06374000013,0.24000,
,,,-0.06371999532,0.24000,
,,,-0.06369999796,0.24000,
,,,-0.06368000060,0.24000,
,,,-0.06365999579,0.16000,
,,,-0.06363999844,0.20000,
,,,-0.06362000108,0.24000,
,,,-0.06359999627,0.24000,
,,,-0.06357999891,0.20000,
,,,-0.06356000155,0.20000,
,,,-0.06353999674,0.16000,
,,,-0.06351999938,0.24000,
,,,-0.06350000203,0.20000,
,,,-0.06347999722,0.20000,
,,,-0.06345999986,0.24000,
,,,-0.06343999505,0.16000,
,,,-0.06341999769,0.20000,
,,,-0.06340000033,0.20000,
,,,-0.06337999552,0.24000,
,,,-0.06335999817,0.16000,
,,,-0.06334000081,0.20000,
,,,-0.06331999600,0.20000,
,,,-0.06329999864,0.24000,
,,,-0.06328000128,0.20000,
,,,-0.06325999647,0.20000,
,,,-0.06323999912,0.20000,
,,,-0.06322000176,0.16000,
,,,-0.06319999695,0.20000,
,,,-0.06317999959,0.16000,
,,,-0.06315999478,0.16000,
,,,-0.06313999742,0.16000,
,,,-0.06312000006,0.16000,
,,,-0.06309999526,0.16000,
,,,-0.06307999790,0.20000,
,,,-0.06306000054,0.16000,
,,,-0.06303999573,0.16000,
,,,-0.06301999837,0.20000,
,,,-0.06300000101,0.16000,
,,,-0.06297999620,0.16000,
,,,-0.06295999885,0.16000,
,,,-0.06294000149,0.16000,
,,,-0.06291999668,0.16000,
,,,-0.06289999932,0.16000,
,,,-0.06288000196,0.16000,
,,,-0.06285999715,0.16000,
,,,-0.06283999979,0.16000,
,,,-0.06281999499,0.20000,
,,,-0.06279999763,0.16000,
,,,-0.06278000027,0.16000,
,,,-0.06275999546,0.16000,
,,,-0.06273999810,0.16000,
,,,-0.06272000074,0.16000,
,,,-0.06269999593,0.16000,
,,,-0.06267999858,0.20000,
,,,-0.06266000122,0.16000,
,,,-0.06263999641,0.16000,
,,,-0.06261999905,0.20000,
,,,-0.06260000169,0.16000,
,,,-0.06257999688,0.16000,
,,,-0.06255999953,0.20000,
,,,-0.06253999472,0.20000,
,,,-0.06251999736,0.20000,
,,,-0.06250000000,0.20000,
,,,-0.06247999892,0.20000,
,,,-0.06245999783,0.20000,
,,,-0.06243999675,0.24000,
,,,-0.06241999939,0.16000,
,,,-0.06239999831,0.20000,
,,,-0.06237999722,0.24000,
,,,-0.06235999987,0.24000,
,,,-0.06233999878,0.24000,
,,,-0.06231999770,0.24000,
,,,-0.06229999661,0.24000,
,,,-0.06227999926,0.20000,
,,,-0.06225999817,0.24000,
,,,-0.06223999709,0.24000,
,,,-0.06221999973,0.20000,
,,,-0.06219999865,0.24000,
,,,-0.06217999756,0.24000,
,,,-0.06216000021,0.24000,
,,,-0.06213999912,0.20000,
,,,-0.06211999804,0.24000,
,,,-0.06209999695,0.24000,
,,,-0.06207999960,0.24000,
,,,-0.06205999851,0.24000,
,,,-0.06203999743,0.24000,
,,,-0.06202000007,0.24000,
,,,-0.06199999899,0.24000,
,,,-0.06197999790,0.24000,
,,,-0.06195999682,0.24000,
,,,-0.06193999946,0.24000,
,,,-0.06191999838,0.24000,
,,,-0.06189999729,0.24000,
,,,-0.06187999994,0.24000,
,,,-0.06185999885,0.24000,
,,,-0.06183999777,0.24000,
,,,-0.06181999668,0.24000,
,,,-0.06179999933,0.28000,
,,,-0.06177999824,0.24000,
,,,-0.06175999716,0.24000,
,,,-0.06173999980,0.24000,
,,,-0.06171999872,0.24000,
,,,-0.06169999763,0.24000,
,,,-0.06168000028,0.24000,
,,,-0.06165999919,0.24000,
,,,-0.06163999811,0.24000,
,,,-0.06161999702,0.28000,
,,,-0.06159999967,0.28000,
,,,-0.06157999858,0.24000,
,,,-0.06155999750,0.24000,
,,,-0.06154000014,0.28000,
,,,-0.06151999906,0.28000,
,,,-0.06149999797,0.28000,
,,,-0.06147999689,0.32000,
,,,-0.06145999953,0.28000,
,,,-0.06143999845,0.28000,
,,,-0.06141999736,0.28000,
,,,-0.06140000001,0.28000,
,,,-0.06137999892,0.28000,
,,,-0.06135999784,0.32000,
,,,-0.06133999676,0.32000,
,,,-0.06131999940,0.32000,
,,,-0.06129999831,0.28000,
,,,-0.06127999723,0.28000,
,,,-0.06125999987,0.32000,
,,,-0.06123999879,0.32000,
,,,-0.06121999770,0.36000,
,,,-0.06119999662,0.32000,
,,,-0.06117999926,0.32000,
,,,-0.06115999818,0.28000,
,,,-0.06113999709,0.32000,
,,,-0.06111999974,0.36000,
,,,-0.06109999865,0.32000,
,,,-0.06107999757,0.32000,
,,,-0.06106000021,0.32000,
,,,-0.06103999913,0.32000,
,,,-0.06101999804,0.32000,
,,,-0.06099999696,0.32000,
,,,-0.06097999960,0.32000,
,,,-0.06095999852,0.32000,
,,,-0.06093999743,0.32000,
,,,-0.06092000008,0.32000,
,,,-0.06089999899,0.32000,
,,,-0.06087999791,0.36000,
,,,-0.06085999683,0.36000,
,,,-0.06083999947,0.36000,
,,,-0.06081999838,0.40000,
,,,-0.06079999730,0.32000,
,,,-0.06077999994,0.36000,
,,,-0.06075999886,0.36000,
,,,-0.06073999777,0.36000,
,,,-0.06071999669,0.40000,
,,,-0.06069999933,0.40000,
,,,-0.06067999825,0.40000,
,,,-0.06065999717,0.36000,
,,,-0.06063999981,0.36000,
,,,-0.06061999872,0.40000,
,,,-0.06059999764,0.40000,
,,,-0.06058000028,0.40000,
,,,-0.06055999920,0.36000,
,,,-0.06053999811,0.40000,
,,,-0.06051999703,0.40000,
,,,-0.06049999967,0.40000,
,,,-0.06047999859,0.40000,
,,,-0.06045999750,0.40000,
,,,-0.06044000015,0.40000,
,,,-0.06041999906,0.40000,
,,,-0.06039999798,0.40000,
,,,-0.06037999690,0.40000,
,,,-0.06035999954,0.44000,
,,,-0.06033999845,0.40000,
,,,-0.06031999737,0.40000,
,,,-0.06030000001,0.40000,
,,,-0.06027999893,0.40000,
,,,-0.06025999784,0.40000,
,,,-0.06023999676,0.44000,
,,,-0.06021999940,0.40000,
,,,-0.06019999832,0.44000,
,,,-0.06017999724,0.44000,
,,,-0.06015999988,0.40000,
,,,-0.06013999879,0.44000,
,,,-0.06011999771,0.44000,
,,,-0.06009999663,0.44000,
,,,-0.06007999927,0.44000,
,,,-0.06005999818,0.44000,
,,,-0.06003999710,0.44000,
,,,-0.06001999974,0.44000,
,,,-0.05999999866,0.48000,
,,,-0.05997999758,0.44000,
,,,-0.05996000022,0.48000,
,,,-0.05993999913,0.48000,
,,,-0.05991999805,0.48000,
,,,-0.05989999697,0.44000,
,,,-0.05987999961,0.48000,
,,,-0.05985999852,0.48000,
,,,-0.05983999744,0.48000,
,,,-0.05982000008,0.48000,
,,,-0.05979999900,0.48000,
,,,-0.05977999792,0.48000,
,,,-0.05975999683,0.44000,
,,,-0.05973999947,0.44000,
,,,-0.05971999839,0.48000,
,,,-0.05969999731,0.48000,
,,,-0.05967999995,0.48000,
,,,-0.05965999886,0.48000,
,,,-0.05963999778,0.48000,
,,,-0.05961999670,0.48000,
,,,-0.05959999934,0.52000,
,,,-0.05957999825,0.48000,
,,,-0.05955999717,0.52000,
,,,-0.05953999981,0.48000,
,,,-0.05951999873,0.48000,
,,,-0.05949999765,0.52000,
,,,-0.05948000029,0.52000,
,,,-0.05945999920,0.52000,
,,,-0.05943999812,0.52000,
,,,-0.05941999704,0.52000,
,,,-0.05939999968,0.52000,
,,,-0.05937999859,0.52000,
,,,-0.05935999751,0.48000,
,,,-0.05934000015,0.52000,
,,,-0.05931999907,0.52000,
,,,-0.05929999799,0.52000,
,,,-0.05927999690,0.56000,
,,,-0.05925999954,0.56000,
,,,-0.05923999846,0.56000,
,,,-0.05921999738,0.56000,
,,,-0.05920000002,0.56000,
,,,-0.05917999893,0.56000,
,,,-0.05915999785,0.56000,
,,,-0.05913999677,0.56000,
,,,-0.05911999941,0.56000,
,,,-0.05909999833,0.56000,
,,,-0.05907999724,0.56000,
,,,-0.05905999988,0.56000,
,,,-0.05903999880,0.56000,
,,,-0.05901999772,0.56000,
,,,-0.05900000036,0.56000,
,,,-0.05897999927,0.56000,
,,,-0.05895999819,0.56000,
,,,-0.05893999711,0.56000,
,,,-0.05891999975,0.56000,
,,,-0.05889999866,0.56000,
,,,-0.05887999758,0.56000,
,,,-0.05886000022,0.56000,
,,,-0.05883999914,0.60000,
,,,-0.05881999806,0.56000,
,,,-0.05879999697,0.56000,
,,,-0.05877999961,0.56000,
,,,-0.05875999853,0.60000,
,,,-0.05873999745,0.60000,
,,,-0.05872000009,0.60000,
,,,-0.05869999900,0.56000,
,,,-0.05867999792,0.56000,
,,,-0.05865999684,0.60000,
,,,-0.05863999948,0.64000,
,,,-0.05861999840,0.64000,
,,,-0.05859999731,0.60000,
,,,-0.05857999995,0.64000,
,,,-0.05855999887,0.60000,
,,,-0.05853999779,0.60000,
,,,-0.05851999670,0.64000,
,,,-0.05849999934,0.60000,
,,,-0.05847999826,0.64000,
,,,-0.05845999718,0.64000,
,,,-0.05843999982,0.60000,
,,,-0.05841999874,0.64000,
,,,-0.05839999765,0.64000,
,,,-0.05838000029,0.64000,
,,,-0.05835999921,0.68000,
,,,-0.05833999813,0.64000,
,,,-0.05831999704,0.64000,
,,,-0.05829999968,0.64000,
,,,-0.05827999860,0.68000,
,,,-0.05825999752,0.64000,
,,,-0.05824000016,0.64000,
,,,-0.05821999907,0.68000,
,,,-0.05819999799,0.68000,
,,,-0.05817999691,0.64000,
,,,-0.05815999955,0.68000,
,,,-0.05813999847,0.64000,
,,,-0.05811999738,0.68000,
,,,-0.05810000002,0.68000,
,,,-0.05807999894,0.64000,
,,,-0.05805999786,0.68000,
,,,-0.05803999677,0.68000,
,,,-0.05801999941,0.68000,
,,,-0.05799999833,0.64000,
,,,-0.05797999725,0.68000,
,,,-0.05795999989,0.68000,
,,,-0.05793999881,0.68000,
,,,-0.05791999772,0.72000,
,,,-0.05790000036,0.68000,
,,,-0.05787999928,0.68000,
,,,-0.05785999820,0.72000,
,,,-0.05783999711,0.72000,
,,,-0.05781999975,0.72000,
,,,-0.05779999867,0.68000,
,,,-0.05777999759,0.72000,
,,,-0.05776000023,0.68000,
,,,-0.05773999915,0.72000,
,,,-0.05771999806,0.72000,
,,,-0.05769999698,0.72000,
,,,-0.05767999962,0.72000,
,,,-0.05765999854,0.72000,
,,,-0.05763999745,0.72000,
,,,-0.05762000009,0.72000,
,,,-0.05759999901,0.72000,
,,,-0.05757999793,0.76000,
,,,-0.05755999684,0.72000,
,,,-0.05753999949,0.72000,
,,,-0.05751999840,0.72000,
,,,-0.05749999732,0.72000,
,,,-0.05747999996,0.72000,
,,,-0.05745999888,0.72000,
,,,-0.05743999779,0.76000,
,,,-0.05741999671,0.72000,
,,,-0.05739999935,0.72000,
,,,-0.05737999827,0.76000,
,,,-0.05735999718,0.76000,
,,,-0.05733999982,0.76000,
,,,-0.05731999874,0.72000,
,,,-0.05729999766,0.76000,
,,,-0.05728000030,0.72000,
,,,-0.05725999922,0.76000,
,,,-0.05723999813,0.76000,
,,,-0.05721999705,0.80000,
,,,-0.05719999969,0.76000,
,,,-0.05717999861,0.76000,
,,,-0.05715999752,0.80000,
,,,-0.05714000016,0.76000,
,,,-0.05711999908,0.72000,
,,,-0.05709999800,0.76000,
,,,-0.05707999691,0.80000,
,,,-0.05705999956,0.80000,
,,,-0.05703999847,0.80000,
,,,-0.05701999739,0.80000,
,,,-0.05700000003,0.80000,
,,,-0.05697999895,0.80000,
,,,-0.05695999786,0.84000,
,,,-0.05693999678,0.76000,
,,,-0.05691999942,0.80000,
,,,-0.05689999834,0.80000,
,,,-0.05687999725,0.80000,
,,,-0.05685999990,0.80000,
,,,-0.05683999881,0.80000,
,,,-0.05681999773,0.80000,
,,,-0.05680000037,0.80000,
,,,-0.05677999929,0.80000,
,,,-0.05675999820,0.84000,
,,,-0.05673999712,0.80000,
,,,-0.05671999976,0.84000,
,,,-0.05669999868,0.84000,
,,,-0.05667999759,0.80000,
,,,-0.05666000023,0.84000,
,,,-0.05663999915,0.80000,
,,,-0.05661999807,0.80000,
,,,-0.05659999698,0.84000,
,,,-0.05657999963,0.88000,
,,,-0.05655999854,0.84000,
,,,-0.05653999746,0.84000,
,,,-0.05652000010,0.88000,
,,,-0.05649999902,0.84000,
,,,-0.05647999793,0.84000,
,,,-0.05645999685,0.84000,
,,,-0.05643999949,0.84000,
,,,-0.05641999841,0.84000,
,,,-0.05639999732,0.88000,
,,,-0.05637999997,0.88000,
,,,-0.05635999888,0.88000,
,,,-0.05633999780,0.88000,
,,,-0.05631999671,0.88000,
,,,-0.05629999936,0.88000,
,,,-0.05627999827,0.88000,
,,,-0.05625999719,0.88000,
,,,-0.05623999983,0.88000,
,,,-0.05621999875,0.88000,
,,,-0.05619999766,0.88000,
,,,-0.05618000031,0.88000,
,,,-0.05615999922,0.88000,
,,,-0.05613999814,0.88000,
,,,-0.05611999705,0.88000,
,,,-0.05609999970,0.88000,
,,,-0.05607999861,0.92000,
,,,-0.05605999753,0.88000,
,,,-0.05604000017,0.88000,
,,,-0.05601999909,0.88000,
,,,-0.05599999800,0.88000,
,,,-0.05597999692,0.92000,
,,,-0.05595999956,0.88000,
,,,-0.05593999848,0.88000,
,,,-0.05591999739,0.88000,
,,,-0.05590000004,0.88000,
,,,-0.05587999895,0.88000,
,,,-0.05585999787,0.88000,
,,,-0.05583999678,0.88000,
,,,-0.05581999943,0.92000,
,,,-0.05579999834,0.88000,
,,,-0.05577999726,0.92000,
,,,-0.05575999990,0.88000,
,,,-0.05573999882,0.92000,
,,,-0.05571999773,0.92000,
,,,-0.05570000038,0.96000,
,,,-0.05567999929,0.92000,
,,,-0.05565999821,0.92000,
,,,-0.05563999712,0.88000,
,,,-0.05561999977,0.96000,
,,,-0.05559999868,0.92000,
,,,-0.05557999760,0.92000,
,,,-0.05556000024,0.92000,
,,,-0.05553999916,0.92000,
,,,-0.05551999807,0.92000,
,,,-0.05549999699,0.92000,
,,,-0.05547999963,0.96000,
,,,-0.05545999855,0.96000,
,,,-0.05543999746,0.96000,
,,,-0.05542000011,0.96000,
,,,-0.05539999902,0.96000,
,,,-0.05537999794,0.96000,
,,,-0.05535999686,0.96000,
,,,-0.05533999950,0.96000,
,,,-0.05531999841,0.96000,
,,,-0.05529999733,0.96000,
,,,-0.05527999997,1.00000,
,,,-0.05525999889,0.96000,
,,,-0.05523999780,1.00000,
,,,-0.05522000045,1.00000,
,,,-0.05519999936,1.08000,
,,,-0.05517999828,0.96000,
,,,-0.05515999720,0.96000,
,,,-0.05513999984,1.00000,
,,,-0.05511999875,1.00000,
,,,-0.05509999767,1.00000,
,,,-0.05508000031,1.00000,
,,,-0.05505999923,1.00000,
,,,-0.05503999814,1.08000,
,,,-0.05501999706,1.00000,
,,,-0.05499999970,1.00000,
,,,-0.05497999862,1.00000,
,,,-0.05495999753,1.08000,
,,,-0.05494000018,1.00000,
,,,-0.05491999909,0.96000,
,,,-0.05489999801,1.00000,
,,,-0.05487999693,1.00000,
,,,-0.05485999957,1.08000,
,,,-0.05483999848,1.08000,
,,,-0.05481999740,1.08000,
,,,-0.05480000004,1.00000,
,,,-0.05477999896,1.08000,
,,,-0.05475999787,1.08000,
,,,-0.05473999679,1.08000,
,,,-0.05471999943,1.08000,
,,,-0.05469999835,1.08000,
,,,-0.05467999727,1.08000,
,,,-0.05465999991,1.08000,
,,,-0.05463999882,1.08000,
,,,-0.05461999774,1.08000,
,,,-0.05460000038,1.08000,
,,,-0.05457999930,1.08000,
,,,-0.05455999821,1.08000,
,,,-0.05453999713,1.08000,
,,,-0.05451999977,1.08000,
,,,-0.05449999869,1.08000,
,,,-0.05447999761,1.08000,
,,,-0.05446000025,1.12000,
,,,-0.05443999916,1.08000,
,,,-0.05441999808,1.12000,
,,,-0.05439999700,1.08000,
,,,-0.05437999964,1.12000,
,,,-0.05435999855,1.08000,
,,,-0.05433999747,1.12000,
,,,-0.05432000011,1.12000,
,,,-0.05429999903,1.12000,
,,,-0.05427999794,1.12000,
,,,-0.05425999686,1.12000,
,,,-0.05423999950,1.16000,
,,,-0.05421999842,1.12000,
,,,-0.05419999734,1.16000,
,,,-0.05417999998,1.12000,
,,,-0.05415999889,1.12000,
,,,-0.05413999781,1.08000,
,,,-0.05412000045,1.12000,
,,,-0.05409999937,1.12000,
,,,-0.05407999828,1.12000,
,,,-0.05405999720,1.16000,
,,,-0.05403999984,1.16000,
,,,-0.05401999876,1.16000,
,,,-0.05399999768,1.16000,
,,,-0.05398000032,1.16000,
,,,-0.05395999923,1.16000,
,,,-0.05393999815,1.16000,
,,,-0.05391999707,1.16000,
,,,-0.05389999971,1.16000,
,,,-0.05387999862,1.16000,
,,,-0.05385999754,1.16000,
,,,-0.05384000018,1.16000,
,,,-0.05381999910,1.16000,
,,,-0.05379999802,1.16000,
,,,-0.05377999693,1.20000,
,,,-0.05375999957,1.16000,
,,,-0.05373999849,1.20000,
,,,-0.05371999741,1.20000,
,,,-0.05370000005,1.20000,
,,,-0.05367999896,1.20000,
,,,-0.05365999788,1.20000,
,,,-0.05363999680,1.16000,
,,,-0.05361999944,1.20000,
,,,-0.05359999835,1.20000,
,,,-0.05357999727,1.20000,
,,,-0.05355999991,1.24000,
,,,-0.05353999883,1.20000,
,,,-0.05351999775,1.20000,
,,,-0.05350000039,1.20000,
,,,-0.05347999930,1.20000,
,,,-0.05345999822,1.24000,
,,,-0.05343999714,1.20000,
,,,-0.05341999978,1.24000,
,,,-0.05339999869,1.20000,
,,,-0.05337999761,1.24000,
,,,-0.05336000025,1.24000,
,,,-0.05333999917,1.20000,
,,,-0.05331999809,1.24000,
,,,-0.05329999700,1.24000,
,,,-0.05327999964,1.24000,
,,,-0.05325999856,1.24000,
,,,-0.05323999748,1.24000,
,,,-0.05322000012,1.20000,
,,,-0.05319999903,1.24000,
,,,-0.05317999795,1.24000,
,,,-0.05315999687,1.24000,
,,,-0.05313999951,1.24000,
,,,-0.05311999843,1.24000,
,,,-0.05309999734,1.24000,
,,,-0.05307999998,1.24000,
,,,-0.05305999890,1.28000,
,,,-0.05303999782,1.28000,
,,,-0.05302000046,1.24000,
,,,-0.05299999937,1.28000,
,,,-0.05297999829,1.28000,
,,,-0.05295999721,1.28000,
,,,-0.05293999985,1.28000,
,,,-0.05291999876,1.24000,
,,,-0.05289999768,1.28000,
,,,-0.05288000032,1.24000,
,,,-0.05285999924,1.28000,
,,,-0.05283999816,1.24000,
,,,-0.05281999707,1.28000,
,,,-0.05279999971,1.32000,
,,,-0.05277999863,1.28000,
,,,-0.05275999755,1.32000,
,,,-0.05274000019,1.32000,
,,,-0.05271999910,1.28000,
,,,-0.05269999802,1.32000,
,,,-0.05267999694,1.32000,
,,,-0.05265999958,1.32000,
,,,-0.05263999850,1.32000,
,,,-0.05261999741,1.28000,
,,,-0.05260000005,1.32000,
,,,-0.05257999897,1.32000,
,,,-0.05255999789,1.32000,
,,,-0.05254000053,1.32000,
,,,-0.05251999944,1.32000,
,,,-0.05249999836,1.28000,
,,,-0.05247999728,1.32000,
,,,-0.05245999992,1.32000,
,,,-0.05243999884,1.32000,
,,,-0.05241999775,1.32000,
,,,-0.05240000039,1.32000,
,,,-0.05237999931,1.32000,
,,,-0.05235999823,1.36000,
,,,-0.05233999714,1.32000,
,,,-0.05231999978,1.36000,
,,,-0.05229999870,1.32000,
,,,-0.05227999762,1.32000,
,,,-0.05226000026,1.36000,
,,,-0.05223999918,1.36000,
,,,-0.05221999809,1.32000,
,,,-0.05219999701,1.32000,
,,,-0.05217999965,1.36000,
,,,-0.05215999857,1.36000,
,,,-0.05213999748,1.36000,
,,,-0.05212000012,1.36000,
,,,-0.05209999904,1.36000,
,,,-0.05207999796,1.36000,
,,,-0.05205999687,1.36000,
,,,-0.05203999951,1.40000,
,,,-0.05201999843,1.36000,
,,,-0.05199999735,1.36000,
,,,-0.05197999999,1.40000,
,,,-0.05195999891,1.40000,
,,,-0.05193999782,1.40000,
,,,-0.05192000046,1.40000,
,,,-0.05189999938,1.40000,
,,,-0.05187999830,1.36000,
,,,-0.05185999721,1.40000,
,,,-0.05183999985,1.40000,
,,,-0.05181999877,1.40000,
,,,-0.05179999769,1.40000,
,,,-0.05178000033,1.40000,
,,,-0.05175999925,1.40000,
,,,-0.05173999816,1.40000,
,,,-0.05171999708,1.40000,
,,,-0.05169999972,1.40000,
,,,-0.05167999864,1.40000,
,,,-0.05165999755,1.40000,
,,,-0.05164000019,1.40000,
,,,-0.05161999911,1.40000,
,,,-0.05159999803,1.40000,
,,,-0.05157999694,1.44000,
,,,-0.05155999959,1.40000,
,,,-0.05153999850,1.40000,
,,,-0.05151999742,1.40000,
,,,-0.05150000006,1.40000,
,,,-0.05147999898,1.40000,
,,,-0.05145999789,1.40000,
,,,-0.05144000053,1.40000,
,,,-0.05141999945,1.48000,
,,,-0.05139999837,1.44000,
,,,-0.05137999728,1.40000,
,,,-0.05135999992,1.48000,
,,,-0.05133999884,1.48000,
,,,-0.05131999776,1.48000,
,,,-0.05130000040,1.44000,
,,,-0.05127999932,1.48000,
,,,-0.05125999823,1.44000,
,,,-0.05123999715,1.44000,
,,,-0.05121999979,1.48000,
,,,-0.05119999871,1.40000,
,,,-0.05117999762,1.48000,
,,,-0.05116000026,1.48000,
,,,-0.05113999918,1.48000,
,,,-0.05111999810,1.44000,
,,,-0.05109999701,1.48000,
,,,-0.05107999966,1.52000,
,,,-0.05105999857,1.48000,
,,,-0.05103999749,1.48000,
,,,-0.05102000013,1.48000,
,,,-0.05099999905,1.44000,
,,,-0.05097999796,1.48000,
,,,-0.05095999688,1.48000,
,,,-0.05093999952,1.48000,
,,,-0.05091999844,1.48000,
,,,-0.05089999735,1.48000,
,,,-0.05088000000,1.48000,
,,,-0.05085999891,1.52000,
,,,-0.05083999783,1.48000,
,,,-0.05082000047,1.52000,
,,,-0.05079999939,1.48000,
,,,-0.05077999830,1.52000,
,,,-0.05075999722,1.52000,
,,,-0.05073999986,1.52000,
,,,-0.05071999878,1.52000,
,,,-0.05069999769,1.56000,
,,,-0.05068000033,1.52000,
,,,-0.05065999925,1.56000,
,,,-0.05063999817,1.52000,
,,,-0.05061999708,1.56000,
,,,-0.05059999973,1.56000,
,,,-0.05057999864,1.52000,
,,,-0.05055999756,1.52000,
,,,-0.05054000020,1.56000,
,,,-0.05051999912,1.56000,
,,,-0.05049999803,1.56000,
,,,-0.05047999695,1.56000,
,,,-0.05045999959,1.56000,
,,,-0.05043999851,1.56000,
,,,-0.05041999742,1.56000,
,,,-0.05040000007,1.56000,
,,,-0.05037999898,1.56000,
,,,-0.05035999790,1.56000,
,,,-0.05034000054,1.56000,
,,,-0.05031999946,1.56000,
,,,-0.05029999837,1.56000,
,,,-0.05027999729,1.56000,
,,,-0.05025999993,1.56000,
,,,-0.05023999885,1.56000,
,,,-0.05021999776,1.56000,
,,,-0.05020000041,1.56000,
,,,-0.05017999932,1.56000,
,,,-0.05015999824,1.56000,
,,,-0.05013999715,1.56000,
,,,-0.05011999980,1.56000,
,,,-0.05009999871,1.60000,
,,,-0.05007999763,1.56000,
,,,-0.05006000027,1.60000,
,,,-0.05003999919,1.60000,
,,,-0.05001999810,1.60000,
,,,-0.04999999702,1.56000,
,,,-0.04997999966,1.60000,
,,,-0.04995999858,1.56000,
,,,-0.04993999749,1.60000,
,,,-0.04992000014,1.60000,
,,,-0.04989999905,1.60000,
,,,-0.04987999797,1.60000,
,,,-0.04985999689,1.60000,
,,,-0.04983999953,1.64000,
,,,-0.04981999844,1.60000,
,,,-0.04979999736,1.56000,
,,,-0.04978000000,1.64000,
,,,-0.04975999892,1.64000,
,,,-0.04973999783,1.60000,
,,,-0.04972000048,1.64000,
,,,-0.04969999939,1.64000,
,,,-0.04967999831,1.60000,
,,,-0.04965999722,1.60000,
,,,-0.04963999987,1.64000,
,,,-0.04961999878,1.60000,
,,,-0.04959999770,1.64000,
,,,-0.04958000034,1.64000,
,,,-0.04955999926,1.64000,
,,,-0.04953999817,1.64000,
,,,-0.04951999709,1.64000,
,,,-0.04949999973,1.64000,
,,,-0.04947999865,1.64000,
,,,-0.04945999756,1.68000,
,,,-0.04944000021,1.64000,
,,,-0.04941999912,1.64000,
,,,-0.04939999804,1.64000,
,,,-0.04937999696,1.64000,
,,,-0.04935999960,1.64000,
,,,-0.04933999851,1.68000,
,,,-0.04931999743,1.64000,
,,,-0.04930000007,1.64000,
,,,-0.04927999899,1.64000,
,,,-0.04925999790,1.64000,
,,,-0.04924000055,1.72000,
,,,-0.04921999946,1.68000,
,,,-0.04919999838,1.72000,
,,,-0.04917999730,1.64000,
,,,-0.04915999994,1.68000,
,,,-0.04913999885,1.68000,
,,,-0.04911999777,1.68000,
,,,-0.04910000041,1.72000,
,,,-0.04907999933,1.68000,
,,,-0.04905999824,1.68000,
,,,-0.04903999716,1.68000,
,,,-0.04901999980,1.72000,
,,,-0.04899999872,1.72000,
,,,-0.04897999763,1.68000,
,,,-0.04896000028,1.72000,
,,,-0.04893999919,1.72000,
,,,-0.04891999811,1.72000,
,,,-0.04889999703,1.72000,
,,,-0.04887999967,1.68000,
,,,-0.04885999858,1.72000,
,,,-0.04883999750,1.72000,
,,,-0.04882000014,1.72000,
,,,-0.04879999906,1.72000,
,,,-0.04877999797,1.72000,
,,,-0.04876000062,1.72000,
,,,-0.04873999953,1.72000,
,,,-0.04871999845,1.76000,
,,,-0.04869999737,1.72000,
,,,-0.04868000001,1.72000,
,,,-0.04865999892,1.72000,
,,,-0.04863999784,1.72000,
,,,-0.04862000048,1.72000,
,,,-0.04859999940,1.72000,
,,,-0.04857999831,1.72000,
,,,-0.04855999723,1.72000,
,,,-0.04853999987,1.72000,
,,,-0.04851999879,1.72000,
,,,-0.04849999771,1.72000,
,,,-0.04848000035,1.76000,
,,,-0.04845999926,1.76000,
,,,-0.04843999818,1.76000,
,,,-0.04841999710,1.76000,
,,,-0.04839999974,1.72000,
,,,-0.04837999865,1.76000,
,,,-0.04835999757,1.76000,
,,,-0.04834000021,1.80000,
,,,-0.04831999913,1.80000,
,,,-0.04829999804,1.76000,
,,,-0.04827999696,1.72000,
,,,-0.04825999960,1.76000,
,,,-0.04823999852,1.76000,
,,,-0.04821999744,1.80000,
,,,-0.04820000008,1.76000,
,,,-0.04817999899,1.80000,
,,,-0.04815999791,1.80000,
,,,-0.04814000055,1.80000,
,,,-0.04811999947,1.76000,
,,,-0.04809999838,1.80000,
,,,-0.04807999730,1.76000,
,,,-0.04805999994,1.80000,
,,,-0.04803999886,1.80000,
,,,-0.04801999778,1.80000,
,,,-0.04800000042,1.80000,
,,,-0.04797999933,1.80000,
,,,-0.04795999825,1.80000,
,,,-0.04793999717,1.80000,
,,,-0.04791999981,1.80000,
,,,-0.04789999872,1.80000,
,,,-0.04787999764,1.80000,
,,,-0.04786000028,1.80000,
,,,-0.04783999920,1.80000,
,,,-0.04781999812,1.80000,
,,,-0.04779999703,1.80000,
,,,-0.04777999967,1.84000,
,,,-0.04775999859,1.84000,
,,,-0.04773999751,1.80000,
,,,-0.04772000015,1.84000,
,,,-0.04769999906,1.80000,
,,,-0.04767999798,1.84000,
,,,-0.04766000062,1.84000,
,,,-0.04763999954,1.84000,
,,,-0.04761999846,1.84000,
,,,-0.04759999737,1.84000,
,,,-0.04758000001,1.84000,
,,,-0.04755999893,1.80000,
,,,-0.04753999785,1.84000,
,,,-0.04752000049,1.88000,
,,,-0.04749999940,1.84000,
,,,-0.04747999832,1.84000,
,,,-0.04745999724,1.88000,
,,,-0.04743999988,1.84000,
,,,-0.04741999879,1.88000,
,,,-0.04739999771,1.88000,
,,,-0.04738000035,1.84000,
,,,-0.04735999927,1.88000,
,,,-0.04733999819,1.88000,
,,,-0.04731999710,1.88000,
,,,-0.04729999974,1.88000,
,,,-0.04727999866,1.88000,
,,,-0.04725999758,1.88000,
,,,-0.04724000022,1.88000,
,,,-0.04721999913,1.88000,
,,,-0.04719999805,1.88000,
,,,-0.04717999697,1.88000,
,,,-0.04715999961,1.88000,
,,,-0.04713999853,1.88000,
,,,-0.04711999744,1.88000,
,,,-0.04710000008,1.88000,
,,,-0.04707999900,1.88000,
,,,-0.04705999792,1.92000,
,,,-0.04704000056,1.92000,
,,,-0.04701999947,1.88000,
,,,-0.04699999839,1.88000,
,,,-0.04697999731,1.88000,
,,,-0.04695999995,1.92000,
,,,-0.04693999887,1.88000,
,,,-0.04691999778,1.88000,
,,,-0.04690000042,1.92000,
,,,-0.04687999934,1.92000,
,,,-0.04685999826,1.96000,
,,,-0.04683999717,1.96000,
,,,-0.04681999981,1.92000,
,,,-0.04679999873,1.92000,
,,,-0.04677999765,1.92000,
,,,-0.04676000029,1.92000,
,,,-0.04673999920,1.96000,
,,,-0.04671999812,1.92000,
,,,-0.04669999704,1.92000,
,,,-0.04667999968,1.92000,
,,,-0.04665999860,1.96000,
,,,-0.04663999751,1.96000,
,,,-0.04662000015,1.88000,
,,,-0.04659999907,1.96000,
,,,-0.04657999799,1.92000,
,,,-0.04656000063,1.92000,
,,,-0.04653999954,1.96000,
,,,-0.04651999846,1.96000,
,,,-0.04649999738,1.96000,
,,,-0.04648000002,1.96000,
,,,-0.04645999894,2.00000,
,,,-0.04643999785,1.96000,
,,,-0.04642000049,1.96000,
,,,-0.04639999941,1.96000,
,,,-0.04637999833,1.96000,
,,,-0.04635999724,1.96000,
,,,-0.04633999988,1.96000,
,,,-0.04631999880,2.00000,
,,,-0.04629999772,1.96000,
,,,-0.04628000036,1.96000,
,,,-0.04625999928,1.96000,
,,,-0.04623999819,2.00000,
,,,-0.04621999711,1.96000,
,,,-0.04619999975,2.00000,
,,,-0.04617999867,1.96000,
,,,-0.04615999758,1.96000,
,,,-0.04614000022,2.00000,
,,,-0.04611999914,1.96000,
,,,-0.04609999806,2.04000,
,,,-0.04608000070,1.96000,
,,,-0.04605999961,2.04000,
,,,-0.04603999853,2.00000,
,,,-0.04601999745,2.00000,
,,,-0.04600000009,2.00000,
,,,-0.04597999901,2.00000,
,,,-0.04595999792,2.04000,
,,,-0.04594000056,2.04000,
,,,-0.04591999948,2.00000,
,,,-0.04589999840,1.96000,
,,,-0.04587999731,2.00000,
,,,-0.04585999995,2.04000,
,,,-0.04583999887,2.04000,
,,,-0.04581999779,2.04000,
,,,-0.04580000043,2.00000,
,,,-0.04577999935,2.04000,
,,,-0.04575999826,2.04000,
,,,-0.04573999718,2.00000,
,,,-0.04571999982,2.04000,
,,,-0.04569999874,2.04000,
,,,-0.04567999765,2.04000,
,,,-0.04566000029,2.00000,
,,,-0.04563999921,2.04000,
,,,-0.04561999813,2.00000,
,,,-0.04559999704,2.04000,
,,,-0.04557999969,2.04000,
,,,-0.04555999860,2.04000,
,,,-0.04553999752,2.04000,
,,,-0.04552000016,2.04000,
,,,-0.04549999908,2.04000,
,,,-0.04547999799,2.08000,
,,,-0.04546000063,2.04000,
,,,-0.04543999955,2.04000,
,,,-0.04541999847,2.04000,
,,,-0.04539999738,2.04000,
,,,-0.04538000003,2.04000,
,,,-0.04535999894,2.04000,
,,,-0.04533999786,2.08000,
,,,-0.04532000050,2.08000,
,,,-0.04529999942,2.08000,
,,,-0.04527999833,2.04000,
,,,-0.04525999725,2.08000,
,,,-0.04523999989,2.08000,
,,,-0.04521999881,2.04000,
,,,-0.04519999772,2.12000,
,,,-0.04518000036,2.08000,
,,,-0.04515999928,2.12000,
,,,-0.04513999820,2.08000,
,,,-0.04511999711,2.12000,
,,,-0.04509999976,2.12000,
,,,-0.04507999867,2.08000,
,,,-0.04505999759,2.08000,
,,,-0.04504000023,2.08000,
,,,-0.04501999915,2.08000,
,,,-0.04499999806,2.12000,
,,,-0.04498000070,2.12000,
,,,-0.04495999962,2.08000,
,,,-0.04493999854,2.12000,
,,,-0.04491999745,2.12000,
,,,-0.04490000010,2.12000,
,,,-0.04487999901,2.12000,
,,,-0.04485999793,2.12000,
,,,-0.04484000057,2.16000,
,,,-0.04481999949,2.12000,
,,,-0.04479999840,2.12000,
,,,-0.04477999732,2.12000,
,,,-0.04475999996,2.12000,
,,,-0.04473999888,2.12000,
,,,-0.04471999779,2.12000,
,,,-0.04470000044,2.16000,
,,,-0.04467999935,2.16000,
,,,-0.04465999827,2.16000,
,,,-0.04463999718,2.16000,
,,,-0.04461999983,2.16000,
,,,-0.04459999874,2.16000,
,,,-0.04457999766,2.16000,
,,,-0.04456000030,2.16000,
,,,-0.04453999922,2.20000,
,,,-0.04451999813,2.20000,
,,,-0.04449999705,2.20000,
,,,-0.04447999969,2.16000,
,,,-0.04445999861,2.20000,
,,,-0.04443999752,2.16000,
,,,-0.04442000017,2.20000,
,,,-0.04439999908,2.20000,
,,,-0.04437999800,2.20000,
,,,-0.04436000064,2.20000,
,,,-0.04433999956,2.20000,
,,,-0.04431999847,2.20000,
,,,-0.04429999739,2.20000,
,,,-0.04428000003,2.20000,
,,,-0.04425999895,2.20000,
,,,-0.04423999786,2.20000,
,,,-0.04422000051,2.20000,
,,,-0.04419999942,2.20000,
,,,-0.04417999834,2.20000,
,,,-0.04415999725,2.20000,
,,,-0.04413999990,2.20000,
,,,-0.04411999881,2.28000,
,,,-0.04409999773,2.20000,
,,,-0.04408000037,2.24000,
,,,-0.04405999929,2.20000,
,,,-0.04403999820,2.20000,
,,,-0.04401999712,2.20000,
,,,-0.04399999976,2.24000,
,,,-0.04397999868,2.28000,
,,,-0.04395999759,2.20000,
,,,-0.04394000024,2.24000,
,,,-0.04391999915,2.24000,
,,,-0.04389999807,2.24000,
,,,-0.04388000071,2.24000,
,,,-0.04385999963,2.28000,
,,,-0.04383999854,2.24000,
,,,-0.04381999746,2.24000,
,,,-0.04380000010,2.28000,
,,,-0.04377999902,2.28000,
,,,-0.04375999793,2.28000,
,,,-0.04374000058,2.28000,
,,,-0.04371999949,2.28000,
,,,-0.04369999841,2.28000,
,,,-0.04367999732,2.28000,
,,,-0.04365999997,2.28000,
,,,-0.04363999888,2.28000,
,,,-0.04361999780,2.28000,
,,,-0.04360000044,2.28000,
,,,-0.04357999936,2.32000,
,,,-0.04355999827,2.28000,
,,,-0.04353999719,2.32000,
,,,-0.04351999983,2.32000,
,,,-0.04349999875,2.32000,
,,,-0.04347999766,2.28000,
,,,-0.04346000031,2.32000,
,,,-0.04343999922,2.36000,
,,,-0.04341999814,2.32000,
,,,-0.04339999706,2.36000,
,,,-0.04337999970,2.28000,
,,,-0.04335999861,2.36000,
,,,-0.04333999753,2.36000,
,,,-0.04332000017,2.32000,
,,,-0.04329999909,2.36000,
,,,-0.04327999800,2.36000,
,,,-0.04326000065,2.36000,
,,,-0.04323999956,2.28000,
,,,-0.04321999848,2.36000,
,,,-0.04319999740,2.36000,
,,,-0.04318000004,2.36000,
,,,-0.04315999895,2.36000,
,,,-0.04313999787,2.36000,
,,,-0.04312000051,2.32000,
,,,-0.04309999943,2.36000,
,,,-0.04307999834,2.36000,
,,,-0.04305999726,2.36000,
,,,-0.04303999990,2.36000,
,,,-0.04301999882,2.36000,
,,,-0.04299999774,2.36000,
,,,-0.04298000038,2.40000,
,,,-0.04295999929,2.36000,
,,,-0.04293999821,2.36000,
,,,-0.04291999713,2.36000,
,,,-0.04289999977,2.36000,
,,,-0.04287999868,2.36000,
,,,-0.04285999760,2.36000,
,,,-0.04284000024,2.40000,
,,,-0.04281999916,2.44000,
,,,-0.04279999807,2.36000,
,,,-0.04278000072,2.40000,
,,,-0.04275999963,2.40000,
,,,-0.04273999855,2.40000,
,,,-0.04271999747,2.40000,
,,,-0.04270000011,2.44000,
,,,-0.04267999902,2.40000,
,,,-0.04265999794,2.44000,
,,,-0.04264000058,2.40000,
,,,-0.04261999950,2.40000,
,,,-0.04259999841,2.44000,
,,,-0.04257999733,2.44000,
,,,-0.04255999997,2.44000,
,,,-0.04253999889,2.44000,
,,,-0.04251999781,2.44000,
,,,-0.04250000045,2.44000,
,,,-0.04247999936,2.44000,
,,,-0.04245999828,2.44000,
,,,-0.04243999720,2.44000,
,,,-0.04241999984,2.44000,
,,,-0.04239999875,2.44000,
,,,-0.04237999767,2.48000,
,,,-0.04236000031,2.48000,
,,,-0.04233999923,2.48000,
,,,-0.04231999815,2.48000,
,,,-0.04230000079,2.48000,
,,,-0.04227999970,2.48000,
,,,-0.04225999862,2.44000,
,,,-0.04223999754,2.48000,
,,,-0.04222000018,2.48000,
,,,-0.04219999909,2.52000,
,,,-0.04217999801,2.52000,
,,,-0.04216000065,2.48000,
,,,-0.04213999957,2.48000,
,,,-0.04211999848,2.48000,
,,,-0.04209999740,2.52000,
,,,-0.04208000004,2.52000,
,,,-0.04205999896,2.52000,
,,,-0.04203999788,2.48000,
,,,-0.04202000052,2.52000,
,,,-0.04199999943,2.52000,
,,,-0.04197999835,2.56000,
,,,-0.04195999727,2.52000,
,,,-0.04193999991,2.52000,
,,,-0.04191999882,2.52000,
,,,-0.04189999774,2.52000,
,,,-0.04188000038,2.52000,
,,,-0.04185999930,2.52000,
,,,-0.04183999822,2.56000,
,,,-0.04181999713,2.56000,
,,,-0.04179999977,2.52000,
,,,-0.04177999869,2.60000,
,,,-0.04175999761,2.56000,
,,,-0.04174000025,2.56000,
,,,-0.04171999916,2.56000,
,,,-0.04169999808,2.56000,
,,,-0.04168000072,2.56000,
,,,-0.04165999964,2.60000,
,,,-0.04163999856,2.60000,
,,,-0.04161999747,2.60000,
,,,-0.04160000011,2.60000,
,,,-0.04157999903,2.56000,
,,,-0.04155999795,2.60000,
,,,-0.04154000059,2.60000,
,,,-0.04151999950,2.60000,
,,,-0.04149999842,2.60000,
,,,-0.04147999734,2.60000,
,,,-0.04145999998,2.60000,
,,,-0.04143999889,2.60000,
,,,-0.04141999781,2.60000,
,,,-0.04140000045,2.60000,
,,,-0.04137999937,2.60000,
,,,-0.04135999829,2.64000,
,,,-0.04133999720,2.64000,
,,,-0.04131999984,2.64000,
,,,-0.04129999876,2.64000,
,,,-0.04127999768,2.64000,
,,,-0.04126000032,2.60000,
,,,-0.04123999923,2.64000,
,,,-0.04121999815,2.68000,
,,,-0.04120000079,2.64000,
,,,-0.04117999971,2.64000,
,,,-0.04115999863,2.64000,
,,,-0.04113999754,2.68000,
,,,-0.04112000018,2.64000,
,,,-0.04109999910,2.68000,
,,,-0.04107999802,2.68000,
,,,-0.04106000066,2.68000,
,,,-0.04103999957,2.68000,
,,,-0.04101999849,2.68000,
,,,-0.04099999741,2.68000,
,,,-0.04098000005,2.68000,
,,,-0.04095999897,2.68000,
,,,-0.04093999788,2.68000,
,,,-0.04092000052,2.68000,
,,,-0.04089999944,2.68000,
,,,-0.04087999836,2.68000,
,,,-0.04085999727,2.68000,
,,,-0.04083999991,2.72000,
,,,-0.04081999883,2.68000,
,,,-0.04079999775,2.68000,
,,,-0.04078000039,2.72000,
,,,-0.04075999931,2.72000,
,,,-0.04073999822,2.72000,
,,,-0.04071999714,2.72000,
,,,-0.04069999978,2.72000,
,,,-0.04067999870,2.76000,
,,,-0.04065999761,2.76000,
,,,-0.04064000025,2.72000,
,,,-0.04061999917,2.76000,
,,,-0.04059999809,2.76000,
,,,-0.04058000073,2.72000,
,,,-0.04055999964,2.76000,
,,,-0.04053999856,2.72000,
,,,-0.04051999748,2.76000,
,,,-0.04050000012,2.76000,
,,,-0.04047999904,2.76000,
,,,-0.04045999795,2.76000,
,,,-0.04044000059,2.76000,
,,,-0.04041999951,2.76000,
,,,-0.04039999843,2.76000,
,,,-0.04037999734,2.76000,
,,,-0.04035999998,2.80000,
,,,-0.04033999890,2.76000,
,,,-0.04031999782,2.76000,
,,,-0.04030000046,2.80000,
,,,-0.04027999938,2.80000,
,,,-0.04025999829,2.80000,
,,,-0.04023999721,2.76000,
,,,-0.04021999985,2.84000,
,,,-0.04019999877,2.84000,
,,,-0.04017999768,2.80000,
,,,-0.04016000032,2.80000,
,,,-0.04013999924,2.80000,
,,,-0.04011999816,2.84000,
,,,-0.04010000080,2.84000,
,,,-0.04007999972,2.84000,
,,,-0.04005999863,2.80000,
,,,-0.04003999755,2.84000,
,,,-0.04002000019,2.84000,
,,,-0.03999999911,2.84000,
,,,-0.03997999802,2.84000,
,,,-0.03996000066,2.84000,
,,,-0.03993999958,2.84000,
,,,-0.03991999850,2.84000,
,,,-0.03989999741,2.84000,
,,,-0.03988000005,2.84000,
,,,-0.03985999897,2.84000,
,,,-0.03983999789,2.88000,
,,,-0.03982000053,2.92000,
,,,-0.03979999945,2.88000,
,,,-0.03977999836,2.88000,
,,,-0.03975999728,2.88000,
,,,-0.03973999992,2.88000,
,,,-0.03971999884,2.88000,
,,,-0.03969999775,2.88000,
,,,-0.03968000039,2.88000,
,,,-0.03965999931,2.92000,
,,,-0.03963999823,2.92000,
,,,-0.03961999714,2.92000,
,,,-0.03959999979,2.92000,
,,,-0.03957999870,2.92000,
,,,-0.03955999762,2.92000,
,,,-0.03954000026,2.92000,
,,,-0.03951999918,2.92000,
,,,-0.03949999809,2.92000,
,,,-0.03948000073,2.96000,
,,,-0.03945999965,2.96000,
,,,-0.03943999857,2.92000,
,,,-0.03941999748,2.92000,
,,,-0.03940000013,2.92000,
,,,-0.03937999904,2.92000,
,,,-0.03935999796,2.92000,
,,,-0.03934000060,2.92000,
,,,-0.03931999952,2.92000,
,,,-0.03929999843,3.00000,
,,,-0.03927999735,2.92000,
,,,-0.03925999999,2.92000,
,,,-0.03923999891,2.92000,
,,,-0.03921999782,3.00000,
,,,-0.03920000046,3.00000,
,,,-0.03917999938,3.00000,
,,,-0.03915999830,3.00000,
,,,-0.03913999721,3.00000,
,,,-0.03911999986,3.00000,
,,,-0.03909999877,3.00000,
,,,-0.03907999769,3.00000,
,,,-0.03906000033,3.00000,
,,,-0.03903999925,3.00000,
,,,-0.03901999816,3.00000,
,,,-0.03900000080,3.00000,
,,,-0.03897999972,3.04000,
,,,-0.03895999864,3.00000,
,,,-0.03893999755,3.04000,
,,,-0.03892000020,3.00000,
,,,-0.03889999911,3.04000,
,,,-0.03887999803,3.04000,
,,,-0.03886000067,3.08000,
,,,-0.03883999959,3.04000,
,,,-0.03881999850,3.08000,
,,,-0.03879999742,3.04000,
,,,-0.03878000006,3.04000,
,,,-0.03875999898,3.04000,
,,,-0.03873999789,3.04000,
,,,-0.03872000054,3.08000,
,,,-0.03869999945,3.08000,
,,,-0.03867999837,3.08000,
,,,-0.03865999728,3.08000,
,,,-0.03863999993,3.08000,
,,,-0.03861999884,3.08000,
,,,-0.03859999776,3.16000,
,,,-0.03858000040,3.08000,
,,,-0.03855999932,3.08000,
,,,-0.03853999823,3.08000,
,,,-0.03852000087,3.08000,
,,,-0.03849999979,3.16000,
,,,-0.03847999871,3.16000,
,,,-0.03845999762,3.16000,
,,,-0.03844000027,3.16000,
,,,-0.03841999918,3.16000,
,,,-0.03839999810,3.16000,
,,,-0.03838000074,3.20000,
,,,-0.03835999966,3.16000,
,,,-0.03833999857,3.20000,
,,,-0.03831999749,3.16000,
,,,-0.03830000013,3.16000,
,,,-0.03827999905,3.20000,
,,,-0.03825999796,3.20000,
,,,-0.03824000061,3.20000,
,,,-0.03821999952,3.20000,
,,,-0.03819999844,3.20000,
,,,-0.03817999735,3.20000,
,,,-0.03816000000,3.20000,
,,,-0.03813999891,3.20000,
,,,-0.03811999783,3.20000,
,,,-0.03810000047,3.20000,
,,,-0.03807999939,3.20000,
,,,-0.03805999830,3.24000,
,,,-0.03803999722,3.24000,
,,,-0.03801999986,3.20000,
,,,-0.03799999878,3.20000,
,,,-0.03797999769,3.20000,
,,,-0.03796000034,3.20000,
,,,-0.03793999925,3.20000,
,,,-0.03791999817,3.20000,
,,,-0.03790000081,3.20000,
,,,-0.03787999973,3.20000,
,,,-0.03785999864,3.20000,
,,,-0.03783999756,3.16000,
,,,-0.03782000020,3.20000,
,,,-0.03779999912,3.20000,
,,,-0.03777999803,3.20000,
,,,-0.03776000068,3.20000,
,,,-0.03773999959,3.16000,
,,,-0.03771999851,3.16000,
,,,-0.03769999743,3.20000,
,,,-0.03768000007,3.16000,
,,,-0.03765999898,3.16000,
,,,-0.03763999790,3.20000,
,,,-0.03762000054,3.16000,
,,,-0.03759999946,3.16000,
,,,-0.03757999837,3.16000,
,,,-0.03755999729,3.16000,
,,,-0.03753999993,3.16000,
,,,-0.03751999885,3.08000,
,,,-0.03749999776,3.16000,
,,,-0.03748000041,3.08000,
,,,-0.03745999932,3.08000,
,,,-0.03743999824,3.08000,
,,,-0.03742000088,3.08000,
,,,-0.03739999980,3.08000,
,,,-0.03737999871,3.08000,
,,,-0.03735999763,3.08000,
,,,-0.03734000027,3.08000,
,,,-0.03731999919,3.08000,
,,,-0.03729999810,3.04000,
,,,-0.03728000075,3.04000,
,,,-0.03725999966,3.08000,
,,,-0.03723999858,3.08000,
,,,-0.03721999750,3.04000,
,,,-0.03720000014,3.04000,
,,,-0.03717999905,3.04000,
,,,-0.03715999797,3.04000,
,,,-0.03714000061,3.04000,
,,,-0.03711999953,3.00000,
,,,-0.03709999844,3.00000,
,,,-0.03707999736,3.00000,
,,,-0.03706000000,3.00000,
,,,-0.03703999892,3.00000,
,,,-0.03701999784,3.00000,
,,,-0.03700000048,3.00000,
,,,-0.03697999939,2.96000,
,,,-0.03695999831,3.00000,
,,,-0.03693999723,3.00000,
,,,-0.03691999987,3.00000,
,,,-0.03689999878,2.96000,
,,,-0.03687999770,2.96000,
,,,-0.03686000034,3.00000,
,,,-0.03683999926,2.96000,
,,,-0.03681999817,2.96000,
,,,-0.03680000082,3.00000,
,,,-0.03677999973,2.92000,
,,,-0.03675999865,3.00000,
,,,-0.03673999757,3.00000,
,,,-0.03672000021,2.96000,
,,,-0.03669999912,2.92000,
,,,-0.03667999804,2.96000,
,,,-0.03666000068,2.96000,
,,,-0.03663999960,2.96000,
,,,-0.03661999851,2.92000,
,,,-0.03659999743,2.96000,
,,,-0.03658000007,2.96000,
,,,-0.03655999899,2.92000,
,,,-0.03653999791,2.92000,
,,,-0.03652000055,2.92000,
,,,-0.03649999946,2.92000,
,,,-0.03647999838,2.92000,
,,,-0.03645999730,2.92000,
,,,-0.03643999994,2.92000,
,,,-0.03641999885,2.92000,
,,,-0.03639999777,2.92000,
,,,-0.03638000041,2.88000,
,,,-0.03635999933,2.92000,
,,,-0.03633999825,2.88000,
,,,-0.03632000089,2.88000,
,,,-0.03629999980,2.92000,
,,,-0.03627999872,2.88000,
,,,-0.03625999764,2.92000,
,,,-0.03624000028,2.88000,
,,,-0.03621999919,2.88000,
,,,-0.03619999811,2.84000,
,,,-0.03618000075,2.88000,
,,,-0.03615999967,2.88000,
,,,-0.03613999858,2.84000,
,,,-0.03611999750,2.88000,
,,,-0.03610000014,2.84000,
,,,-0.03607999906,2.84000,
,,,-0.03605999798,2.84000,
,,,-0.03604000062,2.84000,
,,,-0.03601999953,2.84000,
,,,-0.03599999845,2.84000,
,,,-0.03597999737,2.84000,
,,,-0.03596000001,2.84000,
,,,-0.03593999892,2.84000,
,,,-0.03591999784,2.84000,
,,,-0.03590000048,2.84000,
,,,-0.03587999940,2.84000,
,,,-0.03585999832,2.84000,
,,,-0.03583999723,2.84000,
,,,-0.03581999987,2.84000,
,,,-0.03579999879,2.80000,
,,,-0.03577999771,2.84000,
,,,-0.03576000035,2.80000,
,,,-0.03573999926,2.80000,
,,,-0.03571999818,2.76000,
,,,-0.03570000082,2.80000,
,,,-0.03567999974,2.76000,
,,,-0.03565999866,2.80000,
,,,-0.03563999757,2.84000,
,,,-0.03562000021,2.76000,
,,,-0.03559999913,2.76000,
,,,-0.03557999805,2.76000,
,,,-0.03556000069,2.76000,
,,,-0.03553999960,2.76000,
,,,-0.03551999852,2.80000,
,,,-0.03549999744,2.76000,
,,,-0.03548000008,2.76000,
,,,-0.03545999900,2.76000,
,,,-0.03543999791,2.72000,
,,,-0.03542000055,2.76000,
,,,-0.03539999947,2.76000,
,,,-0.03537999839,2.76000,
,,,-0.03535999730,2.72000,
,,,-0.03533999994,2.72000,
,,,-0.03531999886,2.72000,
,,,-0.03529999778,2.68000,
,,,-0.03528000042,2.72000,
,,,-0.03525999933,2.76000,
,,,-0.03523999825,2.72000,
,,,-0.03522000089,2.68000,
,,,-0.03519999981,2.72000,
,,,-0.03517999873,2.72000,
,,,-0.03515999764,2.72000,
,,,-0.03514000028,2.72000,
,,,-0.03511999920,2.72000,
,,,-0.03509999812,2.68000,
,,,-0.03508000076,2.68000,
,,,-0.03505999967,2.68000,
,,,-0.03503999859,2.68000,
,,,-0.03501999751,2.68000,
,,,-0.03500000015,2.68000,
,,,-0.03497999907,2.68000,
,,,-0.03495999798,2.68000,
,,,-0.03494000062,2.68000,
,,,-0.03491999954,2.68000,
,,,-0.03489999846,2.68000,
,,,-0.03487999737,2.68000,
,,,-0.03486000001,2.68000,
,,,-0.03483999893,2.68000,
,,,-0.03481999785,2.64000,
,,,-0.03480000049,2.64000,
,,,-0.03477999941,2.68000,
,,,-0.03475999832,2.64000,
,,,-0.03474000096,2.64000,
,,,-0.03471999988,2.60000,
,,,-0.03469999880,2.64000,
,,,-0.03467999771,2.64000,
,,,-0.03466000035,2.64000,
,,,-0.03463999927,2.64000,
,,,-0.03461999819,2.64000,
,,,-0.03460000083,2.60000,
,,,-0.03457999974,2.60000,
,,,-0.03455999866,2.60000,
,,,-0.03453999758,2.60000,
,,,-0.03452000022,2.60000,
,,,-0.03449999914,2.64000,
,,,-0.03447999805,2.60000,
,,,-0.03446000069,2.56000,
,,,-0.03443999961,2.64000,
,,,-0.03441999853,2.60000,
,,,-0.03439999744,2.60000,
,,,-0.03438000008,2.60000,
,,,-0.03435999900,2.60000,
,,,-0.03433999792,2.56000,
,,,-0.03432000056,2.56000,
,,,-0.03429999948,2.56000,
,,,-0.03427999839,2.56000,
,,,-0.03425999731,2.56000,
,,,-0.03423999995,2.56000,
,,,-0.03421999887,2.56000,
,,,-0.03419999778,2.56000,
,,,-0.03418000042,2.52000,
,,,-0.03415999934,2.52000,
,,,-0.03413999826,2.56000,
,,,-0.03412000090,2.60000,
,,,-0.03409999982,2.52000,
,,,-0.03407999873,2.52000,
,,,-0.03405999765,2.52000,
,,,-0.03404000029,2.52000,
,,,-0.03401999921,2.52000,
,,,-0.03399999812,2.52000,
,,,-0.03398000076,2.56000,
,,,-0.03395999968,2.52000,
,,,-0.03393999860,2.52000,
,,,-0.03391999751,2.52000,
,,,-0.03390000015,2.52000,
,,,-0.03387999907,2.52000,
,,,-0.03385999799,2.52000,
,,,-0.03384000063,2.52000,
,,,-0.03381999955,2.48000,
,,,-0.03379999846,2.52000,
,,,-0.03377999738,2.48000,
,,,-0.03376000002,2.48000,
,,,-0.03373999894,2.52000,
,,,-0.03371999785,2.48000,
,,,-0.03370000049,2.48000,
,,,-0.03367999941,2.48000,
,,,-0.03365999833,2.48000,
,,,-0.03364000097,2.48000,
,,,-0.03361999989,2.48000,
,,,-0.03359999880,2.48000,
,,,-0.03357999772,2.48000,
,,,-0.03356000036,2.48000,
,,,-0.03353999928,2.44000,
,,,-0.03351999819,2.44000,
,,,-0.03350000083,2.44000,
,,,-0.03347999975,2.48000,
,,,-0.03345999867,2.44000,
,,,-0.03343999758,2.48000,
,,,-0.03342000023,2.44000,
,,,-0.03339999914,2.44000,
,,,-0.03337999806,2.44000,
,,,-0.03336000070,2.44000,
,,,-0.03333999962,2.40000,
,,,-0.03331999853,2.44000,
,,,-0.03329999745,2.40000,
,,,-0.03328000009,2.44000,
,,,-0.03325999901,2.40000,
,,,-0.03323999792,2.44000,
,,,-0.03322000057,2.40000,
,,,-0.03319999948,2.44000,
,,,-0.03317999840,2.40000,
,,,-0.03315999731,2.40000,
,,,-0.03313999996,2.40000,
,,,-0.03311999887,2.40000,
,,,-0.03309999779,2.40000,
,,,-0.03308000043,2.36000,
,,,-0.03305999935,2.36000,
,,,-0.03303999826,2.36000,
,,,-0.03302000090,2.36000,
,,,-0.03299999982,2.40000,
,,,-0.03297999874,2.40000,
,,,-0.03295999765,2.36000,
,,,-0.03294000030,2.40000,
,,,-0.03291999921,2.36000,
,,,-0.03289999813,2.36000,
,,,-0.03288000077,2.36000,
,,,-0.03285999969,2.36000,
,,,-0.03283999860,2.36000,
,,,-0.03281999752,2.36000,
,,,-0.03280000016,2.36000,
,,,-0.03277999908,2.36000,
,,,-0.03275999799,2.36000,
,,,-0.03274000064,2.36000,
,,,-0.03271999955,2.32000,
,,,-0.03269999847,2.36000,
,,,-0.03267999738,2.36000,
,,,-0.03266000003,2.32000,
,,,-0.03263999894,2.36000,
,,,-0.03261999786,2.36000,
,,,-0.03260000050,2.36000,
,,,-0.03257999942,2.32000,
,,,-0.03255999833,2.32000,
,,,-0.03254000098,2.32000,
,,,-0.03251999989,2.36000,
,,,-0.03249999881,2.36000,
,,,-0.03247999772,2.32000,
,,,-0.03246000037,2.28000,
,,,-0.03243999928,2.28000,
,,,-0.03241999820,2.28000,
,,,-0.03240000084,2.28000,
,,,-0.03237999976,2.32000,
,,,-0.03235999867,2.32000,
,,,-0.03233999759,2.28000,
,,,-0.03232000023,2.28000,
,,,-0.03229999915,2.32000,
,,,-0.03227999806,2.28000,
,,,-0.03226000071,2.28000,
,,,-0.03223999962,2.28000,
,,,-0.03221999854,2.28000,
,,,-0.03219999745,2.28000,
,,,-0.03218000010,2.24000,
,,,-0.03215999901,2.28000,
,,,-0.03213999793,2.28000,
,,,-0.03212000057,2.24000,
,,,-0.03209999949,2.24000,
,,,-0.03207999840,2.24000,
,,,-0.03206000105,2.20000,
,,,-0.03203999996,2.24000,
,,,-0.03201999888,2.24000,
,,,-0.03199999779,2.24000,
,,,-0.03198000044,2.24000,
,,,-0.03195999935,2.24000,
,,,-0.03193999827,2.24000,
,,,-0.03192000091,2.24000,
,,,-0.03189999983,2.24000,
,,,-0.03187999874,2.20000,
,,,-0.03185999766,2.24000,
,,,-0.03184000030,2.20000,
,,,-0.03181999922,2.20000,
,,,-0.03179999813,2.20000,
,,,-0.03178000078,2.20000,
,,,-0.03175999969,2.20000,
,,,-0.03173999861,2.20000,
,,,-0.03171999753,2.20000,
,,,-0.03170000017,2.20000,
,,,-0.03167999908,2.20000,
,,,-0.03165999800,2.20000,
,,,-0.03164000064,2.20000,
,,,-0.03161999956,2.20000,
,,,-0.03159999847,2.20000,
,,,-0.03157999739,2.16000,
,,,-0.03156000003,2.16000,
,,,-0.03153999895,2.20000,
,,,-0.03151999786,2.20000,
,,,-0.03150000051,2.20000,
,,,-0.03147999942,2.20000,
,,,-0.03145999834,2.16000,
,,,-0.03144000098,2.20000,
,,,-0.03141999990,2.20000,
,,,-0.03139999881,2.20000,
,,,-0.03137999773,2.16000,
,,,-0.03136000037,2.16000,
,,,-0.03133999929,2.16000,
,,,-0.03131999820,2.16000,
,,,-0.03130000085,2.12000,
,,,-0.03127999976,2.12000,
,,,-0.03125999868,2.16000,
,,,-0.03123999946,2.16000,
,,,-0.03121999837,2.12000,
,,,-0.03119999915,2.12000,
,,,-0.03117999993,2.12000,
,,,-0.03115999885,2.12000,
,,,-0.03113999963,2.16000,
,,,-0.03111999854,2.12000,
,,,-0.03109999932,2.12000,
,,,-0.03108000010,2.12000,
,,,-0.03105999902,2.12000,
,,,-0.03103999980,2.12000,
,,,-0.03101999871,2.12000,
,,,-0.03099999949,2.12000,
,,,-0.03097999841,2.12000,
,,,-0.03095999919,2.12000,
,,,-0.03093999997,2.12000,
,,,-0.03091999888,2.12000,
,,,-0.03089999966,2.12000,
,,,-0.03087999858,2.08000,
,,,-0.03085999936,2.08000,
,,,-0.03084000014,2.12000,
,,,-0.03081999905,2.08000,
,,,-0.03079999983,2.12000,
,,,-0.03077999875,2.04000,
,,,-0.03075999953,2.08000,
,,,-0.03073999844,2.08000,
,,,-0.03071999922,2.08000,
,,,-0.03070000000,2.08000,
,,,-0.03067999892,2.04000,
,,,-0.03065999970,2.04000,
,,,-0.03063999861,2.08000,
,,,-0.03061999939,2.04000,
,,,-0.03059999831,2.04000,
,,,-0.03057999909,2.08000,
,,,-0.03055999987,2.08000,
,,,-0.03053999878,2.04000,
,,,-0.03051999956,2.04000,
,,,-0.03049999848,2.04000,
,,,-0.03047999926,2.04000,
,,,-0.03046000004,2.04000,
,,,-0.03043999895,2.04000,
,,,-0.03041999973,2.04000,
,,,-0.03039999865,2.04000,
,,,-0.03037999943,2.04000,
,,,-0.03035999835,2.04000,
,,,-0.03033999912,2.04000,
,,,-0.03031999990,2.04000,
,,,-0.03029999882,2.04000,
,,,-0.03027999960,2.04000,
,,,-0.03025999852,2.00000,
,,,-0.03023999929,2.04000,
,,,-0.03022000007,2.04000,
,,,-0.03019999899,2.04000,
,,,-0.03017999977,2.04000,
,,,-0.03015999869,2.00000,
,,,-0.03013999946,2.04000,
,,,-0.03011999838,2.04000,
,,,-0.03009999916,2.00000,
,,,-0.03007999994,2.00000,
,,,-0.03005999885,2.04000,
,,,-0.03003999963,2.00000,
,,,-0.03001999855,2.00000,
,,,-0.02999999933,2.00000,
,,,-0.02998000011,2.00000,
,,,-0.02995999902,2.04000,
,,,-0.02993999980,2.00000,
,,,-0.02991999872,2.00000,
,,,-0.02989999950,1.96000,
,,,-0.02987999842,2.00000,
,,,-0.02985999919,2.00000,
,,,-0.02983999997,1.96000,
,,,-0.02981999889,1.96000,
,,,-0.02979999967,2.00000,
,,,-0.02977999859,2.00000,
,,,-0.02975999936,2.00000,
,,,-0.02974000014,1.96000,
,,,-0.02971999906,1.96000,
,,,-0.02969999984,1.96000,
,,,-0.02967999876,1.96000,
,,,-0.02965999953,1.96000,
,,,-0.02963999845,1.96000,
,,,-0.02961999923,2.00000,
,,,-0.02960000001,1.96000,
,,,-0.02957999893,1.92000,
,,,-0.02955999970,1.96000,
,,,-0.02953999862,1.96000,
,,,-0.02951999940,1.96000,
,,,-0.02950000018,1.96000,
,,,-0.02947999910,1.96000,
,,,-0.02945999987,1.96000,
,,,-0.02943999879,1.96000,
,,,-0.02941999957,1.92000,
,,,-0.02939999849,1.92000,
,,,-0.02937999927,1.96000,
,,,-0.02936000004,1.92000,
,,,-0.02933999896,1.92000,
,,,-0.02931999974,1.96000,
,,,-0.02929999866,1.92000,
,,,-0.02927999943,1.92000,
,,,-0.02925999835,1.92000,
,,,-0.02923999913,1.96000,
,,,-0.02921999991,1.92000,
,,,-0.02919999883,1.92000,
,,,-0.02917999960,1.88000,
,,,-0.02915999852,1.92000,
,,,-0.02913999930,1.92000,
,,,-0.02912000008,1.92000,
,,,-0.02909999900,1.92000,
,,,-0.02907999977,1.88000,
,,,-0.02905999869,1.88000,
,,,-0.02903999947,1.88000,
,,,-0.02901999839,1.88000,
,,,-0.02899999917,1.88000,
,,,-0.02897999994,1.88000,
,,,-0.02895999886,1.88000,
,,,-0.02893999964,1.88000,
,,,-0.02891999856,1.88000,
,,,-0.02889999934,1.88000,
,,,-0.02888000011,1.88000,
,,,-0.02885999903,1.88000,
,,,-0.02883999981,1.84000,
,,,-0.02881999873,1.88000,
,,,-0.02879999951,1.88000,
,,,-0.02877999842,1.88000,
,,,-0.02875999920,1.88000,
,,,-0.02873999998,1.88000,
,,,-0.02871999890,1.84000,
,,,-0.02869999968,1.84000,
,,,-0.02867999859,1.84000,
,,,-0.02865999937,1.84000,
,,,-0.02864000015,1.88000,
,,,-0.02861999907,1.88000,
,,,-0.02859999985,1.88000,
,,,-0.02857999876,1.84000,
,,,-0.02855999954,1.88000,
,,,-0.02853999846,1.88000,
,,,-0.02851999924,1.84000,
,,,-0.02850000001,1.84000,
,,,-0.02847999893,1.84000,
,,,-0.02845999971,1.84000,
,,,-0.02843999863,1.84000,
,,,-0.02841999941,1.88000,
,,,-0.02840000018,1.84000,
,,,-0.02837999910,1.84000,
,,,-0.02835999988,1.84000,
,,,-0.02833999880,1.80000,
,,,-0.02831999958,1.84000,
,,,-0.02829999849,1.80000,
,,,-0.02827999927,1.80000,
,,,-0.02826000005,1.84000,
,,,-0.02823999897,1.84000,
,,,-0.02821999975,1.80000,
,,,-0.02819999866,1.80000,
,,,-0.02817999944,1.80000,
,,,-0.02815999836,1.84000,
,,,-0.02813999914,1.80000,
,,,-0.02811999992,1.80000,
,,,-0.02809999883,1.80000,
,,,-0.02807999961,1.80000,
,,,-0.02805999853,1.80000,
,,,-0.02803999931,1.84000,
,,,-0.02802000009,1.80000,
,,,-0.02799999900,1.76000,
,,,-0.02797999978,1.80000,
,,,-0.02795999870,1.76000,
,,,-0.02793999948,1.76000,
,,,-0.02791999839,1.80000,
,,,-0.02789999917,1.76000,
,,,-0.02787999995,1.80000,
,,,-0.02785999887,1.80000,
,,,-0.02783999965,1.76000,
,,,-0.02781999856,1.76000,
,,,-0.02779999934,1.80000,
,,,-0.02778000012,1.76000,
,,,-0.02775999904,1.80000,
,,,-0.02773999982,1.80000,
,,,-0.02771999873,1.76000,
,,,-0.02769999951,1.72000,
,,,-0.02767999843,1.76000,
,,,-0.02765999921,1.76000,
,,,-0.02763999999,1.72000,
,,,-0.02761999890,1.76000,
,,,-0.02759999968,1.76000,
,,,-0.02757999860,1.72000,
,,,-0.02755999938,1.72000,
,,,-0.02754000016,1.76000,
,,,-0.02751999907,1.72000,
,,,-0.02749999985,1.72000,
,,,-0.02747999877,1.72000,
,,,-0.02745999955,1.72000,
,,,-0.02743999846,1.72000,
,,,-0.02741999924,1.72000,
,,,-0.02740000002,1.72000,
,,,-0.02737999894,1.72000,
,,,-0.02735999972,1.72000,
,,,-0.02733999863,1.72000,
,,,-0.02731999941,1.72000,
,,,-0.02730000019,1.72000,
,,,-0.02727999911,1.72000,
,,,-0.02725999989,1.72000,
,,,-0.02723999880,1.72000,
,,,-0.02721999958,1.72000,
,,,-0.02719999850,1.72000,
,,,-0.02717999928,1.72000,
,,,-0.02716000006,1.72000,
,,,-0.02713999897,1.68000,
,,,-0.02711999975,1.72000,
,,,-0.02709999867,1.68000,
,,,-0.02707999945,1.68000,
,,,-0.02706000023,1.72000,
,,,-0.02703999914,1.72000,
,,,-0.02701999992,1.68000,
,,,-0.02699999884,1.72000,
,,,-0.02697999962,1.72000,
,,,-0.02695999853,1.68000,
,,,-0.02693999931,1.64000,
,,,-0.02692000009,1.72000,
,,,-0.02689999901,1.72000,
,,,-0.02687999979,1.64000,
,,,-0.02685999870,1.68000,
,,,-0.02683999948,1.68000,
,,,-0.02681999840,1.68000,
,,,-0.02679999918,1.68000,
,,,-0.02677999996,1.68000,
,,,-0.02675999887,1.68000,
,,,-0.02673999965,1.64000,
,,,-0.02671999857,1.64000,
,,,-0.02669999935,1.68000,
,,,-0.02668000013,1.64000,
,,,-0.02665999904,1.72000,
,,,-0.02663999982,1.64000,
,,,-0.02661999874,1.68000,
,,,-0.02659999952,1.68000,
,,,-0.02657999843,1.64000,
,,,-0.02655999921,1.60000,
,,,-0.02653999999,1.64000,
,,,-0.02651999891,1.64000,
,,,-0.02649999969,1.64000,
,,,-0.02647999860,1.64000,
,,,-0.02645999938,1.60000,
,,,-0.02644000016,1.60000,
,,,-0.02641999908,1.64000,
,,,-0.02639999986,1.64000,
,,,-0.02637999877,1.64000,
,,,-0.02635999955,1.64000,
,,,-0.02633999847,1.60000,
,,,-0.02631999925,1.64000,
,,,-0.02630000003,1.64000,
,,,-0.02627999894,1.64000,
,,,-0.02625999972,1.60000,
,,,-0.02623999864,1.60000,
,,,-0.02621999942,1.60000,
,,,-0.02620000020,1.60000,
,,,-0.02617999911,1.60000,
,,,-0.02615999989,1.60000,
,,,-0.02613999881,1.60000,
,,,-0.02611999959,1.60000,
,,,-0.02609999850,1.60000,
,,,-0.02607999928,1.56000,
,,,-0.02606000006,1.56000,
,,,-0.02603999898,1.60000,
,,,-0.02601999976,1.60000,
,,,-0.02599999867,1.56000,
,,,-0.02597999945,1.56000,
,,,-0.02596000023,1.56000,
,,,-0.02593999915,1.56000,
,,,-0.02591999993,1.56000,
,,,-0.02589999884,1.56000,
,,,-0.02587999962,1.56000,
,,,-0.02585999854,1.56000,
,,,-0.02583999932,1.56000,
,,,-0.02582000010,1.56000,
,,,-0.02579999901,1.56000,
,,,-0.02577999979,1.56000,
,,,-0.02575999871,1.56000,
,,,-0.02573999949,1.56000,
,,,-0.02572000027,1.52000,
,,,-0.02569999918,1.56000,
,,,-0.02567999996,1.56000,
,,,-0.02565999888,1.56000,
,,,-0.02563999966,1.56000,
,,,-0.02561999857,1.56000,
,,,-0.02559999935,1.56000,
,,,-0.02558000013,1.56000,
,,,-0.02555999905,1.56000,
,,,-0.02553999983,1.56000,
,,,-0.02551999874,1.56000,
,,,-0.02549999952,1.56000,
,,,-0.02547999844,1.56000,
,,,-0.02545999922,1.56000,
,,,-0.02544000000,1.52000,
,,,-0.02541999891,1.52000,
,,,-0.02539999969,1.56000,
,,,-0.02537999861,1.56000,
,,,-0.02535999939,1.52000,
,,,-0.02534000017,1.48000,
,,,-0.02531999908,1.52000,
,,,-0.02529999986,1.52000,
,,,-0.02527999878,1.48000,
,,,-0.02525999956,1.52000,
,,,-0.02523999847,1.52000,
,,,-0.02521999925,1.48000,
,,,-0.02520000003,1.48000,
,,,-0.02517999895,1.48000,
,,,-0.02515999973,1.48000,
,,,-0.02513999864,1.48000,
,,,-0.02511999942,1.48000,
,,,-0.02510000020,1.52000,
,,,-0.02507999912,1.44000,
,,,-0.02505999990,1.48000,
,,,-0.02503999881,1.48000,
,,,-0.02501999959,1.48000,
,,,-0.02499999851,1.48000,
,,,-0.02497999929,1.48000,
,,,-0.02496000007,1.48000,
,,,-0.02493999898,1.48000,
,,,-0.02491999976,1.48000,
,,,-0.02489999868,1.48000,
,,,-0.02487999946,1.48000,
,,,-0.02486000024,1.48000,
,,,-0.02483999915,1.48000,
,,,-0.02481999993,1.44000,
,,,-0.02479999885,1.44000,
,,,-0.02477999963,1.48000,
,,,-0.02475999855,1.44000,
,,,-0.02473999932,1.44000,
,,,-0.02472000010,1.40000,
,,,-0.02469999902,1.44000,
,,,-0.02467999980,1.44000,
,,,-0.02465999871,1.44000,
,,,-0.02463999949,1.44000,
,,,-0.02462000027,1.48000,
,,,-0.02459999919,1.44000,
,,,-0.02457999997,1.40000,
,,,-0.02455999888,1.40000,
,,,-0.02453999966,1.44000,
,,,-0.02451999858,1.40000,
,,,-0.02449999936,1.44000,
,,,-0.02448000014,1.40000,
,,,-0.02445999905,1.40000,
,,,-0.02443999983,1.40000,
,,,-0.02441999875,1.40000,
,,,-0.02439999953,1.40000,
,,,-0.02438000031,1.40000,
,,,-0.02435999922,1.40000,
,,,-0.02434000000,1.40000,
,,,-0.02431999892,1.40000,
,,,-0.02429999970,1.40000,
,,,-0.02427999862,1.40000,
,,,-0.02425999939,1.40000,
,,,-0.02424000017,1.40000,
,,,-0.02421999909,1.40000,
,,,-0.02419999987,1.40000,
,,,-0.02417999879,1.40000,
,,,-0.02415999956,1.36000,
,,,-0.02413999848,1.36000,
,,,-0.02411999926,1.36000,
,,,-0.02410000004,1.32000,
,,,-0.02407999896,1.40000,
,,,-0.02405999973,1.36000,
,,,-0.02403999865,1.36000,
,,,-0.02401999943,1.40000,
,,,-0.02400000021,1.40000,
,,,-0.02397999913,1.40000,
,,,-0.02395999990,1.32000,
,,,-0.02393999882,1.36000,
,,,-0.02391999960,1.36000,
,,,-0.02389999852,1.36000,
,,,-0.02387999929,1.40000,
,,,-0.02386000007,1.32000,
,,,-0.02383999899,1.36000,
,,,-0.02381999977,1.36000,
,,,-0.02379999869,1.32000,
,,,-0.02377999946,1.32000,
,,,-0.02376000024,1.36000,
,,,-0.02373999916,1.36000,
,,,-0.02371999994,1.32000,
,,,-0.02369999886,1.32000,
,,,-0.02367999963,1.32000,
,,,-0.02365999855,1.32000,
,,,-0.02363999933,1.32000,
,,,-0.02362000011,1.32000,
,,,-0.02359999903,1.32000,
,,,-0.02357999980,1.32000,
,,,-0.02355999872,1.32000,
,,,-0.02353999950,1.32000,
,,,-0.02352000028,1.32000,
,,,-0.02349999920,1.32000,
,,,-0.02347999997,1.32000,
,,,-0.02345999889,1.28000,
,,,-0.02343999967,1.32000,
,,,-0.02341999859,1.32000,
,,,-0.02339999937,1.32000,
,,,-0.02338000014,1.32000,
,,,-0.02335999906,1.32000,
,,,-0.02333999984,1.28000,
,,,-0.02331999876,1.28000,
,,,-0.02329999954,1.28000,
,,,-0.02328000031,1.28000,
,,,-0.02325999923,1.32000,
,,,-0.02324000001,1.28000,
,,,-0.02321999893,1.28000,
,,,-0.02319999970,1.28000,
,,,-0.02317999862,1.24000,
,,,-0.02315999940,1.24000,
,,,-0.02314000018,1.24000,
,,,-0.02311999910,1.28000,
,,,-0.02309999987,1.24000,
,,,-0.02307999879,1.28000,
,,,-0.02305999957,1.28000,
,,,-0.02304000035,1.28000,
,,,-0.02301999927,1.24000,
,,,-0.02300000004,1.24000,
,,,-0.02297999896,1.24000,
,,,-0.02295999974,1.24000,
,,,-0.02293999866,1.24000,
,,,-0.02291999944,1.24000,
,,,-0.02290000021,1.24000,
,,,-0.02287999913,1.24000,
,,,-0.02285999991,1.24000,
,,,-0.02283999883,1.24000,
,,,-0.02281999961,1.24000,
,,,-0.02279999852,1.24000,
,,,-0.02277999930,1.24000,
,,,-0.02276000008,1.24000,
,,,-0.02273999900,1.24000,
,,,-0.02271999978,1.20000,
,,,-0.02269999869,1.20000,
,,,-0.02267999947,1.24000,
,,,-0.02266000025,1.24000,
,,,-0.02263999917,1.24000,
,,,-0.02261999995,1.24000,
,,,-0.02259999886,1.24000,
,,,-0.02257999964,1.20000,
,,,-0.02255999856,1.24000,
,,,-0.02253999934,1.24000,
,,,-0.02252000012,1.20000,
,,,-0.02249999903,1.20000,
,,,-0.02247999981,1.20000,
,,,-0.02245999873,1.20000,
,,,-0.02243999951,1.20000,
,,,-0.02242000028,1.20000,
,,,-0.02239999920,1.20000,
,,,-0.02237999998,1.20000,
,,,-0.02235999890,1.20000,
,,,-0.02233999968,1.20000,
,,,-0.02231999859,1.20000,
,,,-0.02229999937,1.16000,
,,,-0.02228000015,1.16000,
,,,-0.02225999907,1.16000,
,,,-0.02223999985,1.16000,
,,,-0.02221999876,1.16000,
,,,-0.02219999954,1.16000,
,,,-0.02218000032,1.16000,
,,,-0.02215999924,1.16000,
,,,-0.02214000002,1.16000,
,,,-0.02211999893,1.20000,
,,,-0.02209999971,1.16000,
,,,-0.02207999863,1.16000,
,,,-0.02205999941,1.16000,
,,,-0.02204000019,1.12000,
,,,-0.02201999910,1.16000,
,,,-0.02199999988,1.16000,
,,,-0.02197999880,1.16000,
,,,-0.02195999958,1.16000,
,,,-0.02194000036,1.12000,
,,,-0.02191999927,1.12000,
,,,-0.02190000005,1.16000,
,,,-0.02187999897,1.12000,
,,,-0.02185999975,1.16000,
,,,-0.02183999866,1.16000,
,,,-0.02181999944,1.12000,
,,,-0.02180000022,1.12000,
,,,-0.02177999914,1.12000,
,,,-0.02175999992,1.12000,
,,,-0.02173999883,1.12000,
,,,-0.02171999961,1.12000,
,,,-0.02169999853,1.12000,
,,,-0.02167999931,1.12000,
,,,-0.02166000009,1.08000,
,,,-0.02163999900,1.08000,
,,,-0.02161999978,1.08000,
,,,-0.02159999870,1.08000,
,,,-0.02157999948,1.08000,
,,,-0.02156000026,1.08000,
,,,-0.02153999917,1.08000,
,,,-0.02151999995,1.08000,
,,,-0.02149999887,1.08000,
,,,-0.02147999965,1.08000,
,,,-0.02145999856,1.08000,
,,,-0.02143999934,1.08000,
,,,-0.02142000012,1.08000,
,,,-0.02139999904,1.08000,
,,,-0.02137999982,1.08000,
,,,-0.02135999873,1.08000,
,,,-0.02133999951,1.08000,
,,,-0.02132000029,1.08000,
,,,-0.02129999921,1.08000,
,,,-0.02127999999,1.08000,
,,,-0.02125999890,1.08000,
,,,-0.02123999968,1.08000,
,,,-0.02121999860,1.08000,
,,,-0.02119999938,1.00000,
,,,-0.02118000016,1.00000,
,,,-0.02115999907,1.00000,
,,,-0.02113999985,1.08000,
,,,-0.02111999877,1.08000,
,,,-0.02109999955,1.08000,
,,,-0.02108000033,1.08000,
,,,-0.02105999924,1.00000,
,,,-0.02104000002,1.00000,
,,,-0.02101999894,1.08000,
,,,-0.02099999972,1.08000,
,,,-0.02097999863,1.00000,
,,,-0.02095999941,1.00000,
,,,-0.02094000019,1.00000,
,,,-0.02091999911,1.00000,
,,,-0.02089999989,1.00000,
,,,-0.02087999880,1.00000,
,,,-0.02085999958,1.08000,
,,,-0.02084000036,1.00000,
,,,-0.02081999928,0.96000,
,,,-0.02080000006,0.96000,
,,,-0.02077999897,0.96000,
,,,-0.02075999975,1.00000,
,,,-0.02073999867,1.00000,
,,,-0.02071999945,1.00000,
,,,-0.02070000023,0.96000,
,,,-0.02067999914,0.96000,
,,,-0.02065999992,0.96000,
,,,-0.02063999884,0.96000,
,,,-0.02061999962,0.96000,
,,,-0.02060000040,0.96000,
,,,-0.02057999931,0.96000,
,,,-0.02056000009,0.96000,
,,,-0.02053999901,0.96000,
,,,-0.02051999979,0.96000,
,,,-0.02049999870,0.96000,
,,,-0.02047999948,0.96000,
,,,-0.02046000026,0.92000,
,,,-0.02043999918,0.92000,
,,,-0.02041999996,0.96000,
,,,-0.02039999887,0.92000,
,,,-0.02037999965,0.96000,
,,,-0.02035999857,0.96000,
,,,-0.02033999935,0.92000,
,,,-0.02032000013,0.92000,
,,,-0.02029999904,0.92000,
,,,-0.02027999982,0.92000,
,,,-0.02025999874,0.96000,
,,,-0.02023999952,0.92000,
,,,-0.02022000030,0.92000,
,,,-0.02019999921,0.92000,
,,,-0.02017999999,0.88000,
,,,-0.02015999891,0.88000,
,,,-0.02013999969,0.88000,
,,,-0.02011999860,0.88000,
,,,-0.02009999938,0.88000,
,,,-0.02008000016,0.88000,
,,,-0.02005999908,0.88000,
,,,-0.02003999986,0.88000,
,,,-0.02001999877,0.88000,
,,,-0.01999999955,0.88000,
,,,-0.01998000033,0.88000,
,,,-0.01995999925,0.92000,
,,,-0.01994000003,0.88000,
,,,-0.01991999894,0.88000,
,,,-0.01989999972,0.88000,
,,,-0.01987999864,0.88000,
,,,-0.01985999942,0.88000,
,,,-0.01984000020,0.88000,
,,,-0.01981999911,0.88000,
,,,-0.01979999989,0.88000,
,,,-0.01977999881,0.88000,
,,,-0.01975999959,0.88000,
,,,-0.01974000037,0.88000,
,,,-0.01971999928,0.88000,
,,,-0.01970000006,0.88000,
,,,-0.01967999898,0.84000,
,,,-0.01965999976,0.88000,
,,,-0.01963999867,0.88000,
,,,-0.01961999945,0.88000,
,,,-0.01960000023,0.84000,
,,,-0.01957999915,0.88000,
,,,-0.01955999993,0.84000,
,,,-0.01953999884,0.84000,
,,,-0.01951999962,0.88000,
,,,-0.01950000040,0.84000,
,,,-0.01947999932,0.84000,
,,,-0.01946000010,0.84000,
,,,-0.01943999901,0.84000,
,,,-0.01941999979,0.84000,
,,,-0.01939999871,0.88000,
,,,-0.01937999949,0.84000,
,,,-0.01936000027,0.84000,
,,,-0.01933999918,0.80000,
,,,-0.01931999996,0.84000,
,,,-0.01929999888,0.80000,
,,,-0.01927999966,0.80000,
,,,-0.01926000044,0.84000,
,,,-0.01923999935,0.84000,
,,,-0.01922000013,0.80000,
,,,-0.01919999905,0.80000,
,,,-0.01917999983,0.80000,
,,,-0.01915999874,0.80000,
,,,-0.01913999952,0.80000,
,,,-0.01912000030,0.84000,
,,,-0.01909999922,0.80000,
,,,-0.01908000000,0.84000,
,,,-0.01905999891,0.80000,
,,,-0.01903999969,0.80000,
,,,-0.01901999861,0.80000,
,,,-0.01899999939,0.76000,
,,,-0.01898000017,0.76000,
,,,-0.01895999908,0.80000,
,,,-0.01893999986,0.80000,
,,,-0.01891999878,0.80000,
,,,-0.01889999956,0.80000,
,,,-0.01888000034,0.80000,
,,,-0.01885999925,0.80000,
,,,-0.01884000003,0.76000,
,,,-0.01881999895,0.80000,
,,,-0.01879999973,0.76000,
,,,-0.01877999865,0.80000,
,,,-0.01875999942,0.80000,
,,,-0.01874000020,0.76000,
,,,-0.01871999912,0.76000,
,,,-0.01869999990,0.76000,
,,,-0.01867999882,0.72000,
,,,-0.01865999959,0.72000,
,,,-0.01864000037,0.76000,
,,,-0.01861999929,0.76000,
,,,-0.01860000007,0.76000,
,,,-0.01857999898,0.72000,
,,,-0.01855999976,0.72000,
,,,-0.01853999868,0.72000,
,,,-0.01851999946,0.72000,
,,,-0.01850000024,0.72000,
,,,-0.01847999915,0.72000,
,,,-0.01845999993,0.72000,
,,,-0.01843999885,0.72000,
,,,-0.01841999963,0.72000,
,,,-0.01840000041,0.72000,
,,,-0.01837999932,0.72000,
,,,-0.01836000010,0.72000,
,,,-0.01833999902,0.72000,
,,,-0.01831999980,0.72000,
,,,-0.01829999872,0.72000,
,,,-0.01827999949,0.72000,
,,,-0.01826000027,0.68000,
,,,-0.01823999919,0.72000,
,,,-0.01821999997,0.72000,
,,,-0.01819999889,0.72000,
,,,-0.01817999966,0.72000,
,,,-0.01816000044,0.72000,
,,,-0.01813999936,0.72000,
,,,-0.01812000014,0.72000,
,,,-0.01809999906,0.68000,
,,,-0.01807999983,0.72000,
,,,-0.01805999875,0.72000,
,,,-0.01803999953,0.72000,
,,,-0.01802000031,0.72000,
,,,-0.01799999923,0.68000,
,,,-0.01798000000,0.68000,
,,,-0.01795999892,0.72000,
,,,-0.01793999970,0.72000,
,,,-0.01791999862,0.72000,
,,,-0.01789999940,0.68000,
,,,-0.01788000017,0.68000,
,,,-0.01785999909,0.68000,
,,,-0.01783999987,0.68000,
,,,-0.01781999879,0.68000,
,,,-0.01779999956,0.64000,
,,,-0.01778000034,0.64000,
,,,-0.01775999926,0.64000,
,,,-0.01774000004,0.64000,
,,,-0.01771999896,0.64000,
,,,-0.01769999973,0.64000,
,,,-0.01767999865,0.64000,
,,,-0.01765999943,0.64000,
,,,-0.01764000021,0.64000,
,,,-0.01761999913,0.64000,
,,,-0.01759999990,0.68000,
,,,-0.01757999882,0.68000,
,,,-0.01755999960,0.64000,
,,,-0.01754000038,0.64000,
,,,-0.01751999930,0.64000,
,,,-0.01750000007,0.68000,
,,,-0.01747999899,0.64000,
,,,-0.01745999977,0.64000,
,,,-0.01743999869,0.64000,
,,,-0.01741999947,0.60000,
,,,-0.01740000024,0.64000,
,,,-0.01737999916,0.60000,
,,,-0.01735999994,0.60000,
,,,-0.01733999886,0.64000,
,,,-0.01731999964,0.60000,
,,,-0.01730000041,0.64000,
,,,-0.01727999933,0.60000,
,,,-0.01726000011,0.60000,
,,,-0.01723999903,0.60000,
,,,-0.01721999981,0.60000,
,,,-0.01719999872,0.60000,
,,,-0.01717999950,0.60000,
,,,-0.01716000028,0.60000,
,,,-0.01713999920,0.56000,
,,,-0.01711999997,0.56000,
,,,-0.01709999889,0.60000,
,,,-0.01707999967,0.60000,
,,,-0.01706000045,0.56000,
,,,-0.01703999937,0.56000,
,,,-0.01702000014,0.56000,
,,,-0.01699999906,0.56000,
,,,-0.01697999984,0.56000,
,,,-0.01695999876,0.56000,
,,,-0.01693999954,0.56000,
,,,-0.01692000031,0.56000,
,,,-0.01689999923,0.56000,
,,,-0.01688000001,0.56000,
,,,-0.01685999893,0.56000,
,,,-0.01683999971,0.56000,
,,,-0.01682000048,0.56000,
,,,-0.01679999940,0.56000,
,,,-0.01678000018,0.56000,
,,,-0.01675999910,0.56000,
,,,-0.01673999988,0.56000,
,,,-0.01671999879,0.56000,
,,,-0.01669999957,0.56000,
,,,-0.01668000035,0.56000,
,,,-0.01665999927,0.56000,
,,,-0.01664000005,0.56000,
,,,-0.01661999896,0.56000,
,,,-0.01659999974,0.56000,
,,,-0.01657999866,0.52000,
,,,-0.01655999944,0.52000,
,,,-0.01654000022,0.52000,
,,,-0.01651999913,0.52000,
,,,-0.01649999991,0.52000,
,,,-0.01647999883,0.52000,
,,,-0.01645999961,0.52000,
,,,-0.01644000039,0.52000,
,,,-0.01641999930,0.52000,
,,,-0.01640000008,0.52000,
,,,-0.01637999900,0.52000,
,,,-0.01635999978,0.52000,
,,,-0.01633999869,0.52000,
,,,-0.01631999947,0.52000,
,,,-0.01630000025,0.48000,
,,,-0.01627999917,0.48000,
,,,-0.01625999995,0.48000,
,,,-0.01623999886,0.48000,
,,,-0.01621999964,0.48000,
,,,-0.01620000042,0.48000,
,,,-0.01617999934,0.48000,
,,,-0.01616000012,0.48000,
,,,-0.01613999903,0.48000,
,,,-0.01611999981,0.48000,
,,,-0.01609999873,0.48000,
,,,-0.01607999951,0.48000,
,,,-0.01606000029,0.44000,
,,,-0.01603999920,0.48000,
,,,-0.01601999998,0.44000,
,,,-0.01599999890,0.48000,
,,,-0.01597999968,0.48000,
,,,-0.01596000046,0.44000,
,,,-0.01593999937,0.48000,
,,,-0.01592000015,0.44000,
,,,-0.01589999907,0.44000,
,,,-0.01587999985,0.44000,
,,,-0.01585999876,0.44000,
,,,-0.01583999954,0.44000,
,,,-0.01582000032,0.44000,
,,,-0.01579999924,0.44000,
,,,-0.01578000002,0.44000,
,,,-0.01575999893,0.40000,
,,,-0.01573999971,0.44000,
,,,-0.01572000049,0.44000,
,,,-0.01569999941,0.40000,
,,,-0.01568000019,0.44000,
,,,-0.01565999910,0.44000,
,,,-0.01563999988,0.40000,
,,,-0.01561999973,0.40000,
,,,-0.01559999958,0.40000,
,,,-0.01557999942,0.44000,
,,,-0.01555999927,0.40000,
,,,-0.01554000005,0.40000,
,,,-0.01551999990,0.40000,
,,,-0.01549999975,0.40000,
,,,-0.01547999959,0.40000,
,,,-0.01545999944,0.40000,
,,,-0.01543999929,0.40000,
,,,-0.01542000007,0.40000,
,,,-0.01539999992,0.40000,
,,,-0.01537999976,0.40000,
,,,-0.01535999961,0.40000,
,,,-0.01533999946,0.40000,
,,,-0.01531999931,0.40000,
,,,-0.01529999916,0.40000,
,,,-0.01527999993,0.40000,
,,,-0.01525999978,0.36000,
,,,-0.01523999963,0.36000,
,,,-0.01521999948,0.36000,
,,,-0.01519999932,0.40000,
,,,-0.01517999917,0.36000,
,,,-0.01515999995,0.32000,
,,,-0.01513999980,0.36000,
,,,-0.01511999965,0.36000,
,,,-0.01509999949,0.36000,
,,,-0.01507999934,0.32000,
,,,-0.01505999919,0.32000,
,,,-0.01503999997,0.32000,
,,,-0.01501999982,0.32000,
,,,-0.01499999966,0.36000,
,,,-0.01497999951,0.32000,
,,,-0.01495999936,0.32000,
,,,-0.01493999921,0.32000,
,,,-0.01491999999,0.32000,
,,,-0.01489999983,0.32000,
,,,-0.01487999968,0.32000,
,,,-0.01485999953,0.32000,
,,,-0.01483999938,0.32000,
,,,-0.01481999923,0.32000,
,,,-0.01480000000,0.32000,
,,,-0.01477999985,0.28000,
,,,-0.01475999970,0.32000,
,,,-0.01473999955,0.32000,
,,,-0.01471999940,0.28000,
,,,-0.01469999924,0.28000,
,,,-0.01468000002,0.32000,
,,,-0.01465999987,0.28000,
,,,-0.01463999972,0.32000,
,,,-0.01461999957,0.28000,
,,,-0.01459999941,0.32000,
,,,-0.01457999926,0.28000,
,,,-0.01456000004,0.32000,
,,,-0.01453999989,0.28000,
,,,-0.01451999974,0.32000,
,,,-0.01449999958,0.28000,
,,,-0.01447999943,0.28000,
,,,-0.01445999928,0.28000,
,,,-0.01444000006,0.28000,
,,,-0.01441999990,0.28000,
,,,-0.01439999975,0.24000,
,,,-0.01437999960,0.28000,
,,,-0.01435999945,0.24000,
,,,-0.01433999930,0.24000,
,,,-0.01432000007,0.24000,
,,,-0.01429999992,0.28000,
,,,-0.01427999977,0.28000,
,,,-0.01425999962,0.24000,
,,,-0.01423999947,0.24000,
,,,-0.01421999931,0.28000,
,,,-0.01420000009,0.24000,
,,,-0.01417999994,0.24000,
,,,-0.01415999979,0.24000,
,,,-0.01413999964,0.24000,
,,,-0.01411999948,0.24000,
,,,-0.01409999933,0.24000,
,,,-0.01407999918,0.24000,
,,,-0.01405999996,0.24000,
,,,-0.01403999981,0.24000,
,,,-0.01401999965,0.24000,
,,,-0.01399999950,0.24000,
,,,-0.01397999935,0.24000,
,,,-0.01395999920,0.24000,
,,,-0.01393999998,0.24000,
,,,-0.01391999982,0.24000,
,,,-0.01389999967,0.24000,
,,,-0.01387999952,0.24000,
,,,-0.01385999937,0.24000,
,,,-0.01383999921,0.24000,
,,,-0.01381999999,0.24000,
,,,-0.01379999984,0.24000,
,,,-0.01377999969,0.20000,
,,,-0.01375999954,0.24000,
,,,-0.01373999938,0.20000,
,,,-0.01371999923,0.20000,
,,,-0.01370000001,0.24000,
,,,-0.01367999986,0.20000,
,,,-0.01365999971,0.24000,
,,,-0.01363999955,0.16000,
,,,-0.01361999940,0.20000,
,,,-0.01359999925,0.20000,
,,,-0.01358000003,0.20000,
,,,-0.01355999988,0.20000,
,,,-0.01353999972,0.24000,
,,,-0.01351999957,0.20000,
,,,-0.01349999942,0.20000,
,,,-0.01347999927,0.16000,
,,,-0.01346000005,0.20000,
,,,-0.01343999989,0.20000,
,,,-0.01341999974,0.20000,
,,,-0.01339999959,0.16000,
,,,-0.01337999944,0.16000,
,,,-0.01335999928,0.20000,
,,,-0.01334000006,0.16000,
,,,-0.01331999991,0.16000,
,,,-0.01329999976,0.16000,
,,,-0.01327999961,0.16000,
,,,-0.01325999945,0.16000,
,,,-0.01323999930,0.20000,
,,,-0.01322000008,0.16000,
,,,-0.01319999993,0.16000,
,,,-0.01317999978,0.16000,
,,,-0.01315999962,0.16000,
,,,-0.01313999947,0.16000,
,,,-0.01311999932,0.16000,
,,,-0.01310000010,0.16000,
,,,-0.01307999995,0.12000,
,,,-0.01305999979,0.16000,
,,,-0.01303999964,0.16000,
,,,-0.01301999949,0.16000,
,,,-0.01299999934,0.20000,
,,,-0.01298000012,0.16000,
,,,-0.01295999996,0.16000,
,,,-0.01293999981,0.16000,
,,,-0.01291999966,0.20000,
,,,-0.01289999951,0.16000,
,,,-0.01287999935,0.20000,
,,,-0.01286000013,0.16000,
,,,-0.01283999998,0.16000,
,,,-0.01281999983,0.20000,
,,,-0.01279999968,0.16000,
,,,-0.01277999952,0.20000,
,,,-0.01275999937,0.16000,
,,,-0.01273999922,0.20000,
,,,-0.01272000000,0.20000,
,,,-0.01269999985,0.20000,
,,,-0.01267999969,0.16000,
,,,-0.01265999954,0.20000,
,,,-0.01263999939,0.20000,
,,,-0.01261999924,0.16000,
,,,-0.01260000002,0.24000,
,,,-0.01257999986,0.24000,
,,,-0.01255999971,0.24000,
,,,-0.01253999956,0.20000,
,,,-0.01251999941,0.20000,
,,,-0.01249999925,0.24000,
,,,-0.01248000003,0.24000,
,,,-0.01245999988,0.20000,
,,,-0.01243999973,0.20000,
,,,-0.01241999958,0.20000,
,,,-0.01239999942,0.24000,
,,,-0.01237999927,0.24000,
,,,-0.01236000005,0.24000,
,,,-0.01233999990,0.24000,
,,,-0.01231999975,0.20000,
,,,-0.01229999959,0.20000,
,,,-0.01227999944,0.24000,
,,,-0.01225999929,0.24000,
,,,-0.01224000007,0.24000,
,,,-0.01221999992,0.24000,
,,,-0.01219999976,0.24000,
,,,-0.01217999961,0.24000,
,,,-0.01215999946,0.24000,
,,,-0.01213999931,0.24000,
,,,-0.01212000009,0.24000,
,,,-0.01209999993,0.24000,
,,,-0.01207999978,0.24000,
,,,-0.01205999963,0.24000,
,,,-0.01203999948,0.24000,
,,,-0.01201999933,0.24000,
,,,-0.01200000010,0.24000,
,,,-0.01197999995,0.24000,
,,,-0.01195999980,0.24000,
,,,-0.01193999965,0.24000,
,,,-0.01191999950,0.24000,
,,,-0.01189999934,0.24000,
,,,-0.01188000012,0.24000,
,,,-0.01185999997,0.28000,
,,,-0.01183999982,0.28000,
,,,-0.01181999967,0.24000,
,,,-0.01179999951,0.24000,
,,,-0.01177999936,0.28000,
,,,-0.01176000014,0.28000,
,,,-0.01173999999,0.24000,
,,,-0.01171999983,0.28000,
,,,-0.01169999968,0.28000,
,,,-0.01167999953,0.24000,
,,,-0.01165999938,0.28000,
,,,-0.01164000016,0.32000,
,,,-0.01162000000,0.32000,
,,,-0.01159999985,0.24000,
,,,-0.01157999970,0.28000,
,,,-0.01155999955,0.28000,
,,,-0.01153999940,0.28000,
,,,-0.01152000017,0.28000,
,,,-0.01150000002,0.32000,
,,,-0.01147999987,0.32000,
,,,-0.01145999972,0.28000,
,,,-0.01143999957,0.24000,
,,,-0.01141999941,0.32000,
,,,-0.01139999926,0.32000,
,,,-0.01138000004,0.32000,
,,,-0.01135999989,0.32000,
,,,-0.01133999974,0.32000,
,,,-0.01131999958,0.28000,
,,,-0.01129999943,0.32000,
,,,-0.01127999928,0.32000,
,,,-0.01126000006,0.32000,
,,,-0.01123999991,0.36000,
,,,-0.01121999975,0.32000,
,,,-0.01119999960,0.32000,
,,,-0.01117999945,0.32000,
,,,-0.01115999930,0.32000,
,,,-0.01114000008,0.36000,
,,,-0.01111999992,0.32000,
,,,-0.01109999977,0.36000,
,,,-0.01107999962,0.36000,
,,,-0.01105999947,0.36000,
,,,-0.01103999931,0.32000,
,,,-0.01102000009,0.32000,
,,,-0.01099999994,0.36000,
,,,-0.01097999979,0.36000,
,,,-0.01095999964,0.36000,
,,,-0.01093999948,0.36000,
,,,-0.01091999933,0.36000,
,,,-0.01090000011,0.40000,
,,,-0.01087999996,0.40000,
,,,-0.01085999981,0.36000,
,,,-0.01083999965,0.40000,
,,,-0.01081999950,0.40000,
,,,-0.01079999935,0.40000,
,,,-0.01078000013,0.40000,
,,,-0.01075999998,0.40000,
,,,-0.01073999982,0.40000,
,,,-0.01071999967,0.40000,
,,,-0.01069999952,0.40000,
,,,-0.01067999937,0.36000,
,,,-0.01066000015,0.40000,
,,,-0.01063999999,0.36000,
,,,-0.01061999984,0.40000,
,,,-0.01059999969,0.40000,
,,,-0.01057999954,0.40000,
,,,-0.01055999938,0.40000,
,,,-0.01054000016,0.40000,
,,,-0.01052000001,0.40000,
,,,-0.01049999986,0.40000,
,,,-0.01047999971,0.40000,
,,,-0.01045999955,0.40000,
,,,-0.01043999940,0.40000,
,,,-0.01042000018,0.44000,
,,,-0.01040000003,0.40000,
,,,-0.01037999988,0.44000,
,,,-0.01035999972,0.44000,
,,,-0.01033999957,0.44000,
,,,-0.01031999942,0.40000,
,,,-0.01030000020,0.40000,
,,,-0.01028000005,0.40000,
,,,-0.01025999989,0.44000,
,,,-0.01023999974,0.44000,
,,,-0.01021999959,0.44000,
,,,-0.01019999944,0.44000,
,,,-0.01017999928,0.44000,
,,,-0.01016000006,0.44000,
,,,-0.01013999991,0.44000,
,,,-0.01011999976,0.48000,
,,,-0.01009999961,0.44000,
,,,-0.01007999945,0.48000,
,,,-0.01005999930,0.44000,
,,,-0.01004000008,0.48000,
,,,-0.01001999993,0.48000,
,,,-0.00999999978,0.48000,
,,,-0.00997999962,0.48000,
,,,-0.00995999947,0.48000,
,,,-0.00993999932,0.48000,
,,,-0.00992000010,0.48000,
,,,-0.00989999995,0.48000,
,,,-0.00987999979,0.48000,
,,,-0.00985999964,0.48000,
,,,-0.00983999949,0.48000,
,,,-0.00981999934,0.48000,
,,,-0.00980000012,0.48000,
,,,-0.00977999996,0.52000,
,,,-0.00975999981,0.48000,
,,,-0.00973999966,0.48000,
,,,-0.00971999951,0.48000,
,,,-0.00969999935,0.52000,
,,,-0.00968000013,0.48000,
,,,-0.00965999998,0.52000,
,,,-0.00963999983,0.52000,
,,,-0.00961999968,0.52000,
,,,-0.00959999952,0.52000,
,,,-0.00957999937,0.52000,
,,,-0.00956000015,0.56000,
,,,-0.00954000000,0.48000,
,,,-0.00951999985,0.56000,
,,,-0.00949999969,0.52000,
,,,-0.00947999954,0.56000,
,,,-0.00945999939,0.56000,
,,,-0.00944000017,0.52000,
,,,-0.00942000002,0.52000,
,,,-0.00939999986,0.56000,
,,,-0.00937999971,0.56000,
,,,-0.00935999956,0.56000,
,,,-0.00933999941,0.56000,
,,,-0.00932000019,0.52000,
,,,-0.00930000003,0.56000,
,,,-0.00927999988,0.56000,
,,,-0.00925999973,0.56000,
,,,-0.00923999958,0.56000,
,,,-0.00921999943,0.56000,
,,,-0.00920000020,0.56000,
,,,-0.00918000005,0.56000,
,,,-0.00915999990,0.56000,
,,,-0.00913999975,0.56000,
,,,-0.00911999959,0.56000,
,,,-0.00909999944,0.56000,
,,,-0.00908000022,0.56000,
,,,-0.00906000007,0.56000,
,,,-0.00903999992,0.56000,
,,,-0.00901999976,0.56000,
,,,-0.00899999961,0.60000,
,,,-0.00897999946,0.56000,
,,,-0.00895999931,0.60000,
,,,-0.00894000009,0.56000,
,,,-0.00891999993,0.56000,
,,,-0.00889999978,0.60000,
,,,-0.00887999963,0.56000,
,,,-0.00885999948,0.60000,
,,,-0.00883999933,0.56000,
,,,-0.00882000010,0.56000,
,,,-0.00879999995,0.56000,
,,,-0.00877999980,0.60000,
,,,-0.00875999965,0.60000,
,,,-0.00873999950,0.64000,
,,,-0.00871999934,0.60000,
,,,-0.00870000012,0.56000,
,,,-0.00867999997,0.60000,
,,,-0.00865999982,0.60000,
,,,-0.00863999967,0.64000,
,,,-0.00861999951,0.60000,
,,,-0.00859999936,0.64000,
,,,-0.00858000014,0.64000,
,,,-0.00855999999,0.60000,
,,,-0.00853999984,0.64000,
,,,-0.00851999968,0.64000,
,,,-0.00849999953,0.60000,
,,,-0.00847999938,0.64000,
,,,-0.00846000016,0.68000,
,,,-0.00844000001,0.64000,
,,,-0.00841999985,0.68000,
,,,-0.00839999970,0.68000,
,,,-0.00837999955,0.64000,
,,,-0.00835999940,0.68000,
,,,-0.00834000017,0.64000,
,,,-0.00832000002,0.64000,
,,,-0.00829999987,0.64000,
,,,-0.00827999972,0.68000,
,,,-0.00825999957,0.72000,
,,,-0.00823999941,0.68000,
,,,-0.00822000019,0.68000,
,,,-0.00820000004,0.68000,
,,,-0.00817999989,0.64000,
,,,-0.00815999974,0.68000,
,,,-0.00813999958,0.68000,
,,,-0.00811999943,0.72000,
,,,-0.00810000021,0.72000,
,,,-0.00808000006,0.68000,
,,,-0.00805999991,0.72000,
,,,-0.00803999975,0.68000,
,,,-0.00801999960,0.72000,
,,,-0.00799999945,0.72000,
,,,-0.00798000023,0.72000,
,,,-0.00796000008,0.72000,
,,,-0.00793999992,0.72000,
,,,-0.00791999977,0.72000,
,,,-0.00789999962,0.72000,
,,,-0.00787999947,0.72000,
,,,-0.00786000025,0.72000,
,,,-0.00784000009,0.72000,
,,,-0.00781999994,0.72000,
,,,-0.00779999979,0.68000,
,,,-0.00777999964,0.72000,
,,,-0.00775999995,0.72000,
,,,-0.00773999980,0.72000,
,,,-0.00771999964,0.72000,
,,,-0.00769999996,0.72000,
,,,-0.00767999981,0.72000,
,,,-0.00765999965,0.72000,
,,,-0.00763999997,0.76000,
,,,-0.00761999981,0.72000,
,,,-0.00759999966,0.72000,
,,,-0.00757999998,0.72000,
,,,-0.00755999982,0.76000,
,,,-0.00753999967,0.72000,
,,,-0.00751999998,0.76000,
,,,-0.00749999983,0.72000,
,,,-0.00747999968,0.72000,
,,,-0.00745999999,0.76000,
,,,-0.00743999984,0.76000,
,,,-0.00741999969,0.76000,
,,,-0.00740000000,0.76000,
,,,-0.00737999985,0.76000,
,,,-0.00735999970,0.76000,
,,,-0.00734000001,0.80000,
,,,-0.00731999986,0.76000,
,,,-0.00729999971,0.80000,
,,,-0.00728000002,0.80000,
,,,-0.00725999987,0.80000,
,,,-0.00723999972,0.76000,
,,,-0.00722000003,0.80000,
,,,-0.00719999988,0.80000,
,,,-0.00717999972,0.76000,
,,,-0.00716000004,0.80000,
,,,-0.00713999989,0.80000,
,,,-0.00711999973,0.80000,
,,,-0.00710000005,0.80000,
,,,-0.00707999989,0.80000,
,,,-0.00705999974,0.80000,
,,,-0.00703999959,0.84000,
,,,-0.00701999990,0.80000,
,,,-0.00699999975,0.80000,
,,,-0.00697999960,0.80000,
,,,-0.00695999991,0.84000,
,,,-0.00693999976,0.80000,
,,,-0.00691999961,0.80000,
,,,-0.00689999992,0.84000,
,,,-0.00687999977,0.84000,
,,,-0.00685999962,0.84000,
,,,-0.00683999993,0.84000,
,,,-0.00681999978,0.80000,
,,,-0.00679999962,0.84000,
,,,-0.00677999994,0.88000,
,,,-0.00675999979,0.84000,
,,,-0.00673999963,0.88000,
,,,-0.00671999995,0.84000,
,,,-0.00669999979,0.84000,
,,,-0.00667999964,0.88000,
,,,-0.00665999996,0.84000,
,,,-0.00663999980,0.88000,
,,,-0.00661999965,0.84000,
,,,-0.00659999996,0.88000,
,,,-0.00657999981,0.88000,
,,,-0.00655999966,0.88000,
,,,-0.00653999997,0.88000,
,,,-0.00651999982,0.88000,
,,,-0.00649999967,0.88000,
,,,-0.00647999998,0.88000,
,,,-0.00645999983,0.88000,
,,,-0.00643999968,0.84000,
,,,-0.00641999999,0.88000,
,,,-0.00639999984,0.88000,
,,,-0.00637999969,0.88000,
,,,-0.00636000000,0.88000,
,,,-0.00633999985,0.88000,
,,,-0.00631999969,0.88000,
,,,-0.00630000001,0.84000,
,,,-0.00627999986,0.88000,
,,,-0.00625999970,0.88000,
,,,-0.00624000002,0.88000,
,,,-0.00621999986,0.88000,
,,,-0.00619999971,0.88000,
,,,-0.00618000003,0.88000,
,,,-0.00615999987,0.88000,
,,,-0.00613999972,0.88000,
,,,-0.00612000003,0.88000,
,,,-0.00609999988,0.88000,
,,,-0.00607999973,0.88000,
,,,-0.00606000004,0.88000,
,,,-0.00603999989,0.88000,
,,,-0.00601999974,0.92000,
,,,-0.00600000005,0.92000,
,,,-0.00597999990,0.92000,
,,,-0.00595999975,0.88000,
,,,-0.00594000006,0.88000,
,,,-0.00591999991,0.88000,
,,,-0.00589999976,0.92000,
,,,-0.00588000007,0.92000,
,,,-0.00585999992,0.92000,
,,,-0.00583999977,0.92000,
,,,-0.00582000008,0.88000,
,,,-0.00579999993,0.88000,
,,,-0.00577999977,0.96000,
,,,-0.00576000009,0.96000,
,,,-0.00573999994,0.96000,
,,,-0.00571999978,0.96000,
,,,-0.00569999963,0.96000,
,,,-0.00567999994,0.96000,
,,,-0.00565999979,0.92000,
,,,-0.00563999964,0.96000,
,,,-0.00561999995,0.96000,
,,,-0.00559999980,0.96000,
,,,-0.00557999965,1.00000,
,,,-0.00555999996,0.96000,
,,,-0.00553999981,0.96000,
,,,-0.00551999966,0.96000,
,,,-0.00549999997,0.96000,
,,,-0.00547999982,1.00000,
,,,-0.00545999967,1.00000,
,,,-0.00543999998,0.96000,
,,,-0.00541999983,0.96000,
,,,-0.00539999967,0.96000,
,,,-0.00537999999,1.00000,
,,,-0.00535999984,0.96000,
,,,-0.00533999968,0.96000,
,,,-0.00532000000,0.96000,
,,,-0.00529999984,1.00000,
,,,-0.00527999969,0.96000,
,,,-0.00526000001,1.00000,
,,,-0.00523999985,1.00000,
,,,-0.00521999970,1.00000,
,,,-0.00520000001,0.96000,
,,,-0.00517999986,1.08000,
,,,-0.00515999971,1.00000,
,,,-0.00514000002,1.00000,
,,,-0.00511999987,1.00000,
,,,-0.00509999972,1.08000,
,,,-0.00508000003,1.00000,
,,,-0.00505999988,1.00000,
,,,-0.00503999973,1.00000,
,,,-0.00502000004,1.08000,
,,,-0.00499999989,1.00000,
,,,-0.00497999974,1.08000,
,,,-0.00496000005,1.08000,
,,,-0.00493999990,1.00000,
,,,-0.00491999974,1.08000,
,,,-0.00490000006,1.08000,
,,,-0.00487999991,1.08000,
,,,-0.00485999975,1.08000,
,,,-0.00484000007,1.08000,
,,,-0.00481999991,1.08000,
,,,-0.00479999976,1.08000,
,,,-0.00478000008,1.08000,
,,,-0.00475999992,1.08000,
,,,-0.00473999977,1.08000,
,,,-0.00472000008,1.08000,
,,,-0.00469999993,1.08000,
,,,-0.00467999978,1.08000,
,,,-0.00466000009,1.08000,
,,,-0.00463999994,1.08000,
,,,-0.00461999979,1.08000,
,,,-0.00460000010,1.08000,
,,,-0.00457999995,1.08000,
,,,-0.00455999980,1.08000,
,,,-0.00454000011,1.08000,
,,,-0.00451999996,1.08000,
,,,-0.00449999981,1.12000,
,,,-0.00447999965,1.12000,
,,,-0.00445999997,1.12000,
,,,-0.00443999982,1.08000,
,,,-0.00441999966,1.12000,
,,,-0.00439999998,1.12000,
,,,-0.00437999982,1.12000,
,,,-0.00435999967,1.12000,
,,,-0.00433999998,1.16000,
,,,-0.00431999983,1.12000,
,,,-0.00429999968,1.16000,
,,,-0.00427999999,1.12000,
,,,-0.00425999984,1.16000,
,,,-0.00423999969,1.12000,
,,,-0.00422000000,1.16000,
,,,-0.00419999985,1.16000,
,,,-0.00417999970,1.16000,
,,,-0.00416000001,1.16000,
,,,-0.00413999986,1.16000,
,,,-0.00411999971,1.20000,
,,,-0.00410000002,1.16000,
,,,-0.00407999987,1.16000,
,,,-0.00405999972,1.16000,
,,,-0.00404000003,1.16000,
,,,-0.00401999988,1.16000,
,,,-0.00399999972,1.20000,
,,,-0.00398000004,1.20000,
,,,-0.00395999989,1.20000,
,,,-0.00393999973,1.16000,
,,,-0.00392000005,1.20000,
,,,-0.00389999989,1.16000,
,,,-0.00387999997,1.16000,
,,,-0.00385999982,1.16000,
,,,-0.00383999990,1.20000,
,,,-0.00381999998,1.20000,
,,,-0.00379999983,1.20000,
,,,-0.00377999991,1.20000,
,,,-0.00375999999,1.20000,
,,,-0.00373999984,1.20000,
,,,-0.00371999992,1.20000,
,,,-0.00370000000,1.20000,
,,,-0.00367999985,1.24000,
,,,-0.00365999993,1.24000,
,,,-0.00364000001,1.20000,
,,,-0.00361999986,1.24000,
,,,-0.00359999994,1.20000,
,,,-0.00358000002,1.20000,
,,,-0.00355999987,1.24000,
,,,-0.00353999995,1.20000,
,,,-0.00351999979,1.24000,
,,,-0.00349999988,1.24000,
,,,-0.00347999996,1.20000,
,,,-0.00345999980,1.24000,
,,,-0.00343999988,1.24000,
,,,-0.00341999996,1.24000,
,,,-0.00339999981,1.24000,
,,,-0.00337999989,1.24000,
,,,-0.00335999997,1.24000,
,,,-0.00333999982,1.24000,
,,,-0.00331999990,1.24000,
,,,-0.00329999998,1.24000,
,,,-0.00327999983,1.24000,
,,,-0.00325999991,1.24000,
,,,-0.00323999999,1.24000,
,,,-0.00321999984,1.24000,
,,,-0.00319999992,1.24000,
,,,-0.00318000000,1.24000,
,,,-0.00315999985,1.24000,
,,,-0.00313999993,1.24000,
,,,-0.00312000001,1.24000,
,,,-0.00309999986,1.24000,
,,,-0.00307999994,1.28000,
,,,-0.00306000002,1.24000,
,,,-0.00303999986,1.28000,
,,,-0.00301999995,1.28000,
,,,-0.00300000003,1.28000,
,,,-0.00297999987,1.28000,
,,,-0.00295999995,1.28000,
,,,-0.00294000003,1.28000,
,,,-0.00291999988,1.32000,
,,,-0.00289999996,1.28000,
,,,-0.00288000004,1.32000,
,,,-0.00285999989,1.28000,
,,,-0.00283999997,1.32000,
,,,-0.00281999982,1.32000,
,,,-0.00279999990,1.32000,
,,,-0.00277999998,1.32000,
,,,-0.00275999983,1.32000,
,,,-0.00273999991,1.32000,
,,,-0.00271999999,1.32000,
,,,-0.00269999984,1.36000,
,,,-0.00267999992,1.32000,
,,,-0.00266000000,1.28000,
,,,-0.00263999985,1.32000,
,,,-0.00261999993,1.32000,
,,,-0.00260000001,1.32000,
,,,-0.00257999985,1.32000,
,,,-0.00255999994,1.32000,
,,,-0.00254000002,1.32000,
,,,-0.00251999986,1.32000,
,,,-0.00249999994,1.32000,
,,,-0.00248000002,1.32000,
,,,-0.00245999987,1.32000,
,,,-0.00243999995,1.32000,
,,,-0.00242000003,1.32000,
,,,-0.00239999988,1.36000,
,,,-0.00237999996,1.32000,
,,,-0.00236000004,1.36000,
,,,-0.00233999989,1.36000,
,,,-0.00231999997,1.40000,
,,,-0.00230000005,1.32000,
,,,-0.00227999990,1.36000,
,,,-0.00225999998,1.40000,
,,,-0.00223999983,1.36000,
,,,-0.00221999991,1.40000,
,,,-0.00219999999,1.32000,
,,,-0.00217999984,1.36000,
,,,-0.00215999992,1.40000,
,,,-0.00214000000,1.40000,
,,,-0.00211999984,1.36000,
,,,-0.00209999993,1.36000,
,,,-0.00208000001,1.36000,
,,,-0.00205999985,1.40000,
,,,-0.00203999993,1.36000,
,,,-0.00202000001,1.40000,
,,,-0.00199999986,1.40000,
,,,-0.00197999994,1.40000,
,,,-0.00196000002,1.40000,
,,,-0.00193999999,1.40000,
,,,-0.00191999995,1.40000,
,,,-0.00189999992,1.40000,
,,,-0.00188000000,1.40000,
,,,-0.00185999996,1.40000,
,,,-0.00183999992,1.40000,
,,,-0.00182000000,1.40000,
,,,-0.00179999997,1.40000,
,,,-0.00177999993,1.40000,
,,,-0.00175999990,1.40000,
,,,-0.00173999998,1.40000,
,,,-0.00171999994,1.40000,
,,,-0.00169999991,1.40000,
,,,-0.00167999999,1.40000,
,,,-0.00165999995,1.40000,
,,,-0.00163999991,1.44000,
,,,-0.00162000000,1.40000,
,,,-0.00159999996,1.48000,
,,,-0.00157999992,1.40000,
,,,-0.00156000000,1.44000,
,,,-0.00153999997,1.48000,
,,,-0.00151999993,1.44000,
,,,-0.00150000001,1.44000,
,,,-0.00147999998,1.44000,
,,,-0.00145999994,1.44000,
,,,-0.00144000002,1.44000,
,,,-0.00141999999,1.48000,
,,,-0.00139999995,1.44000,
,,,-0.00137999991,1.48000,
,,,-0.00135999999,1.44000,
,,,-0.00133999996,1.48000,
,,,-0.00131999992,1.48000,
,,,-0.00130000000,1.48000,
,,,-0.00127999997,1.48000,
,,,-0.00125999993,1.48000,
,,,-0.00124000001,1.48000,
,,,-0.00121999998,1.44000,
,,,-0.00119999994,1.48000,
,,,-0.00118000002,1.48000,
,,,-0.00115999999,1.48000,
,,,-0.00113999995,1.52000,
,,,-0.00111999991,1.48000,
,,,-0.00109999999,1.48000,
,,,-0.00107999996,1.48000,
,,,-0.00105999992,1.48000,
,,,-0.00104000000,1.48000,
,,,-0.00101999997,1.52000,
,,,-0.00099999993,1.48000,
,,,-0.00098000001,1.52000,
,,,-0.00095999998,1.52000,
,,,-0.00094000000,1.56000,
,,,-0.00091999996,1.48000,
,,,-0.00089999998,1.52000,
,,,-0.00087999995,1.52000,
,,,-0.00085999997,1.52000,
,,,-0.00083999999,1.52000,
,,,-0.00081999996,1.52000,
,,,-0.00079999998,1.48000,
,,,-0.00078000000,1.52000,
,,,-0.00075999997,1.52000,
,,,-0.00073999999,1.56000,
,,,-0.00072000001,1.56000,
,,,-0.00069999998,1.52000,
,,,-0.00068000000,1.52000,
,,,-0.00065999996,1.52000,
,,,-0.00063999998,1.56000,
,,,-0.00062000001,1.56000,
,,,-0.00059999997,1.56000,
,,,-0.00057999999,1.56000,
,,,-0.00055999996,1.56000,
,,,-0.00053999998,1.56000,
,,,-0.00052000000,1.56000,
,,,-0.00049999997,1.56000,
,,,-0.00047999999,1.56000,
,,,-0.00045999998,1.56000,
,,,-0.00043999997,1.56000,
,,,-0.00042000000,1.56000,
,,,-0.00039999999,1.56000,
,,,-0.00037999998,1.56000,
,,,-0.00036000001,1.56000,
,,,-0.00034000000,1.56000,
,,,-0.00031999999,1.56000,
,,,-0.00029999999,1.56000,
,,,-0.00027999998,1.56000,
,,,-0.00026000000,1.56000,
,,,-0.00023999999,1.56000,
,,,-0.00021999999,1.56000,
,,,-0.00019999999,1.56000,
,,,-0.00018000000,1.56000,
,,,-0.00016000000,1.56000,
,,,-0.00013999999,1.60000,
,,,-0.00012000000,1.60000,
,,,-0.00010000000,1.60000,
,,,-0.00008000000,1.56000,
,,,-0.00006000000,1.60000,
,,,-0.00004000000,1.56000,
,,,-0.00002000000,1.60000,
,,, 0.00000000000,1.60000,
,,, 0.00002000000,1.64000,
,,, 0.00004000000,1.60000,
,,, 0.00006000000,1.64000,
,,, 0.00008000000,1.60000,
,,, 0.00010000000,1.60000,
,,, 0.00012000000,1.64000,
,,, 0.00013999999,1.64000,
,,, 0.00016000000,1.68000,
,,, 0.00018000000,1.56000,
,,, 0.00019999999,1.60000,
,,, 0.00021999999,1.60000,
,,, 0.00023999999,1.64000,
,,, 0.00026000000,1.64000,
,,, 0.00027999998,1.64000,
,,, 0.00029999999,1.64000,
,,, 0.00031999999,1.64000,
,,, 0.00034000000,1.64000,
,,, 0.00036000001,1.64000,
,,, 0.00037999998,1.64000,
,,, 0.00039999999,1.64000,
,,, 0.00042000000,1.64000,
,,, 0.00043999997,1.64000,
,,, 0.00045999998,1.64000,
,,, 0.00047999999,1.64000,
,,, 0.00049999997,1.68000,
,,, 0.00052000000,1.64000,
,,, 0.00053999998,1.68000,
,,, 0.00055999996,1.68000,
,,, 0.00057999999,1.64000,
,,, 0.00059999997,1.64000,
,,, 0.00062000001,1.68000,
,,, 0.00063999998,1.68000,
,,, 0.00065999996,1.68000,
,,, 0.00068000000,1.64000,
,,, 0.00069999998,1.68000,
,,, 0.00072000001,1.64000,
,,, 0.00073999999,1.68000,
,,, 0.00075999997,1.68000,
,,, 0.00078000000,1.68000,
,,, 0.00079999998,1.68000,
,,, 0.00081999996,1.68000,
,,, 0.00083999999,1.72000,
,,, 0.00085999997,1.68000,
,,, 0.00087999995,1.68000,
,,, 0.00089999998,1.72000,
,,, 0.00091999996,1.68000,
,,, 0.00094000000,1.72000,
,,, 0.00095999998,1.68000,
,,, 0.00098000001,1.68000,
,,, 0.00099999993,1.72000,
,,, 0.00101999997,1.72000,
,,, 0.00104000000,1.72000,
,,, 0.00105999992,1.72000,
,,, 0.00107999996,1.72000,
,,, 0.00109999999,1.68000,
,,, 0.00111999991,1.72000,
,,, 0.00113999995,1.72000,
,,, 0.00115999999,1.72000,
,,, 0.00118000002,1.72000,
,,, 0.00119999994,1.72000,
,,, 0.00121999998,1.72000,
,,, 0.00124000001,1.76000,
,,, 0.00125999993,1.76000,
,,, 0.00127999997,1.72000,
,,, 0.00130000000,1.76000,
,,, 0.00131999992,1.76000,
,,, 0.00133999996,1.72000,
,,, 0.00135999999,1.76000,
,,, 0.00137999991,1.76000,
,,, 0.00139999995,1.76000,
,,, 0.00141999999,1.76000,
,,, 0.00144000002,1.72000,
,,, 0.00145999994,1.76000,
,,, 0.00147999998,1.72000,
,,, 0.00150000001,1.80000,
,,, 0.00151999993,1.76000,
,,, 0.00153999997,1.80000,
,,, 0.00156000000,1.80000,
,,, 0.00157999992,1.80000,
,,, 0.00159999996,1.76000,
,,, 0.00162000000,1.80000,
,,, 0.00163999991,1.80000,
,,, 0.00165999995,1.80000,
,,, 0.00167999999,1.76000,
,,, 0.00169999991,1.80000,
,,, 0.00171999994,1.80000,
,,, 0.00173999998,1.80000,
,,, 0.00175999990,1.80000,
,,, 0.00177999993,1.76000,
,,, 0.00179999997,1.80000,
,,, 0.00182000000,1.76000,
,,, 0.00183999992,1.80000,
,,, 0.00185999996,1.76000,
,,, 0.00188000000,1.76000,
,,, 0.00189999992,1.80000,
,,, 0.00191999995,1.80000,
,,, 0.00193999999,1.80000,
,,, 0.00196000002,1.80000,
,,, 0.00197999994,1.80000,
,,, 0.00199999986,1.84000,
,,, 0.00202000001,1.80000,
,,, 0.00203999993,1.80000,
,,, 0.00205999985,1.80000,
,,, 0.00208000001,1.80000,
,,, 0.00209999993,1.84000,
,,, 0.00211999984,1.84000,
,,, 0.00214000000,1.80000,
,,, 0.00215999992,1.88000,
,,, 0.00217999984,1.80000,
,,, 0.00219999999,1.80000,
,,, 0.00221999991,1.84000,
,,, 0.00223999983,1.84000,
,,, 0.00225999998,1.84000,
,,, 0.00227999990,1.88000,
,,, 0.00230000005,1.84000,
,,, 0.00231999997,1.84000,
,,, 0.00233999989,1.84000,
,,, 0.00236000004,1.80000,
,,, 0.00237999996,1.88000,
,,, 0.00239999988,1.84000,
,,, 0.00242000003,1.88000,
,,, 0.00243999995,1.88000,
,,, 0.00245999987,1.88000,
,,, 0.00248000002,1.88000,
,,, 0.00249999994,1.88000,
,,, 0.00251999986,1.88000,
,,, 0.00254000002,1.88000,
,,, 0.00255999994,1.88000,
,,, 0.00257999985,1.84000,
,,, 0.00260000001,1.88000,
,,, 0.00261999993,1.88000,
,,, 0.00263999985,1.88000,
,,, 0.00266000000,1.88000,
,,, 0.00267999992,1.88000,
,,, 0.00269999984,1.88000,
,,, 0.00271999999,1.88000,
,,, 0.00273999991,1.88000,
,,, 0.00275999983,1.88000,
,,, 0.00277999998,1.88000,
,,, 0.00279999990,1.88000,
,,, 0.00281999982,1.88000,
,,, 0.00283999997,1.88000,
,,, 0.00285999989,1.92000,
,,, 0.00288000004,1.88000,
,,, 0.00289999996,1.92000,
,,, 0.00291999988,1.88000,
,,, 0.00294000003,1.92000,
,,, 0.00295999995,1.88000,
,,, 0.00297999987,1.92000,
,,, 0.00300000003,1.92000,
,,, 0.00301999995,1.92000,
,,, 0.00303999986,1.88000,
,,, 0.00306000002,1.92000,
,,, 0.00307999994,1.88000,
,,, 0.00309999986,1.88000,
,,, 0.00312000001,1.92000,
,,, 0.00313999993,1.96000,
,,, 0.00315999985,1.96000,
,,, 0.00318000000,1.92000,
,,, 0.00319999992,1.88000,
,,, 0.00321999984,1.92000,
,,, 0.00323999999,1.92000,
,,, 0.00325999991,1.96000,
,,, 0.00327999983,1.92000,
,,, 0.00329999998,1.96000,
,,, 0.00331999990,1.96000,
,,, 0.00333999982,1.96000,
,,, 0.00335999997,1.96000,
,,, 0.00337999989,1.92000,
,,, 0.00339999981,1.96000,
,,, 0.00341999996,1.96000,
,,, 0.00343999988,1.96000,
,,, 0.00345999980,1.96000,
,,, 0.00347999996,1.96000,
,,, 0.00349999988,1.96000,
,,, 0.00351999979,1.96000,
,,, 0.00353999995,1.96000,
,,, 0.00355999987,1.96000,
,,, 0.00358000002,1.96000,
,,, 0.00359999994,1.96000,
,,, 0.00361999986,1.96000,
,,, 0.00364000001,1.96000,
,,, 0.00365999993,2.00000,
,,, 0.00367999985,2.00000,
,,, 0.00370000000,1.96000,
,,, 0.00371999992,1.96000,
,,, 0.00373999984,2.00000,
,,, 0.00375999999,1.96000,
,,, 0.00377999991,2.00000,
,,, 0.00379999983,2.00000,
,,, 0.00381999998,2.00000,
,,, 0.00383999990,2.00000,
,,, 0.00385999982,2.00000,
,,, 0.00387999997,2.04000,
,,, 0.00389999989,2.04000,
,,, 0.00392000005,2.00000,
,,, 0.00393999973,1.96000,
,,, 0.00395999989,2.00000,
,,, 0.00398000004,2.00000,
,,, 0.00399999972,2.04000,
,,, 0.00401999988,2.04000,
,,, 0.00404000003,2.04000,
,,, 0.00405999972,2.04000,
,,, 0.00407999987,2.04000,
,,, 0.00410000002,2.04000,
,,, 0.00411999971,2.04000,
,,, 0.00413999986,2.04000,
,,, 0.00416000001,2.04000,
,,, 0.00417999970,2.04000,
,,, 0.00419999985,2.04000,
,,, 0.00422000000,2.04000,
,,, 0.00423999969,2.04000,
,,, 0.00425999984,2.04000,
,,, 0.00427999999,2.04000,
,,, 0.00429999968,2.04000,
,,, 0.00431999983,2.04000,
,,, 0.00433999998,2.04000,
,,, 0.00435999967,2.08000,
,,, 0.00437999982,2.08000,
,,, 0.00439999998,2.04000,
,,, 0.00441999966,2.08000,
,,, 0.00443999982,2.08000,
,,, 0.00445999997,2.04000,
,,, 0.00447999965,2.08000,
,,, 0.00449999981,2.08000,
,,, 0.00451999996,2.08000,
,,, 0.00454000011,2.08000,
,,, 0.00455999980,2.08000,
,,, 0.00457999995,2.08000,
,,, 0.00460000010,2.08000,
,,, 0.00461999979,2.08000,
,,, 0.00463999994,2.08000,
,,, 0.00466000009,2.08000,
,,, 0.00467999978,2.12000,
,,, 0.00469999993,2.08000,
,,, 0.00472000008,2.08000,
,,, 0.00473999977,2.12000,
,,, 0.00475999992,2.12000,
,,, 0.00478000008,2.08000,
,,, 0.00479999976,2.12000,
,,, 0.00481999991,2.12000,
,,, 0.00484000007,2.12000,
,,, 0.00485999975,2.12000,
,,, 0.00487999991,2.16000,
,,, 0.00490000006,2.12000,
,,, 0.00491999974,2.12000,
,,, 0.00493999990,2.12000,
,,, 0.00496000005,2.16000,
,,, 0.00497999974,2.16000,
,,, 0.00499999989,2.12000,
,,, 0.00502000004,2.12000,
,,, 0.00503999973,2.16000,
,,, 0.00505999988,2.12000,
,,, 0.00508000003,2.12000,
,,, 0.00509999972,2.12000,
,,, 0.00511999987,2.16000,
,,, 0.00514000002,2.12000,
,,, 0.00515999971,2.16000,
,,, 0.00517999986,2.20000,
,,, 0.00520000001,2.20000,
,,, 0.00521999970,2.16000,
,,, 0.00523999985,2.16000,
,,, 0.00526000001,2.16000,
,,, 0.00527999969,2.16000,
,,, 0.00529999984,2.20000,
,,, 0.00532000000,2.20000,
,,, 0.00533999968,2.20000,
,,, 0.00535999984,2.20000,
,,, 0.00537999999,2.20000,
,,, 0.00539999967,2.16000,
,,, 0.00541999983,2.16000,
,,, 0.00543999998,2.20000,
,,, 0.00545999967,2.20000,
,,, 0.00547999982,2.16000,
,,, 0.00549999997,2.20000,
,,, 0.00551999966,2.20000,
,,, 0.00553999981,2.20000,
,,, 0.00555999996,2.20000,
,,, 0.00557999965,2.20000,
,,, 0.00559999980,2.20000,
,,, 0.00561999995,2.20000,
,,, 0.00563999964,2.20000,
,,, 0.00565999979,2.20000,
,,, 0.00567999994,2.20000,
,,, 0.00569999963,2.20000,
,,, 0.00571999978,2.20000,
,,, 0.00573999994,2.20000,
,,, 0.00576000009,2.24000,
,,, 0.00577999977,2.20000,
,,, 0.00579999993,2.24000,
,,, 0.00582000008,2.20000,
,,, 0.00583999977,2.20000,
,,, 0.00585999992,2.24000,
,,, 0.00588000007,2.20000,
,,, 0.00589999976,2.24000,
,,, 0.00591999991,2.28000,
,,, 0.00594000006,2.24000,
,,, 0.00595999975,2.24000,
,,, 0.00597999990,2.24000,
,,, 0.00600000005,2.24000,
,,, 0.00601999974,2.28000,
,,, 0.00603999989,2.24000,
,,, 0.00606000004,2.28000,
,,, 0.00607999973,2.24000,
,,, 0.00609999988,2.24000,
,,, 0.00612000003,2.28000,
,,, 0.00613999972,2.28000,
,,, 0.00615999987,2.28000,
,,, 0.00618000003,2.28000,
,,, 0.00619999971,2.28000,
,,, 0.00621999986,2.28000,
,,, 0.00624000002,2.28000,
,,, 0.00625999970,2.32000,
,,, 0.00627999986,2.28000,
,,, 0.00630000001,2.28000,
,,, 0.00631999969,2.28000,
,,, 0.00633999985,2.28000,
,,, 0.00636000000,2.32000,
,,, 0.00637999969,2.32000,
,,, 0.00639999984,2.32000,
,,, 0.00641999999,2.32000,
,,, 0.00643999968,2.28000,
,,, 0.00645999983,2.32000,
,,, 0.00647999998,2.32000,
,,, 0.00649999967,2.36000,
,,, 0.00651999982,2.32000,
,,, 0.00653999997,2.32000,
,,, 0.00655999966,2.36000,
,,, 0.00657999981,2.36000,
,,, 0.00659999996,2.36000,
,,, 0.00661999965,2.36000,
,,, 0.00663999980,2.36000,
,,, 0.00665999996,2.36000,
,,, 0.00667999964,2.32000,
,,, 0.00669999979,2.32000,
,,, 0.00671999995,2.36000,
,,, 0.00673999963,2.36000,
,,, 0.00675999979,2.36000,
,,, 0.00677999994,2.36000,
,,, 0.00679999962,2.36000,
,,, 0.00681999978,2.32000,
,,, 0.00683999993,2.36000,
,,, 0.00685999962,2.36000,
,,, 0.00687999977,2.36000,
,,, 0.00689999992,2.40000,
,,, 0.00691999961,2.36000,
,,, 0.00693999976,2.36000,
,,, 0.00695999991,2.36000,
,,, 0.00697999960,2.40000,
,,, 0.00699999975,2.40000,
,,, 0.00701999990,2.36000,
,,, 0.00703999959,2.40000,
,,, 0.00705999974,2.40000,
,,, 0.00707999989,2.40000,
,,, 0.00710000005,2.36000,
,,, 0.00711999973,2.44000,
,,, 0.00713999989,2.44000,
,,, 0.00716000004,2.44000,
,,, 0.00717999972,2.40000,
,,, 0.00719999988,2.44000,
,,, 0.00722000003,2.40000,
,,, 0.00723999972,2.44000,
,,, 0.00725999987,2.44000,
,,, 0.00728000002,2.44000,
,,, 0.00729999971,2.40000,
,,, 0.00731999986,2.40000,
,,, 0.00734000001,2.44000,
,,, 0.00735999970,2.44000,
,,, 0.00737999985,2.48000,
,,, 0.00740000000,2.48000,
,,, 0.00741999969,2.44000,
,,, 0.00743999984,2.44000,
,,, 0.00745999999,2.44000,
,,, 0.00747999968,2.44000,
,,, 0.00749999983,2.48000,
,,, 0.00751999998,2.44000,
,,, 0.00753999967,2.48000,
,,, 0.00755999982,2.48000,
,,, 0.00757999998,2.52000,
,,, 0.00759999966,2.52000,
,,, 0.00761999981,2.52000,
,,, 0.00763999997,2.52000,
,,, 0.00765999965,2.48000,
,,, 0.00767999981,2.52000,
,,, 0.00769999996,2.48000,
,,, 0.00771999964,2.52000,
,,, 0.00773999980,2.48000,
,,, 0.00775999995,2.48000,
,,, 0.00777999964,2.52000,
,,, 0.00779999979,2.52000,
,,, 0.00781999994,2.52000,
,,, 0.00784000009,2.52000,
,,, 0.00786000025,2.52000,
,,, 0.00787999947,2.52000,
,,, 0.00789999962,2.52000,
,,, 0.00791999977,2.52000,
,,, 0.00793999992,2.56000,
,,, 0.00796000008,2.52000,
,,, 0.00798000023,2.52000,
,,, 0.00799999945,2.52000,
,,, 0.00801999960,2.56000,
,,, 0.00803999975,2.56000,
,,, 0.00805999991,2.56000,
,,, 0.00808000006,2.56000,
,,, 0.00810000021,2.56000,
,,, 0.00811999943,2.52000,
,,, 0.00813999958,2.60000,
,,, 0.00815999974,2.56000,
,,, 0.00817999989,2.60000,
,,, 0.00820000004,2.60000,
,,, 0.00822000019,2.56000,
,,, 0.00823999941,2.56000,
,,, 0.00825999957,2.60000,
,,, 0.00827999972,2.56000,
,,, 0.00829999987,2.60000,
,,, 0.00832000002,2.60000,
,,, 0.00834000017,2.60000,
,,, 0.00835999940,2.60000,
,,, 0.00837999955,2.60000,
,,, 0.00839999970,2.60000,
,,, 0.00841999985,2.64000,
,,, 0.00844000001,2.60000,
,,, 0.00846000016,2.60000,
,,, 0.00847999938,2.60000,
,,, 0.00849999953,2.64000,
,,, 0.00851999968,2.64000,
,,, 0.00853999984,2.60000,
,,, 0.00855999999,2.64000,
,,, 0.00858000014,2.64000,
,,, 0.00859999936,2.64000,
,,, 0.00861999951,2.64000,
,,, 0.00863999967,2.64000,
,,, 0.00865999982,2.60000,
,,, 0.00867999997,2.68000,
,,, 0.00870000012,2.64000,
,,, 0.00871999934,2.64000,
,,, 0.00873999950,2.68000,
,,, 0.00875999965,2.68000,
,,, 0.00877999980,2.68000,
,,, 0.00879999995,2.68000,
,,, 0.00882000010,2.68000,
,,, 0.00883999933,2.68000,
,,, 0.00885999948,2.68000,
,,, 0.00887999963,2.68000,
,,, 0.00889999978,2.68000,
,,, 0.00891999993,2.68000,
,,, 0.00894000009,2.68000,
,,, 0.00895999931,2.68000,
,,, 0.00897999946,2.68000,
,,, 0.00899999961,2.68000,
,,, 0.00901999976,2.68000,
,,, 0.00903999992,2.72000,
,,, 0.00906000007,2.72000,
,,, 0.00908000022,2.72000,
,,, 0.00909999944,2.68000,
,,, 0.00911999959,2.72000,
,,, 0.00913999975,2.72000,
,,, 0.00915999990,2.72000,
,,, 0.00918000005,2.72000,
,,, 0.00920000020,2.72000,
,,, 0.00921999943,2.72000,
,,, 0.00923999958,2.76000,
,,, 0.00925999973,2.76000,
,,, 0.00927999988,2.72000,
,,, 0.00930000003,2.76000,
,,, 0.00932000019,2.72000,
,,, 0.00933999941,2.76000,
,,, 0.00935999956,2.76000,
,,, 0.00937999971,2.76000,
,,, 0.00939999986,2.76000,
,,, 0.00942000002,2.76000,
,,, 0.00944000017,2.76000,
,,, 0.00945999939,2.76000,
,,, 0.00947999954,2.76000,
,,, 0.00949999969,2.80000,
,,, 0.00951999985,2.76000,
,,, 0.00954000000,2.84000,
,,, 0.00956000015,2.76000,
,,, 0.00957999937,2.80000,
,,, 0.00959999952,2.76000,
,,, 0.00961999968,2.80000,
,,, 0.00963999983,2.80000,
,,, 0.00965999998,2.84000,
,,, 0.00968000013,2.80000,
,,, 0.00969999935,2.84000,
,,, 0.00971999951,2.84000,
,,, 0.00973999966,2.84000,
,,, 0.00975999981,2.84000,
,,, 0.00977999996,2.84000,
,,, 0.00980000012,2.84000,
,,, 0.00981999934,2.84000,
,,, 0.00983999949,2.84000,
,,, 0.00985999964,2.84000,
,,, 0.00987999979,2.84000,
,,, 0.00989999995,2.84000,
,,, 0.00992000010,2.84000,
,,, 0.00993999932,2.84000,
,,, 0.00995999947,2.88000,
,,, 0.00997999962,2.84000,
,,, 0.00999999978,2.88000,
,,, 0.01001999993,2.88000,
,,, 0.01004000008,2.84000,
,,, 0.01005999930,2.88000,
,,, 0.01007999945,2.88000,
,,, 0.01009999961,2.88000,
,,, 0.01011999976,2.88000,
,,, 0.01013999991,2.88000,
,,, 0.01016000006,2.88000,
,,, 0.01017999928,2.92000,
,,, 0.01019999944,2.88000,
,,, 0.01021999959,2.92000,
,,, 0.01023999974,2.92000,
,,, 0.01025999989,2.92000,
,,, 0.01028000005,2.92000,
,,, 0.01030000020,2.92000,
,,, 0.01031999942,2.92000,
,,, 0.01033999957,2.92000,
,,, 0.01035999972,2.92000,
,,, 0.01037999988,2.96000,
,,, 0.01040000003,2.92000,
,,, 0.01042000018,2.92000,
,,, 0.01043999940,2.96000,
,,, 0.01045999955,2.96000,
,,, 0.01047999971,3.00000,
,,, 0.01049999986,3.00000,
,,, 0.01052000001,2.96000,
,,, 0.01054000016,2.96000,
,,, 0.01055999938,2.96000,
,,, 0.01057999954,2.96000,
,,, 0.01059999969,2.96000,
,,, 0.01061999984,2.96000,
,,, 0.01063999999,2.96000,
,,, 0.01066000015,2.96000,
,,, 0.01067999937,3.00000,
,,, 0.01069999952,3.00000,
,,, 0.01071999967,3.00000,
,,, 0.01073999982,3.00000,
,,, 0.01075999998,3.00000,
,,, 0.01078000013,3.00000,
,,, 0.01079999935,3.00000,
,,, 0.01081999950,3.00000,
,,, 0.01083999965,3.00000,
,,, 0.01085999981,3.04000,
,,, 0.01087999996,3.04000,
,,, 0.01090000011,3.04000,
,,, 0.01091999933,3.04000,
,,, 0.01093999948,3.04000,
,,, 0.01095999964,3.08000,
,,, 0.01097999979,3.00000,
,,, 0.01099999994,3.08000,
,,, 0.01102000009,3.04000,
,,, 0.01103999931,3.08000,
,,, 0.01105999947,3.04000,
,,, 0.01107999962,3.08000,
,,, 0.01109999977,3.08000,
,,, 0.01111999992,3.08000,
,,, 0.01114000008,3.08000,
,,, 0.01115999930,3.08000,
,,, 0.01117999945,3.16000,
,,, 0.01119999960,3.08000,
,,, 0.01121999975,3.08000,
,,, 0.01123999991,3.08000,
,,, 0.01126000006,3.08000,
,,, 0.01127999928,3.16000,
,,, 0.01129999943,3.16000,
,,, 0.01131999958,3.16000,
,,, 0.01133999974,3.16000,
,,, 0.01135999989,3.20000,
,,, 0.01138000004,3.16000,
,,, 0.01139999926,3.16000,
,,, 0.01141999941,3.16000,
,,, 0.01143999957,3.16000,
,,, 0.01145999972,3.20000,
,,, 0.01147999987,3.16000,
,,, 0.01150000002,3.20000,
,,, 0.01152000017,3.20000,
,,, 0.01153999940,3.20000,
,,, 0.01155999955,3.20000,
,,, 0.01157999970,3.20000,
,,, 0.01159999985,3.20000,
,,, 0.01162000000,3.20000,
,,, 0.01164000016,3.20000,
,,, 0.01165999938,3.20000,
,,, 0.01167999953,3.20000,
,,, 0.01169999968,3.20000,
,,, 0.01171999983,3.20000,
,,, 0.01173999999,3.20000,
,,, 0.01176000014,3.20000,
,,, 0.01177999936,3.24000,
,,, 0.01179999951,3.20000,
,,, 0.01181999967,3.28000,
,,, 0.01183999982,3.24000,
,,, 0.01185999997,3.24000,
,,, 0.01188000012,3.20000,
,,, 0.01189999934,3.20000,
,,, 0.01191999950,3.20000,
,,, 0.01193999965,3.20000,
,,, 0.01195999980,3.20000,
,,, 0.01197999995,3.20000,
,,, 0.01200000010,3.20000,
,,, 0.01201999933,3.20000,
,,, 0.01203999948,3.20000,
,,, 0.01205999963,3.20000,
,,, 0.01207999978,3.20000,
,,, 0.01209999993,3.20000,
,,, 0.01212000009,3.16000,
,,, 0.01213999931,3.20000,
,,, 0.01215999946,3.16000,
,,, 0.01217999961,3.20000,
,,, 0.01219999976,3.16000,
,,, 0.01221999992,3.16000,
,,, 0.01224000007,3.16000,
,,, 0.01225999929,3.16000,
,,, 0.01227999944,3.16000,
,,, 0.01229999959,3.16000,
,,, 0.01231999975,3.16000,
,,, 0.01233999990,3.16000,
,,, 0.01236000005,3.08000,
,,, 0.01237999927,3.16000,
,,, 0.01239999942,3.08000,
,,, 0.01241999958,3.08000,
,,, 0.01243999973,3.08000,
,,, 0.01245999988,3.08000,
,,, 0.01248000003,3.08000,
,,, 0.01249999925,3.08000,
,,, 0.01251999941,3.08000,
,,, 0.01253999956,3.08000,
,,, 0.01255999971,3.08000,
,,, 0.01257999986,3.04000,
,,, 0.01260000002,3.04000,
,,, 0.01261999924,3.04000,
,,, 0.01263999939,3.08000,
,,, 0.01265999954,3.08000,
,,, 0.01267999969,3.04000,
,,, 0.01269999985,3.04000,
,,, 0.01272000000,3.04000,
,,, 0.01273999922,3.00000,
,,, 0.01275999937,3.00000,
,,, 0.01277999952,3.00000,
,,, 0.01279999968,3.00000,
,,, 0.01281999983,3.00000,
,,, 0.01283999998,3.00000,
,,, 0.01286000013,3.00000,
,,, 0.01287999935,3.00000,
,,, 0.01289999951,3.00000,
,,, 0.01291999966,3.00000,
,,, 0.01293999981,3.00000,
,,, 0.01295999996,3.00000,
,,, 0.01298000012,3.00000,
,,, 0.01299999934,2.96000,
,,, 0.01301999949,2.96000,
,,, 0.01303999964,2.96000,
,,, 0.01305999979,3.00000,
,,, 0.01307999995,3.00000,
,,, 0.01310000010,2.96000,
,,, 0.01311999932,2.96000,
,,, 0.01313999947,2.96000,
,,, 0.01315999962,2.92000,
,,, 0.01317999978,2.96000,
,,, 0.01319999993,2.96000,
,,, 0.01322000008,3.00000,
,,, 0.01323999930,2.92000,
,,, 0.01325999945,2.92000,
,,, 0.01327999961,2.92000,
,,, 0.01329999976,2.96000,
,,, 0.01331999991,2.92000,
,,, 0.01334000006,2.92000,
,,, 0.01335999928,2.96000,
,,, 0.01337999944,2.92000,
,,, 0.01339999959,2.92000,
,,, 0.01341999974,2.92000,
,,, 0.01343999989,2.92000,
,,, 0.01346000005,2.92000,
,,, 0.01347999927,2.88000,
,,, 0.01349999942,2.92000,
,,, 0.01351999957,2.88000,
,,, 0.01353999972,2.92000,
,,, 0.01355999988,2.88000,
,,, 0.01358000003,2.84000,
,,, 0.01359999925,2.88000,
,,, 0.01361999940,2.88000,
,,, 0.01363999955,2.88000,
,,, 0.01365999971,2.84000,
,,, 0.01367999986,2.84000,
,,, 0.01370000001,2.88000,
,,, 0.01371999923,2.88000,
,,, 0.01373999938,2.84000,
,,, 0.01375999954,2.84000,
,,, 0.01377999969,2.84000,
,,, 0.01379999984,2.84000,
,,, 0.01381999999,2.84000,
,,, 0.01383999921,2.84000,
,,, 0.01385999937,2.84000,
,,, 0.01387999952,2.80000,
,,, 0.01389999967,2.84000,
,,, 0.01391999982,2.84000,
,,, 0.01393999998,2.84000,
,,, 0.01395999920,2.84000,
,,, 0.01397999935,2.84000,
,,, 0.01399999950,2.80000,
,,, 0.01401999965,2.80000,
,,, 0.01403999981,2.84000,
,,, 0.01405999996,2.84000,
,,, 0.01407999918,2.84000,
,,, 0.01409999933,2.84000,
,,, 0.01411999948,2.76000,
,,, 0.01413999964,2.80000,
,,, 0.01415999979,2.76000,
,,, 0.01417999994,2.80000,
,,, 0.01420000009,2.80000,
,,, 0.01421999931,2.80000,
,,, 0.01423999947,2.76000,
,,, 0.01425999962,2.76000,
,,, 0.01427999977,2.76000,
,,, 0.01429999992,2.76000,
,,, 0.01432000007,2.80000,
,,, 0.01433999930,2.76000,
,,, 0.01435999945,2.80000,
,,, 0.01437999960,2.72000,
,,, 0.01439999975,2.72000,
,,, 0.01441999990,2.76000,
,,, 0.01444000006,2.76000,
,,, 0.01445999928,2.76000,
,,, 0.01447999943,2.76000,
,,, 0.01449999958,2.72000,
,,, 0.01451999974,2.72000,
,,, 0.01453999989,2.72000,
,,, 0.01456000004,2.68000,
,,, 0.01457999926,2.76000,
,,, 0.01459999941,2.72000,
,,, 0.01461999957,2.68000,
,,, 0.01463999972,2.72000,
,,, 0.01465999987,2.72000,
,,, 0.01468000002,2.72000,
,,, 0.01469999924,2.68000,
,,, 0.01471999940,2.68000,
,,, 0.01473999955,2.68000,
,,, 0.01475999970,2.68000,
,,, 0.01477999985,2.68000,
,,, 0.01480000000,2.68000,
,,, 0.01481999923,2.68000,
,,, 0.01483999938,2.68000,
,,, 0.01485999953,2.72000,
,,, 0.01487999968,2.68000,
,,, 0.01489999983,2.68000,
,,, 0.01491999999,2.68000,
,,, 0.01493999921,2.68000,
,,, 0.01495999936,2.68000,
,,, 0.01497999951,2.64000,
,,, 0.01499999966,2.64000,
,,, 0.01501999982,2.64000,
,,, 0.01503999997,2.64000,
,,, 0.01505999919,2.68000,
,,, 0.01507999934,2.68000,
,,, 0.01509999949,2.68000,
,,, 0.01511999965,2.60000,
,,, 0.01513999980,2.64000,
,,, 0.01515999995,2.64000,
,,, 0.01517999917,2.64000,
,,, 0.01519999932,2.64000,
,,, 0.01521999948,2.68000,
,,, 0.01523999963,2.60000,
,,, 0.01525999978,2.60000,
,,, 0.01527999993,2.60000,
,,, 0.01529999916,2.60000,
,,, 0.01531999931,2.60000,
,,, 0.01533999946,2.60000,
,,, 0.01535999961,2.60000,
,,, 0.01537999976,2.60000,
,,, 0.01539999992,2.56000,
,,, 0.01542000007,2.60000,
,,, 0.01543999929,2.60000,
,,, 0.01545999944,2.56000,
,,, 0.01547999959,2.60000,
,,, 0.01549999975,2.60000,
,,, 0.01551999990,2.56000,
,,, 0.01554000005,2.60000,
,,, 0.01555999927,2.60000,
,,, 0.01557999942,2.56000,
,,, 0.01559999958,2.60000,
,,, 0.01561999973,2.56000,
,,, 0.01563999988,2.56000,
,,, 0.01565999910,2.56000,
,,, 0.01568000019,2.56000,
,,, 0.01569999941,2.52000,
,,, 0.01572000049,2.52000,
,,, 0.01573999971,2.52000,
,,, 0.01575999893,2.56000,
,,, 0.01578000002,2.52000,
,,, 0.01579999924,2.52000,
,,, 0.01582000032,2.52000,
,,, 0.01583999954,2.52000,
,,, 0.01585999876,2.52000,
,,, 0.01587999985,2.52000,
,,, 0.01589999907,2.52000,
,,, 0.01592000015,2.52000,
,,, 0.01593999937,2.52000,
,,, 0.01596000046,2.52000,
,,, 0.01597999968,2.52000,
,,, 0.01599999890,2.52000,
,,, 0.01601999998,2.52000,
,,, 0.01603999920,2.52000,
,,, 0.01606000029,2.52000,
,,, 0.01607999951,2.48000,
,,, 0.01609999873,2.48000,
,,, 0.01611999981,2.48000,
,,, 0.01613999903,2.52000,
,,, 0.01616000012,2.48000,
,,, 0.01617999934,2.48000,
,,, 0.01620000042,2.48000,
,,, 0.01621999964,2.48000,
,,, 0.01623999886,2.44000,
,,, 0.01625999995,2.44000,
,,, 0.01627999917,2.44000,
,,, 0.01630000025,2.44000,
,,, 0.01631999947,2.44000,
,,, 0.01633999869,2.44000,
,,, 0.01635999978,2.44000,
,,, 0.01637999900,2.44000,
,,, 0.01640000008,2.44000,
,,, 0.01641999930,2.44000,
,,, 0.01644000039,2.44000,
,,, 0.01645999961,2.44000,
,,, 0.01647999883,2.44000,
,,, 0.01649999991,2.44000,
,,, 0.01651999913,2.40000,
,,, 0.01654000022,2.44000,
,,, 0.01655999944,2.40000,
,,, 0.01657999866,2.44000,
,,, 0.01659999974,2.44000,
,,, 0.01661999896,2.40000,
,,, 0.01664000005,2.40000,
,,, 0.01665999927,2.40000,
,,, 0.01668000035,2.40000,
,,, 0.01669999957,2.44000,
,,, 0.01671999879,2.40000,
,,, 0.01673999988,2.36000,
,,, 0.01675999910,2.40000,
,,, 0.01678000018,2.36000,
,,, 0.01679999940,2.40000,
,,, 0.01682000048,2.36000,
,,, 0.01683999971,2.40000,
,,, 0.01685999893,2.36000,
,,, 0.01688000001,2.36000,
,,, 0.01689999923,2.36000,
,,, 0.01692000031,2.36000,
,,, 0.01693999954,2.36000,
,,, 0.01695999876,2.36000,
,,, 0.01697999984,2.36000,
,,, 0.01699999906,2.36000,
,,, 0.01702000014,2.36000,
,,, 0.01703999937,2.36000,
,,, 0.01706000045,2.32000,
,,, 0.01707999967,2.36000,
,,, 0.01709999889,2.36000,
,,, 0.01711999997,2.32000,
,,, 0.01713999920,2.36000,
,,, 0.01716000028,2.32000,
,,, 0.01717999950,2.36000,
,,, 0.01719999872,2.32000,
,,, 0.01721999981,2.32000,
,,, 0.01723999903,2.32000,
,,, 0.01726000011,2.32000,
,,, 0.01727999933,2.32000,
,,, 0.01730000041,2.28000,
,,, 0.01731999964,2.36000,
,,, 0.01733999886,2.36000,
,,, 0.01735999994,2.28000,
,,, 0.01737999916,2.28000,
,,, 0.01740000024,2.32000,
,,, 0.01741999947,2.32000,
,,, 0.01743999869,2.32000,
,,, 0.01745999977,2.32000,
,,, 0.01747999899,2.32000,
,,, 0.01750000007,2.28000,
,,, 0.01751999930,2.28000,
,,, 0.01754000038,2.24000,
,,, 0.01755999960,2.28000,
,,, 0.01757999882,2.28000,
,,, 0.01759999990,2.28000,
,,, 0.01761999913,2.28000,
,,, 0.01764000021,2.24000,
,,, 0.01765999943,2.24000,
,,, 0.01767999865,2.28000,
,,, 0.01769999973,2.24000,
,,, 0.01771999896,2.24000,
,,, 0.01774000004,2.28000,
,,, 0.01775999926,2.24000,
,,, 0.01778000034,2.24000,
,,, 0.01779999956,2.28000,
,,, 0.01781999879,2.24000,
,,, 0.01783999987,2.24000,
,,, 0.01785999909,2.24000,
,,, 0.01788000017,2.20000,
,,, 0.01789999940,2.20000,
,,, 0.01791999862,2.20000,
,,, 0.01793999970,2.20000,
,,, 0.01795999892,2.20000,
,,, 0.01798000000,2.20000,
,,, 0.01799999923,2.20000,
,,, 0.01802000031,2.20000,
,,, 0.01803999953,2.20000,
,,, 0.01805999875,2.20000,
,,, 0.01807999983,2.20000,
,,, 0.01809999906,2.20000,
,,, 0.01812000014,2.20000,
,,, 0.01813999936,2.20000,
,,, 0.01816000044,2.20000,
,,, 0.01817999966,2.20000,
,,, 0.01819999889,2.20000,
,,, 0.01821999997,2.20000,
,,, 0.01823999919,2.20000,
,,, 0.01826000027,2.20000,
,,, 0.01827999949,2.20000,
,,, 0.01829999872,2.20000,
,,, 0.01831999980,2.20000,
,,, 0.01833999902,2.20000,
,,, 0.01836000010,2.20000,
,,, 0.01837999932,2.20000,
,,, 0.01840000041,2.16000,
,,, 0.01841999963,2.20000,
,,, 0.01843999885,2.16000,
,,, 0.01845999993,2.16000,
,,, 0.01847999915,2.12000,
,,, 0.01850000024,2.16000,
,,, 0.01851999946,2.12000,
,,, 0.01853999868,2.12000,
,,, 0.01855999976,2.16000,
,,, 0.01857999898,2.12000,
,,, 0.01860000007,2.12000,
,,, 0.01861999929,2.12000,
,,, 0.01864000037,2.12000,
,,, 0.01865999959,2.12000,
,,, 0.01867999882,2.12000,
,,, 0.01869999990,2.12000,
,,, 0.01871999912,2.12000,
,,, 0.01874000020,2.12000,
,,, 0.01875999942,2.12000,
,,, 0.01877999865,2.12000,
,,, 0.01879999973,2.08000,
,,, 0.01881999895,2.12000,
,,, 0.01884000003,2.12000,
,,, 0.01885999925,2.12000,
,,, 0.01888000034,2.12000,
,,, 0.01889999956,2.08000,
,,, 0.01891999878,2.12000,
,,, 0.01893999986,2.12000,
,,, 0.01895999908,2.08000,
,,, 0.01898000017,2.08000,
,,, 0.01899999939,2.08000,
,,, 0.01901999861,2.08000,
,,, 0.01903999969,2.08000,
,,, 0.01905999891,2.08000,
,,, 0.01908000000,2.08000,
,,, 0.01909999922,2.04000,
,,, 0.01912000030,2.04000,
,,, 0.01913999952,2.04000,
,,, 0.01915999874,2.08000,
,,, 0.01917999983,2.08000,
,,, 0.01919999905,2.08000,
,,, 0.01922000013,2.08000,
,,, 0.01923999935,2.04000,
,,, 0.01926000044,2.04000,
,,, 0.01927999966,2.04000,
,,, 0.01929999888,2.04000,
,,, 0.01931999996,2.04000,
,,, 0.01933999918,2.04000,
,,, 0.01936000027,2.04000,
,,, 0.01937999949,2.04000,
,,, 0.01939999871,2.04000,
,,, 0.01941999979,2.04000,
,,, 0.01943999901,2.04000,
,,, 0.01946000010,2.04000,
,,, 0.01947999932,2.04000,
,,, 0.01950000040,2.04000,
,,, 0.01951999962,2.04000,
,,, 0.01953999884,2.04000,
,,, 0.01955999993,2.04000,
,,, 0.01957999915,2.04000,
,,, 0.01960000023,2.04000,
,,, 0.01961999945,2.00000,
,,, 0.01963999867,2.04000,
,,, 0.01965999976,2.00000,
,,, 0.01967999898,2.00000,
,,, 0.01970000006,2.04000,
,,, 0.01971999928,1.96000,
,,, 0.01974000037,2.00000,
,,, 0.01975999959,2.04000,
,,, 0.01977999881,2.04000,
,,, 0.01979999989,2.04000,
,,, 0.01981999911,2.00000,
,,, 0.01984000020,2.04000,
,,, 0.01985999942,2.00000,
,,, 0.01987999864,2.00000,
,,, 0.01989999972,2.00000,
,,, 0.01991999894,1.96000,
,,, 0.01994000003,2.00000,
,,, 0.01995999925,1.96000,
,,, 0.01998000033,2.00000,
,,, 0.01999999955,1.96000,
,,, 0.02001999877,1.96000,
,,, 0.02003999986,2.00000,
,,, 0.02005999908,1.96000,
,,, 0.02008000016,1.96000,
,,, 0.02009999938,2.00000,
,,, 0.02011999860,1.96000,
,,, 0.02013999969,1.96000,
,,, 0.02015999891,1.96000,
,,, 0.02017999999,2.00000,
,,, 0.02019999921,2.00000,
,,, 0.02022000030,1.96000,
,,, 0.02023999952,1.96000,
,,, 0.02025999874,1.92000,
,,, 0.02027999982,1.96000,
,,, 0.02029999904,1.96000,
,,, 0.02032000013,1.96000,
,,, 0.02033999935,2.00000,
,,, 0.02035999857,1.96000,
,,, 0.02037999965,1.92000,
,,, 0.02039999887,1.96000,
,,, 0.02041999996,1.92000,
,,, 0.02043999918,1.96000,
,,, 0.02046000026,1.96000,
,,, 0.02047999948,1.96000,
,,, 0.02049999870,1.92000,
,,, 0.02051999979,1.92000,
,,, 0.02053999901,1.96000,
,,, 0.02056000009,1.96000,
,,, 0.02057999931,1.92000,
,,, 0.02060000040,1.96000,
,,, 0.02061999962,1.88000,
,,, 0.02063999884,1.88000,
,,, 0.02065999992,1.88000,
,,, 0.02067999914,1.92000,
,,, 0.02070000023,1.92000,
,,, 0.02071999945,1.92000,
,,, 0.02073999867,1.92000,
,,, 0.02075999975,1.88000,
,,, 0.02077999897,1.92000,
,,, 0.02080000006,1.88000,
,,, 0.02081999928,1.92000,
,,, 0.02084000036,1.88000,
,,, 0.02085999958,1.88000,
,,, 0.02087999880,1.88000,
,,, 0.02089999989,1.88000,
,,, 0.02091999911,1.88000,
,,, 0.02094000019,1.88000,
,,, 0.02095999941,1.88000,
,,, 0.02097999863,1.88000,
,,, 0.02099999972,1.88000,
,,, 0.02101999894,1.88000,
,,, 0.02104000002,1.88000,
,,, 0.02105999924,1.88000,
,,, 0.02108000033,1.88000,
,,, 0.02109999955,1.88000,
,,, 0.02111999877,1.84000,
,,, 0.02113999985,1.88000,
,,, 0.02115999907,1.84000,
,,, 0.02118000016,1.88000,
,,, 0.02119999938,1.84000,
,,, 0.02121999860,1.84000,
,,, 0.02123999968,1.88000,
,,, 0.02125999890,1.84000,
,,, 0.02127999999,1.84000,
,,, 0.02129999921,1.88000,
,,, 0.02132000029,1.88000,
,,, 0.02133999951,1.84000,
,,, 0.02135999873,1.84000,
,,, 0.02137999982,1.84000,
,,, 0.02139999904,1.84000,
,,, 0.02142000012,1.84000,
,,, 0.02143999934,1.84000,
,,, 0.02145999856,1.84000,
,,, 0.02147999965,1.84000,
,,, 0.02149999887,1.84000,
,,, 0.02151999995,1.80000,
,,, 0.02153999917,1.80000,
,,, 0.02156000026,1.80000,
,,, 0.02157999948,1.80000,
,,, 0.02159999870,1.80000,
,,, 0.02161999978,1.80000,
,,, 0.02163999900,1.80000,
,,, 0.02166000009,1.76000,
,,, 0.02167999931,1.80000,
,,, 0.02169999853,1.80000,
,,, 0.02171999961,1.80000,
,,, 0.02173999883,1.80000,
,,, 0.02175999992,1.80000,
,,, 0.02177999914,1.80000,
,,, 0.02180000022,1.80000,
,,, 0.02181999944,1.80000,
,,, 0.02183999866,1.80000,
,,, 0.02185999975,1.80000,
,,, 0.02187999897,1.76000,
,,, 0.02190000005,1.76000,
,,, 0.02191999927,1.76000,
,,, 0.02194000036,1.76000,
,,, 0.02195999958,1.76000,
,,, 0.02197999880,1.80000,
,,, 0.02199999988,1.76000,
,,, 0.02201999910,1.72000,
,,, 0.02204000019,1.76000,
,,, 0.02205999941,1.76000,
,,, 0.02207999863,1.76000,
,,, 0.02209999971,1.80000,
,,, 0.02211999893,1.76000,
,,, 0.02214000002,1.76000,
,,, 0.02215999924,1.76000,
,,, 0.02218000032,1.72000,
,,, 0.02219999954,1.76000,
,,, 0.02221999876,1.76000,
,,, 0.02223999985,1.72000,
,,, 0.02225999907,1.72000,
,,, 0.02228000015,1.76000,
,,, 0.02229999937,1.72000,
,,, 0.02231999859,1.72000,
,,, 0.02233999968,1.72000,
,,, 0.02235999890,1.72000,
,,, 0.02237999998,1.72000,
,,, 0.02239999920,1.72000,
,,, 0.02242000028,1.72000,
,,, 0.02243999951,1.72000,
,,, 0.02245999873,1.72000,
,,, 0.02247999981,1.72000,
,,, 0.02249999903,1.72000,
,,, 0.02252000012,1.72000,
,,, 0.02253999934,1.72000,
,,, 0.02255999856,1.72000,
,,, 0.02257999964,1.72000,
,,, 0.02259999886,1.72000,
,,, 0.02261999995,1.68000,
,,, 0.02263999917,1.72000,
,,, 0.02266000025,1.72000,
,,, 0.02267999947,1.68000,
,,, 0.02269999869,1.72000,
,,, 0.02271999978,1.68000,
,,, 0.02273999900,1.72000,
,,, 0.02276000008,1.68000,
,,, 0.02277999930,1.68000,
,,, 0.02279999852,1.68000,
,,, 0.02281999961,1.72000,
,,, 0.02283999883,1.72000,
,,, 0.02285999991,1.72000,
,,, 0.02287999913,1.68000,
,,, 0.02290000021,1.64000,
,,, 0.02291999944,1.72000,
,,, 0.02293999866,1.68000,
,,, 0.02295999974,1.68000,
,,, 0.02297999896,1.68000,
,,, 0.02300000004,1.68000,
,,, 0.02301999927,1.64000,
,,, 0.02304000035,1.68000,
,,, 0.02305999957,1.64000,
,,, 0.02307999879,1.64000,
,,, 0.02309999987,1.64000,
,,, 0.02311999910,1.64000,
,,, 0.02314000018,1.64000,
,,, 0.02315999940,1.64000,
,,, 0.02317999862,1.68000,
,,, 0.02319999970,1.64000,
,,, 0.02321999893,1.64000,
,,, 0.02324000001,1.64000,
,,, 0.02325999923,1.64000,
,,, 0.02328000031,1.64000,
,,, 0.02329999954,1.64000,
,,, 0.02331999876,1.64000,
,,, 0.02333999984,1.64000,
,,, 0.02335999906,1.64000,
,,, 0.02338000014,1.64000,
,,, 0.02339999937,1.64000,
,,, 0.02341999859,1.64000,
,,, 0.02343999967,1.64000,
,,, 0.02345999889,1.64000,
,,, 0.02347999997,1.64000,
,,, 0.02349999920,1.60000,
,,, 0.02352000028,1.60000,
,,, 0.02353999950,1.60000,
,,, 0.02355999872,1.60000,
,,, 0.02357999980,1.64000,
,,, 0.02359999903,1.60000,
,,, 0.02362000011,1.56000,
,,, 0.02363999933,1.56000,
,,, 0.02365999855,1.60000,
,,, 0.02367999963,1.60000,
,,, 0.02369999886,1.60000,
,,, 0.02371999994,1.60000,
,,, 0.02373999916,1.60000,
,,, 0.02376000024,1.56000,
,,, 0.02377999946,1.56000,
,,, 0.02379999869,1.60000,
,,, 0.02381999977,1.56000,
,,, 0.02383999899,1.60000,
,,, 0.02386000007,1.56000,
,,, 0.02387999929,1.56000,
,,, 0.02389999852,1.56000,
,,, 0.02391999960,1.56000,
,,, 0.02393999882,1.56000,
,,, 0.02395999990,1.56000,
,,, 0.02397999913,1.56000,
,,, 0.02400000021,1.56000,
,,, 0.02401999943,1.56000,
,,, 0.02403999865,1.56000,
,,, 0.02405999973,1.56000,
,,, 0.02407999896,1.56000,
,,, 0.02410000004,1.56000,
,,, 0.02411999926,1.56000,
,,, 0.02413999848,1.56000,
,,, 0.02415999956,1.56000,
,,, 0.02417999879,1.56000,
,,, 0.02419999987,1.56000,
,,, 0.02421999909,1.56000,
,,, 0.02424000017,1.56000,
,,, 0.02425999939,1.56000,
,,, 0.02427999862,1.52000,
,,, 0.02429999970,1.52000,
,,, 0.02431999892,1.52000,
,,, 0.02434000000,1.52000,
,,, 0.02435999922,1.56000,
,,, 0.02438000031,1.52000,
,,, 0.02439999953,1.56000,
,,, 0.02441999875,1.52000,
,,, 0.02443999983,1.56000,
,,, 0.02445999905,1.52000,
,,, 0.02448000014,1.52000,
,,, 0.02449999936,1.52000,
,,, 0.02451999858,1.52000,
,,, 0.02453999966,1.48000,
,,, 0.02455999888,1.52000,
,,, 0.02457999997,1.48000,
,,, 0.02459999919,1.52000,
,,, 0.02462000027,1.52000,
,,, 0.02463999949,1.48000,
,,, 0.02465999871,1.48000,
,,, 0.02467999980,1.48000,
,,, 0.02469999902,1.52000,
,,, 0.02472000010,1.48000,
,,, 0.02473999932,1.48000,
,,, 0.02475999855,1.48000,
,,, 0.02477999963,1.48000,
,,, 0.02479999885,1.48000,
,,, 0.02481999993,1.48000,
,,, 0.02483999915,1.48000,
,,, 0.02486000024,1.48000,
,,, 0.02487999946,1.48000,
,,, 0.02489999868,1.48000,
,,, 0.02491999976,1.48000,
,,, 0.02493999898,1.48000,
,,, 0.02496000007,1.48000,
,,, 0.02497999929,1.44000,
,,, 0.02499999851,1.44000,
,,, 0.02501999959,1.48000,
,,, 0.02503999881,1.48000,
,,, 0.02505999990,1.48000,
,,, 0.02507999912,1.48000,
,,, 0.02510000020,1.44000,
,,, 0.02511999942,1.44000,
,,, 0.02513999864,1.44000,
,,, 0.02515999973,1.44000,
,,, 0.02517999895,1.44000,
,,, 0.02520000003,1.44000,
,,, 0.02521999925,1.40000,
,,, 0.02523999847,1.44000,
,,, 0.02525999956,1.40000,
,,, 0.02527999878,1.40000,
,,, 0.02529999986,1.40000,
,,, 0.02531999908,1.44000,
,,, 0.02534000017,1.40000,
,,, 0.02535999939,1.40000,
,,, 0.02537999861,1.40000,
,,, 0.02539999969,1.40000,
,,, 0.02541999891,1.40000,
,,, 0.02544000000,1.40000,
,,, 0.02545999922,1.40000,
,,, 0.02547999844,1.40000,
,,, 0.02549999952,1.40000,
,,, 0.02551999874,1.40000,
,,, 0.02553999983,1.36000,
,,, 0.02555999905,1.36000,
,,, 0.02558000013,1.40000,
,,, 0.02559999935,1.40000,
,,, 0.02561999857,1.40000,
,,, 0.02563999966,1.40000,
,,, 0.02565999888,1.36000,
,,, 0.02567999996,1.40000,
,,, 0.02569999918,1.40000,
,,, 0.02572000027,1.40000,
,,, 0.02573999949,1.40000,
,,, 0.02575999871,1.36000,
,,, 0.02577999979,1.36000,
,,, 0.02579999901,1.36000,
,,, 0.02582000010,1.40000,
,,, 0.02583999932,1.40000,
,,, 0.02585999854,1.36000,
,,, 0.02587999962,1.36000,
,,, 0.02589999884,1.36000,
,,, 0.02591999993,1.36000,
,,, 0.02593999915,1.36000,
,,, 0.02596000023,1.36000,
,,, 0.02597999945,1.36000,
,,, 0.02599999867,1.32000,
,,, 0.02601999976,1.36000,
,,, 0.02603999898,1.32000,
,,, 0.02606000006,1.32000,
,,, 0.02607999928,1.36000,
,,, 0.02609999850,1.32000,
,,, 0.02611999959,1.32000,
,,, 0.02613999881,1.32000,
,,, 0.02615999989,1.32000,
,,, 0.02617999911,1.32000,
,,, 0.02620000020,1.32000,
,,, 0.02621999942,1.32000,
,,, 0.02623999864,1.32000,
,,, 0.02625999972,1.28000,
,,, 0.02627999894,1.32000,
,,, 0.02630000003,1.32000,
,,, 0.02631999925,1.32000,
,,, 0.02633999847,1.32000,
,,, 0.02635999955,1.32000,
,,, 0.02637999877,1.32000,
,,, 0.02639999986,1.32000,
,,, 0.02641999908,1.32000,
,,, 0.02644000016,1.28000,
,,, 0.02645999938,1.32000,
,,, 0.02647999860,1.28000,
,,, 0.02649999969,1.32000,
,,, 0.02651999891,1.28000,
,,, 0.02653999999,1.24000,
,,, 0.02655999921,1.28000,
,,, 0.02657999843,1.28000,
,,, 0.02659999952,1.24000,
,,, 0.02661999874,1.28000,
,,, 0.02663999982,1.28000,
,,, 0.02665999904,1.28000,
,,, 0.02668000013,1.28000,
,,, 0.02669999935,1.28000,
,,, 0.02671999857,1.32000,
,,, 0.02673999965,1.28000,
,,, 0.02675999887,1.28000,
,,, 0.02677999996,1.24000,
,,, 0.02679999918,1.24000,
,,, 0.02681999840,1.28000,
,,, 0.02683999948,1.28000,
,,, 0.02685999870,1.24000,
,,, 0.02687999979,1.24000,
,,, 0.02689999901,1.24000,
,,, 0.02692000009,1.24000,
,,, 0.02693999931,1.24000,
,,, 0.02695999853,1.24000,
,,, 0.02697999962,1.24000,
,,, 0.02699999884,1.24000,
,,, 0.02701999992,1.24000,
,,, 0.02703999914,1.24000,
,,, 0.02706000023,1.24000,
,,, 0.02707999945,1.24000,
,,, 0.02709999867,1.24000,
,,, 0.02711999975,1.24000,
,,, 0.02713999897,1.24000,
,,, 0.02716000006,1.24000,
,,, 0.02717999928,1.24000,
,,, 0.02719999850,1.24000,
,,, 0.02721999958,1.20000,
,,, 0.02723999880,1.24000,
,,, 0.02725999989,1.24000,
,,, 0.02727999911,1.20000,
,,, 0.02730000019,1.24000,
,,, 0.02731999941,1.20000,
,,, 0.02733999863,1.24000,
,,, 0.02735999972,1.24000,
,,, 0.02737999894,1.20000,
,,, 0.02740000002,1.16000,
,,, 0.02741999924,1.24000,
,,, 0.02743999846,1.20000,
,,, 0.02745999955,1.20000,
,,, 0.02747999877,1.20000,
,,, 0.02749999985,1.16000,
,,, 0.02751999907,1.16000,
,,, 0.02754000016,1.16000,
,,, 0.02755999938,1.20000,
,,, 0.02757999860,1.20000,
,,, 0.02759999968,1.16000,
,,, 0.02761999890,1.16000,
,,, 0.02763999999,1.20000,
,,, 0.02765999921,1.16000,
,,, 0.02767999843,1.16000,
,,, 0.02769999951,1.20000,
,,, 0.02771999873,1.16000,
,,, 0.02773999982,1.16000,
,,, 0.02775999904,1.16000,
,,, 0.02778000012,1.16000,
,,, 0.02779999934,1.16000,
,,, 0.02781999856,1.12000,
,,, 0.02783999965,1.16000,
,,, 0.02785999887,1.16000,
,,, 0.02787999995,1.12000,
,,, 0.02789999917,1.12000,
,,, 0.02791999839,1.16000,
,,, 0.02793999948,1.12000,
,,, 0.02795999870,1.12000,
,,, 0.02797999978,1.12000,
,,, 0.02799999900,1.12000,
,,, 0.02802000009,1.12000,
,,, 0.02803999931,1.08000,
,,, 0.02805999853,1.08000,
,,, 0.02807999961,1.12000,
,,, 0.02809999883,1.12000,
,,, 0.02811999992,1.12000,
,,, 0.02813999914,1.12000,
,,, 0.02815999836,1.08000,
,,, 0.02817999944,1.08000,
,,, 0.02819999866,1.08000,
,,, 0.02821999975,1.08000,
,,, 0.02823999897,1.08000,
,,, 0.02826000005,1.08000,
,,, 0.02827999927,1.12000,
,,, 0.02829999849,1.08000,
,,, 0.02831999958,1.08000,
,,, 0.02833999880,1.08000,
,,, 0.02835999988,1.08000,
,,, 0.02837999910,1.08000,
,,, 0.02840000018,1.08000,
,,, 0.02841999941,1.08000,
,,, 0.02843999863,1.08000,
,,, 0.02845999971,1.08000,
,,, 0.02847999893,1.08000,
,,, 0.02850000001,1.08000,
,,, 0.02851999924,1.08000,
,,, 0.02853999846,1.08000,
,,, 0.02855999954,1.08000,
,,, 0.02857999876,1.08000,
,,, 0.02859999985,1.08000,
,,, 0.02861999907,1.08000,
,,, 0.02864000015,1.08000,
,,, 0.02865999937,1.08000,
,,, 0.02867999859,1.00000,
,,, 0.02869999968,1.08000,
,,, 0.02871999890,1.08000,
,,, 0.02873999998,1.00000,
,,, 0.02875999920,1.00000,
,,, 0.02877999842,1.00000,
,,, 0.02879999951,0.96000,
,,, 0.02881999873,1.00000,
,,, 0.02883999981,1.00000,
,,, 0.02885999903,1.08000,
,,, 0.02888000011,0.96000,
,,, 0.02889999934,1.00000,
,,, 0.02891999856,1.00000,
,,, 0.02893999964,1.00000,
,,, 0.02895999886,1.00000,
,,, 0.02897999994,1.00000,
,,, 0.02899999917,0.96000,
,,, 0.02901999839,1.00000,
,,, 0.02903999947,1.00000,
,,, 0.02905999869,0.96000,
,,, 0.02907999977,1.00000,
,,, 0.02909999900,1.00000,
,,, 0.02912000008,0.96000,
,,, 0.02913999930,0.96000,
,,, 0.02915999852,0.96000,
,,, 0.02917999960,0.96000,
,,, 0.02919999883,0.96000,
,,, 0.02921999991,0.96000,
,,, 0.02923999913,0.96000,
,,, 0.02925999835,0.92000,
,,, 0.02927999943,0.96000,
,,, 0.02929999866,0.96000,
,,, 0.02931999974,0.92000,
,,, 0.02933999896,0.96000,
,,, 0.02936000004,0.96000,
,,, 0.02937999927,0.96000,
,,, 0.02939999849,0.96000,
,,, 0.02941999957,0.92000,
,,, 0.02943999879,1.00000,
,,, 0.02945999987,0.96000,
,,, 0.02947999910,0.96000,
,,, 0.02950000018,0.92000,
,,, 0.02951999940,0.92000,
,,, 0.02953999862,0.92000,
,,, 0.02955999970,0.92000,
,,, 0.02957999893,0.96000,
,,, 0.02960000001,0.92000,
,,, 0.02961999923,0.92000,
,,, 0.02963999845,0.88000,
,,, 0.02965999953,0.88000,
,,, 0.02967999876,0.88000,
,,, 0.02969999984,0.88000,
,,, 0.02971999906,0.92000,
,,, 0.02974000014,0.88000,
,,, 0.02975999936,0.88000,
,,, 0.02977999859,0.92000,
,,, 0.02979999967,0.88000,
,,, 0.02981999889,0.88000,
,,, 0.02983999997,0.88000,
,,, 0.02985999919,0.88000,
,,, 0.02987999842,0.88000,
,,, 0.02989999950,0.88000,
,,, 0.02991999872,0.88000,
,,, 0.02993999980,0.88000,
,,, 0.02995999902,0.88000,
,,, 0.02998000011,0.88000,
,,, 0.02999999933,0.88000,
,,, 0.03001999855,0.88000,
,,, 0.03003999963,0.88000,
,,, 0.03005999885,0.88000,
,,, 0.03007999994,0.88000,
,,, 0.03009999916,0.88000,
,,, 0.03011999838,0.88000,
,,, 0.03013999946,0.88000,
,,, 0.03015999869,0.88000,
,,, 0.03017999977,0.88000,
,,, 0.03019999899,0.88000,
,,, 0.03022000007,0.88000,
,,, 0.03023999929,0.88000,
,,, 0.03025999852,0.84000,
,,, 0.03027999960,0.84000,
,,, 0.03029999882,0.88000,
,,, 0.03031999990,0.88000,
,,, 0.03033999912,0.88000,
,,, 0.03035999835,0.88000,
,,, 0.03037999943,0.84000,
,,, 0.03039999865,0.88000,
,,, 0.03041999973,0.84000,
,,, 0.03043999895,0.84000,
,,, 0.03046000004,0.84000,
,,, 0.03047999926,0.84000,
,,, 0.03049999848,0.84000,
,,, 0.03051999956,0.84000,
,,, 0.03053999878,0.84000,
,,, 0.03055999987,0.80000,
,,, 0.03057999909,0.84000,
,,, 0.03059999831,0.84000,
,,, 0.03061999939,0.84000,
,,, 0.03063999861,0.80000,
,,, 0.03065999970,0.80000,
,,, 0.03067999892,0.80000,
,,, 0.03070000000,0.84000,
,,, 0.03071999922,0.80000,
,,, 0.03073999844,0.80000,
,,, 0.03075999953,0.80000,
,,, 0.03077999875,0.80000,
,,, 0.03079999983,0.80000,
,,, 0.03081999905,0.76000,
,,, 0.03084000014,0.80000,
,,, 0.03085999936,0.80000,
,,, 0.03087999858,0.76000,
,,, 0.03089999966,0.80000,
,,, 0.03091999888,0.80000,
,,, 0.03093999997,0.80000,
,,, 0.03095999919,0.80000,
,,, 0.03097999841,0.76000,
,,, 0.03099999949,0.76000,
,,, 0.03101999871,0.80000,
,,, 0.03103999980,0.72000,
,,, 0.03105999902,0.72000,
,,, 0.03108000010,0.80000,
,,, 0.03109999932,0.72000,
,,, 0.03111999854,0.76000,
,,, 0.03113999963,0.72000,
,,, 0.03115999885,0.72000,
,,, 0.03117999993,0.72000,
,,, 0.03119999915,0.72000,
,,, 0.03121999837,0.72000,
,,, 0.03123999946,0.76000,
,,, 0.03125999868,0.72000,
,,, 0.03127999976,0.72000,
,,, 0.03130000085,0.72000,
,,, 0.03131999820,0.72000,
,,, 0.03133999929,0.72000,
,,, 0.03136000037,0.72000,
,,, 0.03137999773,0.72000,
,,, 0.03139999881,0.72000,
,,, 0.03141999990,0.72000,
,,, 0.03144000098,0.72000,
,,, 0.03145999834,0.72000,
,,, 0.03147999942,0.72000,
,,, 0.03150000051,0.72000,
,,, 0.03151999786,0.72000,
,,, 0.03153999895,0.72000,
,,, 0.03156000003,0.72000,
,,, 0.03157999739,0.72000,
,,, 0.03159999847,0.68000,
,,, 0.03161999956,0.72000,
,,, 0.03164000064,0.72000,
,,, 0.03165999800,0.72000,
,,, 0.03167999908,0.72000,
,,, 0.03170000017,0.72000,
,,, 0.03171999753,0.68000,
,,, 0.03173999861,0.68000,
,,, 0.03175999969,0.68000,
,,, 0.03178000078,0.72000,
,,, 0.03179999813,0.68000,
,,, 0.03181999922,0.68000,
,,, 0.03184000030,0.68000,
,,, 0.03185999766,0.68000,
,,, 0.03187999874,0.68000,
,,, 0.03189999983,0.72000,
,,, 0.03192000091,0.68000,
,,, 0.03193999827,0.68000,
,,, 0.03195999935,0.68000,
,,, 0.03198000044,0.68000,
,,, 0.03199999779,0.68000,
,,, 0.03201999888,0.64000,
,,, 0.03203999996,0.68000,
,,, 0.03206000105,0.68000,
,,, 0.03207999840,0.64000,
,,, 0.03209999949,0.68000,
,,, 0.03212000057,0.64000,
,,, 0.03213999793,0.64000,
,,, 0.03215999901,0.64000,
,,, 0.03218000010,0.64000,
,,, 0.03219999745,0.64000,
,,, 0.03221999854,0.64000,
,,, 0.03223999962,0.64000,
,,, 0.03226000071,0.64000,
,,, 0.03227999806,0.64000,
,,, 0.03229999915,0.68000,
,,, 0.03232000023,0.64000,
,,, 0.03233999759,0.64000,
,,, 0.03235999867,0.60000,
,,, 0.03237999976,0.60000,
,,, 0.03240000084,0.60000,
,,, 0.03241999820,0.60000,
,,, 0.03243999928,0.64000,
,,, 0.03246000037,0.64000,
,,, 0.03247999772,0.60000,
,,, 0.03249999881,0.60000,
,,, 0.03251999989,0.56000,
,,, 0.03254000098,0.60000,
,,, 0.03255999833,0.64000,
,,, 0.03257999942,0.60000,
,,, 0.03260000050,0.60000,
,,, 0.03261999786,0.60000,
,,, 0.03263999894,0.60000,
,,, 0.03266000003,0.60000,
,,, 0.03267999738,0.56000,
,,, 0.03269999847,0.56000,
,,, 0.03271999955,0.56000,
,,, 0.03274000064,0.56000,
,,, 0.03275999799,0.56000,
,,, 0.03277999908,0.56000,
,,, 0.03280000016,0.56000,
,,, 0.03281999752,0.56000,
,,, 0.03283999860,0.56000,
,,, 0.03285999969,0.56000,
,,, 0.03288000077,0.56000,
,,, 0.03289999813,0.56000,
,,, 0.03291999921,0.56000,
,,, 0.03294000030,0.56000,
,,, 0.03295999765,0.56000,
,,, 0.03297999874,0.56000,
,,, 0.03299999982,0.56000,
,,, 0.03302000090,0.56000,
,,, 0.03303999826,0.56000,
,,, 0.03305999935,0.56000,
,,, 0.03308000043,0.52000,
,,, 0.03309999779,0.56000,
,,, 0.03311999887,0.56000,
,,, 0.03313999996,0.56000,
,,, 0.03315999731,0.52000,
,,, 0.03317999840,0.52000,
,,, 0.03319999948,0.56000,
,,, 0.03322000057,0.56000,
,,, 0.03323999792,0.56000,
,,, 0.03325999901,0.52000,
,,, 0.03328000009,0.48000,
,,, 0.03329999745,0.52000,
,,, 0.03331999853,0.52000,
,,, 0.03333999962,0.56000,
,,, 0.03336000070,0.52000,
,,, 0.03337999806,0.48000,
,,, 0.03339999914,0.48000,
,,, 0.03342000023,0.48000,
,,, 0.03343999758,0.52000,
,,, 0.03345999867,0.48000,
,,, 0.03347999975,0.52000,
,,, 0.03350000083,0.52000,
,,, 0.03351999819,0.48000,
,,, 0.03353999928,0.52000,
,,, 0.03356000036,0.48000,
,,, 0.03357999772,0.52000,
,,, 0.03359999880,0.52000,
,,, 0.03361999989,0.48000,
,,, 0.03364000097,0.48000,
,,, 0.03365999833,0.48000,
,,, 0.03367999941,0.48000,
,,, 0.03370000049,0.48000,
,,, 0.03371999785,0.48000,
,,, 0.03373999894,0.48000,
,,, 0.03376000002,0.44000,
,,, 0.03377999738,0.44000,
,,, 0.03379999846,0.48000,
,,, 0.03381999955,0.48000,
,,, 0.03384000063,0.44000,
,,, 0.03385999799,0.44000,
,,, 0.03387999907,0.40000,
,,, 0.03390000015,0.44000,
,,, 0.03391999751,0.44000,
,,, 0.03393999860,0.44000,
,,, 0.03395999968,0.44000,
,,, 0.03398000076,0.44000,
,,, 0.03399999812,0.40000,
,,, 0.03401999921,0.40000,
,,, 0.03404000029,0.40000,
,,, 0.03405999765,0.40000,
,,, 0.03407999873,0.44000,
,,, 0.03409999982,0.40000,
,,, 0.03412000090,0.40000,
,,, 0.03413999826,0.40000,
,,, 0.03415999934,0.40000,
,,, 0.03418000042,0.40000,
,,, 0.03419999778,0.40000,
,,, 0.03421999887,0.40000,
,,, 0.03423999995,0.40000,
,,, 0.03425999731,0.40000,
,,, 0.03427999839,0.40000,
,,, 0.03429999948,0.40000,
,,, 0.03432000056,0.40000,
,,, 0.03433999792,0.40000,
,,, 0.03435999900,0.40000,
,,, 0.03438000008,0.40000,
,,, 0.03439999744,0.40000,
,,, 0.03441999853,0.40000,
,,, 0.03443999961,0.40000,
,,, 0.03446000069,0.40000,
,,, 0.03447999805,0.40000,
,,, 0.03449999914,0.40000,
,,, 0.03452000022,0.40000,
,,, 0.03453999758,0.40000,
,,, 0.03455999866,0.36000,
,,, 0.03457999974,0.36000,
,,, 0.03460000083,0.36000,
,,, 0.03461999819,0.40000,
,,, 0.03463999927,0.32000,
,,, 0.03466000035,0.36000,
,,, 0.03467999771,0.36000,
,,, 0.03469999880,0.32000,
,,, 0.03471999988,0.36000,
,,, 0.03474000096,0.36000,
,,, 0.03475999832,0.32000,
,,, 0.03477999941,0.32000,
,,, 0.03480000049,0.32000,
,,, 0.03481999785,0.32000,
,,, 0.03483999893,0.32000,
,,, 0.03486000001,0.32000,
,,, 0.03487999737,0.32000,
,,, 0.03489999846,0.32000,
,,, 0.03491999954,0.32000,
,,, 0.03494000062,0.32000,
,,, 0.03495999798,0.36000,
,,, 0.03497999907,0.32000,
,,, 0.03500000015,0.32000,
,,, 0.03501999751,0.32000,
,,, 0.03503999859,0.32000,
,,, 0.03505999967,0.32000,
,,, 0.03508000076,0.28000,
,,, 0.03509999812,0.28000,
,,, 0.03511999920,0.28000,
,,, 0.03514000028,0.32000,
,,, 0.03515999764,0.28000,
,,, 0.03517999873,0.28000,
,,, 0.03519999981,0.32000,
,,, 0.03522000089,0.28000,
,,, 0.03523999825,0.32000,
,,, 0.03525999933,0.28000,
,,, 0.03528000042,0.28000,
,,, 0.03529999778,0.28000,
,,, 0.03531999886,0.28000,
,,, 0.03533999994,0.28000,
,,, 0.03535999730,0.32000,
,,, 0.03537999839,0.28000,
,,, 0.03539999947,0.24000,
,,, 0.03542000055,0.24000,
,,, 0.03543999791,0.24000,
,,, 0.03545999900,0.28000,
,,, 0.03548000008,0.28000,
,,, 0.03549999744,0.28000,
,,, 0.03551999852,0.24000,
,,, 0.03553999960,0.24000,
,,, 0.03556000069,0.24000,
,,, 0.03557999805,0.24000,
,,, 0.03559999913,0.28000,
,,, 0.03562000021,0.24000,
,,, 0.03563999757,0.24000,
,,, 0.03565999866,0.24000,
,,, 0.03567999974,0.24000,
,,, 0.03570000082,0.24000,
,,, 0.03571999818,0.24000,
,,, 0.03573999926,0.28000,
,,, 0.03576000035,0.24000,
,,, 0.03577999771,0.24000,
,,, 0.03579999879,0.24000,
,,, 0.03581999987,0.24000,
,,, 0.03583999723,0.24000,
,,, 0.03585999832,0.24000,
,,, 0.03587999940,0.24000,
,,, 0.03590000048,0.20000,
,,, 0.03591999784,0.24000,
,,, 0.03593999892,0.24000,
,,, 0.03596000001,0.24000,
,,, 0.03597999737,0.24000,
,,, 0.03599999845,0.24000,
,,, 0.03601999953,0.20000,
,,, 0.03604000062,0.24000,
,,, 0.03605999798,0.24000,
,,, 0.03607999906,0.24000,
,,, 0.03610000014,0.24000,
,,, 0.03611999750,0.24000,
,,, 0.03613999858,0.20000,
,,, 0.03615999967,0.16000,
,,, 0.03618000075,0.20000,
,,, 0.03619999811,0.24000,
,,, 0.03621999919,0.20000,
,,, 0.03624000028,0.24000,
,,, 0.03625999764,0.20000,
,,, 0.03627999872,0.20000,
,,, 0.03629999980,0.20000,
,,, 0.03632000089,0.20000,
,,, 0.03633999825,0.20000,
,,, 0.03635999933,0.16000,
,,, 0.03638000041,0.20000,
,,, 0.03639999777,0.16000,
,,, 0.03641999885,0.20000,
,,, 0.03643999994,0.20000,
,,, 0.03645999730,0.20000,
,,, 0.03647999838,0.20000,
,,, 0.03649999946,0.16000,
,,, 0.03652000055,0.20000,
,,, 0.03653999791,0.20000,
,,, 0.03655999899,0.16000,
,,, 0.03658000007,0.16000,
,,, 0.03659999743,0.16000,
,,, 0.03661999851,0.20000,
,,, 0.03663999960,0.16000,
,,, 0.03666000068,0.16000,
,,, 0.03667999804,0.16000,
,,, 0.03669999912,0.12000,
,,, 0.03672000021,0.16000,
,,, 0.03673999757,0.16000,
,,, 0.03675999865,0.16000,
,,, 0.03677999973,0.16000,
,,, 0.03680000082,0.16000,
,,, 0.03681999817,0.16000,
,,, 0.03683999926,0.16000,
,,, 0.03686000034,0.16000,
,,, 0.03687999770,0.16000,
,,, 0.03689999878,0.20000,
,,, 0.03691999987,0.20000,
,,, 0.03693999723,0.16000,
,,, 0.03695999831,0.16000,
,,, 0.03697999939,0.16000,
,,, 0.03700000048,0.16000,
,,, 0.03701999784,0.16000,
,,, 0.03703999892,0.20000,
,,, 0.03706000000,0.16000,
,,, 0.03707999736,0.16000,
,,, 0.03709999844,0.16000,
,,, 0.03711999953,0.16000,
,,, 0.03714000061,0.20000,
,,, 0.03715999797,0.20000,
,,, 0.03717999905,0.20000,
,,, 0.03720000014,0.20000,
,,, 0.03721999750,0.20000,
,,, 0.03723999858,0.20000,
,,, 0.03725999966,0.20000,
,,, 0.03728000075,0.20000,
,,, 0.03729999810,0.20000,
,,, 0.03731999919,0.24000,
,,, 0.03734000027,0.20000,
,,, 0.03735999763,0.20000,
,,, 0.03737999871,0.24000,
,,, 0.03739999980,0.24000,
,,, 0.03742000088,0.24000,
,,, 0.03743999824,0.20000,
,,, 0.03745999932,0.24000,
,,, 0.03748000041,0.24000,
,,, 0.03749999776,0.20000,
,,, 0.03751999885,0.24000,
,,, 0.03753999993,0.24000,
,,, 0.03755999729,0.24000,
,,, 0.03757999837,0.24000,
,,, 0.03759999946,0.24000,
,,, 0.03762000054,0.20000,
,,, 0.03763999790,0.24000,
,,, 0.03765999898,0.24000,
,,, 0.03768000007,0.24000,
,,, 0.03769999743,0.24000,
,,, 0.03771999851,0.24000,
,,, 0.03773999959,0.24000,
,,, 0.03776000068,0.24000,
,,, 0.03777999803,0.24000,
,,, 0.03779999912,0.24000,
,,, 0.03782000020,0.24000,
,,, 0.03783999756,0.24000,
,,, 0.03785999864,0.28000,
,,, 0.03787999973,0.24000,
,,, 0.03790000081,0.28000,
,,, 0.03791999817,0.28000,
,,, 0.03793999925,0.24000,
,,, 0.03796000034,0.24000,
,,, 0.03797999769,0.24000,
,,, 0.03799999878,0.24000,
,,, 0.03801999986,0.28000,
,,, 0.03803999722,0.28000,
,,, 0.03805999830,0.28000,
,,, 0.03807999939,0.28000,
,,, 0.03810000047,0.24000,
,,, 0.03811999783,0.28000,
,,, 0.03813999891,0.28000,
,,, 0.03816000000,0.28000,
,,, 0.03817999735,0.24000,
,,, 0.03819999844,0.24000,
,,, 0.03821999952,0.28000,
,,, 0.03824000061,0.28000,
,,, 0.03825999796,0.32000,
,,, 0.03827999905,0.28000,
,,, 0.03830000013,0.32000,
,,, 0.03831999749,0.28000,
,,, 0.03833999857,0.28000,
,,, 0.03835999966,0.32000,
,,, 0.03838000074,0.32000,
,,, 0.03839999810,0.32000,
,,, 0.03841999918,0.32000,
,,, 0.03844000027,0.32000,
,,, 0.03845999762,0.32000,
,,, 0.03847999871,0.32000,
,,, 0.03849999979,0.32000,
,,, 0.03852000087,0.36000,
,,, 0.03853999823,0.32000,
,,, 0.03855999932,0.32000,
,,, 0.03858000040,0.32000,
,,, 0.03859999776,0.32000,
,,, 0.03861999884,0.36000,
,,, 0.03863999993,0.36000,
,,, 0.03865999728,0.32000,
,,, 0.03867999837,0.36000,
,,, 0.03869999945,0.32000,
,,, 0.03872000054,0.36000,
,,, 0.03873999789,0.36000,
,,, 0.03875999898,0.40000,
,,, 0.03878000006,0.36000,
,,, 0.03879999742,0.32000,
,,, 0.03881999850,0.40000,
,,, 0.03883999959,0.36000,
,,, 0.03886000067,0.36000,
,,, 0.03887999803,0.36000,
,,, 0.03889999911,0.40000,
,,, 0.03892000020,0.40000,
,,, 0.03893999755,0.36000,
,,, 0.03895999864,0.40000,
,,, 0.03897999972,0.40000,
,,, 0.03900000080,0.40000,
,,, 0.03901999816,0.40000,
,,, 0.03903999925,0.40000,
,,, 0.03906000033,0.40000,
,,, 0.03907999769,0.40000,
,,, 0.03909999877,0.40000,
,,, 0.03911999986,0.40000,
,,, 0.03913999721,0.40000,
,,, 0.03915999830,0.40000,
,,, 0.03917999938,0.40000,
,,, 0.03920000046,0.40000,
,,, 0.03921999782,0.40000,
,,, 0.03923999891,0.40000,
,,, 0.03925999999,0.40000,
,,, 0.03927999735,0.40000,
,,, 0.03929999843,0.40000,
,,, 0.03931999952,0.40000,
,,, 0.03934000060,0.40000,
,,, 0.03935999796,0.40000,
,,, 0.03937999904,0.40000,
,,, 0.03940000013,0.40000,
,,, 0.03941999748,0.44000,
,,, 0.03943999857,0.44000,
,,, 0.03945999965,0.40000,
,,, 0.03948000073,0.44000,
,,, 0.03949999809,0.44000,
,,, 0.03951999918,0.44000,
,,, 0.03954000026,0.44000,
,,, 0.03955999762,0.40000,
,,, 0.03957999870,0.40000,
,,, 0.03959999979,0.44000,
,,, 0.03961999714,0.40000,
,,, 0.03963999823,0.48000,
,,, 0.03965999931,0.44000,
,,, 0.03968000039,0.44000,
,,, 0.03969999775,0.48000,
,,, 0.03971999884,0.48000,
,,, 0.03973999992,0.48000,
,,, 0.03975999728,0.48000,
,,, 0.03977999836,0.48000,
,,, 0.03979999945,0.48000,
,,, 0.03982000053,0.48000,
,,, 0.03983999789,0.48000,
,,, 0.03985999897,0.48000,
,,, 0.03988000005,0.48000,
,,, 0.03989999741,0.48000,
,,, 0.03991999850,0.48000,
,,, 0.03993999958,0.48000,
,,, 0.03996000066,0.48000,
,,, 0.03997999802,0.48000,
,,, 0.03999999911,0.48000,
,,, 0.04002000019,0.48000,
,,, 0.04003999755,0.48000,
,,, 0.04005999863,0.48000,
,,, 0.04007999972,0.48000,
,,, 0.04010000080,0.48000,
,,, 0.04011999816,0.48000,
,,, 0.04013999924,0.52000,
,,, 0.04016000032,0.52000,
,,, 0.04017999768,0.52000,
,,, 0.04019999877,0.52000,
,,, 0.04021999985,0.52000,
,,, 0.04023999721,0.52000,
,,, 0.04025999829,0.52000,
,,, 0.04027999938,0.52000,
,,, 0.04030000046,0.52000,
,,, 0.04031999782,0.56000,
,,, 0.04033999890,0.52000,
,,, 0.04035999998,0.52000,
,,, 0.04037999734,0.52000,
,,, 0.04039999843,0.56000,
,,, 0.04041999951,0.56000,
,,, 0.04044000059,0.56000,
,,, 0.04045999795,0.52000,
,,, 0.04047999904,0.56000,
,,, 0.04050000012,0.56000,
,,, 0.04051999748,0.56000,
,,, 0.04053999856,0.56000,
,,, 0.04055999964,0.56000,
,,, 0.04058000073,0.56000,
,,, 0.04059999809,0.56000,
,,, 0.04061999917,0.52000,
,,, 0.04064000025,0.56000,
,,, 0.04065999761,0.56000,
,,, 0.04067999870,0.56000,
,,, 0.04069999978,0.56000,
,,, 0.04071999714,0.56000,
,,, 0.04073999822,0.56000,
,,, 0.04075999931,0.56000,
,,, 0.04078000039,0.56000,
,,, 0.04079999775,0.60000,
,,, 0.04081999883,0.56000,
,,, 0.04083999991,0.56000,
,,, 0.04085999727,0.60000,
,,, 0.04087999836,0.56000,
,,, 0.04089999944,0.60000,
,,, 0.04092000052,0.60000,
,,, 0.04093999788,0.60000,
,,, 0.04095999897,0.60000,
,,, 0.04098000005,0.56000,
,,, 0.04099999741,0.60000,
,,, 0.04101999849,0.60000,
,,, 0.04103999957,0.64000,
,,, 0.04106000066,0.64000,
,,, 0.04107999802,0.56000,
,,, 0.04109999910,0.60000,
,,, 0.04112000018,0.64000,
,,, 0.04113999754,0.60000,
,,, 0.04115999863,0.64000,
,,, 0.04117999971,0.64000,
,,, 0.04120000079,0.64000,
,,, 0.04121999815,0.64000,
,,, 0.04123999923,0.64000,
,,, 0.04126000032,0.64000,
,,, 0.04127999768,0.64000,
,,, 0.04129999876,0.64000,
,,, 0.04131999984,0.68000,
,,, 0.04133999720,0.64000,
,,, 0.04135999829,0.64000,
,,, 0.04137999937,0.64000,
,,, 0.04140000045,0.68000,
,,, 0.04141999781,0.64000,
,,, 0.04143999889,0.64000,
,,, 0.04145999998,0.64000,
,,, 0.04147999734,0.68000,
,,, 0.04149999842,0.64000,
,,, 0.04151999950,0.68000,
,,, 0.04154000059,0.64000,
,,, 0.04155999795,0.64000,
,,, 0.04157999903,0.68000,
,,, 0.04160000011,0.68000,
,,, 0.04161999747,0.68000,
,,, 0.04163999856,0.72000,
,,, 0.04165999964,0.72000,
,,, 0.04168000072,0.72000,
,,, 0.04169999808,0.72000,
,,, 0.04171999916,0.72000,
,,, 0.04174000025,0.64000,
,,, 0.04175999761,0.72000,
,,, 0.04177999869,0.68000,
,,, 0.04179999977,0.72000,
,,, 0.04181999713,0.68000,
,,, 0.04183999822,0.68000,
,,, 0.04185999930,0.68000,
,,, 0.04188000038,0.72000,
,,, 0.04189999774,0.72000,
,,, 0.04191999882,0.76000,
,,, 0.04193999991,0.72000,
,,, 0.04195999727,0.72000,
,,, 0.04197999835,0.72000,
,,, 0.04199999943,0.72000,
,,, 0.04202000052,0.72000,
,,, 0.04203999788,0.72000,
,,, 0.04205999896,0.72000,
,,, 0.04208000004,0.72000,
,,, 0.04209999740,0.72000,
,,, 0.04211999848,0.72000,
,,, 0.04213999957,0.76000,
,,, 0.04216000065,0.76000,
,,, 0.04217999801,0.72000,
,,, 0.04219999909,0.72000,
,,, 0.04222000018,0.76000,
,,, 0.04223999754,0.72000,
,,, 0.04225999862,0.80000,
,,, 0.04227999970,0.76000,
,,, 0.04230000079,0.76000,
,,, 0.04231999815,0.76000,
,,, 0.04233999923,0.72000,
,,, 0.04236000031,0.76000,
,,, 0.04237999767,0.76000,
,,, 0.04239999875,0.80000,
,,, 0.04241999984,0.76000,
,,, 0.04243999720,0.76000,
,,, 0.04245999828,0.76000,
,,, 0.04247999936,0.76000,
,,, 0.04250000045,0.76000,
,,, 0.04251999781,0.80000,
,,, 0.04253999889,0.80000,
,,, 0.04255999997,0.80000,
,,, 0.04257999733,0.80000,
,,, 0.04259999841,0.80000,
,,, 0.04261999950,0.76000,
,,, 0.04264000058,0.84000,
,,, 0.04265999794,0.76000,
,,, 0.04267999902,0.80000,
,,, 0.04270000011,0.80000,
,,, 0.04271999747,0.80000,
,,, 0.04273999855,0.80000,
,,, 0.04275999963,0.80000,
,,, 0.04278000072,0.80000,
,,, 0.04279999807,0.80000,
,,, 0.04281999916,0.76000,
,,, 0.04284000024,0.80000,
,,, 0.04285999760,0.80000,
,,, 0.04287999868,0.80000,
,,, 0.04289999977,0.84000,
,,, 0.04291999713,0.84000,
,,, 0.04293999821,0.80000,
,,, 0.04295999929,0.80000,
,,, 0.04298000038,0.84000,
,,, 0.04299999774,0.80000,
,,, 0.04301999882,0.84000,
,,, 0.04303999990,0.88000,
,,, 0.04305999726,0.84000,
,,, 0.04307999834,0.80000,
,,, 0.04309999943,0.84000,
,,, 0.04312000051,0.84000,
,,, 0.04313999787,0.88000,
,,, 0.04315999895,0.84000,
,,, 0.04318000004,0.84000,
,,, 0.04319999740,0.84000,
,,, 0.04321999848,0.88000,
,,, 0.04323999956,0.84000,
,,, 0.04326000065,0.84000,
,,, 0.04327999800,0.88000,
,,, 0.04329999909,0.88000,
,,, 0.04332000017,0.84000,
,,, 0.04333999753,0.84000,
,,, 0.04335999861,0.88000,
,,, 0.04337999970,0.88000,
,,, 0.04339999706,0.88000,
,,, 0.04341999814,0.88000,
,,, 0.04343999922,0.88000,
,,, 0.04346000031,0.88000,
,,, 0.04347999766,0.88000,
,,, 0.04349999875,0.84000,
,,, 0.04351999983,0.88000,
,,, 0.04353999719,0.88000,
,,, 0.04355999827,0.88000,
,,, 0.04357999936,0.88000,
,,, 0.04360000044,0.88000,
,,, 0.04361999780,0.88000,
,,, 0.04363999888,0.88000,
,,, 0.04365999997,0.88000,
,,, 0.04367999732,0.88000,
,,, 0.04369999841,0.88000,
,,, 0.04371999949,0.88000,
,,, 0.04374000058,0.88000,
,,, 0.04375999793,0.88000,
,,, 0.04377999902,0.88000,
,,, 0.04380000010,0.88000,
,,, 0.04381999746,0.88000,
,,, 0.04383999854,0.88000,
,,, 0.04385999963,0.88000,
,,, 0.04388000071,0.92000,
,,, 0.04389999807,0.92000,
,,, 0.04391999915,0.92000,
,,, 0.04394000024,0.92000,
,,, 0.04395999759,0.92000,
,,, 0.04397999868,0.92000,
,,, 0.04399999976,0.88000,
,,, 0.04401999712,0.92000,
,,, 0.04403999820,0.96000,
,,, 0.04405999929,0.92000,
,,, 0.04408000037,0.88000,
,,, 0.04409999773,0.92000,
,,, 0.04411999881,0.92000,
,,, 0.04413999990,0.88000,
,,, 0.04415999725,0.96000,
,,, 0.04417999834,1.00000,
,,, 0.04419999942,0.96000,
,,, 0.04422000051,0.96000,
,,, 0.04423999786,0.96000,
,,, 0.04425999895,0.96000,
,,, 0.04428000003,0.96000,
,,, 0.04429999739,0.96000,
,,, 0.04431999847,1.00000,
,,, 0.04433999956,0.96000,
,,, 0.04436000064,1.00000,
,,, 0.04437999800,1.00000,
,,, 0.04439999908,0.96000,
,,, 0.04442000017,0.96000,
,,, 0.04443999752,1.00000,
,,, 0.04445999861,1.00000,
,,, 0.04447999969,1.00000,
,,, 0.04449999705,0.96000,
,,, 0.04451999813,1.00000,
,,, 0.04453999922,1.00000,
,,, 0.04456000030,1.00000,
,,, 0.04457999766,1.00000,
,,, 0.04459999874,1.00000,
,,, 0.04461999983,1.00000,
,,, 0.04463999718,1.00000,
,,, 0.04465999827,1.00000,
,,, 0.04467999935,1.00000,
,,, 0.04470000044,1.08000,
,,, 0.04471999779,1.08000,
,,, 0.04473999888,1.08000,
,,, 0.04475999996,1.08000,
,,, 0.04477999732,1.00000,
,,, 0.04479999840,1.08000,
,,, 0.04481999949,1.08000,
,,, 0.04484000057,1.08000,
,,, 0.04485999793,1.00000,
,,, 0.04487999901,1.00000,
,,, 0.04490000010,1.08000,
,,, 0.04491999745,1.08000,
,,, 0.04493999854,1.00000,
,,, 0.04495999962,1.08000,
,,, 0.04498000070,1.08000,
,,, 0.04499999806,1.08000,
,,, 0.04501999915,1.08000,
,,, 0.04504000023,1.08000,
,,, 0.04505999759,1.08000,
,,, 0.04507999867,1.08000,
,,, 0.04509999976,1.08000,
,,, 0.04511999711,1.08000,
,,, 0.04513999820,1.08000,
,,, 0.04515999928,1.08000,
,,, 0.04518000036,1.08000,
,,, 0.04519999772,1.12000,
,,, 0.04521999881,1.08000,
,,, 0.04523999989,1.08000,
,,, 0.04525999725,1.08000,
,,, 0.04527999833,1.08000,
,,, 0.04529999942,1.12000,
,,, 0.04532000050,1.12000,
,,, 0.04533999786,1.08000,
,,, 0.04535999894,1.08000,
,,, 0.04538000003,1.08000,
,,, 0.04539999738,1.12000,
,,, 0.04541999847,1.12000,
,,, 0.04543999955,1.12000,
,,, 0.04546000063,1.12000,
,,, 0.04547999799,1.12000,
,,, 0.04549999908,1.12000,
,,, 0.04552000016,1.12000,
,,, 0.04553999752,1.16000,
,,, 0.04555999860,1.12000,
,,, 0.04557999969,1.16000,
,,, 0.04559999704,1.16000,
,,, 0.04561999813,1.12000,
,,, 0.04563999921,1.12000,
,,, 0.04566000029,1.16000,
,,, 0.04567999765,1.16000,
,,, 0.04569999874,1.16000,
,,, 0.04571999982,1.16000,
,,, 0.04573999718,1.20000,
,,, 0.04575999826,1.16000,
,,, 0.04577999935,1.16000,
,,, 0.04580000043,1.16000,
,,, 0.04581999779,1.16000,
,,, 0.04583999887,1.20000,
,,, 0.04585999995,1.16000,
,,, 0.04587999731,1.16000,
,,, 0.04589999840,1.20000,
,,, 0.04591999948,1.16000,
,,, 0.04594000056,1.20000,
,,, 0.04595999792,1.16000,
,,, 0.04597999901,1.16000,
,,, 0.04600000009,1.20000,
,,, 0.04601999745,1.20000,
,,, 0.04603999853,1.20000,
,,, 0.04605999961,1.20000,
,,, 0.04608000070,1.24000,
,,, 0.04609999806,1.20000,
,,, 0.04611999914,1.20000,
,,, 0.04614000022,1.24000,
,,, 0.04615999758,1.20000,
,,, 0.04617999867,1.24000,
,,, 0.04619999975,1.24000,
,,, 0.04621999711,1.20000,
,,, 0.04623999819,1.20000,
,,, 0.04625999928,1.20000,
,,, 0.04628000036,1.24000,
,,, 0.04629999772,1.24000,
,,, 0.04631999880,1.20000,
,,, 0.04633999988,1.24000,
,,, 0.04635999724,1.24000,
,,, 0.04637999833,1.24000,
,,, 0.04639999941,1.24000,
,,, 0.04642000049,1.24000,
,,, 0.04643999785,1.24000,
,,, 0.04645999894,1.24000,
,,, 0.04648000002,1.24000,
,,, 0.04649999738,1.24000,
,,, 0.04651999846,1.24000,
,,, 0.04653999954,1.24000,
,,, 0.04656000063,1.24000,
,,, 0.04657999799,1.24000,
,,, 0.04659999907,1.24000,
,,, 0.04662000015,1.24000,
,,, 0.04663999751,1.28000,
,,, 0.04665999860,1.28000,
,,, 0.04667999968,1.24000,
,,, 0.04669999704,1.24000,
,,, 0.04671999812,1.24000,
,,, 0.04673999920,1.24000,
,,, 0.04676000029,1.24000,
,,, 0.04677999765,1.28000,
,,, 0.04679999873,1.24000,
,,, 0.04681999981,1.28000,
,,, 0.04683999717,1.24000,
,,, 0.04685999826,1.28000,
,,, 0.04687999934,1.28000,
,,, 0.04690000042,1.32000,
,,, 0.04691999778,1.32000,
,,, 0.04693999887,1.32000,
,,, 0.04695999995,1.28000,
,,, 0.04697999731,1.28000,
,,, 0.04699999839,1.28000,
,,, 0.04701999947,1.28000,
,,, 0.04704000056,1.28000,
,,, 0.04705999792,1.28000,
,,, 0.04707999900,1.32000,
,,, 0.04710000008,1.28000,
,,, 0.04711999744,1.32000,
,,, 0.04713999853,1.32000,
,,, 0.04715999961,1.32000,
,,, 0.04717999697,1.36000,
,,, 0.04719999805,1.36000,
,,, 0.04721999913,1.32000,
,,, 0.04724000022,1.32000,
,,, 0.04725999758,1.32000,
,,, 0.04727999866,1.32000,
,,, 0.04729999974,1.32000,
,,, 0.04731999710,1.36000,
,,, 0.04733999819,1.36000,
,,, 0.04735999927,1.32000,
,,, 0.04738000035,1.32000,
,,, 0.04739999771,1.36000,
,,, 0.04741999879,1.32000,
,,, 0.04743999988,1.36000,
,,, 0.04745999724,1.36000,
,,, 0.04747999832,1.32000,
,,, 0.04749999940,1.32000,
,,, 0.04752000049,1.36000,
,,, 0.04753999785,1.40000,
,,, 0.04755999893,1.40000,
,,, 0.04758000001,1.40000,
,,, 0.04759999737,1.40000,
,,, 0.04761999846,1.36000,
,,, 0.04763999954,1.40000,
,,, 0.04766000062,1.36000,
,,, 0.04767999798,1.40000,
,,, 0.04769999906,1.36000,
,,, 0.04772000015,1.40000,
,,, 0.04773999751,1.36000,
,,, 0.04775999859,1.36000,
,,, 0.04777999967,1.36000,
,,, 0.04779999703,1.40000,
,,, 0.04781999812,1.40000,
,,, 0.04783999920,1.40000,
,,, 0.04786000028,1.40000,
,,, 0.04787999764,1.40000,
,,, 0.04789999872,1.40000,
,,, 0.04791999981,1.40000,
,,, 0.04793999717,1.40000,
,,, 0.04795999825,1.40000,
,,, 0.04797999933,1.40000,
,,, 0.04800000042,1.40000,
,,, 0.04801999778,1.40000,
,,, 0.04803999886,1.40000,
,,, 0.04805999994,1.44000,
,,, 0.04807999730,1.40000,
,,, 0.04809999838,1.44000,
,,, 0.04811999947,1.40000,
,,, 0.04814000055,1.44000,
,,, 0.04815999791,1.44000,
,,, 0.04817999899,1.44000,
,,, 0.04820000008,1.44000,
,,, 0.04821999744,1.40000,
,,, 0.04823999852,1.44000,
,,, 0.04825999960,1.40000,
,,, 0.04827999696,1.44000,
,,, 0.04829999804,1.44000,
,,, 0.04831999913,1.48000,
,,, 0.04834000021,1.44000,
,,, 0.04835999757,1.44000,
,,, 0.04837999865,1.44000,
,,, 0.04839999974,1.48000,
,,, 0.04841999710,1.48000,
,,, 0.04843999818,1.44000,
,,, 0.04845999926,1.48000,
,,, 0.04848000035,1.48000,
,,, 0.04849999771,1.48000,
,,, 0.04851999879,1.48000,
,,, 0.04853999987,1.48000,
,,, 0.04855999723,1.44000,
,,, 0.04857999831,1.48000,
,,, 0.04859999940,1.48000,
,,, 0.04862000048,1.48000,
,,, 0.04863999784,1.48000,
,,, 0.04865999892,1.48000,
,,, 0.04868000001,1.48000,
,,, 0.04869999737,1.48000,
,,, 0.04871999845,1.48000,
,,, 0.04873999953,1.48000,
,,, 0.04876000062,1.48000,
,,, 0.04877999797,1.48000,
,,, 0.04879999906,1.48000,
,,, 0.04882000014,1.52000,
,,, 0.04883999750,1.52000,
,,, 0.04885999858,1.48000,
,,, 0.04887999967,1.48000,
,,, 0.04889999703,1.48000,
,,, 0.04891999811,1.48000,
,,, 0.04893999919,1.52000,
,,, 0.04896000028,1.52000,
,,, 0.04897999763,1.52000,
,,, 0.04899999872,1.52000,
,,, 0.04901999980,1.52000,
,,, 0.04903999716,1.52000,
,,, 0.04905999824,1.52000,
,,, 0.04907999933,1.52000,
,,, 0.04910000041,1.56000,
,,, 0.04911999777,1.52000,
,,, 0.04913999885,1.56000,
,,, 0.04915999994,1.56000,
,,, 0.04917999730,1.56000,
,,, 0.04919999838,1.56000,
,,, 0.04921999946,1.56000,
,,, 0.04924000055,1.56000,
,,, 0.04925999790,1.56000,
,,, 0.04927999899,1.56000,
,,, 0.04930000007,1.56000,
,,, 0.04931999743,1.56000,
,,, 0.04933999851,1.56000,
,,, 0.04935999960,1.56000,
,,, 0.04937999696,1.56000,
,,, 0.04939999804,1.56000,
,,, 0.04941999912,1.56000,
,,, 0.04944000021,1.56000,
,,, 0.04945999756,1.56000,
,,, 0.04947999865,1.56000,
,,, 0.04949999973,1.56000,
,,, 0.04951999709,1.56000,
,,, 0.04953999817,1.56000,
,,, 0.04955999926,1.56000,
,,, 0.04958000034,1.56000,
,,, 0.04959999770,1.56000,
,,, 0.04961999878,1.60000,
,,, 0.04963999987,1.56000,
,,, 0.04965999722,1.60000,
,,, 0.04967999831,1.60000,
,,, 0.04969999939,1.56000,
,,, 0.04972000048,1.60000,
,,, 0.04973999783,1.56000,
,,, 0.04975999892,1.60000,
,,, 0.04978000000,1.64000,
,,, 0.04979999736,1.60000,
,,, 0.04981999844,1.60000,
,,, 0.04983999953,1.60000,
,,, 0.04985999689,1.60000,
,,, 0.04987999797,1.60000,
,,, 0.04989999905,1.64000,
,,, 0.04992000014,1.60000,
,,, 0.04993999749,1.60000,
,,, 0.04995999858,1.56000,
,,, 0.04997999966,1.64000,
,,, 0.04999999702,1.64000,
,,, 0.05001999810,1.64000,
,,, 0.05003999919,1.64000,
,,, 0.05006000027,1.64000,
,,, 0.05007999763,1.60000,
,,, 0.05009999871,1.64000,
,,, 0.05011999980,1.64000,
,,, 0.05013999715,1.64000,
,,, 0.05015999824,1.68000,
,,, 0.05017999932,1.64000,
,,, 0.05020000041,1.64000,
,,, 0.05021999776,1.64000,
,,, 0.05023999885,1.64000,
,,, 0.05025999993,1.64000,
,,, 0.05027999729,1.68000,
,,, 0.05029999837,1.68000,
,,, 0.05031999946,1.64000,
,,, 0.05034000054,1.68000,
,,, 0.05035999790,1.64000,
,,, 0.05037999898,1.64000,
,,, 0.05040000007,1.72000,
,,, 0.05041999742,1.68000,
,,, 0.05043999851,1.68000,
,,, 0.05045999959,1.72000,
,,, 0.05047999695,1.68000,
,,, 0.05049999803,1.68000,
,,, 0.05051999912,1.68000,
,,, 0.05054000020,1.72000,
,,, 0.05055999756,1.68000,
,,, 0.05057999864,1.68000,
,,, 0.05059999973,1.68000,
,,, 0.05061999708,1.72000,
,,, 0.05063999817,1.68000,
,,, 0.05065999925,1.72000,
,,, 0.05068000033,1.72000,
,,, 0.05069999769,1.64000,
,,, 0.05071999878,1.72000,
,,, 0.05073999986,1.72000,
,,, 0.05075999722,1.72000,
,,, 0.05077999830,1.72000,
,,, 0.05079999939,1.68000,
,,, 0.05082000047,1.72000,
,,, 0.05083999783,1.72000,
,,, 0.05085999891,1.72000,
,,, 0.05088000000,1.72000,
,,, 0.05089999735,1.72000,
,,, 0.05091999844,1.72000,
,,, 0.05093999952,1.72000,
,,, 0.05095999688,1.72000,
,,, 0.05097999796,1.76000,
,,, 0.05099999905,1.72000,
,,, 0.05102000013,1.76000,
,,, 0.05103999749,1.72000,
,,, 0.05105999857,1.72000,
,,, 0.05107999966,1.76000,
,,, 0.05109999701,1.72000,
,,, 0.05111999810,1.72000,
,,, 0.05113999918,1.72000,
,,, 0.05116000026,1.76000,
,,, 0.05117999762,1.76000,
,,, 0.05119999871,1.76000,
,,, 0.05121999979,1.76000,
,,, 0.05123999715,1.76000,
,,, 0.05125999823,1.76000,
,,, 0.05127999932,1.76000,
,,, 0.05130000040,1.72000,
,,, 0.05131999776,1.80000,
,,, 0.05133999884,1.80000,
,,, 0.05135999992,1.76000,
,,, 0.05137999728,1.80000,
,,, 0.05139999837,1.80000,
,,, 0.05141999945,1.76000,
,,, 0.05144000053,1.80000,
,,, 0.05145999789,1.76000,
,,, 0.05147999898,1.80000,
,,, 0.05150000006,1.76000,
,,, 0.05151999742,1.80000,
,,, 0.05153999850,1.80000,
,,, 0.05155999959,1.80000,
,,, 0.05157999694,1.80000,
,,, 0.05159999803,1.80000,
,,, 0.05161999911,1.80000,
,,, 0.05164000019,1.80000,
,,, 0.05165999755,1.80000,
,,, 0.05167999864,1.80000,
,,, 0.05169999972,1.80000,
,,, 0.05171999708,1.80000,
,,, 0.05173999816,1.80000,
,,, 0.05175999925,1.80000,
,,, 0.05178000033,1.80000,
,,, 0.05179999769,1.80000,
,,, 0.05181999877,1.80000,
,,, 0.05183999985,1.84000,
,,, 0.05185999721,1.80000,
,,, 0.05187999830,1.84000,
,,, 0.05189999938,1.80000,
,,, 0.05192000046,1.80000,
,,, 0.05193999782,1.80000,
,,, 0.05195999891,1.84000,
,,, 0.05197999999,1.80000,
,,, 0.05199999735,1.84000,
,,, 0.05201999843,1.84000,
,,, 0.05203999951,1.84000,
,,, 0.05205999687,1.84000,
,,, 0.05207999796,1.84000,
,,, 0.05209999904,1.84000,
,,, 0.05212000012,1.84000,
,,, 0.05213999748,1.84000,
,,, 0.05215999857,1.84000,
,,, 0.05217999965,1.88000,
,,, 0.05219999701,1.88000,
,,, 0.05221999809,1.88000,
,,, 0.05223999918,1.84000,
,,, 0.05226000026,1.84000,
,,, 0.05227999762,1.88000,
,,, 0.05229999870,1.88000,
,,, 0.05231999978,1.88000,
,,, 0.05233999714,1.88000,
,,, 0.05235999823,1.88000,
,,, 0.05237999931,1.84000,
,,, 0.05240000039,1.88000,
,,, 0.05241999775,1.84000,
,,, 0.05243999884,1.88000,
,,, 0.05245999992,1.84000,
,,, 0.05247999728,1.88000,
,,, 0.05249999836,1.88000,
,,, 0.05251999944,1.88000,
,,, 0.05254000053,1.88000,
,,, 0.05255999789,1.88000,
,,, 0.05257999897,1.88000,
,,, 0.05260000005,1.88000,
,,, 0.05261999741,1.88000,
,,, 0.05263999850,1.88000,
,,, 0.05265999958,1.88000,
,,, 0.05267999694,1.88000,
,,, 0.05269999802,1.88000,
,,, 0.05271999910,1.92000,
,,, 0.05274000019,1.88000,
,,, 0.05275999755,1.88000,
,,, 0.05277999863,1.92000,
,,, 0.05279999971,1.92000,
,,, 0.05281999707,1.92000,
,,, 0.05283999816,1.92000,
,,, 0.05285999924,1.92000,
,,, 0.05288000032,1.88000,
,,, 0.05289999768,1.92000,
,,, 0.05291999876,1.92000,
,,, 0.05293999985,1.96000,
,,, 0.05295999721,1.92000,
,,, 0.05297999829,1.88000,
,,, 0.05299999937,1.92000,
,,, 0.05302000046,1.96000,
,,, 0.05303999782,1.96000,
,,, 0.05305999890,1.92000,
,,, 0.05307999998,1.92000,
,,, 0.05309999734,1.92000,
,,, 0.05311999843,1.96000,
,,, 0.05313999951,1.92000,
,,, 0.05315999687,1.96000,
,,, 0.05317999795,1.96000,
,,, 0.05319999903,1.96000,
,,, 0.05322000012,1.96000,
,,, 0.05323999748,1.96000,
,,, 0.05325999856,1.96000,
,,, 0.05327999964,1.96000,
,,, 0.05329999700,1.96000,
,,, 0.05331999809,1.96000,
,,, 0.05333999917,1.96000,
,,, 0.05336000025,1.96000,
,,, 0.05337999761,1.96000,
,,, 0.05339999869,2.00000,
,,, 0.05341999978,2.00000,
,,, 0.05343999714,1.96000,
,,, 0.05345999822,2.00000,
,,, 0.05347999930,1.96000,
,,, 0.05350000039,1.96000,
,,, 0.05351999775,2.00000,
,,, 0.05353999883,2.00000,
,,, 0.05355999991,1.96000,
,,, 0.05357999727,2.00000,
,,, 0.05359999835,2.00000,
,,, 0.05361999944,2.04000,
,,, 0.05363999680,2.00000,
,,, 0.05365999788,2.04000,
,,, 0.05367999896,2.00000,
,,, 0.05370000005,2.04000,
,,, 0.05371999741,2.04000,
,,, 0.05373999849,2.04000,
,,, 0.05375999957,2.04000,
,,, 0.05377999693,2.04000,
,,, 0.05379999802,2.04000,
,,, 0.05381999910,2.04000,
,,, 0.05384000018,2.04000,
,,, 0.05385999754,2.04000,
,,, 0.05387999862,2.04000,
,,, 0.05389999971,2.04000,
,,, 0.05391999707,2.04000,
,,, 0.05393999815,2.04000,
,,, 0.05395999923,2.04000,
,,, 0.05398000032,2.04000,
,,, 0.05399999768,2.08000,
,,, 0.05401999876,2.04000,
,,, 0.05403999984,2.04000,
,,, 0.05405999720,2.04000,
,,, 0.05407999828,2.04000,
,,, 0.05409999937,2.04000,
,,, 0.05412000045,2.04000,
,,, 0.05413999781,2.04000,
,,, 0.05415999889,2.04000,
,,, 0.05417999998,2.08000,
,,, 0.05419999734,2.04000,
,,, 0.05421999842,2.08000,
,,, 0.05423999950,2.04000,
,,, 0.05425999686,2.04000,
,,, 0.05427999794,2.08000,
,,, 0.05429999903,2.08000,
,,, 0.05432000011,2.08000,
,,, 0.05433999747,2.08000,
,,, 0.05435999855,2.08000,
,,, 0.05437999964,2.08000,
,,, 0.05439999700,2.08000,
,,, 0.05441999808,2.12000,
,,, 0.05443999916,2.12000,
,,, 0.05446000025,2.08000,
,,, 0.05447999761,2.12000,
,,, 0.05449999869,2.08000,
,,, 0.05451999977,2.12000,
,,, 0.05453999713,2.08000,
,,, 0.05455999821,2.12000,
,,, 0.05457999930,2.12000,
,,, 0.05460000038,2.12000,
,,, 0.05461999774,2.12000,
,,, 0.05463999882,2.12000,
,,, 0.05465999991,2.12000,
,,, 0.05467999727,2.12000,
,,, 0.05469999835,2.12000,
,,, 0.05471999943,2.12000,
,,, 0.05473999679,2.12000,
,,, 0.05475999787,2.12000,
,,, 0.05477999896,2.12000,
,,, 0.05480000004,2.16000,
,,, 0.05481999740,2.12000,
,,, 0.05483999848,2.12000,
,,, 0.05485999957,2.16000,
,,, 0.05487999693,2.12000,
,,, 0.05489999801,2.12000,
,,, 0.05491999909,2.12000,
,,, 0.05494000018,2.12000,
,,, 0.05495999753,2.16000,
,,, 0.05497999862,2.12000,
,,, 0.05499999970,2.16000,
,,, 0.05501999706,2.16000,
,,, 0.05503999814,2.20000,
,,, 0.05505999923,2.16000,
,,, 0.05508000031,2.16000,
,,, 0.05509999767,2.20000,
,,, 0.05511999875,2.16000,
,,, 0.05513999984,2.16000,
,,, 0.05515999720,2.16000,
,,, 0.05517999828,2.16000,
,,, 0.05519999936,2.16000,
,,, 0.05522000045,2.20000,
,,, 0.05523999780,2.20000,
,,, 0.05525999889,2.20000,
,,, 0.05527999997,2.20000,
,,, 0.05529999733,2.20000,
,,, 0.05531999841,2.20000,
,,, 0.05533999950,2.20000,
,,, 0.05535999686,2.20000,
,,, 0.05537999794,2.20000,
,,, 0.05539999902,2.20000,
,,, 0.05542000011,2.20000,
,,, 0.05543999746,2.20000,
,,, 0.05545999855,2.20000,
,,, 0.05547999963,2.20000,
,,, 0.05549999699,2.20000,
,,, 0.05551999807,2.20000,
,,, 0.05553999916,2.20000,
,,, 0.05556000024,2.24000,
,,, 0.05557999760,2.20000,
,,, 0.05559999868,2.20000,
,,, 0.05561999977,2.20000,
,,, 0.05563999712,2.24000,
,,, 0.05565999821,2.20000,
,,, 0.05567999929,2.24000,
,,, 0.05570000038,2.24000,
,,, 0.05571999773,2.20000,
,,, 0.05573999882,2.24000,
,,, 0.05575999990,2.28000,
,,, 0.05577999726,2.24000,
,,, 0.05579999834,2.24000,
,,, 0.05581999943,2.28000,
,,, 0.05583999678,2.24000,
,,, 0.05585999787,2.28000,
,,, 0.05587999895,2.24000,
,,, 0.05590000004,2.28000,
,,, 0.05591999739,2.28000,
,,, 0.05593999848,2.28000,
,,, 0.05595999956,2.28000,
,,, 0.05597999692,2.24000,
,,, 0.05599999800,2.24000,
,,, 0.05601999909,2.28000,
,,, 0.05604000017,2.28000,
,,, 0.05605999753,2.28000,
,,, 0.05607999861,2.28000,
,,, 0.05609999970,2.28000,
,,, 0.05611999705,2.28000,
,,, 0.05613999814,2.28000,
,,, 0.05615999922,2.28000,
,,, 0.05618000031,2.32000,
,,, 0.05619999766,2.28000,
,,, 0.05621999875,2.28000,
,,, 0.05623999983,2.32000,
,,, 0.05625999719,2.32000,
,,, 0.05627999827,2.36000,
,,, 0.05629999936,2.32000,
,,, 0.05631999671,2.36000,
,,, 0.05633999780,2.32000,
,,, 0.05635999888,2.32000,
,,, 0.05637999997,2.32000,
,,, 0.05639999732,2.36000,
,,, 0.05641999841,2.36000,
,,, 0.05643999949,2.36000,
,,, 0.05645999685,2.36000,
,,, 0.05647999793,2.36000,
,,, 0.05649999902,2.32000,
,,, 0.05652000010,2.36000,
,,, 0.05653999746,2.36000,
,,, 0.05655999854,2.36000,
,,, 0.05657999963,2.36000,
,,, 0.05659999698,2.36000,
,,, 0.05661999807,2.36000,
,,, 0.05663999915,2.36000,
,,, 0.05666000023,2.40000,
,,, 0.05667999759,2.36000,
,,, 0.05669999868,2.40000,
,,, 0.05671999976,2.36000,
,,, 0.05673999712,2.40000,
,,, 0.05675999820,2.36000,
,,, 0.05677999929,2.40000,
,,, 0.05680000037,2.40000,
,,, 0.05681999773,2.40000,
,,, 0.05683999881,2.40000,
,,, 0.05685999990,2.40000,
,,, 0.05687999725,2.40000,
,,, 0.05689999834,2.44000,
,,, 0.05691999942,2.44000,
,,, 0.05693999678,2.40000,
,,, 0.05695999786,2.40000,
,,, 0.05697999895,2.40000,
,,, 0.05700000003,2.36000,
,,, 0.05701999739,2.40000,
,,, 0.05703999847,2.44000,
,,, 0.05705999956,2.44000,
,,, 0.05707999691,2.44000,
,,, 0.05709999800,2.48000,
,,, 0.05711999908,2.44000,
,,, 0.05714000016,2.44000,
,,, 0.05715999752,2.44000,
,,, 0.05717999861,2.44000,
,,, 0.05719999969,2.44000,
,,, 0.05721999705,2.48000,
,,, 0.05723999813,2.44000,
,,, 0.05725999922,2.48000,
,,, 0.05728000030,2.48000,
,,, 0.05729999766,2.44000,
,,, 0.05731999874,2.44000,
,,, 0.05733999982,2.48000,
,,, 0.05735999718,2.48000,
,,, 0.05737999827,2.52000,
,,, 0.05739999935,2.48000,
,,, 0.05741999671,2.52000,
,,, 0.05743999779,2.48000,
,,, 0.05745999888,2.52000,
,,, 0.05747999996,2.48000,
,,, 0.05749999732,2.52000,
,,, 0.05751999840,2.52000,
,,, 0.05753999949,2.52000,
,,, 0.05755999684,2.48000,
,,, 0.05757999793,2.52000,
,,, 0.05759999901,2.52000,
,,, 0.05762000009,2.52000,
,,, 0.05763999745,2.52000,
,,, 0.05765999854,2.52000,
,,, 0.05767999962,2.52000,
,,, 0.05769999698,2.52000,
,,, 0.05771999806,2.52000,
,,, 0.05773999915,2.52000,
,,, 0.05776000023,2.56000,
,,, 0.05777999759,2.52000,
,,, 0.05779999867,2.56000,
,,, 0.05781999975,2.56000,
,,, 0.05783999711,2.52000,
,,, 0.05785999820,2.56000,
,,, 0.05787999928,2.56000,
,,, 0.05790000036,2.60000,
,,, 0.05791999772,2.52000,
,,, 0.05793999881,2.60000,
,,, 0.05795999989,2.56000,
,,, 0.05797999725,2.56000,
,,, 0.05799999833,2.56000,
,,, 0.05801999941,2.60000,
,,, 0.05803999677,2.60000,
,,, 0.05805999786,2.56000,
,,, 0.05807999894,2.60000,
,,, 0.05810000002,2.60000,
,,, 0.05811999738,2.64000,
,,, 0.05813999847,2.60000,
,,, 0.05815999955,2.60000,
,,, 0.05817999691,2.60000,
,,, 0.05819999799,2.60000,
,,, 0.05821999907,2.60000,
,,, 0.05824000016,2.64000,
,,, 0.05825999752,2.60000,
,,, 0.05827999860,2.64000,
,,, 0.05829999968,2.64000,
,,, 0.05831999704,2.64000,
,,, 0.05833999813,2.60000,
,,, 0.05835999921,2.60000,
,,, 0.05838000029,2.64000,
,,, 0.05839999765,2.60000,
,,, 0.05841999874,2.68000,
,,, 0.05843999982,2.64000,
,,, 0.05845999718,2.68000,
,,, 0.05847999826,2.64000,
,,, 0.05849999934,2.68000,
,,, 0.05851999670,2.64000,
,,, 0.05853999779,2.68000,
,,, 0.05855999887,2.64000,
,,, 0.05857999995,2.68000,
,,, 0.05859999731,2.68000,
,,, 0.05861999840,2.68000,
,,, 0.05863999948,2.64000,
,,, 0.05865999684,2.68000,
,,, 0.05867999792,2.68000,
,,, 0.05869999900,2.68000,
,,, 0.05872000009,2.68000,
,,, 0.05873999745,2.68000,
,,, 0.05875999853,2.68000,
,,, 0.05877999961,2.72000,
,,, 0.05879999697,2.68000,
,,, 0.05881999806,2.68000,
,,, 0.05883999914,2.68000,
,,, 0.05886000022,2.72000,
,,, 0.05887999758,2.68000,
,,, 0.05889999866,2.72000,
,,, 0.05891999975,2.76000,
,,, 0.05893999711,2.76000,
,,, 0.05895999819,2.72000,
,,, 0.05897999927,2.72000,
,,, 0.05900000036,2.72000,
,,, 0.05901999772,2.72000,
,,, 0.05903999880,2.76000,
,,, 0.05905999988,2.76000,
,,, 0.05907999724,2.72000,
,,, 0.05909999833,2.76000,
,,, 0.05911999941,2.76000,
,,, 0.05913999677,2.72000,
,,, 0.05915999785,2.76000,
,,, 0.05917999893,2.76000,
,,, 0.05920000002,2.76000,
,,, 0.05921999738,2.80000,
,,, 0.05923999846,2.76000,
,,, 0.05925999954,2.76000,
,,, 0.05927999690,2.80000,
,,, 0.05929999799,2.80000,
,,, 0.05931999907,2.80000,
,,, 0.05934000015,2.80000,
,,, 0.05935999751,2.80000,
,,, 0.05937999859,2.80000,
,,, 0.05939999968,2.84000,
,,, 0.05941999704,2.84000,
,,, 0.05943999812,2.80000,
,,, 0.05945999920,2.80000,
,,, 0.05948000029,2.80000,
,,, 0.05949999765,2.80000,
,,, 0.05951999873,2.80000,
,,, 0.05953999981,2.84000,
,,, 0.05955999717,2.84000,
,,, 0.05957999825,2.84000,
,,, 0.05959999934,2.84000,
,,, 0.05961999670,2.84000,
,,, 0.05963999778,2.84000,
,,, 0.05965999886,2.84000,
,,, 0.05967999995,2.84000,
,,, 0.05969999731,2.84000,
,,, 0.05971999839,2.84000,
,,, 0.05973999947,2.88000,
,,, 0.05975999683,2.84000,
,,, 0.05977999792,2.92000,
,,, 0.05979999900,2.92000,
,,, 0.05982000008,2.84000,
,,, 0.05983999744,2.84000,
,,, 0.05985999852,2.88000,
,,, 0.05987999961,2.88000,
,,, 0.05989999697,2.92000,
,,, 0.05991999805,2.88000,
,,, 0.05993999913,2.92000,
,,, 0.05996000022,2.92000,
,,, 0.05997999758,2.92000,
,,, 0.05999999866,2.92000,
,,, 0.06001999974,2.88000,
,,, 0.06003999710,2.92000,
,,, 0.06005999818,2.88000,
,,, 0.06007999927,2.92000,
,,, 0.06009999663,2.92000,
,,, 0.06011999771,2.92000,
,,, 0.06013999879,2.92000,
,,, 0.06015999988,2.96000,
,,, 0.06017999724,2.96000,
,,, 0.06019999832,2.96000,
,,, 0.06021999940,2.96000,
,,, 0.06023999676,2.92000,
,,, 0.06025999784,2.96000,
,,, 0.06027999893,2.96000,
,,, 0.06030000001,2.96000,
,,, 0.06031999737,2.96000,
,,, 0.06033999845,3.00000,
,,, 0.06035999954,2.96000,
,,, 0.06037999690,2.96000,
,,, 0.06039999798,3.00000,
,,, 0.06041999906,3.00000,
,,, 0.06044000015,3.00000,
,,, 0.06045999750,3.00000,
,,, 0.06047999859,3.00000,
,,, 0.06049999967,3.00000,
,,, 0.06051999703,3.00000,
,,, 0.06053999811,3.00000,
,,, 0.06055999920,3.00000,
,,, 0.06058000028,3.00000,
,,, 0.06059999764,3.00000,
,,, 0.06061999872,3.00000,
,,, 0.06063999981,3.00000,
,,, 0.06065999717,3.04000,
,,, 0.06067999825,3.08000,
,,, 0.06069999933,3.04000,
,,, 0.06071999669,3.04000,
,,, 0.06073999777,3.00000,
,,, 0.06075999886,3.04000,
,,, 0.06077999994,3.08000,
,,, 0.06079999730,3.04000,
,,, 0.06081999838,3.08000,
,,, 0.06083999947,3.08000,
,,, 0.06085999683,3.08000,
,,, 0.06087999791,3.08000,
,,, 0.06089999899,3.08000,
,,, 0.06092000008,3.08000,
,,, 0.06093999743,3.08000,
,,, 0.06095999852,3.08000,
,,, 0.06097999960,3.08000,
,,, 0.06099999696,3.08000,
,,, 0.06101999804,3.08000,
,,, 0.06103999913,3.08000,
,,, 0.06106000021,3.16000,
,,, 0.06107999757,3.08000,
,,, 0.06109999865,3.16000,
,,, 0.06111999974,3.16000,
,,, 0.06113999709,3.16000,
,,, 0.06115999818,3.20000,
,,, 0.06117999926,3.16000,
,,, 0.06119999662,3.16000,
,,, 0.06121999770,3.16000,
,,, 0.06123999879,3.16000,
,,, 0.06125999987,3.20000,
,,, 0.06127999723,3.16000,
,,, 0.06129999831,3.16000,
,,, 0.06131999940,3.20000,
,,, 0.06133999676,3.16000,
,,, 0.06135999784,3.20000,
,,, 0.06137999892,3.20000,
,,, 0.06140000001,3.20000,
,,, 0.06141999736,3.20000,
,,, 0.06143999845,3.20000,
,,, 0.06145999953,3.20000,
,,, 0.06147999689,3.20000,
,,, 0.06149999797,3.20000,
,,, 0.06151999906,3.20000,
,,, 0.06154000014,3.20000,
,,, 0.06155999750,3.24000,
,,, 0.06157999858,3.28000,
,,, 0.06159999967,3.20000,
,,, 0.06161999702,3.24000,
,,, 0.06163999811,3.24000,
,,, 0.06165999919,3.20000,
,,, 0.06168000028,3.20000,
,,, 0.06169999763,3.20000,
,,, 0.06171999872,3.20000,
,,, 0.06173999980,3.20000,
,,, 0.06175999716,3.20000,
,,, 0.06177999824,3.20000,
,,, 0.06179999933,3.20000,
,,, 0.06181999668,3.16000,
,,, 0.06183999777,3.16000,
,,, 0.06185999885,3.20000,
,,, 0.06187999994,3.20000,
,,, 0.06189999729,3.16000,
,,, 0.06191999838,3.20000,
,,, 0.06193999946,3.16000,
,,, 0.06195999682,3.08000,
,,, 0.06197999790,3.20000,
,,, 0.06199999899,3.20000,
,,, 0.06202000007,3.08000,
,,, 0.06203999743,3.16000,
,,, 0.06205999851,3.16000,
,,, 0.06207999960,3.08000,
,,, 0.06209999695,3.08000,
,,, 0.06211999804,3.16000,
,,, 0.06213999912,3.16000,
,,, 0.06216000021,3.16000,
,,, 0.06217999756,3.08000,
,,, 0.06219999865,3.08000,
,,, 0.06221999973,3.08000,
,,, 0.06223999709,3.08000,
,,, 0.06225999817,3.08000,
,,, 0.06227999926,3.08000,
,,, 0.06229999661,3.04000,
,,, 0.06231999770,3.08000,
,,, 0.06233999878,3.08000,
,,, 0.06235999987,3.08000,
,,, 0.06237999722,3.08000,
,,, 0.06239999831,3.08000,
,,, 0.06241999939,3.08000,
,,, 0.06243999675,3.08000,
,,, 0.06245999783,3.04000,
,,, 0.06247999892,3.04000,
,,, 0.06250000000,3.00000,
,,, 0.06251999736,3.04000,
,,, 0.06253999472,3.00000,
,,, 0.06255999953,3.00000,
,,, 0.06257999688,3.00000,
,,, 0.06260000169,3.00000,
,,, 0.06261999905,3.00000,
,,, 0.06263999641,3.00000,
,,, 0.06266000122,3.00000,
,,, 0.06267999858,3.00000,
,,, 0.06269999593,3.00000,
,,, 0.06272000074,3.00000,
,,, 0.06273999810,3.00000,
,,, 0.06275999546,3.00000,
,,, 0.06278000027,3.00000,
,,, 0.06279999763,3.00000,
,,, 0.06281999499,3.00000,
,,, 0.06283999979,3.00000,
,,, 0.06285999715,2.96000,
,,, 0.06288000196,3.00000,
,,, 0.06289999932,3.00000,
,,, 0.06291999668,2.96000,
,,, 0.06294000149,2.96000,
,,, 0.06295999885,2.96000,
,,, 0.06297999620,3.00000,
,,, 0.06300000101,3.00000,
,,, 0.06301999837,3.00000,
,,, 0.06303999573,2.92000,
,,, 0.06306000054,3.00000,
,,, 0.06307999790,2.92000,
,,, 0.06309999526,2.96000,
,,, 0.06312000006,2.92000,
,,, 0.06313999742,2.92000,
,,, 0.06315999478,2.92000,
,,, 0.06317999959,2.92000,
,,, 0.06319999695,2.92000,
,,, 0.06322000176,2.92000,
,,, 0.06323999912,2.92000,
,,, 0.06325999647,2.92000,
,,, 0.06328000128,2.92000,
,,, 0.06329999864,2.88000,
,,, 0.06331999600,2.88000,
,,, 0.06334000081,2.88000,
,,, 0.06335999817,2.92000,
,,, 0.06337999552,2.92000,
,,, 0.06340000033,2.88000,
,,, 0.06341999769,2.88000,
,,, 0.06343999505,2.88000,
,,, 0.06345999986,2.88000,
,,, 0.06347999722,2.88000,
,,, 0.06350000203,2.88000,
,,, 0.06351999938,2.88000,
,,, 0.06353999674,2.84000,
,,, 0.06356000155,2.84000,
,,, 0.06357999891,2.84000,
,,, 0.06359999627,2.84000,
,,, 0.06362000108,2.84000,
,,, 0.06363999844,2.84000,
,,, 0.06365999579,2.84000,
,,, 0.06368000060,2.84000,
,,, 0.06369999796,2.84000,
,,, 0.06371999532,2.84000,
,,, 0.06374000013,2.84000,
,,, 0.06375999749,2.84000,
,,, 0.06377999485,2.84000,
,,, 0.06379999965,2.80000,
,,, 0.06381999701,2.84000,
,,, 0.06384000182,2.84000,
,,, 0.06385999918,2.80000,
,,, 0.06387999654,2.84000,
,,, 0.06390000135,2.84000,
,,, 0.06391999871,2.84000,
,,, 0.06393999606,2.84000,
,,, 0.06396000087,2.80000,
,,, 0.06397999823,2.80000,
,,, 0.06399999559,2.76000,
,,, 0.06402000040,2.80000,
,,, 0.06403999776,2.76000,
,,, 0.06405999511,2.76000,
,,, 0.06407999992,2.76000,
,,, 0.06409999728,2.80000,
,,, 0.06412000209,2.80000,
,,, 0.06413999945,2.80000,
,,, 0.06415999681,2.76000,
,,, 0.06418000162,2.76000,
,,, 0.06419999897,2.76000,
,,, 0.06421999633,2.76000,
,,, 0.06424000114,2.72000,
,,, 0.06425999850,2.76000,
,,, 0.06427999586,2.72000,
,,, 0.06430000067,2.72000,
,,, 0.06431999803,2.72000,
,,, 0.06433999538,2.72000,
,,, 0.06436000019,2.72000,
,,, 0.06437999755,2.72000,
,,, 0.06439999491,2.76000,
,,, 0.06441999972,2.68000,
,,, 0.06443999708,2.68000,
,,, 0.06446000189,2.72000,
,,, 0.06447999924,2.72000,
,,, 0.06449999660,2.68000,
,,, 0.06452000141,2.68000,
,,, 0.06453999877,2.68000,
,,, 0.06455999613,2.68000,
,,, 0.06458000094,2.68000,
,,, 0.06459999830,2.68000,
,,, 0.06461999565,2.72000,
,,, 0.06464000046,2.68000,
,,, 0.06465999782,2.68000,
,,, 0.06467999518,2.68000,
,,, 0.06469999999,2.68000,
,,, 0.06471999735,2.68000,
,,, 0.06473999470,2.60000,
,,, 0.06475999951,2.64000,
,,, 0.06477999687,2.64000,
,,, 0.06480000168,2.68000,
,,, 0.06481999904,2.64000,
,,, 0.06483999640,2.64000,
,,, 0.06486000121,2.64000,
,,, 0.06487999856,2.60000,
,,, 0.06489999592,2.64000,
,,, 0.06492000073,2.64000,
,,, 0.06493999809,2.64000,
,,, 0.06495999545,2.60000,
,,, 0.06498000026,2.64000,
,,, 0.06499999762,2.60000,
,,, 0.06501999497,2.60000,
,,, 0.06503999978,2.60000,
,,, 0.06505999714,2.64000,
,,, 0.06508000195,2.60000,
,,, 0.06509999931,2.60000,
,,, 0.06511999667,2.60000,
,,, 0.06514000148,2.60000,
,,, 0.06515999883,2.60000,
,,, 0.06517999619,2.60000,
,,, 0.06520000100,2.60000,
,,, 0.06521999836,2.60000,
,,, 0.06523999572,2.60000,
,,, 0.06526000053,2.56000,
,,, 0.06527999789,2.60000,
,,, 0.06529999524,2.60000,
,,, 0.06532000005,2.60000,
,,, 0.06533999741,2.56000,
,,, 0.06535999477,2.52000,
,,, 0.06537999958,2.60000,
,,, 0.06539999694,2.56000,
,,, 0.06542000175,2.56000,
,,, 0.06543999910,2.56000,
,,, 0.06545999646,2.56000,
,,, 0.06548000127,2.52000,
,,, 0.06549999863,2.56000,
,,, 0.06551999599,2.60000,
,,, 0.06554000080,2.52000,
,,, 0.06555999815,2.52000,
,,, 0.06557999551,2.52000,
,,, 0.06560000032,2.52000,
,,, 0.06561999768,2.52000,
,,, 0.06563999504,2.56000,
,,, 0.06565999985,2.52000,
,,, 0.06567999721,2.52000,
,,, 0.06570000201,2.52000,
,,, 0.06571999937,2.52000,
,,, 0.06573999673,2.52000,
,,, 0.06576000154,2.52000,
,,, 0.06577999890,2.52000,
,,, 0.06579999626,2.52000,
,,, 0.06582000107,2.52000,
,,, 0.06583999842,2.52000,
,,, 0.06585999578,2.52000,
,,, 0.06588000059,2.48000,
,,, 0.06589999795,2.52000,
,,, 0.06591999531,2.48000,
,,, 0.06594000012,2.48000,
,,, 0.06595999748,2.48000,
,,, 0.06597999483,2.52000,
,,, 0.06599999964,2.48000,
,,, 0.06601999700,2.52000,
,,, 0.06604000181,2.48000,
,,, 0.06605999917,2.44000,
,,, 0.06607999653,2.44000,
,,, 0.06610000134,2.44000,
,,, 0.06611999869,2.44000,
,,, 0.06613999605,2.44000,
,,, 0.06616000086,2.44000,
,,, 0.06617999822,2.44000,
,,, 0.06619999558,2.44000,
,,, 0.06622000039,2.48000,
,,, 0.06623999774,2.48000,
,,, 0.06625999510,2.44000,
,,, 0.06627999991,2.40000,
,,, 0.06629999727,2.44000,
,,, 0.06631999463,2.44000,
,,, 0.06633999944,2.44000,
,,, 0.06635999680,2.44000,
,,, 0.06638000160,2.44000,
,,, 0.06639999896,2.44000,
,,, 0.06641999632,2.40000,
,,, 0.06644000113,2.44000,
,,, 0.06645999849,2.40000,
,,, 0.06647999585,2.36000,
,,, 0.06650000066,2.40000,
,,, 0.06651999801,2.36000,
,,, 0.06653999537,2.40000,
,,, 0.06656000018,2.40000,
,,, 0.06657999754,2.40000,
,,, 0.06659999490,2.40000,
,,, 0.06661999971,2.40000,
,,, 0.06663999707,2.36000,
,,, 0.06666000187,2.36000,
,,, 0.06667999923,2.40000,
,,, 0.06669999659,2.36000,
,,, 0.06672000140,2.36000,
,,, 0.06673999876,2.36000,
,,, 0.06675999612,2.36000,
,,, 0.06678000093,2.36000,
,,, 0.06679999828,2.36000,
,,, 0.06681999564,2.36000,
,,, 0.06684000045,2.36000,
,,, 0.06685999781,2.36000,
,,, 0.06687999517,2.36000,
,,, 0.06689999998,2.36000,
,,, 0.06691999733,2.32000,
,,, 0.06693999469,2.32000,
,,, 0.06695999950,2.36000,
,,, 0.06697999686,2.36000,
,,, 0.06700000167,2.36000,
,,, 0.06701999903,2.32000,
,,, 0.06703999639,2.32000,
,,, 0.06706000119,2.32000,
,,, 0.06707999855,2.32000,
,,, 0.06709999591,2.32000,
,,, 0.06712000072,2.32000,
,,, 0.06713999808,2.32000,
,,, 0.06715999544,2.32000,
,,, 0.06718000025,2.28000,
,,, 0.06719999760,2.28000,
,,, 0.06721999496,2.32000,
,,, 0.06723999977,2.32000,
,,, 0.06725999713,2.32000,
,,, 0.06728000194,2.28000,
,,, 0.06729999930,2.28000,
,,, 0.06731999665,2.28000,
,,, 0.06734000146,2.28000,
,,, 0.06735999882,2.28000,
,,, 0.06737999618,2.28000,
,,, 0.06740000099,2.28000,
,,, 0.06741999835,2.28000,
,,, 0.06743999571,2.28000,
,,, 0.06746000051,2.24000,
,,, 0.06747999787,2.24000,
,,, 0.06749999523,2.24000,
,,, 0.06752000004,2.28000,
,,, 0.06753999740,2.28000,
,,, 0.06755999476,2.24000,
,,, 0.06757999957,2.28000,
,,, 0.06759999692,2.24000,
,,, 0.06762000173,2.24000,
,,, 0.06763999909,2.24000,
,,, 0.06765999645,2.28000,
,,, 0.06768000126,2.20000,
,,, 0.06769999862,2.24000,
,,, 0.06771999598,2.24000,
,,, 0.06774000078,2.24000,
,,, 0.06775999814,2.28000,
,,, 0.06777999550,2.24000,
,,, 0.06780000031,2.20000,
,,, 0.06781999767,2.20000,
,,, 0.06783999503,2.20000,
,,, 0.06785999984,2.20000,
,,, 0.06787999719,2.20000,
,,, 0.06790000200,2.20000,
,,, 0.06791999936,2.20000,
,,, 0.06793999672,2.20000,
,,, 0.06796000153,2.20000,
,,, 0.06797999889,2.20000,
,,, 0.06799999624,2.20000,
,,, 0.06802000105,2.20000,
,,, 0.06803999841,2.20000,
,,, 0.06805999577,2.20000,
,,, 0.06808000058,2.16000,
,,, 0.06809999794,2.20000,
,,, 0.06811999530,2.16000,
,,, 0.06814000010,2.20000,
,,, 0.06815999746,2.20000,
,,, 0.06817999482,2.16000,
,,, 0.06819999963,2.16000,
,,, 0.06821999699,2.16000,
,,, 0.06824000180,2.20000,
,,, 0.06825999916,2.16000,
,,, 0.06827999651,2.20000,
,,, 0.06830000132,2.16000,
,,, 0.06831999868,2.16000,
,,, 0.06833999604,2.12000,
,,, 0.06836000085,2.12000,
,,, 0.06837999821,2.12000,
,,, 0.06839999557,2.12000,
,,, 0.06842000037,2.16000,
,,, 0.06843999773,2.16000,
,,, 0.06845999509,2.12000,
,,, 0.06847999990,2.12000,
,,, 0.06849999726,2.12000,
,,, 0.06851999462,2.12000,
,,, 0.06853999943,2.12000,
,,, 0.06855999678,2.12000,
,,, 0.06858000159,2.12000,
,,, 0.06859999895,2.12000,
,,, 0.06861999631,2.12000,
,,, 0.06864000112,2.16000,
,,, 0.06865999848,2.12000,
,,, 0.06867999583,2.12000,
,,, 0.06870000064,2.08000,
,,, 0.06871999800,2.08000,
,,, 0.06873999536,2.12000,
,,, 0.06876000017,2.08000,
,,, 0.06877999753,2.08000,
,,, 0.06879999489,2.08000,
,,, 0.06881999969,2.12000,
,,, 0.06883999705,2.08000,
,,, 0.06886000186,2.08000,
,,, 0.06887999922,2.12000,
,,, 0.06889999658,2.12000,
,,, 0.06892000139,2.04000,
,,, 0.06893999875,2.04000,
,,, 0.06895999610,2.08000,
,,, 0.06898000091,2.04000,
,,, 0.06899999827,2.08000,
,,, 0.06901999563,2.08000,
,,, 0.06904000044,2.08000,
,,, 0.06905999780,2.04000,
,,, 0.06907999516,2.04000,
,,, 0.06909999996,2.04000,
,,, 0.06911999732,2.08000,
,,, 0.06913999468,2.04000,
,,, 0.06915999949,2.04000,
,,, 0.06917999685,2.04000,
,,, 0.06920000166,2.04000,
,,, 0.06921999902,2.04000,
,,, 0.06923999637,2.04000,
,,, 0.06926000118,2.04000,
,,, 0.06927999854,2.04000,
,,, 0.06929999590,2.04000,
,,, 0.06932000071,2.04000,
,,, 0.06933999807,2.04000,
,,, 0.06935999542,2.04000,
,,, 0.06938000023,2.04000,
,,, 0.06939999759,2.04000,
,,, 0.06941999495,2.04000,
,,, 0.06943999976,2.00000,
,,, 0.06945999712,2.00000,
,,, 0.06948000193,2.04000,
,,, 0.06949999928,2.04000,
,,, 0.06951999664,2.04000,
,,, 0.06954000145,2.00000,
,,, 0.06955999881,2.00000,
,,, 0.06957999617,2.04000,
,,, 0.06960000098,2.04000,
,,, 0.06961999834,2.00000,
,,, 0.06963999569,2.00000,
,,, 0.06966000050,2.00000,
,,, 0.06967999786,1.96000,
,,, 0.06969999522,1.96000,
,,, 0.06972000003,2.00000,
,,, 0.06973999739,2.00000,
,,, 0.06975999475,2.00000,
,,, 0.06977999955,2.00000,
,,, 0.06979999691,1.96000,
,,, 0.06982000172,1.96000,
,,, 0.06983999908,2.00000,
,,, 0.06985999644,2.00000,
,,, 0.06988000125,1.96000,
,,, 0.06989999861,1.96000,
,,, 0.06991999596,2.00000,
,,, 0.06994000077,1.96000,
,,, 0.06995999813,1.96000,
,,, 0.06997999549,1.96000,
,,, 0.07000000030,1.96000,
,,, 0.07001999766,1.96000,
,,, 0.07003999501,1.96000,
,,, 0.07005999982,1.96000,
,,, 0.07007999718,1.96000,
,,, 0.07009999454,1.96000,
,,, 0.07011999935,1.96000,
,,, 0.07013999671,1.96000,
,,, 0.07016000152,1.92000,
,,, 0.07017999887,1.96000,
,,, 0.07019999623,1.96000,
,,, 0.07022000104,1.92000,
,,, 0.07023999840,1.96000,
,,, 0.07025999576,1.96000,
,,, 0.07028000057,1.92000,
,,, 0.07029999793,1.88000,
,,, 0.07031999528,1.96000,
,,, 0.07034000009,1.92000,
,,, 0.07035999745,1.96000,
,,, 0.07037999481,1.92000,
,,, 0.07039999962,1.92000,
,,, 0.07041999698,1.92000,
,,, 0.07044000179,1.92000,
,,, 0.07045999914,1.92000,
,,, 0.07047999650,1.88000,
,,, 0.07050000131,1.88000,
,,, 0.07051999867,1.88000,
,,, 0.07053999603,1.92000,
,,, 0.07056000084,1.88000,
,,, 0.07057999820,1.88000,
,,, 0.07059999555,1.88000,
,,, 0.07062000036,1.88000,
,,, 0.07063999772,1.88000,
,,, 0.07065999508,1.88000,
,,, 0.07067999989,1.88000,
,,, 0.07069999725,1.88000,
,,, 0.07071999460,1.88000,
,,, 0.07073999941,1.88000,
,,, 0.07075999677,1.88000,
,,, 0.07078000158,1.88000,
,,, 0.07079999894,1.88000,
,,, 0.07081999630,1.84000,
,,, 0.07084000111,1.84000,
,,, 0.07085999846,1.88000,
,,, 0.07087999582,1.88000,
,,, 0.07090000063,1.88000,
,,, 0.07091999799,1.88000,
,,, 0.07093999535,1.88000,
,,, 0.07096000016,1.84000,
,,, 0.07097999752,1.84000,
,,, 0.07099999487,1.84000,
,,, 0.07101999968,1.84000,
,,, 0.07103999704,1.84000,
,,, 0.07106000185,1.84000,
,,, 0.07107999921,1.88000,
,,, 0.07109999657,1.84000,
,,, 0.07112000138,1.84000,
,,, 0.07113999873,1.84000,
,,, 0.07115999609,1.84000,
,,, 0.07118000090,1.84000,
,,, 0.07119999826,1.80000,
,,, 0.07121999562,1.84000,
,,, 0.07124000043,1.80000,
,,, 0.07125999779,1.84000,
,,, 0.07127999514,1.84000,
,,, 0.07129999995,1.84000,
,,, 0.07131999731,1.80000,
,,, 0.07133999467,1.80000,
,,, 0.07135999948,1.80000,
,,, 0.07137999684,1.80000,
,,, 0.07140000165,1.84000,
,,, 0.07141999900,1.84000,
,,, 0.07143999636,1.80000,
,,, 0.07146000117,1.80000,
,,, 0.07147999853,1.80000,
,,, 0.07149999589,1.80000,
,,, 0.07152000070,1.84000,
,,, 0.07153999805,1.80000,
,,, 0.07155999541,1.80000,
,,, 0.07158000022,1.80000,
,,, 0.07159999758,1.80000,
,,, 0.07161999494,1.76000,
,,, 0.07163999975,1.80000,
,,, 0.07165999711,1.80000,
,,, 0.07167999446,1.76000,
,,, 0.07169999927,1.76000,
,,, 0.07171999663,1.76000,
,,, 0.07174000144,1.80000,
,,, 0.07175999880,1.80000,
,,, 0.07177999616,1.76000,
,,, 0.07180000097,1.76000,
,,, 0.07181999832,1.76000,
,,, 0.07183999568,1.80000,
,,, 0.07186000049,1.80000,
,,, 0.07187999785,1.76000,
,,, 0.07189999521,1.76000,
,,, 0.07192000002,1.76000,
,,, 0.07193999738,1.72000,
,,, 0.07195999473,1.76000,
,,, 0.07197999954,1.76000,
,,, 0.07199999690,1.76000,
,,, 0.07202000171,1.76000,
,,, 0.07203999907,1.76000,
,,, 0.07205999643,1.76000,
,,, 0.07208000124,1.72000,
,,, 0.07209999859,1.72000,
,,, 0.07211999595,1.72000,
,,, 0.07214000076,1.76000,
,,, 0.07215999812,1.72000,
,,, 0.07217999548,1.72000,
,,, 0.07220000029,1.72000,
,,, 0.07221999764,1.72000,
,,, 0.07223999500,1.72000,
,,, 0.07225999981,1.72000,
,,, 0.07227999717,1.72000,
,,, 0.07229999453,1.72000,
,,, 0.07231999934,1.72000,
,,, 0.07233999670,1.72000,
,,, 0.07236000150,1.72000,
,,, 0.07237999886,1.72000,
,,, 0.07239999622,1.72000,
,,, 0.07242000103,1.72000,
,,, 0.07243999839,1.72000,
,,, 0.07245999575,1.72000,
,,, 0.07248000056,1.64000,
,,, 0.07249999791,1.68000,
,,, 0.07251999527,1.72000,
,,, 0.07254000008,1.72000,
,,, 0.07255999744,1.72000,
,,, 0.07257999480,1.72000,
,,, 0.07259999961,1.68000,
,,, 0.07261999696,1.72000,
,,, 0.07264000177,1.68000,
,,, 0.07265999913,1.72000,
,,, 0.07267999649,1.68000,
,,, 0.07270000130,1.72000,
,,, 0.07271999866,1.64000,
,,, 0.07273999602,1.68000,
,,, 0.07276000082,1.68000,
,,, 0.07277999818,1.72000,
,,, 0.07279999554,1.72000,
,,, 0.07282000035,1.68000,
,,, 0.07283999771,1.68000,
,,, 0.07285999507,1.68000,
,,, 0.07287999988,1.68000,
,,, 0.07289999723,1.68000,
,,, 0.07291999459,1.68000,
,,, 0.07293999940,1.68000,
,,, 0.07295999676,1.64000,
,,, 0.07298000157,1.64000,
,,, 0.07299999893,1.68000,
,,, 0.07301999629,1.64000,
,,, 0.07304000109,1.64000,
,,, 0.07305999845,1.68000,
,,, 0.07307999581,1.64000,
,,, 0.07310000062,1.64000,
,,, 0.07311999798,1.64000,
,,, 0.07313999534,1.64000,
,,, 0.07316000015,1.64000,
,,, 0.07317999750,1.64000,
,,, 0.07319999486,1.60000,
,,, 0.07321999967,1.64000,
,,, 0.07323999703,1.64000,
,,, 0.07326000184,1.60000,
,,, 0.07327999920,1.60000,
,,, 0.07329999655,1.60000,
,,, 0.07332000136,1.64000,
,,, 0.07333999872,1.60000,
,,, 0.07335999608,1.60000,
,,, 0.07338000089,1.60000,
,,, 0.07339999825,1.64000,
,,, 0.07341999561,1.60000,
,,, 0.07344000041,1.64000,
,,, 0.07345999777,1.56000,
,,, 0.07347999513,1.60000,
,,, 0.07349999994,1.60000,
,,, 0.07351999730,1.60000,
,,, 0.07353999466,1.56000,
,,, 0.07355999947,1.60000,
,,, 0.07357999682,1.60000,
,,, 0.07360000163,1.56000,
,,, 0.07361999899,1.56000,
,,, 0.07363999635,1.56000,
,,, 0.07366000116,1.56000,
,,, 0.07367999852,1.56000,
,,, 0.07369999588,1.56000,
,,, 0.07372000068,1.56000,
,,, 0.07373999804,1.56000,
,,, 0.07375999540,1.56000,
,,, 0.07378000021,1.56000,
,,, 0.07379999757,1.56000,
,,, 0.07381999493,1.56000,
,,, 0.07383999974,1.56000,
,,, 0.07385999709,1.56000,
,,, 0.07387999445,1.56000,
,,, 0.07389999926,1.56000,
,,, 0.07391999662,1.56000,
,,, 0.07394000143,1.56000,
,,, 0.07395999879,1.56000,
,,, 0.07397999614,1.56000,
,,, 0.07400000095,1.56000,
,,, 0.07401999831,1.56000,
,,, 0.07403999567,1.56000,
,,, 0.07406000048,1.56000,
,,, 0.07407999784,1.56000,
,,, 0.07409999520,1.52000,
,,, 0.07412000000,1.56000,
,,, 0.07413999736,1.56000,
,,, 0.07415999472,1.56000,
,,, 0.07417999953,1.56000,
,,, 0.07419999689,1.52000,
,,, 0.07422000170,1.52000,
,,, 0.07423999906,1.52000,
,,, 0.07425999641,1.48000,
,,, 0.07428000122,1.52000,
,,, 0.07429999858,1.52000,
,,, 0.07431999594,1.56000,
,,, 0.07434000075,1.48000,
,,, 0.07435999811,1.52000,
,,, 0.07437999547,1.48000,
,,, 0.07440000027,1.52000,
,,, 0.07441999763,1.52000,
,,, 0.07443999499,1.52000,
,,, 0.07445999980,1.48000,
,,, 0.07447999716,1.48000,
,,, 0.07449999452,1.52000,
,,, 0.07451999933,1.44000,
,,, 0.07453999668,1.48000,
,,, 0.07456000149,1.48000,
,,, 0.07457999885,1.48000,
,,, 0.07459999621,1.48000,
,,, 0.07462000102,1.48000,
,,, 0.07463999838,1.48000,
,,, 0.07465999573,1.48000,
,,, 0.07468000054,1.48000,
,,, 0.07469999790,1.48000,
,,, 0.07471999526,1.48000,
,,, 0.07474000007,1.48000,
,,, 0.07475999743,1.48000,
,,, 0.07477999479,1.48000,
,,, 0.07479999959,1.48000,
,,, 0.07481999695,1.48000,
,,, 0.07484000176,1.44000,
,,, 0.07485999912,1.48000,
,,, 0.07487999648,1.44000,
,,, 0.07490000129,1.48000,
,,, 0.07491999865,1.44000,
,,, 0.07493999600,1.44000,
,,, 0.07496000081,1.40000,
,,, 0.07497999817,1.40000,
,,, 0.07499999553,1.44000,
,,, 0.07502000034,1.44000,
,,, 0.07503999770,1.40000,
,,, 0.07505999506,1.44000,
,,, 0.07507999986,1.40000,
,,, 0.07509999722,1.44000,
,,, 0.07511999458,1.44000,
,,, 0.07513999939,1.44000,
,,, 0.07515999675,1.40000,
,,, 0.07518000156,1.40000,
,,, 0.07519999892,1.40000,
,,, 0.07521999627,1.40000,
,,, 0.07524000108,1.40000,
,,, 0.07525999844,1.44000,
,,, 0.07527999580,1.40000,
,,, 0.07530000061,1.40000,
,,, 0.07531999797,1.40000,
,,, 0.07533999532,1.40000,
,,, 0.07536000013,1.40000,
,,, 0.07537999749,1.40000,
,,, 0.07539999485,1.40000,
,,, 0.07541999966,1.40000,
,,, 0.07543999702,1.40000,
,,, 0.07545999438,1.40000,
,,, 0.07547999918,1.40000,
,,, 0.07549999654,1.40000,
,,, 0.07552000135,1.36000,
,,, 0.07553999871,1.40000,
,,, 0.07555999607,1.40000,
,,, 0.07558000088,1.36000,
,,, 0.07559999824,1.40000,
,,, 0.07561999559,1.36000,
,,, 0.07564000040,1.36000,
,,, 0.07565999776,1.32000,
,,, 0.07567999512,1.40000,
,,, 0.07569999993,1.36000,
,,, 0.07571999729,1.36000,
,,, 0.07573999465,1.36000,
,,, 0.07575999945,1.32000,
,,, 0.07577999681,1.36000,
,,, 0.07580000162,1.40000,
,,, 0.07581999898,1.32000,
,,, 0.07583999634,1.36000,
,,, 0.07586000115,1.32000,
,,, 0.07587999851,1.32000,
,,, 0.07589999586,1.32000,
,,, 0.07592000067,1.32000,
,,, 0.07593999803,1.36000,
,,, 0.07595999539,1.36000,
,,, 0.07598000020,1.32000,
,,, 0.07599999756,1.36000,
,,, 0.07601999491,1.36000,
,,, 0.07603999972,1.36000,
,,, 0.07605999708,1.36000,
,,, 0.07607999444,1.32000,
,,, 0.07609999925,1.32000,
,,, 0.07611999661,1.32000,
,,, 0.07614000142,1.32000,
,,, 0.07615999877,1.32000,
,,, 0.07617999613,1.32000,
,,, 0.07620000094,1.32000,
,,, 0.07621999830,1.28000,
,,, 0.07623999566,1.32000,
,,, 0.07626000047,1.28000,
,,, 0.07627999783,1.28000,
,,, 0.07629999518,1.32000,
,,, 0.07631999999,1.32000,
,,, 0.07633999735,1.32000,
,,, 0.07635999471,1.28000,
,,, 0.07637999952,1.28000,
,,, 0.07639999688,1.28000,
,,, 0.07642000169,1.28000,
,,, 0.07643999904,1.32000,
,,, 0.07645999640,1.32000,
,,, 0.07648000121,1.28000,
,,, 0.07649999857,1.24000,
,,, 0.07651999593,1.32000,
,,, 0.07654000074,1.28000,
,,, 0.07655999810,1.24000,
,,, 0.07657999545,1.28000,
,,, 0.07660000026,1.24000,
,,, 0.07661999762,1.24000,
,,, 0.07663999498,1.28000,
,,, 0.07665999979,1.28000,
,,, 0.07667999715,1.24000,
,,, 0.07669999450,1.24000,
,,, 0.07671999931,1.24000,
,,, 0.07673999667,1.24000,
,,, 0.07676000148,1.24000,
,,, 0.07677999884,1.24000,
,,, 0.07679999620,1.24000,
,,, 0.07682000101,1.24000,
,,, 0.07683999836,1.24000,
,,, 0.07685999572,1.24000,
,,, 0.07688000053,1.24000,
,,, 0.07689999789,1.24000,
,,, 0.07691999525,1.24000,
,,, 0.07694000006,1.24000,
,,, 0.07695999742,1.24000,
,,, 0.07697999477,1.20000,
,,, 0.07699999958,1.24000,
,,, 0.07701999694,1.24000,
,,, 0.07704000175,1.24000,
,,, 0.07705999911,1.20000,
,,, 0.07707999647,1.24000,
,,, 0.07710000128,1.16000,
,,, 0.07711999863,1.20000,
,,, 0.07713999599,1.20000,
,,, 0.07716000080,1.20000,
,,, 0.07717999816,1.24000,
,,, 0.07719999552,1.20000,
,,, 0.07722000033,1.20000,
,,, 0.07723999768,1.20000,
,,, 0.07725999504,1.20000,
,,, 0.07727999985,1.20000,
,,, 0.07729999721,1.20000,
,,, 0.07731999457,1.20000,
,,, 0.07733999938,1.16000,
,,, 0.07735999674,1.16000,
,,, 0.07738000154,1.16000,
,,, 0.07739999890,1.16000,
,,, 0.07741999626,1.16000,
,,, 0.07744000107,1.16000,
,,, 0.07745999843,1.16000,
,,, 0.07747999579,1.16000,
,,, 0.07750000060,1.16000,
,,, 0.07751999795,1.16000,
,,, 0.07753999531,1.16000,
,,, 0.07756000012,1.16000,
,,, 0.07757999748,1.16000,
,,, 0.07759999484,1.16000,
,,, 0.07761999965,1.12000,
,,, 0.07763999701,1.16000,
,,, 0.07765999436,1.16000,
,,, 0.07767999917,1.16000,
,,, 0.07769999653,1.16000,
,,, 0.07772000134,1.12000,
,,, 0.07773999870,1.12000,
,,, 0.07775999606,1.16000,
,,, 0.07778000087,1.12000,
,,, 0.07779999822,1.12000,
,,, 0.07781999558,1.16000,
,,, 0.07784000039,1.08000,
,,, 0.07785999775,1.12000,
,,, 0.07787999511,1.16000,
,,, 0.07789999992,1.12000,
,,, 0.07791999727,1.08000,
,,, 0.07793999463,1.12000,
,,, 0.07795999944,1.08000,
,,, 0.07797999680,1.08000,
,,, 0.07800000161,1.08000,
,,, 0.07801999897,1.08000,
,,, 0.07803999633,1.12000,
,,, 0.07806000113,1.08000,
,,, 0.07807999849,1.08000,
,,, 0.07809999585,1.08000,
,,, 0.07812000066,1.08000,
,,, 0.07813999802,1.08000,
,,, 0.07815999538,1.08000,
,,, 0.07818000019,1.08000,
,,, 0.07819999754,1.12000,
,,, 0.07821999490,1.08000,
,,, 0.07823999971,1.08000,
,,, 0.07825999707,1.08000,
,,, 0.07827999443,1.08000,
,,, 0.07829999924,1.08000,
,,, 0.07831999660,1.08000,
,,, 0.07834000140,1.08000,
,,, 0.07835999876,1.08000,
,,, 0.07837999612,1.08000,
,,, 0.07840000093,1.08000,
,,, 0.07841999829,1.08000,
,,, 0.07843999565,1.08000,
,,, 0.07846000046,1.08000,
,,, 0.07847999781,1.08000,
,,, 0.07849999517,1.08000,
,,, 0.07851999998,1.00000,
,,, 0.07853999734,1.08000,
,,, 0.07855999470,1.08000,
,,, 0.07857999951,1.00000,
,,, 0.07859999686,1.00000,
,,, 0.07862000167,1.00000,
,,, 0.07863999903,1.00000,
,,, 0.07865999639,1.08000,
,,, 0.07868000120,1.00000,
,,, 0.07869999856,1.00000,
,,, 0.07871999592,1.00000,
,,, 0.07874000072,0.96000,
,,, 0.07875999808,1.00000,
,,, 0.07877999544,1.00000,
,,, 0.07880000025,0.96000,
,,, 0.07881999761,1.00000,
,,, 0.07883999497,1.08000,
,,, 0.07885999978,1.00000,
,,, 0.07887999713,0.96000,
,,, 0.07889999449,0.96000,
,,, 0.07891999930,1.00000,
,,, 0.07893999666,0.96000,
,,, 0.07896000147,1.00000,
,,, 0.07897999883,0.96000,
,,, 0.07899999619,0.96000,
,,, 0.07902000099,0.92000,
,,, 0.07903999835,0.96000,
,,, 0.07905999571,0.96000,
,,, 0.07908000052,0.96000,
,,, 0.07909999788,0.96000,
,,, 0.07911999524,1.00000,
,,, 0.07914000005,0.92000,
,,, 0.07915999740,0.92000,
,,, 0.07917999476,0.96000,
,,, 0.07919999957,0.96000,
,,, 0.07921999693,0.92000,
,,, 0.07923999429,0.92000,
,,, 0.07925999910,0.96000,
,,, 0.07927999645,0.92000,
,,, 0.07930000126,0.96000,
,,, 0.07931999862,0.96000,
,,, 0.07933999598,0.96000,
,,, 0.07936000079,0.88000,
,,, 0.07937999815,0.92000,
,,, 0.07939999551,0.92000,
,,, 0.07942000031,0.92000,
,,, 0.07943999767,0.92000,
,,, 0.07945999503,0.92000,
,,, 0.07947999984,0.88000,
,,, 0.07949999720,0.88000,
,,, 0.07951999456,0.92000,
,,, 0.07953999937,0.88000,
,,, 0.07955999672,0.92000,
,,, 0.07958000153,0.92000,
,,, 0.07959999889,0.88000,
,,, 0.07961999625,0.88000,
,,, 0.07964000106,0.88000,
,,, 0.07965999842,0.92000,
,,, 0.07967999578,0.88000,
,,, 0.07970000058,0.88000,
,,, 0.07971999794,0.88000,
,,, 0.07973999530,0.88000,
,,, 0.07976000011,0.88000,
,,, 0.07977999747,0.88000,
,,, 0.07979999483,0.88000,
,,, 0.07981999964,0.88000,
,,, 0.07983999699,0.88000,
,,, 0.07985999435,0.88000,
,,, 0.07987999916,0.88000,
,,, 0.07989999652,0.88000,
,,, 0.07992000133,0.88000,
,,, 0.07993999869,0.88000,
,,, 0.07995999604,0.88000,
,,, 0.07998000085,0.88000,
