Record Length,8000,,Source,CH1
Sample Interval,CH1:0.0000020000000,,Second,Volt
Vertical Units,CH1:V,,-0.00800000038,2.84000,
Vertical Scale,CH1:1.00,,-0.00799799990,2.84000,
Vertical Offset,CH1:0.00,,-0.00799600035,2.84000,
Horizontal Units,s,,-0.00799399987,2.84000,
Horizontal Scale,0.0010000000,,-0.00799200032,2.84000,
Model Number,SDS1072CML+,,-0.00798999984,2.84000,
Serial Number,SDS1MCB4166837,,-0.00798800029,2.84000,
Software Version,6.01.01.18,,-0.00798599981,2.84000,
,,,-0.00798400026,2.84000,
,,,-0.00798199978,2.80000,
,,,-0.00798000023,2.84000,
,,,-0.00797799975,2.84000,
,,,-0.00797600020,2.84000,
,,,-0.00797399972,2.84000,
,,,-0.00797200017,2.84000,
,,,-0.00796999969,2.84000,
,,,-0.00796800014,2.84000,
,,,-0.00796599966,2.84000,
,,,-0.00796400011,2.84000,
,,,-0.00796199962,2.84000,
,,,-0.00796000008,2.84000,
,,,-0.00795799959,2.84000,
,,,-0.00795600004,2.84000,
,,,-0.00795399956,2.84000,
,,,-0.00795200001,2.84000,
,,,-0.00794999953,2.84000,
,,,-0.00794799998,2.84000,
,,,-0.00794600043,2.84000,
,,,-0.00794399995,2.84000,
,,,-0.00794200040,2.84000,
,,,-0.00793999992,2.84000,
,,,-0.00793800037,2.84000,
,,,-0.00793599989,2.84000,
,,,-0.00793400034,2.84000,
,,,-0.00793199986,2.84000,
,,,-0.00793000031,2.84000,
,,,-0.00792799983,2.84000,
,,,-0.00792600028,2.84000,
,,,-0.00792399980,2.84000,
,,,-0.00792200025,2.84000,
,,,-0.00791999977,2.84000,
,,,-0.00791800022,2.84000,
,,,-0.00791599974,2.84000,
,,,-0.00791400019,2.84000,
,,,-0.00791199971,2.84000,
,,,-0.00791000016,2.84000,
,,,-0.00790799968,2.84000,
,,,-0.00790600013,2.84000,
,,,-0.00790399965,2.84000,
,,,-0.00790200010,2.84000,
,,,-0.00789999962,2.84000,
,,,-0.00789800007,2.84000,
,,,-0.00789599959,2.84000,
,,,-0.00789400004,2.84000,
,,,-0.00789199956,2.84000,
,,,-0.00789000001,2.84000,
,,,-0.00788799953,2.84000,
,,,-0.00788599998,2.84000,
,,,-0.00788400043,2.84000,
,,,-0.00788199995,2.84000,
,,,-0.00788000040,2.84000,
,,,-0.00787799992,2.68000,
,,,-0.00787600037,2.68000,
,,,-0.00787399989,2.68000,
,,,-0.00787200034,2.68000,
,,,-0.00786999986,2.68000,
,,,-0.00786800031,2.68000,
,,,-0.00786599983,2.68000,
,,,-0.00786400028,2.68000,
,,,-0.00786199979,2.68000,
,,,-0.00786000025,2.68000,
,,,-0.00785799976,2.68000,
,,,-0.00785600021,2.68000,
,,,-0.00785399973,2.68000,
,,,-0.00785200018,2.68000,
,,,-0.00784999970,2.68000,
,,,-0.00784800015,2.68000,
,,,-0.00784599967,2.68000,
,,,-0.00784400012,2.68000,
,,,-0.00784199964,2.68000,
,,,-0.00784000009,2.68000,
,,,-0.00783799961,2.68000,
,,,-0.00783600006,2.68000,
,,,-0.00783399958,2.68000,
,,,-0.00783200003,2.68000,
,,,-0.00782999955,2.68000,
,,,-0.00782800000,2.68000,
,,,-0.00782599952,2.68000,
,,,-0.00782399997,2.68000,
,,,-0.00782200042,2.68000,
,,,-0.00781999994,2.68000,
,,,-0.00781800039,2.68000,
,,,-0.00781599991,2.68000,
,,,-0.00781400036,2.68000,
,,,-0.00781199988,2.68000,
,,,-0.00780999986,2.68000,
,,,-0.00780799985,2.68000,
,,,-0.00780599983,2.68000,
,,,-0.00780399982,2.68000,
,,,-0.00780199980,2.68000,
,,,-0.00779999979,2.68000,
,,,-0.00779799977,2.68000,
,,,-0.00779599976,2.68000,
,,,-0.00779400021,2.68000,
,,,-0.00779200019,2.68000,
,,,-0.00779000018,2.72000,
,,,-0.00778800016,2.68000,
,,,-0.00778600015,2.68000,
,,,-0.00778400013,2.68000,
,,,-0.00778200012,2.68000,
,,,-0.00778000010,2.68000,
,,,-0.00777800009,2.68000,
,,,-0.00777600007,2.68000,
,,,-0.00777400006,2.68000,
,,,-0.00777200004,2.68000,
,,,-0.00777000003,2.68000,
,,,-0.00776800001,2.68000,
,,,-0.00776600000,2.68000,
,,,-0.00776399998,2.68000,
,,,-0.00776199996,2.68000,
,,,-0.00775999995,2.68000,
,,,-0.00775799993,2.68000,
,,,-0.00775599992,2.68000,
,,,-0.00775399990,2.56000,
,,,-0.00775199989,2.52000,
,,,-0.00774999987,2.52000,
,,,-0.00774799986,2.52000,
,,,-0.00774599984,2.52000,
,,,-0.00774399983,2.52000,
,,,-0.00774199981,2.56000,
,,,-0.00773999980,2.56000,
,,,-0.00773799978,2.52000,
,,,-0.00773599977,2.52000,
,,,-0.00773399975,2.56000,
,,,-0.00773200020,2.52000,
,,,-0.00773000019,2.52000,
,,,-0.00772800017,2.56000,
,,,-0.00772600016,2.56000,
,,,-0.00772400014,2.52000,
,,,-0.00772200013,2.52000,
,,,-0.00772000011,2.52000,
,,,-0.00771800010,2.52000,
,,,-0.00771600008,2.52000,
,,,-0.00771400006,2.52000,
,,,-0.00771200005,2.52000,
,,,-0.00771000003,2.52000,
,,,-0.00770800002,2.52000,
,,,-0.00770600000,2.52000,
,,,-0.00770399999,2.52000,
,,,-0.00770199997,2.52000,
,,,-0.00769999996,2.56000,
,,,-0.00769799994,2.56000,
,,,-0.00769599993,2.52000,
,,,-0.00769399991,2.52000,
,,,-0.00769199990,2.52000,
,,,-0.00768999988,2.52000,
,,,-0.00768799987,2.52000,
,,,-0.00768599985,2.52000,
,,,-0.00768399984,2.52000,
,,,-0.00768199982,2.52000,
,,,-0.00767999981,2.52000,
,,,-0.00767799979,2.56000,
,,,-0.00767599978,2.52000,
,,,-0.00767399976,2.52000,
,,,-0.00767200021,2.52000,
,,,-0.00767000020,2.52000,
,,,-0.00766800018,2.52000,
,,,-0.00766600017,2.52000,
,,,-0.00766400015,2.52000,
,,,-0.00766200013,2.52000,
,,,-0.00766000012,2.52000,
,,,-0.00765800010,2.52000,
,,,-0.00765600009,2.52000,
,,,-0.00765400007,2.56000,
,,,-0.00765200006,2.52000,
,,,-0.00765000004,2.52000,
,,,-0.00764800003,2.52000,
,,,-0.00764600001,2.52000,
,,,-0.00764400000,2.52000,
,,,-0.00764199998,2.52000,
,,,-0.00763999997,2.52000,
,,,-0.00763799995,2.56000,
,,,-0.00763599994,2.56000,
,,,-0.00763399992,2.52000,
,,,-0.00763199991,2.52000,
,,,-0.00762999989,2.40000,
,,,-0.00762799988,2.36000,
,,,-0.00762599986,2.36000,
,,,-0.00762399985,2.36000,
,,,-0.00762199983,2.40000,
,,,-0.00761999981,2.36000,
,,,-0.00761799980,2.40000,
,,,-0.00761599978,2.36000,
,,,-0.00761399977,2.40000,
,,,-0.00761199975,2.36000,
,,,-0.00761000020,2.36000,
,,,-0.00760800019,2.36000,
,,,-0.00760600017,2.36000,
,,,-0.00760400016,2.40000,
,,,-0.00760200014,2.36000,
,,,-0.00760000013,2.36000,
,,,-0.00759800011,2.36000,
,,,-0.00759600010,2.36000,
,,,-0.00759400008,2.36000,
,,,-0.00759200007,2.40000,
,,,-0.00759000005,2.40000,
,,,-0.00758800004,2.36000,
,,,-0.00758600002,2.40000,
,,,-0.00758400001,2.36000,
,,,-0.00758199999,2.36000,
,,,-0.00757999998,2.40000,
,,,-0.00757799996,2.40000,
,,,-0.00757599995,2.36000,
,,,-0.00757399993,2.44000,
,,,-0.00757199991,2.36000,
,,,-0.00756999990,2.40000,
,,,-0.00756799988,2.36000,
,,,-0.00756599987,2.40000,
,,,-0.00756399985,2.40000,
,,,-0.00756199984,2.40000,
,,,-0.00755999982,2.40000,
,,,-0.00755799981,2.40000,
,,,-0.00755599979,2.40000,
,,,-0.00755399978,2.40000,
,,,-0.00755199976,2.40000,
,,,-0.00755000021,2.40000,
,,,-0.00754800020,2.36000,
,,,-0.00754600018,2.36000,
,,,-0.00754400017,2.40000,
,,,-0.00754200015,2.40000,
,,,-0.00754000014,2.36000,
,,,-0.00753800012,2.36000,
,,,-0.00753600011,2.40000,
,,,-0.00753400009,2.44000,
,,,-0.00753200008,2.40000,
,,,-0.00753000006,2.40000,
,,,-0.00752800005,2.40000,
,,,-0.00752600003,2.40000,
,,,-0.00752400002,2.36000,
,,,-0.00752200000,2.40000,
,,,-0.00751999998,2.40000,
,,,-0.00751799997,2.36000,
,,,-0.00751599995,2.40000,
,,,-0.00751399994,2.40000,
,,,-0.00751199992,2.40000,
,,,-0.00750999991,2.36000,
,,,-0.00750799989,2.40000,
,,,-0.00750599988,2.36000,
,,,-0.00750399986,2.20000,
,,,-0.00750199985,2.24000,
,,,-0.00749999983,2.24000,
,,,-0.00749799982,2.24000,
,,,-0.00749599980,2.24000,
,,,-0.00749399979,2.20000,
,,,-0.00749199977,2.20000,
,,,-0.00748999976,2.20000,
,,,-0.00748800021,2.24000,
,,,-0.00748600019,2.24000,
,,,-0.00748400018,2.24000,
,,,-0.00748200016,2.28000,
,,,-0.00748000015,2.20000,
,,,-0.00747800013,2.24000,
,,,-0.00747600012,2.24000,
,,,-0.00747400010,2.24000,
,,,-0.00747200008,2.20000,
,,,-0.00747000007,2.24000,
,,,-0.00746800005,2.20000,
,,,-0.00746600004,2.24000,
,,,-0.00746400002,2.20000,
,,,-0.00746200001,2.28000,
,,,-0.00745999999,2.24000,
,,,-0.00745799998,2.24000,
,,,-0.00745599996,2.24000,
,,,-0.00745399995,2.20000,
,,,-0.00745199993,2.20000,
,,,-0.00744999992,2.20000,
,,,-0.00744799990,2.24000,
,,,-0.00744599989,2.24000,
,,,-0.00744399987,2.24000,
,,,-0.00744199986,2.24000,
,,,-0.00743999984,2.24000,
,,,-0.00743799983,2.24000,
,,,-0.00743599981,2.24000,
,,,-0.00743399980,2.28000,
,,,-0.00743199978,2.24000,
,,,-0.00742999977,2.24000,
,,,-0.00742799975,2.20000,
,,,-0.00742600020,2.24000,
,,,-0.00742400018,2.24000,
,,,-0.00742200017,2.28000,
,,,-0.00742000015,2.24000,
,,,-0.00741800014,2.20000,
,,,-0.00741600012,2.24000,
,,,-0.00741400011,2.24000,
,,,-0.00741200009,2.20000,
,,,-0.00741000008,2.24000,
,,,-0.00740800006,2.24000,
,,,-0.00740600005,2.24000,
,,,-0.00740400003,2.24000,
,,,-0.00740200002,2.24000,
,,,-0.00740000000,2.20000,
,,,-0.00739799999,2.28000,
,,,-0.00739599997,2.24000,
,,,-0.00739399996,2.24000,
,,,-0.00739199994,2.24000,
,,,-0.00738999993,2.24000,
,,,-0.00738799991,2.24000,
,,,-0.00738599990,2.20000,
,,,-0.00738399988,2.24000,
,,,-0.00738199987,2.16000,
,,,-0.00737999985,2.08000,
,,,-0.00737799983,2.08000,
,,,-0.00737599982,2.08000,
,,,-0.00737399980,2.08000,
,,,-0.00737199979,2.08000,
,,,-0.00736999977,2.12000,
,,,-0.00736799976,2.08000,
,,,-0.00736600021,2.08000,
,,,-0.00736400019,2.08000,
,,,-0.00736200018,2.08000,
,,,-0.00736000016,2.08000,
,,,-0.00735800015,2.08000,
,,,-0.00735600013,2.04000,
,,,-0.00735400012,2.08000,
,,,-0.00735200010,2.08000,
,,,-0.00735000009,2.08000,
,,,-0.00734800007,2.08000,
,,,-0.00734600006,2.08000,
,,,-0.00734400004,2.08000,
,,,-0.00734200003,2.08000,
,,,-0.00734000001,2.08000,
,,,-0.00733800000,2.08000,
,,,-0.00733599998,2.08000,
,,,-0.00733399997,2.08000,
,,,-0.00733199995,2.08000,
,,,-0.00732999993,2.08000,
,,,-0.00732799992,2.08000,
,,,-0.00732599990,2.08000,
,,,-0.00732399989,2.04000,
,,,-0.00732199987,2.08000,
,,,-0.00731999986,2.08000,
,,,-0.00731799984,2.08000,
,,,-0.00731599983,2.08000,
,,,-0.00731399981,2.08000,
,,,-0.00731199980,2.08000,
,,,-0.00730999978,2.08000,
,,,-0.00730799977,2.08000,
,,,-0.00730599975,2.08000,
,,,-0.00730400020,2.04000,
,,,-0.00730200019,2.08000,
,,,-0.00730000017,2.08000,
,,,-0.00729800016,2.08000,
,,,-0.00729600014,2.08000,
,,,-0.00729400013,2.08000,
,,,-0.00729200011,2.12000,
,,,-0.00729000010,2.12000,
,,,-0.00728800008,2.04000,
,,,-0.00728600007,2.12000,
,,,-0.00728400005,2.04000,
,,,-0.00728200004,2.08000,
,,,-0.00728000002,2.12000,
,,,-0.00727800000,2.08000,
,,,-0.00727599999,2.08000,
,,,-0.00727399997,2.08000,
,,,-0.00727199996,2.12000,
,,,-0.00726999994,2.08000,
,,,-0.00726799993,2.08000,
,,,-0.00726599991,2.08000,
,,,-0.00726399990,2.08000,
,,,-0.00726199988,2.08000,
,,,-0.00725999987,2.08000,
,,,-0.00725799985,2.08000,
,,,-0.00725599984,1.92000,
,,,-0.00725399982,1.88000,
,,,-0.00725199981,1.92000,
,,,-0.00724999979,1.88000,
,,,-0.00724799978,1.92000,
,,,-0.00724599976,1.96000,
,,,-0.00724400021,1.96000,
,,,-0.00724200020,1.92000,
,,,-0.00724000018,1.92000,
,,,-0.00723800017,1.96000,
,,,-0.00723600015,1.96000,
,,,-0.00723400014,1.92000,
,,,-0.00723200012,1.96000,
,,,-0.00723000010,1.96000,
,,,-0.00722800009,1.96000,
,,,-0.00722600007,1.96000,
,,,-0.00722400006,1.88000,
,,,-0.00722200004,1.92000,
,,,-0.00722000003,1.96000,
,,,-0.00721800001,1.96000,
,,,-0.00721600000,1.92000,
,,,-0.00721399998,1.96000,
,,,-0.00721199997,1.96000,
,,,-0.00720999995,1.92000,
,,,-0.00720799994,1.96000,
,,,-0.00720599992,1.96000,
,,,-0.00720399991,1.96000,
,,,-0.00720199989,1.92000,
,,,-0.00719999988,1.92000,
,,,-0.00719799986,1.92000,
,,,-0.00719599985,1.92000,
,,,-0.00719399983,1.96000,
,,,-0.00719199982,1.92000,
,,,-0.00718999980,1.96000,
,,,-0.00718799978,1.96000,
,,,-0.00718599977,1.92000,
,,,-0.00718399975,1.92000,
,,,-0.00718200020,1.96000,
,,,-0.00718000019,1.92000,
,,,-0.00717800017,1.92000,
,,,-0.00717600016,1.96000,
,,,-0.00717400014,1.96000,
,,,-0.00717200013,1.96000,
,,,-0.00717000011,1.92000,
,,,-0.00716800010,1.96000,
,,,-0.00716600008,1.92000,
,,,-0.00716400007,1.92000,
,,,-0.00716200005,1.92000,
,,,-0.00716000004,1.96000,
,,,-0.00715800002,1.96000,
,,,-0.00715600001,1.92000,
,,,-0.00715399999,1.92000,
,,,-0.00715199998,1.92000,
,,,-0.00714999996,1.92000,
,,,-0.00714799995,1.92000,
,,,-0.00714599993,1.88000,
,,,-0.00714399992,1.96000,
,,,-0.00714199990,1.96000,
,,,-0.00713999989,1.92000,
,,,-0.00713799987,1.92000,
,,,-0.00713599985,1.96000,
,,,-0.00713399984,1.92000,
,,,-0.00713199982,1.80000,
,,,-0.00712999981,1.76000,
,,,-0.00712799979,1.80000,
,,,-0.00712599978,1.80000,
,,,-0.00712399976,1.76000,
,,,-0.00712200021,1.80000,
,,,-0.00712000020,1.80000,
,,,-0.00711800018,1.80000,
,,,-0.00711600017,1.80000,
,,,-0.00711400015,1.76000,
,,,-0.00711200014,1.76000,
,,,-0.00711000012,1.76000,
,,,-0.00710800011,1.76000,
,,,-0.00710600009,1.80000,
,,,-0.00710400008,1.76000,
,,,-0.00710200006,1.76000,
,,,-0.00710000005,1.80000,
,,,-0.00709800003,1.80000,
,,,-0.00709600002,1.80000,
,,,-0.00709400000,1.80000,
,,,-0.00709199999,1.80000,
,,,-0.00708999997,1.76000,
,,,-0.00708799995,1.72000,
,,,-0.00708599994,1.76000,
,,,-0.00708399992,1.76000,
,,,-0.00708199991,1.80000,
,,,-0.00707999989,1.76000,
,,,-0.00707799988,1.80000,
,,,-0.00707599986,1.80000,
,,,-0.00707399985,1.76000,
,,,-0.00707199983,1.76000,
,,,-0.00706999982,1.80000,
,,,-0.00706799980,1.76000,
,,,-0.00706599979,1.80000,
,,,-0.00706399977,1.80000,
,,,-0.00706199976,1.76000,
,,,-0.00706000021,1.80000,
,,,-0.00705800019,1.80000,
,,,-0.00705600018,1.76000,
,,,-0.00705400016,1.80000,
,,,-0.00705200015,1.80000,
,,,-0.00705000013,1.76000,
,,,-0.00704800012,1.80000,
,,,-0.00704600010,1.80000,
,,,-0.00704400009,1.80000,
,,,-0.00704200007,1.80000,
,,,-0.00704000005,1.76000,
,,,-0.00703800004,1.80000,
,,,-0.00703600002,1.76000,
,,,-0.00703400001,1.76000,
,,,-0.00703199999,1.76000,
,,,-0.00702999998,1.76000,
,,,-0.00702799996,1.76000,
,,,-0.00702599995,1.76000,
,,,-0.00702399993,1.80000,
,,,-0.00702199992,1.80000,
,,,-0.00701999990,1.80000,
,,,-0.00701799989,1.80000,
,,,-0.00701599987,1.80000,
,,,-0.00701399986,1.80000,
,,,-0.00701199984,1.80000,
,,,-0.00700999983,1.76000,
,,,-0.00700799981,1.64000,
,,,-0.00700599980,1.64000,
,,,-0.00700399978,1.60000,
,,,-0.00700199977,1.64000,
,,,-0.00699999975,1.64000,
,,,-0.00699800020,1.64000,
,,,-0.00699600019,1.64000,
,,,-0.00699400017,1.60000,
,,,-0.00699200016,1.60000,
,,,-0.00699000014,1.64000,
,,,-0.00698800012,1.64000,
,,,-0.00698600011,1.64000,
,,,-0.00698400009,1.64000,
,,,-0.00698200008,1.64000,
,,,-0.00698000006,1.64000,
,,,-0.00697800005,1.60000,
,,,-0.00697600003,1.64000,
,,,-0.00697400002,1.60000,
,,,-0.00697200000,1.60000,
,,,-0.00696999999,1.64000,
,,,-0.00696799997,1.60000,
,,,-0.00696599996,1.64000,
,,,-0.00696399994,1.64000,
,,,-0.00696199993,1.64000,
,,,-0.00695999991,1.64000,
,,,-0.00695799990,1.64000,
,,,-0.00695599988,1.60000,
,,,-0.00695399987,1.60000,
,,,-0.00695199985,1.60000,
,,,-0.00694999984,1.60000,
,,,-0.00694799982,1.60000,
,,,-0.00694599980,1.64000,
,,,-0.00694399979,1.64000,
,,,-0.00694199977,1.64000,
,,,-0.00693999976,1.64000,
,,,-0.00693800021,1.64000,
,,,-0.00693600019,1.64000,
,,,-0.00693400018,1.60000,
,,,-0.00693200016,1.64000,
,,,-0.00693000015,1.60000,
,,,-0.00692800013,1.64000,
,,,-0.00692600012,1.60000,
,,,-0.00692400010,1.64000,
,,,-0.00692200009,1.64000,
,,,-0.00692000007,1.64000,
,,,-0.00691800006,1.60000,
,,,-0.00691600004,1.60000,
,,,-0.00691400003,1.64000,
,,,-0.00691200001,1.64000,
,,,-0.00691000000,1.60000,
,,,-0.00690799998,1.60000,
,,,-0.00690599997,1.60000,
,,,-0.00690399995,1.64000,
,,,-0.00690199994,1.60000,
,,,-0.00689999992,1.64000,
,,,-0.00689799991,1.60000,
,,,-0.00689599989,1.60000,
,,,-0.00689399987,1.64000,
,,,-0.00689199986,1.64000,
,,,-0.00688999984,1.64000,
,,,-0.00688799983,1.60000,
,,,-0.00688599981,1.60000,
,,,-0.00688399980,1.64000,
,,,-0.00688199978,1.64000,
,,,-0.00687999977,1.64000,
,,,-0.00687799975,1.48000,
,,,-0.00687600020,1.48000,
,,,-0.00687400019,1.48000,
,,,-0.00687200017,1.44000,
,,,-0.00687000016,1.44000,
,,,-0.00686800014,1.44000,
,,,-0.00686600013,1.48000,
,,,-0.00686400011,1.48000,
,,,-0.00686200010,1.48000,
,,,-0.00686000008,1.48000,
,,,-0.00685800007,1.48000,
,,,-0.00685600005,1.48000,
,,,-0.00685400004,1.48000,
,,,-0.00685200002,1.48000,
,,,-0.00685000001,1.44000,
,,,-0.00684799999,1.48000,
,,,-0.00684599997,1.48000,
,,,-0.00684399996,1.48000,
,,,-0.00684199994,1.48000,
,,,-0.00683999993,1.48000,
,,,-0.00683799991,1.48000,
,,,-0.00683599990,1.44000,
,,,-0.00683399988,1.48000,
,,,-0.00683199987,1.44000,
,,,-0.00682999985,1.48000,
,,,-0.00682799984,1.44000,
,,,-0.00682599982,1.44000,
,,,-0.00682399981,1.48000,
,,,-0.00682199979,1.48000,
,,,-0.00681999978,1.52000,
,,,-0.00681799976,1.48000,
,,,-0.00681600021,1.48000,
,,,-0.00681400020,1.48000,
,,,-0.00681200018,1.48000,
,,,-0.00681000017,1.48000,
,,,-0.00680800015,1.48000,
,,,-0.00680600014,1.48000,
,,,-0.00680400012,1.44000,
,,,-0.00680200011,1.44000,
,,,-0.00680000009,1.48000,
,,,-0.00679800007,1.48000,
,,,-0.00679600006,1.48000,
,,,-0.00679400004,1.48000,
,,,-0.00679200003,1.48000,
,,,-0.00679000001,1.48000,
,,,-0.00678800000,1.48000,
,,,-0.00678599998,1.48000,
,,,-0.00678399997,1.48000,
,,,-0.00678199995,1.48000,
,,,-0.00677999994,1.52000,
,,,-0.00677799992,1.48000,
,,,-0.00677599991,1.48000,
,,,-0.00677399989,1.48000,
,,,-0.00677199988,1.48000,
,,,-0.00676999986,1.48000,
,,,-0.00676799985,1.48000,
,,,-0.00676599983,1.48000,
,,,-0.00676399982,1.48000,
,,,-0.00676199980,1.48000,
,,,-0.00675999979,1.48000,
,,,-0.00675799977,1.48000,
,,,-0.00675599976,1.48000,
,,,-0.00675400021,1.32000,
,,,-0.00675200019,1.32000,
,,,-0.00675000018,1.32000,
,,,-0.00674800016,1.32000,
,,,-0.00674600014,1.32000,
,,,-0.00674400013,1.36000,
,,,-0.00674200011,1.32000,
,,,-0.00674000010,1.32000,
,,,-0.00673800008,1.32000,
,,,-0.00673600007,1.32000,
,,,-0.00673400005,1.32000,
,,,-0.00673200004,1.32000,
,,,-0.00673000002,1.32000,
,,,-0.00672800001,1.32000,
,,,-0.00672599999,1.32000,
,,,-0.00672399998,1.32000,
,,,-0.00672199996,1.32000,
,,,-0.00671999995,1.32000,
,,,-0.00671799993,1.32000,
,,,-0.00671599992,1.32000,
,,,-0.00671399990,1.32000,
,,,-0.00671199989,1.32000,
,,,-0.00670999987,1.32000,
,,,-0.00670799986,1.32000,
,,,-0.00670599984,1.32000,
,,,-0.00670399982,1.32000,
,,,-0.00670199981,1.32000,
,,,-0.00669999979,1.32000,
,,,-0.00669799978,1.32000,
,,,-0.00669599976,1.32000,
,,,-0.00669400021,1.32000,
,,,-0.00669200020,1.36000,
,,,-0.00669000018,1.32000,
,,,-0.00668800017,1.32000,
,,,-0.00668600015,1.32000,
,,,-0.00668400014,1.36000,
,,,-0.00668200012,1.32000,
,,,-0.00668000011,1.32000,
,,,-0.00667800009,1.32000,
,,,-0.00667600008,1.32000,
,,,-0.00667400006,1.32000,
,,,-0.00667200005,1.32000,
,,,-0.00667000003,1.32000,
,,,-0.00666800002,1.32000,
,,,-0.00666600000,1.32000,
,,,-0.00666399999,1.32000,
,,,-0.00666199997,1.32000,
,,,-0.00665999996,1.32000,
,,,-0.00665799994,1.32000,
,,,-0.00665599992,1.32000,
,,,-0.00665399991,1.32000,
,,,-0.00665199989,1.32000,
,,,-0.00664999988,1.32000,
,,,-0.00664799986,1.36000,
,,,-0.00664599985,1.32000,
,,,-0.00664399983,1.32000,
,,,-0.00664199982,1.32000,
,,,-0.00663999980,1.32000,
,,,-0.00663799979,1.32000,
,,,-0.00663599977,1.32000,
,,,-0.00663399976,1.32000,
,,,-0.00663200021,1.32000,
,,,-0.00663000019,1.20000,
,,,-0.00662800018,1.20000,
,,,-0.00662600016,1.16000,
,,,-0.00662400015,1.12000,
,,,-0.00662200013,1.16000,
,,,-0.00662000012,1.16000,
,,,-0.00661800010,1.16000,
,,,-0.00661600009,1.16000,
,,,-0.00661400007,1.16000,
,,,-0.00661200006,1.16000,
,,,-0.00661000004,1.20000,
,,,-0.00660800003,1.20000,
,,,-0.00660600001,1.16000,
,,,-0.00660399999,1.20000,
,,,-0.00660199998,1.16000,
,,,-0.00659999996,1.16000,
,,,-0.00659799995,1.16000,
,,,-0.00659599993,1.16000,
,,,-0.00659399992,1.16000,
,,,-0.00659199990,1.16000,
,,,-0.00658999989,1.16000,
,,,-0.00658799987,1.20000,
,,,-0.00658599986,1.16000,
,,,-0.00658399984,1.16000,
,,,-0.00658199983,1.20000,
,,,-0.00657999981,1.16000,
,,,-0.00657799980,1.16000,
,,,-0.00657599978,1.16000,
,,,-0.00657399977,1.16000,
,,,-0.00657199975,1.16000,
,,,-0.00657000020,1.16000,
,,,-0.00656800019,1.16000,
,,,-0.00656600017,1.16000,
,,,-0.00656400016,1.20000,
,,,-0.00656200014,1.16000,
,,,-0.00656000013,1.20000,
,,,-0.00655800011,1.16000,
,,,-0.00655600009,1.20000,
,,,-0.00655400008,1.20000,
,,,-0.00655200006,1.16000,
,,,-0.00655000005,1.20000,
,,,-0.00654800003,1.16000,
,,,-0.00654600002,1.16000,
,,,-0.00654400000,1.16000,
,,,-0.00654199999,1.16000,
,,,-0.00653999997,1.16000,
,,,-0.00653799996,1.16000,
,,,-0.00653599994,1.16000,
,,,-0.00653399993,1.16000,
,,,-0.00653199991,1.16000,
,,,-0.00652999990,1.24000,
,,,-0.00652799988,1.20000,
,,,-0.00652599987,1.16000,
,,,-0.00652399985,1.16000,
,,,-0.00652199984,1.20000,
,,,-0.00651999982,1.16000,
,,,-0.00651799981,1.20000,
,,,-0.00651599979,1.16000,
,,,-0.00651399978,1.16000,
,,,-0.00651199976,1.16000,
,,,-0.00651000021,1.16000,
,,,-0.00650800020,1.16000,
,,,-0.00650600018,1.08000,
,,,-0.00650400016,1.00000,
,,,-0.00650200015,1.00000,
,,,-0.00650000013,1.00000,
,,,-0.00649800012,1.00000,
,,,-0.00649600010,0.96000,
,,,-0.00649400009,1.00000,
,,,-0.00649200007,1.00000,
,,,-0.00649000006,0.96000,
,,,-0.00648800004,1.08000,
,,,-0.00648600003,1.00000,
,,,-0.00648400001,1.00000,
,,,-0.00648200000,1.00000,
,,,-0.00647999998,1.00000,
,,,-0.00647799997,1.00000,
,,,-0.00647599995,0.96000,
,,,-0.00647399994,0.96000,
,,,-0.00647199992,0.96000,
,,,-0.00646999991,1.00000,
,,,-0.00646799989,0.96000,
,,,-0.00646599988,0.96000,
,,,-0.00646399986,0.96000,
,,,-0.00646199984,1.00000,
,,,-0.00645999983,0.96000,
,,,-0.00645799981,1.00000,
,,,-0.00645599980,0.96000,
,,,-0.00645399978,1.00000,
,,,-0.00645199977,0.96000,
,,,-0.00644999975,0.96000,
,,,-0.00644800020,0.96000,
,,,-0.00644600019,0.96000,
,,,-0.00644400017,1.00000,
,,,-0.00644200016,1.08000,
,,,-0.00644000014,1.00000,
,,,-0.00643800013,1.00000,
,,,-0.00643600011,1.00000,
,,,-0.00643400010,1.00000,
,,,-0.00643200008,1.00000,
,,,-0.00643000007,1.00000,
,,,-0.00642800005,1.00000,
,,,-0.00642600004,1.00000,
,,,-0.00642400002,1.00000,
,,,-0.00642200001,1.00000,
,,,-0.00641999999,0.96000,
,,,-0.00641799998,0.96000,
,,,-0.00641599996,0.96000,
,,,-0.00641399994,1.00000,
,,,-0.00641199993,1.00000,
,,,-0.00640999991,0.96000,
,,,-0.00640799990,0.96000,
,,,-0.00640599988,1.00000,
,,,-0.00640399987,0.96000,
,,,-0.00640199985,1.00000,
,,,-0.00639999984,0.96000,
,,,-0.00639799982,0.96000,
,,,-0.00639599981,1.00000,
,,,-0.00639399979,1.00000,
,,,-0.00639199978,1.00000,
,,,-0.00638999976,1.00000,
,,,-0.00638800021,1.00000,
,,,-0.00638600020,0.96000,
,,,-0.00638400018,1.00000,
,,,-0.00638200017,0.92000,
,,,-0.00638000015,0.84000,
,,,-0.00637800014,0.80000,
,,,-0.00637600012,0.84000,
,,,-0.00637400011,0.84000,
,,,-0.00637200009,0.84000,
,,,-0.00637000008,0.80000,
,,,-0.00636800006,0.84000,
,,,-0.00636600005,0.80000,
,,,-0.00636400003,0.80000,
,,,-0.00636200001,0.80000,
,,,-0.00636000000,0.80000,
,,,-0.00635799998,0.80000,
,,,-0.00635599997,0.80000,
,,,-0.00635399995,0.80000,
,,,-0.00635199994,0.80000,
,,,-0.00634999992,0.80000,
,,,-0.00634799991,0.84000,
,,,-0.00634599989,0.84000,
,,,-0.00634399988,0.80000,
,,,-0.00634199986,0.88000,
,,,-0.00633999985,0.84000,
,,,-0.00633799983,0.84000,
,,,-0.00633599982,0.84000,
,,,-0.00633399980,0.84000,
,,,-0.00633199979,0.84000,
,,,-0.00632999977,0.84000,
,,,-0.00632799976,0.84000,
,,,-0.00632600021,0.84000,
,,,-0.00632400019,0.80000,
,,,-0.00632200018,0.84000,
,,,-0.00632000016,0.84000,
,,,-0.00631800015,0.84000,
,,,-0.00631600013,0.84000,
,,,-0.00631400011,0.80000,
,,,-0.00631200010,0.80000,
,,,-0.00631000008,0.84000,
,,,-0.00630800007,0.84000,
,,,-0.00630600005,0.84000,
,,,-0.00630400004,0.84000,
,,,-0.00630200002,0.84000,
,,,-0.00630000001,0.84000,
,,,-0.00629799999,0.88000,
,,,-0.00629599998,0.84000,
,,,-0.00629399996,0.84000,
,,,-0.00629199995,0.88000,
,,,-0.00628999993,0.84000,
,,,-0.00628799992,0.80000,
,,,-0.00628599990,0.80000,
,,,-0.00628399989,0.84000,
,,,-0.00628199987,0.84000,
,,,-0.00627999986,0.84000,
,,,-0.00627799984,0.84000,
,,,-0.00627599983,0.80000,
,,,-0.00627399981,0.80000,
,,,-0.00627199979,0.84000,
,,,-0.00626999978,0.88000,
,,,-0.00626799976,0.84000,
,,,-0.00626600021,0.80000,
,,,-0.00626400020,0.80000,
,,,-0.00626200018,0.84000,
,,,-0.00626000017,0.84000,
,,,-0.00625800015,0.80000,
,,,-0.00625600014,0.68000,
,,,-0.00625400012,0.64000,
,,,-0.00625200011,0.68000,
,,,-0.00625000009,0.68000,
,,,-0.00624800008,0.64000,
,,,-0.00624600006,0.68000,
,,,-0.00624400005,0.68000,
,,,-0.00624200003,0.68000,
,,,-0.00624000002,0.68000,
,,,-0.00623800000,0.64000,
,,,-0.00623599999,0.68000,
,,,-0.00623399997,0.68000,
,,,-0.00623199996,0.64000,
,,,-0.00622999994,0.68000,
,,,-0.00622799993,0.68000,
,,,-0.00622599991,0.68000,
,,,-0.00622399990,0.68000,
,,,-0.00622199988,0.68000,
,,,-0.00621999986,0.68000,
,,,-0.00621799985,0.64000,
,,,-0.00621599983,0.68000,
,,,-0.00621399982,0.68000,
,,,-0.00621199980,0.68000,
,,,-0.00620999979,0.72000,
,,,-0.00620799977,0.68000,
,,,-0.00620599976,0.72000,
,,,-0.00620400021,0.68000,
,,,-0.00620200019,0.68000,
,,,-0.00620000018,0.64000,
,,,-0.00619800016,0.68000,
,,,-0.00619600015,0.68000,
,,,-0.00619400013,0.68000,
,,,-0.00619200012,0.72000,
,,,-0.00619000010,0.68000,
,,,-0.00618800009,0.68000,
,,,-0.00618600007,0.68000,
,,,-0.00618400006,0.68000,
,,,-0.00618200004,0.68000,
,,,-0.00618000003,0.68000,
,,,-0.00617800001,0.68000,
,,,-0.00617600000,0.68000,
,,,-0.00617399998,0.64000,
,,,-0.00617199996,0.68000,
,,,-0.00616999995,0.72000,
,,,-0.00616799993,0.68000,
,,,-0.00616599992,0.72000,
,,,-0.00616399990,0.68000,
,,,-0.00616199989,0.68000,
,,,-0.00615999987,0.64000,
,,,-0.00615799986,0.68000,
,,,-0.00615599984,0.64000,
,,,-0.00615399983,0.64000,
,,,-0.00615199981,0.64000,
,,,-0.00614999980,0.68000,
,,,-0.00614799978,0.72000,
,,,-0.00614599977,0.68000,
,,,-0.00614400022,0.68000,
,,,-0.00614200020,0.68000,
,,,-0.00614000019,0.64000,
,,,-0.00613800017,0.68000,
,,,-0.00613600016,0.68000,
,,,-0.00613400014,0.64000,
,,,-0.00613200013,0.56000,
,,,-0.00613000011,0.52000,
,,,-0.00612800010,0.52000,
,,,-0.00612600008,0.52000,
,,,-0.00612400007,0.52000,
,,,-0.00612200005,0.52000,
,,,-0.00612000003,0.56000,
,,,-0.00611800002,0.56000,
,,,-0.00611600000,0.56000,
,,,-0.00611399999,0.52000,
,,,-0.00611199997,0.52000,
,,,-0.00610999996,0.52000,
,,,-0.00610799994,0.56000,
,,,-0.00610599993,0.52000,
,,,-0.00610399991,0.52000,
,,,-0.00610199990,0.52000,
,,,-0.00609999988,0.52000,
,,,-0.00609799987,0.52000,
,,,-0.00609599985,0.52000,
,,,-0.00609399984,0.52000,
,,,-0.00609199982,0.56000,
,,,-0.00608999981,0.52000,
,,,-0.00608799979,0.52000,
,,,-0.00608599978,0.52000,
,,,-0.00608399976,0.52000,
,,,-0.00608200021,0.52000,
,,,-0.00608000020,0.52000,
,,,-0.00607800018,0.52000,
,,,-0.00607600017,0.52000,
,,,-0.00607400015,0.56000,
,,,-0.00607200013,0.56000,
,,,-0.00607000012,0.52000,
,,,-0.00606800010,0.56000,
,,,-0.00606600009,0.52000,
,,,-0.00606400007,0.52000,
,,,-0.00606200006,0.52000,
,,,-0.00606000004,0.52000,
,,,-0.00605800003,0.52000,
,,,-0.00605600001,0.56000,
,,,-0.00605400000,0.52000,
,,,-0.00605199998,0.48000,
,,,-0.00604999997,0.52000,
,,,-0.00604799995,0.52000,
,,,-0.00604599994,0.56000,
,,,-0.00604399992,0.52000,
,,,-0.00604199991,0.52000,
,,,-0.00603999989,0.52000,
,,,-0.00603799988,0.52000,
,,,-0.00603599986,0.48000,
,,,-0.00603399985,0.52000,
,,,-0.00603199983,0.48000,
,,,-0.00602999981,0.52000,
,,,-0.00602799980,0.56000,
,,,-0.00602599978,0.52000,
,,,-0.00602399977,0.52000,
,,,-0.00602199975,0.52000,
,,,-0.00602000020,0.52000,
,,,-0.00601800019,0.52000,
,,,-0.00601600017,0.56000,
,,,-0.00601400016,0.52000,
,,,-0.00601200014,0.52000,
,,,-0.00601000013,0.52000,
,,,-0.00600800011,0.36000,
,,,-0.00600600010,0.40000,
,,,-0.00600400008,0.36000,
,,,-0.00600200007,0.40000,
,,,-0.00600000005,0.36000,
,,,-0.00599800004,0.36000,
,,,-0.00599600002,0.40000,
,,,-0.00599400001,0.32000,
,,,-0.00599199999,0.40000,
,,,-0.00598999998,0.40000,
,,,-0.00598799996,0.36000,
,,,-0.00598599995,0.40000,
,,,-0.00598399993,0.36000,
,,,-0.00598199992,0.36000,
,,,-0.00597999990,0.40000,
,,,-0.00597799988,0.36000,
,,,-0.00597599987,0.36000,
,,,-0.00597399985,0.36000,
,,,-0.00597199984,0.36000,
,,,-0.00596999982,0.40000,
,,,-0.00596799981,0.40000,
,,,-0.00596599979,0.32000,
,,,-0.00596399978,0.36000,
,,,-0.00596199976,0.40000,
,,,-0.00596000021,0.36000,
,,,-0.00595800020,0.32000,
,,,-0.00595600018,0.36000,
,,,-0.00595400017,0.36000,
,,,-0.00595200015,0.40000,
,,,-0.00595000014,0.36000,
,,,-0.00594800012,0.36000,
,,,-0.00594600011,0.40000,
,,,-0.00594400009,0.40000,
,,,-0.00594200008,0.40000,
,,,-0.00594000006,0.36000,
,,,-0.00593800005,0.36000,
,,,-0.00593600003,0.40000,
,,,-0.00593400002,0.36000,
,,,-0.00593200000,0.36000,
,,,-0.00592999998,0.40000,
,,,-0.00592799997,0.32000,
,,,-0.00592599995,0.36000,
,,,-0.00592399994,0.36000,
,,,-0.00592199992,0.36000,
,,,-0.00591999991,0.36000,
,,,-0.00591799989,0.36000,
,,,-0.00591599988,0.36000,
,,,-0.00591399986,0.40000,
,,,-0.00591199985,0.40000,
,,,-0.00590999983,0.36000,
,,,-0.00590799982,0.32000,
,,,-0.00590599980,0.32000,
,,,-0.00590399979,0.40000,
,,,-0.00590199977,0.40000,
,,,-0.00589999976,0.40000,
,,,-0.00589800021,0.36000,
,,,-0.00589600019,0.36000,
,,,-0.00589400018,0.40000,
,,,-0.00589200016,0.40000,
,,,-0.00589000015,0.40000,
,,,-0.00588800013,0.36000,
,,,-0.00588600012,0.36000,
,,,-0.00588400010,0.36000,
,,,-0.00588200008,0.40000,
,,,-0.00588000007,0.36000,
,,,-0.00587800005,0.24000,
,,,-0.00587600004,0.20000,
,,,-0.00587400002,0.24000,
,,,-0.00587200001,0.20000,
,,,-0.00586999999,0.20000,
,,,-0.00586799998,0.20000,
,,,-0.00586599996,0.24000,
,,,-0.00586399995,0.24000,
,,,-0.00586199993,0.20000,
,,,-0.00585999992,0.24000,
,,,-0.00585799990,0.20000,
,,,-0.00585599989,0.24000,
,,,-0.00585399987,0.24000,
,,,-0.00585199986,0.24000,
,,,-0.00584999984,0.20000,
,,,-0.00584799983,0.24000,
,,,-0.00584599981,0.24000,
,,,-0.00584399980,0.24000,
,,,-0.00584199978,0.24000,
,,,-0.00583999977,0.20000,
,,,-0.00583800022,0.20000,
,,,-0.00583600020,0.20000,
,,,-0.00583400019,0.20000,
,,,-0.00583200017,0.20000,
,,,-0.00583000015,0.24000,
,,,-0.00582800014,0.24000,
,,,-0.00582600012,0.24000,
,,,-0.00582400011,0.20000,
,,,-0.00582200009,0.20000,
,,,-0.00582000008,0.20000,
,,,-0.00581800006,0.20000,
,,,-0.00581600005,0.24000,
,,,-0.00581400003,0.24000,
,,,-0.00581200002,0.20000,
,,,-0.00581000000,0.20000,
,,,-0.00580799999,0.24000,
,,,-0.00580599997,0.20000,
,,,-0.00580399996,0.24000,
,,,-0.00580199994,0.24000,
,,,-0.00579999993,0.24000,
,,,-0.00579799991,0.20000,
,,,-0.00579599990,0.24000,
,,,-0.00579399988,0.20000,
,,,-0.00579199987,0.20000,
,,,-0.00578999985,0.24000,
,,,-0.00578799983,0.20000,
,,,-0.00578599982,0.20000,
,,,-0.00578399980,0.20000,
,,,-0.00578199979,0.20000,
,,,-0.00577999977,0.24000,
,,,-0.00577799976,0.24000,
,,,-0.00577600021,0.20000,
,,,-0.00577400019,0.20000,
,,,-0.00577200018,0.24000,
,,,-0.00577000016,0.24000,
,,,-0.00576800015,0.24000,
,,,-0.00576600013,0.20000,
,,,-0.00576400012,0.20000,
,,,-0.00576200010,0.20000,
,,,-0.00576000009,0.24000,
,,,-0.00575800007,0.20000,
,,,-0.00575600006,0.24000,
,,,-0.00575400004,0.32000,
,,,-0.00575200003,0.40000,
,,,-0.00575000001,0.40000,
,,,-0.00574800000,0.40000,
,,,-0.00574599998,0.36000,
,,,-0.00574399997,0.40000,
,,,-0.00574199995,0.36000,
,,,-0.00573999994,0.32000,
,,,-0.00573799992,0.36000,
,,,-0.00573599990,0.36000,
,,,-0.00573399989,0.36000,
,,,-0.00573199987,0.36000,
,,,-0.00572999986,0.36000,
,,,-0.00572799984,0.36000,
,,,-0.00572599983,0.36000,
,,,-0.00572399981,0.36000,
,,,-0.00572199980,0.36000,
,,,-0.00571999978,0.36000,
,,,-0.00571799977,0.40000,
,,,-0.00571600022,0.40000,
,,,-0.00571400020,0.32000,
,,,-0.00571200019,0.36000,
,,,-0.00571000017,0.36000,
,,,-0.00570800016,0.40000,
,,,-0.00570600014,0.36000,
,,,-0.00570400013,0.36000,
,,,-0.00570200011,0.36000,
,,,-0.00570000010,0.36000,
,,,-0.00569800008,0.40000,
,,,-0.00569600007,0.40000,
,,,-0.00569400005,0.40000,
,,,-0.00569200004,0.32000,
,,,-0.00569000002,0.40000,
,,,-0.00568800000,0.36000,
,,,-0.00568599999,0.40000,
,,,-0.00568399997,0.40000,
,,,-0.00568199996,0.36000,
,,,-0.00567999994,0.40000,
,,,-0.00567799993,0.36000,
,,,-0.00567599991,0.36000,
,,,-0.00567399990,0.36000,
,,,-0.00567199988,0.36000,
,,,-0.00566999987,0.36000,
,,,-0.00566799985,0.40000,
,,,-0.00566599984,0.36000,
,,,-0.00566399982,0.36000,
,,,-0.00566199981,0.36000,
,,,-0.00565999979,0.32000,
,,,-0.00565799978,0.40000,
,,,-0.00565599976,0.36000,
,,,-0.00565400021,0.36000,
,,,-0.00565200020,0.32000,
,,,-0.00565000018,0.40000,
,,,-0.00564800017,0.36000,
,,,-0.00564600015,0.36000,
,,,-0.00564400014,0.40000,
,,,-0.00564200012,0.32000,
,,,-0.00564000010,0.36000,
,,,-0.00563800009,0.36000,
,,,-0.00563600007,0.32000,
,,,-0.00563400006,0.36000,
,,,-0.00563200004,0.36000,
,,,-0.00563000003,0.48000,
,,,-0.00562800001,0.56000,
,,,-0.00562600000,0.52000,
,,,-0.00562399998,0.52000,
,,,-0.00562199997,0.52000,
,,,-0.00561999995,0.52000,
,,,-0.00561799994,0.52000,
,,,-0.00561599992,0.52000,
,,,-0.00561399991,0.48000,
,,,-0.00561199989,0.52000,
,,,-0.00560999988,0.52000,
,,,-0.00560799986,0.52000,
,,,-0.00560599985,0.56000,
,,,-0.00560399983,0.52000,
,,,-0.00560199982,0.56000,
,,,-0.00559999980,0.52000,
,,,-0.00559799979,0.52000,
,,,-0.00559599977,0.52000,
,,,-0.00559399975,0.52000,
,,,-0.00559200021,0.56000,
,,,-0.00559000019,0.52000,
,,,-0.00558800017,0.48000,
,,,-0.00558600016,0.52000,
,,,-0.00558400014,0.52000,
,,,-0.00558200013,0.52000,
,,,-0.00558000011,0.52000,
,,,-0.00557800010,0.52000,
,,,-0.00557600008,0.52000,
,,,-0.00557400007,0.52000,
,,,-0.00557200005,0.48000,
,,,-0.00557000004,0.48000,
,,,-0.00556800002,0.52000,
,,,-0.00556600001,0.52000,
,,,-0.00556399999,0.52000,
,,,-0.00556199998,0.52000,
,,,-0.00555999996,0.48000,
,,,-0.00555799995,0.52000,
,,,-0.00555599993,0.52000,
,,,-0.00555399992,0.52000,
,,,-0.00555199990,0.52000,
,,,-0.00554999989,0.52000,
,,,-0.00554799987,0.52000,
,,,-0.00554599985,0.52000,
,,,-0.00554399984,0.52000,
,,,-0.00554199982,0.48000,
,,,-0.00553999981,0.52000,
,,,-0.00553799979,0.52000,
,,,-0.00553599978,0.52000,
,,,-0.00553399976,0.52000,
,,,-0.00553200021,0.52000,
,,,-0.00553000020,0.52000,
,,,-0.00552800018,0.56000,
,,,-0.00552600017,0.56000,
,,,-0.00552400015,0.52000,
,,,-0.00552200014,0.52000,
,,,-0.00552000012,0.52000,
,,,-0.00551800011,0.48000,
,,,-0.00551600009,0.56000,
,,,-0.00551400008,0.52000,
,,,-0.00551200006,0.52000,
,,,-0.00551000005,0.52000,
,,,-0.00550800003,0.52000,
,,,-0.00550600002,0.60000,
,,,-0.00550400000,0.68000,
,,,-0.00550199999,0.64000,
,,,-0.00549999997,0.64000,
,,,-0.00549799995,0.68000,
,,,-0.00549599994,0.68000,
,,,-0.00549399992,0.64000,
,,,-0.00549199991,0.68000,
,,,-0.00548999989,0.68000,
,,,-0.00548799988,0.64000,
,,,-0.00548599986,0.68000,
,,,-0.00548399985,0.64000,
,,,-0.00548199983,0.68000,
,,,-0.00547999982,0.68000,
,,,-0.00547799980,0.64000,
,,,-0.00547599979,0.68000,
,,,-0.00547399977,0.68000,
,,,-0.00547199976,0.68000,
,,,-0.00547000021,0.68000,
,,,-0.00546800019,0.68000,
,,,-0.00546600018,0.68000,
,,,-0.00546400016,0.64000,
,,,-0.00546200015,0.68000,
,,,-0.00546000013,0.68000,
,,,-0.00545800012,0.68000,
,,,-0.00545600010,0.68000,
,,,-0.00545400009,0.68000,
,,,-0.00545200007,0.68000,
,,,-0.00545000006,0.68000,
,,,-0.00544800004,0.68000,
,,,-0.00544600002,0.64000,
,,,-0.00544400001,0.68000,
,,,-0.00544199999,0.68000,
,,,-0.00543999998,0.68000,
,,,-0.00543799996,0.64000,
,,,-0.00543599995,0.64000,
,,,-0.00543399993,0.68000,
,,,-0.00543199992,0.68000,
,,,-0.00542999990,0.64000,
,,,-0.00542799989,0.68000,
,,,-0.00542599987,0.68000,
,,,-0.00542399986,0.64000,
,,,-0.00542199984,0.68000,
,,,-0.00541999983,0.68000,
,,,-0.00541799981,0.68000,
,,,-0.00541599980,0.68000,
,,,-0.00541399978,0.68000,
,,,-0.00541199977,0.68000,
,,,-0.00541000022,0.68000,
,,,-0.00540800020,0.68000,
,,,-0.00540600019,0.64000,
,,,-0.00540400017,0.68000,
,,,-0.00540200016,0.68000,
,,,-0.00540000014,0.64000,
,,,-0.00539800012,0.68000,
,,,-0.00539600011,0.68000,
,,,-0.00539400009,0.68000,
,,,-0.00539200008,0.72000,
,,,-0.00539000006,0.68000,
,,,-0.00538800005,0.64000,
,,,-0.00538600003,0.68000,
,,,-0.00538400002,0.64000,
,,,-0.00538200000,0.72000,
,,,-0.00537999999,0.80000,
,,,-0.00537799997,0.84000,
,,,-0.00537599996,0.80000,
,,,-0.00537399994,0.80000,
,,,-0.00537199993,0.84000,
,,,-0.00536999991,0.80000,
,,,-0.00536799990,0.80000,
,,,-0.00536599988,0.84000,
,,,-0.00536399987,0.80000,
,,,-0.00536199985,0.80000,
,,,-0.00535999984,0.80000,
,,,-0.00535799982,0.80000,
,,,-0.00535599981,0.80000,
,,,-0.00535399979,0.80000,
,,,-0.00535199977,0.84000,
,,,-0.00534999976,0.80000,
,,,-0.00534800021,0.80000,
,,,-0.00534600019,0.80000,
,,,-0.00534400018,0.84000,
,,,-0.00534200016,0.80000,
,,,-0.00534000015,0.80000,
,,,-0.00533800013,0.84000,
,,,-0.00533600012,0.80000,
,,,-0.00533400010,0.84000,
,,,-0.00533200009,0.80000,
,,,-0.00533000007,0.80000,
,,,-0.00532800006,0.84000,
,,,-0.00532600004,0.80000,
,,,-0.00532400003,0.80000,
,,,-0.00532200001,0.80000,
,,,-0.00532000000,0.80000,
,,,-0.00531799998,0.80000,
,,,-0.00531599997,0.80000,
,,,-0.00531399995,0.80000,
,,,-0.00531199994,0.80000,
,,,-0.00530999992,0.84000,
,,,-0.00530799991,0.84000,
,,,-0.00530599989,0.80000,
,,,-0.00530399987,0.84000,
,,,-0.00530199986,0.80000,
,,,-0.00529999984,0.80000,
,,,-0.00529799983,0.84000,
,,,-0.00529599981,0.80000,
,,,-0.00529399980,0.80000,
,,,-0.00529199978,0.80000,
,,,-0.00528999977,0.80000,
,,,-0.00528800022,0.80000,
,,,-0.00528600020,0.84000,
,,,-0.00528400019,0.84000,
,,,-0.00528200017,0.84000,
,,,-0.00528000016,0.84000,
,,,-0.00527800014,0.80000,
,,,-0.00527600013,0.80000,
,,,-0.00527400011,0.80000,
,,,-0.00527200010,0.84000,
,,,-0.00527000008,0.80000,
,,,-0.00526800007,0.80000,
,,,-0.00526600005,0.80000,
,,,-0.00526400004,0.80000,
,,,-0.00526200002,0.80000,
,,,-0.00526000001,0.80000,
,,,-0.00525799999,0.84000,
,,,-0.00525599997,0.96000,
,,,-0.00525399996,1.00000,
,,,-0.00525199994,0.96000,
,,,-0.00524999993,0.96000,
,,,-0.00524799991,1.00000,
,,,-0.00524599990,0.96000,
,,,-0.00524399988,0.96000,
,,,-0.00524199987,0.96000,
,,,-0.00523999985,1.00000,
,,,-0.00523799984,0.92000,
,,,-0.00523599982,0.96000,
,,,-0.00523399981,0.96000,
,,,-0.00523199979,0.96000,
,,,-0.00522999978,0.96000,
,,,-0.00522799976,1.00000,
,,,-0.00522600021,0.96000,
,,,-0.00522400020,1.00000,
,,,-0.00522200018,0.96000,
,,,-0.00522000017,0.96000,
,,,-0.00521800015,0.96000,
,,,-0.00521600014,1.00000,
,,,-0.00521400012,0.96000,
,,,-0.00521200011,0.96000,
,,,-0.00521000009,0.96000,
,,,-0.00520800008,0.96000,
,,,-0.00520600006,1.00000,
,,,-0.00520400004,1.00000,
,,,-0.00520200003,0.96000,
,,,-0.00520000001,0.96000,
,,,-0.00519800000,1.00000,
,,,-0.00519599998,1.00000,
,,,-0.00519399997,0.96000,
,,,-0.00519199995,0.96000,
,,,-0.00518999994,1.00000,
,,,-0.00518799992,1.00000,
,,,-0.00518599991,1.00000,
,,,-0.00518399989,1.00000,
,,,-0.00518199988,0.96000,
,,,-0.00517999986,0.96000,
,,,-0.00517799985,1.00000,
,,,-0.00517599983,1.00000,
,,,-0.00517399982,0.96000,
,,,-0.00517199980,0.96000,
,,,-0.00516999979,0.96000,
,,,-0.00516799977,0.96000,
,,,-0.00516599976,0.96000,
,,,-0.00516400021,1.00000,
,,,-0.00516200019,0.96000,
,,,-0.00516000018,0.96000,
,,,-0.00515800016,1.00000,
,,,-0.00515600014,1.00000,
,,,-0.00515400013,0.96000,
,,,-0.00515200011,0.96000,
,,,-0.00515000010,0.96000,
,,,-0.00514800008,1.00000,
,,,-0.00514600007,0.96000,
,,,-0.00514400005,0.96000,
,,,-0.00514200004,1.00000,
,,,-0.00514000002,0.96000,
,,,-0.00513800001,1.00000,
,,,-0.00513599999,1.00000,
,,,-0.00513399998,0.96000,
,,,-0.00513199996,1.16000,
,,,-0.00512999995,1.16000,
,,,-0.00512799993,1.20000,
,,,-0.00512599992,1.16000,
,,,-0.00512399990,1.16000,
,,,-0.00512199989,1.16000,
,,,-0.00511999987,1.16000,
,,,-0.00511799986,1.16000,
,,,-0.00511599984,1.16000,
,,,-0.00511399982,1.16000,
,,,-0.00511199981,1.16000,
,,,-0.00510999979,1.20000,
,,,-0.00510799978,1.16000,
,,,-0.00510599976,1.16000,
,,,-0.00510400021,1.16000,
,,,-0.00510200020,1.16000,
,,,-0.00510000018,1.16000,
,,,-0.00509800017,1.16000,
,,,-0.00509600015,1.16000,
,,,-0.00509400014,1.16000,
,,,-0.00509200012,1.16000,
,,,-0.00509000011,1.16000,
,,,-0.00508800009,1.16000,
,,,-0.00508600008,1.16000,
,,,-0.00508400006,1.16000,
,,,-0.00508200005,1.16000,
,,,-0.00508000003,1.16000,
,,,-0.00507800002,1.16000,
,,,-0.00507600000,1.16000,
,,,-0.00507399999,1.16000,
,,,-0.00507199997,1.20000,
,,,-0.00506999996,1.20000,
,,,-0.00506799994,1.16000,
,,,-0.00506599993,1.16000,
,,,-0.00506399991,1.20000,
,,,-0.00506199989,1.20000,
,,,-0.00505999988,1.20000,
,,,-0.00505799986,1.16000,
,,,-0.00505599985,1.16000,
,,,-0.00505399983,1.20000,
,,,-0.00505199982,1.16000,
,,,-0.00504999980,1.16000,
,,,-0.00504799979,1.16000,
,,,-0.00504599977,1.12000,
,,,-0.00504399976,1.20000,
,,,-0.00504200021,1.16000,
,,,-0.00504000019,1.16000,
,,,-0.00503800018,1.16000,
,,,-0.00503600016,1.16000,
,,,-0.00503400015,1.16000,
,,,-0.00503200013,1.16000,
,,,-0.00503000012,1.16000,
,,,-0.00502800010,1.20000,
,,,-0.00502600009,1.16000,
,,,-0.00502400007,1.16000,
,,,-0.00502200006,1.16000,
,,,-0.00502000004,1.16000,
,,,-0.00501800003,1.16000,
,,,-0.00501600001,1.16000,
,,,-0.00501399999,1.16000,
,,,-0.00501199998,1.20000,
,,,-0.00500999996,1.16000,
,,,-0.00500799995,1.32000,
,,,-0.00500599993,1.32000,
,,,-0.00500399992,1.32000,
,,,-0.00500199990,1.32000,
,,,-0.00499999989,1.32000,
,,,-0.00499799987,1.32000,
,,,-0.00499599986,1.32000,
,,,-0.00499399984,1.36000,
,,,-0.00499199983,1.32000,
,,,-0.00498999981,1.36000,
,,,-0.00498799980,1.32000,
,,,-0.00498599978,1.32000,
,,,-0.00498399977,1.32000,
,,,-0.00498200022,1.32000,
,,,-0.00498000020,1.32000,
,,,-0.00497800019,1.32000,
,,,-0.00497600017,1.32000,
,,,-0.00497400016,1.32000,
,,,-0.00497200014,1.28000,
,,,-0.00497000013,1.32000,
,,,-0.00496800011,1.32000,
,,,-0.00496600010,1.32000,
,,,-0.00496400008,1.32000,
,,,-0.00496200006,1.32000,
,,,-0.00496000005,1.32000,
,,,-0.00495800003,1.28000,
,,,-0.00495600002,1.32000,
,,,-0.00495400000,1.32000,
,,,-0.00495199999,1.32000,
,,,-0.00494999997,1.32000,
,,,-0.00494799996,1.32000,
,,,-0.00494599994,1.32000,
,,,-0.00494399993,1.32000,
,,,-0.00494199991,1.32000,
,,,-0.00493999990,1.32000,
,,,-0.00493799988,1.32000,
,,,-0.00493599987,1.32000,
,,,-0.00493399985,1.32000,
,,,-0.00493199984,1.32000,
,,,-0.00492999982,1.32000,
,,,-0.00492799981,1.28000,
,,,-0.00492599979,1.32000,
,,,-0.00492399978,1.32000,
,,,-0.00492199976,1.32000,
,,,-0.00492000021,1.32000,
,,,-0.00491800020,1.32000,
,,,-0.00491600018,1.32000,
,,,-0.00491400016,1.32000,
,,,-0.00491200015,1.32000,
,,,-0.00491000013,1.32000,
,,,-0.00490800012,1.32000,
,,,-0.00490600010,1.32000,
,,,-0.00490400009,1.32000,
,,,-0.00490200007,1.36000,
,,,-0.00490000006,1.32000,
,,,-0.00489800004,1.32000,
,,,-0.00489600003,1.32000,
,,,-0.00489400001,1.36000,
,,,-0.00489200000,1.32000,
,,,-0.00488999998,1.32000,
,,,-0.00488799997,1.32000,
,,,-0.00488599995,1.32000,
,,,-0.00488399994,1.32000,
,,,-0.00488199992,1.32000,
,,,-0.00487999991,1.32000,
,,,-0.00487799989,1.44000,
,,,-0.00487599988,1.48000,
,,,-0.00487399986,1.48000,
,,,-0.00487199984,1.48000,
,,,-0.00486999983,1.48000,
,,,-0.00486799981,1.48000,
,,,-0.00486599980,1.44000,
,,,-0.00486399978,1.48000,
,,,-0.00486199977,1.48000,
,,,-0.00486000022,1.48000,
,,,-0.00485800020,1.48000,
,,,-0.00485600019,1.48000,
,,,-0.00485400017,1.48000,
,,,-0.00485200016,1.48000,
,,,-0.00485000014,1.48000,
,,,-0.00484800013,1.44000,
,,,-0.00484600011,1.48000,
,,,-0.00484400010,1.48000,
,,,-0.00484200008,1.48000,
,,,-0.00484000007,1.48000,
,,,-0.00483800005,1.48000,
,,,-0.00483600004,1.44000,
,,,-0.00483400002,1.44000,
,,,-0.00483200001,1.48000,
,,,-0.00482999999,1.44000,
,,,-0.00482799998,1.48000,
,,,-0.00482599996,1.48000,
,,,-0.00482399995,1.48000,
,,,-0.00482199993,1.48000,
,,,-0.00481999991,1.48000,
,,,-0.00481799990,1.48000,
,,,-0.00481599988,1.44000,
,,,-0.00481399987,1.44000,
,,,-0.00481199985,1.44000,
,,,-0.00480999984,1.48000,
,,,-0.00480799982,1.48000,
,,,-0.00480599981,1.48000,
,,,-0.00480399979,1.44000,
,,,-0.00480199978,1.48000,
,,,-0.00479999976,1.48000,
,,,-0.00479800021,1.48000,
,,,-0.00479600020,1.44000,
,,,-0.00479400018,1.48000,
,,,-0.00479200017,1.44000,
,,,-0.00479000015,1.48000,
,,,-0.00478800014,1.44000,
,,,-0.00478600012,1.48000,
,,,-0.00478400011,1.44000,
,,,-0.00478200009,1.48000,
,,,-0.00478000008,1.48000,
,,,-0.00477800006,1.44000,
,,,-0.00477600005,1.48000,
,,,-0.00477400003,1.44000,
,,,-0.00477200001,1.48000,
,,,-0.00477000000,1.48000,
,,,-0.00476799998,1.48000,
,,,-0.00476599997,1.44000,
,,,-0.00476399995,1.48000,
,,,-0.00476199994,1.48000,
,,,-0.00475999992,1.52000,
,,,-0.00475799991,1.48000,
,,,-0.00475599989,1.48000,
,,,-0.00475399988,1.60000,
,,,-0.00475199986,1.60000,
,,,-0.00474999985,1.60000,
,,,-0.00474799983,1.60000,
,,,-0.00474599982,1.60000,
,,,-0.00474399980,1.64000,
,,,-0.00474199979,1.64000,
,,,-0.00473999977,1.60000,
,,,-0.00473799976,1.64000,
,,,-0.00473600021,1.64000,
,,,-0.00473400019,1.64000,
,,,-0.00473200018,1.60000,
,,,-0.00473000016,1.60000,
,,,-0.00472800015,1.60000,
,,,-0.00472600013,1.60000,
,,,-0.00472400011,1.64000,
,,,-0.00472200010,1.64000,
,,,-0.00472000008,1.60000,
,,,-0.00471800007,1.60000,
,,,-0.00471600005,1.60000,
,,,-0.00471400004,1.64000,
,,,-0.00471200002,1.64000,
,,,-0.00471000001,1.64000,
,,,-0.00470799999,1.60000,
,,,-0.00470599998,1.64000,
,,,-0.00470399996,1.64000,
,,,-0.00470199995,1.64000,
,,,-0.00469999993,1.60000,
,,,-0.00469799992,1.64000,
,,,-0.00469599990,1.64000,
,,,-0.00469399989,1.60000,
,,,-0.00469199987,1.64000,
,,,-0.00468999986,1.60000,
,,,-0.00468799984,1.64000,
,,,-0.00468599983,1.60000,
,,,-0.00468399981,1.60000,
,,,-0.00468199980,1.64000,
,,,-0.00467999978,1.60000,
,,,-0.00467799976,1.60000,
,,,-0.00467600022,1.64000,
,,,-0.00467400020,1.60000,
,,,-0.00467200018,1.64000,
,,,-0.00467000017,1.60000,
,,,-0.00466800015,1.64000,
,,,-0.00466600014,1.60000,
,,,-0.00466400012,1.60000,
,,,-0.00466200011,1.60000,
,,,-0.00466000009,1.64000,
,,,-0.00465800008,1.60000,
,,,-0.00465600006,1.64000,
,,,-0.00465400005,1.56000,
,,,-0.00465200003,1.64000,
,,,-0.00465000002,1.60000,
,,,-0.00464800000,1.60000,
,,,-0.00464599999,1.64000,
,,,-0.00464399997,1.60000,
,,,-0.00464199996,1.60000,
,,,-0.00463999994,1.60000,
,,,-0.00463799993,1.60000,
,,,-0.00463599991,1.64000,
,,,-0.00463399990,1.56000,
,,,-0.00463199988,1.64000,
,,,-0.00462999986,1.72000,
,,,-0.00462799985,1.76000,
,,,-0.00462599983,1.72000,
,,,-0.00462399982,1.76000,
,,,-0.00462199980,1.76000,
,,,-0.00461999979,1.76000,
,,,-0.00461799977,1.76000,
,,,-0.00461599976,1.76000,
,,,-0.00461400021,1.72000,
,,,-0.00461200019,1.76000,
,,,-0.00461000018,1.76000,
,,,-0.00460800016,1.80000,
,,,-0.00460600015,1.76000,
,,,-0.00460400013,1.76000,
,,,-0.00460200012,1.76000,
,,,-0.00460000010,1.72000,
,,,-0.00459800009,1.76000,
,,,-0.00459600007,1.76000,
,,,-0.00459400006,1.76000,
,,,-0.00459200004,1.76000,
,,,-0.00459000003,1.76000,
,,,-0.00458800001,1.76000,
,,,-0.00458600000,1.76000,
,,,-0.00458399998,1.80000,
,,,-0.00458199997,1.76000,
,,,-0.00457999995,1.80000,
,,,-0.00457799993,1.76000,
,,,-0.00457599992,1.76000,
,,,-0.00457399990,1.76000,
,,,-0.00457199989,1.76000,
,,,-0.00456999987,1.76000,
,,,-0.00456799986,1.76000,
,,,-0.00456599984,1.76000,
,,,-0.00456399983,1.76000,
,,,-0.00456199981,1.76000,
,,,-0.00455999980,1.76000,
,,,-0.00455799978,1.76000,
,,,-0.00455599977,1.80000,
,,,-0.00455400022,1.80000,
,,,-0.00455200020,1.76000,
,,,-0.00455000019,1.76000,
,,,-0.00454800017,1.76000,
,,,-0.00454600016,1.80000,
,,,-0.00454400014,1.76000,
,,,-0.00454200013,1.80000,
,,,-0.00454000011,1.76000,
,,,-0.00453800010,1.80000,
,,,-0.00453600008,1.76000,
,,,-0.00453400007,1.80000,
,,,-0.00453200005,1.80000,
,,,-0.00453000003,1.80000,
,,,-0.00452800002,1.80000,
,,,-0.00452600000,1.80000,
,,,-0.00452399999,1.80000,
,,,-0.00452199997,1.76000,
,,,-0.00451999996,1.80000,
,,,-0.00451799994,1.76000,
,,,-0.00451599993,1.76000,
,,,-0.00451399991,1.76000,
,,,-0.00451199990,1.76000,
,,,-0.00450999988,1.80000,
,,,-0.00450799987,1.76000,
,,,-0.00450599985,1.88000,
,,,-0.00450399984,1.92000,
,,,-0.00450199982,1.92000,
,,,-0.00449999981,1.92000,
,,,-0.00449799979,1.92000,
,,,-0.00449599978,1.92000,
,,,-0.00449399976,1.92000,
,,,-0.00449200021,1.92000,
,,,-0.00449000020,1.96000,
,,,-0.00448800018,1.92000,
,,,-0.00448600017,1.96000,
,,,-0.00448400015,1.92000,
,,,-0.00448200013,1.92000,
,,,-0.00448000012,1.92000,
,,,-0.00447800010,1.92000,
,,,-0.00447600009,1.96000,
,,,-0.00447400007,1.96000,
,,,-0.00447200006,1.92000,
,,,-0.00447000004,1.92000,
,,,-0.00446800003,1.92000,
,,,-0.00446600001,1.92000,
,,,-0.00446400000,1.92000,
,,,-0.00446199998,1.96000,
,,,-0.00445999997,1.92000,
,,,-0.00445799995,1.92000,
,,,-0.00445599994,1.92000,
,,,-0.00445399992,1.88000,
,,,-0.00445199991,1.96000,
,,,-0.00444999989,1.92000,
,,,-0.00444799988,1.92000,
,,,-0.00444599986,1.92000,
,,,-0.00444399985,1.92000,
,,,-0.00444199983,1.96000,
,,,-0.00443999982,1.92000,
,,,-0.00443799980,1.92000,
,,,-0.00443599978,1.88000,
,,,-0.00443399977,1.92000,
,,,-0.00443200022,1.96000,
,,,-0.00443000020,1.96000,
,,,-0.00442800019,1.92000,
,,,-0.00442600017,1.92000,
,,,-0.00442400016,1.96000,
,,,-0.00442200014,1.92000,
,,,-0.00442000013,1.92000,
,,,-0.00441800011,1.96000,
,,,-0.00441600010,1.96000,
,,,-0.00441400008,1.92000,
,,,-0.00441200007,1.92000,
,,,-0.00441000005,1.96000,
,,,-0.00440800004,1.92000,
,,,-0.00440600002,1.96000,
,,,-0.00440400001,1.92000,
,,,-0.00440199999,1.92000,
,,,-0.00439999998,1.96000,
,,,-0.00439799996,1.88000,
,,,-0.00439599995,1.92000,
,,,-0.00439399993,1.92000,
,,,-0.00439199992,1.96000,
,,,-0.00438999990,1.88000,
,,,-0.00438799988,1.92000,
,,,-0.00438599987,1.92000,
,,,-0.00438399985,1.96000,
,,,-0.00438199984,1.96000,
,,,-0.00437999982,2.04000,
,,,-0.00437799981,2.08000,
,,,-0.00437599979,2.04000,
,,,-0.00437399978,2.08000,
,,,-0.00437199976,2.08000,
,,,-0.00437000021,2.08000,
,,,-0.00436800020,2.04000,
,,,-0.00436600018,2.08000,
,,,-0.00436400017,2.04000,
,,,-0.00436200015,2.04000,
,,,-0.00436000014,2.04000,
,,,-0.00435800012,2.04000,
,,,-0.00435600011,2.04000,
,,,-0.00435400009,2.08000,
,,,-0.00435200008,2.08000,
,,,-0.00435000006,2.04000,
,,,-0.00434800005,2.08000,
,,,-0.00434600003,2.08000,
,,,-0.00434400002,2.08000,
,,,-0.00434200000,2.08000,
,,,-0.00433999998,2.08000,
,,,-0.00433799997,2.08000,
,,,-0.00433599995,2.08000,
,,,-0.00433399994,2.08000,
,,,-0.00433199992,2.08000,
,,,-0.00432999991,2.04000,
,,,-0.00432799989,2.04000,
,,,-0.00432599988,2.08000,
,,,-0.00432399986,2.08000,
,,,-0.00432199985,2.08000,
,,,-0.00431999983,2.04000,
,,,-0.00431799982,2.08000,
,,,-0.00431599980,2.04000,
,,,-0.00431399979,2.04000,
,,,-0.00431199977,2.08000,
,,,-0.00430999976,2.08000,
,,,-0.00430800021,2.08000,
,,,-0.00430600019,2.04000,
,,,-0.00430400018,2.04000,
,,,-0.00430200016,2.04000,
,,,-0.00430000015,2.04000,
,,,-0.00429800013,2.08000,
,,,-0.00429600012,2.04000,
,,,-0.00429400010,2.04000,
,,,-0.00429200009,2.08000,
,,,-0.00429000007,2.04000,
,,,-0.00428800005,2.08000,
,,,-0.00428600004,2.04000,
,,,-0.00428400002,2.04000,
,,,-0.00428200001,2.08000,
,,,-0.00427999999,2.04000,
,,,-0.00427799998,2.08000,
,,,-0.00427599996,2.04000,
,,,-0.00427399995,2.04000,
,,,-0.00427199993,2.08000,
,,,-0.00426999992,2.04000,
,,,-0.00426799990,2.04000,
,,,-0.00426599989,2.08000,
,,,-0.00426399987,2.04000,
,,,-0.00426199986,2.08000,
,,,-0.00425999984,2.08000,
,,,-0.00425799983,2.08000,
,,,-0.00425599981,2.20000,
,,,-0.00425399980,2.20000,
,,,-0.00425199978,2.20000,
,,,-0.00424999977,2.20000,
,,,-0.00424800022,2.20000,
,,,-0.00424600020,2.24000,
,,,-0.00424400019,2.20000,
,,,-0.00424200017,2.20000,
,,,-0.00424000015,2.20000,
,,,-0.00423800014,2.20000,
,,,-0.00423600012,2.24000,
,,,-0.00423400011,2.24000,
,,,-0.00423200009,2.20000,
,,,-0.00423000008,2.24000,
,,,-0.00422800006,2.20000,
,,,-0.00422600005,2.20000,
,,,-0.00422400003,2.20000,
,,,-0.00422200002,2.24000,
,,,-0.00422000000,2.20000,
,,,-0.00421799999,2.24000,
,,,-0.00421599997,2.24000,
,,,-0.00421399996,2.24000,
,,,-0.00421199994,2.20000,
,,,-0.00420999993,2.20000,
,,,-0.00420799991,2.24000,
,,,-0.00420599990,2.24000,
,,,-0.00420399988,2.24000,
,,,-0.00420199987,2.20000,
,,,-0.00419999985,2.20000,
,,,-0.00419799984,2.24000,
,,,-0.00419599982,2.20000,
,,,-0.00419399980,2.24000,
,,,-0.00419199979,2.20000,
,,,-0.00418999977,2.24000,
,,,-0.00418799976,2.24000,
,,,-0.00418600021,2.20000,
,,,-0.00418400019,2.20000,
,,,-0.00418200018,2.20000,
,,,-0.00418000016,2.24000,
,,,-0.00417800015,2.28000,
,,,-0.00417600013,2.20000,
,,,-0.00417400012,2.20000,
,,,-0.00417200010,2.24000,
,,,-0.00417000009,2.20000,
,,,-0.00416800007,2.24000,
,,,-0.00416600006,2.20000,
,,,-0.00416400004,2.20000,
,,,-0.00416200003,2.20000,
,,,-0.00416000001,2.24000,
,,,-0.00415800000,2.20000,
,,,-0.00415599998,2.20000,
,,,-0.00415399997,2.20000,
,,,-0.00415199995,2.20000,
,,,-0.00414999994,2.24000,
,,,-0.00414799992,2.24000,
,,,-0.00414599990,2.28000,
,,,-0.00414399989,2.20000,
,,,-0.00414199987,2.20000,
,,,-0.00413999986,2.24000,
,,,-0.00413799984,2.20000,
,,,-0.00413599983,2.20000,
,,,-0.00413399981,2.20000,
,,,-0.00413199980,2.36000,
,,,-0.00412999978,2.40000,
,,,-0.00412799977,2.36000,
,,,-0.00412600022,2.36000,
,,,-0.00412400020,2.36000,
,,,-0.00412200019,2.40000,
,,,-0.00412000017,2.36000,
,,,-0.00411800016,2.36000,
,,,-0.00411600014,2.36000,
,,,-0.00411400013,2.36000,
,,,-0.00411200011,2.36000,
,,,-0.00411000010,2.36000,
,,,-0.00410800008,2.40000,
,,,-0.00410600007,2.40000,
,,,-0.00410400005,2.36000,
,,,-0.00410200004,2.40000,
,,,-0.00410000002,2.36000,
,,,-0.00409800000,2.36000,
,,,-0.00409599999,2.40000,
,,,-0.00409399997,2.36000,
,,,-0.00409199996,2.36000,
,,,-0.00408999994,2.44000,
,,,-0.00408799993,2.36000,
,,,-0.00408599991,2.40000,
,,,-0.00408399990,2.36000,
,,,-0.00408199988,2.36000,
,,,-0.00407999987,2.40000,
,,,-0.00407799985,2.36000,
,,,-0.00407599984,2.36000,
,,,-0.00407399982,2.36000,
,,,-0.00407199981,2.36000,
,,,-0.00406999979,2.36000,
,,,-0.00406799978,2.40000,
,,,-0.00406599976,2.40000,
,,,-0.00406400021,2.36000,
,,,-0.00406200020,2.40000,
,,,-0.00406000018,2.36000,
,,,-0.00405800017,2.36000,
,,,-0.00405600015,2.36000,
,,,-0.00405400014,2.36000,
,,,-0.00405200012,2.40000,
,,,-0.00405000011,2.36000,
,,,-0.00404800009,2.36000,
,,,-0.00404600007,2.36000,
,,,-0.00404400006,2.40000,
,,,-0.00404200004,2.40000,
,,,-0.00404000003,2.36000,
,,,-0.00403800001,2.36000,
,,,-0.00403600000,2.36000,
,,,-0.00403399998,2.36000,
,,,-0.00403199997,2.36000,
,,,-0.00402999995,2.36000,
,,,-0.00402799994,2.40000,
,,,-0.00402599992,2.36000,
,,,-0.00402399991,2.40000,
,,,-0.00402199989,2.40000,
,,,-0.00401999988,2.36000,
,,,-0.00401799986,2.40000,
,,,-0.00401599985,2.36000,
,,,-0.00401399983,2.36000,
,,,-0.00401199982,2.40000,
,,,-0.00400999980,2.36000,
,,,-0.00400799979,2.48000,
,,,-0.00400599977,2.52000,
,,,-0.00400400022,2.52000,
,,,-0.00400200021,2.52000,
,,,-0.00400000019,2.52000,
,,,-0.00399800017,2.52000,
,,,-0.00399600016,2.52000,
,,,-0.00399400014,2.52000,
,,,-0.00399200013,2.52000,
,,,-0.00399000011,2.56000,
,,,-0.00398800010,2.56000,
,,,-0.00398600008,2.52000,
,,,-0.00398400007,2.52000,
,,,-0.00398200005,2.52000,
,,,-0.00398000004,2.52000,
,,,-0.00397800002,2.56000,
,,,-0.00397600001,2.52000,
,,,-0.00397399999,2.56000,
,,,-0.00397199998,2.52000,
,,,-0.00396999996,2.52000,
,,,-0.00396799995,2.52000,
,,,-0.00396599993,2.52000,
,,,-0.00396399992,2.52000,
,,,-0.00396199990,2.52000,
,,,-0.00395999989,2.52000,
,,,-0.00395799987,2.52000,
,,,-0.00395599985,2.52000,
,,,-0.00395399984,2.52000,
,,,-0.00395199982,2.52000,
,,,-0.00394999981,2.56000,
,,,-0.00394799979,2.52000,
,,,-0.00394599978,2.52000,
,,,-0.00394399976,2.56000,
,,,-0.00394200021,2.52000,
,,,-0.00394000020,2.52000,
,,,-0.00393800018,2.52000,
,,,-0.00393600017,2.52000,
,,,-0.00393400015,2.52000,
,,,-0.00393200014,2.52000,
,,,-0.00393000012,2.52000,
,,,-0.00392800011,2.52000,
,,,-0.00392600009,2.52000,
,,,-0.00392400008,2.52000,
,,,-0.00392200006,2.52000,
,,,-0.00392000005,2.52000,
,,,-0.00391800003,2.52000,
,,,-0.00391600002,2.52000,
,,,-0.00391400000,2.56000,
,,,-0.00391199999,2.52000,
,,,-0.00390999997,2.52000,
,,,-0.00390799996,2.56000,
,,,-0.00390599994,2.52000,
,,,-0.00390399992,2.52000,
,,,-0.00390199991,2.52000,
,,,-0.00389999989,2.52000,
,,,-0.00389799988,2.52000,
,,,-0.00389600010,2.52000,
,,,-0.00389400008,2.52000,
,,,-0.00389200007,2.52000,
,,,-0.00389000005,2.52000,
,,,-0.00388800004,2.52000,
,,,-0.00388600002,2.52000,
,,,-0.00388400001,2.56000,
,,,-0.00388199999,2.52000,
,,,-0.00387999997,2.52000,
,,,-0.00387799996,2.68000,
,,,-0.00387599994,2.68000,
,,,-0.00387399993,2.68000,
,,,-0.00387199991,2.68000,
,,,-0.00386999990,2.68000,
,,,-0.00386799988,2.68000,
,,,-0.00386600010,2.64000,
,,,-0.00386400009,2.68000,
,,,-0.00386200007,2.68000,
,,,-0.00386000006,2.68000,
,,,-0.00385800004,2.68000,
,,,-0.00385600002,2.68000,
,,,-0.00385400001,2.68000,
,,,-0.00385199999,2.68000,
,,,-0.00384999998,2.68000,
,,,-0.00384799996,2.68000,
,,,-0.00384599995,2.68000,
,,,-0.00384399993,2.68000,
,,,-0.00384199992,2.68000,
,,,-0.00383999990,2.68000,
,,,-0.00383799989,2.68000,
,,,-0.00383600011,2.68000,
,,,-0.00383400009,2.68000,
,,,-0.00383200007,2.68000,
,,,-0.00383000006,2.68000,
,,,-0.00382800004,2.68000,
,,,-0.00382600003,2.68000,
,,,-0.00382400001,2.68000,
,,,-0.00382200000,2.68000,
,,,-0.00381999998,2.68000,
,,,-0.00381799997,2.68000,
,,,-0.00381599995,2.68000,
,,,-0.00381399994,2.68000,
,,,-0.00381199992,2.68000,
,,,-0.00380999991,2.68000,
,,,-0.00380799989,2.68000,
,,,-0.00380599988,2.68000,
,,,-0.00380400009,2.68000,
,,,-0.00380200008,2.68000,
,,,-0.00380000006,2.68000,
,,,-0.00379800005,2.68000,
,,,-0.00379600003,2.68000,
,,,-0.00379400002,2.68000,
,,,-0.00379200000,2.68000,
,,,-0.00378999999,2.68000,
,,,-0.00378799997,2.68000,
,,,-0.00378599996,2.68000,
,,,-0.00378399994,2.68000,
,,,-0.00378199993,2.68000,
,,,-0.00377999991,2.68000,
,,,-0.00377799990,2.68000,
,,,-0.00377599988,2.68000,
,,,-0.00377400010,2.68000,
,,,-0.00377200008,2.68000,
,,,-0.00377000007,2.68000,
,,,-0.00376800005,2.68000,
,,,-0.00376600004,2.68000,
,,,-0.00376400002,2.68000,
,,,-0.00376200001,2.68000,
,,,-0.00375999999,2.68000,
,,,-0.00375799998,2.68000,
,,,-0.00375599996,2.68000,
,,,-0.00375399995,2.84000,
,,,-0.00375199993,2.84000,
,,,-0.00374999992,2.84000,
,,,-0.00374799990,2.84000,
,,,-0.00374599989,2.84000,
,,,-0.00374400010,2.84000,
,,,-0.00374200009,2.84000,
,,,-0.00374000007,2.84000,
,,,-0.00373800006,2.84000,
,,,-0.00373600004,2.84000,
,,,-0.00373400003,2.84000,
,,,-0.00373200001,2.84000,
,,,-0.00373000000,2.84000,
,,,-0.00372799998,2.84000,
,,,-0.00372599997,2.84000,
,,,-0.00372399995,2.84000,
,,,-0.00372199994,2.84000,
,,,-0.00371999992,2.84000,
,,,-0.00371799991,2.84000,
,,,-0.00371599989,2.84000,
,,,-0.00371399987,2.84000,
,,,-0.00371200009,2.84000,
,,,-0.00371000008,2.84000,
,,,-0.00370800006,2.84000,
,,,-0.00370600005,2.84000,
,,,-0.00370400003,2.84000,
,,,-0.00370200002,2.84000,
,,,-0.00370000000,2.84000,
,,,-0.00369799999,2.84000,
,,,-0.00369599997,2.84000,
,,,-0.00369399996,2.84000,
,,,-0.00369199994,2.84000,
,,,-0.00368999992,2.84000,
,,,-0.00368799991,2.84000,
,,,-0.00368599989,2.84000,
,,,-0.00368399988,2.84000,
,,,-0.00368200010,2.84000,
,,,-0.00368000008,2.84000,
,,,-0.00367800007,2.84000,
,,,-0.00367600005,2.84000,
,,,-0.00367400004,2.84000,
,,,-0.00367200002,2.84000,
,,,-0.00367000001,2.84000,
,,,-0.00366799999,2.84000,
,,,-0.00366599998,2.84000,
,,,-0.00366399996,2.84000,
,,,-0.00366199994,2.84000,
,,,-0.00365999993,2.84000,
,,,-0.00365799991,2.84000,
,,,-0.00365599990,2.84000,
,,,-0.00365399988,2.84000,
,,,-0.00365200010,2.84000,
,,,-0.00365000009,2.84000,
,,,-0.00364800007,2.84000,
,,,-0.00364600006,2.84000,
,,,-0.00364400004,2.84000,
,,,-0.00364200003,2.84000,
,,,-0.00364000001,2.84000,
,,,-0.00363799999,2.84000,
,,,-0.00363599998,2.84000,
,,,-0.00363399996,2.84000,
,,,-0.00363199995,2.84000,
,,,-0.00362999993,2.92000,
,,,-0.00362799992,3.00000,
,,,-0.00362599990,3.00000,
,,,-0.00362399989,3.00000,
,,,-0.00362200011,3.00000,
,,,-0.00362000009,3.00000,
,,,-0.00361800008,3.00000,
,,,-0.00361600006,3.00000,
,,,-0.00361400004,3.00000,
,,,-0.00361200003,2.96000,
,,,-0.00361000001,2.96000,
,,,-0.00360800000,3.00000,
,,,-0.00360599998,3.00000,
,,,-0.00360399997,3.00000,
,,,-0.00360199995,3.00000,
,,,-0.00359999994,3.00000,
,,,-0.00359799992,3.00000,
,,,-0.00359599991,3.00000,
,,,-0.00359399989,2.96000,
,,,-0.00359199988,3.00000,
,,,-0.00359000009,3.00000,
,,,-0.00358800008,3.00000,
,,,-0.00358600006,2.96000,
,,,-0.00358400005,3.00000,
,,,-0.00358200003,3.00000,
,,,-0.00358000002,3.00000,
,,,-0.00357800000,2.96000,
,,,-0.00357599999,3.00000,
,,,-0.00357399997,3.00000,
,,,-0.00357199996,2.96000,
,,,-0.00356999994,3.00000,
,,,-0.00356799993,3.00000,
,,,-0.00356599991,3.00000,
,,,-0.00356399990,3.00000,
,,,-0.00356199988,2.96000,
,,,-0.00356000010,3.00000,
,,,-0.00355800008,3.00000,
,,,-0.00355600007,3.00000,
,,,-0.00355400005,3.00000,
,,,-0.00355200004,3.00000,
,,,-0.00355000002,3.00000,
,,,-0.00354800001,3.00000,
,,,-0.00354599999,3.00000,
,,,-0.00354399998,3.00000,
,,,-0.00354199996,2.96000,
,,,-0.00353999995,3.00000,
,,,-0.00353799993,3.00000,
,,,-0.00353599992,3.00000,
,,,-0.00353399990,3.00000,
,,,-0.00353199989,3.00000,
,,,-0.00353000010,3.00000,
,,,-0.00352800009,3.00000,
,,,-0.00352600007,3.00000,
,,,-0.00352400006,3.00000,
,,,-0.00352200004,2.96000,
,,,-0.00352000003,3.00000,
,,,-0.00351800001,3.00000,
,,,-0.00351600000,3.00000,
,,,-0.00351399998,3.00000,
,,,-0.00351199997,3.00000,
,,,-0.00350999995,3.00000,
,,,-0.00350799994,3.00000,
,,,-0.00350599992,3.16000,
,,,-0.00350399991,3.16000,
,,,-0.00350199989,3.16000,
,,,-0.00349999988,3.20000,
,,,-0.00349800009,3.20000,
,,,-0.00349600008,3.20000,
,,,-0.00349400006,3.20000,
,,,-0.00349200005,3.20000,
,,,-0.00349000003,3.20000,
,,,-0.00348800002,3.20000,
,,,-0.00348600000,3.20000,
,,,-0.00348399999,3.20000,
,,,-0.00348199997,3.20000,
,,,-0.00347999996,3.20000,
,,,-0.00347799994,3.20000,
,,,-0.00347599993,3.20000,
,,,-0.00347399991,3.20000,
,,,-0.00347199989,3.20000,
,,,-0.00346999988,3.20000,
,,,-0.00346800010,3.20000,
,,,-0.00346600008,3.20000,
,,,-0.00346400007,3.20000,
,,,-0.00346200005,3.20000,
,,,-0.00346000004,3.16000,
,,,-0.00345800002,3.20000,
,,,-0.00345600001,3.20000,
,,,-0.00345399999,3.20000,
,,,-0.00345199998,3.20000,
,,,-0.00344999996,3.20000,
,,,-0.00344799994,3.20000,
,,,-0.00344599993,3.20000,
,,,-0.00344399991,3.20000,
,,,-0.00344199990,3.20000,
,,,-0.00343999988,3.16000,
,,,-0.00343800010,3.20000,
,,,-0.00343600009,3.16000,
,,,-0.00343400007,3.20000,
,,,-0.00343200006,3.20000,
,,,-0.00343000004,3.20000,
,,,-0.00342800003,3.20000,
,,,-0.00342600001,3.20000,
,,,-0.00342399999,3.20000,
,,,-0.00342199998,3.20000,
,,,-0.00341999996,3.20000,
,,,-0.00341799995,3.16000,
,,,-0.00341599993,3.20000,
,,,-0.00341399992,3.20000,
,,,-0.00341199990,3.20000,
,,,-0.00340999989,3.20000,
,,,-0.00340800011,3.20000,
,,,-0.00340600009,3.20000,
,,,-0.00340400008,3.20000,
,,,-0.00340200006,3.20000,
,,,-0.00340000005,3.16000,
,,,-0.00339800003,3.20000,
,,,-0.00339600001,3.20000,
,,,-0.00339400000,3.20000,
,,,-0.00339199998,3.20000,
,,,-0.00338999997,3.20000,
,,,-0.00338799995,3.20000,
,,,-0.00338599994,3.16000,
,,,-0.00338399992,3.20000,
,,,-0.00338199991,3.16000,
,,,-0.00337999989,2.96000,
,,,-0.00337799988,3.00000,
,,,-0.00337600010,3.00000,
,,,-0.00337400008,3.00000,
,,,-0.00337200006,3.00000,
,,,-0.00337000005,3.00000,
,,,-0.00336800003,3.00000,
,,,-0.00336600002,3.00000,
,,,-0.00336400000,3.00000,
,,,-0.00336199999,3.00000,
,,,-0.00335999997,3.00000,
,,,-0.00335799996,3.00000,
,,,-0.00335599994,3.00000,
,,,-0.00335399993,3.00000,
,,,-0.00335199991,3.00000,
,,,-0.00334999990,2.96000,
,,,-0.00334799988,2.96000,
,,,-0.00334600010,2.96000,
,,,-0.00334400008,3.00000,
,,,-0.00334200007,3.00000,
,,,-0.00334000005,3.00000,
,,,-0.00333800004,3.00000,
,,,-0.00333600002,3.00000,
,,,-0.00333400001,3.00000,
,,,-0.00333199999,3.00000,
,,,-0.00332999998,3.00000,
,,,-0.00332799996,3.00000,
,,,-0.00332599995,3.00000,
,,,-0.00332399993,3.00000,
,,,-0.00332199992,3.00000,
,,,-0.00331999990,3.00000,
,,,-0.00331799989,3.00000,
,,,-0.00331600010,2.96000,
,,,-0.00331400009,3.00000,
,,,-0.00331200007,3.00000,
,,,-0.00331000006,3.00000,
,,,-0.00330800004,3.00000,
,,,-0.00330600003,3.00000,
,,,-0.00330400001,3.00000,
,,,-0.00330200000,3.00000,
,,,-0.00329999998,3.00000,
,,,-0.00329799997,3.00000,
,,,-0.00329599995,3.00000,
,,,-0.00329399994,3.00000,
,,,-0.00329199992,2.96000,
,,,-0.00328999991,3.00000,
,,,-0.00328799989,3.00000,
,,,-0.00328599988,3.00000,
,,,-0.00328400009,3.00000,
,,,-0.00328200008,3.00000,
,,,-0.00328000006,3.00000,
,,,-0.00327800005,3.00000,
,,,-0.00327600003,3.00000,
,,,-0.00327400002,2.96000,
,,,-0.00327200000,3.00000,
,,,-0.00326999999,3.00000,
,,,-0.00326799997,3.00000,
,,,-0.00326599996,3.00000,
,,,-0.00326399994,3.00000,
,,,-0.00326199993,3.00000,
,,,-0.00325999991,3.00000,
,,,-0.00325799990,3.00000,
,,,-0.00325599988,2.84000,
,,,-0.00325400010,2.84000,
,,,-0.00325200008,2.84000,
,,,-0.00325000007,2.84000,
,,,-0.00324800005,2.84000,
,,,-0.00324600004,2.84000,
,,,-0.00324400002,2.84000,
,,,-0.00324200001,2.84000,
,,,-0.00323999999,2.84000,
,,,-0.00323799998,2.84000,
,,,-0.00323599996,2.84000,
,,,-0.00323399995,2.84000,
,,,-0.00323199993,2.84000,
,,,-0.00322999991,2.84000,
,,,-0.00322799990,2.84000,
,,,-0.00322599988,2.84000,
,,,-0.00322400010,2.84000,
,,,-0.00322200009,2.84000,
,,,-0.00322000007,2.84000,
,,,-0.00321800006,2.84000,
,,,-0.00321600004,2.84000,
,,,-0.00321400003,2.84000,
,,,-0.00321200001,2.84000,
,,,-0.00321000000,2.84000,
,,,-0.00320799998,2.84000,
,,,-0.00320599996,2.80000,
,,,-0.00320399995,2.84000,
,,,-0.00320199993,2.84000,
,,,-0.00319999992,2.84000,
,,,-0.00319799990,2.84000,
,,,-0.00319599989,2.84000,
,,,-0.00319400011,2.84000,
,,,-0.00319200009,2.84000,
,,,-0.00319000008,2.84000,
,,,-0.00318800006,2.84000,
,,,-0.00318600005,2.84000,
,,,-0.00318400003,2.84000,
,,,-0.00318200001,2.84000,
,,,-0.00318000000,2.84000,
,,,-0.00317799998,2.84000,
,,,-0.00317599997,2.84000,
,,,-0.00317399995,2.84000,
,,,-0.00317199994,2.84000,
,,,-0.00316999992,2.84000,
,,,-0.00316799991,2.84000,
,,,-0.00316599989,2.84000,
,,,-0.00316399988,2.84000,
,,,-0.00316200010,2.84000,
,,,-0.00316000008,2.84000,
,,,-0.00315800007,2.84000,
,,,-0.00315600005,2.84000,
,,,-0.00315400003,2.84000,
,,,-0.00315200002,2.84000,
,,,-0.00315000000,2.84000,
,,,-0.00314799999,2.84000,
,,,-0.00314599997,2.84000,
,,,-0.00314399996,2.84000,
,,,-0.00314199994,2.84000,
,,,-0.00313999993,2.84000,
,,,-0.00313799991,2.84000,
,,,-0.00313599990,2.84000,
,,,-0.00313399988,2.84000,
,,,-0.00313200010,2.72000,
,,,-0.00313000008,2.68000,
,,,-0.00312800007,2.68000,
,,,-0.00312600005,2.68000,
,,,-0.00312400004,2.68000,
,,,-0.00312200002,2.72000,
,,,-0.00312000001,2.68000,
,,,-0.00311799999,2.68000,
,,,-0.00311599998,2.68000,
,,,-0.00311399996,2.68000,
,,,-0.00311199995,2.68000,
,,,-0.00310999993,2.68000,
,,,-0.00310799992,2.68000,
,,,-0.00310599990,2.68000,
,,,-0.00310399989,2.68000,
,,,-0.00310200010,2.68000,
,,,-0.00310000009,2.68000,
,,,-0.00309800007,2.68000,
,,,-0.00309600006,2.68000,
,,,-0.00309400004,2.68000,
,,,-0.00309200003,2.68000,
,,,-0.00309000001,2.68000,
,,,-0.00308800000,2.68000,
,,,-0.00308599998,2.68000,
,,,-0.00308399997,2.68000,
,,,-0.00308199995,2.68000,
,,,-0.00307999994,2.68000,
,,,-0.00307799992,2.68000,
,,,-0.00307599991,2.68000,
,,,-0.00307399989,2.68000,
,,,-0.00307200011,2.68000,
,,,-0.00307000009,2.68000,
,,,-0.00306800008,2.68000,
,,,-0.00306600006,2.68000,
,,,-0.00306400005,2.68000,
,,,-0.00306200003,2.68000,
,,,-0.00306000002,2.68000,
,,,-0.00305800000,2.68000,
,,,-0.00305599999,2.68000,
,,,-0.00305399997,2.68000,
,,,-0.00305199996,2.68000,
,,,-0.00304999994,2.68000,
,,,-0.00304799993,2.68000,
,,,-0.00304599991,2.68000,
,,,-0.00304399990,2.68000,
,,,-0.00304199988,2.68000,
,,,-0.00304000010,2.68000,
,,,-0.00303800008,2.68000,
,,,-0.00303600007,2.68000,
,,,-0.00303400005,2.68000,
,,,-0.00303200004,2.68000,
,,,-0.00303000002,2.68000,
,,,-0.00302800001,2.68000,
,,,-0.00302599999,2.68000,
,,,-0.00302399998,2.68000,
,,,-0.00302199996,2.68000,
,,,-0.00301999995,2.68000,
,,,-0.00301799993,2.68000,
,,,-0.00301599992,2.72000,
,,,-0.00301399990,2.68000,
,,,-0.00301199988,2.68000,
,,,-0.00301000010,2.68000,
,,,-0.00300800009,2.56000,
,,,-0.00300600007,2.52000,
,,,-0.00300400006,2.52000,
,,,-0.00300200004,2.52000,
,,,-0.00300000003,2.52000,
,,,-0.00299800001,2.52000,
,,,-0.00299600000,2.52000,
,,,-0.00299399998,2.52000,
,,,-0.00299199997,2.52000,
,,,-0.00298999995,2.52000,
,,,-0.00298799993,2.56000,
,,,-0.00298599992,2.52000,
,,,-0.00298399990,2.56000,
,,,-0.00298199989,2.52000,
,,,-0.00298000011,2.52000,
,,,-0.00297800009,2.52000,
,,,-0.00297600008,2.52000,
,,,-0.00297400006,2.52000,
,,,-0.00297200005,2.52000,
,,,-0.00297000003,2.52000,
,,,-0.00296800002,2.56000,
,,,-0.00296600000,2.52000,
,,,-0.00296399998,2.52000,
,,,-0.00296199997,2.56000,
,,,-0.00295999995,2.56000,
,,,-0.00295799994,2.56000,
,,,-0.00295599992,2.52000,
,,,-0.00295399991,2.56000,
,,,-0.00295199989,2.52000,
,,,-0.00294999988,2.52000,
,,,-0.00294800010,2.56000,
,,,-0.00294600008,2.52000,
,,,-0.00294400007,2.52000,
,,,-0.00294200005,2.52000,
,,,-0.00294000003,2.52000,
,,,-0.00293800002,2.52000,
,,,-0.00293600000,2.52000,
,,,-0.00293399999,2.56000,
,,,-0.00293199997,2.52000,
,,,-0.00292999996,2.52000,
,,,-0.00292799994,2.56000,
,,,-0.00292599993,2.52000,
,,,-0.00292399991,2.52000,
,,,-0.00292199990,2.52000,
,,,-0.00291999988,2.52000,
,,,-0.00291800010,2.52000,
,,,-0.00291600008,2.52000,
,,,-0.00291400007,2.52000,
,,,-0.00291200005,2.52000,
,,,-0.00291000004,2.52000,
,,,-0.00290800002,2.52000,
,,,-0.00290600001,2.52000,
,,,-0.00290399999,2.52000,
,,,-0.00290199998,2.52000,
,,,-0.00289999996,2.56000,
,,,-0.00289799995,2.56000,
,,,-0.00289599993,2.52000,
,,,-0.00289399992,2.52000,
,,,-0.00289199990,2.56000,
,,,-0.00288999989,2.52000,
,,,-0.00288800010,2.56000,
,,,-0.00288600009,2.52000,
,,,-0.00288400007,2.56000,
,,,-0.00288200006,2.52000,
,,,-0.00288000004,2.52000,
,,,-0.00287800003,2.40000,
,,,-0.00287600001,2.40000,
,,,-0.00287400000,2.40000,
,,,-0.00287199998,2.36000,
,,,-0.00286999997,2.40000,
,,,-0.00286799995,2.40000,
,,,-0.00286599994,2.36000,
,,,-0.00286399992,2.40000,
,,,-0.00286199991,2.40000,
,,,-0.00285999989,2.36000,
,,,-0.00285800011,2.40000,
,,,-0.00285600009,2.40000,
,,,-0.00285400008,2.40000,
,,,-0.00285200006,2.40000,
,,,-0.00285000005,2.40000,
,,,-0.00284800003,2.40000,
,,,-0.00284600002,2.36000,
,,,-0.00284400000,2.36000,
,,,-0.00284199999,2.40000,
,,,-0.00283999997,2.40000,
,,,-0.00283799996,2.36000,
,,,-0.00283599994,2.40000,
,,,-0.00283399993,2.40000,
,,,-0.00283199991,2.36000,
,,,-0.00282999990,2.36000,
,,,-0.00282799988,2.40000,
,,,-0.00282600010,2.36000,
,,,-0.00282400008,2.36000,
,,,-0.00282200007,2.36000,
,,,-0.00282000005,2.36000,
,,,-0.00281800004,2.36000,
,,,-0.00281600002,2.36000,
,,,-0.00281400001,2.36000,
,,,-0.00281199999,2.40000,
,,,-0.00280999998,2.44000,
,,,-0.00280799996,2.40000,
,,,-0.00280599995,2.40000,
,,,-0.00280399993,2.40000,
,,,-0.00280199992,2.40000,
,,,-0.00279999990,2.40000,
,,,-0.00279799988,2.40000,
,,,-0.00279600010,2.40000,
,,,-0.00279400009,2.36000,
,,,-0.00279200007,2.40000,
,,,-0.00279000006,2.36000,
,,,-0.00278800004,2.40000,
,,,-0.00278600003,2.40000,
,,,-0.00278400001,2.36000,
,,,-0.00278200000,2.40000,
,,,-0.00277999998,2.40000,
,,,-0.00277799997,2.40000,
,,,-0.00277599995,2.36000,
,,,-0.00277399994,2.40000,
,,,-0.00277199992,2.40000,
,,,-0.00276999990,2.40000,
,,,-0.00276799989,2.40000,
,,,-0.00276600011,2.36000,
,,,-0.00276400009,2.36000,
,,,-0.00276200008,2.36000,
,,,-0.00276000006,2.40000,
,,,-0.00275800005,2.40000,
,,,-0.00275600003,2.40000,
,,,-0.00275400002,2.28000,
,,,-0.00275200000,2.24000,
,,,-0.00274999999,2.24000,
,,,-0.00274799997,2.28000,
,,,-0.00274599995,2.20000,
,,,-0.00274399994,2.24000,
,,,-0.00274199992,2.24000,
,,,-0.00273999991,2.20000,
,,,-0.00273799989,2.20000,
,,,-0.00273599988,2.20000,
,,,-0.00273400010,2.24000,
,,,-0.00273200008,2.24000,
,,,-0.00273000007,2.24000,
,,,-0.00272800005,2.24000,
,,,-0.00272600004,2.28000,
,,,-0.00272400002,2.24000,
,,,-0.00272200000,2.24000,
,,,-0.00271999999,2.20000,
,,,-0.00271799997,2.24000,
,,,-0.00271599996,2.24000,
,,,-0.00271399994,2.20000,
,,,-0.00271199993,2.24000,
,,,-0.00270999991,2.24000,
,,,-0.00270799990,2.20000,
,,,-0.00270599988,2.24000,
,,,-0.00270400010,2.24000,
,,,-0.00270200009,2.20000,
,,,-0.00270000007,2.24000,
,,,-0.00269800005,2.24000,
,,,-0.00269600004,2.24000,
,,,-0.00269400002,2.24000,
,,,-0.00269200001,2.24000,
,,,-0.00268999999,2.24000,
,,,-0.00268799998,2.24000,
,,,-0.00268599996,2.24000,
,,,-0.00268399995,2.20000,
,,,-0.00268199993,2.24000,
,,,-0.00267999992,2.24000,
,,,-0.00267799990,2.24000,
,,,-0.00267599989,2.20000,
,,,-0.00267400010,2.24000,
,,,-0.00267200009,2.28000,
,,,-0.00267000007,2.24000,
,,,-0.00266800006,2.24000,
,,,-0.00266600004,2.24000,
,,,-0.00266400003,2.20000,
,,,-0.00266200001,2.20000,
,,,-0.00266000000,2.24000,
,,,-0.00265799998,2.20000,
,,,-0.00265599997,2.28000,
,,,-0.00265399995,2.20000,
,,,-0.00265199994,2.24000,
,,,-0.00264999992,2.24000,
,,,-0.00264799991,2.24000,
,,,-0.00264599989,2.28000,
,,,-0.00264400011,2.24000,
,,,-0.00264200009,2.24000,
,,,-0.00264000008,2.24000,
,,,-0.00263800006,2.24000,
,,,-0.00263600005,2.28000,
,,,-0.00263400003,2.24000,
,,,-0.00263200002,2.20000,
,,,-0.00263000000,2.12000,
,,,-0.00262799999,2.12000,
,,,-0.00262599997,2.08000,
,,,-0.00262399996,2.08000,
,,,-0.00262199994,2.08000,
,,,-0.00261999993,2.08000,
,,,-0.00261799991,2.08000,
,,,-0.00261599990,2.12000,
,,,-0.00261399988,2.08000,
,,,-0.00261200010,2.04000,
,,,-0.00261000008,2.12000,
,,,-0.00260800007,2.04000,
,,,-0.00260600005,2.08000,
,,,-0.00260400004,2.08000,
,,,-0.00260200002,2.08000,
,,,-0.00260000001,2.04000,
,,,-0.00259799999,2.08000,
,,,-0.00259599998,2.08000,
,,,-0.00259399996,2.04000,
,,,-0.00259199995,2.08000,
,,,-0.00258999993,2.08000,
,,,-0.00258799992,2.08000,
,,,-0.00258599990,2.04000,
,,,-0.00258399989,2.08000,
,,,-0.00258200010,2.08000,
,,,-0.00258000009,2.08000,
,,,-0.00257800007,2.08000,
,,,-0.00257600006,2.08000,
,,,-0.00257400004,2.08000,
,,,-0.00257200003,2.08000,
,,,-0.00257000001,2.08000,
,,,-0.00256800000,2.12000,
,,,-0.00256599998,2.12000,
,,,-0.00256399997,2.08000,
,,,-0.00256199995,2.08000,
,,,-0.00255999994,2.08000,
,,,-0.00255799992,2.08000,
,,,-0.00255599990,2.04000,
,,,-0.00255399989,2.08000,
,,,-0.00255200011,2.08000,
,,,-0.00255000009,2.08000,
,,,-0.00254800008,2.08000,
,,,-0.00254600006,2.12000,
,,,-0.00254400005,2.08000,
,,,-0.00254200003,2.08000,
,,,-0.00254000002,2.08000,
,,,-0.00253800000,2.08000,
,,,-0.00253599999,2.08000,
,,,-0.00253399997,2.08000,
,,,-0.00253199995,2.04000,
,,,-0.00252999994,2.08000,
,,,-0.00252799992,2.08000,
,,,-0.00252599991,2.08000,
,,,-0.00252399989,2.12000,
,,,-0.00252199988,2.08000,
,,,-0.00252000010,2.08000,
,,,-0.00251800008,2.08000,
,,,-0.00251600007,2.08000,
,,,-0.00251400005,2.12000,
,,,-0.00251200004,2.08000,
,,,-0.00251000002,2.08000,
,,,-0.00250800001,2.08000,
,,,-0.00250599999,2.04000,
,,,-0.00250399997,1.96000,
,,,-0.00250199996,1.92000,
,,,-0.00249999994,1.92000,
,,,-0.00249799993,1.92000,
,,,-0.00249599991,1.96000,
,,,-0.00249399990,1.96000,
,,,-0.00249199988,1.96000,
,,,-0.00249000010,1.92000,
,,,-0.00248800009,1.92000,
,,,-0.00248600007,1.96000,
,,,-0.00248400006,1.96000,
,,,-0.00248200004,1.92000,
,,,-0.00248000002,1.92000,
,,,-0.00247800001,1.92000,
,,,-0.00247599999,1.96000,
,,,-0.00247399998,1.92000,
,,,-0.00247199996,1.92000,
,,,-0.00246999995,1.92000,
,,,-0.00246799993,1.96000,
,,,-0.00246599992,1.96000,
,,,-0.00246399990,1.96000,
,,,-0.00246199989,1.96000,
,,,-0.00246000011,1.96000,
,,,-0.00245800009,1.96000,
,,,-0.00245600007,1.92000,
,,,-0.00245400006,1.96000,
,,,-0.00245200004,1.96000,
,,,-0.00245000003,1.92000,
,,,-0.00244800001,1.88000,
,,,-0.00244600000,1.96000,
,,,-0.00244399998,1.92000,
,,,-0.00244199997,1.92000,
,,,-0.00243999995,1.96000,
,,,-0.00243799994,1.92000,
,,,-0.00243599992,1.96000,
,,,-0.00243399991,1.96000,
,,,-0.00243199989,1.92000,
,,,-0.00243000011,1.92000,
,,,-0.00242800009,1.92000,
,,,-0.00242600008,1.96000,
,,,-0.00242400006,1.96000,
,,,-0.00242200005,1.96000,
,,,-0.00242000003,1.96000,
,,,-0.00241800002,1.96000,
,,,-0.00241600000,1.88000,
,,,-0.00241399999,1.96000,
,,,-0.00241199997,1.92000,
,,,-0.00240999996,1.92000,
,,,-0.00240799994,1.92000,
,,,-0.00240599993,1.92000,
,,,-0.00240399991,1.96000,
,,,-0.00240199990,1.96000,
,,,-0.00239999988,1.96000,
,,,-0.00239800010,1.92000,
,,,-0.00239600008,1.92000,
,,,-0.00239400007,1.92000,
,,,-0.00239200005,1.92000,
,,,-0.00239000004,1.96000,
,,,-0.00238800002,1.92000,
,,,-0.00238600001,1.92000,
,,,-0.00238399999,1.92000,
,,,-0.00238199998,1.92000,
,,,-0.00237999996,1.72000,
,,,-0.00237799995,1.76000,
,,,-0.00237599993,1.80000,
,,,-0.00237399992,1.76000,
,,,-0.00237199990,1.80000,
,,,-0.00236999989,1.80000,
,,,-0.00236800010,1.76000,
,,,-0.00236600009,1.80000,
,,,-0.00236400007,1.80000,
,,,-0.00236200006,1.80000,
,,,-0.00236000004,1.80000,
,,,-0.00235800003,1.80000,
,,,-0.00235600001,1.80000,
,,,-0.00235400000,1.76000,
,,,-0.00235199998,1.80000,
,,,-0.00234999997,1.76000,
,,,-0.00234799995,1.72000,
,,,-0.00234599994,1.80000,
,,,-0.00234399992,1.76000,
,,,-0.00234199991,1.80000,
,,,-0.00233999989,1.80000,
,,,-0.00233800011,1.80000,
,,,-0.00233600009,1.80000,
,,,-0.00233400008,1.80000,
,,,-0.00233200006,1.80000,
,,,-0.00233000005,1.76000,
,,,-0.00232800003,1.76000,
,,,-0.00232600002,1.80000,
,,,-0.00232400000,1.72000,
,,,-0.00232199999,1.80000,
,,,-0.00231999997,1.80000,
,,,-0.00231799996,1.80000,
,,,-0.00231599994,1.76000,
,,,-0.00231399992,1.76000,
,,,-0.00231199991,1.80000,
,,,-0.00230999989,1.76000,
,,,-0.00230799988,1.80000,
,,,-0.00230600010,1.76000,
,,,-0.00230400008,1.80000,
,,,-0.00230200007,1.76000,
,,,-0.00230000005,1.80000,
,,,-0.00229800004,1.80000,
,,,-0.00229600002,1.80000,
,,,-0.00229400001,1.76000,
,,,-0.00229199999,1.80000,
,,,-0.00228999997,1.80000,
,,,-0.00228799996,1.80000,
,,,-0.00228599994,1.80000,
,,,-0.00228399993,1.80000,
,,,-0.00228199991,1.80000,
,,,-0.00227999990,1.76000,
,,,-0.00227799988,1.76000,
,,,-0.00227600010,1.76000,
,,,-0.00227400009,1.80000,
,,,-0.00227200007,1.76000,
,,,-0.00227000006,1.76000,
,,,-0.00226800004,1.80000,
,,,-0.00226600002,1.76000,
,,,-0.00226400001,1.76000,
,,,-0.00226199999,1.80000,
,,,-0.00225999998,1.80000,
,,,-0.00225799996,1.80000,
,,,-0.00225599995,1.64000,
,,,-0.00225399993,1.64000,
,,,-0.00225199992,1.64000,
,,,-0.00224999990,1.64000,
,,,-0.00224799989,1.64000,
,,,-0.00224600011,1.64000,
,,,-0.00224400009,1.64000,
,,,-0.00224200008,1.64000,
,,,-0.00224000006,1.64000,
,,,-0.00223800004,1.60000,
,,,-0.00223600003,1.64000,
,,,-0.00223400001,1.64000,
,,,-0.00223200000,1.64000,
,,,-0.00222999998,1.64000,
,,,-0.00222799997,1.64000,
,,,-0.00222599995,1.60000,
,,,-0.00222399994,1.64000,
,,,-0.00222199992,1.64000,
,,,-0.00221999991,1.64000,
,,,-0.00221799989,1.64000,
,,,-0.00221600011,1.64000,
,,,-0.00221400009,1.64000,
,,,-0.00221200008,1.64000,
,,,-0.00221000006,1.64000,
,,,-0.00220800005,1.64000,
,,,-0.00220600003,1.64000,
,,,-0.00220400002,1.64000,
,,,-0.00220200000,1.60000,
,,,-0.00219999999,1.64000,
,,,-0.00219799997,1.64000,
,,,-0.00219599996,1.60000,
,,,-0.00219399994,1.64000,
,,,-0.00219199993,1.64000,
,,,-0.00218999991,1.64000,
,,,-0.00218799990,1.64000,
,,,-0.00218599988,1.64000,
,,,-0.00218400010,1.64000,
,,,-0.00218200008,1.64000,
,,,-0.00218000007,1.64000,
,,,-0.00217800005,1.64000,
,,,-0.00217600004,1.64000,
,,,-0.00217400002,1.60000,
,,,-0.00217200001,1.64000,
,,,-0.00216999999,1.64000,
,,,-0.00216799998,1.60000,
,,,-0.00216599996,1.64000,
,,,-0.00216399995,1.64000,
,,,-0.00216199993,1.64000,
,,,-0.00215999992,1.60000,
,,,-0.00215799990,1.64000,
,,,-0.00215599989,1.60000,
,,,-0.00215400010,1.64000,
,,,-0.00215200009,1.64000,
,,,-0.00215000007,1.64000,
,,,-0.00214800006,1.64000,
,,,-0.00214600004,1.64000,
,,,-0.00214400003,1.64000,
,,,-0.00214200001,1.64000,
,,,-0.00214000000,1.64000,
,,,-0.00213799998,1.64000,
,,,-0.00213599997,1.60000,
,,,-0.00213399995,1.64000,
,,,-0.00213199994,1.48000,
,,,-0.00212999992,1.48000,
,,,-0.00212799991,1.48000,
,,,-0.00212599989,1.44000,
,,,-0.00212400011,1.48000,
,,,-0.00212200009,1.44000,
,,,-0.00212000008,1.48000,
,,,-0.00211800006,1.52000,
,,,-0.00211600005,1.44000,
,,,-0.00211400003,1.48000,
,,,-0.00211200002,1.48000,
,,,-0.00211000000,1.48000,
,,,-0.00210799999,1.48000,
,,,-0.00210599997,1.48000,
,,,-0.00210399996,1.48000,
,,,-0.00210199994,1.48000,
,,,-0.00209999993,1.48000,
,,,-0.00209799991,1.48000,
,,,-0.00209599989,1.48000,
,,,-0.00209399988,1.48000,
,,,-0.00209200010,1.48000,
,,,-0.00209000008,1.48000,
,,,-0.00208800007,1.48000,
,,,-0.00208600005,1.48000,
,,,-0.00208400004,1.48000,
,,,-0.00208200002,1.44000,
,,,-0.00208000001,1.48000,
,,,-0.00207799999,1.48000,
,,,-0.00207599998,1.48000,
,,,-0.00207399996,1.48000,
,,,-0.00207199994,1.48000,
,,,-0.00206999993,1.48000,
,,,-0.00206799991,1.48000,
,,,-0.00206599990,1.48000,
,,,-0.00206399988,1.52000,
,,,-0.00206200010,1.48000,
,,,-0.00206000009,1.48000,
,,,-0.00205800007,1.48000,
,,,-0.00205600006,1.48000,
,,,-0.00205400004,1.48000,
,,,-0.00205200003,1.48000,
,,,-0.00205000001,1.48000,
,,,-0.00204799999,1.48000,
,,,-0.00204599998,1.48000,
,,,-0.00204399996,1.48000,
,,,-0.00204199995,1.48000,
,,,-0.00203999993,1.44000,
,,,-0.00203799992,1.48000,
,,,-0.00203599990,1.48000,
,,,-0.00203399989,1.48000,
,,,-0.00203200011,1.48000,
,,,-0.00203000009,1.48000,
,,,-0.00202800008,1.48000,
,,,-0.00202600006,1.44000,
,,,-0.00202400004,1.48000,
,,,-0.00202200003,1.48000,
,,,-0.00202000001,1.48000,
,,,-0.00201800000,1.48000,
,,,-0.00201599998,1.48000,
,,,-0.00201399997,1.48000,
,,,-0.00201199995,1.48000,
,,,-0.00200999994,1.48000,
,,,-0.00200799992,1.36000,
,,,-0.00200599991,1.32000,
,,,-0.00200399989,1.32000,
,,,-0.00200200011,1.32000,
,,,-0.00200000009,1.32000,
,,,-0.00199800008,1.32000,
,,,-0.00199600006,1.32000,
,,,-0.00199400005,1.32000,
,,,-0.00199200003,1.32000,
,,,-0.00199000002,1.32000,
,,,-0.00198800000,1.32000,
,,,-0.00198599999,1.36000,
,,,-0.00198399997,1.32000,
,,,-0.00198199996,1.32000,
,,,-0.00197999994,1.32000,
,,,-0.00197799993,1.32000,
,,,-0.00197599991,1.32000,
,,,-0.00197399990,1.32000,
,,,-0.00197199988,1.32000,
,,,-0.00197000010,1.32000,
,,,-0.00196800008,1.32000,
,,,-0.00196600007,1.32000,
,,,-0.00196400005,1.32000,
,,,-0.00196200004,1.32000,
,,,-0.00196000002,1.32000,
,,,-0.00195800001,1.32000,
,,,-0.00195599999,1.32000,
,,,-0.00195399998,1.36000,
,,,-0.00195199996,1.32000,
,,,-0.00194999995,1.32000,
,,,-0.00194800005,1.32000,
,,,-0.00194600003,1.32000,
,,,-0.00194400002,1.32000,
,,,-0.00194200000,1.32000,
,,,-0.00193999999,1.32000,
,,,-0.00193799997,1.32000,
,,,-0.00193599996,1.32000,
,,,-0.00193399994,1.32000,
,,,-0.00193200004,1.36000,
,,,-0.00193000003,1.32000,
,,,-0.00192800001,1.32000,
,,,-0.00192600000,1.32000,
,,,-0.00192399998,1.32000,
,,,-0.00192199997,1.32000,
,,,-0.00191999995,1.32000,
,,,-0.00191800005,1.32000,
,,,-0.00191600004,1.32000,
,,,-0.00191400002,1.32000,
,,,-0.00191200001,1.36000,
,,,-0.00190999999,1.32000,
,,,-0.00190799998,1.36000,
,,,-0.00190599996,1.32000,
,,,-0.00190399995,1.32000,
,,,-0.00190200005,1.36000,
,,,-0.00190000003,1.32000,
,,,-0.00189800002,1.32000,
,,,-0.00189600000,1.32000,
,,,-0.00189399999,1.36000,
,,,-0.00189199997,1.36000,
,,,-0.00188999996,1.32000,
,,,-0.00188799994,1.32000,
,,,-0.00188600004,1.32000,
,,,-0.00188400003,1.36000,
,,,-0.00188200001,1.32000,
,,,-0.00188000000,1.32000,
,,,-0.00187799998,1.20000,
,,,-0.00187599997,1.20000,
,,,-0.00187399995,1.16000,
,,,-0.00187200005,1.16000,
,,,-0.00187000004,1.16000,
,,,-0.00186800002,1.16000,
,,,-0.00186600001,1.20000,
,,,-0.00186399999,1.16000,
,,,-0.00186199998,1.16000,
,,,-0.00185999996,1.20000,
,,,-0.00185799995,1.20000,
,,,-0.00185600005,1.20000,
,,,-0.00185400003,1.16000,
,,,-0.00185200002,1.20000,
,,,-0.00185000000,1.16000,
,,,-0.00184799999,1.20000,
,,,-0.00184599997,1.16000,
,,,-0.00184399995,1.16000,
,,,-0.00184199994,1.20000,
,,,-0.00184000004,1.20000,
,,,-0.00183800003,1.20000,
,,,-0.00183600001,1.20000,
,,,-0.00183400000,1.16000,
,,,-0.00183199998,1.16000,
,,,-0.00182999996,1.16000,
,,,-0.00182799995,1.16000,
,,,-0.00182600005,1.16000,
,,,-0.00182400004,1.16000,
,,,-0.00182200002,1.20000,
,,,-0.00182000000,1.16000,
,,,-0.00181799999,1.16000,
,,,-0.00181599997,1.16000,
,,,-0.00181399996,1.16000,
,,,-0.00181199994,1.20000,
,,,-0.00181000005,1.16000,
,,,-0.00180800003,1.16000,
,,,-0.00180600001,1.16000,
,,,-0.00180400000,1.16000,
,,,-0.00180199998,1.16000,
,,,-0.00179999997,1.16000,
,,,-0.00179799995,1.16000,
,,,-0.00179599994,1.16000,
,,,-0.00179400004,1.16000,
,,,-0.00179200002,1.16000,
,,,-0.00179000001,1.20000,
,,,-0.00178799999,1.16000,
,,,-0.00178599998,1.16000,
,,,-0.00178399996,1.16000,
,,,-0.00178199995,1.16000,
,,,-0.00178000005,1.20000,
,,,-0.00177800003,1.20000,
,,,-0.00177600002,1.16000,
,,,-0.00177400000,1.16000,
,,,-0.00177199999,1.16000,
,,,-0.00176999997,1.20000,
,,,-0.00176799996,1.16000,
,,,-0.00176599994,1.16000,
,,,-0.00176400004,1.16000,
,,,-0.00176200003,1.16000,
,,,-0.00176000001,1.16000,
,,,-0.00175800000,1.20000,
,,,-0.00175599998,1.16000,
,,,-0.00175399997,1.00000,
,,,-0.00175199995,1.00000,
,,,-0.00174999994,1.00000,
,,,-0.00174800004,1.00000,
,,,-0.00174600002,1.00000,
,,,-0.00174400001,1.00000,
,,,-0.00174199999,1.00000,
,,,-0.00173999998,0.96000,
,,,-0.00173799996,0.96000,
,,,-0.00173599995,1.00000,
,,,-0.00173400005,0.96000,
,,,-0.00173200003,1.00000,
,,,-0.00173000002,1.00000,
,,,-0.00172800000,0.96000,
,,,-0.00172599999,1.00000,
,,,-0.00172399997,1.00000,
,,,-0.00172199996,1.00000,
,,,-0.00171999994,1.00000,
,,,-0.00171800004,0.96000,
,,,-0.00171600003,1.00000,
,,,-0.00171400001,0.96000,
,,,-0.00171200000,0.96000,
,,,-0.00170999998,1.00000,
,,,-0.00170799997,1.00000,
,,,-0.00170599995,0.96000,
,,,-0.00170400005,1.00000,
,,,-0.00170200004,1.00000,
,,,-0.00170000002,1.00000,
,,,-0.00169800001,1.00000,
,,,-0.00169599999,1.00000,
,,,-0.00169399998,1.00000,
,,,-0.00169199996,1.00000,
,,,-0.00168999995,1.00000,
,,,-0.00168800005,0.96000,
,,,-0.00168600003,1.00000,
,,,-0.00168400002,0.96000,
,,,-0.00168200000,0.96000,
,,,-0.00167999999,0.96000,
,,,-0.00167799997,0.96000,
,,,-0.00167599996,0.96000,
,,,-0.00167399994,0.96000,
,,,-0.00167200004,1.00000,
,,,-0.00167000003,0.96000,
,,,-0.00166800001,1.00000,
,,,-0.00166600000,0.96000,
,,,-0.00166399998,0.96000,
,,,-0.00166199997,0.96000,
,,,-0.00165999995,1.00000,
,,,-0.00165800005,0.96000,
,,,-0.00165600004,0.96000,
,,,-0.00165400002,0.96000,
,,,-0.00165200001,1.00000,
,,,-0.00164999999,1.00000,
,,,-0.00164799998,1.00000,
,,,-0.00164599996,1.00000,
,,,-0.00164399995,0.96000,
,,,-0.00164200005,0.96000,
,,,-0.00164000003,1.00000,
,,,-0.00163800002,1.00000,
,,,-0.00163600000,1.00000,
,,,-0.00163399999,1.00000,
,,,-0.00163199997,1.00000,
,,,-0.00162999996,0.88000,
,,,-0.00162799994,0.88000,
,,,-0.00162600004,0.84000,
,,,-0.00162400003,0.84000,
,,,-0.00162200001,0.84000,
,,,-0.00162000000,0.84000,
,,,-0.00161799998,0.84000,
,,,-0.00161599996,0.80000,
,,,-0.00161399995,0.80000,
,,,-0.00161200005,0.80000,
,,,-0.00161000004,0.84000,
,,,-0.00160800002,0.80000,
,,,-0.00160600001,0.84000,
,,,-0.00160399999,0.84000,
,,,-0.00160199997,0.84000,
,,,-0.00159999996,0.80000,
,,,-0.00159799994,0.84000,
,,,-0.00159600005,0.84000,
,,,-0.00159400003,0.84000,
,,,-0.00159200002,0.80000,
,,,-0.00159000000,0.84000,
,,,-0.00158799998,0.80000,
,,,-0.00158599997,0.84000,
,,,-0.00158399995,0.84000,
,,,-0.00158199994,0.84000,
,,,-0.00158000004,0.80000,
,,,-0.00157800002,0.84000,
,,,-0.00157600001,0.84000,
,,,-0.00157399999,0.84000,
,,,-0.00157199998,0.84000,
,,,-0.00156999996,0.80000,
,,,-0.00156799995,0.84000,
,,,-0.00156600005,0.84000,
,,,-0.00156400003,0.84000,
,,,-0.00156200002,0.84000,
,,,-0.00156000000,0.84000,
,,,-0.00155799999,0.84000,
,,,-0.00155599997,0.88000,
,,,-0.00155399996,0.84000,
,,,-0.00155199994,0.84000,
,,,-0.00155000004,0.80000,
,,,-0.00154800003,0.80000,
,,,-0.00154600001,0.80000,
,,,-0.00154400000,0.80000,
,,,-0.00154199998,0.80000,
,,,-0.00153999997,0.80000,
,,,-0.00153799995,0.80000,
,,,-0.00153600005,0.88000,
,,,-0.00153400004,0.80000,
,,,-0.00153200002,0.84000,
,,,-0.00153000001,0.80000,
,,,-0.00152799999,0.84000,
,,,-0.00152599998,0.84000,
,,,-0.00152399996,0.84000,
,,,-0.00152199995,0.80000,
,,,-0.00152000005,0.80000,
,,,-0.00151800003,0.84000,
,,,-0.00151600002,0.80000,
,,,-0.00151400000,0.84000,
,,,-0.00151199999,0.84000,
,,,-0.00150999997,0.80000,
,,,-0.00150799996,0.84000,
,,,-0.00150599994,0.72000,
,,,-0.00150400004,0.68000,
,,,-0.00150200003,0.68000,
,,,-0.00150000001,0.68000,
,,,-0.00149800000,0.68000,
,,,-0.00149599998,0.68000,
,,,-0.00149399997,0.72000,
,,,-0.00149199995,0.68000,
,,,-0.00149000005,0.68000,
,,,-0.00148800004,0.68000,
,,,-0.00148600002,0.68000,
,,,-0.00148400001,0.68000,
,,,-0.00148199999,0.68000,
,,,-0.00147999998,0.68000,
,,,-0.00147799996,0.68000,
,,,-0.00147599995,0.64000,
,,,-0.00147400005,0.68000,
,,,-0.00147200003,0.68000,
,,,-0.00147000002,0.68000,
,,,-0.00146800000,0.68000,
,,,-0.00146599999,0.68000,
,,,-0.00146399997,0.64000,
,,,-0.00146199996,0.68000,
,,,-0.00145999994,0.68000,
,,,-0.00145800004,0.68000,
,,,-0.00145600003,0.68000,
,,,-0.00145400001,0.68000,
,,,-0.00145200000,0.68000,
,,,-0.00144999998,0.68000,
,,,-0.00144799997,0.64000,
,,,-0.00144599995,0.68000,
,,,-0.00144400005,0.68000,
,,,-0.00144200004,0.68000,
,,,-0.00144000002,0.68000,
,,,-0.00143800001,0.68000,
,,,-0.00143599999,0.64000,
,,,-0.00143399998,0.72000,
,,,-0.00143199996,0.68000,
,,,-0.00142999995,0.64000,
,,,-0.00142800005,0.68000,
,,,-0.00142600003,0.72000,
,,,-0.00142400002,0.68000,
,,,-0.00142200000,0.68000,
,,,-0.00141999999,0.68000,
,,,-0.00141799997,0.64000,
,,,-0.00141599996,0.72000,
,,,-0.00141399994,0.72000,
,,,-0.00141200004,0.68000,
,,,-0.00141000003,0.68000,
,,,-0.00140800001,0.68000,
,,,-0.00140600000,0.68000,
,,,-0.00140399998,0.68000,
,,,-0.00140199997,0.68000,
,,,-0.00139999995,0.68000,
,,,-0.00139800005,0.68000,
,,,-0.00139600004,0.68000,
,,,-0.00139400002,0.68000,
,,,-0.00139200001,0.68000,
,,,-0.00138999999,0.68000,
,,,-0.00138799998,0.68000,
,,,-0.00138599996,0.68000,
,,,-0.00138399994,0.68000,
,,,-0.00138200005,0.64000,
,,,-0.00138000003,0.52000,
,,,-0.00137800002,0.48000,
,,,-0.00137600000,0.52000,
,,,-0.00137399998,0.56000,
,,,-0.00137199997,0.52000,
,,,-0.00136999995,0.56000,
,,,-0.00136799994,0.56000,
,,,-0.00136600004,0.52000,
,,,-0.00136400003,0.56000,
,,,-0.00136200001,0.52000,
,,,-0.00135999999,0.52000,
,,,-0.00135799998,0.52000,
,,,-0.00135599996,0.52000,
,,,-0.00135399995,0.48000,
,,,-0.00135200005,0.52000,
,,,-0.00135000004,0.52000,
,,,-0.00134800002,0.52000,
,,,-0.00134600000,0.52000,
,,,-0.00134399999,0.52000,
,,,-0.00134199997,0.52000,
,,,-0.00133999996,0.52000,
,,,-0.00133799994,0.52000,
,,,-0.00133600004,0.56000,
,,,-0.00133400003,0.52000,
,,,-0.00133200001,0.56000,
,,,-0.00133000000,0.56000,
,,,-0.00132799998,0.56000,
,,,-0.00132599997,0.52000,
,,,-0.00132399995,0.52000,
,,,-0.00132200005,0.52000,
,,,-0.00132000004,0.52000,
,,,-0.00131800002,0.52000,
,,,-0.00131600001,0.52000,
,,,-0.00131399999,0.52000,
,,,-0.00131199998,0.52000,
,,,-0.00130999996,0.52000,
,,,-0.00130799995,0.56000,
,,,-0.00130600005,0.52000,
,,,-0.00130400003,0.52000,
,,,-0.00130200002,0.56000,
,,,-0.00130000000,0.56000,
,,,-0.00129799999,0.52000,
,,,-0.00129599997,0.52000,
,,,-0.00129399996,0.52000,
,,,-0.00129199994,0.56000,
,,,-0.00129000004,0.56000,
,,,-0.00128800003,0.52000,
,,,-0.00128600001,0.52000,
,,,-0.00128400000,0.56000,
,,,-0.00128199998,0.52000,
,,,-0.00127999997,0.56000,
,,,-0.00127799995,0.52000,
,,,-0.00127600005,0.52000,
,,,-0.00127400004,0.52000,
,,,-0.00127200002,0.52000,
,,,-0.00127000001,0.56000,
,,,-0.00126799999,0.52000,
,,,-0.00126599998,0.52000,
,,,-0.00126399996,0.52000,
,,,-0.00126199995,0.56000,
,,,-0.00126000005,0.52000,
,,,-0.00125800003,0.52000,
,,,-0.00125600002,0.40000,
,,,-0.00125400000,0.36000,
,,,-0.00125199999,0.40000,
,,,-0.00124999997,0.36000,
,,,-0.00124799996,0.40000,
,,,-0.00124599994,0.36000,
,,,-0.00124400004,0.36000,
,,,-0.00124200003,0.40000,
,,,-0.00124000001,0.40000,
,,,-0.00123800000,0.36000,
,,,-0.00123599998,0.36000,
,,,-0.00123399997,0.40000,
,,,-0.00123199995,0.36000,
,,,-0.00123000005,0.36000,
,,,-0.00122800004,0.40000,
,,,-0.00122600002,0.32000,
,,,-0.00122400001,0.36000,
,,,-0.00122199999,0.36000,
,,,-0.00121999998,0.36000,
,,,-0.00121799996,0.36000,
,,,-0.00121599995,0.40000,
,,,-0.00121400005,0.36000,
,,,-0.00121200003,0.36000,
,,,-0.00121000002,0.36000,
,,,-0.00120800000,0.40000,
,,,-0.00120599999,0.40000,
,,,-0.00120399997,0.40000,
,,,-0.00120199996,0.36000,
,,,-0.00119999994,0.36000,
,,,-0.00119800004,0.40000,
,,,-0.00119600003,0.32000,
,,,-0.00119400001,0.36000,
,,,-0.00119200000,0.36000,
,,,-0.00118999998,0.32000,
,,,-0.00118799997,0.40000,
,,,-0.00118599995,0.36000,
,,,-0.00118400005,0.36000,
,,,-0.00118200004,0.40000,
,,,-0.00118000002,0.36000,
,,,-0.00117800001,0.36000,
,,,-0.00117599999,0.36000,
,,,-0.00117399998,0.32000,
,,,-0.00117199996,0.36000,
,,,-0.00116999994,0.36000,
,,,-0.00116800005,0.36000,
,,,-0.00116600003,0.40000,
,,,-0.00116400002,0.32000,
,,,-0.00116200000,0.40000,
,,,-0.00115999999,0.36000,
,,,-0.00115799997,0.40000,
,,,-0.00115599995,0.36000,
,,,-0.00115399994,0.32000,
,,,-0.00115200004,0.36000,
,,,-0.00115000003,0.36000,
,,,-0.00114800001,0.36000,
,,,-0.00114600000,0.36000,
,,,-0.00114399998,0.36000,
,,,-0.00114199996,0.32000,
,,,-0.00113999995,0.40000,
,,,-0.00113800005,0.36000,
,,,-0.00113600004,0.40000,
,,,-0.00113400002,0.36000,
,,,-0.00113200000,0.24000,
,,,-0.00112999999,0.20000,
,,,-0.00112799997,0.20000,
,,,-0.00112599996,0.24000,
,,,-0.00112399994,0.20000,
,,,-0.00112200005,0.24000,
,,,-0.00112000003,0.20000,
,,,-0.00111800001,0.24000,
,,,-0.00111600000,0.24000,
,,,-0.00111399998,0.20000,
,,,-0.00111199997,0.24000,
,,,-0.00110999995,0.24000,
,,,-0.00110800005,0.20000,
,,,-0.00110600004,0.24000,
,,,-0.00110400002,0.24000,
,,,-0.00110200001,0.24000,
,,,-0.00109999999,0.24000,
,,,-0.00109799998,0.20000,
,,,-0.00109599996,0.20000,
,,,-0.00109399995,0.20000,
,,,-0.00109200005,0.24000,
,,,-0.00109000003,0.20000,
,,,-0.00108800002,0.20000,
,,,-0.00108600000,0.20000,
,,,-0.00108399999,0.24000,
,,,-0.00108199997,0.20000,
,,,-0.00107999996,0.20000,
,,,-0.00107799994,0.24000,
,,,-0.00107600004,0.20000,
,,,-0.00107400003,0.20000,
,,,-0.00107200001,0.24000,
,,,-0.00107000000,0.24000,
,,,-0.00106799998,0.24000,
,,,-0.00106599997,0.20000,
,,,-0.00106399995,0.24000,
,,,-0.00106200005,0.20000,
,,,-0.00106000004,0.20000,
,,,-0.00105800002,0.20000,
,,,-0.00105600001,0.24000,
,,,-0.00105399999,0.20000,
,,,-0.00105199998,0.20000,
,,,-0.00104999996,0.20000,
,,,-0.00104799995,0.20000,
,,,-0.00104600005,0.20000,
,,,-0.00104400003,0.24000,
,,,-0.00104200002,0.24000,
,,,-0.00104000000,0.20000,
,,,-0.00103799999,0.24000,
,,,-0.00103599997,0.24000,
,,,-0.00103399996,0.20000,
,,,-0.00103199994,0.24000,
,,,-0.00103000004,0.20000,
,,,-0.00102800003,0.24000,
,,,-0.00102600001,0.20000,
,,,-0.00102400000,0.24000,
,,,-0.00102199998,0.24000,
,,,-0.00101999997,0.24000,
,,,-0.00101799995,0.24000,
,,,-0.00101600005,0.24000,
,,,-0.00101400004,0.24000,
,,,-0.00101200002,0.20000,
,,,-0.00101000001,0.20000,
,,,-0.00100799999,0.24000,
,,,-0.00100599998,0.40000,
,,,-0.00100399996,0.36000,
,,,-0.00100199995,0.36000,
,,,-0.00100000005,0.36000,
,,,-0.00099800003,0.36000,
,,,-0.00099600002,0.36000,
,,,-0.00099400000,0.36000,
,,,-0.00099199999,0.32000,
,,,-0.00098999997,0.36000,
,,,-0.00098799996,0.36000,
,,,-0.00098599994,0.36000,
,,,-0.00098400004,0.36000,
,,,-0.00098200003,0.36000,
,,,-0.00098000001,0.36000,
,,,-0.00097800000,0.40000,
,,,-0.00097599998,0.36000,
,,,-0.00097400002,0.36000,
,,,-0.00097200001,0.36000,
,,,-0.00096999999,0.40000,
,,,-0.00096799998,0.40000,
,,,-0.00096600002,0.40000,
,,,-0.00096400001,0.36000,
,,,-0.00096199999,0.36000,
,,,-0.00095999998,0.36000,
,,,-0.00095800002,0.36000,
,,,-0.00095600000,0.40000,
,,,-0.00095399999,0.32000,
,,,-0.00095199997,0.36000,
,,,-0.00095000002,0.40000,
,,,-0.00094800000,0.36000,
,,,-0.00094599999,0.40000,
,,,-0.00094399997,0.36000,
,,,-0.00094200001,0.36000,
,,,-0.00094000000,0.40000,
,,,-0.00093799998,0.36000,
,,,-0.00093600003,0.36000,
,,,-0.00093400001,0.36000,
,,,-0.00093200000,0.40000,
,,,-0.00092999998,0.40000,
,,,-0.00092800002,0.36000,
,,,-0.00092600001,0.36000,
,,,-0.00092399999,0.36000,
,,,-0.00092199998,0.36000,
,,,-0.00092000002,0.32000,
,,,-0.00091800001,0.36000,
,,,-0.00091599999,0.36000,
,,,-0.00091399997,0.36000,
,,,-0.00091200002,0.40000,
,,,-0.00091000000,0.32000,
,,,-0.00090799999,0.36000,
,,,-0.00090599997,0.36000,
,,,-0.00090400001,0.36000,
,,,-0.00090200000,0.36000,
,,,-0.00089999998,0.36000,
,,,-0.00089799997,0.32000,
,,,-0.00089600001,0.36000,
,,,-0.00089400000,0.36000,
,,,-0.00089199998,0.36000,
,,,-0.00089000002,0.40000,
,,,-0.00088800001,0.36000,
,,,-0.00088599999,0.36000,
,,,-0.00088399998,0.36000,
,,,-0.00088200002,0.40000,
,,,-0.00088000001,0.36000,
,,,-0.00087799999,0.48000,
,,,-0.00087599998,0.52000,
,,,-0.00087400002,0.52000,
,,,-0.00087200000,0.52000,
,,,-0.00086999999,0.52000,
,,,-0.00086799997,0.52000,
,,,-0.00086600002,0.52000,
,,,-0.00086400000,0.52000,
,,,-0.00086199999,0.52000,
,,,-0.00085999997,0.52000,
,,,-0.00085800001,0.48000,
,,,-0.00085600000,0.52000,
,,,-0.00085399998,0.48000,
,,,-0.00085200003,0.52000,
,,,-0.00085000001,0.52000,
,,,-0.00084800000,0.52000,
,,,-0.00084599998,0.56000,
,,,-0.00084400002,0.52000,
,,,-0.00084200001,0.52000,
,,,-0.00083999999,0.52000,
,,,-0.00083799998,0.52000,
,,,-0.00083600002,0.52000,
,,,-0.00083400001,0.52000,
,,,-0.00083199999,0.52000,
,,,-0.00082999998,0.52000,
,,,-0.00082800002,0.52000,
,,,-0.00082600000,0.52000,
,,,-0.00082399999,0.52000,
,,,-0.00082199997,0.52000,
,,,-0.00082000002,0.52000,
,,,-0.00081800000,0.52000,
,,,-0.00081599999,0.52000,
,,,-0.00081399997,0.56000,
,,,-0.00081200001,0.52000,
,,,-0.00081000000,0.52000,
,,,-0.00080799998,0.52000,
,,,-0.00080600003,0.52000,
,,,-0.00080400001,0.52000,
,,,-0.00080200000,0.52000,
,,,-0.00079999998,0.56000,
,,,-0.00079800002,0.52000,
,,,-0.00079600001,0.48000,
,,,-0.00079399999,0.52000,
,,,-0.00079199998,0.52000,
,,,-0.00079000002,0.52000,
,,,-0.00078800000,0.52000,
,,,-0.00078599999,0.52000,
,,,-0.00078399997,0.52000,
,,,-0.00078200002,0.52000,
,,,-0.00078000000,0.52000,
,,,-0.00077799999,0.52000,
,,,-0.00077599997,0.52000,
,,,-0.00077400001,0.52000,
,,,-0.00077200000,0.56000,
,,,-0.00076999998,0.52000,
,,,-0.00076800003,0.52000,
,,,-0.00076600001,0.52000,
,,,-0.00076400000,0.52000,
,,,-0.00076199998,0.52000,
,,,-0.00076000002,0.52000,
,,,-0.00075800001,0.52000,
,,,-0.00075599999,0.48000,
,,,-0.00075399998,0.64000,
,,,-0.00075200002,0.68000,
,,,-0.00075000001,0.68000,
,,,-0.00074799999,0.68000,
,,,-0.00074599998,0.68000,
,,,-0.00074400002,0.72000,
,,,-0.00074200000,0.68000,
,,,-0.00073999999,0.68000,
,,,-0.00073799997,0.68000,
,,,-0.00073600002,0.68000,
,,,-0.00073400000,0.68000,
,,,-0.00073199999,0.68000,
,,,-0.00072999997,0.64000,
,,,-0.00072800001,0.68000,
,,,-0.00072600000,0.64000,
,,,-0.00072399998,0.68000,
,,,-0.00072200003,0.68000,
,,,-0.00072000001,0.68000,
,,,-0.00071800000,0.68000,
,,,-0.00071599998,0.68000,
,,,-0.00071400002,0.68000,
,,,-0.00071200001,0.68000,
,,,-0.00070999999,0.68000,
,,,-0.00070799998,0.64000,
,,,-0.00070600002,0.68000,
,,,-0.00070400001,0.68000,
,,,-0.00070199999,0.68000,
,,,-0.00069999998,0.64000,
,,,-0.00069800002,0.68000,
,,,-0.00069600000,0.68000,
,,,-0.00069399999,0.64000,
,,,-0.00069199997,0.68000,
,,,-0.00069000002,0.64000,
,,,-0.00068800000,0.68000,
,,,-0.00068599998,0.68000,
,,,-0.00068399997,0.68000,
,,,-0.00068200001,0.64000,
,,,-0.00068000000,0.68000,
,,,-0.00067799998,0.68000,
,,,-0.00067600003,0.68000,
,,,-0.00067400001,0.68000,
,,,-0.00067199999,0.68000,
,,,-0.00066999998,0.64000,
,,,-0.00066800002,0.68000,
,,,-0.00066600001,0.64000,
,,,-0.00066399999,0.64000,
,,,-0.00066199998,0.68000,
,,,-0.00066000002,0.68000,
,,,-0.00065800000,0.68000,
,,,-0.00065599999,0.72000,
,,,-0.00065399997,0.68000,
,,,-0.00065200002,0.68000,
,,,-0.00065000000,0.68000,
,,,-0.00064799999,0.68000,
,,,-0.00064599997,0.68000,
,,,-0.00064400001,0.68000,
,,,-0.00064200000,0.68000,
,,,-0.00063999998,0.68000,
,,,-0.00063800003,0.68000,
,,,-0.00063600001,0.72000,
,,,-0.00063400000,0.68000,
,,,-0.00063199998,0.68000,
,,,-0.00063000002,0.80000,
,,,-0.00062800001,0.84000,
,,,-0.00062599999,0.80000,
,,,-0.00062399998,0.80000,
,,,-0.00062200002,0.84000,
,,,-0.00062000001,0.84000,
,,,-0.00061799999,0.80000,
,,,-0.00061599998,0.84000,
,,,-0.00061400002,0.84000,
,,,-0.00061200000,0.80000,
,,,-0.00060999999,0.80000,
,,,-0.00060799997,0.84000,
,,,-0.00060600002,0.84000,
,,,-0.00060400000,0.84000,
,,,-0.00060199999,0.84000,
,,,-0.00059999997,0.80000,
,,,-0.00059800001,0.84000,
,,,-0.00059600000,0.84000,
,,,-0.00059399998,0.80000,
,,,-0.00059200003,0.80000,
,,,-0.00059000001,0.84000,
,,,-0.00058800000,0.80000,
,,,-0.00058599998,0.84000,
,,,-0.00058400002,0.80000,
,,,-0.00058200001,0.80000,
,,,-0.00057999999,0.80000,
,,,-0.00057799998,0.80000,
,,,-0.00057600002,0.80000,
,,,-0.00057400001,0.84000,
,,,-0.00057199999,0.80000,
,,,-0.00056999997,0.84000,
,,,-0.00056800002,0.80000,
,,,-0.00056600000,0.84000,
,,,-0.00056399999,0.80000,
,,,-0.00056199997,0.84000,
,,,-0.00056000001,0.80000,
,,,-0.00055800000,0.80000,
,,,-0.00055599998,0.84000,
,,,-0.00055400003,0.84000,
,,,-0.00055200001,0.84000,
,,,-0.00055000000,0.88000,
,,,-0.00054799998,0.80000,
,,,-0.00054600002,0.84000,
,,,-0.00054400001,0.84000,
,,,-0.00054199999,0.80000,
,,,-0.00053999998,0.80000,
,,,-0.00053800002,0.84000,
,,,-0.00053600001,0.80000,
,,,-0.00053399999,0.84000,
,,,-0.00053199998,0.80000,
,,,-0.00053000002,0.80000,
,,,-0.00052800000,0.84000,
,,,-0.00052599999,0.84000,
,,,-0.00052399997,0.80000,
,,,-0.00052200002,0.84000,
,,,-0.00052000000,0.80000,
,,,-0.00051799999,0.84000,
,,,-0.00051599997,0.84000,
,,,-0.00051400001,0.84000,
,,,-0.00051200000,0.80000,
,,,-0.00050999998,0.80000,
,,,-0.00050800003,0.80000,
,,,-0.00050600001,0.92000,
,,,-0.00050400000,1.00000,
,,,-0.00050199998,1.00000,
,,,-0.00050000002,1.00000,
,,,-0.00049800001,1.00000,
,,,-0.00049599999,1.00000,
,,,-0.00049399998,0.96000,
,,,-0.00049200002,1.00000,
,,,-0.00049000001,1.00000,
,,,-0.00048799999,1.00000,
,,,-0.00048600000,1.00000,
,,,-0.00048399999,1.00000,
,,,-0.00048200000,0.96000,
,,,-0.00047999999,0.96000,
,,,-0.00047800000,1.00000,
,,,-0.00047599999,0.96000,
,,,-0.00047400000,1.00000,
,,,-0.00047199999,0.96000,
,,,-0.00047000000,1.00000,
,,,-0.00046800001,1.00000,
,,,-0.00046600000,0.96000,
,,,-0.00046400001,1.00000,
,,,-0.00046200000,0.96000,
,,,-0.00046000001,0.96000,
,,,-0.00045799999,0.96000,
,,,-0.00045600001,0.96000,
,,,-0.00045399999,0.96000,
,,,-0.00045200001,0.96000,
,,,-0.00044999999,1.00000,
,,,-0.00044800001,1.00000,
,,,-0.00044599999,1.00000,
,,,-0.00044400000,1.00000,
,,,-0.00044199999,1.00000,
,,,-0.00044000000,0.96000,
,,,-0.00043799999,0.96000,
,,,-0.00043600000,1.00000,
,,,-0.00043399999,1.00000,
,,,-0.00043200000,1.00000,
,,,-0.00042999999,1.00000,
,,,-0.00042800000,1.00000,
,,,-0.00042600001,1.00000,
,,,-0.00042400000,1.08000,
,,,-0.00042200001,0.96000,
,,,-0.00042000000,0.96000,
,,,-0.00041800001,0.96000,
,,,-0.00041600000,1.00000,
,,,-0.00041400001,0.96000,
,,,-0.00041199999,1.00000,
,,,-0.00041000001,0.96000,
,,,-0.00040799999,0.96000,
,,,-0.00040600001,0.96000,
,,,-0.00040399999,1.00000,
,,,-0.00040200001,1.00000,
,,,-0.00039999999,0.96000,
,,,-0.00039800000,0.96000,
,,,-0.00039599999,0.96000,
,,,-0.00039400000,0.96000,
,,,-0.00039199999,0.96000,
,,,-0.00039000000,1.00000,
,,,-0.00038799999,1.00000,
,,,-0.00038600000,1.00000,
,,,-0.00038400001,0.96000,
,,,-0.00038200000,1.08000,
,,,-0.00038000001,1.16000,
,,,-0.00037800000,1.16000,
,,,-0.00037600001,1.16000,
,,,-0.00037400000,1.16000,
,,,-0.00037200001,1.16000,
,,,-0.00036999999,1.12000,
,,,-0.00036800001,1.20000,
,,,-0.00036599999,1.16000,
,,,-0.00036400001,1.16000,
,,,-0.00036199999,1.16000,
,,,-0.00036000001,1.16000,
,,,-0.00035799999,1.16000,
,,,-0.00035600000,1.16000,
,,,-0.00035399999,1.16000,
,,,-0.00035200000,1.20000,
,,,-0.00034999999,1.16000,
,,,-0.00034800000,1.16000,
,,,-0.00034599999,1.16000,
,,,-0.00034400000,1.16000,
,,,-0.00034199998,1.16000,
,,,-0.00034000000,1.20000,
,,,-0.00033800001,1.16000,
,,,-0.00033600000,1.16000,
,,,-0.00033400001,1.16000,
,,,-0.00033200000,1.16000,
,,,-0.00033000001,1.16000,
,,,-0.00032799999,1.16000,
,,,-0.00032600001,1.16000,
,,,-0.00032399999,1.16000,
,,,-0.00032200001,1.16000,
,,,-0.00031999999,1.16000,
,,,-0.00031800001,1.16000,
,,,-0.00031599999,1.16000,
,,,-0.00031400000,1.16000,
,,,-0.00031199999,1.16000,
,,,-0.00031000000,1.16000,
,,,-0.00030799999,1.16000,
,,,-0.00030600000,1.16000,
,,,-0.00030399999,1.16000,
,,,-0.00030200000,1.16000,
,,,-0.00029999999,1.16000,
,,,-0.00029800000,1.16000,
,,,-0.00029600001,1.16000,
,,,-0.00029400000,1.16000,
,,,-0.00029200001,1.16000,
,,,-0.00029000000,1.16000,
,,,-0.00028800001,1.16000,
,,,-0.00028599999,1.16000,
,,,-0.00028400001,1.16000,
,,,-0.00028199999,1.20000,
,,,-0.00028000001,1.16000,
,,,-0.00027799999,1.16000,
,,,-0.00027600001,1.16000,
,,,-0.00027399999,1.12000,
,,,-0.00027200000,1.20000,
,,,-0.00026999999,1.20000,
,,,-0.00026800000,1.16000,
,,,-0.00026599999,1.16000,
,,,-0.00026400000,1.16000,
,,,-0.00026199999,1.16000,
,,,-0.00026000000,1.16000,
,,,-0.00025799999,1.16000,
,,,-0.00025600000,1.32000,
,,,-0.00025400001,1.32000,
,,,-0.00025200000,1.32000,
,,,-0.00025000001,1.32000,
,,,-0.00024800000,1.32000,
,,,-0.00024600001,1.32000,
,,,-0.00024400000,1.32000,
,,,-0.00024199999,1.32000,
,,,-0.00023999999,1.32000,
,,,-0.00023799999,1.32000,
,,,-0.00023599999,1.32000,
,,,-0.00023400001,1.32000,
,,,-0.00023200001,1.32000,
,,,-0.00023000001,1.32000,
,,,-0.00022800000,1.32000,
,,,-0.00022600000,1.32000,
,,,-0.00022400000,1.32000,
,,,-0.00022200000,1.32000,
,,,-0.00022000000,1.32000,
,,,-0.00021800000,1.32000,
,,,-0.00021600000,1.32000,
,,,-0.00021400000,1.32000,
,,,-0.00021200000,1.32000,
,,,-0.00021000000,1.32000,
,,,-0.00020800000,1.32000,
,,,-0.00020600000,1.32000,
,,,-0.00020400000,1.32000,
,,,-0.00020200000,1.32000,
,,,-0.00019999999,1.32000,
,,,-0.00019799999,1.32000,
,,,-0.00019599999,1.32000,
,,,-0.00019399999,1.32000,
,,,-0.00019200001,1.32000,
,,,-0.00019000001,1.32000,
,,,-0.00018800001,1.32000,
,,,-0.00018600000,1.32000,
,,,-0.00018400000,1.36000,
,,,-0.00018200000,1.32000,
,,,-0.00018000000,1.32000,
,,,-0.00017800000,1.32000,
,,,-0.00017600000,1.32000,
,,,-0.00017400000,1.36000,
,,,-0.00017200000,1.32000,
,,,-0.00017000000,1.32000,
,,,-0.00016800000,1.32000,
,,,-0.00016600000,1.32000,
,,,-0.00016400000,1.32000,
,,,-0.00016200000,1.32000,
,,,-0.00016000000,1.32000,
,,,-0.00015800000,1.32000,
,,,-0.00015599999,1.32000,
,,,-0.00015399999,1.28000,
,,,-0.00015199999,1.32000,
,,,-0.00014999999,1.32000,
,,,-0.00014800001,1.32000,
,,,-0.00014600001,1.32000,
,,,-0.00014400001,1.32000,
,,,-0.00014200000,1.32000,
,,,-0.00014000000,1.32000,
,,,-0.00013800000,1.32000,
,,,-0.00013600000,1.32000,
,,,-0.00013400000,1.32000,
,,,-0.00013200000,1.44000,
,,,-0.00013000000,1.48000,
,,,-0.00012800000,1.48000,
,,,-0.00012600000,1.44000,
,,,-0.00012400000,1.48000,
,,,-0.00012200000,1.48000,
,,,-0.00012000000,1.48000,
,,,-0.00011800000,1.48000,
,,,-0.00011600000,1.48000,
,,,-0.00011400000,1.44000,
,,,-0.00011200000,1.48000,
,,,-0.00011000000,1.44000,
,,,-0.00010800000,1.48000,
,,,-0.00010600000,1.48000,
,,,-0.00010400000,1.48000,
,,,-0.00010200000,1.48000,
,,,-0.00010000000,1.44000,
,,,-0.00009800000,1.48000,
,,,-0.00009600000,1.44000,
,,,-0.00009400000,1.44000,
,,,-0.00009200000,1.48000,
,,,-0.00009000000,1.44000,
,,,-0.00008800000,1.44000,
,,,-0.00008600000,1.48000,
,,,-0.00008400000,1.44000,
,,,-0.00008200000,1.48000,
,,,-0.00008000000,1.48000,
,,,-0.00007800000,1.48000,
,,,-0.00007600000,1.44000,
,,,-0.00007400000,1.48000,
,,,-0.00007200000,1.44000,
,,,-0.00007000000,1.48000,
,,,-0.00006800000,1.44000,
,,,-0.00006600000,1.48000,
,,,-0.00006400000,1.48000,
,,,-0.00006200000,1.48000,
,,,-0.00006000000,1.44000,
,,,-0.00005800000,1.48000,
,,,-0.00005600000,1.48000,
,,,-0.00005400000,1.48000,
,,,-0.00005200000,1.44000,
,,,-0.00005000000,1.48000,
,,,-0.00004800000,1.48000,
,,,-0.00004600000,1.44000,
,,,-0.00004400000,1.52000,
,,,-0.00004200000,1.48000,
,,,-0.00004000000,1.48000,
,,,-0.00003800000,1.48000,
,,,-0.00003600000,1.48000,
,,,-0.00003400000,1.48000,
,,,-0.00003200000,1.44000,
,,,-0.00003000000,1.48000,
,,,-0.00002800000,1.48000,
,,,-0.00002600000,1.48000,
,,,-0.00002400000,1.48000,
,,,-0.00002200000,1.48000,
,,,-0.00002000000,1.48000,
,,,-0.00001800000,1.44000,
,,,-0.00001600000,1.48000,
,,,-0.00001400000,1.44000,
,,,-0.00001200000,1.44000,
,,,-0.00001000000,1.48000,
,,,-0.00000800000,1.56000,
,,,-0.00000600000,1.60000,
,,,-0.00000400000,1.60000,
,,,-0.00000200000,1.60000,
,,, 0.00000000000,1.56000,
,,, 0.00000200000,1.64000,
,,, 0.00000400000,1.60000,
,,, 0.00000600000,1.64000,
,,, 0.00000800000,1.60000,
,,, 0.00001000000,1.64000,
,,, 0.00001200000,1.64000,
,,, 0.00001400000,1.64000,
,,, 0.00001600000,1.60000,
,,, 0.00001800000,1.64000,
,,, 0.00002000000,1.64000,
,,, 0.00002200000,1.64000,
,,, 0.00002400000,1.60000,
,,, 0.00002600000,1.64000,
,,, 0.00002800000,1.64000,
,,, 0.00003000000,1.60000,
,,, 0.00003200000,1.60000,
,,, 0.00003400000,1.60000,
,,, 0.00003600000,1.64000,
,,, 0.00003800000,1.64000,
,,, 0.00004000000,1.60000,
,,, 0.00004200000,1.64000,
,,, 0.00004400000,1.64000,
,,, 0.00004600000,1.60000,
,,, 0.00004800000,1.64000,
,,, 0.00005000000,1.60000,
,,, 0.00005200000,1.60000,
,,, 0.00005400000,1.60000,
,,, 0.00005600000,1.64000,
,,, 0.00005800000,1.56000,
,,, 0.00006000000,1.60000,
,,, 0.00006200000,1.64000,
,,, 0.00006400000,1.60000,
,,, 0.00006600000,1.60000,
,,, 0.00006800000,1.60000,
,,, 0.00007000000,1.64000,
,,, 0.00007200000,1.60000,
,,, 0.00007400000,1.60000,
,,, 0.00007600000,1.64000,
,,, 0.00007800000,1.60000,
,,, 0.00008000000,1.60000,
,,, 0.00008200000,1.60000,
,,, 0.00008400000,1.60000,
,,, 0.00008600000,1.60000,
,,, 0.00008800000,1.64000,
,,, 0.00009000000,1.64000,
,,, 0.00009200000,1.60000,
,,, 0.00009400000,1.60000,
,,, 0.00009600000,1.64000,
,,, 0.00009800000,1.64000,
,,, 0.00010000000,1.64000,
,,, 0.00010200000,1.60000,
,,, 0.00010400000,1.60000,
,,, 0.00010600000,1.60000,
,,, 0.00010800000,1.64000,
,,, 0.00011000000,1.60000,
,,, 0.00011200000,1.64000,
,,, 0.00011400000,1.60000,
,,, 0.00011600000,1.60000,
,,, 0.00011800000,1.64000,
,,, 0.00012000000,1.64000,
,,, 0.00012200000,1.76000,
,,, 0.00012400000,1.76000,
,,, 0.00012600000,1.76000,
,,, 0.00012800000,1.76000,
,,, 0.00013000000,1.80000,
,,, 0.00013200000,1.76000,
,,, 0.00013400000,1.76000,
,,, 0.00013600000,1.76000,
,,, 0.00013800000,1.76000,
,,, 0.00014000000,1.76000,
,,, 0.00014200000,1.80000,
,,, 0.00014400001,1.76000,
,,, 0.00014600001,1.80000,
,,, 0.00014800001,1.76000,
,,, 0.00014999999,1.80000,
,,, 0.00015199999,1.80000,
,,, 0.00015399999,1.76000,
,,, 0.00015599999,1.80000,
,,, 0.00015800000,1.76000,
,,, 0.00016000000,1.76000,
,,, 0.00016200000,1.76000,
,,, 0.00016400000,1.76000,
,,, 0.00016600000,1.76000,
,,, 0.00016800000,1.80000,
,,, 0.00017000000,1.76000,
,,, 0.00017200000,1.76000,
,,, 0.00017400000,1.76000,
,,, 0.00017600000,1.80000,
,,, 0.00017800000,1.76000,
,,, 0.00018000000,1.76000,
,,, 0.00018200000,1.76000,
,,, 0.00018400000,1.76000,
,,, 0.00018600000,1.76000,
,,, 0.00018800001,1.80000,
,,, 0.00019000001,1.80000,
,,, 0.00019200001,1.72000,
,,, 0.00019399999,1.76000,
,,, 0.00019599999,1.80000,
,,, 0.00019799999,1.76000,
,,, 0.00019999999,1.76000,
,,, 0.00020200000,1.80000,
,,, 0.00020400000,1.76000,
,,, 0.00020600000,1.80000,
,,, 0.00020800000,1.76000,
,,, 0.00021000000,1.80000,
,,, 0.00021200000,1.80000,
,,, 0.00021400000,1.80000,
,,, 0.00021600000,1.76000,
,,, 0.00021800000,1.80000,
,,, 0.00022000000,1.80000,
,,, 0.00022200000,1.76000,
,,, 0.00022400000,1.80000,
,,, 0.00022600000,1.76000,
,,, 0.00022800000,1.76000,
,,, 0.00023000001,1.80000,
,,, 0.00023200001,1.72000,
,,, 0.00023400001,1.80000,
,,, 0.00023599999,1.76000,
,,, 0.00023799999,1.76000,
,,, 0.00023999999,1.72000,
,,, 0.00024199999,1.76000,
,,, 0.00024400000,1.76000,
,,, 0.00024600001,1.88000,
,,, 0.00024800000,1.92000,
,,, 0.00025000001,1.92000,
,,, 0.00025200000,1.92000,
,,, 0.00025400001,1.92000,
,,, 0.00025600000,1.92000,
,,, 0.00025799999,1.92000,
,,, 0.00026000000,1.92000,
,,, 0.00026199999,1.96000,
,,, 0.00026400000,1.92000,
,,, 0.00026599999,1.92000,
,,, 0.00026800000,1.88000,
,,, 0.00026999999,1.96000,
,,, 0.00027200000,1.96000,
,,, 0.00027399999,1.96000,
,,, 0.00027600001,1.96000,
,,, 0.00027799999,1.96000,
,,, 0.00028000001,1.96000,
,,, 0.00028199999,1.92000,
,,, 0.00028400001,1.96000,
,,, 0.00028599999,1.96000,
,,, 0.00028800001,1.92000,
,,, 0.00029000000,1.92000,
,,, 0.00029200001,1.96000,
,,, 0.00029400000,1.92000,
,,, 0.00029600001,1.96000,
,,, 0.00029800000,1.92000,
,,, 0.00029999999,1.96000,
,,, 0.00030200000,1.92000,
,,, 0.00030399999,1.92000,
,,, 0.00030600000,1.88000,
,,, 0.00030799999,1.92000,
,,, 0.00031000000,1.92000,
,,, 0.00031199999,1.92000,
,,, 0.00031400000,1.92000,
,,, 0.00031599999,1.92000,
,,, 0.00031800001,1.88000,
,,, 0.00031999999,1.96000,
,,, 0.00032200001,1.96000,
,,, 0.00032399999,1.92000,
,,, 0.00032600001,1.92000,
,,, 0.00032799999,1.92000,
,,, 0.00033000001,1.92000,
,,, 0.00033200000,1.92000,
,,, 0.00033400001,1.92000,
,,, 0.00033600000,1.92000,
,,, 0.00033800001,1.92000,
,,, 0.00034000000,1.92000,
,,, 0.00034199998,1.92000,
,,, 0.00034400000,1.96000,
,,, 0.00034599999,1.96000,
,,, 0.00034800000,1.92000,
,,, 0.00034999999,1.92000,
,,, 0.00035200000,1.92000,
,,, 0.00035399999,1.92000,
,,, 0.00035600000,1.88000,
,,, 0.00035799999,1.92000,
,,, 0.00036000001,1.92000,
,,, 0.00036199999,1.92000,
,,, 0.00036400001,1.92000,
,,, 0.00036599999,1.92000,
,,, 0.00036800001,1.88000,
,,, 0.00036999999,2.04000,
,,, 0.00037200001,2.04000,
,,, 0.00037400000,2.08000,
,,, 0.00037600001,2.08000,
,,, 0.00037800000,2.04000,
,,, 0.00038000001,2.08000,
,,, 0.00038200000,2.08000,
,,, 0.00038400001,2.08000,
,,, 0.00038600000,2.08000,
,,, 0.00038799999,2.08000,
,,, 0.00039000000,2.08000,
,,, 0.00039199999,2.08000,
,,, 0.00039400000,2.08000,
,,, 0.00039599999,2.08000,
,,, 0.00039800000,2.08000,
,,, 0.00039999999,2.12000,
,,, 0.00040200001,2.08000,
,,, 0.00040399999,2.08000,
,,, 0.00040600001,2.04000,
,,, 0.00040799999,2.08000,
,,, 0.00041000001,2.04000,
,,, 0.00041199999,2.08000,
,,, 0.00041400001,2.08000,
,,, 0.00041600000,2.04000,
,,, 0.00041800001,2.08000,
,,, 0.00042000000,2.08000,
,,, 0.00042200001,2.04000,
,,, 0.00042400000,2.08000,
,,, 0.00042600001,2.08000,
,,, 0.00042800000,2.04000,
,,, 0.00042999999,2.04000,
,,, 0.00043200000,2.04000,
,,, 0.00043399999,2.04000,
,,, 0.00043600000,2.08000,
,,, 0.00043799999,2.04000,
,,, 0.00044000000,2.04000,
,,, 0.00044199999,2.08000,
,,, 0.00044400000,2.08000,
,,, 0.00044599999,2.08000,
,,, 0.00044800001,2.08000,
,,, 0.00044999999,2.04000,
,,, 0.00045200001,2.04000,
,,, 0.00045399999,2.04000,
,,, 0.00045600001,2.08000,
,,, 0.00045799999,2.08000,
,,, 0.00046000001,2.08000,
,,, 0.00046200000,2.04000,
,,, 0.00046400001,2.08000,
,,, 0.00046600000,2.04000,
,,, 0.00046800001,2.04000,
,,, 0.00047000000,2.04000,
,,, 0.00047199999,2.04000,
,,, 0.00047400000,2.08000,
,,, 0.00047599999,2.08000,
,,, 0.00047800000,2.08000,
,,, 0.00047999999,2.08000,
,,, 0.00048200000,2.04000,
,,, 0.00048399999,2.12000,
,,, 0.00048600000,2.08000,
,,, 0.00048799999,2.08000,
,,, 0.00049000001,2.08000,
,,, 0.00049200002,2.08000,
,,, 0.00049399998,2.20000,
,,, 0.00049599999,2.24000,
,,, 0.00049800001,2.28000,
,,, 0.00050000002,2.24000,
,,, 0.00050199998,2.24000,
,,, 0.00050400000,2.20000,
,,, 0.00050600001,2.24000,
,,, 0.00050800003,2.20000,
,,, 0.00050999998,2.24000,
,,, 0.00051200000,2.24000,
,,, 0.00051400001,2.20000,
,,, 0.00051599997,2.24000,
,,, 0.00051799999,2.20000,
,,, 0.00052000000,2.24000,
,,, 0.00052200002,2.24000,
,,, 0.00052399997,2.24000,
,,, 0.00052599999,2.24000,
,,, 0.00052800000,2.20000,
,,, 0.00053000002,2.24000,
,,, 0.00053199998,2.20000,
,,, 0.00053399999,2.24000,
,,, 0.00053600001,2.24000,
,,, 0.00053800002,2.24000,
,,, 0.00053999998,2.20000,
,,, 0.00054199999,2.24000,
,,, 0.00054400001,2.20000,
,,, 0.00054600002,2.20000,
,,, 0.00054799998,2.20000,
,,, 0.00055000000,2.24000,
,,, 0.00055200001,2.20000,
,,, 0.00055400003,2.20000,
,,, 0.00055599998,2.24000,
,,, 0.00055800000,2.20000,
,,, 0.00056000001,2.20000,
,,, 0.00056199997,2.20000,
,,, 0.00056399999,2.24000,
,,, 0.00056600000,2.24000,
,,, 0.00056800002,2.24000,
,,, 0.00056999997,2.20000,
,,, 0.00057199999,2.20000,
,,, 0.00057400001,2.24000,
,,, 0.00057600002,2.20000,
,,, 0.00057799998,2.24000,
,,, 0.00057999999,2.20000,
,,, 0.00058200001,2.20000,
,,, 0.00058400002,2.24000,
,,, 0.00058599998,2.24000,
,,, 0.00058800000,2.24000,
,,, 0.00059000001,2.20000,
,,, 0.00059200003,2.24000,
,,, 0.00059399998,2.20000,
,,, 0.00059600000,2.20000,
,,, 0.00059800001,2.24000,
,,, 0.00059999997,2.24000,
,,, 0.00060199999,2.20000,
,,, 0.00060400000,2.20000,
,,, 0.00060600002,2.20000,
,,, 0.00060799997,2.28000,
,,, 0.00060999999,2.24000,
,,, 0.00061200000,2.20000,
,,, 0.00061400002,2.20000,
,,, 0.00061599998,2.24000,
,,, 0.00061799999,2.28000,
,,, 0.00062000001,2.36000,
,,, 0.00062200002,2.36000,
,,, 0.00062399998,2.36000,
,,, 0.00062599999,2.40000,
,,, 0.00062800001,2.36000,
,,, 0.00063000002,2.40000,
,,, 0.00063199998,2.36000,
,,, 0.00063400000,2.36000,
,,, 0.00063600001,2.36000,
,,, 0.00063800003,2.40000,
,,, 0.00063999998,2.36000,
,,, 0.00064200000,2.36000,
,,, 0.00064400001,2.36000,
,,, 0.00064599997,2.40000,
,,, 0.00064799999,2.40000,
,,, 0.00065000000,2.36000,
,,, 0.00065200002,2.36000,
,,, 0.00065399997,2.40000,
,,, 0.00065599999,2.40000,
,,, 0.00065800000,2.40000,
,,, 0.00066000002,2.36000,
,,, 0.00066199998,2.36000,
,,, 0.00066399999,2.40000,
,,, 0.00066600001,2.36000,
,,, 0.00066800002,2.36000,
,,, 0.00066999998,2.36000,
,,, 0.00067199999,2.36000,
,,, 0.00067400001,2.36000,
,,, 0.00067600003,2.36000,
,,, 0.00067799998,2.40000,
,,, 0.00068000000,2.36000,
,,, 0.00068200001,2.36000,
,,, 0.00068399997,2.36000,
,,, 0.00068599998,2.40000,
,,, 0.00068800000,2.40000,
,,, 0.00069000002,2.36000,
,,, 0.00069199997,2.40000,
,,, 0.00069399999,2.36000,
,,, 0.00069600000,2.36000,
,,, 0.00069800002,2.40000,
,,, 0.00069999998,2.40000,
,,, 0.00070199999,2.36000,
,,, 0.00070400001,2.36000,
,,, 0.00070600002,2.40000,
,,, 0.00070799998,2.40000,
,,, 0.00070999999,2.40000,
,,, 0.00071200001,2.36000,
,,, 0.00071400002,2.36000,
,,, 0.00071599998,2.36000,
,,, 0.00071800000,2.40000,
,,, 0.00072000001,2.36000,
,,, 0.00072200003,2.40000,
,,, 0.00072399998,2.40000,
,,, 0.00072600000,2.36000,
,,, 0.00072800001,2.40000,
,,, 0.00072999997,2.36000,
,,, 0.00073199999,2.40000,
,,, 0.00073400000,2.36000,
,,, 0.00073600002,2.40000,
,,, 0.00073799997,2.36000,
,,, 0.00073999999,2.36000,
,,, 0.00074200000,2.40000,
,,, 0.00074400002,2.52000,
,,, 0.00074599998,2.52000,
,,, 0.00074799999,2.56000,
,,, 0.00075000001,2.52000,
,,, 0.00075200002,2.52000,
,,, 0.00075399998,2.52000,
,,, 0.00075599999,2.52000,
,,, 0.00075800001,2.52000,
,,, 0.00076000002,2.52000,
,,, 0.00076199998,2.52000,
,,, 0.00076400000,2.52000,
,,, 0.00076600001,2.52000,
,,, 0.00076800003,2.52000,
,,, 0.00076999998,2.52000,
,,, 0.00077200000,2.52000,
,,, 0.00077400001,2.52000,
,,, 0.00077599997,2.52000,
,,, 0.00077799999,2.56000,
,,, 0.00078000000,2.52000,
,,, 0.00078200002,2.52000,
,,, 0.00078399997,2.52000,
,,, 0.00078599999,2.52000,
,,, 0.00078800000,2.52000,
,,, 0.00079000002,2.52000,
,,, 0.00079199998,2.52000,
,,, 0.00079399999,2.52000,
,,, 0.00079600001,2.56000,
,,, 0.00079800002,2.52000,
,,, 0.00079999998,2.52000,
,,, 0.00080200000,2.52000,
,,, 0.00080400001,2.52000,
,,, 0.00080600003,2.52000,
,,, 0.00080799998,2.52000,
,,, 0.00081000000,2.52000,
,,, 0.00081200001,2.52000,
,,, 0.00081399997,2.52000,
,,, 0.00081599999,2.52000,
,,, 0.00081800000,2.52000,
,,, 0.00082000002,2.52000,
,,, 0.00082199997,2.52000,
,,, 0.00082399999,2.56000,
,,, 0.00082600000,2.52000,
,,, 0.00082800002,2.52000,
,,, 0.00082999998,2.52000,
,,, 0.00083199999,2.56000,
,,, 0.00083400001,2.52000,
,,, 0.00083600002,2.52000,
,,, 0.00083799998,2.52000,
,,, 0.00083999999,2.52000,
,,, 0.00084200001,2.52000,
,,, 0.00084400002,2.52000,
,,, 0.00084599998,2.52000,
,,, 0.00084800000,2.52000,
,,, 0.00085000001,2.52000,
,,, 0.00085200003,2.52000,
,,, 0.00085399998,2.52000,
,,, 0.00085600000,2.52000,
,,, 0.00085800001,2.52000,
,,, 0.00085999997,2.52000,
,,, 0.00086199999,2.52000,
,,, 0.00086400000,2.52000,
,,, 0.00086600002,2.52000,
,,, 0.00086799997,2.68000,
,,, 0.00086999999,2.68000,
,,, 0.00087200000,2.68000,
,,, 0.00087400002,2.68000,
,,, 0.00087599998,2.68000,
,,, 0.00087799999,2.72000,
,,, 0.00088000001,2.68000,
,,, 0.00088200002,2.68000,
,,, 0.00088399998,2.68000,
,,, 0.00088599999,2.68000,
,,, 0.00088800001,2.68000,
,,, 0.00089000002,2.68000,
,,, 0.00089199998,2.72000,
,,, 0.00089400000,2.68000,
,,, 0.00089600001,2.68000,
,,, 0.00089799997,2.68000,
,,, 0.00089999998,2.68000,
,,, 0.00090200000,2.68000,
,,, 0.00090400001,2.68000,
,,, 0.00090599997,2.68000,
,,, 0.00090799999,2.68000,
,,, 0.00091000000,2.68000,
,,, 0.00091200002,2.68000,
,,, 0.00091399997,2.68000,
,,, 0.00091599999,2.68000,
,,, 0.00091800001,2.68000,
,,, 0.00092000002,2.68000,
,,, 0.00092199998,2.68000,
,,, 0.00092399999,2.68000,
,,, 0.00092600001,2.68000,
,,, 0.00092800002,2.68000,
,,, 0.00092999998,2.68000,
,,, 0.00093200000,2.68000,
,,, 0.00093400001,2.68000,
,,, 0.00093600003,2.68000,
,,, 0.00093799998,2.68000,
,,, 0.00094000000,2.68000,
,,, 0.00094200001,2.68000,
,,, 0.00094399997,2.68000,
,,, 0.00094599999,2.68000,
,,, 0.00094800000,2.68000,
,,, 0.00095000002,2.68000,
,,, 0.00095199997,2.68000,
,,, 0.00095399999,2.68000,
,,, 0.00095600000,2.68000,
,,, 0.00095800002,2.68000,
,,, 0.00095999998,2.68000,
,,, 0.00096199999,2.68000,
,,, 0.00096400001,2.68000,
,,, 0.00096600002,2.68000,
,,, 0.00096799998,2.68000,
,,, 0.00096999999,2.68000,
,,, 0.00097200001,2.68000,
,,, 0.00097400002,2.68000,
,,, 0.00097599998,2.68000,
,,, 0.00097800000,2.68000,
,,, 0.00098000001,2.68000,
,,, 0.00098200003,2.68000,
,,, 0.00098400004,2.68000,
,,, 0.00098599994,2.68000,
,,, 0.00098799996,2.68000,
,,, 0.00098999997,2.72000,
,,, 0.00099199999,2.80000,
,,, 0.00099400000,2.84000,
,,, 0.00099600002,2.84000,
,,, 0.00099800003,2.84000,
,,, 0.00100000005,2.84000,
,,, 0.00100199995,2.84000,
,,, 0.00100399996,2.84000,
,,, 0.00100599998,2.84000,
,,, 0.00100799999,2.84000,
,,, 0.00101000001,2.80000,
,,, 0.00101200002,2.84000,
,,, 0.00101400004,2.84000,
,,, 0.00101600005,2.84000,
,,, 0.00101799995,2.84000,
,,, 0.00101999997,2.84000,
,,, 0.00102199998,2.84000,
,,, 0.00102400000,2.84000,
,,, 0.00102600001,2.84000,
,,, 0.00102800003,2.84000,
,,, 0.00103000004,2.84000,
,,, 0.00103199994,2.84000,
,,, 0.00103399996,2.84000,
,,, 0.00103599997,2.84000,
,,, 0.00103799999,2.84000,
,,, 0.00104000000,2.84000,
,,, 0.00104200002,2.84000,
,,, 0.00104400003,2.84000,
,,, 0.00104600005,2.84000,
,,, 0.00104799995,2.84000,
,,, 0.00104999996,2.84000,
,,, 0.00105199998,2.84000,
,,, 0.00105399999,2.84000,
,,, 0.00105600001,2.84000,
,,, 0.00105800002,2.84000,
,,, 0.00106000004,2.84000,
,,, 0.00106200005,2.84000,
,,, 0.00106399995,2.84000,
,,, 0.00106599997,2.84000,
,,, 0.00106799998,2.84000,
,,, 0.00107000000,2.84000,
,,, 0.00107200001,2.84000,
,,, 0.00107400003,2.84000,
,,, 0.00107600004,2.84000,
,,, 0.00107799994,2.84000,
,,, 0.00107999996,2.84000,
,,, 0.00108199997,2.84000,
,,, 0.00108399999,2.84000,
,,, 0.00108600000,2.84000,
,,, 0.00108800002,2.84000,
,,, 0.00109000003,2.84000,
,,, 0.00109200005,2.84000,
,,, 0.00109399995,2.84000,
,,, 0.00109599996,2.84000,
,,, 0.00109799998,2.84000,
,,, 0.00109999999,2.84000,
,,, 0.00110200001,2.84000,
,,, 0.00110400002,2.84000,
,,, 0.00110600004,2.84000,
,,, 0.00110800005,2.84000,
,,, 0.00110999995,2.84000,
,,, 0.00111199997,2.84000,
,,, 0.00111399998,2.84000,
,,, 0.00111600000,2.84000,
,,, 0.00111800001,2.84000,
,,, 0.00112000003,2.84000,
,,, 0.00112200005,2.96000,
,,, 0.00112399994,3.00000,
,,, 0.00112599996,3.00000,
,,, 0.00112799997,3.00000,
,,, 0.00112999999,3.00000,
,,, 0.00113200000,3.00000,
,,, 0.00113400002,3.00000,
,,, 0.00113600004,3.00000,
,,, 0.00113800005,3.00000,
,,, 0.00113999995,2.96000,
,,, 0.00114199996,3.00000,
,,, 0.00114399998,3.00000,
,,, 0.00114600000,3.00000,
,,, 0.00114800001,3.00000,
,,, 0.00115000003,3.00000,
,,, 0.00115200004,3.00000,
,,, 0.00115399994,3.00000,
,,, 0.00115599995,3.00000,
,,, 0.00115799997,3.00000,
,,, 0.00115999999,3.00000,
,,, 0.00116200000,3.00000,
,,, 0.00116400002,3.00000,
,,, 0.00116600003,3.00000,
,,, 0.00116800005,3.00000,
,,, 0.00116999994,3.00000,
,,, 0.00117199996,3.00000,
,,, 0.00117399998,3.00000,
,,, 0.00117599999,3.00000,
,,, 0.00117800001,3.00000,
,,, 0.00118000002,3.00000,
,,, 0.00118200004,3.00000,
,,, 0.00118400005,2.96000,
,,, 0.00118599995,3.00000,
,,, 0.00118799997,3.00000,
,,, 0.00118999998,3.00000,
,,, 0.00119200000,3.00000,
,,, 0.00119400001,3.00000,
,,, 0.00119600003,3.00000,
,,, 0.00119800004,3.00000,
,,, 0.00119999994,3.00000,
,,, 0.00120199996,3.00000,
,,, 0.00120399997,2.96000,
,,, 0.00120599999,3.00000,
,,, 0.00120800000,3.00000,
,,, 0.00121000002,3.00000,
,,, 0.00121200003,3.00000,
,,, 0.00121400005,2.96000,
,,, 0.00121599995,3.00000,
,,, 0.00121799996,3.00000,
,,, 0.00121999998,3.00000,
,,, 0.00122199999,3.00000,
,,, 0.00122400001,3.00000,
,,, 0.00122600002,3.00000,
,,, 0.00122800004,3.00000,
,,, 0.00123000005,3.00000,
,,, 0.00123199995,3.00000,
,,, 0.00123399997,3.00000,
,,, 0.00123599998,3.00000,
,,, 0.00123800000,3.00000,
,,, 0.00124000001,2.96000,
,,, 0.00124200003,3.00000,
,,, 0.00124400004,3.00000,
,,, 0.00124599994,3.20000,
,,, 0.00124799996,3.20000,
,,, 0.00124999997,3.20000,
,,, 0.00125199999,3.20000,
,,, 0.00125400000,3.16000,
,,, 0.00125600002,3.20000,
,,, 0.00125800003,3.20000,
,,, 0.00126000005,3.20000,
,,, 0.00126199995,3.20000,
,,, 0.00126399996,3.20000,
,,, 0.00126599998,3.20000,
,,, 0.00126799999,3.20000,
,,, 0.00127000001,3.20000,
,,, 0.00127200002,3.20000,
,,, 0.00127400004,3.20000,
,,, 0.00127600005,3.20000,
,,, 0.00127799995,3.20000,
,,, 0.00127999997,3.20000,
,,, 0.00128199998,3.16000,
,,, 0.00128400000,3.20000,
,,, 0.00128600001,3.20000,
,,, 0.00128800003,3.20000,
,,, 0.00129000004,3.20000,
,,, 0.00129199994,3.20000,
,,, 0.00129399996,3.20000,
,,, 0.00129599997,3.20000,
,,, 0.00129799999,3.20000,
,,, 0.00130000000,3.20000,
,,, 0.00130200002,3.16000,
,,, 0.00130400003,3.20000,
,,, 0.00130600005,3.20000,
,,, 0.00130799995,3.16000,
,,, 0.00130999996,3.20000,
,,, 0.00131199998,3.20000,
,,, 0.00131399999,3.20000,
,,, 0.00131600001,3.16000,
,,, 0.00131800002,3.20000,
,,, 0.00132000004,3.20000,
,,, 0.00132200005,3.20000,
,,, 0.00132399995,3.20000,
,,, 0.00132599997,3.20000,
,,, 0.00132799998,3.20000,
,,, 0.00133000000,3.20000,
,,, 0.00133200001,3.20000,
,,, 0.00133400003,3.20000,
,,, 0.00133600004,3.16000,
,,, 0.00133799994,3.20000,
,,, 0.00133999996,3.20000,
,,, 0.00134199997,3.16000,
,,, 0.00134399999,3.20000,
,,, 0.00134600000,3.20000,
,,, 0.00134800002,3.20000,
,,, 0.00135000004,3.20000,
,,, 0.00135200005,3.20000,
,,, 0.00135399995,3.20000,
,,, 0.00135599996,3.20000,
,,, 0.00135799998,3.20000,
,,, 0.00135999999,3.20000,
,,, 0.00136200001,3.20000,
,,, 0.00136400003,3.20000,
,,, 0.00136600004,3.20000,
,,, 0.00136799994,3.20000,
,,, 0.00136999995,3.04000,
,,, 0.00137199997,3.00000,
,,, 0.00137399998,3.00000,
,,, 0.00137600000,3.00000,
,,, 0.00137800002,3.00000,
,,, 0.00138000003,3.00000,
,,, 0.00138200005,3.00000,
,,, 0.00138399994,3.00000,
,,, 0.00138599996,2.96000,
,,, 0.00138799998,3.00000,
,,, 0.00138999999,3.00000,
,,, 0.00139200001,3.00000,
,,, 0.00139400002,3.00000,
,,, 0.00139600004,3.00000,
,,, 0.00139800005,3.00000,
,,, 0.00139999995,3.00000,
,,, 0.00140199997,3.00000,
,,, 0.00140399998,3.00000,
,,, 0.00140600000,3.00000,
,,, 0.00140800001,3.00000,
,,, 0.00141000003,3.00000,
,,, 0.00141200004,3.00000,
,,, 0.00141399994,3.00000,
,,, 0.00141599996,3.00000,
,,, 0.00141799997,3.00000,
,,, 0.00141999999,3.00000,
,,, 0.00142200000,3.00000,
,,, 0.00142400002,3.00000,
,,, 0.00142600003,3.00000,
,,, 0.00142800005,3.00000,
,,, 0.00142999995,3.00000,
,,, 0.00143199996,3.00000,
,,, 0.00143399998,3.00000,
,,, 0.00143599999,3.00000,
,,, 0.00143800001,3.00000,
,,, 0.00144000002,2.96000,
,,, 0.00144200004,3.00000,
,,, 0.00144400005,3.00000,
,,, 0.00144599995,3.00000,
,,, 0.00144799997,3.00000,
,,, 0.00144999998,3.00000,
,,, 0.00145200000,3.00000,
,,, 0.00145400001,3.00000,
,,, 0.00145600003,3.00000,
,,, 0.00145800004,2.96000,
,,, 0.00145999994,3.00000,
,,, 0.00146199996,3.00000,
,,, 0.00146399997,3.00000,
,,, 0.00146599999,3.00000,
,,, 0.00146800000,3.00000,
,,, 0.00147000002,3.00000,
,,, 0.00147200003,3.00000,
,,, 0.00147400005,3.04000,
,,, 0.00147599995,3.00000,
,,, 0.00147799996,3.00000,
,,, 0.00147999998,3.00000,
,,, 0.00148199999,3.00000,
,,, 0.00148400001,3.00000,
,,, 0.00148600002,3.00000,
,,, 0.00148800004,3.00000,
,,, 0.00149000005,3.00000,
,,, 0.00149199995,3.00000,
,,, 0.00149399997,2.88000,
,,, 0.00149599998,2.84000,
,,, 0.00149800000,2.84000,
,,, 0.00150000001,2.84000,
,,, 0.00150200003,2.84000,
,,, 0.00150400004,2.84000,
,,, 0.00150599994,2.84000,
,,, 0.00150799996,2.84000,
,,, 0.00150999997,2.84000,
,,, 0.00151199999,2.84000,
,,, 0.00151400000,2.84000,
,,, 0.00151600002,2.84000,
,,, 0.00151800003,2.84000,
,,, 0.00152000005,2.84000,
,,, 0.00152199995,2.84000,
,,, 0.00152399996,2.84000,
,,, 0.00152599998,2.84000,
,,, 0.00152799999,2.84000,
,,, 0.00153000001,2.84000,
,,, 0.00153200002,2.84000,
,,, 0.00153400004,2.84000,
,,, 0.00153600005,2.84000,
,,, 0.00153799995,2.84000,
,,, 0.00153999997,2.84000,
,,, 0.00154199998,2.84000,
,,, 0.00154400000,2.84000,
,,, 0.00154600001,2.84000,
,,, 0.00154800003,2.84000,
,,, 0.00155000004,2.84000,
,,, 0.00155199994,2.84000,
,,, 0.00155399996,2.84000,
,,, 0.00155599997,2.84000,
,,, 0.00155799999,2.84000,
,,, 0.00156000000,2.84000,
,,, 0.00156200002,2.80000,
,,, 0.00156400003,2.84000,
,,, 0.00156600005,2.84000,
,,, 0.00156799995,2.84000,
,,, 0.00156999996,2.84000,
,,, 0.00157199998,2.84000,
,,, 0.00157399999,2.84000,
,,, 0.00157600001,2.84000,
,,, 0.00157800002,2.84000,
,,, 0.00158000004,2.84000,
,,, 0.00158199994,2.84000,
,,, 0.00158399995,2.84000,
,,, 0.00158599997,2.84000,
,,, 0.00158799998,2.84000,
,,, 0.00159000000,2.84000,
,,, 0.00159200002,2.84000,
,,, 0.00159400003,2.84000,
,,, 0.00159600005,2.84000,
,,, 0.00159799994,2.84000,
,,, 0.00159999996,2.84000,
,,, 0.00160199997,2.84000,
,,, 0.00160399999,2.84000,
,,, 0.00160600001,2.84000,
,,, 0.00160800002,2.84000,
,,, 0.00161000004,2.84000,
,,, 0.00161200005,2.84000,
,,, 0.00161399995,2.84000,
,,, 0.00161599996,2.84000,
,,, 0.00161799998,2.80000,
,,, 0.00162000000,2.68000,
,,, 0.00162200001,2.68000,
,,, 0.00162400003,2.68000,
,,, 0.00162600004,2.68000,
,,, 0.00162799994,2.68000,
,,, 0.00162999996,2.68000,
,,, 0.00163199997,2.68000,
,,, 0.00163399999,2.68000,
,,, 0.00163600000,2.68000,
,,, 0.00163800002,2.68000,
,,, 0.00164000003,2.68000,
,,, 0.00164200005,2.68000,
,,, 0.00164399995,2.68000,
,,, 0.00164599996,2.68000,
,,, 0.00164799998,2.68000,
,,, 0.00164999999,2.68000,
,,, 0.00165200001,2.68000,
,,, 0.00165400002,2.68000,
,,, 0.00165600004,2.68000,
,,, 0.00165800005,2.68000,
,,, 0.00165999995,2.68000,
,,, 0.00166199997,2.68000,
,,, 0.00166399998,2.68000,
,,, 0.00166600000,2.68000,
,,, 0.00166800001,2.68000,
,,, 0.00167000003,2.68000,
,,, 0.00167200004,2.68000,
,,, 0.00167399994,2.68000,
,,, 0.00167599996,2.68000,
,,, 0.00167799997,2.72000,
,,, 0.00167999999,2.68000,
,,, 0.00168200000,2.72000,
,,, 0.00168400002,2.68000,
,,, 0.00168600003,2.68000,
,,, 0.00168800005,2.68000,
,,, 0.00168999995,2.68000,
,,, 0.00169199996,2.68000,
,,, 0.00169399998,2.68000,
,,, 0.00169599999,2.68000,
,,, 0.00169800001,2.68000,
,,, 0.00170000002,2.68000,
,,, 0.00170200004,2.68000,
,,, 0.00170400005,2.68000,
,,, 0.00170599995,2.68000,
,,, 0.00170799997,2.68000,
,,, 0.00170999998,2.68000,
,,, 0.00171200000,2.68000,
,,, 0.00171400001,2.68000,
,,, 0.00171600003,2.68000,
,,, 0.00171800004,2.72000,
,,, 0.00171999994,2.68000,
,,, 0.00172199996,2.68000,
,,, 0.00172399997,2.68000,
,,, 0.00172599999,2.68000,
,,, 0.00172800000,2.72000,
,,, 0.00173000002,2.68000,
,,, 0.00173200003,2.68000,
,,, 0.00173400005,2.68000,
,,, 0.00173599995,2.68000,
,,, 0.00173799996,2.68000,
,,, 0.00173999998,2.68000,
,,, 0.00174199999,2.68000,
,,, 0.00174400001,2.56000,
,,, 0.00174600002,2.52000,
,,, 0.00174800004,2.52000,
,,, 0.00174999994,2.52000,
,,, 0.00175199995,2.52000,
,,, 0.00175399997,2.52000,
,,, 0.00175599998,2.52000,
,,, 0.00175800000,2.52000,
,,, 0.00176000001,2.52000,
,,, 0.00176200003,2.52000,
,,, 0.00176400004,2.52000,
,,, 0.00176599994,2.52000,
,,, 0.00176799996,2.52000,
,,, 0.00176999997,2.52000,
,,, 0.00177199999,2.52000,
,,, 0.00177400000,2.52000,
,,, 0.00177600002,2.52000,
,,, 0.00177800003,2.56000,
,,, 0.00178000005,2.52000,
,,, 0.00178199995,2.52000,
,,, 0.00178399996,2.52000,
,,, 0.00178599998,2.52000,
,,, 0.00178799999,2.56000,
,,, 0.00179000001,2.56000,
,,, 0.00179200002,2.52000,
,,, 0.00179400004,2.52000,
,,, 0.00179599994,2.52000,
,,, 0.00179799995,2.52000,
,,, 0.00179999997,2.56000,
,,, 0.00180199998,2.52000,
,,, 0.00180400000,2.56000,
,,, 0.00180600001,2.52000,
,,, 0.00180800003,2.52000,
,,, 0.00181000005,2.52000,
,,, 0.00181199994,2.52000,
,,, 0.00181399996,2.52000,
,,, 0.00181599997,2.52000,
,,, 0.00181799999,2.56000,
,,, 0.00182000000,2.56000,
,,, 0.00182200002,2.56000,
,,, 0.00182400004,2.56000,
,,, 0.00182600005,2.52000,
,,, 0.00182799995,2.52000,
,,, 0.00182999996,2.52000,
,,, 0.00183199998,2.56000,
,,, 0.00183400000,2.52000,
,,, 0.00183600001,2.56000,
,,, 0.00183800003,2.52000,
,,, 0.00184000004,2.52000,
,,, 0.00184199994,2.52000,
,,, 0.00184399995,2.52000,
,,, 0.00184599997,2.52000,
,,, 0.00184799999,2.52000,
,,, 0.00185000000,2.52000,
,,, 0.00185200002,2.56000,
,,, 0.00185400003,2.56000,
,,, 0.00185600005,2.52000,
,,, 0.00185799995,2.52000,
,,, 0.00185999996,2.52000,
,,, 0.00186199998,2.52000,
,,, 0.00186399999,2.52000,
,,, 0.00186600001,2.56000,
,,, 0.00186800002,2.44000,
,,, 0.00187000004,2.40000,
,,, 0.00187200005,2.40000,
,,, 0.00187399995,2.40000,
,,, 0.00187599997,2.36000,
,,, 0.00187799998,2.36000,
,,, 0.00188000000,2.40000,
,,, 0.00188200001,2.36000,
,,, 0.00188400003,2.36000,
,,, 0.00188600004,2.36000,
,,, 0.00188799994,2.36000,
,,, 0.00188999996,2.40000,
,,, 0.00189199997,2.40000,
,,, 0.00189399999,2.40000,
,,, 0.00189600000,2.40000,
,,, 0.00189800002,2.40000,
,,, 0.00190000003,2.36000,
,,, 0.00190200005,2.40000,
,,, 0.00190399995,2.36000,
,,, 0.00190599996,2.40000,
,,, 0.00190799998,2.36000,
,,, 0.00190999999,2.40000,
,,, 0.00191200001,2.40000,
,,, 0.00191400002,2.40000,
,,, 0.00191600004,2.36000,
,,, 0.00191800005,2.36000,
,,, 0.00191999995,2.36000,
,,, 0.00192199997,2.36000,
,,, 0.00192399998,2.40000,
,,, 0.00192600000,2.40000,
,,, 0.00192800001,2.40000,
,,, 0.00193000003,2.40000,
,,, 0.00193200004,2.36000,
,,, 0.00193399994,2.40000,
,,, 0.00193599996,2.40000,
,,, 0.00193799997,2.36000,
,,, 0.00193999999,2.40000,
,,, 0.00194200000,2.40000,
,,, 0.00194400002,2.36000,
,,, 0.00194600003,2.36000,
,,, 0.00194800005,2.36000,
,,, 0.00194999995,2.40000,
,,, 0.00195199996,2.40000,
,,, 0.00195399998,2.40000,
,,, 0.00195599999,2.40000,
,,, 0.00195800001,2.40000,
,,, 0.00196000002,2.40000,
,,, 0.00196200004,2.40000,
,,, 0.00196400005,2.40000,
,,, 0.00196600007,2.40000,
,,, 0.00196800008,2.40000,
,,, 0.00197000010,2.40000,
,,, 0.00197199988,2.40000,
,,, 0.00197399990,2.40000,
,,, 0.00197599991,2.40000,
,,, 0.00197799993,2.40000,
,,, 0.00197999994,2.36000,
,,, 0.00198199996,2.36000,
,,, 0.00198399997,2.36000,
,,, 0.00198599999,2.36000,
,,, 0.00198800000,2.36000,
,,, 0.00199000002,2.36000,
,,, 0.00199200003,2.28000,
,,, 0.00199400005,2.28000,
,,, 0.00199600006,2.28000,
,,, 0.00199800008,2.20000,
,,, 0.00200000009,2.28000,
,,, 0.00200200011,2.24000,
,,, 0.00200399989,2.24000,
,,, 0.00200599991,2.24000,
,,, 0.00200799992,2.20000,
,,, 0.00200999994,2.24000,
,,, 0.00201199995,2.20000,
,,, 0.00201399997,2.20000,
,,, 0.00201599998,2.24000,
,,, 0.00201800000,2.20000,
,,, 0.00202000001,2.24000,
,,, 0.00202200003,2.24000,
,,, 0.00202400004,2.24000,
,,, 0.00202600006,2.24000,
,,, 0.00202800008,2.24000,
,,, 0.00203000009,2.20000,
,,, 0.00203200011,2.24000,
,,, 0.00203399989,2.28000,
,,, 0.00203599990,2.20000,
,,, 0.00203799992,2.24000,
,,, 0.00203999993,2.20000,
,,, 0.00204199995,2.24000,
,,, 0.00204399996,2.24000,
,,, 0.00204599998,2.24000,
,,, 0.00204799999,2.24000,
,,, 0.00205000001,2.24000,
,,, 0.00205200003,2.24000,
,,, 0.00205400004,2.24000,
,,, 0.00205600006,2.20000,
,,, 0.00205800007,2.24000,
,,, 0.00206000009,2.24000,
,,, 0.00206200010,2.20000,
,,, 0.00206399988,2.20000,
,,, 0.00206599990,2.24000,
,,, 0.00206799991,2.24000,
,,, 0.00206999993,2.24000,
,,, 0.00207199994,2.24000,
,,, 0.00207399996,2.24000,
,,, 0.00207599998,2.20000,
,,, 0.00207799999,2.24000,
,,, 0.00208000001,2.24000,
,,, 0.00208200002,2.24000,
,,, 0.00208400004,2.24000,
,,, 0.00208600005,2.28000,
,,, 0.00208800007,2.24000,
,,, 0.00209000008,2.24000,
,,, 0.00209200010,2.20000,
,,, 0.00209399988,2.24000,
,,, 0.00209599989,2.20000,
,,, 0.00209799991,2.24000,
,,, 0.00209999993,2.20000,
,,, 0.00210199994,2.20000,
,,, 0.00210399996,2.28000,
,,, 0.00210599997,2.24000,
,,, 0.00210799999,2.24000,
,,, 0.00211000000,2.24000,
,,, 0.00211200002,2.28000,
,,, 0.00211400003,2.28000,
,,, 0.00211600005,2.20000,
,,, 0.00211800006,2.20000,
,,, 0.00212000008,2.20000,
,,, 0.00212200009,2.12000,
,,, 0.00212400011,2.08000,
,,, 0.00212599989,2.08000,
,,, 0.00212799991,2.08000,
,,, 0.00212999992,2.08000,
,,, 0.00213199994,2.04000,
,,, 0.00213399995,2.08000,
,,, 0.00213599997,2.04000,
,,, 0.00213799998,2.04000,
,,, 0.00214000000,2.12000,
,,, 0.00214200001,2.12000,
,,, 0.00214400003,2.08000,
,,, 0.00214600004,2.12000,
,,, 0.00214800006,2.08000,
,,, 0.00215000007,2.08000,
,,, 0.00215200009,2.12000,
,,, 0.00215400010,2.08000,
,,, 0.00215599989,2.08000,
,,, 0.00215799990,2.08000,
,,, 0.00215999992,2.08000,
,,, 0.00216199993,2.12000,
,,, 0.00216399995,2.08000,
,,, 0.00216599996,2.08000,
,,, 0.00216799998,2.12000,
,,, 0.00216999999,2.08000,
,,, 0.00217200001,2.08000,
,,, 0.00217400002,2.08000,
,,, 0.00217600004,2.04000,
,,, 0.00217800005,2.08000,
,,, 0.00218000007,2.08000,
,,, 0.00218200008,2.08000,
,,, 0.00218400010,2.04000,
,,, 0.00218599988,2.08000,
,,, 0.00218799990,2.08000,
,,, 0.00218999991,2.04000,
,,, 0.00219199993,2.08000,
,,, 0.00219399994,2.04000,
,,, 0.00219599996,2.08000,
,,, 0.00219799997,2.12000,
,,, 0.00219999999,2.08000,
,,, 0.00220200000,2.08000,
,,, 0.00220400002,2.08000,
,,, 0.00220600003,2.12000,
,,, 0.00220800005,2.08000,
,,, 0.00221000006,2.08000,
,,, 0.00221200008,2.12000,
,,, 0.00221400009,2.04000,
,,, 0.00221600011,2.12000,
,,, 0.00221799989,2.12000,
,,, 0.00221999991,2.12000,
,,, 0.00222199992,2.08000,
,,, 0.00222399994,2.08000,
,,, 0.00222599995,2.08000,
,,, 0.00222799997,2.12000,
,,, 0.00222999998,2.08000,
,,, 0.00223200000,2.08000,
,,, 0.00223400001,2.08000,
,,, 0.00223600003,2.08000,
,,, 0.00223800004,2.12000,
,,, 0.00224000006,2.12000,
,,, 0.00224200008,2.08000,
,,, 0.00224400009,2.08000,
,,, 0.00224600011,1.96000,
,,, 0.00224799989,1.92000,
,,, 0.00224999990,1.92000,
,,, 0.00225199992,1.92000,
,,, 0.00225399993,1.96000,
,,, 0.00225599995,1.92000,
,,, 0.00225799996,1.96000,
,,, 0.00225999998,1.92000,
,,, 0.00226199999,1.96000,
,,, 0.00226400001,1.88000,
,,, 0.00226600002,1.96000,
,,, 0.00226800004,1.92000,
,,, 0.00227000006,1.92000,
,,, 0.00227200007,1.96000,
,,, 0.00227400009,1.96000,
,,, 0.00227600010,1.96000,
,,, 0.00227799988,1.92000,
,,, 0.00227999990,1.96000,
,,, 0.00228199991,1.92000,
,,, 0.00228399993,1.88000,
,,, 0.00228599994,1.96000,
,,, 0.00228799996,1.92000,
,,, 0.00228999997,1.96000,
,,, 0.00229199999,1.96000,
,,, 0.00229400001,1.92000,
,,, 0.00229600002,1.96000,
,,, 0.00229800004,1.92000,
,,, 0.00230000005,1.96000,
,,, 0.00230200007,1.88000,
,,, 0.00230400008,1.92000,
,,, 0.00230600010,1.92000,
,,, 0.00230799988,1.92000,
,,, 0.00230999989,1.92000,
,,, 0.00231199991,1.96000,
,,, 0.00231399992,1.96000,
,,, 0.00231599994,1.92000,
,,, 0.00231799996,1.96000,
,,, 0.00231999997,1.92000,
,,, 0.00232199999,1.96000,
,,, 0.00232400000,1.96000,
,,, 0.00232600002,1.92000,
,,, 0.00232800003,1.92000,
,,, 0.00233000005,1.96000,
,,, 0.00233200006,2.00000,
,,, 0.00233400008,1.96000,
,,, 0.00233600009,1.92000,
,,, 0.00233800011,1.96000,
,,, 0.00233999989,1.96000,
,,, 0.00234199991,1.96000,
,,, 0.00234399992,1.96000,
,,, 0.00234599994,1.96000,
,,, 0.00234799995,1.96000,
,,, 0.00234999997,1.92000,
,,, 0.00235199998,1.92000,
,,, 0.00235400000,1.96000,
,,, 0.00235600001,1.92000,
,,, 0.00235800003,1.92000,
,,, 0.00236000004,1.92000,
,,, 0.00236200006,1.96000,
,,, 0.00236400007,1.96000,
,,, 0.00236600009,1.96000,
,,, 0.00236800010,1.88000,
,,, 0.00236999989,1.84000,
,,, 0.00237199990,1.80000,
,,, 0.00237399992,1.76000,
,,, 0.00237599993,1.80000,
,,, 0.00237799995,1.76000,
,,, 0.00237999996,1.80000,
,,, 0.00238199998,1.76000,
,,, 0.00238399999,1.76000,
,,, 0.00238600001,1.80000,
,,, 0.00238800002,1.80000,
,,, 0.00239000004,1.80000,
,,, 0.00239200005,1.80000,
,,, 0.00239400007,1.80000,
,,, 0.00239600008,1.80000,
,,, 0.00239800010,1.80000,
,,, 0.00239999988,1.76000,
,,, 0.00240199990,1.76000,
,,, 0.00240399991,1.76000,
,,, 0.00240599993,1.76000,
,,, 0.00240799994,1.76000,
,,, 0.00240999996,1.76000,
,,, 0.00241199997,1.80000,
,,, 0.00241399999,1.76000,
,,, 0.00241600000,1.80000,
,,, 0.00241800002,1.76000,
,,, 0.00242000003,1.76000,
,,, 0.00242200005,1.76000,
,,, 0.00242400006,1.80000,
,,, 0.00242600008,1.80000,
,,, 0.00242800009,1.76000,
,,, 0.00243000011,1.80000,
,,, 0.00243199989,1.80000,
,,, 0.00243399991,1.76000,
,,, 0.00243599992,1.80000,
,,, 0.00243799994,1.76000,
,,, 0.00243999995,1.80000,
,,, 0.00244199997,1.76000,
,,, 0.00244399998,1.76000,
,,, 0.00244600000,1.80000,
,,, 0.00244800001,1.80000,
,,, 0.00245000003,1.80000,
,,, 0.00245200004,1.76000,
,,, 0.00245400006,1.80000,
,,, 0.00245600007,1.80000,
,,, 0.00245800009,1.76000,
,,, 0.00246000011,1.76000,
,,, 0.00246199989,1.76000,
,,, 0.00246399990,1.76000,
,,, 0.00246599992,1.76000,
,,, 0.00246799993,1.76000,
,,, 0.00246999995,1.76000,
,,, 0.00247199996,1.80000,
,,, 0.00247399998,1.80000,
,,, 0.00247599999,1.80000,
,,, 0.00247800001,1.76000,
,,, 0.00248000002,1.76000,
,,, 0.00248200004,1.80000,
,,, 0.00248400006,1.80000,
,,, 0.00248600007,1.76000,
,,, 0.00248800009,1.80000,
,,, 0.00249000010,1.80000,
,,, 0.00249199988,1.80000,
,,, 0.00249399990,1.72000,
,,, 0.00249599991,1.60000,
,,, 0.00249799993,1.64000,
,,, 0.00249999994,1.60000,
,,, 0.00250199996,1.64000,
,,, 0.00250399997,1.64000,
,,, 0.00250599999,1.64000,
,,, 0.00250800001,1.64000,
,,, 0.00251000002,1.64000,
,,, 0.00251200004,1.64000,
,,, 0.00251400005,1.64000,
,,, 0.00251600007,1.64000,
,,, 0.00251800008,1.64000,
,,, 0.00252000010,1.64000,
,,, 0.00252199988,1.64000,
,,, 0.00252399989,1.64000,
,,, 0.00252599991,1.64000,
,,, 0.00252799992,1.60000,
,,, 0.00252999994,1.64000,
,,, 0.00253199995,1.64000,
,,, 0.00253399997,1.60000,
,,, 0.00253599999,1.60000,
,,, 0.00253800000,1.64000,
,,, 0.00254000002,1.64000,
,,, 0.00254200003,1.60000,
,,, 0.00254400005,1.64000,
,,, 0.00254600006,1.64000,
,,, 0.00254800008,1.60000,
,,, 0.00255000009,1.64000,
,,, 0.00255200011,1.64000,
,,, 0.00255399989,1.64000,
,,, 0.00255599990,1.64000,
,,, 0.00255799992,1.64000,
,,, 0.00255999994,1.64000,
,,, 0.00256199995,1.60000,
,,, 0.00256399997,1.64000,
,,, 0.00256599998,1.64000,
,,, 0.00256800000,1.64000,
,,, 0.00257000001,1.60000,
,,, 0.00257200003,1.64000,
,,, 0.00257400004,1.64000,
,,, 0.00257600006,1.60000,
,,, 0.00257800007,1.64000,
,,, 0.00258000009,1.64000,
,,, 0.00258200010,1.64000,
,,, 0.00258399989,1.60000,
,,, 0.00258599990,1.64000,
,,, 0.00258799992,1.64000,
,,, 0.00258999993,1.60000,
,,, 0.00259199995,1.60000,
,,, 0.00259399996,1.64000,
,,, 0.00259599998,1.64000,
,,, 0.00259799999,1.64000,
,,, 0.00260000001,1.64000,
,,, 0.00260200002,1.60000,
,,, 0.00260400004,1.64000,
,,, 0.00260600005,1.64000,
,,, 0.00260800007,1.64000,
,,, 0.00261000008,1.64000,
,,, 0.00261200010,1.64000,
,,, 0.00261399988,1.64000,
,,, 0.00261599990,1.64000,
,,, 0.00261799991,1.56000,
,,, 0.00261999993,1.48000,
,,, 0.00262199994,1.48000,
,,, 0.00262399996,1.48000,
,,, 0.00262599997,1.48000,
,,, 0.00262799999,1.48000,
,,, 0.00263000000,1.48000,
,,, 0.00263200002,1.48000,
,,, 0.00263400003,1.48000,
,,, 0.00263600005,1.48000,
,,, 0.00263800006,1.48000,
,,, 0.00264000008,1.48000,
,,, 0.00264200009,1.48000,
,,, 0.00264400011,1.48000,
,,, 0.00264599989,1.48000,
,,, 0.00264799991,1.48000,
,,, 0.00264999992,1.48000,
,,, 0.00265199994,1.44000,
,,, 0.00265399995,1.48000,
,,, 0.00265599997,1.48000,
,,, 0.00265799998,1.52000,
,,, 0.00266000000,1.48000,
,,, 0.00266200001,1.48000,
,,, 0.00266400003,1.48000,
,,, 0.00266600004,1.48000,
,,, 0.00266800006,1.48000,
,,, 0.00267000007,1.44000,
,,, 0.00267200009,1.48000,
,,, 0.00267400010,1.48000,
,,, 0.00267599989,1.48000,
,,, 0.00267799990,1.48000,
,,, 0.00267999992,1.48000,
,,, 0.00268199993,1.48000,
,,, 0.00268399995,1.48000,
,,, 0.00268599996,1.48000,
,,, 0.00268799998,1.48000,
,,, 0.00268999999,1.48000,
,,, 0.00269200001,1.48000,
,,, 0.00269400002,1.44000,
,,, 0.00269600004,1.44000,
,,, 0.00269800005,1.48000,
,,, 0.00270000007,1.48000,
,,, 0.00270200009,1.48000,
,,, 0.00270400010,1.48000,
,,, 0.00270599988,1.48000,
,,, 0.00270799990,1.48000,
,,, 0.00270999991,1.48000,
,,, 0.00271199993,1.48000,
,,, 0.00271399994,1.48000,
,,, 0.00271599996,1.48000,
,,, 0.00271799997,1.48000,
,,, 0.00271999999,1.48000,
,,, 0.00272200000,1.48000,
,,, 0.00272400002,1.44000,
,,, 0.00272600004,1.48000,
,,, 0.00272800005,1.48000,
,,, 0.00273000007,1.48000,
,,, 0.00273200008,1.48000,
,,, 0.00273400010,1.48000,
,,, 0.00273599988,1.48000,
,,, 0.00273799989,1.48000,
,,, 0.00273999991,1.48000,
,,, 0.00274199992,1.48000,
,,, 0.00274399994,1.32000,
,,, 0.00274599995,1.32000,
,,, 0.00274799997,1.32000,
,,, 0.00274999999,1.32000,
,,, 0.00275200000,1.32000,
,,, 0.00275400002,1.32000,
,,, 0.00275600003,1.32000,
,,, 0.00275800005,1.32000,
,,, 0.00276000006,1.32000,
,,, 0.00276200008,1.36000,
,,, 0.00276400009,1.32000,
,,, 0.00276600011,1.32000,
,,, 0.00276799989,1.32000,
,,, 0.00276999990,1.32000,
,,, 0.00277199992,1.36000,
,,, 0.00277399994,1.32000,
,,, 0.00277599995,1.32000,
,,, 0.00277799997,1.32000,
,,, 0.00277999998,1.32000,
,,, 0.00278200000,1.32000,
,,, 0.00278400001,1.36000,
,,, 0.00278600003,1.32000,
,,, 0.00278800004,1.32000,
,,, 0.00279000006,1.36000,
,,, 0.00279200007,1.32000,
,,, 0.00279400009,1.32000,
,,, 0.00279600010,1.32000,
,,, 0.00279799988,1.32000,
,,, 0.00279999990,1.32000,
,,, 0.00280199992,1.32000,
,,, 0.00280399993,1.32000,
,,, 0.00280599995,1.32000,
,,, 0.00280799996,1.32000,
,,, 0.00280999998,1.32000,
,,, 0.00281199999,1.32000,
,,, 0.00281400001,1.32000,
,,, 0.00281600002,1.28000,
,,, 0.00281800004,1.32000,
,,, 0.00282000005,1.32000,
,,, 0.00282200007,1.32000,
,,, 0.00282400008,1.32000,
,,, 0.00282600010,1.32000,
,,, 0.00282799988,1.32000,
,,, 0.00282999990,1.32000,
,,, 0.00283199991,1.32000,
,,, 0.00283399993,1.32000,
,,, 0.00283599994,1.32000,
,,, 0.00283799996,1.32000,
,,, 0.00283999997,1.32000,
,,, 0.00284199999,1.32000,
,,, 0.00284400000,1.32000,
,,, 0.00284600002,1.28000,
,,, 0.00284800003,1.32000,
,,, 0.00285000005,1.32000,
,,, 0.00285200006,1.32000,
,,, 0.00285400008,1.32000,
,,, 0.00285600009,1.32000,
,,, 0.00285800011,1.32000,
,,, 0.00285999989,1.36000,
,,, 0.00286199991,1.32000,
,,, 0.00286399992,1.32000,
,,, 0.00286599994,1.32000,
,,, 0.00286799995,1.20000,
,,, 0.00286999997,1.16000,
,,, 0.00287199998,1.20000,
,,, 0.00287400000,1.16000,
,,, 0.00287600001,1.16000,
,,, 0.00287800003,1.16000,
,,, 0.00288000004,1.16000,
,,, 0.00288200006,1.16000,
,,, 0.00288400007,1.20000,
,,, 0.00288600009,1.20000,
,,, 0.00288800010,1.16000,
,,, 0.00288999989,1.16000,
,,, 0.00289199990,1.16000,
,,, 0.00289399992,1.16000,
,,, 0.00289599993,1.16000,
,,, 0.00289799995,1.20000,
,,, 0.00289999996,1.16000,
,,, 0.00290199998,1.16000,
,,, 0.00290399999,1.20000,
,,, 0.00290600001,1.20000,
,,, 0.00290800002,1.16000,
,,, 0.00291000004,1.16000,
,,, 0.00291200005,1.16000,
,,, 0.00291400007,1.16000,
,,, 0.00291600008,1.16000,
,,, 0.00291800010,1.20000,
,,, 0.00291999988,1.16000,
,,, 0.00292199990,1.16000,
,,, 0.00292399991,1.16000,
,,, 0.00292599993,1.16000,
,,, 0.00292799994,1.16000,
,,, 0.00292999996,1.16000,
,,, 0.00293199997,1.16000,
,,, 0.00293399999,1.16000,
,,, 0.00293600000,1.20000,
,,, 0.00293800002,1.16000,
,,, 0.00294000003,1.20000,
,,, 0.00294200005,1.16000,
,,, 0.00294400007,1.20000,
,,, 0.00294600008,1.20000,
,,, 0.00294800010,1.20000,
,,, 0.00294999988,1.16000,
,,, 0.00295199989,1.16000,
,,, 0.00295399991,1.20000,
,,, 0.00295599992,1.16000,
,,, 0.00295799994,1.20000,
,,, 0.00295999995,1.20000,
,,, 0.00296199997,1.20000,
,,, 0.00296399998,1.20000,
,,, 0.00296600000,1.20000,
,,, 0.00296800002,1.20000,
,,, 0.00297000003,1.16000,
,,, 0.00297200005,1.16000,
,,, 0.00297400006,1.20000,
,,, 0.00297600008,1.16000,
,,, 0.00297800009,1.16000,
,,, 0.00298000011,1.16000,
,,, 0.00298199989,1.16000,
,,, 0.00298399990,1.16000,
,,, 0.00298599992,1.20000,
,,, 0.00298799993,1.16000,
,,, 0.00298999995,1.16000,
,,, 0.00299199997,1.08000,
,,, 0.00299399998,1.00000,
,,, 0.00299600000,0.96000,
,,, 0.00299800001,1.00000,
,,, 0.00300000003,0.96000,
,,, 0.00300200004,1.00000,
,,, 0.00300400006,1.00000,
,,, 0.00300600007,1.00000,
,,, 0.00300800009,1.00000,
,,, 0.00301000010,1.00000,
,,, 0.00301199988,0.96000,
,,, 0.00301399990,1.00000,
,,, 0.00301599992,1.00000,
,,, 0.00301799993,1.00000,
,,, 0.00301999995,0.96000,
,,, 0.00302199996,1.00000,
,,, 0.00302399998,1.00000,
,,, 0.00302599999,1.00000,
,,, 0.00302800001,1.00000,
,,, 0.00303000002,1.00000,
,,, 0.00303200004,1.00000,
,,, 0.00303400005,1.00000,
,,, 0.00303600007,1.00000,
,,, 0.00303800008,0.96000,
,,, 0.00304000010,1.00000,
,,, 0.00304199988,1.00000,
,,, 0.00304399990,1.00000,
,,, 0.00304599991,1.00000,
,,, 0.00304799993,0.96000,
,,, 0.00304999994,1.00000,
,,, 0.00305199996,1.00000,
,,, 0.00305399997,1.00000,
,,, 0.00305599999,1.00000,
,,, 0.00305800000,0.96000,
,,, 0.00306000002,1.00000,
,,, 0.00306200003,0.96000,
,,, 0.00306400005,0.96000,
,,, 0.00306600006,0.96000,
,,, 0.00306800008,1.00000,
,,, 0.00307000009,1.00000,
,,, 0.00307200011,0.96000,
,,, 0.00307399989,1.00000,
,,, 0.00307599991,1.00000,
,,, 0.00307799992,0.96000,
,,, 0.00307999994,0.96000,
,,, 0.00308199995,1.00000,
,,, 0.00308399997,0.96000,
,,, 0.00308599998,1.00000,
,,, 0.00308800000,1.00000,
,,, 0.00309000001,1.00000,
,,, 0.00309200003,1.00000,
,,, 0.00309400004,1.00000,
,,, 0.00309600006,1.00000,
,,, 0.00309800007,1.00000,
,,, 0.00310000009,1.00000,
,,, 0.00310200010,1.00000,
,,, 0.00310399989,1.00000,
,,, 0.00310599990,1.00000,
,,, 0.00310799992,1.00000,
,,, 0.00310999993,1.00000,
,,, 0.00311199995,1.00000,
,,, 0.00311399996,1.00000,
,,, 0.00311599998,1.00000,
,,, 0.00311799999,1.00000,
,,, 0.00312000001,1.00000,
,,, 0.00312200002,0.88000,
,,, 0.00312400004,0.84000,
,,, 0.00312600005,0.80000,
,,, 0.00312800007,0.84000,
,,, 0.00313000008,0.80000,
,,, 0.00313200010,0.80000,
,,, 0.00313399988,0.84000,
,,, 0.00313599990,0.80000,
,,, 0.00313799991,0.80000,
,,, 0.00313999993,0.80000,
,,, 0.00314199994,0.84000,
,,, 0.00314399996,0.80000,
,,, 0.00314599997,0.80000,
,,, 0.00314799999,0.84000,
,,, 0.00315000000,0.84000,
,,, 0.00315200002,0.84000,
,,, 0.00315400003,0.84000,
,,, 0.00315600005,0.84000,
,,, 0.00315800007,0.84000,
,,, 0.00316000008,0.84000,
,,, 0.00316200010,0.84000,
,,, 0.00316399988,0.84000,
,,, 0.00316599989,0.80000,
,,, 0.00316799991,0.84000,
,,, 0.00316999992,0.80000,
,,, 0.00317199994,0.84000,
,,, 0.00317399995,0.84000,
,,, 0.00317599997,0.84000,
,,, 0.00317799998,0.80000,
,,, 0.00318000000,0.84000,
,,, 0.00318200001,0.80000,
,,, 0.00318400003,0.80000,
,,, 0.00318600005,0.84000,
,,, 0.00318800006,0.84000,
,,, 0.00319000008,0.84000,
,,, 0.00319200009,0.84000,
,,, 0.00319400011,0.80000,
,,, 0.00319599989,0.84000,
,,, 0.00319799990,0.80000,
,,, 0.00319999992,0.84000,
,,, 0.00320199993,0.84000,
,,, 0.00320399995,0.80000,
,,, 0.00320599996,0.84000,
,,, 0.00320799998,0.84000,
,,, 0.00321000000,0.80000,
,,, 0.00321200001,0.84000,
,,, 0.00321400003,0.80000,
,,, 0.00321600004,0.84000,
,,, 0.00321800006,0.84000,
,,, 0.00322000007,0.84000,
,,, 0.00322200009,0.84000,
,,, 0.00322400010,0.80000,
,,, 0.00322599988,0.80000,
,,, 0.00322799990,0.84000,
,,, 0.00322999991,0.88000,
,,, 0.00323199993,0.84000,
,,, 0.00323399995,0.80000,
,,, 0.00323599996,0.84000,
,,, 0.00323799998,0.84000,
,,, 0.00323999999,0.80000,
,,, 0.00324200001,0.84000,
,,, 0.00324400002,0.80000,
,,, 0.00324600004,0.72000,
,,, 0.00324800005,0.68000,
,,, 0.00325000007,0.68000,
,,, 0.00325200008,0.68000,
,,, 0.00325400010,0.68000,
,,, 0.00325599988,0.72000,
,,, 0.00325799990,0.68000,
,,, 0.00325999991,0.68000,
,,, 0.00326199993,0.72000,
,,, 0.00326399994,0.68000,
,,, 0.00326599996,0.68000,
,,, 0.00326799997,0.68000,
,,, 0.00326999999,0.68000,
,,, 0.00327200000,0.68000,
,,, 0.00327400002,0.68000,
,,, 0.00327600003,0.72000,
,,, 0.00327800005,0.68000,
,,, 0.00328000006,0.68000,
,,, 0.00328200008,0.68000,
,,, 0.00328400009,0.68000,
,,, 0.00328599988,0.68000,
,,, 0.00328799989,0.68000,
,,, 0.00328999991,0.68000,
,,, 0.00329199992,0.68000,
,,, 0.00329399994,0.68000,
,,, 0.00329599995,0.68000,
,,, 0.00329799997,0.68000,
,,, 0.00329999998,0.68000,
,,, 0.00330200000,0.68000,
,,, 0.00330400001,0.72000,
,,, 0.00330600003,0.68000,
,,, 0.00330800004,0.68000,
,,, 0.00331000006,0.68000,
,,, 0.00331200007,0.72000,
,,, 0.00331400009,0.68000,
,,, 0.00331600010,0.68000,
,,, 0.00331799989,0.68000,
,,, 0.00331999990,0.68000,
,,, 0.00332199992,0.68000,
,,, 0.00332399993,0.68000,
,,, 0.00332599995,0.68000,
,,, 0.00332799996,0.72000,
,,, 0.00332999998,0.64000,
,,, 0.00333199999,0.68000,
,,, 0.00333400001,0.68000,
,,, 0.00333600002,0.68000,
,,, 0.00333800004,0.68000,
,,, 0.00334000005,0.68000,
,,, 0.00334200007,0.68000,
,,, 0.00334400008,0.68000,
,,, 0.00334600010,0.68000,
,,, 0.00334799988,0.68000,
,,, 0.00334999990,0.72000,
,,, 0.00335199991,0.68000,
,,, 0.00335399993,0.72000,
,,, 0.00335599994,0.68000,
,,, 0.00335799996,0.68000,
,,, 0.00335999997,0.68000,
,,, 0.00336199999,0.64000,
,,, 0.00336400000,0.68000,
,,, 0.00336600002,0.68000,
,,, 0.00336800003,0.68000,
,,, 0.00337000005,0.56000,
,,, 0.00337200006,0.52000,
,,, 0.00337400008,0.48000,
,,, 0.00337600010,0.52000,
,,, 0.00337799988,0.52000,
,,, 0.00337999989,0.52000,
,,, 0.00338199991,0.52000,
,,, 0.00338399992,0.52000,
,,, 0.00338599994,0.56000,
,,, 0.00338799995,0.52000,
,,, 0.00338999997,0.52000,
,,, 0.00339199998,0.56000,
,,, 0.00339400000,0.52000,
,,, 0.00339600001,0.52000,
,,, 0.00339800003,0.56000,
,,, 0.00340000005,0.52000,
,,, 0.00340200006,0.56000,
,,, 0.00340400008,0.56000,
,,, 0.00340600009,0.52000,
,,, 0.00340800011,0.56000,
,,, 0.00340999989,0.56000,
,,, 0.00341199990,0.52000,
,,, 0.00341399992,0.56000,
,,, 0.00341599993,0.52000,
,,, 0.00341799995,0.52000,
,,, 0.00341999996,0.52000,
,,, 0.00342199998,0.52000,
,,, 0.00342399999,0.52000,
,,, 0.00342600001,0.52000,
,,, 0.00342800003,0.52000,
,,, 0.00343000004,0.56000,
,,, 0.00343200006,0.56000,
,,, 0.00343400007,0.52000,
,,, 0.00343600009,0.52000,
,,, 0.00343800010,0.56000,
,,, 0.00343999988,0.48000,
,,, 0.00344199990,0.52000,
,,, 0.00344399991,0.52000,
,,, 0.00344599993,0.56000,
,,, 0.00344799994,0.52000,
,,, 0.00344999996,0.52000,
,,, 0.00345199998,0.52000,
,,, 0.00345399999,0.52000,
,,, 0.00345600001,0.52000,
,,, 0.00345800002,0.52000,
,,, 0.00346000004,0.56000,
,,, 0.00346200005,0.56000,
,,, 0.00346400007,0.52000,
,,, 0.00346600008,0.56000,
,,, 0.00346800010,0.52000,
,,, 0.00346999988,0.56000,
,,, 0.00347199989,0.52000,
,,, 0.00347399991,0.56000,
,,, 0.00347599993,0.56000,
,,, 0.00347799994,0.52000,
,,, 0.00347999996,0.52000,
,,, 0.00348199997,0.52000,
,,, 0.00348399999,0.52000,
,,, 0.00348600000,0.52000,
,,, 0.00348800002,0.52000,
,,, 0.00349000003,0.52000,
,,, 0.00349200005,0.52000,
,,, 0.00349400006,0.44000,
,,, 0.00349600008,0.40000,
,,, 0.00349800009,0.36000,
,,, 0.00349999988,0.36000,
,,, 0.00350199989,0.36000,
,,, 0.00350399991,0.36000,
,,, 0.00350599992,0.36000,
,,, 0.00350799994,0.36000,
,,, 0.00350999995,0.36000,
,,, 0.00351199997,0.36000,
,,, 0.00351399998,0.40000,
,,, 0.00351600000,0.36000,
,,, 0.00351800001,0.36000,
,,, 0.00352000003,0.36000,
,,, 0.00352200004,0.40000,
,,, 0.00352400006,0.40000,
,,, 0.00352600007,0.36000,
,,, 0.00352800009,0.40000,
,,, 0.00353000010,0.36000,
,,, 0.00353199989,0.32000,
,,, 0.00353399990,0.36000,
,,, 0.00353599992,0.40000,
,,, 0.00353799993,0.36000,
,,, 0.00353999995,0.36000,
,,, 0.00354199996,0.36000,
,,, 0.00354399998,0.36000,
,,, 0.00354599999,0.36000,
,,, 0.00354800001,0.40000,
,,, 0.00355000002,0.40000,
,,, 0.00355200004,0.40000,
,,, 0.00355400005,0.36000,
,,, 0.00355600007,0.36000,
,,, 0.00355800008,0.40000,
,,, 0.00356000010,0.36000,
,,, 0.00356199988,0.40000,
,,, 0.00356399990,0.40000,
,,, 0.00356599991,0.36000,
,,, 0.00356799993,0.40000,
,,, 0.00356999994,0.36000,
,,, 0.00357199996,0.36000,
,,, 0.00357399997,0.36000,
,,, 0.00357599999,0.36000,
,,, 0.00357800000,0.36000,
,,, 0.00358000002,0.36000,
,,, 0.00358200003,0.36000,
,,, 0.00358400005,0.36000,
,,, 0.00358600006,0.36000,
,,, 0.00358800008,0.36000,
,,, 0.00359000009,0.36000,
,,, 0.00359199988,0.32000,
,,, 0.00359399989,0.36000,
,,, 0.00359599991,0.36000,
,,, 0.00359799992,0.40000,
,,, 0.00359999994,0.40000,
,,, 0.00360199995,0.36000,
,,, 0.00360399997,0.40000,
,,, 0.00360599998,0.40000,
,,, 0.00360800000,0.40000,
,,, 0.00361000001,0.36000,
,,, 0.00361200003,0.36000,
,,, 0.00361400004,0.32000,
,,, 0.00361600006,0.40000,
,,, 0.00361800008,0.32000,
,,, 0.00362000009,0.24000,
,,, 0.00362200011,0.20000,
,,, 0.00362399989,0.24000,
,,, 0.00362599990,0.24000,
,,, 0.00362799992,0.20000,
,,, 0.00362999993,0.24000,
,,, 0.00363199995,0.20000,
,,, 0.00363399996,0.24000,
,,, 0.00363599998,0.20000,
,,, 0.00363799999,0.20000,
,,, 0.00364000001,0.20000,
,,, 0.00364200003,0.20000,
,,, 0.00364400004,0.24000,
,,, 0.00364600006,0.24000,
,,, 0.00364800007,0.20000,
,,, 0.00365000009,0.20000,
,,, 0.00365200010,0.24000,
,,, 0.00365399988,0.24000,
,,, 0.00365599990,0.24000,
,,, 0.00365799991,0.20000,
,,, 0.00365999993,0.24000,
,,, 0.00366199994,0.24000,
,,, 0.00366399996,0.20000,
,,, 0.00366599998,0.20000,
,,, 0.00366799999,0.20000,
,,, 0.00367000001,0.24000,
,,, 0.00367200002,0.20000,
,,, 0.00367400004,0.24000,
,,, 0.00367600005,0.20000,
,,, 0.00367800007,0.24000,
,,, 0.00368000008,0.24000,
,,, 0.00368200010,0.20000,
,,, 0.00368399988,0.20000,
,,, 0.00368599989,0.20000,
,,, 0.00368799991,0.24000,
,,, 0.00368999992,0.24000,
,,, 0.00369199994,0.24000,
,,, 0.00369399996,0.24000,
,,, 0.00369599997,0.20000,
,,, 0.00369799999,0.24000,
,,, 0.00370000000,0.20000,
,,, 0.00370200002,0.20000,
,,, 0.00370400003,0.24000,
,,, 0.00370600005,0.20000,
,,, 0.00370800006,0.24000,
,,, 0.00371000008,0.24000,
,,, 0.00371200009,0.24000,
,,, 0.00371399987,0.24000,
,,, 0.00371599989,0.20000,
,,, 0.00371799991,0.24000,
,,, 0.00371999992,0.24000,
,,, 0.00372199994,0.20000,
,,, 0.00372399995,0.20000,
,,, 0.00372599997,0.24000,
,,, 0.00372799998,0.20000,
,,, 0.00373000000,0.24000,
,,, 0.00373200001,0.20000,
,,, 0.00373400003,0.24000,
,,, 0.00373600004,0.20000,
,,, 0.00373800006,0.20000,
,,, 0.00374000007,0.24000,
,,, 0.00374200009,0.24000,
,,, 0.00374400010,0.32000,
,,, 0.00374599989,0.32000,
,,, 0.00374799990,0.40000,
,,, 0.00374999992,0.36000,
,,, 0.00375199993,0.40000,
,,, 0.00375399995,0.36000,
,,, 0.00375599996,0.36000,
,,, 0.00375799998,0.40000,
,,, 0.00375999999,0.36000,
,,, 0.00376200001,0.40000,
,,, 0.00376400002,0.36000,
,,, 0.00376600004,0.40000,
,,, 0.00376800005,0.36000,
,,, 0.00377000007,0.40000,
,,, 0.00377200008,0.36000,
,,, 0.00377400010,0.40000,
,,, 0.00377599988,0.32000,
,,, 0.00377799990,0.32000,
,,, 0.00377999991,0.36000,
,,, 0.00378199993,0.40000,
,,, 0.00378399994,0.36000,
,,, 0.00378599996,0.36000,
,,, 0.00378799997,0.36000,
,,, 0.00378999999,0.36000,
,,, 0.00379200000,0.40000,
,,, 0.00379400002,0.40000,
,,, 0.00379600003,0.36000,
,,, 0.00379800005,0.36000,
,,, 0.00380000006,0.36000,
,,, 0.00380200008,0.40000,
,,, 0.00380400009,0.40000,
,,, 0.00380599988,0.32000,
,,, 0.00380799989,0.32000,
,,, 0.00380999991,0.36000,
,,, 0.00381199992,0.40000,
,,, 0.00381399994,0.36000,
,,, 0.00381599995,0.36000,
,,, 0.00381799997,0.36000,
,,, 0.00381999998,0.40000,
,,, 0.00382200000,0.40000,
,,, 0.00382400001,0.36000,
,,, 0.00382600003,0.32000,
,,, 0.00382800004,0.36000,
,,, 0.00383000006,0.40000,
,,, 0.00383200007,0.40000,
,,, 0.00383400009,0.36000,
,,, 0.00383600011,0.36000,
,,, 0.00383799989,0.36000,
,,, 0.00383999990,0.40000,
,,, 0.00384199992,0.40000,
,,, 0.00384399993,0.40000,
,,, 0.00384599995,0.36000,
,,, 0.00384799996,0.40000,
,,, 0.00384999998,0.36000,
,,, 0.00385199999,0.36000,
,,, 0.00385400001,0.40000,
,,, 0.00385600002,0.36000,
,,, 0.00385800004,0.36000,
,,, 0.00386000006,0.36000,
,,, 0.00386200007,0.36000,
,,, 0.00386400009,0.36000,
,,, 0.00386600010,0.40000,
,,, 0.00386799988,0.48000,
,,, 0.00386999990,0.52000,
,,, 0.00387199991,0.52000,
,,, 0.00387399993,0.52000,
,,, 0.00387599994,0.56000,
,,, 0.00387799996,0.56000,
,,, 0.00387999997,0.52000,
,,, 0.00388199999,0.52000,
,,, 0.00388400001,0.52000,
,,, 0.00388600002,0.52000,
,,, 0.00388800004,0.48000,
,,, 0.00389000005,0.52000,
,,, 0.00389200007,0.52000,
,,, 0.00389400008,0.52000,
,,, 0.00389600010,0.56000,
,,, 0.00389799988,0.56000,
,,, 0.00389999989,0.52000,
,,, 0.00390199991,0.56000,
,,, 0.00390399992,0.52000,
,,, 0.00390599994,0.48000,
,,, 0.00390799996,0.52000,
,,, 0.00390999997,0.52000,
,,, 0.00391199999,0.52000,
,,, 0.00391400000,0.52000,
,,, 0.00391600002,0.52000,
,,, 0.00391800003,0.52000,
,,, 0.00392000005,0.52000,
,,, 0.00392200006,0.52000,
,,, 0.00392400008,0.52000,
,,, 0.00392600009,0.56000,
,,, 0.00392800011,0.52000,
,,, 0.00393000012,0.56000,
,,, 0.00393200014,0.52000,
,,, 0.00393400015,0.52000,
,,, 0.00393600017,0.56000,
,,, 0.00393800018,0.52000,
,,, 0.00394000020,0.52000,
,,, 0.00394200021,0.56000,
,,, 0.00394399976,0.52000,
,,, 0.00394599978,0.52000,
,,, 0.00394799979,0.48000,
,,, 0.00394999981,0.52000,
,,, 0.00395199982,0.56000,
,,, 0.00395399984,0.52000,
,,, 0.00395599985,0.56000,
,,, 0.00395799987,0.52000,
,,, 0.00395999989,0.52000,
,,, 0.00396199990,0.52000,
,,, 0.00396399992,0.52000,
,,, 0.00396599993,0.52000,
,,, 0.00396799995,0.52000,
,,, 0.00396999996,0.52000,
,,, 0.00397199998,0.52000,
,,, 0.00397399999,0.52000,
,,, 0.00397600001,0.52000,
,,, 0.00397800002,0.52000,
,,, 0.00398000004,0.52000,
,,, 0.00398200005,0.52000,
,,, 0.00398400007,0.52000,
,,, 0.00398600008,0.52000,
,,, 0.00398800010,0.52000,
,,, 0.00399000011,0.52000,
,,, 0.00399200013,0.68000,
,,, 0.00399400014,0.68000,
,,, 0.00399600016,0.68000,
,,, 0.00399800017,0.64000,
,,, 0.00400000019,0.68000,
,,, 0.00400200021,0.68000,
,,, 0.00400400022,0.68000,
,,, 0.00400599977,0.68000,
,,, 0.00400799979,0.64000,
,,, 0.00400999980,0.68000,
,,, 0.00401199982,0.68000,
,,, 0.00401399983,0.68000,
,,, 0.00401599985,0.64000,
,,, 0.00401799986,0.64000,
,,, 0.00401999988,0.68000,
,,, 0.00402199989,0.68000,
,,, 0.00402399991,0.68000,
,,, 0.00402599992,0.68000,
,,, 0.00402799994,0.64000,
,,, 0.00402999995,0.68000,
,,, 0.00403199997,0.68000,
,,, 0.00403399998,0.68000,
,,, 0.00403600000,0.68000,
,,, 0.00403800001,0.68000,
,,, 0.00404000003,0.68000,
,,, 0.00404200004,0.68000,
,,, 0.00404400006,0.68000,
,,, 0.00404600007,0.68000,
,,, 0.00404800009,0.68000,
,,, 0.00405000011,0.68000,
,,, 0.00405200012,0.72000,
,,, 0.00405400014,0.68000,
,,, 0.00405600015,0.68000,
,,, 0.00405800017,0.68000,
,,, 0.00406000018,0.68000,
,,, 0.00406200020,0.68000,
,,, 0.00406400021,0.68000,
,,, 0.00406599976,0.68000,
,,, 0.00406799978,0.68000,
,,, 0.00406999979,0.68000,
,,, 0.00407199981,0.64000,
,,, 0.00407399982,0.64000,
,,, 0.00407599984,0.64000,
,,, 0.00407799985,0.68000,
,,, 0.00407999987,0.68000,
,,, 0.00408199988,0.64000,
,,, 0.00408399990,0.64000,
,,, 0.00408599991,0.64000,
,,, 0.00408799993,0.68000,
,,, 0.00408999994,0.68000,
,,, 0.00409199996,0.68000,
,,, 0.00409399997,0.68000,
,,, 0.00409599999,0.72000,
,,, 0.00409800000,0.68000,
,,, 0.00410000002,0.64000,
,,, 0.00410200004,0.68000,
,,, 0.00410400005,0.64000,
,,, 0.00410600007,0.68000,
,,, 0.00410800008,0.64000,
,,, 0.00411000010,0.64000,
,,, 0.00411200011,0.68000,
,,, 0.00411400013,0.64000,
,,, 0.00411600014,0.68000,
,,, 0.00411800016,0.68000,
,,, 0.00412000017,0.72000,
,,, 0.00412200019,0.84000,
,,, 0.00412400020,0.80000,
,,, 0.00412600022,0.84000,
,,, 0.00412799977,0.80000,
,,, 0.00412999978,0.84000,
,,, 0.00413199980,0.84000,
,,, 0.00413399981,0.80000,
,,, 0.00413599983,0.84000,
,,, 0.00413799984,0.80000,
,,, 0.00413999986,0.80000,
,,, 0.00414199987,0.80000,
,,, 0.00414399989,0.80000,
,,, 0.00414599990,0.84000,
,,, 0.00414799992,0.84000,
,,, 0.00414999994,0.80000,
,,, 0.00415199995,0.84000,
,,, 0.00415399997,0.84000,
,,, 0.00415599998,0.84000,
,,, 0.00415800000,0.80000,
,,, 0.00416000001,0.84000,
,,, 0.00416200003,0.80000,
,,, 0.00416400004,0.84000,
,,, 0.00416600006,0.80000,
,,, 0.00416800007,0.84000,
,,, 0.00417000009,0.84000,
,,, 0.00417200010,0.84000,
,,, 0.00417400012,0.80000,
,,, 0.00417600013,0.80000,
,,, 0.00417800015,0.84000,
,,, 0.00418000016,0.84000,
,,, 0.00418200018,0.84000,
,,, 0.00418400019,0.80000,
,,, 0.00418600021,0.84000,
,,, 0.00418799976,0.80000,
,,, 0.00418999977,0.80000,
,,, 0.00419199979,0.80000,
,,, 0.00419399980,0.84000,
,,, 0.00419599982,0.80000,
,,, 0.00419799984,0.84000,
,,, 0.00419999985,0.84000,
,,, 0.00420199987,0.84000,
,,, 0.00420399988,0.84000,
,,, 0.00420599990,0.84000,
,,, 0.00420799991,0.80000,
,,, 0.00420999993,0.80000,
,,, 0.00421199994,0.84000,
,,, 0.00421399996,0.84000,
,,, 0.00421599997,0.80000,
,,, 0.00421799999,0.84000,
,,, 0.00422000000,0.80000,
,,, 0.00422200002,0.80000,
,,, 0.00422400003,0.80000,
,,, 0.00422600005,0.80000,
,,, 0.00422800006,0.88000,
,,, 0.00423000008,0.80000,
,,, 0.00423200009,0.80000,
,,, 0.00423400011,0.84000,
,,, 0.00423600012,0.84000,
,,, 0.00423800014,0.84000,
,,, 0.00424000015,0.80000,
,,, 0.00424200017,0.80000,
,,, 0.00424400019,0.80000,
,,, 0.00424600020,0.92000,
,,, 0.00424800022,0.96000,
,,, 0.00424999977,0.96000,
,,, 0.00425199978,0.96000,
,,, 0.00425399980,0.92000,
,,, 0.00425599981,1.00000,
,,, 0.00425799983,1.00000,
,,, 0.00425999984,0.96000,
,,, 0.00426199986,1.00000,
,,, 0.00426399987,1.00000,
,,, 0.00426599989,1.00000,
,,, 0.00426799990,0.96000,
,,, 0.00426999992,0.92000,
,,, 0.00427199993,1.00000,
,,, 0.00427399995,1.00000,
,,, 0.00427599996,0.96000,
,,, 0.00427799998,1.00000,
,,, 0.00427999999,0.96000,
,,, 0.00428200001,1.00000,
,,, 0.00428400002,0.96000,
,,, 0.00428600004,0.96000,
,,, 0.00428800005,1.00000,
,,, 0.00429000007,1.00000,
,,, 0.00429200009,0.96000,
,,, 0.00429400010,1.00000,
,,, 0.00429600012,1.00000,
,,, 0.00429800013,1.00000,
,,, 0.00430000015,0.96000,
,,, 0.00430200016,1.00000,
,,, 0.00430400018,0.96000,
,,, 0.00430600019,0.96000,
,,, 0.00430800021,1.00000,
,,, 0.00430999976,1.00000,
,,, 0.00431199977,0.96000,
,,, 0.00431399979,0.96000,
,,, 0.00431599980,0.96000,
,,, 0.00431799982,0.96000,
,,, 0.00431999983,0.96000,
,,, 0.00432199985,0.96000,
,,, 0.00432399986,0.96000,
,,, 0.00432599988,0.96000,
,,, 0.00432799989,1.00000,
,,, 0.00432999991,1.00000,
,,, 0.00433199992,1.00000,
,,, 0.00433399994,1.00000,
,,, 0.00433599995,0.96000,
,,, 0.00433799997,1.00000,
,,, 0.00433999998,1.00000,
,,, 0.00434200000,1.00000,
,,, 0.00434400002,0.96000,
,,, 0.00434600003,1.00000,
,,, 0.00434800005,1.00000,
,,, 0.00435000006,0.96000,
,,, 0.00435200008,0.96000,
,,, 0.00435400009,0.96000,
,,, 0.00435600011,1.00000,
,,, 0.00435800012,1.00000,
,,, 0.00436000014,1.00000,
,,, 0.00436200015,0.96000,
,,, 0.00436400017,1.00000,
,,, 0.00436600018,0.96000,
,,, 0.00436800020,0.96000,
,,, 0.00437000021,1.12000,
,,, 0.00437199976,1.16000,
,,, 0.00437399978,1.16000,
,,, 0.00437599979,1.16000,
,,, 0.00437799981,1.20000,
,,, 0.00437999982,1.16000,
,,, 0.00438199984,1.16000,
,,, 0.00438399985,1.16000,
,,, 0.00438599987,1.16000,
,,, 0.00438799988,1.16000,
,,, 0.00438999990,1.20000,
,,, 0.00439199992,1.16000,
,,, 0.00439399993,1.16000,
,,, 0.00439599995,1.16000,
,,, 0.00439799996,1.16000,
,,, 0.00439999998,1.16000,
,,, 0.00440199999,1.16000,
,,, 0.00440400001,1.16000,
,,, 0.00440600002,1.16000,
,,, 0.00440800004,1.16000,
,,, 0.00441000005,1.20000,
,,, 0.00441200007,1.16000,
,,, 0.00441400008,1.16000,
,,, 0.00441600010,1.16000,
,,, 0.00441800011,1.16000,
,,, 0.00442000013,1.16000,
,,, 0.00442200014,1.16000,
,,, 0.00442400016,1.16000,
,,, 0.00442600017,1.16000,
,,, 0.00442800019,1.16000,
,,, 0.00443000020,1.16000,
,,, 0.00443200022,1.16000,
,,, 0.00443399977,1.16000,
,,, 0.00443599978,1.16000,
,,, 0.00443799980,1.16000,
,,, 0.00443999982,1.16000,
,,, 0.00444199983,1.16000,
,,, 0.00444399985,1.20000,
,,, 0.00444599986,1.12000,
,,, 0.00444799988,1.16000,
,,, 0.00444999989,1.16000,
,,, 0.00445199991,1.16000,
,,, 0.00445399992,1.16000,
,,, 0.00445599994,1.16000,
,,, 0.00445799995,1.16000,
,,, 0.00445999997,1.16000,
,,, 0.00446199998,1.16000,
,,, 0.00446400000,1.16000,
,,, 0.00446600001,1.16000,
,,, 0.00446800003,1.16000,
,,, 0.00447000004,1.16000,
,,, 0.00447200006,1.16000,
,,, 0.00447400007,1.16000,
,,, 0.00447600009,1.16000,
,,, 0.00447800010,1.16000,
,,, 0.00448000012,1.12000,
,,, 0.00448200013,1.16000,
,,, 0.00448400015,1.16000,
,,, 0.00448600017,1.16000,
,,, 0.00448800018,1.16000,
,,, 0.00449000020,1.16000,
,,, 0.00449200021,1.20000,
,,, 0.00449399976,1.24000,
,,, 0.00449599978,1.32000,
,,, 0.00449799979,1.32000,
,,, 0.00449999981,1.28000,
,,, 0.00450199982,1.32000,
,,, 0.00450399984,1.32000,
,,, 0.00450599985,1.32000,
,,, 0.00450799987,1.32000,
,,, 0.00450999988,1.32000,
,,, 0.00451199990,1.32000,
,,, 0.00451399991,1.32000,
,,, 0.00451599993,1.32000,
,,, 0.00451799994,1.32000,
,,, 0.00451999996,1.32000,
,,, 0.00452199997,1.32000,
,,, 0.00452399999,1.32000,
,,, 0.00452600000,1.32000,
,,, 0.00452800002,1.32000,
,,, 0.00453000003,1.32000,
,,, 0.00453200005,1.32000,
,,, 0.00453400007,1.28000,
,,, 0.00453600008,1.28000,
,,, 0.00453800010,1.32000,
,,, 0.00454000011,1.32000,
,,, 0.00454200013,1.32000,
,,, 0.00454400014,1.32000,
,,, 0.00454600016,1.32000,
,,, 0.00454800017,1.32000,
,,, 0.00455000019,1.32000,
,,, 0.00455200020,1.32000,
,,, 0.00455400022,1.32000,
,,, 0.00455599977,1.32000,
,,, 0.00455799978,1.28000,
,,, 0.00455999980,1.32000,
,,, 0.00456199981,1.28000,
,,, 0.00456399983,1.32000,
,,, 0.00456599984,1.32000,
,,, 0.00456799986,1.32000,
,,, 0.00456999987,1.32000,
,,, 0.00457199989,1.32000,
,,, 0.00457399990,1.36000,
,,, 0.00457599992,1.32000,
,,, 0.00457799993,1.32000,
,,, 0.00457999995,1.32000,
,,, 0.00458199997,1.32000,
,,, 0.00458399998,1.32000,
,,, 0.00458600000,1.32000,
,,, 0.00458800001,1.32000,
,,, 0.00459000003,1.32000,
,,, 0.00459200004,1.32000,
,,, 0.00459400006,1.36000,
,,, 0.00459600007,1.32000,
,,, 0.00459800009,1.32000,
,,, 0.00460000010,1.32000,
,,, 0.00460200012,1.32000,
,,, 0.00460400013,1.32000,
,,, 0.00460600015,1.32000,
,,, 0.00460800016,1.32000,
,,, 0.00461000018,1.32000,
,,, 0.00461200019,1.32000,
,,, 0.00461400021,1.32000,
,,, 0.00461599976,1.32000,
,,, 0.00461799977,1.32000,
,,, 0.00461999979,1.48000,
,,, 0.00462199980,1.48000,
,,, 0.00462399982,1.44000,
,,, 0.00462599983,1.48000,
,,, 0.00462799985,1.48000,
,,, 0.00462999986,1.48000,
,,, 0.00463199988,1.44000,
,,, 0.00463399990,1.48000,
,,, 0.00463599991,1.48000,
,,, 0.00463799993,1.48000,
,,, 0.00463999994,1.44000,
,,, 0.00464199996,1.48000,
,,, 0.00464399997,1.44000,
,,, 0.00464599999,1.48000,
,,, 0.00464800000,1.44000,
,,, 0.00465000002,1.44000,
,,, 0.00465200003,1.48000,
,,, 0.00465400005,1.48000,
,,, 0.00465600006,1.48000,
,,, 0.00465800008,1.48000,
,,, 0.00466000009,1.48000,
,,, 0.00466200011,1.48000,
,,, 0.00466400012,1.44000,
,,, 0.00466600014,1.48000,
,,, 0.00466800015,1.48000,
,,, 0.00467000017,1.48000,
,,, 0.00467200018,1.48000,
,,, 0.00467400020,1.44000,
,,, 0.00467600022,1.44000,
,,, 0.00467799976,1.44000,
,,, 0.00467999978,1.48000,
,,, 0.00468199980,1.48000,
,,, 0.00468399981,1.44000,
,,, 0.00468599983,1.44000,
,,, 0.00468799984,1.48000,
,,, 0.00468999986,1.48000,
,,, 0.00469199987,1.44000,
,,, 0.00469399989,1.48000,
,,, 0.00469599990,1.48000,
,,, 0.00469799992,1.48000,
,,, 0.00469999993,1.48000,
,,, 0.00470199995,1.48000,
,,, 0.00470399996,1.48000,
,,, 0.00470599998,1.48000,
,,, 0.00470799999,1.44000,
,,, 0.00471000001,1.48000,
,,, 0.00471200002,1.44000,
,,, 0.00471400004,1.48000,
,,, 0.00471600005,1.44000,
,,, 0.00471800007,1.44000,
,,, 0.00472000008,1.48000,
,,, 0.00472200010,1.48000,
,,, 0.00472400011,1.48000,
,,, 0.00472600013,1.48000,
,,, 0.00472800015,1.48000,
,,, 0.00473000016,1.48000,
,,, 0.00473200018,1.48000,
,,, 0.00473400019,1.44000,
,,, 0.00473600021,1.44000,
,,, 0.00473799976,1.44000,
,,, 0.00473999977,1.48000,
,,, 0.00474199979,1.48000,
,,, 0.00474399980,1.64000,
,,, 0.00474599982,1.60000,
,,, 0.00474799983,1.64000,
,,, 0.00474999985,1.64000,
,,, 0.00475199986,1.64000,
,,, 0.00475399988,1.64000,
,,, 0.00475599989,1.64000,
,,, 0.00475799991,1.64000,
,,, 0.00475999992,1.60000,
,,, 0.00476199994,1.60000,
,,, 0.00476399995,1.64000,
,,, 0.00476599997,1.56000,
,,, 0.00476799998,1.64000,
,,, 0.00477000000,1.60000,
,,, 0.00477200001,1.64000,
,,, 0.00477400003,1.64000,
,,, 0.00477600005,1.60000,
,,, 0.00477800006,1.64000,
,,, 0.00478000008,1.64000,
,,, 0.00478200009,1.64000,
,,, 0.00478400011,1.60000,
,,, 0.00478600012,1.64000,
,,, 0.00478800014,1.60000,
,,, 0.00479000015,1.60000,
,,, 0.00479200017,1.64000,
,,, 0.00479400018,1.64000,
,,, 0.00479600020,1.60000,
,,, 0.00479800021,1.64000,
,,, 0.00479999976,1.64000,
,,, 0.00480199978,1.60000,
,,, 0.00480399979,1.60000,
,,, 0.00480599981,1.60000,
,,, 0.00480799982,1.60000,
,,, 0.00480999984,1.60000,
,,, 0.00481199985,1.60000,
,,, 0.00481399987,1.64000,
,,, 0.00481599988,1.60000,
,,, 0.00481799990,1.64000,
,,, 0.00481999991,1.60000,
,,, 0.00482199993,1.60000,
,,, 0.00482399995,1.64000,
,,, 0.00482599996,1.64000,
,,, 0.00482799998,1.64000,
,,, 0.00482999999,1.60000,
,,, 0.00483200001,1.64000,
,,, 0.00483400002,1.64000,
,,, 0.00483600004,1.64000,
,,, 0.00483800005,1.64000,
,,, 0.00484000007,1.60000,
,,, 0.00484200008,1.64000,
,,, 0.00484400010,1.60000,
,,, 0.00484600011,1.60000,
,,, 0.00484800013,1.60000,
,,, 0.00485000014,1.56000,
,,, 0.00485200016,1.60000,
,,, 0.00485400017,1.64000,
,,, 0.00485600019,1.56000,
,,, 0.00485800020,1.60000,
,,, 0.00486000022,1.64000,
,,, 0.00486199977,1.64000,
,,, 0.00486399978,1.64000,
,,, 0.00486599980,1.64000,
,,, 0.00486799981,1.76000,
,,, 0.00486999983,1.76000,
,,, 0.00487199984,1.76000,
,,, 0.00487399986,1.80000,
,,, 0.00487599988,1.76000,
,,, 0.00487799989,1.72000,
,,, 0.00487999991,1.80000,
,,, 0.00488199992,1.76000,
,,, 0.00488399994,1.80000,
,,, 0.00488599995,1.76000,
,,, 0.00488799997,1.72000,
,,, 0.00488999998,1.80000,
,,, 0.00489200000,1.76000,
,,, 0.00489400001,1.76000,
,,, 0.00489600003,1.76000,
,,, 0.00489800004,1.80000,
,,, 0.00490000006,1.80000,
,,, 0.00490200007,1.76000,
,,, 0.00490400009,1.72000,
,,, 0.00490600010,1.80000,
,,, 0.00490800012,1.80000,
,,, 0.00491000013,1.80000,
,,, 0.00491200015,1.80000,
,,, 0.00491400016,1.76000,
,,, 0.00491600018,1.76000,
,,, 0.00491800020,1.80000,
,,, 0.00492000021,1.76000,
,,, 0.00492199976,1.76000,
,,, 0.00492399978,1.80000,
,,, 0.00492599979,1.76000,
,,, 0.00492799981,1.76000,
,,, 0.00492999982,1.80000,
,,, 0.00493199984,1.76000,
,,, 0.00493399985,1.76000,
,,, 0.00493599987,1.76000,
,,, 0.00493799988,1.80000,
,,, 0.00493999990,1.80000,
,,, 0.00494199991,1.80000,
,,, 0.00494399993,1.76000,
,,, 0.00494599994,1.76000,
,,, 0.00494799996,1.80000,
,,, 0.00494999997,1.76000,
,,, 0.00495199999,1.80000,
,,, 0.00495400000,1.76000,
,,, 0.00495600002,1.76000,
,,, 0.00495800003,1.80000,
,,, 0.00496000005,1.76000,
,,, 0.00496200006,1.76000,
,,, 0.00496400008,1.76000,
,,, 0.00496600010,1.76000,
,,, 0.00496800011,1.76000,
,,, 0.00497000013,1.76000,
,,, 0.00497200014,1.80000,
,,, 0.00497400016,1.80000,
,,, 0.00497600017,1.76000,
,,, 0.00497800019,1.76000,
,,, 0.00498000020,1.76000,
,,, 0.00498200022,1.80000,
,,, 0.00498399977,1.76000,
,,, 0.00498599978,1.76000,
,,, 0.00498799980,1.72000,
,,, 0.00498999981,1.76000,
,,, 0.00499199983,1.88000,
,,, 0.00499399984,1.96000,
,,, 0.00499599986,1.92000,
,,, 0.00499799987,1.92000,
,,, 0.00499999989,1.96000,
,,, 0.00500199990,1.92000,
,,, 0.00500399992,1.92000,
,,, 0.00500599993,1.96000,
,,, 0.00500799995,1.96000,
,,, 0.00500999996,1.96000,
,,, 0.00501199998,1.96000,
,,, 0.00501399999,1.96000,
,,, 0.00501600001,1.96000,
,,, 0.00501800003,1.96000,
,,, 0.00502000004,1.96000,
,,, 0.00502200006,1.92000,
,,, 0.00502400007,1.92000,
,,, 0.00502600009,1.96000,
,,, 0.00502800010,1.92000,
,,, 0.00503000012,1.92000,
,,, 0.00503200013,1.96000,
,,, 0.00503400015,1.92000,
,,, 0.00503600016,1.92000,
,,, 0.00503800018,1.92000,
,,, 0.00504000019,1.92000,
,,, 0.00504200021,1.92000,
,,, 0.00504399976,1.88000,
,,, 0.00504599977,1.92000,
,,, 0.00504799979,1.96000,
,,, 0.00504999980,1.92000,
,,, 0.00505199982,1.92000,
,,, 0.00505399983,1.92000,
,,, 0.00505599985,1.92000,
,,, 0.00505799986,1.96000,
,,, 0.00505999988,1.92000,
,,, 0.00506199989,1.92000,
,,, 0.00506399991,1.92000,
,,, 0.00506599993,1.92000,
,,, 0.00506799994,1.92000,
,,, 0.00506999996,1.88000,
,,, 0.00507199997,1.96000,
,,, 0.00507399999,1.92000,
,,, 0.00507600000,1.92000,
,,, 0.00507800002,1.92000,
,,, 0.00508000003,1.92000,
,,, 0.00508200005,1.92000,
,,, 0.00508400006,1.88000,
,,, 0.00508600008,1.92000,
,,, 0.00508800009,1.92000,
,,, 0.00509000011,1.96000,
,,, 0.00509200012,1.96000,
,,, 0.00509400014,1.92000,
,,, 0.00509600015,1.96000,
,,, 0.00509800017,1.92000,
,,, 0.00510000018,1.92000,
,,, 0.00510200020,1.92000,
,,, 0.00510400021,1.92000,
,,, 0.00510599976,1.92000,
,,, 0.00510799978,1.88000,
,,, 0.00510999979,1.92000,
,,, 0.00511199981,1.88000,
,,, 0.00511399982,1.96000,
,,, 0.00511599984,1.96000,
,,, 0.00511799986,1.92000,
,,, 0.00511999987,1.88000,
,,, 0.00512199989,2.04000,
,,, 0.00512399990,2.08000,
,,, 0.00512599992,2.08000,
,,, 0.00512799993,2.08000,
,,, 0.00512999995,2.08000,
,,, 0.00513199996,2.08000,
,,, 0.00513399998,2.12000,
,,, 0.00513599999,2.08000,
,,, 0.00513800001,2.08000,
,,, 0.00514000002,2.08000,
,,, 0.00514200004,2.08000,
,,, 0.00514400005,2.08000,
,,, 0.00514600007,2.04000,
,,, 0.00514800008,2.08000,
,,, 0.00515000010,2.04000,
,,, 0.00515200011,2.04000,
,,, 0.00515400013,2.08000,
,,, 0.00515600014,2.08000,
,,, 0.00515800016,2.04000,
,,, 0.00516000018,2.04000,
,,, 0.00516200019,2.04000,
,,, 0.00516400021,2.04000,
,,, 0.00516599976,2.08000,
,,, 0.00516799977,2.04000,
,,, 0.00516999979,2.08000,
,,, 0.00517199980,2.04000,
,,, 0.00517399982,2.08000,
,,, 0.00517599983,2.08000,
,,, 0.00517799985,2.08000,
,,, 0.00517999986,2.04000,
,,, 0.00518199988,2.08000,
,,, 0.00518399989,2.12000,
,,, 0.00518599991,2.04000,
,,, 0.00518799992,2.08000,
,,, 0.00518999994,2.08000,
,,, 0.00519199995,2.04000,
,,, 0.00519399997,2.08000,
,,, 0.00519599998,2.08000,
,,, 0.00519800000,2.04000,
,,, 0.00520000001,2.04000,
,,, 0.00520200003,2.04000,
,,, 0.00520400004,2.04000,
,,, 0.00520600006,2.08000,
,,, 0.00520800008,2.08000,
,,, 0.00521000009,2.08000,
,,, 0.00521200011,2.04000,
,,, 0.00521400012,2.08000,
,,, 0.00521600014,2.08000,
,,, 0.00521800015,2.04000,
,,, 0.00522000017,2.08000,
,,, 0.00522200018,2.08000,
,,, 0.00522400020,2.08000,
,,, 0.00522600021,2.08000,
,,, 0.00522799976,2.04000,
,,, 0.00522999978,2.08000,
,,, 0.00523199979,2.04000,
,,, 0.00523399981,2.04000,
,,, 0.00523599982,2.08000,
,,, 0.00523799984,2.04000,
,,, 0.00523999985,2.04000,
,,, 0.00524199987,2.04000,
,,, 0.00524399988,2.04000,
,,, 0.00524599990,2.20000,
,,, 0.00524799991,2.20000,
,,, 0.00524999993,2.24000,
,,, 0.00525199994,2.24000,
,,, 0.00525399996,2.20000,
,,, 0.00525599997,2.24000,
,,, 0.00525799999,2.28000,
,,, 0.00526000001,2.24000,
,,, 0.00526200002,2.20000,
,,, 0.00526400004,2.24000,
,,, 0.00526600005,2.24000,
,,, 0.00526800007,2.20000,
,,, 0.00527000008,2.20000,
,,, 0.00527200010,2.20000,
,,, 0.00527400011,2.20000,
,,, 0.00527600013,2.24000,
,,, 0.00527800014,2.20000,
,,, 0.00528000016,2.20000,
,,, 0.00528200017,2.20000,
,,, 0.00528400019,2.24000,
,,, 0.00528600020,2.20000,
,,, 0.00528800022,2.20000,
,,, 0.00528999977,2.24000,
,,, 0.00529199978,2.20000,
,,, 0.00529399980,2.24000,
,,, 0.00529599981,2.20000,
,,, 0.00529799983,2.20000,
,,, 0.00529999984,2.24000,
,,, 0.00530199986,2.24000,
,,, 0.00530399987,2.20000,
,,, 0.00530599989,2.20000,
,,, 0.00530799991,2.24000,
,,, 0.00530999992,2.20000,
,,, 0.00531199994,2.20000,
,,, 0.00531399995,2.24000,
,,, 0.00531599997,2.20000,
,,, 0.00531799998,2.20000,
,,, 0.00532000000,2.20000,
,,, 0.00532200001,2.20000,
,,, 0.00532400003,2.20000,
,,, 0.00532600004,2.20000,
,,, 0.00532800006,2.20000,
,,, 0.00533000007,2.20000,
,,, 0.00533200009,2.24000,
,,, 0.00533400010,2.20000,
,,, 0.00533600012,2.20000,
,,, 0.00533800013,2.20000,
,,, 0.00534000015,2.24000,
,,, 0.00534200016,2.24000,
,,, 0.00534400018,2.24000,
,,, 0.00534600019,2.20000,
,,, 0.00534800021,2.20000,
,,, 0.00534999976,2.24000,
,,, 0.00535199977,2.24000,
,,, 0.00535399979,2.24000,
,,, 0.00535599981,2.20000,
,,, 0.00535799982,2.20000,
,,, 0.00535999984,2.24000,
,,, 0.00536199985,2.20000,
,,, 0.00536399987,2.24000,
,,, 0.00536599988,2.24000,
,,, 0.00536799990,2.24000,
,,, 0.00536999991,2.36000,
,,, 0.00537199993,2.36000,
,,, 0.00537399994,2.40000,
,,, 0.00537599996,2.36000,
,,, 0.00537799997,2.36000,
,,, 0.00537999999,2.40000,
,,, 0.00538200000,2.40000,
,,, 0.00538400002,2.36000,
,,, 0.00538600003,2.36000,
,,, 0.00538800005,2.36000,
,,, 0.00539000006,2.36000,
,,, 0.00539200008,2.36000,
,,, 0.00539400009,2.36000,
,,, 0.00539600011,2.40000,
,,, 0.00539800012,2.36000,
,,, 0.00540000014,2.36000,
,,, 0.00540200016,2.36000,
,,, 0.00540400017,2.36000,
,,, 0.00540600019,2.36000,
,,, 0.00540800020,2.36000,
,,, 0.00541000022,2.36000,
,,, 0.00541199977,2.36000,
,,, 0.00541399978,2.36000,
,,, 0.00541599980,2.40000,
,,, 0.00541799981,2.36000,
,,, 0.00541999983,2.40000,
,,, 0.00542199984,2.40000,
,,, 0.00542399986,2.36000,
,,, 0.00542599987,2.40000,
,,, 0.00542799989,2.36000,
,,, 0.00542999990,2.36000,
,,, 0.00543199992,2.36000,
,,, 0.00543399993,2.36000,
,,, 0.00543599995,2.36000,
,,, 0.00543799996,2.36000,
,,, 0.00543999998,2.36000,
,,, 0.00544199999,2.36000,
,,, 0.00544400001,2.36000,
,,, 0.00544600002,2.36000,
,,, 0.00544800004,2.36000,
,,, 0.00545000006,2.36000,
,,, 0.00545200007,2.36000,
,,, 0.00545400009,2.40000,
,,, 0.00545600010,2.36000,
,,, 0.00545800012,2.36000,
,,, 0.00546000013,2.40000,
,,, 0.00546200015,2.36000,
,,, 0.00546400016,2.36000,
,,, 0.00546600018,2.40000,
,,, 0.00546800019,2.36000,
,,, 0.00547000021,2.36000,
,,, 0.00547199976,2.40000,
,,, 0.00547399977,2.36000,
,,, 0.00547599979,2.40000,
,,, 0.00547799980,2.40000,
,,, 0.00547999982,2.40000,
,,, 0.00548199983,2.40000,
,,, 0.00548399985,2.40000,
,,, 0.00548599986,2.36000,
,,, 0.00548799988,2.40000,
,,, 0.00548999989,2.36000,
,,, 0.00549199991,2.36000,
,,, 0.00549399992,2.48000,
,,, 0.00549599994,2.52000,
,,, 0.00549799995,2.52000,
,,, 0.00549999997,2.52000,
,,, 0.00550199999,2.56000,
,,, 0.00550400000,2.52000,
,,, 0.00550600002,2.52000,
,,, 0.00550800003,2.52000,
,,, 0.00551000005,2.52000,
,,, 0.00551200006,2.56000,
,,, 0.00551400008,2.52000,
,,, 0.00551600009,2.52000,
,,, 0.00551800011,2.52000,
,,, 0.00552000012,2.52000,
,,, 0.00552200014,2.52000,
,,, 0.00552400015,2.52000,
,,, 0.00552600017,2.52000,
,,, 0.00552800018,2.52000,
,,, 0.00553000020,2.56000,
,,, 0.00553200021,2.52000,
,,, 0.00553399976,2.52000,
,,, 0.00553599978,2.52000,
,,, 0.00553799979,2.52000,
,,, 0.00553999981,2.56000,
,,, 0.00554199982,2.52000,
,,, 0.00554399984,2.56000,
,,, 0.00554599985,2.52000,
,,, 0.00554799987,2.52000,
,,, 0.00554999989,2.52000,
,,, 0.00555199990,2.52000,
,,, 0.00555399992,2.52000,
,,, 0.00555599993,2.52000,
,,, 0.00555799995,2.56000,
,,, 0.00555999996,2.52000,
,,, 0.00556199998,2.52000,
,,, 0.00556399999,2.52000,
,,, 0.00556600001,2.52000,
,,, 0.00556800002,2.52000,
,,, 0.00557000004,2.52000,
,,, 0.00557200005,2.52000,
,,, 0.00557400007,2.52000,
,,, 0.00557600008,2.52000,
,,, 0.00557800010,2.52000,
,,, 0.00558000011,2.52000,
,,, 0.00558200013,2.52000,
,,, 0.00558400014,2.52000,
,,, 0.00558600016,2.52000,
,,, 0.00558800017,2.56000,
,,, 0.00559000019,2.52000,
,,, 0.00559200021,2.52000,
,,, 0.00559399975,2.56000,
,,, 0.00559599977,2.52000,
,,, 0.00559799979,2.52000,
,,, 0.00559999980,2.52000,
,,, 0.00560199982,2.52000,
,,, 0.00560399983,2.52000,
,,, 0.00560599985,2.52000,
,,, 0.00560799986,2.52000,
,,, 0.00560999988,2.52000,
,,, 0.00561199989,2.52000,
,,, 0.00561399991,2.52000,
,,, 0.00561599992,2.52000,
,,, 0.00561799994,2.60000,
,,, 0.00561999995,2.68000,
,,, 0.00562199997,2.68000,
,,, 0.00562399998,2.68000,
,,, 0.00562600000,2.68000,
,,, 0.00562800001,2.68000,
,,, 0.00563000003,2.68000,
,,, 0.00563200004,2.68000,
,,, 0.00563400006,2.68000,
,,, 0.00563600007,2.68000,
,,, 0.00563800009,2.68000,
,,, 0.00564000010,2.68000,
,,, 0.00564200012,2.68000,
,,, 0.00564400014,2.68000,
,,, 0.00564600015,2.68000,
,,, 0.00564800017,2.68000,
,,, 0.00565000018,2.68000,
,,, 0.00565200020,2.68000,
,,, 0.00565400021,2.68000,
,,, 0.00565599976,2.68000,
,,, 0.00565799978,2.68000,
,,, 0.00565999979,2.68000,
,,, 0.00566199981,2.64000,
,,, 0.00566399982,2.68000,
,,, 0.00566599984,2.68000,
,,, 0.00566799985,2.68000,
,,, 0.00566999987,2.68000,
,,, 0.00567199988,2.68000,
,,, 0.00567399990,2.68000,
,,, 0.00567599991,2.68000,
,,, 0.00567799993,2.68000,
,,, 0.00567999994,2.68000,
,,, 0.00568199996,2.68000,
,,, 0.00568399997,2.68000,
,,, 0.00568599999,2.68000,
,,, 0.00568800000,2.68000,
,,, 0.00569000002,2.68000,
,,, 0.00569200004,2.72000,
,,, 0.00569400005,2.68000,
,,, 0.00569600007,2.68000,
,,, 0.00569800008,2.68000,
,,, 0.00570000010,2.68000,
,,, 0.00570200011,2.68000,
,,, 0.00570400013,2.68000,
,,, 0.00570600014,2.68000,
,,, 0.00570800016,2.68000,
,,, 0.00571000017,2.68000,
,,, 0.00571200019,2.68000,
,,, 0.00571400020,2.68000,
,,, 0.00571600022,2.68000,
,,, 0.00571799977,2.68000,
,,, 0.00571999978,2.68000,
,,, 0.00572199980,2.68000,
,,, 0.00572399981,2.68000,
,,, 0.00572599983,2.68000,
,,, 0.00572799984,2.68000,
,,, 0.00572999986,2.72000,
,,, 0.00573199987,2.64000,
,,, 0.00573399989,2.68000,
,,, 0.00573599990,2.68000,
,,, 0.00573799992,2.68000,
,,, 0.00573999994,2.68000,
,,, 0.00574199995,2.68000,
,,, 0.00574399997,2.84000,
,,, 0.00574599998,2.84000,
,,, 0.00574800000,2.84000,
,,, 0.00575000001,2.84000,
,,, 0.00575200003,2.84000,
,,, 0.00575400004,2.84000,
,,, 0.00575600006,2.84000,
,,, 0.00575800007,2.84000,
,,, 0.00576000009,2.84000,
,,, 0.00576200010,2.84000,
,,, 0.00576400012,2.84000,
,,, 0.00576600013,2.84000,
,,, 0.00576800015,2.84000,
,,, 0.00577000016,2.84000,
,,, 0.00577200018,2.84000,
,,, 0.00577400019,2.84000,
,,, 0.00577600021,2.84000,
,,, 0.00577799976,2.84000,
,,, 0.00577999977,2.84000,
,,, 0.00578199979,2.84000,
,,, 0.00578399980,2.84000,
,,, 0.00578599982,2.84000,
,,, 0.00578799983,2.84000,
,,, 0.00578999985,2.84000,
,,, 0.00579199987,2.84000,
,,, 0.00579399988,2.84000,
,,, 0.00579599990,2.84000,
,,, 0.00579799991,2.84000,
,,, 0.00579999993,2.84000,
,,, 0.00580199994,2.84000,
,,, 0.00580399996,2.84000,
,,, 0.00580599997,2.84000,
,,, 0.00580799999,2.84000,
,,, 0.00581000000,2.84000,
,,, 0.00581200002,2.84000,
,,, 0.00581400003,2.84000,
,,, 0.00581600005,2.84000,
,,, 0.00581800006,2.84000,
,,, 0.00582000008,2.84000,
,,, 0.00582200009,2.84000,
,,, 0.00582400011,2.84000,
,,, 0.00582600012,2.84000,
,,, 0.00582800014,2.84000,
,,, 0.00583000015,2.84000,
,,, 0.00583200017,2.84000,
,,, 0.00583400019,2.84000,
,,, 0.00583600020,2.84000,
,,, 0.00583800022,2.84000,
,,, 0.00583999977,2.84000,
,,, 0.00584199978,2.84000,
,,, 0.00584399980,2.84000,
,,, 0.00584599981,2.84000,
,,, 0.00584799983,2.84000,
,,, 0.00584999984,2.84000,
,,, 0.00585199986,2.84000,
,,, 0.00585399987,2.84000,
,,, 0.00585599989,2.84000,
,,, 0.00585799990,2.84000,
,,, 0.00585999992,2.84000,
,,, 0.00586199993,2.84000,
,,, 0.00586399995,2.84000,
,,, 0.00586599996,2.80000,
,,, 0.00586799998,3.00000,
,,, 0.00586999999,3.00000,
,,, 0.00587200001,2.96000,
,,, 0.00587400002,2.96000,
,,, 0.00587600004,3.00000,
,,, 0.00587800005,3.00000,
,,, 0.00588000007,3.00000,
,,, 0.00588200008,3.00000,
,,, 0.00588400010,3.00000,
,,, 0.00588600012,3.00000,
,,, 0.00588800013,3.00000,
,,, 0.00589000015,3.00000,
,,, 0.00589200016,3.00000,
,,, 0.00589400018,3.00000,
,,, 0.00589600019,3.00000,
,,, 0.00589800021,3.00000,
,,, 0.00589999976,3.00000,
,,, 0.00590199977,3.00000,
,,, 0.00590399979,3.00000,
,,, 0.00590599980,3.00000,
,,, 0.00590799982,3.00000,
,,, 0.00590999983,3.00000,
,,, 0.00591199985,3.00000,
,,, 0.00591399986,3.00000,
,,, 0.00591599988,3.00000,
,,, 0.00591799989,3.00000,
,,, 0.00591999991,3.00000,
,,, 0.00592199992,3.00000,
,,, 0.00592399994,3.00000,
,,, 0.00592599995,3.00000,
,,, 0.00592799997,3.00000,
,,, 0.00592999998,3.00000,
,,, 0.00593200000,3.00000,
,,, 0.00593400002,3.00000,
,,, 0.00593600003,3.00000,
,,, 0.00593800005,3.00000,
,,, 0.00594000006,3.00000,
,,, 0.00594200008,3.00000,
,,, 0.00594400009,3.00000,
,,, 0.00594600011,3.00000,
,,, 0.00594800012,2.96000,
,,, 0.00595000014,3.00000,
,,, 0.00595200015,3.00000,
,,, 0.00595400017,3.00000,
,,, 0.00595600018,3.00000,
,,, 0.00595800020,3.00000,
,,, 0.00596000021,3.00000,
,,, 0.00596199976,3.00000,
,,, 0.00596399978,3.00000,
,,, 0.00596599979,3.00000,
,,, 0.00596799981,3.00000,
,,, 0.00596999982,3.00000,
,,, 0.00597199984,3.00000,
,,, 0.00597399985,3.00000,
,,, 0.00597599987,3.00000,
,,, 0.00597799988,3.00000,
,,, 0.00597999990,3.00000,
,,, 0.00598199992,3.00000,
,,, 0.00598399993,3.00000,
,,, 0.00598599995,3.00000,
,,, 0.00598799996,3.00000,
,,, 0.00598999998,3.00000,
,,, 0.00599199999,3.16000,
,,, 0.00599400001,3.20000,
,,, 0.00599600002,3.20000,
,,, 0.00599800004,3.20000,
,,, 0.00600000005,3.16000,
,,, 0.00600200007,3.20000,
,,, 0.00600400008,3.16000,
,,, 0.00600600010,3.20000,
,,, 0.00600800011,3.20000,
,,, 0.00601000013,3.20000,
,,, 0.00601200014,3.20000,
,,, 0.00601400016,3.20000,
,,, 0.00601600017,3.20000,
,,, 0.00601800019,3.16000,
,,, 0.00602000020,3.16000,
,,, 0.00602199975,3.20000,
,,, 0.00602399977,3.20000,
,,, 0.00602599978,3.20000,
,,, 0.00602799980,3.16000,
,,, 0.00602999981,3.20000,
,,, 0.00603199983,3.20000,
,,, 0.00603399985,3.20000,
,,, 0.00603599986,3.20000,
,,, 0.00603799988,3.20000,
,,, 0.00603999989,3.16000,
,,, 0.00604199991,3.20000,
,,, 0.00604399992,3.20000,
,,, 0.00604599994,3.20000,
,,, 0.00604799995,3.20000,
,,, 0.00604999997,3.20000,
,,, 0.00605199998,3.20000,
,,, 0.00605400000,3.20000,
,,, 0.00605600001,3.16000,
,,, 0.00605800003,3.16000,
,,, 0.00606000004,3.20000,
,,, 0.00606200006,3.20000,
,,, 0.00606400007,3.16000,
,,, 0.00606600009,3.20000,
,,, 0.00606800010,3.20000,
,,, 0.00607000012,3.20000,
,,, 0.00607200013,3.16000,
,,, 0.00607400015,3.20000,
,,, 0.00607600017,3.20000,
,,, 0.00607800018,3.20000,
,,, 0.00608000020,3.20000,
,,, 0.00608200021,3.20000,
,,, 0.00608399976,3.20000,
,,, 0.00608599978,3.20000,
,,, 0.00608799979,3.16000,
,,, 0.00608999981,3.20000,
,,, 0.00609199982,3.20000,
,,, 0.00609399984,3.20000,
,,, 0.00609599985,3.20000,
,,, 0.00609799987,3.20000,
,,, 0.00609999988,3.20000,
,,, 0.00610199990,3.20000,
,,, 0.00610399991,3.20000,
,,, 0.00610599993,3.20000,
,,, 0.00610799994,3.20000,
,,, 0.00610999996,3.20000,
,,, 0.00611199997,3.20000,
,,, 0.00611399999,3.20000,
,,, 0.00611600000,3.20000,
,,, 0.00611800002,3.20000,
,,, 0.00612000003,3.20000,
,,, 0.00612200005,3.00000,
,,, 0.00612400007,3.00000,
,,, 0.00612600008,3.00000,
,,, 0.00612800010,3.00000,
,,, 0.00613000011,3.00000,
,,, 0.00613200013,3.00000,
,,, 0.00613400014,3.00000,
,,, 0.00613600016,3.00000,
,,, 0.00613800017,3.00000,
,,, 0.00614000019,2.96000,
,,, 0.00614200020,3.00000,
,,, 0.00614400022,3.00000,
,,, 0.00614599977,3.00000,
,,, 0.00614799978,3.00000,
,,, 0.00614999980,3.00000,
,,, 0.00615199981,3.00000,
,,, 0.00615399983,3.00000,
,,, 0.00615599984,3.00000,
,,, 0.00615799986,3.00000,
,,, 0.00615999987,3.00000,
,,, 0.00616199989,3.00000,
,,, 0.00616399990,3.00000,
,,, 0.00616599992,3.00000,
,,, 0.00616799993,3.00000,
,,, 0.00616999995,3.00000,
,,, 0.00617199996,3.00000,
,,, 0.00617399998,3.00000,
,,, 0.00617600000,3.00000,
,,, 0.00617800001,3.00000,
,,, 0.00618000003,3.00000,
,,, 0.00618200004,3.00000,
,,, 0.00618400006,3.00000,
,,, 0.00618600007,3.00000,
,,, 0.00618800009,2.96000,
,,, 0.00619000010,3.00000,
,,, 0.00619200012,3.00000,
,,, 0.00619400013,3.00000,
,,, 0.00619600015,3.00000,
,,, 0.00619800016,3.00000,
,,, 0.00620000018,3.00000,
,,, 0.00620200019,3.00000,
,,, 0.00620400021,3.00000,
,,, 0.00620599976,3.00000,
,,, 0.00620799977,2.96000,
,,, 0.00620999979,3.00000,
,,, 0.00621199980,3.00000,
,,, 0.00621399982,2.96000,
,,, 0.00621599983,2.96000,
,,, 0.00621799985,3.00000,
,,, 0.00621999986,3.00000,
,,, 0.00622199988,3.00000,
,,, 0.00622399990,2.96000,
,,, 0.00622599991,3.00000,
,,, 0.00622799993,2.96000,
,,, 0.00622999994,3.00000,
,,, 0.00623199996,3.00000,
,,, 0.00623399997,3.00000,
,,, 0.00623599999,3.00000,
,,, 0.00623800000,3.00000,
,,, 0.00624000002,3.00000,
,,, 0.00624200003,2.96000,
,,, 0.00624400005,3.00000,
,,, 0.00624600006,2.84000,
,,, 0.00624800008,2.84000,
,,, 0.00625000009,2.84000,
,,, 0.00625200011,2.84000,
,,, 0.00625400012,2.84000,
,,, 0.00625600014,2.84000,
,,, 0.00625800015,2.84000,
,,, 0.00626000017,2.84000,
,,, 0.00626200018,2.84000,
,,, 0.00626400020,2.84000,
,,, 0.00626600021,2.84000,
,,, 0.00626799976,2.84000,
,,, 0.00626999978,2.84000,
,,, 0.00627199979,2.84000,
,,, 0.00627399981,2.84000,
,,, 0.00627599983,2.84000,
,,, 0.00627799984,2.84000,
,,, 0.00627999986,2.84000,
,,, 0.00628199987,2.84000,
,,, 0.00628399989,2.84000,
,,, 0.00628599990,2.84000,
,,, 0.00628799992,2.84000,
,,, 0.00628999993,2.84000,
,,, 0.00629199995,2.84000,
,,, 0.00629399996,2.84000,
,,, 0.00629599998,2.84000,
,,, 0.00629799999,2.84000,
,,, 0.00630000001,2.84000,
,,, 0.00630200002,2.84000,
,,, 0.00630400004,2.84000,
,,, 0.00630600005,2.84000,
,,, 0.00630800007,2.84000,
,,, 0.00631000008,2.84000,
,,, 0.00631200010,2.84000,
,,, 0.00631400011,2.84000,
,,, 0.00631600013,2.84000,
,,, 0.00631800015,2.84000,
,,, 0.00632000016,2.84000,
,,, 0.00632200018,2.84000,
,,, 0.00632400019,2.84000,
,,, 0.00632600021,2.84000,
,,, 0.00632799976,2.84000,
,,, 0.00632999977,2.84000,
,,, 0.00633199979,2.84000,
,,, 0.00633399980,2.84000,
,,, 0.00633599982,2.84000,
,,, 0.00633799983,2.84000,
,,, 0.00633999985,2.84000,
,,, 0.00634199986,2.84000,
,,, 0.00634399988,2.84000,
,,, 0.00634599989,2.80000,
,,, 0.00634799991,2.84000,
,,, 0.00634999992,2.84000,
,,, 0.00635199994,2.84000,
,,, 0.00635399995,2.84000,
,,, 0.00635599997,2.84000,
,,, 0.00635799998,2.84000,
,,, 0.00636000000,2.84000,
,,, 0.00636200001,2.84000,
,,, 0.00636400003,2.84000,
,,, 0.00636600005,2.84000,
,,, 0.00636800006,2.84000,
,,, 0.00637000008,2.68000,
,,, 0.00637200009,2.68000,
,,, 0.00637400011,2.68000,
,,, 0.00637600012,2.68000,
,,, 0.00637800014,2.68000,
,,, 0.00638000015,2.68000,
,,, 0.00638200017,2.68000,
,,, 0.00638400018,2.68000,
,,, 0.00638600020,2.68000,
,,, 0.00638800021,2.68000,
,,, 0.00638999976,2.68000,
,,, 0.00639199978,2.68000,
,,, 0.00639399979,2.68000,
,,, 0.00639599981,2.68000,
,,, 0.00639799982,2.68000,
,,, 0.00639999984,2.68000,
,,, 0.00640199985,2.68000,
,,, 0.00640399987,2.68000,
,,, 0.00640599988,2.72000,
,,, 0.00640799990,2.68000,
,,, 0.00640999991,2.68000,
,,, 0.00641199993,2.68000,
,,, 0.00641399994,2.68000,
,,, 0.00641599996,2.68000,
,,, 0.00641799998,2.68000,
,,, 0.00641999999,2.68000,
,,, 0.00642200001,2.68000,
,,, 0.00642400002,2.68000,
,,, 0.00642600004,2.68000,
,,, 0.00642800005,2.68000,
,,, 0.00643000007,2.68000,
,,, 0.00643200008,2.68000,
,,, 0.00643400010,2.68000,
,,, 0.00643600011,2.68000,
,,, 0.00643800013,2.68000,
,,, 0.00644000014,2.68000,
,,, 0.00644200016,2.68000,
,,, 0.00644400017,2.68000,
,,, 0.00644600019,2.68000,
,,, 0.00644800020,2.68000,
,,, 0.00644999975,2.68000,
,,, 0.00645199977,2.68000,
,,, 0.00645399978,2.72000,
,,, 0.00645599980,2.68000,
,,, 0.00645799981,2.68000,
,,, 0.00645999983,2.68000,
,,, 0.00646199984,2.72000,
,,, 0.00646399986,2.68000,
,,, 0.00646599988,2.68000,
,,, 0.00646799989,2.68000,
,,, 0.00646999991,2.68000,
,,, 0.00647199992,2.68000,
,,, 0.00647399994,2.68000,
,,, 0.00647599995,2.72000,
,,, 0.00647799997,2.68000,
,,, 0.00647999998,2.68000,
,,, 0.00648200000,2.68000,
,,, 0.00648400001,2.68000,
,,, 0.00648600003,2.68000,
,,, 0.00648800004,2.68000,
,,, 0.00649000006,2.68000,
,,, 0.00649200007,2.68000,
,,, 0.00649400009,2.64000,
,,, 0.00649600010,2.56000,
,,, 0.00649800012,2.52000,
,,, 0.00650000013,2.52000,
,,, 0.00650200015,2.52000,
,,, 0.00650400016,2.56000,
,,, 0.00650600018,2.52000,
,,, 0.00650800020,2.56000,
,,, 0.00651000021,2.56000,
,,, 0.00651199976,2.52000,
,,, 0.00651399978,2.52000,
,,, 0.00651599979,2.52000,
,,, 0.00651799981,2.52000,
,,, 0.00651999982,2.52000,
,,, 0.00652199984,2.52000,
,,, 0.00652399985,2.52000,
,,, 0.00652599987,2.52000,
,,, 0.00652799988,2.52000,
,,, 0.00652999990,2.56000,
,,, 0.00653199991,2.52000,
,,, 0.00653399993,2.52000,
,,, 0.00653599994,2.56000,
,,, 0.00653799996,2.52000,
,,, 0.00653999997,2.52000,
,,, 0.00654199999,2.52000,
,,, 0.00654400000,2.52000,
,,, 0.00654600002,2.56000,
,,, 0.00654800003,2.52000,
,,, 0.00655000005,2.52000,
,,, 0.00655200006,2.52000,
,,, 0.00655400008,2.52000,
,,, 0.00655600009,2.52000,
,,, 0.00655800011,2.52000,
,,, 0.00656000013,2.52000,
,,, 0.00656200014,2.52000,
,,, 0.00656400016,2.52000,
,,, 0.00656600017,2.52000,
,,, 0.00656800019,2.52000,
,,, 0.00657000020,2.52000,
,,, 0.00657199975,2.56000,
,,, 0.00657399977,2.56000,
,,, 0.00657599978,2.52000,
,,, 0.00657799980,2.52000,
,,, 0.00657999981,2.52000,
,,, 0.00658199983,2.52000,
,,, 0.00658399984,2.52000,
,,, 0.00658599986,2.52000,
,,, 0.00658799987,2.56000,
,,, 0.00658999989,2.56000,
,,, 0.00659199990,2.52000,
,,, 0.00659399992,2.56000,
,,, 0.00659599993,2.56000,
,,, 0.00659799995,2.56000,
,,, 0.00659999996,2.52000,
,,, 0.00660199998,2.52000,
,,, 0.00660399999,2.56000,
,,, 0.00660600001,2.56000,
,,, 0.00660800003,2.52000,
,,, 0.00661000004,2.52000,
,,, 0.00661200006,2.52000,
,,, 0.00661400007,2.52000,
,,, 0.00661600009,2.52000,
,,, 0.00661800010,2.52000,
,,, 0.00662000012,2.36000,
,,, 0.00662200013,2.36000,
,,, 0.00662400015,2.36000,
,,, 0.00662600016,2.36000,
,,, 0.00662800018,2.40000,
,,, 0.00663000019,2.40000,
,,, 0.00663200021,2.40000,
,,, 0.00663399976,2.40000,
,,, 0.00663599977,2.40000,
,,, 0.00663799979,2.36000,
,,, 0.00663999980,2.36000,
,,, 0.00664199982,2.40000,
,,, 0.00664399983,2.36000,
,,, 0.00664599985,2.36000,
,,, 0.00664799986,2.40000,
,,, 0.00664999988,2.36000,
,,, 0.00665199989,2.36000,
,,, 0.00665399991,2.36000,
,,, 0.00665599992,2.36000,
,,, 0.00665799994,2.40000,
,,, 0.00665999996,2.36000,
,,, 0.00666199997,2.40000,
,,, 0.00666399999,2.36000,
,,, 0.00666600000,2.40000,
,,, 0.00666800002,2.36000,
,,, 0.00667000003,2.40000,
,,, 0.00667200005,2.40000,
,,, 0.00667400006,2.36000,
,,, 0.00667600008,2.36000,
,,, 0.00667800009,2.40000,
,,, 0.00668000011,2.36000,
,,, 0.00668200012,2.36000,
,,, 0.00668400014,2.36000,
,,, 0.00668600015,2.36000,
,,, 0.00668800017,2.40000,
,,, 0.00669000018,2.40000,
,,, 0.00669200020,2.36000,
,,, 0.00669400021,2.40000,
,,, 0.00669599976,2.40000,
,,, 0.00669799978,2.40000,
,,, 0.00669999979,2.36000,
,,, 0.00670199981,2.40000,
,,, 0.00670399982,2.40000,
,,, 0.00670599984,2.36000,
,,, 0.00670799986,2.44000,
,,, 0.00670999987,2.36000,
,,, 0.00671199989,2.40000,
,,, 0.00671399990,2.36000,
,,, 0.00671599992,2.40000,
,,, 0.00671799993,2.40000,
,,, 0.00671999995,2.44000,
,,, 0.00672199996,2.40000,
,,, 0.00672399998,2.36000,
,,, 0.00672599999,2.36000,
,,, 0.00672800001,2.40000,
,,, 0.00673000002,2.40000,
,,, 0.00673200004,2.40000,
,,, 0.00673400005,2.40000,
,,, 0.00673600007,2.36000,
,,, 0.00673800008,2.40000,
,,, 0.00674000010,2.40000,
,,, 0.00674200011,2.36000,
,,, 0.00674400013,2.28000,
,,, 0.00674600014,2.24000,
,,, 0.00674800016,2.24000,
,,, 0.00675000018,2.24000,
,,, 0.00675200019,2.20000,
,,, 0.00675400021,2.20000,
,,, 0.00675599976,2.20000,
,,, 0.00675799977,2.24000,
,,, 0.00675999979,2.24000,
,,, 0.00676199980,2.24000,
,,, 0.00676399982,2.24000,
,,, 0.00676599983,2.20000,
,,, 0.00676799985,2.20000,
,,, 0.00676999986,2.24000,
,,, 0.00677199988,2.24000,
,,, 0.00677399989,2.24000,
,,, 0.00677599991,2.20000,
,,, 0.00677799992,2.24000,
,,, 0.00677999994,2.20000,
,,, 0.00678199995,2.20000,
,,, 0.00678399997,2.20000,
,,, 0.00678599998,2.24000,
,,, 0.00678800000,2.24000,
,,, 0.00679000001,2.24000,
,,, 0.00679200003,2.20000,
,,, 0.00679400004,2.20000,
,,, 0.00679600006,2.20000,
,,, 0.00679800007,2.24000,
,,, 0.00680000009,2.20000,
,,, 0.00680200011,2.24000,
,,, 0.00680400012,2.24000,
,,, 0.00680600014,2.24000,
,,, 0.00680800015,2.24000,
,,, 0.00681000017,2.24000,
,,, 0.00681200018,2.24000,
,,, 0.00681400020,2.24000,
,,, 0.00681600021,2.20000,
,,, 0.00681799976,2.24000,
,,, 0.00681999978,2.24000,
,,, 0.00682199979,2.20000,
,,, 0.00682399981,2.24000,
,,, 0.00682599982,2.24000,
,,, 0.00682799984,2.24000,
,,, 0.00682999985,2.24000,
,,, 0.00683199987,2.28000,
,,, 0.00683399988,2.20000,
,,, 0.00683599990,2.20000,
,,, 0.00683799991,2.24000,
,,, 0.00683999993,2.20000,
,,, 0.00684199994,2.28000,
,,, 0.00684399996,2.24000,
,,, 0.00684599997,2.24000,
,,, 0.00684799999,2.24000,
,,, 0.00685000001,2.28000,
,,, 0.00685200002,2.20000,
,,, 0.00685400004,2.20000,
,,, 0.00685600005,2.20000,
,,, 0.00685800007,2.20000,
,,, 0.00686000008,2.20000,
,,, 0.00686200010,2.24000,
,,, 0.00686400011,2.24000,
,,, 0.00686600013,2.24000,
,,, 0.00686800014,2.08000,
,,, 0.00687000016,2.12000,
,,, 0.00687200017,2.08000,
,,, 0.00687400019,2.08000,
,,, 0.00687600020,2.08000,
,,, 0.00687799975,2.08000,
,,, 0.00687999977,2.08000,
,,, 0.00688199978,2.08000,
,,, 0.00688399980,2.08000,
,,, 0.00688599981,2.04000,
,,, 0.00688799983,2.08000,
,,, 0.00688999984,2.04000,
,,, 0.00689199986,2.08000,
,,, 0.00689399987,2.08000,
,,, 0.00689599989,2.08000,
,,, 0.00689799991,2.12000,
,,, 0.00689999992,2.08000,
,,, 0.00690199994,2.08000,
,,, 0.00690399995,2.04000,
,,, 0.00690599997,2.08000,
,,, 0.00690799998,2.08000,
,,, 0.00691000000,2.08000,
,,, 0.00691200001,2.08000,
,,, 0.00691400003,2.08000,
,,, 0.00691600004,2.08000,
,,, 0.00691800006,2.08000,
,,, 0.00692000007,2.12000,
,,, 0.00692200009,2.08000,
,,, 0.00692400010,2.08000,
,,, 0.00692600012,2.08000,
,,, 0.00692800013,2.04000,
,,, 0.00693000015,2.04000,
,,, 0.00693200016,2.08000,
,,, 0.00693400018,2.08000,
,,, 0.00693600019,2.08000,
,,, 0.00693800021,2.04000,
,,, 0.00693999976,2.08000,
,,, 0.00694199977,2.12000,
,,, 0.00694399979,2.08000,
,,, 0.00694599980,2.08000,
,,, 0.00694799982,2.08000,
,,, 0.00694999984,2.08000,
,,, 0.00695199985,2.08000,
,,, 0.00695399987,2.08000,
,,, 0.00695599988,2.08000,
,,, 0.00695799990,2.08000,
,,, 0.00695999991,2.08000,
,,, 0.00696199993,2.08000,
,,, 0.00696399994,2.08000,
,,, 0.00696599996,2.08000,
,,, 0.00696799997,2.08000,
,,, 0.00696999999,2.12000,
,,, 0.00697200000,2.08000,
,,, 0.00697400002,2.08000,
,,, 0.00697600003,2.08000,
,,, 0.00697800005,2.04000,
,,, 0.00698000006,2.08000,
,,, 0.00698200008,2.08000,
,,, 0.00698400009,2.12000,
,,, 0.00698600011,2.08000,
,,, 0.00698800012,2.08000,
,,, 0.00699000014,2.08000,
,,, 0.00699200016,2.00000,
,,, 0.00699400017,1.96000,
,,, 0.00699600019,1.96000,
,,, 0.00699800020,1.92000,
,,, 0.00699999975,1.96000,
,,, 0.00700199977,1.92000,
,,, 0.00700399978,1.96000,
,,, 0.00700599980,1.96000,
,,, 0.00700799981,1.92000,
,,, 0.00700999983,1.96000,
,,, 0.00701199984,1.92000,
,,, 0.00701399986,1.96000,
,,, 0.00701599987,1.96000,
,,, 0.00701799989,1.96000,
,,, 0.00701999990,1.96000,
,,, 0.00702199992,1.96000,
,,, 0.00702399993,1.96000,
,,, 0.00702599995,1.96000,
,,, 0.00702799996,1.92000,
,,, 0.00702999998,1.96000,
,,, 0.00703199999,1.92000,
,,, 0.00703400001,1.92000,
,,, 0.00703600002,1.92000,
,,, 0.00703800004,1.92000,
,,, 0.00704000005,1.96000,
,,, 0.00704200007,1.92000,
,,, 0.00704400009,1.96000,
,,, 0.00704600010,1.96000,
,,, 0.00704800012,1.92000,
,,, 0.00705000013,1.96000,
,,, 0.00705200015,1.96000,
,,, 0.00705400016,1.88000,
,,, 0.00705600018,1.92000,
,,, 0.00705800019,1.96000,
,,, 0.00706000021,1.96000,
,,, 0.00706199976,1.92000,
,,, 0.00706399977,1.96000,
,,, 0.00706599979,1.92000,
,,, 0.00706799980,1.96000,
,,, 0.00706999982,1.96000,
,,, 0.00707199983,1.96000,
,,, 0.00707399985,1.92000,
,,, 0.00707599986,1.92000,
,,, 0.00707799988,1.96000,
,,, 0.00707999989,1.92000,
,,, 0.00708199991,1.92000,
,,, 0.00708399992,1.96000,
,,, 0.00708599994,1.96000,
,,, 0.00708799995,1.96000,
,,, 0.00708999997,1.96000,
,,, 0.00709199999,1.92000,
,,, 0.00709400000,1.92000,
,,, 0.00709600002,1.92000,
,,, 0.00709800003,1.96000,
,,, 0.00710000005,1.92000,
,,, 0.00710200006,1.92000,
,,, 0.00710400008,1.96000,
,,, 0.00710600009,1.96000,
,,, 0.00710800011,1.96000,
,,, 0.00711000012,1.96000,
,,, 0.00711200014,1.92000,
,,, 0.00711400015,1.92000,
,,, 0.00711600017,1.96000,
,,, 0.00711800018,1.96000,
,,, 0.00712000020,1.92000,
,,, 0.00712200021,1.80000,
,,, 0.00712399976,1.80000,
,,, 0.00712599978,1.80000,
,,, 0.00712799979,1.76000,
,,, 0.00712999981,1.80000,
,,, 0.00713199982,1.76000,
,,, 0.00713399984,1.80000,
,,, 0.00713599985,1.80000,
,,, 0.00713799987,1.80000,
,,, 0.00713999989,1.80000,
,,, 0.00714199990,1.80000,
,,, 0.00714399992,1.76000,
,,, 0.00714599993,1.80000,
,,, 0.00714799995,1.80000,
,,, 0.00714999996,1.76000,
,,, 0.00715199998,1.80000,
,,, 0.00715399999,1.80000,
,,, 0.00715600001,1.76000,
,,, 0.00715800002,1.80000,
,,, 0.00716000004,1.80000,
,,, 0.00716200005,1.76000,
,,, 0.00716400007,1.80000,
,,, 0.00716600008,1.76000,
,,, 0.00716800010,1.80000,
,,, 0.00717000011,1.80000,
,,, 0.00717200013,1.76000,
,,, 0.00717400014,1.76000,
,,, 0.00717600016,1.76000,
,,, 0.00717800017,1.80000,
,,, 0.00718000019,1.80000,
,,, 0.00718200020,1.80000,
,,, 0.00718399975,1.76000,
,,, 0.00718599977,1.76000,
,,, 0.00718799978,1.76000,
,,, 0.00718999980,1.80000,
,,, 0.00719199982,1.80000,
,,, 0.00719399983,1.76000,
,,, 0.00719599985,1.76000,
,,, 0.00719799986,1.76000,
,,, 0.00719999988,1.76000,
,,, 0.00720199989,1.80000,
,,, 0.00720399991,1.80000,
,,, 0.00720599992,1.76000,
,,, 0.00720799994,1.76000,
,,, 0.00720999995,1.76000,
,,, 0.00721199997,1.76000,
,,, 0.00721399998,1.76000,
,,, 0.00721600000,1.80000,
,,, 0.00721800001,1.80000,
,,, 0.00722000003,1.80000,
,,, 0.00722200004,1.76000,
,,, 0.00722400006,1.80000,
,,, 0.00722600007,1.80000,
,,, 0.00722800009,1.76000,
,,, 0.00723000010,1.80000,
,,, 0.00723200012,1.80000,
,,, 0.00723400014,1.80000,
,,, 0.00723600015,1.76000,
,,, 0.00723800017,1.76000,
,,, 0.00724000018,1.80000,
,,, 0.00724200020,1.76000,
,,, 0.00724400021,1.80000,
,,, 0.00724599976,1.64000,
,,, 0.00724799978,1.64000,
,,, 0.00724999979,1.64000,
,,, 0.00725199981,1.60000,
,,, 0.00725399982,1.60000,
,,, 0.00725599984,1.64000,
,,, 0.00725799985,1.60000,
,,, 0.00725999987,1.64000,
,,, 0.00726199988,1.64000,
,,, 0.00726399990,1.60000,
,,, 0.00726599991,1.64000,
,,, 0.00726799993,1.64000,
,,, 0.00726999994,1.64000,
,,, 0.00727199996,1.64000,
,,, 0.00727399997,1.60000,
,,, 0.00727599999,1.60000,
,,, 0.00727800000,1.64000,
,,, 0.00728000002,1.60000,
,,, 0.00728200004,1.64000,
,,, 0.00728400005,1.64000,
,,, 0.00728600007,1.64000,
,,, 0.00728800008,1.64000,
,,, 0.00729000010,1.60000,
,,, 0.00729200011,1.64000,
,,, 0.00729400013,1.64000,
,,, 0.00729600014,1.64000,
,,, 0.00729800016,1.64000,
,,, 0.00730000017,1.64000,
,,, 0.00730200019,1.64000,
,,, 0.00730400020,1.64000,
,,, 0.00730599975,1.64000,
,,, 0.00730799977,1.64000,
,,, 0.00730999978,1.64000,
,,, 0.00731199980,1.64000,
,,, 0.00731399981,1.64000,
,,, 0.00731599983,1.64000,
,,, 0.00731799984,1.60000,
,,, 0.00731999986,1.60000,
,,, 0.00732199987,1.64000,
,,, 0.00732399989,1.64000,
,,, 0.00732599990,1.60000,
,,, 0.00732799992,1.64000,
,,, 0.00732999993,1.64000,
,,, 0.00733199995,1.68000,
,,, 0.00733399997,1.60000,
,,, 0.00733599998,1.64000,
,,, 0.00733800000,1.64000,
,,, 0.00734000001,1.64000,
,,, 0.00734200003,1.64000,
,,, 0.00734400004,1.64000,
,,, 0.00734600006,1.60000,
,,, 0.00734800007,1.64000,
,,, 0.00735000009,1.60000,
,,, 0.00735200010,1.64000,
,,, 0.00735400012,1.64000,
,,, 0.00735600013,1.64000,
,,, 0.00735800015,1.64000,
,,, 0.00736000016,1.64000,
,,, 0.00736200018,1.64000,
,,, 0.00736400019,1.64000,
,,, 0.00736600021,1.64000,
,,, 0.00736799976,1.64000,
,,, 0.00736999977,1.52000,
,,, 0.00737199979,1.48000,
,,, 0.00737399980,1.48000,
,,, 0.00737599982,1.48000,
,,, 0.00737799983,1.48000,
,,, 0.00737999985,1.44000,
,,, 0.00738199987,1.44000,
,,, 0.00738399988,1.48000,
,,, 0.00738599990,1.48000,
,,, 0.00738799991,1.48000,
,,, 0.00738999993,1.48000,
,,, 0.00739199994,1.48000,
,,, 0.00739399996,1.48000,
,,, 0.00739599997,1.48000,
,,, 0.00739799999,1.48000,
,,, 0.00740000000,1.48000,
,,, 0.00740200002,1.48000,
,,, 0.00740400003,1.48000,
,,, 0.00740600005,1.44000,
,,, 0.00740800006,1.48000,
,,, 0.00741000008,1.48000,
,,, 0.00741200009,1.48000,
,,, 0.00741400011,1.52000,
,,, 0.00741600012,1.48000,
,,, 0.00741800014,1.48000,
,,, 0.00742000015,1.48000,
,,, 0.00742200017,1.48000,
,,, 0.00742400018,1.48000,
,,, 0.00742600020,1.48000,
,,, 0.00742799975,1.44000,
,,, 0.00742999977,1.48000,
,,, 0.00743199978,1.48000,
,,, 0.00743399980,1.48000,
,,, 0.00743599981,1.48000,
,,, 0.00743799983,1.44000,
,,, 0.00743999984,1.48000,
,,, 0.00744199986,1.48000,
,,, 0.00744399987,1.48000,
,,, 0.00744599989,1.48000,
,,, 0.00744799990,1.52000,
,,, 0.00744999992,1.48000,
,,, 0.00745199993,1.48000,
,,, 0.00745399995,1.48000,
,,, 0.00745599996,1.48000,
,,, 0.00745799998,1.44000,
,,, 0.00745999999,1.48000,
,,, 0.00746200001,1.48000,
,,, 0.00746400002,1.44000,
,,, 0.00746600004,1.48000,
,,, 0.00746800005,1.48000,
,,, 0.00747000007,1.48000,
,,, 0.00747200008,1.48000,
,,, 0.00747400010,1.48000,
,,, 0.00747600012,1.48000,
,,, 0.00747800013,1.48000,
,,, 0.00748000015,1.48000,
,,, 0.00748200016,1.48000,
,,, 0.00748400018,1.48000,
,,, 0.00748600019,1.48000,
,,, 0.00748800021,1.48000,
,,, 0.00748999976,1.48000,
,,, 0.00749199977,1.48000,
,,, 0.00749399979,1.44000,
,,, 0.00749599980,1.32000,
,,, 0.00749799982,1.32000,
,,, 0.00749999983,1.32000,
,,, 0.00750199985,1.32000,
,,, 0.00750399986,1.32000,
,,, 0.00750599988,1.32000,
,,, 0.00750799989,1.32000,
,,, 0.00750999991,1.32000,
,,, 0.00751199992,1.32000,
,,, 0.00751399994,1.32000,
,,, 0.00751599995,1.32000,
,,, 0.00751799997,1.28000,
,,, 0.00751999998,1.32000,
,,, 0.00752200000,1.32000,
,,, 0.00752400002,1.32000,
,,, 0.00752600003,1.32000,
,,, 0.00752800005,1.32000,
,,, 0.00753000006,1.32000,
,,, 0.00753200008,1.32000,
,,, 0.00753400009,1.36000,
,,, 0.00753600011,1.36000,
,,, 0.00753800012,1.32000,
,,, 0.00754000014,1.32000,
,,, 0.00754200015,1.32000,
,,, 0.00754400017,1.32000,
,,, 0.00754600018,1.32000,
,,, 0.00754800020,1.36000,
,,, 0.00755000021,1.32000,
,,, 0.00755199976,1.32000,
,,, 0.00755399978,1.32000,
,,, 0.00755599979,1.32000,
,,, 0.00755799981,1.32000,
,,, 0.00755999982,1.32000,
,,, 0.00756199984,1.32000,
,,, 0.00756399985,1.36000,
,,, 0.00756599987,1.32000,
,,, 0.00756799988,1.32000,
,,, 0.00756999990,1.32000,
,,, 0.00757199991,1.32000,
,,, 0.00757399993,1.32000,
,,, 0.00757599995,1.36000,
,,, 0.00757799996,1.32000,
,,, 0.00757999998,1.32000,
,,, 0.00758199999,1.32000,
,,, 0.00758400001,1.32000,
,,, 0.00758600002,1.32000,
,,, 0.00758800004,1.32000,
,,, 0.00759000005,1.32000,
,,, 0.00759200007,1.32000,
,,, 0.00759400008,1.32000,
,,, 0.00759600010,1.32000,
,,, 0.00759800011,1.32000,
,,, 0.00760000013,1.28000,
,,, 0.00760200014,1.32000,
,,, 0.00760400016,1.32000,
,,, 0.00760600017,1.32000,
,,, 0.00760800019,1.32000,
,,, 0.00761000020,1.32000,
,,, 0.00761199975,1.36000,
,,, 0.00761399977,1.36000,
,,, 0.00761599978,1.36000,
,,, 0.00761799980,1.32000,
,,, 0.00761999981,1.16000,
,,, 0.00762199983,1.16000,
,,, 0.00762399985,1.16000,
,,, 0.00762599986,1.20000,
,,, 0.00762799988,1.16000,
,,, 0.00762999989,1.16000,
,,, 0.00763199991,1.16000,
,,, 0.00763399992,1.20000,
,,, 0.00763599994,1.20000,
,,, 0.00763799995,1.20000,
,,, 0.00763999997,1.16000,
,,, 0.00764199998,1.16000,
,,, 0.00764400000,1.16000,
,,, 0.00764600001,1.16000,
,,, 0.00764800003,1.16000,
,,, 0.00765000004,1.16000,
,,, 0.00765200006,1.16000,
,,, 0.00765400007,1.20000,
,,, 0.00765600009,1.16000,
,,, 0.00765800010,1.16000,
,,, 0.00766000012,1.16000,
,,, 0.00766200013,1.16000,
,,, 0.00766400015,1.20000,
,,, 0.00766600017,1.16000,
,,, 0.00766800018,1.16000,
,,, 0.00767000020,1.16000,
,,, 0.00767200021,1.16000,
,,, 0.00767399976,1.16000,
,,, 0.00767599978,1.16000,
,,, 0.00767799979,1.16000,
,,, 0.00767999981,1.16000,
,,, 0.00768199982,1.16000,
,,, 0.00768399984,1.16000,
,,, 0.00768599985,1.16000,
,,, 0.00768799987,1.16000,
,,, 0.00768999988,1.20000,
,,, 0.00769199990,1.16000,
,,, 0.00769399991,1.20000,
,,, 0.00769599993,1.16000,
,,, 0.00769799994,1.20000,
,,, 0.00769999996,1.20000,
,,, 0.00770199997,1.16000,
,,, 0.00770399999,1.20000,
,,, 0.00770600000,1.20000,
,,, 0.00770800002,1.16000,
,,, 0.00771000003,1.16000,
,,, 0.00771200005,1.16000,
,,, 0.00771400006,1.16000,
,,, 0.00771600008,1.16000,
,,, 0.00771800010,1.16000,
,,, 0.00772000011,1.16000,
,,, 0.00772200013,1.16000,
,,, 0.00772400014,1.16000,
,,, 0.00772600016,1.16000,
,,, 0.00772800017,1.20000,
,,, 0.00773000019,1.16000,
,,, 0.00773200020,1.20000,
,,, 0.00773399975,1.16000,
,,, 0.00773599977,1.16000,
,,, 0.00773799978,1.16000,
,,, 0.00773999980,1.16000,
,,, 0.00774199981,1.16000,
,,, 0.00774399983,1.00000,
,,, 0.00774599984,0.96000,
,,, 0.00774799986,1.00000,
,,, 0.00774999987,1.00000,
,,, 0.00775199989,0.96000,
,,, 0.00775399990,1.00000,
,,, 0.00775599992,0.96000,
,,, 0.00775799993,0.96000,
,,, 0.00775999995,1.00000,
,,, 0.00776199996,0.96000,
,,, 0.00776399998,1.00000,
,,, 0.00776600000,0.96000,
,,, 0.00776800001,1.00000,
,,, 0.00777000003,1.00000,
,,, 0.00777200004,1.00000,
,,, 0.00777400006,0.96000,
,,, 0.00777600007,0.96000,
,,, 0.00777800009,0.96000,
,,, 0.00778000010,1.00000,
,,, 0.00778200012,1.00000,
,,, 0.00778400013,1.08000,
,,, 0.00778600015,0.96000,
,,, 0.00778800016,1.00000,
,,, 0.00779000018,1.00000,
,,, 0.00779200019,0.96000,
,,, 0.00779400021,1.00000,
,,, 0.00779599976,1.00000,
,,, 0.00779799977,0.96000,
,,, 0.00779999979,0.96000,
,,, 0.00780199980,1.00000,
,,, 0.00780399982,1.00000,
,,, 0.00780599983,1.00000,
,,, 0.00780799985,0.96000,
,,, 0.00780999986,1.00000,
,,, 0.00781199988,1.00000,
,,, 0.00781400036,1.00000,
,,, 0.00781599991,1.00000,
,,, 0.00781800039,0.96000,
,,, 0.00781999994,0.96000,
,,, 0.00782200042,1.00000,
,,, 0.00782399997,0.96000,
,,, 0.00782599952,0.96000,
,,, 0.00782800000,1.00000,
,,, 0.00782999955,0.96000,
,,, 0.00783200003,0.96000,
,,, 0.00783399958,1.00000,
,,, 0.00783600006,1.00000,
,,, 0.00783799961,0.96000,
,,, 0.00784000009,0.96000,
,,, 0.00784199964,1.00000,
,,, 0.00784400012,1.00000,
,,, 0.00784599967,0.96000,
,,, 0.00784800015,1.00000,
,,, 0.00784999970,1.00000,
,,, 0.00785200018,1.00000,
,,, 0.00785399973,0.96000,
,,, 0.00785600021,1.00000,
,,, 0.00785799976,0.96000,
,,, 0.00786000025,1.00000,
,,, 0.00786199979,0.96000,
,,, 0.00786400028,1.00000,
,,, 0.00786599983,0.96000,
,,, 0.00786800031,0.84000,
,,, 0.00786999986,0.84000,
,,, 0.00787200034,0.84000,
,,, 0.00787399989,0.88000,
,,, 0.00787600037,0.84000,
,,, 0.00787799992,0.80000,
,,, 0.00788000040,0.84000,
,,, 0.00788199995,0.80000,
,,, 0.00788400043,0.84000,
,,, 0.00788599998,0.80000,
,,, 0.00788799953,0.80000,
,,, 0.00789000001,0.84000,
,,, 0.00789199956,0.80000,
,,, 0.00789400004,0.84000,
,,, 0.00789599959,0.80000,
,,, 0.00789800007,0.84000,
,,, 0.00789999962,0.84000,
,,, 0.00790200010,0.84000,
,,, 0.00790399965,0.80000,
,,, 0.00790600013,0.80000,
,,, 0.00790799968,0.84000,
,,, 0.00791000016,0.84000,
,,, 0.00791199971,0.80000,
,,, 0.00791400019,0.84000,
,,, 0.00791599974,0.80000,
,,, 0.00791800022,0.80000,
,,, 0.00791999977,0.84000,
,,, 0.00792200025,0.80000,
,,, 0.00792399980,0.88000,
,,, 0.00792600028,0.80000,
,,, 0.00792799983,0.80000,
,,, 0.00793000031,0.80000,
,,, 0.00793199986,0.84000,
,,, 0.00793400034,0.84000,
,,, 0.00793599989,0.88000,
,,, 0.00793800037,0.84000,
,,, 0.00793999992,0.84000,
,,, 0.00794200040,0.80000,
,,, 0.00794399995,0.80000,
,,, 0.00794600043,0.84000,
,,, 0.00794799998,0.84000,
,,, 0.00794999953,0.84000,
,,, 0.00795200001,0.84000,
,,, 0.00795399956,0.80000,
,,, 0.00795600004,0.84000,
,,, 0.00795799959,0.80000,
,,, 0.00796000008,0.80000,
,,, 0.00796199962,0.84000,
,,, 0.00796400011,0.84000,
,,, 0.00796599966,0.84000,
,,, 0.00796800014,0.80000,
,,, 0.00796999969,0.84000,
,,, 0.00797200017,0.84000,
,,, 0.00797399972,0.80000,
,,, 0.00797600020,0.84000,
,,, 0.00797799975,0.80000,
,,, 0.00798000023,0.84000,
,,, 0.00798199978,0.84000,
,,, 0.00798400026,0.80000,
,,, 0.00798599981,0.80000,
,,, 0.00798800029,0.84000,
,,, 0.00798999984,0.80000,
,,, 0.00799200032,0.72000,
,,, 0.00799399987,0.68000,
,,, 0.00799600035,0.64000,
,,, 0.00799799990,0.72000,
